ISO-10303-21;
HEADER;
FILE_DESCRIPTION (( 'STEP AP214' ),
    '1' );
FILE_NAME ('ÓÒ²à°å.STEP',
    '2026-03-19T11:00:41',
    ( '' ),
    ( '' ),
    'SwSTEP 2.0',
    'SolidWorks 2023',
    '' );
FILE_SCHEMA (( 'AUTOMOTIVE_DESIGN' ));
ENDSEC;

DATA;
#1 = DIRECTION ( 'NONE',  ( 1.000000000000000000, 1.239088197126290570E-16, -0.000000000000000000 ) ) ;
#2 = CIRCLE ( 'NONE', #4945, 3.750000000000001776 ) ;
#3 = CARTESIAN_POINT ( 'NONE',  ( 1.000000000000000888, -19.00000000000000355, 17.54168760482228606 ) ) ;
#4 = DIRECTION ( 'NONE',  ( 4.336808689942018229E-16, -1.000000000000000000, 0.000000000000000000 ) ) ;
#5 = EDGE_CURVE ( 'NONE', #5269, #5020, #1406, .T. ) ;
#6 = VERTEX_POINT ( 'NONE', #730 ) ;
#7 = VERTEX_POINT ( 'NONE', #4688 ) ;
#8 = AXIS2_PLACEMENT_3D ( 'NONE', #5766, #813, #4770 ) ;
#9 = DIRECTION ( 'NONE',  ( -1.000000000000000000, 0.000000000000000000, 0.000000000000000000 ) ) ;
#10 = CARTESIAN_POINT ( 'NONE',  ( -0.5000000000000077716, 27.19999999999999574, -11.33700000000000152 ) ) ;
#11 = DIRECTION ( 'NONE',  ( -0.000000000000000000, -1.000000000000000000, -2.168404344971010840E-16 ) ) ;
#12 = ORIENTED_EDGE ( 'NONE', *, *, #3120, .T. ) ;
#13 = DIRECTION ( 'NONE',  ( 0.000000000000000000, 1.000000000000000000, 0.000000000000000000 ) ) ;
#14 = DIRECTION ( 'NONE',  ( -1.000000000000000000, -3.252606517456513918E-17, 0.000000000000000000 ) ) ;
#15 = ORIENTED_EDGE ( 'NONE', *, *, #4291, .F. ) ;
#16 = CIRCLE ( 'NONE', #3687, 0.7999999999999986011 ) ;
#17 = EDGE_LOOP ( 'NONE', ( #5629, #1151, #3720, #6017 ) ) ;
#18 = AXIS2_PLACEMENT_3D ( 'NONE', #6457, #3947, #1931 ) ;
#19 = CARTESIAN_POINT ( 'NONE',  ( 0.000000000000000000, 3.100000000000000089, -34.00000000000000000 ) ) ;
#20 = EDGE_CURVE ( 'NONE', #1800, #610, #606, .T. ) ;
#21 = PLANE ( 'NONE',  #687 ) ;
#22 = EDGE_LOOP ( 'NONE', ( #6313, #4032, #1885, #3778, #4290, #1995 ) ) ;
#23 = DIRECTION ( 'NONE',  ( -2.496518160328463930E-17, 2.282530889443167022E-16, -1.000000000000000000 ) ) ;
#24 = VERTEX_POINT ( 'NONE', #4149 ) ;
#25 = DIRECTION ( 'NONE',  ( 0.000000000000000000, 1.000000000000000000, 0.000000000000000000 ) ) ;
#26 = VECTOR ( 'NONE', #2280, 1000.000000000000000 ) ;
#27 = DIRECTION ( 'NONE',  ( 1.000000000000000000, 1.239088197126290570E-16, 0.000000000000000000 ) ) ;
#28 = ORIENTED_EDGE ( 'NONE', *, *, #6148, .F. ) ;
#29 = ORIENTED_EDGE ( 'NONE', *, *, #6532, .T. ) ;
#30 = CARTESIAN_POINT ( 'NONE',  ( 7.000000000000000000, -13.99999999999999645, -34.20000000000000284 ) ) ;
#31 = CARTESIAN_POINT ( 'NONE',  ( 7.000000000000000000, 24.00000000000000000, 47.50000000000000000 ) ) ;
#32 = CARTESIAN_POINT ( 'NONE',  ( 7.000000000000000000, 5.785144316419498445, -29.19999999999999929 ) ) ;
#33 = LINE ( 'NONE', #2480, #4682 ) ;
#34 = ADVANCED_FACE ( 'NONE', ( #4750 ), #230, .T. ) ;
#35 = CYLINDRICAL_SURFACE ( 'NONE', #365, 0.7999999999999986011 ) ;
#36 = AXIS2_PLACEMENT_3D ( 'NONE', #2644, #5116, #98 ) ;
#37 = EDGE_CURVE ( 'NONE', #4836, #413, #6144, .T. ) ;
#38 = LINE ( 'NONE', #3030, #3299 ) ;
#39 = CARTESIAN_POINT ( 'NONE',  ( 4.000000000000000000, -6.499999999999999112, 15.34168760482228500 ) ) ;
#40 = VECTOR ( 'NONE', #6452, 1000.000000000000000 ) ;
#41 = AXIS2_PLACEMENT_3D ( 'NONE', #6376, #6308, #1846 ) ;
#42 = ORIENTED_EDGE ( 'NONE', *, *, #2314, .T. ) ;
#43 = AXIS2_PLACEMENT_3D ( 'NONE', #5492, #414, #525 ) ;
#44 = CYLINDRICAL_SURFACE ( 'NONE', #595, 0.8000000000000003775 ) ;
#45 = DIRECTION ( 'NONE',  ( 0.000000000000000000, -1.000000000000000000, 0.000000000000000000 ) ) ;
#46 = VERTEX_POINT ( 'NONE', #2645 ) ;
#47 = FACE_OUTER_BOUND ( 'NONE', #1039, .T. ) ;
#48 = VECTOR ( 'NONE', #4818, 1000.000000000000000 ) ;
#49 = LINE ( 'NONE', #5273, #3065 ) ;
#50 = ORIENTED_EDGE ( 'NONE', *, *, #3717, .F. ) ;
#51 = ORIENTED_EDGE ( 'NONE', *, *, #2346, .F. ) ;
#52 = CIRCLE ( 'NONE', #5847, 2.050000000000003375 ) ;
#53 = VECTOR ( 'NONE', #1937, 1000.000000000000000 ) ;
#54 = CARTESIAN_POINT ( 'NONE',  ( -0.5000000000000086597, 20.99999999999999645, -21.33700000000000330 ) ) ;
#55 = CARTESIAN_POINT ( 'NONE',  ( 4.225000000000000533, -13.99999999999999822, -19.59999999999999787 ) ) ;
#56 = ORIENTED_EDGE ( 'NONE', *, *, #6246, .F. ) ;
#57 = CARTESIAN_POINT ( 'NONE',  ( 4.000000000000000888, -11.53650156772112467, 15.34168760482228500 ) ) ;
#58 = ORIENTED_EDGE ( 'NONE', *, *, #5938, .T. ) ;
#59 = CARTESIAN_POINT ( 'NONE',  ( 4.000000000000000000, -11.53650156772112467, 14.54168760482228606 ) ) ;
#60 = DIRECTION ( 'NONE',  ( 0.000000000000000000, 0.000000000000000000, 1.000000000000000000 ) ) ;
#61 = VERTEX_POINT ( 'NONE', #5638 ) ;
#62 = ORIENTED_EDGE ( 'NONE', *, *, #2453, .T. ) ;
#63 = ADVANCED_FACE ( 'NONE', ( #1123 ), #3126, .T. ) ;
#64 = CARTESIAN_POINT ( 'NONE',  ( 4.500000000000000888, 15.49999999999999645, 17.80000000000000071 ) ) ;
#65 = LINE ( 'NONE', #31, #5954 ) ;
#66 = LINE ( 'NONE', #4479, #5017 ) ;
#67 = LINE ( 'NONE', #6465, #2254 ) ;
#68 = CARTESIAN_POINT ( 'NONE',  ( -3.275000000000008349, 27.19999999999999574, -16.33699999999999974 ) ) ;
#69 = CARTESIAN_POINT ( 'NONE',  ( 3.500000000000000444, -15.99999999999998934, -20.05000000000000426 ) ) ;
#70 = EDGE_CURVE ( 'NONE', #1706, #4463, #6258, .T. ) ;
#71 = CYLINDRICAL_SURFACE ( 'NONE', #2928, 0.8000000000000003775 ) ;
#72 = ORIENTED_EDGE ( 'NONE', *, *, #3936, .T. ) ;
#73 = DIRECTION ( 'NONE',  ( 1.000000000000000000, 3.469446951953611107E-17, -0.000000000000000000 ) ) ;
#74 = CARTESIAN_POINT ( 'NONE',  ( 21.41522322567242398, -12.19999999999999929, -18.40000000000000568 ) ) ;
#75 = EDGE_CURVE ( 'NONE', #3049, #5216, #5997, .T. ) ;
#76 = ORIENTED_EDGE ( 'NONE', *, *, #6347, .F. ) ;
#77 = CARTESIAN_POINT ( 'NONE',  ( -3.275000000000009681, 16.99999999999999645, -29.19999999999999929 ) ) ;
#78 = PRODUCT_DEFINITION_SHAPE ( 'NONE', 'NONE',  #2615 ) ;
#79 = CARTESIAN_POINT ( 'NONE',  ( 0.4999999999999995559, -15.53963716630351577, 42.90613933192071983 ) ) ;
#80 = VERTEX_POINT ( 'NONE', #5454 ) ;
#81 = EDGE_CURVE ( 'NONE', #4534, #563, #2065, .T. ) ;
#82 = DIRECTION ( 'NONE',  ( -0.000000000000000000, 1.000000000000000000, 0.000000000000000000 ) ) ;
#83 = CARTESIAN_POINT ( 'NONE',  ( 3.500000000000000888, -22.49999999999999289, -15.95000000000000639 ) ) ;
#84 = ORIENTED_EDGE ( 'NONE', *, *, #306, .T. ) ;
#85 = DIRECTION ( 'NONE',  ( 1.057758217059028854E-16, -1.000000000000000000, 0.000000000000000000 ) ) ;
#86 = ORIENTED_EDGE ( 'NONE', *, *, #6521, .F. ) ;
#87 = CARTESIAN_POINT ( 'NONE',  ( 0.4999999999999996669, -18.33673903370881320, 4.000000000000002665 ) ) ;
#88 = CARTESIAN_POINT ( 'NONE',  ( 4.225000000000000533, -14.49999999999999645, -31.09999999999999432 ) ) ;
#89 = ORIENTED_EDGE ( 'NONE', *, *, #5, .F. ) ;
#90 = EDGE_CURVE ( 'NONE', #2865, #1030, #1545, .T. ) ;
#91 = ORIENTED_EDGE ( 'NONE', *, *, #1046, .T. ) ;
#92 = DIRECTION ( 'NONE',  ( -1.000000000000000000, -3.469446951953611107E-17, 0.000000000000000000 ) ) ;
#93 = LINE ( 'NONE', #1018, #2477 ) ;
#94 = DIRECTION ( 'NONE',  ( -1.000000000000000000, 0.000000000000000000, 0.000000000000000000 ) ) ;
#95 = LINE ( 'NONE', #5735, #4544 ) ;
#96 = AXIS2_PLACEMENT_3D ( 'NONE', #574, #5473, #4518 ) ;
#97 = VECTOR ( 'NONE', #1374, 1000.000000000000114 ) ;
#98 = DIRECTION ( 'NONE',  ( 0.000000000000000000, 1.000000000000000000, 0.000000000000000000 ) ) ;
#99 = ORIENTED_EDGE ( 'NONE', *, *, #3096, .T. ) ;
#100 = DIRECTION ( 'NONE',  ( 9.306456416184587030E-17, 0.000000000000000000, 1.000000000000000000 ) ) ;
#101 = ADVANCED_FACE ( 'NONE', ( #4570 ), #4929, .F. ) ;
#102 = DIRECTION ( 'NONE',  ( 1.000000000000000000, 1.239088197126290570E-16, 0.000000000000000000 ) ) ;
#103 = ORIENTED_EDGE ( 'NONE', *, *, #2532, .T. ) ;
#104 = VECTOR ( 'NONE', #1696, 1000.000000000000000 ) ;
#105 = CIRCLE ( 'NONE', #5263, 0.8000000000000003775 ) ;
#106 = CARTESIAN_POINT ( 'NONE',  ( 7.000000000000000000, -22.49999999999998579, -40.99999999999999289 ) ) ;
#107 = CARTESIAN_POINT ( 'NONE',  ( 1.225000000000000089, -10.99999999999999467, -29.20000000000000284 ) ) ;
#108 = VERTEX_POINT ( 'NONE', #975 ) ;
#109 = CARTESIAN_POINT ( 'NONE',  ( 0.4999999999999983902, -8.318665654899097817, 17.01605135672935631 ) ) ;
#110 = EDGE_CURVE ( 'NONE', #5759, #4008, #3940, .T. ) ;
#111 = AXIS2_PLACEMENT_3D ( 'NONE', #5042, #1517, #531 ) ;
#112 = EDGE_LOOP ( 'NONE', ( #442, #5252, #3909, #1201, #1293 ) ) ;
#113 = EDGE_CURVE ( 'NONE', #341, #2293, #5963, .T. ) ;
#114 = AXIS2_PLACEMENT_3D ( 'NONE', #1192, #3198, #5217 ) ;
#115 = DIRECTION ( 'NONE',  ( 0.000000000000000000, 1.000000000000000000, 0.000000000000000000 ) ) ;
#116 = DIRECTION ( 'NONE',  ( 1.000000000000000000, 1.239088197126290570E-16, 0.000000000000000000 ) ) ;
#117 = ORIENTED_EDGE ( 'NONE', *, *, #4674, .F. ) ;
#118 = CARTESIAN_POINT ( 'NONE',  ( -3.275000000000007905, 22.00000000000000000, -11.20000000000000107 ) ) ;
#119 = ORIENTED_EDGE ( 'NONE', *, *, #2999, .T. ) ;
#120 = CARTESIAN_POINT ( 'NONE',  ( -0.5000000000000082157, 27.19999999999999574, -16.33699999999999974 ) ) ;
#121 = VECTOR ( 'NONE', #378, 999.9999999999998863 ) ;
#122 = DIRECTION ( 'NONE',  ( -1.000000000000000000, -3.469446951953611107E-17, 0.000000000000000000 ) ) ;
#123 = VERTEX_POINT ( 'NONE', #522 ) ;
#124 = VECTOR ( 'NONE', #2338, 1000.000000000000000 ) ;
#125 = ADVANCED_FACE ( 'NONE', ( #1572 ), #3436, .T. ) ;
#126 = ORIENTED_EDGE ( 'NONE', *, *, #5317, .T. ) ;
#127 = DIRECTION ( 'NONE',  ( 1.176334233040897669E-17, -0.3390552584695135652, 0.9407664597040922283 ) ) ;
#128 = AXIS2_PLACEMENT_3D ( 'NONE', #4279, #3379, #1769 ) ;
#129 = CARTESIAN_POINT ( 'NONE',  ( 7.000000000000000000, 0.000000000000000000, 1.600000000000000089 ) ) ;
#130 = DIRECTION ( 'NONE',  ( 0.000000000000000000, -1.000000000000000000, -2.168404344971010594E-16 ) ) ;
#131 = ADVANCED_FACE ( 'NONE', ( #2028 ), #2502, .F. ) ;
#132 = DIRECTION ( 'NONE',  ( 0.000000000000000000, -1.000000000000000000, 0.000000000000000000 ) ) ;
#133 = ORIENTED_EDGE ( 'NONE', *, *, #6050, .T. ) ;
#134 = ORIENTED_EDGE ( 'NONE', *, *, #2214, .F. ) ;
#135 = DIRECTION ( 'NONE',  ( 0.000000000000000000, -1.000000000000000000, 0.000000000000000000 ) ) ;
#136 = CARTESIAN_POINT ( 'NONE',  ( 7.000000000000000000, 0.000000000000000000, 0.000000000000000000 ) ) ;
#137 = ORIENTED_EDGE ( 'NONE', *, *, #5534, .T. ) ;
#138 = CARTESIAN_POINT ( 'NONE',  ( 3.999999999999999112, 1.322726650432315163E-16, 0.000000000000000000 ) ) ;
#139 = EDGE_CURVE ( 'NONE', #1221, #1099, #4503, .T. ) ;
#140 = DIRECTION ( 'NONE',  ( 0.000000000000000000, 0.000000000000000000, -1.000000000000000000 ) ) ;
#141 = AXIS2_PLACEMENT_3D ( 'NONE', #2706, #665, #4684 ) ;
#142 = VERTEX_POINT ( 'NONE', #1040 ) ;
#143 = PLANE ( 'NONE',  #1788 ) ;
#144 = EDGE_LOOP ( 'NONE', ( #1460, #2528, #2425, #6322 ) ) ;
#145 = DIRECTION ( 'NONE',  ( 0.000000000000000000, 0.000000000000000000, 1.000000000000000000 ) ) ;
#146 = CARTESIAN_POINT ( 'NONE',  ( 6.999999999999999112, -22.50000000000001421, 75.00000000000000000 ) ) ;
#147 = VECTOR ( 'NONE', #3489, 1000.000000000000000 ) ;
#148 = CIRCLE ( 'NONE', #4887, 0.8000000000000003775 ) ;
#149 = ORIENTED_EDGE ( 'NONE', *, *, #3171, .F. ) ;
#150 = CARTESIAN_POINT ( 'NONE',  ( 0.5000000000000004441, -7.299999999999999822, 4.000000000000002665 ) ) ;
#151 = ORIENTED_EDGE ( 'NONE', *, *, #4624, .F. ) ;
#152 = EDGE_CURVE ( 'NONE', #580, #6498, #5643, .T. ) ;
#153 = DIRECTION ( 'NONE',  ( -0.000000000000000000, -1.000000000000000000, -2.168404344971010840E-16 ) ) ;
#154 = ADVANCED_FACE ( 'NONE', ( #4007 ), #5490, .T. ) ;
#155 = CARTESIAN_POINT ( 'NONE',  ( 4.000000000000003553, -7.299999999999998934, 4.800000000000002487 ) ) ;
#156 = VECTOR ( 'NONE', #1072, 1000.000000000000000 ) ;
#157 = EDGE_LOOP ( 'NONE', ( #559, #4797, #2765, #1348 ) ) ;
#158 = EDGE_CURVE ( 'NONE', #1636, #593, #1961, .T. ) ;
#159 = CIRCLE ( 'NONE', #2781, 0.7999999999999986011 ) ;
#160 = VERTEX_POINT ( 'NONE', #1510 ) ;
#161 = DIRECTION ( 'NONE',  ( 0.000000000000000000, -1.000000000000000000, 0.000000000000000000 ) ) ;
#162 = EDGE_CURVE ( 'NONE', #6, #1648, #3975, .T. ) ;
#163 = VECTOR ( 'NONE', #520, 1000.000000000000000 ) ;
#164 = ADVANCED_FACE ( 'NONE', ( #1994 ), #558, .F. ) ;
#165 = DIRECTION ( 'NONE',  ( 0.000000000000000000, 1.000000000000000000, 0.000000000000000000 ) ) ;
#166 = FACE_OUTER_BOUND ( 'NONE', #2963, .T. ) ;
#167 = CYLINDRICAL_SURFACE ( 'NONE', #36, 0.8000000000000003775 ) ;
#168 = ORIENTED_EDGE ( 'NONE', *, *, #139, .F. ) ;
#169 = VERTEX_POINT ( 'NONE', #3016 ) ;
#170 = EDGE_CURVE ( 'NONE', #4283, #6448, #5321, .T. ) ;
#171 = CARTESIAN_POINT ( 'NONE',  ( 1.000000000000000000, -19.00000000000000355, 4.000000000000002665 ) ) ;
#172 = CARTESIAN_POINT ( 'NONE',  ( 4.000000000000000000, -4.499999999999998224, -4.000000000000000000 ) ) ;
#173 = ADVANCED_FACE ( 'NONE', ( #4163 ), #2222, .F. ) ;
#174 = VERTEX_POINT ( 'NONE', #5161 ) ;
#175 = LINE ( 'NONE', #2182, #2044 ) ;
#176 = EDGE_CURVE ( 'NONE', #2873, #5166, #4102, .T. ) ;
#177 = ORIENTED_EDGE ( 'NONE', *, *, #5754, .F. ) ;
#178 = PLANE ( 'NONE',  #3260 ) ;
#179 = ORIENTED_EDGE ( 'NONE', *, *, #2314, .F. ) ;
#180 = CARTESIAN_POINT ( 'NONE',  ( 7.002000000000005109, -10.42530236141373834, 42.25511610993393674 ) ) ;
#181 = CARTESIAN_POINT ( 'NONE',  ( 1.000000000000000000, -8.318665654899099593, 17.01605135672935631 ) ) ;
#182 = ORIENTED_EDGE ( 'NONE', *, *, #393, .T. ) ;
#183 = CARTESIAN_POINT ( 'NONE',  ( 0.9999999999999995559, -18.20000000000000284, 59.65831239517769546 ) ) ;
#184 = ORIENTED_EDGE ( 'NONE', *, *, #1535, .F. ) ;
#185 = FACE_OUTER_BOUND ( 'NONE', #3508, .T. ) ;
#186 = DIRECTION ( 'NONE',  ( 0.000000000000000000, -1.000000000000000000, 0.000000000000000000 ) ) ;
#187 = ORIENTED_EDGE ( 'NONE', *, *, #3646, .F. ) ;
#188 = VERTEX_POINT ( 'NONE', #4635 ) ;
#189 = CARTESIAN_POINT ( 'NONE',  ( 0.9999999999999991118, 4.499999999999997335, 14.00000000000000178 ) ) ;
#190 = FACE_OUTER_BOUND ( 'NONE', #4732, .T. ) ;
#191 = CARTESIAN_POINT ( 'NONE',  ( 7.000000000000000000, 0.000000000000000000, 0.000000000000000000 ) ) ;
#192 = DIRECTION ( 'NONE',  ( -1.000000000000000000, -3.469446951953612956E-17, 0.000000000000000000 ) ) ;
#193 = EDGE_CURVE ( 'NONE', #1215, #2283, #5053, .T. ) ;
#194 = ORIENTED_EDGE ( 'NONE', *, *, #2639, .T. ) ;
#195 = EDGE_CURVE ( 'NONE', #5300, #811, #6192, .T. ) ;
#196 = ORIENTED_EDGE ( 'NONE', *, *, #5265, .F. ) ;
#197 = CARTESIAN_POINT ( 'NONE',  ( 2.724999999999999645, -10.99999999999999822, -31.59999999999999787 ) ) ;
#198 = AXIS2_PLACEMENT_3D ( 'NONE', #4552, #1458, #3555 ) ;
#199 = LINE ( 'NONE', #639, #1070 ) ;
#200 = CARTESIAN_POINT ( 'NONE',  ( 7.000000000000000000, -12.75000000000000000, 39.00000000000000000 ) ) ;
#201 = ORIENTED_EDGE ( 'NONE', *, *, #1501, .F. ) ;
#202 = ADVANCED_FACE ( 'NONE', ( #1664, #4227 ), #1601, .T. ) ;
#203 = DIRECTION ( 'NONE',  ( 0.000000000000000000, 0.000000000000000000, -1.000000000000000000 ) ) ;
#204 = ORIENTED_EDGE ( 'NONE', *, *, #5330, .F. ) ;
#205 = CARTESIAN_POINT ( 'NONE',  ( 4.225000000000000533, -7.828427124746198729, -37.00000000000000000 ) ) ;
#206 = VERTEX_POINT ( 'NONE', #3734 ) ;
#207 = AXIS2_PLACEMENT_3D ( 'NONE', #4709, #5194, #1205 ) ;
#208 = CARTESIAN_POINT ( 'NONE',  ( -64.14711903867025455, -18.12982544119417483, 55.54168760482228606 ) ) ;
#209 = DIRECTION ( 'NONE',  ( -1.000000000000000000, -1.239088197126290570E-16, 0.000000000000000000 ) ) ;
#210 = ORIENTED_EDGE ( 'NONE', *, *, #4297, .F. ) ;
#211 = AXIS2_PLACEMENT_3D ( 'NONE', #3302, #807, #2842 ) ;
#212 = DIRECTION ( 'NONE',  ( -1.000000000000000000, 0.000000000000000000, 0.000000000000000000 ) ) ;
#213 = EDGE_LOOP ( 'NONE', ( #5098, #1065, #2588, #2082 ) ) ;
#214 = AXIS2_PLACEMENT_3D ( 'NONE', #340, #805, #2812 ) ;
#215 = ADVANCED_FACE ( 'NONE', ( #1167 ), #3600, .T. ) ;
#216 = DIRECTION ( 'NONE',  ( -1.000000000000000000, -1.239088197126290570E-16, 0.000000000000000000 ) ) ;
#217 = DIRECTION ( 'NONE',  ( -1.355252715606883008E-16, 1.000000000000000000, 0.000000000000000000 ) ) ;
#218 = VERTEX_POINT ( 'NONE', #6162 ) ;
#219 = ORIENTED_EDGE ( 'NONE', *, *, #5434, .T. ) ;
#220 = EDGE_CURVE ( 'NONE', #5531, #6125, #5655, .T. ) ;
#221 = CARTESIAN_POINT ( 'NONE',  ( 4.000000000000000000, -8.052613167763272628, 50.55901252708741822 ) ) ;
#222 = EDGE_CURVE ( 'NONE', #2764, #4608, #5758, .T. ) ;
#223 = PLANE ( 'NONE',  #3289 ) ;
#224 = DIRECTION ( 'NONE',  ( 1.000000000000000000, -0.000000000000000000, -9.757819552369542371E-17 ) ) ;
#225 = LINE ( 'NONE', #4614, #6139 ) ;
#226 = VECTOR ( 'NONE', #5957, 1000.000000000000000 ) ;
#227 = CARTESIAN_POINT ( 'NONE',  ( 7.001000000000002110, -8.828427124746184518, -38.00000000000000000 ) ) ;
#228 = ORIENTED_EDGE ( 'NONE', *, *, #4740, .F. ) ;
#229 = AXIS2_PLACEMENT_3D ( 'NONE', #1736, #3124, #2234 ) ;
#230 = PLANE ( 'NONE',  #4038 ) ;
#231 = LINE ( 'NONE', #2238, #1101 ) ;
#232 = DIRECTION ( 'NONE',  ( -1.000000000000000000, -3.252606517456513918E-17, -0.000000000000000000 ) ) ;
#233 = EDGE_CURVE ( 'NONE', #2377, #5759, #716, .T. ) ;
#234 = EDGE_CURVE ( 'NONE', #2636, #5668, #4669, .T. ) ;
#235 = CARTESIAN_POINT ( 'NONE',  ( 4.225000000000000533, -3.000000000000000888, -19.59999999999999787 ) ) ;
#236 = EDGE_CURVE ( 'NONE', #4307, #286, #1109, .T. ) ;
#237 = CARTESIAN_POINT ( 'NONE',  ( 4.000000000000003553, -18.20000000000000284, 27.71223167968817336 ) ) ;
#238 = ORIENTED_EDGE ( 'NONE', *, *, #1948, .F. ) ;
#239 = DIRECTION ( 'NONE',  ( 4.499821325281052802E-17, -0.3390552584695131766, 0.9407664597040923393 ) ) ;
#240 = VERTEX_POINT ( 'NONE', #683 ) ;
#241 = DIRECTION ( 'NONE',  ( -1.000000000000000000, -3.469446951953611107E-17, 0.000000000000000000 ) ) ;
#242 = AXIS2_PLACEMENT_3D ( 'NONE', #3045, #1106, #2126 ) ;
#243 = VERTEX_POINT ( 'NONE', #1202 ) ;
#244 = LINE ( 'NONE', #2258, #803 ) ;
#245 = ORIENTED_EDGE ( 'NONE', *, *, #5032, .T. ) ;
#246 = CIRCLE ( 'NONE', #3924, 2.050000000000010036 ) ;
#247 = LINE ( 'NONE', #6255, #1042 ) ;
#248 = EDGE_CURVE ( 'NONE', #4185, #123, #5061, .T. ) ;
#249 = DIRECTION ( 'NONE',  ( 1.000000000000000000, 1.239088197126290570E-16, 0.000000000000000000 ) ) ;
#250 = EDGE_LOOP ( 'NONE', ( #3119, #4492, #182, #6027 ) ) ;
#251 = AXIS2_PLACEMENT_3D ( 'NONE', #4468, #6491, #5589 ) ;
#252 = CIRCLE ( 'NONE', #3926, 0.8000000000000003775 ) ;
#253 = ORIENTED_EDGE ( 'NONE', *, *, #5821, .T. ) ;
#254 = VECTOR ( 'NONE', #1525, 1000.000000000000000 ) ;
#255 = AXIS2_PLACEMENT_3D ( 'NONE', #857, #4911, #2407 ) ;
#256 = LINE ( 'NONE', #844, #5301 ) ;
#257 = CARTESIAN_POINT ( 'NONE',  ( 0.5000000000000005551, -7.299999999999999822, 66.00000000000000000 ) ) ;
#258 = EDGE_LOOP ( 'NONE', ( #3322, #1437, #4435, #5996 ) ) ;
#259 = DIRECTION ( 'NONE',  ( -1.000000000000000000, -1.239088197126290570E-16, 6.270397653133600026E-34 ) ) ;
#260 = AXIS2_PLACEMENT_3D ( 'NONE', #1741, #668, #1153 ) ;
#261 = DIRECTION ( 'NONE',  ( 1.165692616471626958E-16, -0.9407664597040923393, -0.3390552584695132876 ) ) ;
#262 = CARTESIAN_POINT ( 'NONE',  ( 3.000000000000000000, 6.499999999999996447, 47.50000000000000000 ) ) ;
#263 = VECTOR ( 'NONE', #410, 1000.000000000000000 ) ;
#264 = PLANE ( 'NONE',  #5508 ) ;
#265 = ORIENTED_EDGE ( 'NONE', *, *, #2520, .F. ) ;
#266 = CIRCLE ( 'NONE', #4793, 1.650000000000000355 ) ;
#267 = EDGE_LOOP ( 'NONE', ( #2719, #859, #5772, #6074 ) ) ;
#268 = CARTESIAN_POINT ( 'NONE',  ( 2.725000000000000533, -0.9999999999999941158, -34.20000000000000284 ) ) ;
#269 = CARTESIAN_POINT ( 'NONE',  ( 7.000000000000000000, 18.99999999999999645, 52.86184355012335345 ) ) ;
#270 = DIRECTION ( 'NONE',  ( 1.000000000000000000, 3.129951135296190967E-17, -0.000000000000000000 ) ) ;
#271 = EDGE_CURVE ( 'NONE', #4043, #1428, #3635, .T. ) ;
#272 = CARTESIAN_POINT ( 'NONE',  ( 3.499999999999995115, -22.50000000000000000, 19.99999999999999289 ) ) ;
#273 = ORIENTED_EDGE ( 'NONE', *, *, #4907, .F. ) ;
#274 = DIRECTION ( 'NONE',  ( 1.000000000000000000, 1.239088197126290570E-16, 0.000000000000000000 ) ) ;
#275 = EDGE_LOOP ( 'NONE', ( #4821, #5390, #1216, #4987 ) ) ;
#276 = ADVANCED_FACE ( 'NONE', ( #2095 ), #5133, .F. ) ;
#277 = AXIS2_PLACEMENT_3D ( 'NONE', #3461, #3498, #5518 ) ;
#278 = LINE ( 'NONE', #5187, #2468 ) ;
#279 = EDGE_CURVE ( 'NONE', #2096, #243, #2662, .T. ) ;
#280 = CARTESIAN_POINT ( 'NONE',  ( -64.14711903867025455, -8.170174558805841869, 56.34168760482229033 ) ) ;
#281 = EDGE_LOOP ( 'NONE', ( #904, #4094 ) ) ;
#282 = CARTESIAN_POINT ( 'NONE',  ( 0.000000000000000000, 6.500000000000000000, -29.19999999999999929 ) ) ;
#283 = EDGE_LOOP ( 'NONE', ( #5683, #6257, #2919, #2630 ) ) ;
#284 = DIRECTION ( 'NONE',  ( 1.000000000000000000, 3.252606517456513918E-17, 4.636167053988480905E-17 ) ) ;
#285 = LINE ( 'NONE', #5254, #5172 ) ;
#286 = VERTEX_POINT ( 'NONE', #4705 ) ;
#287 = ORIENTED_EDGE ( 'NONE', *, *, #1396, .F. ) ;
#288 = CIRCLE ( 'NONE', #5653, 0.8000000000000003775 ) ;
#289 = CARTESIAN_POINT ( 'NONE',  ( 0.9999999999999997780, -7.417561391042561070, 22.72955660195331262 ) ) ;
#290 = LINE ( 'NONE', #4978, #2496 ) ;
#291 = VERTEX_POINT ( 'NONE', #183 ) ;
#292 = CYLINDRICAL_SURFACE ( 'NONE', #2875, 0.8000000000000003775 ) ;
#293 = LINE ( 'NONE', #6265, #6006 ) ;
#294 = DIRECTION ( 'NONE',  ( -1.355252715606879803E-16, 1.000000000000000000, 0.000000000000000000 ) ) ;
#295 = CARTESIAN_POINT ( 'NONE',  ( 4.000000000000000000, -7.299999999999998934, 27.71223167968819823 ) ) ;
#296 = VERTEX_POINT ( 'NONE', #4194 ) ;
#297 = LINE ( 'NONE', #6364, #2050 ) ;
#298 = DIRECTION ( 'NONE',  ( -1.355252715606883008E-16, 1.000000000000000000, 0.000000000000000000 ) ) ;
#299 = DIRECTION ( 'NONE',  ( 1.000000000000000000, 1.239088197126290817E-16, 6.270397653133593184E-34 ) ) ;
#300 = ADVANCED_FACE ( 'NONE', ( #4357, #3266, #4798, #5251, #837, #3761, #6312, #2324, #1816, #4289, #1751, #3796, #774 ), #5349, .F. ) ;
#301 = CARTESIAN_POINT ( 'NONE',  ( 4.000000000000000000, -17.00122895812818058, 52.27044339804668027 ) ) ;
#302 = ORIENTED_EDGE ( 'NONE', *, *, #220, .T. ) ;
#303 = CARTESIAN_POINT ( 'NONE',  ( -4.500000000000002665, 21.44026204433287219, 45.11300573978120809 ) ) ;
#304 = ADVANCED_FACE ( 'NONE', ( #2292 ), #4390, .T. ) ;
#305 = ORIENTED_EDGE ( 'NONE', *, *, #6396, .T. ) ;
#306 = EDGE_CURVE ( 'NONE', #243, #1226, #5382, .T. ) ;
#307 = VECTOR ( 'NONE', #5692, 1000.000000000000000 ) ;
#308 = DIRECTION ( 'NONE',  ( -0.000000000000000000, 0.000000000000000000, -1.000000000000000000 ) ) ;
#309 = AXIS2_PLACEMENT_3D ( 'NONE', #5079, #2640, #5732 ) ;
#310 = CARTESIAN_POINT ( 'NONE',  ( 4.000000000000000000, -13.03637030922739370, 42.98973583661788211 ) ) ;
#311 = ORIENTED_EDGE ( 'NONE', *, *, #735, .F. ) ;
#312 = DIRECTION ( 'NONE',  ( -1.000000000000000000, -3.469446951953612956E-17, 0.000000000000000000 ) ) ;
#313 = CARTESIAN_POINT ( 'NONE',  ( 4.225000000000000533, -13.99999999999999645, -34.20000000000000284 ) ) ;
#314 = EDGE_LOOP ( 'NONE', ( #513, #1436, #6247, #338 ) ) ;
#315 = ADVANCED_FACE ( 'NONE', ( #2392 ), #2357, .F. ) ;
#316 = VERTEX_POINT ( 'NONE', #2748 ) ;
#317 = CARTESIAN_POINT ( 'NONE',  ( 0.4999999999999992784, -14.78702399854024385, 43.17738353869633983 ) ) ;
#318 = VECTOR ( 'NONE', #5883, 1000.000000000000000 ) ;
#319 = DIRECTION ( 'NONE',  ( -1.000000000000000000, -3.469446951953611107E-17, 0.000000000000000000 ) ) ;
#320 = ORIENTED_EDGE ( 'NONE', *, *, #4593, .F. ) ;
#321 = CARTESIAN_POINT ( 'NONE',  ( 1.999999999999999112, 6.499999999999996447, 14.00000000000000178 ) ) ;
#322 = CARTESIAN_POINT ( 'NONE',  ( 0.4999999999999990563, -13.00000000000000178, -4.800000000000000711 ) ) ;
#323 = DIRECTION ( 'NONE',  ( -1.000000000000000000, 6.505213034913025371E-17, 0.000000000000000000 ) ) ;
#324 = VECTOR ( 'NONE', #2880, 1000.000000000000000 ) ;
#325 = VERTEX_POINT ( 'NONE', #282 ) ;
#326 = DIRECTION ( 'NONE',  ( 0.000000000000000000, 0.000000000000000000, -1.000000000000000000 ) ) ;
#327 = ORIENTED_EDGE ( 'NONE', *, *, #3409, .F. ) ;
#328 = DIRECTION ( 'NONE',  ( 1.000000000000000000, 1.239088197126290570E-16, -6.270397653133597461E-34 ) ) ;
#329 = CARTESIAN_POINT ( 'NONE',  ( 0.9999999999999995559, -17.32982544119416701, 56.34168760482229743 ) ) ;
#330 = CARTESIAN_POINT ( 'NONE',  ( 0.5000000000000006661, -8.170174558805832987, 56.34168760482229033 ) ) ;
#331 = VECTOR ( 'NONE', #6256, 1000.000000000000000 ) ;
#332 = CIRCLE ( 'NONE', #229, 0.8000000000000003775 ) ;
#333 = EDGE_LOOP ( 'NONE', ( #5728, #4617, #5747, #3205, #2914, #5311, #58, #253, #487, #2948, #4429, #62 ) ) ;
#334 = FACE_OUTER_BOUND ( 'NONE', #213, .T. ) ;
#335 = CARTESIAN_POINT ( 'NONE',  ( 6.999999999999999112, -1.644164868785977118, 75.00000000000000000 ) ) ;
#336 = VECTOR ( 'NONE', #3913, 1000.000000000000000 ) ;
#337 = ORIENTED_EDGE ( 'NONE', *, *, #403, .F. ) ;
#338 = ORIENTED_EDGE ( 'NONE', *, *, #2090, .T. ) ;
#339 = LINE ( 'NONE', #3358, #3610 ) ;
#340 = CARTESIAN_POINT ( 'NONE',  ( 0.4999999999999990563, -12.75000000000000000, 39.00000000000000000 ) ) ;
#341 = VERTEX_POINT ( 'NONE', #1782 ) ;
#342 = CARTESIAN_POINT ( 'NONE',  ( 7.002000000000005997, -18.46851846721101964, 21.65831239517770612 ) ) ;
#343 = DIRECTION ( 'NONE',  ( -1.000000000000000000, -0.000000000000000000, -0.000000000000000000 ) ) ;
#344 = ORIENTED_EDGE ( 'NONE', *, *, #1959, .F. ) ;
#345 = ORIENTED_EDGE ( 'NONE', *, *, #2002, .F. ) ;
#346 = AXIS2_PLACEMENT_3D ( 'NONE', #5129, #3565, #620 ) ;
#347 = LINE ( 'NONE', #4394, #4849 ) ;
#348 = EDGE_CURVE ( 'NONE', #822, #5608, #3233, .T. ) ;
#349 = CARTESIAN_POINT ( 'NONE',  ( 7.002000000000005109, -10.69999999999999751, 39.00000000000000000 ) ) ;
#350 = ORIENTED_EDGE ( 'NONE', *, *, #2701, .T. ) ;
#351 = CARTESIAN_POINT ( 'NONE',  ( 0.5000000000000004441, -19.00000000000000355, 6.896422575144953271 ) ) ;
#352 = PLANE ( 'NONE',  #5783 ) ;
#353 = DIRECTION ( 'NONE',  ( 1.000000000000000000, 1.239088197126290570E-16, 0.000000000000000000 ) ) ;
#354 = EDGE_LOOP ( 'NONE', ( #1441, #2725, #3295, #5342 ) ) ;
#355 = APPLICATION_CONTEXT ( 'automotive_design' ) ;
#356 = DIRECTION ( 'NONE',  ( -3.252606517456513918E-17, 1.000000000000000000, 0.000000000000000000 ) ) ;
#357 = EDGE_LOOP ( 'NONE', ( #1511, #5250, #908, #5003 ) ) ;
#358 = EDGE_CURVE ( 'NONE', #1005, #1988, #869, .T. ) ;
#359 = AXIS2_PLACEMENT_3D ( 'NONE', #4789, #1657, #1744 ) ;
#360 = DIRECTION ( 'NONE',  ( -1.000000000000000000, -3.252606517456513918E-17, 0.000000000000000000 ) ) ;
#361 = VECTOR ( 'NONE', #1901, 1000.000000000000000 ) ;
#362 = CARTESIAN_POINT ( 'NONE',  ( 7.002000000000005109, -13.09364437107287316, 43.78768300394146706 ) ) ;
#363 = LINE ( 'NONE', #4312, #2475 ) ;
#364 = EDGE_CURVE ( 'NONE', #2868, #3393, #4858, .T. ) ;
#365 = AXIS2_PLACEMENT_3D ( 'NONE', #1055, #2962, #4912 ) ;
#366 = CIRCLE ( 'NONE', #2687, 0.8000000000000003775 ) ;
#367 = ORIENTED_EDGE ( 'NONE', *, *, #2532, .F. ) ;
#368 = FACE_OUTER_BOUND ( 'NONE', #2386, .T. ) ;
#369 = DIRECTION ( 'NONE',  ( 1.355252715606881036E-16, -1.000000000000000000, 0.000000000000000000 ) ) ;
#370 = EDGE_CURVE ( 'NONE', #5052, #1079, #3057, .T. ) ;
#371 = VERTEX_POINT ( 'NONE', #3831 ) ;
#372 = ORIENTED_EDGE ( 'NONE', *, *, #3096, .F. ) ;
#373 = EDGE_CURVE ( 'NONE', #5320, #1337, #5261, .T. ) ;
#374 = LINE ( 'NONE', #2388, #5940 ) ;
#375 = CARTESIAN_POINT ( 'NONE',  ( 4.000000000000000000, -13.00000000000000178, -18.40000000000000568 ) ) ;
#376 = ORIENTED_EDGE ( 'NONE', *, *, #4646, .F. ) ;
#377 = DIRECTION ( 'NONE',  ( 0.000000000000000000, -1.000000000000000000, 0.000000000000000000 ) ) ;
#378 = DIRECTION ( 'NONE',  ( 3.856989707383758400E-17, -0.3390552584695135097, -0.9407664597040923393 ) ) ;
#379 = ORIENTED_EDGE ( 'NONE', *, *, #5279, .F. ) ;
#380 = EDGE_LOOP ( 'NONE', ( #5160, #4636, #3387, #2910 ) ) ;
#381 = CYLINDRICAL_SURFACE ( 'NONE', #4459, 0.8000000000000003775 ) ;
#382 = EDGE_LOOP ( 'NONE', ( #4026, #2229, #2066, #2409 ) ) ;
#383 = CARTESIAN_POINT ( 'NONE',  ( 0.4999999999999979461, -4.500000000000000000, -19.20000000000000639 ) ) ;
#384 = VERTEX_POINT ( 'NONE', #2814 ) ;
#385 = CYLINDRICAL_SURFACE ( 'NONE', #3715, 1.649999999999998579 ) ;
#386 = FACE_OUTER_BOUND ( 'NONE', #3725, .T. ) ;
#387 = DIRECTION ( 'NONE',  ( -1.000000000000000000, -0.000000000000000000, 0.000000000000000000 ) ) ;
#388 = VERTEX_POINT ( 'NONE', #4764 ) ;
#389 = ADVANCED_FACE ( 'NONE', ( #1849 ), #4826, .T. ) ;
#390 = CARTESIAN_POINT ( 'NONE',  ( 1.000000000000000000, -17.32982544119417057, 22.45831239517770328 ) ) ;
#391 = DIRECTION ( 'NONE',  ( -1.355252715606883008E-16, 1.000000000000000000, 0.000000000000000000 ) ) ;
#392 = CARTESIAN_POINT ( 'NONE',  ( 0.9999999999999995559, -6.499999999999999112, 15.34168760482228500 ) ) ;
#393 = EDGE_CURVE ( 'NONE', #3307, #4510, #1331, .T. ) ;
#394 = DIRECTION ( 'NONE',  ( -1.000000000000000000, -1.239088197126290570E-16, 0.000000000000000000 ) ) ;
#395 = ORIENTED_EDGE ( 'NONE', *, *, #3787, .T. ) ;
#396 = DIRECTION ( 'NONE',  ( -1.000000000000000000, -3.252606517456513918E-17, -2.535569890667617442E-16 ) ) ;
#397 = DIRECTION ( 'NONE',  ( 0.000000000000000000, 1.000000000000000000, 0.000000000000000000 ) ) ;
#398 = CARTESIAN_POINT ( 'NONE',  ( 0.4999999999999989453, -11.65374246116384782, 43.51643879716585417 ) ) ;
#399 = VERTEX_POINT ( 'NONE', #2874 ) ;
#400 = EDGE_LOOP ( 'NONE', ( #2896, #2699, #3902, #5970, #4067, #3971 ) ) ;
#401 = LINE ( 'NONE', #5951, #2591 ) ;
#402 = CARTESIAN_POINT ( 'NONE',  ( 3.000000000000006217, -22.50000000000001421, 75.00000000000000000 ) ) ;
#403 = EDGE_CURVE ( 'NONE', #4608, #847, #244, .T. ) ;
#404 = ORIENTED_EDGE ( 'NONE', *, *, #1847, .T. ) ;
#405 = DIRECTION ( 'NONE',  ( 0.000000000000000000, -1.084202172485504311E-16, -1.000000000000000000 ) ) ;
#406 = CIRCLE ( 'NONE', #5571, 4.500000000000003553 ) ;
#407 = DIRECTION ( 'NONE',  ( -1.176334233040897669E-17, 0.3390552584695135652, 0.9407664597040922283 ) ) ;
#408 = VERTEX_POINT ( 'NONE', #6285 ) ;
#409 = ORIENTED_EDGE ( 'NONE', *, *, #5678, .T. ) ;
#410 = DIRECTION ( 'NONE',  ( -1.000000000000000000, -1.239088197126290570E-16, 0.000000000000000000 ) ) ;
#411 = ORIENTED_EDGE ( 'NONE', *, *, #3652, .T. ) ;
#412 = DIRECTION ( 'NONE',  ( 0.000000000000000000, -0.3390552584695133431, 0.9407664597040923393 ) ) ;
#413 = VERTEX_POINT ( 'NONE', #5060 ) ;
#414 = DIRECTION ( 'NONE',  ( 1.000000000000000000, 1.239088197126290570E-16, 0.000000000000000000 ) ) ;
#415 = DIRECTION ( 'NONE',  ( -1.000000000000000000, 6.505213034913025371E-17, -0.000000000000000000 ) ) ;
#416 = ORIENTED_EDGE ( 'NONE', *, *, #1083, .F. ) ;
#417 = DIRECTION ( 'NONE',  ( -0.000000000000000000, -0.000000000000000000, 1.000000000000000000 ) ) ;
#418 = ORIENTED_EDGE ( 'NONE', *, *, #2999, .F. ) ;
#419 = VECTOR ( 'NONE', #2505, 1000.000000000000000 ) ;
#420 = EDGE_CURVE ( 'NONE', #6235, #691, #2559, .T. ) ;
#421 = DIRECTION ( 'NONE',  ( -1.000000000000000000, -1.239088197126290817E-16, -6.270397653133596605E-34 ) ) ;
#422 = DIRECTION ( 'NONE',  ( -1.355252715606879803E-16, 1.000000000000000000, 0.000000000000000000 ) ) ;
#423 = VECTOR ( 'NONE', #3114, 1000.000000000000000 ) ;
#424 = AXIS2_PLACEMENT_3D ( 'NONE', #2439, #1017, #5011 ) ;
#425 = DIRECTION ( 'NONE',  ( 0.000000000000000000, -1.000000000000000000, 0.000000000000000000 ) ) ;
#426 = LINE ( 'NONE', #5808, #5621 ) ;
#427 = CIRCLE ( 'NONE', #5805, 0.8000000000000003775 ) ;
#428 = FACE_OUTER_BOUND ( 'NONE', #250, .T. ) ;
#429 = ORIENTED_EDGE ( 'NONE', *, *, #5507, .T. ) ;
#430 = CARTESIAN_POINT ( 'NONE',  ( 4.000000000000000000, -11.53650156772112467, 15.34168760482228500 ) ) ;
#431 = EDGE_CURVE ( 'NONE', #1905, #5624, #2279, .T. ) ;
#432 = DIRECTION ( 'NONE',  ( 2.168404344971009854E-16, -1.000000000000000000, 0.000000000000000000 ) ) ;
#433 = CARTESIAN_POINT ( 'NONE',  ( -4.500000000000002665, 23.99999999999999645, 42.36802285026125503 ) ) ;
#434 = EDGE_CURVE ( 'NONE', #4853, #4602, #4485, .T. ) ;
#435 = VECTOR ( 'NONE', #4122, 1000.000000000000000 ) ;
#436 = EDGE_CURVE ( 'NONE', #4463, #1729, #2939, .T. ) ;
#437 = ORIENTED_EDGE ( 'NONE', *, *, #2160, .F. ) ;
#438 = VERTEX_POINT ( 'NONE', #4527 ) ;
#439 = CARTESIAN_POINT ( 'NONE',  ( 31.65336144876025770, -1.644164868785977118, 75.00000000000000000 ) ) ;
#440 = CARTESIAN_POINT ( 'NONE',  ( 0.9999999999999995559, -6.499999999999999112, 15.34168760482228500 ) ) ;
#441 = EDGE_CURVE ( 'NONE', #5482, #4836, #5448, .T. ) ;
#442 = ORIENTED_EDGE ( 'NONE', *, *, #6446, .T. ) ;
#443 = CYLINDRICAL_SURFACE ( 'NONE', #277, 1.650000000000000355 ) ;
#444 = DIRECTION ( 'NONE',  ( 0.000000000000000000, 1.000000000000000000, 0.000000000000000000 ) ) ;
#445 = ORIENTED_EDGE ( 'NONE', *, *, #2090, .F. ) ;
#446 = ORIENTED_EDGE ( 'NONE', *, *, #3936, .F. ) ;
#447 = CARTESIAN_POINT ( 'NONE',  ( 0.4999999999999994449, -14.78702399854023852, 34.82261646130366017 ) ) ;
#448 = EDGE_CURVE ( 'NONE', #5910, #1138, #4458, .T. ) ;
#449 = VERTEX_POINT ( 'NONE', #548 ) ;
#450 = DIRECTION ( 'NONE',  ( -0.000000000000000000, 0.000000000000000000, -1.000000000000000000 ) ) ;
#451 = ORIENTED_EDGE ( 'NONE', *, *, #4676, .T. ) ;
#452 = DIRECTION ( 'NONE',  ( -1.000000000000000000, -0.000000000000000000, -0.000000000000000000 ) ) ;
#453 = ADVANCED_FACE ( 'NONE', ( #47 ), #443, .F. ) ;
#454 = DIRECTION ( 'NONE',  ( 1.000000000000000000, 0.000000000000000000, -9.306456416184587030E-17 ) ) ;
#455 = EDGE_LOOP ( 'NONE', ( #1987, #4706, #12, #2969 ) ) ;
#456 = EDGE_LOOP ( 'NONE', ( #871, #3043, #5275, #3648, #5869, #3334, #6100 ) ) ;
#457 = CARTESIAN_POINT ( 'NONE',  ( 4.500000000000000888, 11.74999999999999645, -14.20000000000000284 ) ) ;
#458 = AXIS2_PLACEMENT_3D ( 'NONE', #1088, #6234, #3125 ) ;
#459 = CARTESIAN_POINT ( 'NONE',  ( -0.9999999999999792388, 20.99999999999996803, 50.71710613007404334 ) ) ;
#460 = AXIS2_PLACEMENT_3D ( 'NONE', #1927, #2030, #25 ) ;
#461 = ADVANCED_FACE ( 'NONE', ( #4559 ), #1433, .F. ) ;
#462 = LINE ( 'NONE', #3025, #5575 ) ;
#463 = ADVANCED_FACE ( 'NONE', ( #4923 ), #2457, .T. ) ;
#464 = CARTESIAN_POINT ( 'NONE',  ( 4.000000000000000000, -6.499999999999999112, 15.34168760482228500 ) ) ;
#465 = DIRECTION ( 'NONE',  ( 1.000000000000000000, -0.000000000000000000, -0.000000000000000000 ) ) ;
#466 = ORIENTED_EDGE ( 'NONE', *, *, #5469, .T. ) ;
#467 = AXIS2_PLACEMENT_3D ( 'NONE', #237, #5814, #2684 ) ;
#468 = VECTOR ( 'NONE', #4941, 1000.000000000000000 ) ;
#469 = CARTESIAN_POINT ( 'NONE',  ( 3.500000000000000000, -16.00000000000000711, 57.99999999999998579 ) ) ;
#470 = DIRECTION ( 'NONE',  ( 0.000000000000000000, -1.000000000000000000, 0.000000000000000000 ) ) ;
#471 = AXIS2_PLACEMENT_3D ( 'NONE', #6330, #1835, #2921 ) ;
#472 = ORIENTED_EDGE ( 'NONE', *, *, #1581, .T. ) ;
#473 = ORIENTED_EDGE ( 'NONE', *, *, #2856, .T. ) ;
#474 = LINE ( 'NONE', #3457, #4256 ) ;
#475 = VECTOR ( 'NONE', #5558, 1000.000000000000000 ) ;
#476 = CARTESIAN_POINT ( 'NONE',  ( 7.000000000000000000, -12.75000000000000000, 0.000000000000000000 ) ) ;
#477 = EDGE_LOOP ( 'NONE', ( #3232, #4668, #4670, #6304 ) ) ;
#478 = LINE ( 'NONE', #4493, #3419 ) ;
#479 = EDGE_CURVE ( 'NONE', #5288, #2601, #3319, .T. ) ;
#480 = DIRECTION ( 'NONE',  ( 1.000000000000000000, 0.000000000000000000, 0.000000000000000000 ) ) ;
#481 = EDGE_CURVE ( 'NONE', #1869, #5880, #3929, .T. ) ;
#482 = ORIENTED_EDGE ( 'NONE', *, *, #1383, .T. ) ;
#483 = VERTEX_POINT ( 'NONE', #3429 ) ;
#484 = ADVANCED_FACE ( 'NONE', ( #932 ), #5917, .F. ) ;
#485 = CARTESIAN_POINT ( 'NONE',  ( 0.5000000000000014433, -14.54981716550029525, 66.00000000000000000 ) ) ;
#486 = CARTESIAN_POINT ( 'NONE',  ( 7.000000000000000000, 0.000000000000000000, -20.00000000000000000 ) ) ;
#487 = ORIENTED_EDGE ( 'NONE', *, *, #3712, .F. ) ;
#488 = CARTESIAN_POINT ( 'NONE',  ( 7.002000000000004221, -6.499999999999998224, 23.13299826867510589 ) ) ;
#489 = ORIENTED_EDGE ( 'NONE', *, *, #3431, .F. ) ;
#490 = DIRECTION ( 'NONE',  ( -0.000000000000000000, -0.000000000000000000, -1.000000000000000000 ) ) ;
#491 = CARTESIAN_POINT ( 'NONE',  ( 4.000000000000000000, -19.00000000000000355, 14.54168760482228606 ) ) ;
#492 = ORIENTED_EDGE ( 'NONE', *, *, #236, .F. ) ;
#493 = ADVANCED_FACE ( 'NONE', ( #1393 ), #1985, .T. ) ;
#494 = ORIENTED_EDGE ( 'NONE', *, *, #5711, .F. ) ;
#495 = VECTOR ( 'NONE', #6445, 1000.000000000000000 ) ;
#496 = VECTOR ( 'NONE', #2820, 1000.000000000000000 ) ;
#497 = LINE ( 'NONE', #2510, #6224 ) ;
#498 = LINE ( 'NONE', #3983, #2157 ) ;
#499 = LINE ( 'NONE', #2041, #6212 ) ;
#500 = DIRECTION ( 'NONE',  ( 1.000000000000000000, -4.336808689942021187E-16, 0.000000000000000000 ) ) ;
#501 = EDGE_CURVE ( 'NONE', #2123, #1047, #478, .T. ) ;
#502 = CARTESIAN_POINT ( 'NONE',  ( -3.275000000000006128, 22.00000000000000000, 10.80000000000000071 ) ) ;
#503 = VECTOR ( 'NONE', #5341, 1000.000000000000000 ) ;
#504 = CARTESIAN_POINT ( 'NONE',  ( -3.275000000000008349, 27.19999999999999574, -14.68700000000000117 ) ) ;
#505 = CARTESIAN_POINT ( 'NONE',  ( 7.001000000000006551, 7.999999999999992895, -14.20000000000000284 ) ) ;
#506 = EDGE_CURVE ( 'NONE', #2860, #4935, #5121, .T. ) ;
#507 = ORIENTED_EDGE ( 'NONE', *, *, #3283, .F. ) ;
#508 = ORIENTED_EDGE ( 'NONE', *, *, #2520, .T. ) ;
#509 = CARTESIAN_POINT ( 'NONE',  ( 7.000000000000000000, -10.50000000000000178, 71.00000000000000000 ) ) ;
#510 = EDGE_CURVE ( 'NONE', #4043, #557, #1003, .T. ) ;
#511 = CARTESIAN_POINT ( 'NONE',  ( 7.000000000000000000, 7.999999999999996447, 17.80000000000000071 ) ) ;
#512 = CARTESIAN_POINT ( 'NONE',  ( 1.999999999999999556, -4.500000000000000000, 67.00000000000000000 ) ) ;
#513 = ORIENTED_EDGE ( 'NONE', *, *, #5197, .T. ) ;
#514 = DIRECTION ( 'NONE',  ( -0.000000000000000000, -0.000000000000000000, -1.000000000000000000 ) ) ;
#515 = ADVANCED_FACE ( 'NONE', ( #5552 ), #1031, .F. ) ;
#516 = CARTESIAN_POINT ( 'NONE',  ( 2.724999999999999201, -18.99999999999999645, -43.00000000000000000 ) ) ;
#517 = ORIENTED_EDGE ( 'NONE', *, *, #4382, .F. ) ;
#518 = VERTEX_POINT ( 'NONE', #3593 ) ;
#519 = FACE_OUTER_BOUND ( 'NONE', #2605, .T. ) ;
#520 = DIRECTION ( 'NONE',  ( -1.000000000000000000, -1.239088197126290570E-16, 1.904444227198434433E-33 ) ) ;
#521 = EDGE_LOOP ( 'NONE', ( #3733, #1045, #15, #547 ) ) ;
#522 = CARTESIAN_POINT ( 'NONE',  ( 0.4999999999999992784, -14.79999999999999893, 0.000000000000000000 ) ) ;
#523 = ORIENTED_EDGE ( 'NONE', *, *, #5534, .F. ) ;
#524 = VECTOR ( 'NONE', #6088, 1000.000000000000000 ) ;
#525 = DIRECTION ( 'NONE',  ( -1.355252715606879803E-16, 1.000000000000000000, 0.000000000000000000 ) ) ;
#526 = ADVANCED_FACE ( 'NONE', ( #3106 ), #178, .F. ) ;
#527 = PLANE ( 'NONE',  #2107 ) ;
#528 = ORIENTED_EDGE ( 'NONE', *, *, #4777, .F. ) ;
#529 = EDGE_CURVE ( 'NONE', #2291, #4187, #1565, .T. ) ;
#530 = EDGE_LOOP ( 'NONE', ( #3823, #1723, #2553, #3440 ) ) ;
#531 = DIRECTION ( 'NONE',  ( 0.000000000000000000, -1.000000000000000000, 0.000000000000000000 ) ) ;
#532 = AXIS2_PLACEMENT_3D ( 'NONE', #632, #2105, #1147 ) ;
#533 = PLANE ( 'NONE',  #5740 ) ;
#534 = FACE_OUTER_BOUND ( 'NONE', #477, .T. ) ;
#535 = FACE_OUTER_BOUND ( 'NONE', #3766, .T. ) ;
#536 = AXIS2_PLACEMENT_3D ( 'NONE', #4640, #122, #186 ) ;
#537 = CARTESIAN_POINT ( 'NONE',  ( -3.275000000000008793, 27.19999999999999574, -21.33700000000000330 ) ) ;
#538 = VECTOR ( 'NONE', #1391, 1000.000000000000000 ) ;
#539 = DIRECTION ( 'NONE',  ( -1.000000000000000000, -3.252606517456513918E-17, 0.000000000000000000 ) ) ;
#540 = CARTESIAN_POINT ( 'NONE',  ( 4.000000000000000000, -12.46362969077260630, 35.01026416338211789 ) ) ;
#541 = EDGE_CURVE ( 'NONE', #3739, #967, #4158, .T. ) ;
#542 = EDGE_LOOP ( 'NONE', ( #204, #4220, #6089, #2666 ) ) ;
#543 = AXIS2_PLACEMENT_3D ( 'NONE', #2637, #3150, #1700 ) ;
#544 = DIRECTION ( 'NONE',  ( 0.000000000000000000, 0.000000000000000000, 1.000000000000000000 ) ) ;
#545 = PLANE ( 'NONE',  #1257 ) ;
#546 = CARTESIAN_POINT ( 'NONE',  ( 7.000000000000000000, -20.99999999999999645, -40.99999999999999289 ) ) ;
#547 = ORIENTED_EDGE ( 'NONE', *, *, #5986, .F. ) ;
#548 = CARTESIAN_POINT ( 'NONE',  ( -0.5000000000000082157, 23.99999999999999645, -9.337000000000001521 ) ) ;
#549 = DIRECTION ( 'NONE',  ( 0.000000000000000000, 1.000000000000000000, 0.000000000000000000 ) ) ;
#550 = ORIENTED_EDGE ( 'NONE', *, *, #3988, .F. ) ;
#551 = AXIS2_PLACEMENT_3D ( 'NONE', #933, #1884, #444 ) ;
#552 = EDGE_LOOP ( 'NONE', ( #4426, #379, #5422, #194 ) ) ;
#553 = VECTOR ( 'NONE', #790, 1000.000000000000000 ) ;
#554 = CARTESIAN_POINT ( 'NONE',  ( 1.000000000000000888, -7.299999999999999822, 65.20000000000000284 ) ) ;
#555 = CARTESIAN_POINT ( 'NONE',  ( 0.4999999999999996669, -18.08243860895744604, 22.72955660195331618 ) ) ;
#556 = EDGE_CURVE ( 'NONE', #4162, #563, #2622, .T. ) ;
#557 = VERTEX_POINT ( 'NONE', #205 ) ;
#558 = CYLINDRICAL_SURFACE ( 'NONE', #6181, 0.8000000000000003775 ) ;
#559 = ORIENTED_EDGE ( 'NONE', *, *, #6521, .T. ) ;
#560 = CARTESIAN_POINT ( 'NONE',  ( 7.001000000000006551, 11.74999999999999645, -14.20000000000000284 ) ) ;
#561 = LINE ( 'NONE', #1443, #6536 ) ;
#562 = ORIENTED_EDGE ( 'NONE', *, *, #6488, .T. ) ;
#563 = VERTEX_POINT ( 'NONE', #109 ) ;
#564 = ADVANCED_FACE ( 'NONE', ( #2655, #6154, #4068, #5088 ), #5156, .F. ) ;
#565 = LINE ( 'NONE', #3981, #4105 ) ;
#566 = DIRECTION ( 'NONE',  ( -1.102813343475842258E-17, 0.3390552584695133986, 0.9407664597040922283 ) ) ;
#567 = CYLINDRICAL_SURFACE ( 'NONE', #309, 0.8000000000000003775 ) ;
#568 = DIRECTION ( 'NONE',  ( 0.000000000000000000, 0.000000000000000000, 1.000000000000000000 ) ) ;
#569 = FACE_OUTER_BOUND ( 'NONE', #4841, .T. ) ;
#570 = EDGE_CURVE ( 'NONE', #3054, #5681, #1066, .T. ) ;
#571 = EDGE_CURVE ( 'NONE', #5375, #206, #6095, .T. ) ;
#572 = VECTOR ( 'NONE', #3104, 1000.000000000000000 ) ;
#573 = CARTESIAN_POINT ( 'NONE',  ( 3.000000000000000000, -15.50000000000000178, 75.00000000000000000 ) ) ;
#574 = CARTESIAN_POINT ( 'NONE',  ( 7.000000000000000000, -12.75000000000000000, 0.000000000000000000 ) ) ;
#575 = AXIS2_PLACEMENT_3D ( 'NONE', #5782, #4129, #4795 ) ;
#576 = ORIENTED_EDGE ( 'NONE', *, *, #817, .F. ) ;
#577 = VECTOR ( 'NONE', #6388, 1000.000000000000000 ) ;
#578 = DIRECTION ( 'NONE',  ( -1.000000000000000000, -3.252606517456513918E-17, 0.000000000000000000 ) ) ;
#579 = FACE_OUTER_BOUND ( 'NONE', #2674, .T. ) ;
#580 = VERTEX_POINT ( 'NONE', #3691 ) ;
#581 = CARTESIAN_POINT ( 'NONE',  ( 4.000000000000000000, -15.07469763858625811, 35.74488389006606326 ) ) ;
#582 = VECTOR ( 'NONE', #5354, 1000.000000000000000 ) ;
#583 = EDGE_CURVE ( 'NONE', #3271, #4157, #427, .T. ) ;
#584 = CARTESIAN_POINT ( 'NONE',  ( 1.225000000000000089, -22.49999999999998934, -24.20000000000000639 ) ) ;
#585 = VERTEX_POINT ( 'NONE', #581 ) ;
#586 = VECTOR ( 'NONE', #2127, 1000.000000000000000 ) ;
#587 = EDGE_CURVE ( 'NONE', #5235, #4385, #5648, .T. ) ;
#588 = VECTOR ( 'NONE', #2677, 1000.000000000000000 ) ;
#589 = DIRECTION ( 'NONE',  ( 1.000000000000000000, 1.239088197126290570E-16, 0.000000000000000000 ) ) ;
#590 = CYLINDRICAL_SURFACE ( 'NONE', #791, 0.8000000000000003775 ) ;
#591 = ORIENTED_EDGE ( 'NONE', *, *, #6172, .T. ) ;
#592 = DIRECTION ( 'NONE',  ( -1.000000000000000000, -1.239088197126290570E-16, 0.000000000000000000 ) ) ;
#593 = VERTEX_POINT ( 'NONE', #77 ) ;
#594 = DIRECTION ( 'NONE',  ( -0.000000000000000000, 0.000000000000000000, 1.000000000000000000 ) ) ;
#595 = AXIS2_PLACEMENT_3D ( 'NONE', #2590, #1027, #6477 ) ;
#596 = CARTESIAN_POINT ( 'NONE',  ( -4.500000000000007994, 25.99999999999999645, -9.337000000000001521 ) ) ;
#597 = VERTEX_POINT ( 'NONE', #5580 ) ;
#598 = ORIENTED_EDGE ( 'NONE', *, *, #651, .T. ) ;
#599 = DIRECTION ( 'NONE',  ( -0.000000000000000000, 1.000000000000000000, -0.000000000000000000 ) ) ;
#600 = EDGE_CURVE ( 'NONE', #674, #1115, #2594, .T. ) ;
#601 = CARTESIAN_POINT ( 'NONE',  ( 3.500000000000000000, -22.50000000000001066, 57.99999999999998579 ) ) ;
#602 = CARTESIAN_POINT ( 'NONE',  ( 0.000000000000000000, -18.99999999999999645, -43.00000000000000000 ) ) ;
#603 = AXIS2_PLACEMENT_3D ( 'NONE', #5613, #4697, #616 ) ;
#604 = DIRECTION ( 'NONE',  ( 1.000000000000000000, 0.000000000000000000, 0.000000000000000000 ) ) ;
#605 = FACE_OUTER_BOUND ( 'NONE', #5316, .T. ) ;
#606 = LINE ( 'NONE', #3220, #3390 ) ;
#607 = DIRECTION ( 'NONE',  ( -1.000000000000000000, -3.252606517456513918E-17, 0.000000000000000000 ) ) ;
#608 = DIRECTION ( 'NONE',  ( -1.355252715606879803E-16, 1.000000000000000000, 0.000000000000000000 ) ) ;
#609 = ADVANCED_FACE ( 'NONE', ( #3135, #4095 ), #143, .T. ) ;
#610 = VERTEX_POINT ( 'NONE', #3657 ) ;
#611 = VECTOR ( 'NONE', #1254, 1000.000000000000000 ) ;
#612 = CARTESIAN_POINT ( 'NONE',  ( 1.225000000000000089, 0.000000000000000000, 0.000000000000000000 ) ) ;
#613 = ADVANCED_FACE ( 'NONE', ( #5682 ), #3166, .F. ) ;
#614 = DIRECTION ( 'NONE',  ( 0.000000000000000000, 1.000000000000000000, 3.469446951953614682E-16 ) ) ;
#615 = ORIENTED_EDGE ( 'NONE', *, *, #1085, .T. ) ;
#616 = DIRECTION ( 'NONE',  ( -9.306456416184587030E-17, 0.000000000000000000, -1.000000000000000000 ) ) ;
#617 = ADVANCED_FACE ( 'NONE', ( #4186 ), #5714, .F. ) ;
#618 = CARTESIAN_POINT ( 'NONE',  ( 3.000000000000000000, 6.499999999999996447, 14.00000000000000178 ) ) ;
#619 = ORIENTED_EDGE ( 'NONE', *, *, #1060, .T. ) ;
#620 = DIRECTION ( 'NONE',  ( 0.000000000000000000, 1.000000000000000000, 0.000000000000000000 ) ) ;
#621 = CARTESIAN_POINT ( 'NONE',  ( 0.5000000000000017764, -17.32982544119416701, 56.34168760482229033 ) ) ;
#622 = ORIENTED_EDGE ( 'NONE', *, *, #4583, .F. ) ;
#623 = CARTESIAN_POINT ( 'NONE',  ( 0.000000000000000000, -18.99999999999999645, -43.00000000000000000 ) ) ;
#624 = EDGE_LOOP ( 'NONE', ( #3700, #4974, #1207, #4718 ) ) ;
#625 = EDGE_CURVE ( 'NONE', #3281, #2100, #5310, .T. ) ;
#626 = LINE ( 'NONE', #1604, #2826 ) ;
#627 = DIRECTION ( 'NONE',  ( 0.000000000000000000, -1.000000000000000000, -2.168404344971010594E-16 ) ) ;
#628 = ORIENTED_EDGE ( 'NONE', *, *, #2848, .T. ) ;
#629 = ORIENTED_EDGE ( 'NONE', *, *, #4949, .F. ) ;
#630 = FACE_OUTER_BOUND ( 'NONE', #2385, .T. ) ;
#631 = ADVANCED_FACE ( 'NONE', ( #830 ), #1352, .T. ) ;
#632 = CARTESIAN_POINT ( 'NONE',  ( 3.500000000000000000, -16.00000000000000711, 57.99999999999998579 ) ) ;
#633 = DIRECTION ( 'NONE',  ( 4.818676322157791458E-16, 1.000000000000000000, 0.000000000000000000 ) ) ;
#634 = VECTOR ( 'NONE', #5409, 1000.000000000000000 ) ;
#635 = VECTOR ( 'NONE', #5540, 1000.000000000000000 ) ;
#636 = DIRECTION ( 'NONE',  ( 1.000000000000000000, 1.239088197126290570E-16, 0.000000000000000000 ) ) ;
#637 = VERTEX_POINT ( 'NONE', #4851 ) ;
#638 = LINE ( 'NONE', #5773, #1936 ) ;
#639 = CARTESIAN_POINT ( 'NONE',  ( 7.000000000000000000, -13.99999999999999822, -19.59999999999999787 ) ) ;
#640 = ORIENTED_EDGE ( 'NONE', *, *, #5363, .T. ) ;
#641 = EDGE_CURVE ( 'NONE', #3905, #2873, #3726, .T. ) ;
#642 = CIRCLE ( 'NONE', #207, 1.650000000000000355 ) ;
#643 = CIRCLE ( 'NONE', #6012, 0.7999999999999986011 ) ;
#644 = LINE ( 'NONE', #106, #1733 ) ;
#645 = EDGE_CURVE ( 'NONE', #822, #2741, #1224, .T. ) ;
#646 = FACE_OUTER_BOUND ( 'NONE', #2657, .T. ) ;
#647 = ORIENTED_EDGE ( 'NONE', *, *, #1550, .F. ) ;
#648 = DIRECTION ( 'NONE',  ( 0.000000000000000000, -0.000000000000000000, -1.000000000000000000 ) ) ;
#649 = CIRCLE ( 'NONE', #3785, 0.8000000000000003775 ) ;
#650 = ORIENTED_EDGE ( 'NONE', *, *, #6011, .F. ) ;
#651 = EDGE_CURVE ( 'NONE', #4803, #2131, #954, .T. ) ;
#652 = FACE_OUTER_BOUND ( 'NONE', #275, .T. ) ;
#653 = DIRECTION ( 'NONE',  ( 0.000000000000000000, 1.000000000000000000, 0.000000000000000000 ) ) ;
#654 = ORIENTED_EDGE ( 'NONE', *, *, #5781, .F. ) ;
#655 = DIRECTION ( 'NONE',  ( 0.000000000000000000, 1.000000000000000000, 0.000000000000000000 ) ) ;
#656 = ORIENTED_EDGE ( 'NONE', *, *, #4443, .F. ) ;
#657 = DIRECTION ( 'NONE',  ( 0.000000000000000000, -2.168404344971010594E-16, 1.000000000000000000 ) ) ;
#658 = CIRCLE ( 'NONE', #1491, 0.7999999999999986011 ) ;
#659 = CARTESIAN_POINT ( 'NONE',  ( -0.5000000000000083267, 27.19999999999999574, -17.98699999999999832 ) ) ;
#660 = ORIENTED_EDGE ( 'NONE', *, *, #5572, .T. ) ;
#661 = ORIENTED_EDGE ( 'NONE', *, *, #1645, .T. ) ;
#662 = PLANE ( 'NONE',  #2112 ) ;
#663 = LINE ( 'NONE', #4203, #5895 ) ;
#664 = CARTESIAN_POINT ( 'NONE',  ( 1.000000000000000888, -18.12982544119416772, 55.54168760482228606 ) ) ;
#665 = DIRECTION ( 'NONE',  ( -0.000000000000000000, -1.000000000000000000, -2.168404344971010840E-16 ) ) ;
#666 = ORIENTED_EDGE ( 'NONE', *, *, #3952, .F. ) ;
#667 = DIRECTION ( 'NONE',  ( 0.7071067811865474617, -0.7071067811865474617, -0.000000000000000000 ) ) ;
#668 = DIRECTION ( 'NONE',  ( 0.000000000000000000, 0.000000000000000000, -1.000000000000000000 ) ) ;
#669 = CARTESIAN_POINT ( 'NONE',  ( 4.000000000000000000, -10.71297600145975615, 34.82261646130366017 ) ) ;
#670 = ORIENTED_EDGE ( 'NONE', *, *, #735, .T. ) ;
#671 = EDGE_CURVE ( 'NONE', #6514, #1353, #3293, .T. ) ;
#672 = CARTESIAN_POINT ( 'NONE',  ( -0.5000000000000077716, 27.19999999999999574, -11.33700000000000152 ) ) ;
#673 = AXIS2_PLACEMENT_3D ( 'NONE', #2061, #4600, #2563 ) ;
#674 = VERTEX_POINT ( 'NONE', #335 ) ;
#675 = DIRECTION ( 'NONE',  ( -3.252606517456513918E-17, 1.000000000000000000, 0.000000000000000000 ) ) ;
#676 = VECTOR ( 'NONE', #5862, 1000.000000000000000 ) ;
#677 = EDGE_LOOP ( 'NONE', ( #3878, #6260, #6166, #3273 ) ) ;
#678 = PLANE ( 'NONE',  #4565 ) ;
#679 = DIRECTION ( 'NONE',  ( -1.355252715606879803E-16, 1.000000000000000000, 0.000000000000000000 ) ) ;
#680 = AXIS2_PLACEMENT_3D ( 'NONE', #4219, #3724, #3291 ) ;
#681 = CIRCLE ( 'NONE', #2991, 1.650000000000002132 ) ;
#682 = ORIENTED_EDGE ( 'NONE', *, *, #4713, .T. ) ;
#683 = CARTESIAN_POINT ( 'NONE',  ( 7.000000000000000000, -14.79999999999999893, 0.000000000000000000 ) ) ;
#684 = EDGE_LOOP ( 'NONE', ( #2177, #5906, #1168, #3844, #2976, #2882, #4101, #5960 ) ) ;
#685 = CARTESIAN_POINT ( 'NONE',  ( 4.500000000000000888, 7.999999999999992895, -14.20000000000000284 ) ) ;
#686 = CARTESIAN_POINT ( 'NONE',  ( 3.500000000000000444, -16.00000000000000711, 60.04999999999999716 ) ) ;
#687 = AXIS2_PLACEMENT_3D ( 'NONE', #2026, #1887, #6489 ) ;
#688 = ORIENTED_EDGE ( 'NONE', *, *, #5512, .T. ) ;
#689 = EDGE_CURVE ( 'NONE', #1712, #6223, #5374, .T. ) ;
#690 = VECTOR ( 'NONE', #5841, 1000.000000000000000 ) ;
#691 = VERTEX_POINT ( 'NONE', #2250 ) ;
#692 = EDGE_CURVE ( 'NONE', #1298, #5880, #2807, .T. ) ;
#693 = DIRECTION ( 'NONE',  ( 1.000000000000000000, -0.000000000000000000, -9.757819552369541139E-17 ) ) ;
#694 = CIRCLE ( 'NONE', #2374, 1.650000000000002132 ) ;
#695 = CARTESIAN_POINT ( 'NONE',  ( 3.999999999999992450, 25.99999999999999645, -9.337000000000001521 ) ) ;
#696 = FACE_BOUND ( 'NONE', #1960, .T. ) ;
#697 = CARTESIAN_POINT ( 'NONE',  ( 3.999999999999999112, 24.00000000000000000, 47.50000000000000000 ) ) ;
#698 = ORIENTED_EDGE ( 'NONE', *, *, #481, .F. ) ;
#699 = EDGE_CURVE ( 'NONE', #1319, #4043, #2775, .T. ) ;
#700 = DIRECTION ( 'NONE',  ( 1.000000000000000000, 1.239088197126290570E-16, 0.000000000000000000 ) ) ;
#701 = DIRECTION ( 'NONE',  ( -1.000000000000000000, -1.239088197126290570E-16, 0.000000000000000000 ) ) ;
#702 = CARTESIAN_POINT ( 'NONE',  ( 0.000000000000000000, 1.959434878635768681E-16, -21.60000000000000142 ) ) ;
#703 = EDGE_CURVE ( 'NONE', #3649, #4008, #861, .T. ) ;
#704 = ORIENTED_EDGE ( 'NONE', *, *, #6201, .F. ) ;
#705 = CIRCLE ( 'NONE', #6183, 0.8000000000000003775 ) ;
#706 = CARTESIAN_POINT ( 'NONE',  ( 0.5000000000000004441, -18.20000000000000284, 6.896422575144953271 ) ) ;
#707 = ORIENTED_EDGE ( 'NONE', *, *, #1680, .T. ) ;
#708 = DIRECTION ( 'NONE',  ( -0.000000000000000000, 1.000000000000000000, 2.168404344971010594E-16 ) ) ;
#709 = ORIENTED_EDGE ( 'NONE', *, *, #3857, .F. ) ;
#710 = EDGE_CURVE ( 'NONE', #6498, #2419, #800, .T. ) ;
#711 = EDGE_CURVE ( 'NONE', #836, #6438, #4284, .T. ) ;
#712 = DIRECTION ( 'NONE',  ( 0.000000000000000000, -1.000000000000000000, 0.000000000000000000 ) ) ;
#713 = CARTESIAN_POINT ( 'NONE',  ( -0.5000000000000088818, 18.99999999999999645, -23.33700000000000330 ) ) ;
#714 = EDGE_CURVE ( 'NONE', #4109, #2860, #2350, .T. ) ;
#715 = ORIENTED_EDGE ( 'NONE', *, *, #3459, .T. ) ;
#716 = LINE ( 'NONE', #2600, #3576 ) ;
#717 = EDGE_LOOP ( 'NONE', ( #6522, #3714, #6524, #2361, #137, #1609, #5753, #2328 ) ) ;
#718 = DIRECTION ( 'NONE',  ( -1.000000000000000000, -3.252606517456513302E-17, -2.535569890667617935E-16 ) ) ;
#719 = CARTESIAN_POINT ( 'NONE',  ( 3.000000000000007994, 24.00000000000000000, 47.50000000000000000 ) ) ;
#720 = EDGE_LOOP ( 'NONE', ( #4168, #2758, #1033, #5381, #3754, #4886, #6193 ) ) ;
#721 = ORIENTED_EDGE ( 'NONE', *, *, #1756, .T. ) ;
#722 = CARTESIAN_POINT ( 'NONE',  ( 2.724999999999999201, -15.99999999999999289, -43.00000000000000000 ) ) ;
#723 = EDGE_CURVE ( 'NONE', #3056, #325, #4346, .T. ) ;
#724 = EDGE_CURVE ( 'NONE', #4255, #2194, #2867, .T. ) ;
#725 = EDGE_CURVE ( 'NONE', #5320, #597, #5778, .T. ) ;
#726 = LINE ( 'NONE', #5112, #3349 ) ;
#727 = DIRECTION ( 'NONE',  ( -1.000000000000000000, -1.239088197126290570E-16, 0.000000000000000000 ) ) ;
#728 = DIRECTION ( 'NONE',  ( -1.000000000000000000, -3.252606517456513918E-17, -2.535569890667617442E-16 ) ) ;
#729 = ORIENTED_EDGE ( 'NONE', *, *, #3757, .T. ) ;
#730 = CARTESIAN_POINT ( 'NONE',  ( 0.000000000000000000, -3.499999999999999556, -29.20000000000000284 ) ) ;
#731 = DIRECTION ( 'NONE',  ( -1.479382121760880130E-16, 0.000000000000000000, -1.000000000000000000 ) ) ;
#732 = CIRCLE ( 'NONE', #4622, 0.8000000000000003775 ) ;
#733 = DIRECTION ( 'NONE',  ( 0.000000000000000000, -1.000000000000000000, -2.168404344971010840E-16 ) ) ;
#734 = DIRECTION ( 'NONE',  ( 1.000000000000000000, 0.000000000000000000, -0.000000000000000000 ) ) ;
#735 = EDGE_CURVE ( 'NONE', #408, #1825, #6338, .T. ) ;
#736 = DIRECTION ( 'NONE',  ( 0.000000000000000000, 0.000000000000000000, 1.000000000000000000 ) ) ;
#737 = ORIENTED_EDGE ( 'NONE', *, *, #481, .T. ) ;
#738 = CARTESIAN_POINT ( 'NONE',  ( 0.9999999999999991118, 6.563277878031138712, 66.19859520899437655 ) ) ;
#739 = ORIENTED_EDGE ( 'NONE', *, *, #1083, .T. ) ;
#740 = AXIS2_PLACEMENT_3D ( 'NONE', #3737, #749, #3332 ) ;
#741 = CARTESIAN_POINT ( 'NONE',  ( 0.5000000000000004441, -7.299999999999999822, 50.28776832031179822 ) ) ;
#742 = DIRECTION ( 'NONE',  ( 1.000000000000000000, 1.239088197126290570E-16, 0.000000000000000000 ) ) ;
#743 = ORIENTED_EDGE ( 'NONE', *, *, #5226, .F. ) ;
#744 = VECTOR ( 'NONE', #6253, 1000.000000000000114 ) ;
#745 = CARTESIAN_POINT ( 'NONE',  ( 7.002000000000003332, -8.052613167763274404, 27.44098747291259244 ) ) ;
#746 = VERTEX_POINT ( 'NONE', #1717 ) ;
#747 = CARTESIAN_POINT ( 'NONE',  ( -0.9999999999999792388, 22.00000000000000000, 49.64473742004934564 ) ) ;
#748 = EDGE_CURVE ( 'NONE', #2297, #895, #5335, .T. ) ;
#749 = DIRECTION ( 'NONE',  ( -1.000000000000000000, -3.252606517456513918E-17, 2.535569890667617442E-16 ) ) ;
#750 = ORIENTED_EDGE ( 'NONE', *, *, #748, .F. ) ;
#751 = VECTOR ( 'NONE', #2284, 1000.000000000000000 ) ;
#752 = ORIENTED_EDGE ( 'NONE', *, *, #5051, .F. ) ;
#753 = CARTESIAN_POINT ( 'NONE',  ( 7.000000000000000000, -2.999999999999998668, -28.50000000000000355 ) ) ;
#754 = PLANE ( 'NONE',  #6356 ) ;
#755 = CARTESIAN_POINT ( 'NONE',  ( -3.275000000000007905, 25.99999999999999645, -11.33700000000000152 ) ) ;
#756 = DIRECTION ( 'NONE',  ( 1.000000000000000000, 3.252606517456513918E-17, -0.000000000000000000 ) ) ;
#757 = EDGE_CURVE ( 'NONE', #5982, #962, #1746, .T. ) ;
#758 = CARTESIAN_POINT ( 'NONE',  ( -4.500000000000008882, 23.99999999999999645, -29.19999999999999929 ) ) ;
#759 = ORIENTED_EDGE ( 'NONE', *, *, #4477, .T. ) ;
#760 = AXIS2_PLACEMENT_3D ( 'NONE', #191, #387, #5329 ) ;
#761 = EDGE_LOOP ( 'NONE', ( #492, #831, #5338, #4699, #1944, #4654, #1001, #5474, #6417 ) ) ;
#762 = LINE ( 'NONE', #2179, #3406 ) ;
#763 = CYLINDRICAL_SURFACE ( 'NONE', #3486, 0.8000000000000003775 ) ;
#764 = LINE ( 'NONE', #4280, #5520 ) ;
#765 = ADVANCED_FACE ( 'NONE', ( #768 ), #1946, .T. ) ;
#766 = DIRECTION ( 'NONE',  ( -1.000000000000000000, 0.000000000000000000, -0.000000000000000000 ) ) ;
#767 = EDGE_LOOP ( 'NONE', ( #2909, #409 ) ) ;
#768 = FACE_OUTER_BOUND ( 'NONE', #4499, .T. ) ;
#769 = EDGE_LOOP ( 'NONE', ( #3042, #3473, #6351, #4695 ) ) ;
#770 = DIRECTION ( 'NONE',  ( 0.000000000000000000, -1.000000000000000000, 0.000000000000000000 ) ) ;
#771 = CIRCLE ( 'NONE', #1711, 0.7999999999999986011 ) ;
#772 = CARTESIAN_POINT ( 'NONE',  ( 4.000000000000000000, -8.087544543006945474, 14.54168760482228606 ) ) ;
#773 = ORIENTED_EDGE ( 'NONE', *, *, #5083, .F. ) ;
#774 = FACE_BOUND ( 'NONE', #1774, .T. ) ;
#775 = ORIENTED_EDGE ( 'NONE', *, *, #3669, .T. ) ;
#776 = VECTOR ( 'NONE', #3906, 1000.000000000000114 ) ;
#777 = DIRECTION ( 'NONE',  ( 1.000000000000000000, 3.252606517456513918E-17, -0.000000000000000000 ) ) ;
#778 = CARTESIAN_POINT ( 'NONE',  ( 0.4999999999999981681, -6.499999999999999112, 4.799999999999998934 ) ) ;
#779 = ORIENTED_EDGE ( 'NONE', *, *, #5488, .T. ) ;
#780 = VECTOR ( 'NONE', #1390, 1000.000000000000114 ) ;
#781 = VERTEX_POINT ( 'NONE', #4448 ) ;
#782 = EDGE_CURVE ( 'NONE', #2754, #4389, #4278, .T. ) ;
#783 = CIRCLE ( 'NONE', #3515, 2.050000000000003375 ) ;
#784 = CARTESIAN_POINT ( 'NONE',  ( 7.002000000000005109, -8.921746524012673873, 17.54168760482228606 ) ) ;
#785 = DIRECTION ( 'NONE',  ( 0.000000000000000000, -1.000000000000000000, 0.000000000000000000 ) ) ;
#786 = ORIENTED_EDGE ( 'NONE', *, *, #1060, .F. ) ;
#787 = DIRECTION ( 'NONE',  ( 1.000000000000000000, 1.239088197126290570E-16, 0.000000000000000000 ) ) ;
#788 = VECTOR ( 'NONE', #5933, 1000.000000000000114 ) ;
#789 = DIRECTION ( 'NONE',  ( 5.606118275711208085E-17, -0.4524390022205836415, -0.8917953516752835652 ) ) ;
#790 = DIRECTION ( 'NONE',  ( 0.000000000000000000, 0.000000000000000000, -1.000000000000000000 ) ) ;
#791 = AXIS2_PLACEMENT_3D ( 'NONE', #2598, #4601, #2093 ) ;
#792 = FACE_OUTER_BOUND ( 'NONE', #5331, .T. ) ;
#793 = VERTEX_POINT ( 'NONE', #1425 ) ;
#794 = DIRECTION ( 'NONE',  ( 1.000000000000000000, 1.239088197126290570E-16, 0.000000000000000000 ) ) ;
#795 = CARTESIAN_POINT ( 'NONE',  ( 21.41522322567242043, -5.299999999999997158, -4.800000000000000711 ) ) ;
#796 = FACE_OUTER_BOUND ( 'NONE', #4002, .T. ) ;
#797 = LINE ( 'NONE', #6184, #4142 ) ;
#798 = EDGE_CURVE ( 'NONE', #123, #4185, #1448, .T. ) ;
#799 = VERTEX_POINT ( 'NONE', #5441 ) ;
#800 = LINE ( 'NONE', #1775, #6507 ) ;
#801 = EDGE_CURVE ( 'NONE', #2056, #4050, #6472, .T. ) ;
#802 = VERTEX_POINT ( 'NONE', #2898 ) ;
#803 = VECTOR ( 'NONE', #4261, 1000.000000000000000 ) ;
#804 = CARTESIAN_POINT ( 'NONE',  ( 1.000000000000000000, -19.00000000000000355, 60.45831239517769262 ) ) ;
#805 = DIRECTION ( 'NONE',  ( -1.000000000000000000, -1.239088197126290570E-16, 0.000000000000000000 ) ) ;
#806 = ORIENTED_EDGE ( 'NONE', *, *, #5572, .F. ) ;
#807 = DIRECTION ( 'NONE',  ( 1.000000000000000000, 3.252606517456513918E-17, -0.000000000000000000 ) ) ;
#808 = EDGE_LOOP ( 'NONE', ( #327, #3921, #6153, #3916 ) ) ;
#809 = CARTESIAN_POINT ( 'NONE',  ( 0.9999999999999991118, 3.999999999999998224, 62.50000000000000000 ) ) ;
#810 = VERTEX_POINT ( 'NONE', #3422 ) ;
#811 = VERTEX_POINT ( 'NONE', #6400 ) ;
#812 = VECTOR ( 'NONE', #397, 1000.000000000000000 ) ;
#813 = DIRECTION ( 'NONE',  ( 0.000000000000000000, 0.000000000000000000, 1.000000000000000000 ) ) ;
#814 = DIRECTION ( 'NONE',  ( 1.000000000000000000, 3.252606517456513918E-17, 2.535569890667617442E-16 ) ) ;
#815 = EDGE_LOOP ( 'NONE', ( #5147, #1697, #3115, #3136, #2817, #2391, #4265, #1515 ) ) ;
#816 = DIRECTION ( 'NONE',  ( -1.000000000000000000, -1.239088197126290570E-16, 0.000000000000000000 ) ) ;
#817 = EDGE_CURVE ( 'NONE', #4489, #5955, #924, .T. ) ;
#818 = CARTESIAN_POINT ( 'NONE',  ( 0.9999999999999993339, 1.494263266912956523, 67.00000000000000000 ) ) ;
#819 = CARTESIAN_POINT ( 'NONE',  ( 1.000000000000000000, -19.00000000000000355, 64.13639844763217468 ) ) ;
#820 = ORIENTED_EDGE ( 'NONE', *, *, #81, .T. ) ;
#821 = CARTESIAN_POINT ( 'NONE',  ( 0.000000000000000000, -3.499999999999999556, 4.000000000000003553 ) ) ;
#822 = VERTEX_POINT ( 'NONE', #2412 ) ;
#823 = LINE ( 'NONE', #855, #788 ) ;
#824 = FACE_OUTER_BOUND ( 'NONE', #1890, .T. ) ;
#825 = DIRECTION ( 'NONE',  ( -1.000000000000000000, -1.239088197126290324E-16, 1.954068531237048912E-32 ) ) ;
#826 = ORIENTED_EDGE ( 'NONE', *, *, #3219, .T. ) ;
#827 = EDGE_CURVE ( 'NONE', #4935, #4803, #2286, .T. ) ;
#828 = AXIS2_PLACEMENT_3D ( 'NONE', #560, #5657, #3602 ) ;
#829 = FACE_OUTER_BOUND ( 'NONE', #854, .T. ) ;
#830 = FACE_OUTER_BOUND ( 'NONE', #5850, .T. ) ;
#831 = ORIENTED_EDGE ( 'NONE', *, *, #2128, .T. ) ;
#832 = EDGE_CURVE ( 'NONE', #2877, #4266, #4947, .T. ) ;
#833 = DIRECTION ( 'NONE',  ( 1.355252715606881036E-16, -1.000000000000000000, 0.000000000000000000 ) ) ;
#834 = VECTOR ( 'NONE', #1452, 1000.000000000000000 ) ;
#835 = DIRECTION ( 'NONE',  ( 1.000000000000000000, 1.239088197126290570E-16, -0.000000000000000000 ) ) ;
#836 = VERTEX_POINT ( 'NONE', #1874 ) ;
#837 = FACE_BOUND ( 'NONE', #6156, .T. ) ;
#838 = AXIS2_PLACEMENT_3D ( 'NONE', #2566, #5034, #6222 ) ;
#839 = EDGE_CURVE ( 'NONE', #1800, #341, #288, .T. ) ;
#840 = FACE_OUTER_BOUND ( 'NONE', #3883, .T. ) ;
#841 = VERTEX_POINT ( 'NONE', #1385 ) ;
#842 = VERTEX_POINT ( 'NONE', #2301 ) ;
#843 = EDGE_CURVE ( 'NONE', #384, #3649, #4865, .T. ) ;
#844 = CARTESIAN_POINT ( 'NONE',  ( 2.725000000000000533, -0.9999999999999941158, -37.00000000000000000 ) ) ;
#845 = VECTOR ( 'NONE', #6310, 1000.000000000000000 ) ;
#846 = FACE_OUTER_BOUND ( 'NONE', #3668, .T. ) ;
#847 = VERTEX_POINT ( 'NONE', #3838 ) ;
#848 = CARTESIAN_POINT ( 'NONE',  ( 31.65336144876025770, 6.563277878031139601, 66.19859520899437655 ) ) ;
#849 = DIRECTION ( 'NONE',  ( 0.000000000000000000, -0.7071067811865426878, -0.7071067811865524577 ) ) ;
#850 = DIRECTION ( 'NONE',  ( -1.355252715606879803E-16, 1.000000000000000000, 0.000000000000000000 ) ) ;
#851 = VECTOR ( 'NONE', #1176, 1000.000000000000000 ) ;
#852 = VERTEX_POINT ( 'NONE', #257 ) ;
#853 = CARTESIAN_POINT ( 'NONE',  ( 0.9999999999999997780, -15.50000000000000178, 64.00000000000000000 ) ) ;
#854 = EDGE_LOOP ( 'NONE', ( #4123, #3626, #320, #1011 ) ) ;
#855 = CARTESIAN_POINT ( 'NONE',  ( 2.724999999999996092, -69.00100000000004741, 7.001000000000409784 ) ) ;
#856 = DIRECTION ( 'NONE',  ( 0.000000000000000000, 0.000000000000000000, 1.000000000000000000 ) ) ;
#857 = CARTESIAN_POINT ( 'NONE',  ( 7.001000000000006551, 7.999999999999996447, 17.80000000000000071 ) ) ;
#858 = AXIS2_PLACEMENT_3D ( 'NONE', #3062, #5464, #5080 ) ;
#859 = ORIENTED_EDGE ( 'NONE', *, *, #2110, .F. ) ;
#860 = DIRECTION ( 'NONE',  ( 3.252606517456513918E-17, -1.000000000000000000, 0.000000000000000000 ) ) ;
#861 = LINE ( 'NONE', #2317, #3968 ) ;
#862 = CIRCLE ( 'NONE', #4659, 3.750000000000000000 ) ;
#863 = VERTEX_POINT ( 'NONE', #4300 ) ;
#864 = ORIENTED_EDGE ( 'NONE', *, *, #843, .T. ) ;
#865 = CARTESIAN_POINT ( 'NONE',  ( 0.000000000000000000, 0.000000000000000000, -43.00000000000000000 ) ) ;
#866 = EDGE_CURVE ( 'NONE', #5443, #371, #2387, .T. ) ;
#867 = SURFACE_SIDE_STYLE ('',( #5313 ) ) ;
#868 = ORIENTED_EDGE ( 'NONE', *, *, #4746, .T. ) ;
#869 = LINE ( 'NONE', #5824, #2212 ) ;
#870 = CARTESIAN_POINT ( 'NONE',  ( 1.000000000000000000, -19.00000000000000355, 17.54168760482228606 ) ) ;
#871 = ORIENTED_EDGE ( 'NONE', *, *, #2287, .F. ) ;
#872 = ORIENTED_EDGE ( 'NONE', *, *, #6280, .T. ) ;
#873 = AXIS2_PLACEMENT_3D ( 'NONE', #4651, #192, #132 ) ;
#874 = DIRECTION ( 'NONE',  ( 0.000000000000000000, -1.000000000000000000, 0.000000000000000000 ) ) ;
#875 = ORIENTED_EDGE ( 'NONE', *, *, #420, .T. ) ;
#876 = CARTESIAN_POINT ( 'NONE',  ( 0.4999999999999990563, -12.75000000000000000, 39.00000000000000000 ) ) ;
#877 = ORIENTED_EDGE ( 'NONE', *, *, #4179, .F. ) ;
#878 = LINE ( 'NONE', #2759, #4882 ) ;
#879 = EDGE_CURVE ( 'NONE', #5955, #4332, #6321, .T. ) ;
#880 = AXIS2_PLACEMENT_3D ( 'NONE', #3541, #3568, #2430 ) ;
#881 = CARTESIAN_POINT ( 'NONE',  ( 7.002000000000005109, -12.75000000000000178, 37.52531412650260734 ) ) ;
#882 = FACE_OUTER_BOUND ( 'NONE', #5987, .T. ) ;
#883 = ORIENTED_EDGE ( 'NONE', *, *, #2757, .F. ) ;
#884 = AXIS2_PLACEMENT_3D ( 'NONE', #5504, #1490, #6048 ) ;
#885 = CARTESIAN_POINT ( 'NONE',  ( 1.000000000000000000, -18.20000000000000284, 18.34168760482228322 ) ) ;
#886 = PLANE ( 'NONE',  #6242 ) ;
#887 = CARTESIAN_POINT ( 'NONE',  ( 3.500000000000000000, -16.00000000000000711, 57.99999999999998579 ) ) ;
#888 = VECTOR ( 'NONE', #2063, 1000.000000000000000 ) ;
#889 = VECTOR ( 'NONE', #5462, 1000.000000000000000 ) ;
#890 = ORIENTED_EDGE ( 'NONE', *, *, #5083, .T. ) ;
#891 = CIRCLE ( 'NONE', #6274, 3.750000000000000000 ) ;
#892 = CARTESIAN_POINT ( 'NONE',  ( 7.001000000000006551, 15.49999999999999645, -14.20000000000000462 ) ) ;
#893 = DIRECTION ( 'NONE',  ( -1.000000000000000000, -1.239088197126290570E-16, 0.000000000000000000 ) ) ;
#894 = FACE_OUTER_BOUND ( 'NONE', #963, .T. ) ;
#895 = VERTEX_POINT ( 'NONE', #6350 ) ;
#896 = ORIENTED_EDGE ( 'NONE', *, *, #222, .T. ) ;
#897 = CARTESIAN_POINT ( 'NONE',  ( -63.03173803727769808, -7.300000000000001599, 4.800000000000002487 ) ) ;
#898 = CYLINDRICAL_SURFACE ( 'NONE', #1156, 1.650000000000002132 ) ;
#899 = ORIENTED_EDGE ( 'NONE', *, *, #6367, .F. ) ;
#900 = CARTESIAN_POINT ( 'NONE',  ( 1.000000000000000888, -7.299999999999999822, 15.44526502967733705 ) ) ;
#901 = DIRECTION ( 'NONE',  ( 0.000000000000000000, 1.000000000000000000, 0.000000000000000000 ) ) ;
#902 = EDGE_CURVE ( 'NONE', #5819, #3935, #705, .T. ) ;
#903 = EDGE_LOOP ( 'NONE', ( #3148, #6456, #3797, #1183, #5964, #2471 ) ) ;
#904 = ORIENTED_EDGE ( 'NONE', *, *, #6050, .F. ) ;
#905 = CARTESIAN_POINT ( 'NONE',  ( -4.500000000000007105, 23.99999999999999645, -9.337000000000001521 ) ) ;
#906 = ORIENTED_EDGE ( 'NONE', *, *, #2031, .T. ) ;
#907 = DIRECTION ( 'NONE',  ( 0.000000000000000000, -1.000000000000000000, 0.000000000000000000 ) ) ;
#908 = ORIENTED_EDGE ( 'NONE', *, *, #5716, .T. ) ;
#909 = CARTESIAN_POINT ( 'NONE',  ( 0.4999999999999981681, -6.499999999999999112, 23.13299826867510589 ) ) ;
#910 = CARTESIAN_POINT ( 'NONE',  ( 21.41522322567242043, -4.499999999999997335, -19.20000000000000639 ) ) ;
#911 = ORIENTED_EDGE ( 'NONE', *, *, #1651, .T. ) ;
#912 = LINE ( 'NONE', #2437, #1173 ) ;
#913 = ORIENTED_EDGE ( 'NONE', *, *, #3673, .F. ) ;
#914 = ADVANCED_FACE ( 'NONE', ( #4331 ), #2365, .F. ) ;
#915 = ADVANCED_FACE ( 'NONE', ( #846 ), #2269, .F. ) ;
#916 = PLANE ( 'NONE',  #947 ) ;
#917 = EDGE_CURVE ( 'NONE', #518, #945, #5291, .T. ) ;
#918 = CARTESIAN_POINT ( 'NONE',  ( 1.000000000000000000, -10.58823163272325019, 61.17174867651791459 ) ) ;
#919 = CARTESIAN_POINT ( 'NONE',  ( -0.5000000000000086597, 27.19999999999999574, -21.33700000000000330 ) ) ;
#920 = DIRECTION ( 'NONE',  ( 1.000000000000000000, 1.239088197126290570E-16, 0.000000000000000000 ) ) ;
#921 = FACE_OUTER_BOUND ( 'NONE', #1616, .T. ) ;
#922 = ORIENTED_EDGE ( 'NONE', *, *, #501, .T. ) ;
#923 = CARTESIAN_POINT ( 'NONE',  ( 7.002000000000006885, -18.20000000000000284, 51.08776832031181669 ) ) ;
#924 = LINE ( 'NONE', #4916, #812 ) ;
#925 = DIRECTION ( 'NONE',  ( 0.000000000000000000, 1.000000000000000000, -1.084202172485504311E-16 ) ) ;
#926 = ORIENTED_EDGE ( 'NONE', *, *, #5595, .T. ) ;
#927 = ORIENTED_EDGE ( 'NONE', *, *, #2729, .F. ) ;
#928 = EDGE_CURVE ( 'NONE', #1226, #1110, #6416, .T. ) ;
#929 = DIRECTION ( 'NONE',  ( 0.000000000000000000, -1.000000000000000000, 0.000000000000000000 ) ) ;
#930 = DIRECTION ( 'NONE',  ( -1.355252715606879803E-16, 1.000000000000000000, 0.000000000000000000 ) ) ;
#931 = ORIENTED_EDGE ( 'NONE', *, *, #3784, .F. ) ;
#932 = FACE_OUTER_BOUND ( 'NONE', #3863, .T. ) ;
#933 = CARTESIAN_POINT ( 'NONE',  ( 21.41522322567242043, -12.19999999999999929, -4.800000000000000711 ) ) ;
#934 = ORIENTED_EDGE ( 'NONE', *, *, #711, .T. ) ;
#935 = ORIENTED_EDGE ( 'NONE', *, *, #3609, .F. ) ;
#936 = VECTOR ( 'NONE', #3874, 1000.000000000000000 ) ;
#937 = DIRECTION ( 'NONE',  ( 0.000000000000000000, 0.000000000000000000, -1.000000000000000000 ) ) ;
#938 = ADVANCED_FACE ( 'NONE', ( #3804 ), #4901, .F. ) ;
#939 = ORIENTED_EDGE ( 'NONE', *, *, #4950, .F. ) ;
#940 = DIRECTION ( 'NONE',  ( 0.000000000000000000, 0.000000000000000000, 1.000000000000000000 ) ) ;
#941 = ORIENTED_EDGE ( 'NONE', *, *, #152, .F. ) ;
#942 = DIRECTION ( 'NONE',  ( -1.000000000000000000, -3.469446951953611107E-17, 0.000000000000000000 ) ) ;
#943 = CARTESIAN_POINT ( 'NONE',  ( 2.725000000000000089, -8.828427124746184518, -38.00000000000000000 ) ) ;
#944 = ORIENTED_EDGE ( 'NONE', *, *, #5385, .T. ) ;
#945 = VERTEX_POINT ( 'NONE', #3871 ) ;
#946 = AXIS2_PLACEMENT_3D ( 'NONE', #4136, #5593, #2133 ) ;
#947 = AXIS2_PLACEMENT_3D ( 'NONE', #3578, #3022, #4937 ) ;
#948 = CARTESIAN_POINT ( 'NONE',  ( 0.4999999999999996669, -17.37825347598732506, 4.800000000000004263 ) ) ;
#949 = DIRECTION ( 'NONE',  ( 9.306456416184587030E-17, 0.000000000000000000, 1.000000000000000000 ) ) ;
#950 = EDGE_CURVE ( 'NONE', #5104, #3681, #3401, .T. ) ;
#951 = VECTOR ( 'NONE', #1145, 1000.000000000000000 ) ;
#952 = CYLINDRICAL_SURFACE ( 'NONE', #1016, 2.049999999999999822 ) ;
#953 = DIRECTION ( 'NONE',  ( -1.355252715606879803E-16, 1.000000000000000000, 0.000000000000000000 ) ) ;
#954 = CIRCLE ( 'NONE', #4645, 0.8000000000000003775 ) ;
#955 = CARTESIAN_POINT ( 'NONE',  ( -64.14711903867025455, -14.54981716550030413, 66.00000000000000000 ) ) ;
#956 = ORIENTED_EDGE ( 'NONE', *, *, #6137, .T. ) ;
#957 = CARTESIAN_POINT ( 'NONE',  ( -3.275000000000005684, 17.00000000000000355, 10.80000000000000071 ) ) ;
#958 = AXIS2_PLACEMENT_3D ( 'NONE', #5855, #1332, #5918 ) ;
#959 = FACE_OUTER_BOUND ( 'NONE', #380, .T. ) ;
#960 = EDGE_CURVE ( 'NONE', #5455, #3003, #5860, .T. ) ;
#961 = AXIS2_PLACEMENT_3D ( 'NONE', #2824, #323, #1896 ) ;
#962 = VERTEX_POINT ( 'NONE', #6386 ) ;
#963 = EDGE_LOOP ( 'NONE', ( #5309, #6034, #4401, #1536, #666, #1539, #2195, #1075 ) ) ;
#964 = CARTESIAN_POINT ( 'NONE',  ( 7.002000000000005109, -12.75000000000000000, 39.00000000000000000 ) ) ;
#965 = DIRECTION ( 'NONE',  ( 0.000000000000000000, -1.000000000000000000, 0.000000000000000000 ) ) ;
#966 = CIRCLE ( 'NONE', #2961, 0.8000000000000003775 ) ;
#967 = VERTEX_POINT ( 'NONE', #4269 ) ;
#968 = DIRECTION ( 'NONE',  ( 2.168404344971009854E-16, -1.000000000000000000, 0.000000000000000000 ) ) ;
#969 = DIRECTION ( 'NONE',  ( -1.000000000000000000, 0.000000000000000000, 0.000000000000000000 ) ) ;
#970 = VERTEX_POINT ( 'NONE', #1273 ) ;
#971 = ORIENTED_EDGE ( 'NONE', *, *, #4612, .T. ) ;
#972 = DIRECTION ( 'NONE',  ( 1.000000000000000000, 0.000000000000000000, -0.000000000000000000 ) ) ;
#973 = CARTESIAN_POINT ( 'NONE',  ( 1.000000000000000000, -8.170174558805832987, 21.65831239517770612 ) ) ;
#974 = EDGE_LOOP ( 'NONE', ( #6054, #2253, #1159, #1602 ) ) ;
#975 = CARTESIAN_POINT ( 'NONE',  ( 7.000000000000000000, -17.00000000000000000, -15.30000000000000071 ) ) ;
#976 = ORIENTED_EDGE ( 'NONE', *, *, #2648, .F. ) ;
#977 = LINE ( 'NONE', #3977, #2676 ) ;
#978 = CARTESIAN_POINT ( 'NONE',  ( 7.000000000000000000, 0.000000000000000000, -20.00000000000000000 ) ) ;
#979 = ORIENTED_EDGE ( 'NONE', *, *, #3867, .F. ) ;
#980 = ORIENTED_EDGE ( 'NONE', *, *, #6324, .F. ) ;
#981 = DIRECTION ( 'NONE',  ( 1.000000000000000000, 3.252606517456513918E-17, -0.000000000000000000 ) ) ;
#982 = AXIS2_PLACEMENT_3D ( 'NONE', #2375, #972, #5586 ) ;
#983 = DIRECTION ( 'NONE',  ( 0.000000000000000000, 0.000000000000000000, -1.000000000000000000 ) ) ;
#984 = CIRCLE ( 'NONE', #6261, 1.600000000000000755 ) ;
#985 = LINE ( 'NONE', #4513, #834 ) ;
#986 = DIRECTION ( 'NONE',  ( -1.000000000000000000, -1.239088197126290570E-16, 0.000000000000000000 ) ) ;
#987 = CARTESIAN_POINT ( 'NONE',  ( 0.9999999999999943379, 19.00000000000001066, 10.80000000000000071 ) ) ;
#988 = VECTOR ( 'NONE', #1367, 1000.000000000000000 ) ;
#989 = VECTOR ( 'NONE', #4480, 1000.000000000000000 ) ;
#990 = DIRECTION ( 'NONE',  ( 0.000000000000000000, 0.000000000000000000, 1.000000000000000000 ) ) ;
#991 = CARTESIAN_POINT ( 'NONE',  ( -64.14711903867025455, -14.54981716550030413, 65.20000000000000284 ) ) ;
#992 = AXIS2_PLACEMENT_3D ( 'NONE', #1022, #4059, #4407 ) ;
#993 = CIRCLE ( 'NONE', #4686, 2.050000000000001599 ) ;
#994 = ORIENTED_EDGE ( 'NONE', *, *, #6283, .T. ) ;
#995 = VERTEX_POINT ( 'NONE', #1856 ) ;
#996 = LINE ( 'NONE', #4454, #6371 ) ;
#997 = AXIS2_PLACEMENT_3D ( 'NONE', #897, #4319, #2903 ) ;
#998 = EDGE_CURVE ( 'NONE', #5759, #1472, #4835, .T. ) ;
#999 = DIRECTION ( 'NONE',  ( -0.000000000000000000, -0.000000000000000000, -1.000000000000000000 ) ) ;
#1000 = DIRECTION ( 'NONE',  ( 0.000000000000000000, -0.3390552584695135652, 0.9407664597040922283 ) ) ;
#1001 = ORIENTED_EDGE ( 'NONE', *, *, #4674, .T. ) ;
#1002 = EDGE_CURVE ( 'NONE', #842, #4462, #5859, .T. ) ;
#1003 = LINE ( 'NONE', #3008, #2802 ) ;
#1004 = CARTESIAN_POINT ( 'NONE',  ( 0.4999999999999995559, -18.20000000000000639, 64.13639844763217468 ) ) ;
#1005 = VERTEX_POINT ( 'NONE', #3370 ) ;
#1006 = VERTEX_POINT ( 'NONE', #5391 ) ;
#1007 = CARTESIAN_POINT ( 'NONE',  ( 3.999999999999994671, -2.965882636488805790, 7.800000000000001599 ) ) ;
#1008 = CARTESIAN_POINT ( 'NONE',  ( -2.000000000000022204, 22.00000000000000000, 10.80000000000000071 ) ) ;
#1009 = ORIENTED_EDGE ( 'NONE', *, *, #3012, .F. ) ;
#1010 = DIRECTION ( 'NONE',  ( 0.000000000000000000, 1.000000000000000000, 0.000000000000000000 ) ) ;
#1011 = ORIENTED_EDGE ( 'NONE', *, *, #6171, .F. ) ;
#1012 = DIRECTION ( 'NONE',  ( 9.306456416184587030E-17, 0.000000000000000000, 1.000000000000000000 ) ) ;
#1013 = DIRECTION ( 'NONE',  ( 0.000000000000000000, -1.000000000000000000, 0.000000000000000000 ) ) ;
#1014 = ORIENTED_EDGE ( 'NONE', *, *, #158, .F. ) ;
#1015 = EDGE_LOOP ( 'NONE', ( #228, #3704, #660, #6517 ) ) ;
#1016 = AXIS2_PLACEMENT_3D ( 'NONE', #2578, #6008, #6109 ) ;
#1017 = DIRECTION ( 'NONE',  ( 1.000000000000000000, 0.000000000000000000, 0.000000000000000000 ) ) ;
#1018 = CARTESIAN_POINT ( 'NONE',  ( 1.225000000000000089, -22.49999999999998934, -24.20000000000000639 ) ) ;
#1019 = DIRECTION ( 'NONE',  ( 1.000000000000000000, -6.505213034913026604E-17, 0.000000000000000000 ) ) ;
#1020 = DIRECTION ( 'NONE',  ( -0.000000000000000000, -0.000000000000000000, -1.000000000000000000 ) ) ;
#1021 = ADVANCED_FACE ( 'NONE', ( #5924 ), #1403, .F. ) ;
#1022 = CARTESIAN_POINT ( 'NONE',  ( 0.9999999999999997780, -15.50000000000000178, 64.00000000000000000 ) ) ;
#1023 = CARTESIAN_POINT ( 'NONE',  ( 0.5000000000000004441, -19.00000000000000355, 60.45831239517769262 ) ) ;
#1024 = CARTESIAN_POINT ( 'NONE',  ( 2.724999999999999201, -14.49999999999999645, -31.59999999999999787 ) ) ;
#1025 = ORIENTED_EDGE ( 'NONE', *, *, #839, .T. ) ;
#1026 = ORIENTED_EDGE ( 'NONE', *, *, #3858, .F. ) ;
#1027 = DIRECTION ( 'NONE',  ( -1.000000000000000000, -1.239088197126290817E-16, 0.000000000000000000 ) ) ;
#1028 = CARTESIAN_POINT ( 'NONE',  ( 0.4999999999999995559, -17.59691913088642323, 6.370786327052026188 ) ) ;
#1029 = CARTESIAN_POINT ( 'NONE',  ( -5.585385069297325700, -14.49999999999999645, -32.59999999999999432 ) ) ;
#1030 = VERTEX_POINT ( 'NONE', #4806 ) ;
#1031 = PLANE ( 'NONE',  #603 ) ;
#1032 = DIRECTION ( 'NONE',  ( 0.000000000000000000, -1.000000000000000000, -2.168404344971010594E-16 ) ) ;
#1033 = ORIENTED_EDGE ( 'NONE', *, *, #2507, .T. ) ;
#1034 = EDGE_CURVE ( 'NONE', #3271, #852, #290, .T. ) ;
#1035 = EDGE_CURVE ( 'NONE', #1806, #2302, #2959, .T. ) ;
#1036 = VERTEX_POINT ( 'NONE', #4056 ) ;
#1037 = DIRECTION ( 'NONE',  ( 0.000000000000000000, -5.361872562110132740E-15, 1.000000000000000000 ) ) ;
#1038 = CARTESIAN_POINT ( 'NONE',  ( -2.500000000000005773, 22.00000000000000000, 10.80000000000000071 ) ) ;
#1039 = EDGE_LOOP ( 'NONE', ( #647, #1918, #6221, #6385 ) ) ;
#1040 = CARTESIAN_POINT ( 'NONE',  ( 0.4999999999999995559, -17.18133434510090396, 5.325636248092934899 ) ) ;
#1041 = ORIENTED_EDGE ( 'NONE', *, *, #4509, .F. ) ;
#1042 = VECTOR ( 'NONE', #2413, 1000.000000000000000 ) ;
#1043 = CARTESIAN_POINT ( 'NONE',  ( -3.275000000000008793, 18.99999999999999645, -23.33700000000000330 ) ) ;
#1044 = LINE ( 'NONE', #4434, #3675 ) ;
#1045 = ORIENTED_EDGE ( 'NONE', *, *, #2154, .T. ) ;
#1046 = EDGE_CURVE ( 'NONE', #1030, #995, #66, .T. ) ;
#1047 = VERTEX_POINT ( 'NONE', #5436 ) ;
#1048 = ADVANCED_FACE ( 'NONE', ( #534 ), #952, .F. ) ;
#1049 = CARTESIAN_POINT ( 'NONE',  ( -64.14711903867025455, -6.500000000000000888, 59.65831239517768836 ) ) ;
#1050 = AXIS2_PLACEMENT_3D ( 'NONE', #4613, #1212, #6173 ) ;
#1051 = CYLINDRICAL_SURFACE ( 'NONE', #4472, 3.750000000000000000 ) ;
#1052 = CARTESIAN_POINT ( 'NONE',  ( 7.002000000000004221, -7.417561391042559293, 55.27044339804668027 ) ) ;
#1053 = FACE_BOUND ( 'NONE', #767, .T. ) ;
#1054 = AXIS2_PLACEMENT_3D ( 'NONE', #6104, #1575, #4736 ) ;
#1055 = CARTESIAN_POINT ( 'NONE',  ( 7.002000000000005997, -16.57825347598732790, 4.800000000000004263 ) ) ;
#1056 = AXIS2_PLACEMENT_3D ( 'NONE', #342, #5786, #1882 ) ;
#1057 = VECTOR ( 'NONE', #4991, 1000.000000000000000 ) ;
#1058 = CARTESIAN_POINT ( 'NONE',  ( 0.4999999999999979461, -4.500000000000000000, -18.40000000000000568 ) ) ;
#1059 =( NAMED_UNIT ( * ) SI_UNIT ( $, .STERADIAN. ) SOLID_ANGLE_UNIT ( ) );
#1060 = EDGE_CURVE ( 'NONE', #3492, #5235, #3850, .T. ) ;
#1061 = EDGE_CURVE ( 'NONE', #5674, #1221, #2546, .T. ) ;
#1062 = ORIENTED_EDGE ( 'NONE', *, *, #3812, .F. ) ;
#1063 = DIRECTION ( 'NONE',  ( 1.000000000000000000, 0.000000000000000000, -0.000000000000000000 ) ) ;
#1064 = DIRECTION ( 'NONE',  ( 0.000000000000000000, 0.000000000000000000, 1.000000000000000000 ) ) ;
#1065 = ORIENTED_EDGE ( 'NONE', *, *, #950, .T. ) ;
#1066 = LINE ( 'NONE', #1628, #2115 ) ;
#1067 = CYLINDRICAL_SURFACE ( 'NONE', #1902, 0.8000000000000003775 ) ;
#1068 = VERTEX_POINT ( 'NONE', #6503 ) ;
#1069 = VECTOR ( 'NONE', #3799, 1000.000000000000000 ) ;
#1070 = VECTOR ( 'NONE', #2678, 1000.000000000000000 ) ;
#1071 = CARTESIAN_POINT ( 'NONE',  ( 7.002000000000005109, -13.03637030922739370, 42.98973583661788922 ) ) ;
#1072 = DIRECTION ( 'NONE',  ( -1.000000000000000000, -3.252606517456513918E-17, 0.000000000000000000 ) ) ;
#1073 = ORIENTED_EDGE ( 'NONE', *, *, #5660, .T. ) ;
#1074 = DIRECTION ( 'NONE',  ( 1.000000000000000000, 1.239088197126290817E-16, -0.000000000000000000 ) ) ;
#1075 = ORIENTED_EDGE ( 'NONE', *, *, #3357, .T. ) ;
#1076 = CARTESIAN_POINT ( 'NONE',  ( 0.9999999999999991118, 6.499999999999996447, 14.00000000000000178 ) ) ;
#1077 = EDGE_CURVE ( 'NONE', #2698, #4866, #1520, .T. ) ;
#1078 = LINE ( 'NONE', #2665, #3352 ) ;
#1079 = VERTEX_POINT ( 'NONE', #4582 ) ;
#1080 = PRODUCT ( '\X2\53f34fa7677f\X0\', '\X2\53f34fa7677f\X0\', '', ( #4657 ) ) ;
#1081 = ORIENTED_EDGE ( 'NONE', *, *, #1158, .F. ) ;
#1082 = CARTESIAN_POINT ( 'NONE',  ( 4.000000000000000000, -12.75000000000000000, 40.47468587349739266 ) ) ;
#1083 = EDGE_CURVE ( 'NONE', #3003, #6433, #2922, .T. ) ;
#1084 = CARTESIAN_POINT ( 'NONE',  ( 0.4999999999999990563, -12.75000000000000000, 39.00000000000000000 ) ) ;
#1085 = EDGE_CURVE ( 'NONE', #2283, #169, #4442, .T. ) ;
#1086 = PLANE ( 'NONE',  #5679 ) ;
#1087 = CARTESIAN_POINT ( 'NONE',  ( 7.002000000000004221, -17.59691913088642679, 6.370786327052024411 ) ) ;
#1088 = CARTESIAN_POINT ( 'NONE',  ( 7.001000000000005663, -12.75000000000000000, 0.000000000000000000 ) ) ;
#1089 = VECTOR ( 'NONE', #1181, 1000.000000000000000 ) ;
#1090 = VECTOR ( 'NONE', #1012, 1000.000000000000000 ) ;
#1091 = LINE ( 'NONE', #2614, #5943 ) ;
#1092 = DIRECTION ( 'NONE',  ( 1.000000000000000000, 4.336808689942018229E-16, 0.000000000000000000 ) ) ;
#1093 = AXIS2_PLACEMENT_3D ( 'NONE', #5094, #589, #2092 ) ;
#1094 = ORIENTED_EDGE ( 'NONE', *, *, #1671, .F. ) ;
#1095 = AXIS2_PLACEMENT_3D ( 'NONE', #4589, #3098, #6087 ) ;
#1096 = CIRCLE ( 'NONE', #4784, 0.8000000000000003775 ) ;
#1097 = DIRECTION ( 'NONE',  ( -1.000000000000000000, -3.252606517456513918E-17, -0.000000000000000000 ) ) ;
#1098 = CARTESIAN_POINT ( 'NONE',  ( 0.07276463389118986713, 3.100000000000000977, -28.50000000000000355 ) ) ;
#1099 = VERTEX_POINT ( 'NONE', #3951 ) ;
#1100 = CARTESIAN_POINT ( 'NONE',  ( 0.000000000000000000, 18.99999999999999645, 0.000000000000000000 ) ) ;
#1101 = VECTOR ( 'NONE', #2709, 1000.000000000000000 ) ;
#1102 = DIRECTION ( 'NONE',  ( 1.000000000000000000, 0.000000000000000000, 0.000000000000000000 ) ) ;
#1103 = VERTEX_POINT ( 'NONE', #32 ) ;
#1104 = AXIS2_PLACEMENT_3D ( 'NONE', #1420, #1975, #3552 ) ;
#1105 = VECTOR ( 'NONE', #5078, 1000.000000000000000 ) ;
#1106 = DIRECTION ( 'NONE',  ( -3.252606517456513918E-17, 1.000000000000000000, 0.000000000000000000 ) ) ;
#1107 = CARTESIAN_POINT ( 'NONE',  ( 0.5000000000000004441, -17.32982544119416701, 55.54168760482228606 ) ) ;
#1108 = ORIENTED_EDGE ( 'NONE', *, *, #571, .T. ) ;
#1109 = LINE ( 'NONE', #5191, #744 ) ;
#1110 = VERTEX_POINT ( 'NONE', #5974 ) ;
#1111 = EDGE_CURVE ( 'NONE', #2933, #802, #3520, .T. ) ;
#1112 = CYLINDRICAL_SURFACE ( 'NONE', #828, 3.750000000000000000 ) ;
#1113 = CARTESIAN_POINT ( 'NONE',  ( 4.000000000000000000, -17.18133434510090396, 5.325636248092934899 ) ) ;
#1114 = ORIENTED_EDGE ( 'NONE', *, *, #4443, .T. ) ;
#1115 = VERTEX_POINT ( 'NONE', #2512 ) ;
#1116 = DIRECTION ( 'NONE',  ( -0.000000000000000000, 1.000000000000000000, -0.000000000000000000 ) ) ;
#1117 = PLANE ( 'NONE',  #1050 ) ;
#1118 = AXIS2_PLACEMENT_3D ( 'NONE', #5025, #2420, #6515 ) ;
#1119 = DIRECTION ( 'NONE',  ( 1.000000000000000000, 1.239088197126290570E-16, 0.000000000000000000 ) ) ;
#1120 = EDGE_CURVE ( 'NONE', #3560, #5459, #3984, .T. ) ;
#1121 = LINE ( 'NONE', #5636, #5719 ) ;
#1122 = EDGE_CURVE ( 'NONE', #6381, #5371, #462, .T. ) ;
#1123 = FACE_OUTER_BOUND ( 'NONE', #624, .T. ) ;
#1124 = CARTESIAN_POINT ( 'NONE',  ( -3.275000000000007461, 25.99999999999999645, -11.33700000000000152 ) ) ;
#1125 = CARTESIAN_POINT ( 'NONE',  ( 3.499999999999995115, -15.99999999999999645, 19.99999999999999289 ) ) ;
#1126 = EDGE_CURVE ( 'NONE', #1005, #5366, #3414, .T. ) ;
#1127 = EDGE_CURVE ( 'NONE', #3108, #5195, #985, .T. ) ;
#1128 = ORIENTED_EDGE ( 'NONE', *, *, #222, .F. ) ;
#1129 = AXIS2_PLACEMENT_3D ( 'NONE', #2742, #4758, #4253 ) ;
#1130 = PLANE ( 'NONE',  #2891 ) ;
#1131 = EDGE_CURVE ( 'NONE', #1387, #5371, #1973, .T. ) ;
#1132 = CARTESIAN_POINT ( 'NONE',  ( 0.5000000000000004441, -7.299999999999999822, 16.24526502967733421 ) ) ;
#1133 = ORIENTED_EDGE ( 'NONE', *, *, #3609, .T. ) ;
#1134 = DIRECTION ( 'NONE',  ( -1.000000000000000000, -3.252606517456514535E-17, 0.000000000000000000 ) ) ;
#1135 = VERTEX_POINT ( 'NONE', #2995 ) ;
#1136 = DIRECTION ( 'NONE',  ( -1.000000000000000000, -0.000000000000000000, -0.000000000000000000 ) ) ;
#1137 = CARTESIAN_POINT ( 'NONE',  ( -25.11153713653731145, 50.11153713653730080, 19.49880460413021765 ) ) ;
#1138 = VERTEX_POINT ( 'NONE', #2479 ) ;
#1139 = DIRECTION ( 'NONE',  ( 0.000000000000000000, 0.7071067811865500152, 0.7071067811865451302 ) ) ;
#1140 = VERTEX_POINT ( 'NONE', #5013 ) ;
#1141 = DIRECTION ( 'NONE',  ( -1.000000000000000000, -3.252606517456513918E-17, 0.000000000000000000 ) ) ;
#1142 = DIRECTION ( 'NONE',  ( -1.000000000000000000, 0.000000000000000000, 9.757819552369541139E-17 ) ) ;
#1143 = ORIENTED_EDGE ( 'NONE', *, *, #4271, .T. ) ;
#1144 = EDGE_LOOP ( 'NONE', ( #1026, #1815, #2900, #50 ) ) ;
#1145 = DIRECTION ( 'NONE',  ( -0.000000000000000000, -1.000000000000000000, -2.168404344971010840E-16 ) ) ;
#1146 = AXIS2_PLACEMENT_3D ( 'NONE', #4107, #2167, #2568 ) ;
#1147 = DIRECTION ( 'NONE',  ( 0.000000000000000000, 0.000000000000000000, -1.000000000000000000 ) ) ;
#1148 = CARTESIAN_POINT ( 'NONE',  ( 1.225000000000000311, -20.99999999999999645, -31.59999999999999787 ) ) ;
#1149 = AXIS2_PLACEMENT_3D ( 'NONE', #3581, #5170, #3215 ) ;
#1150 = LINE ( 'NONE', #1646, #4450 ) ;
#1151 = ORIENTED_EDGE ( 'NONE', *, *, #75, .F. ) ;
#1152 = VERTEX_POINT ( 'NONE', #5463 ) ;
#1153 = DIRECTION ( 'NONE',  ( -1.000000000000000000, 0.000000000000000000, -0.000000000000000000 ) ) ;
#1154 = DIRECTION ( 'NONE',  ( 3.469446951953612956E-17, -1.000000000000000000, 0.000000000000000000 ) ) ;
#1155 = ORIENTED_EDGE ( 'NONE', *, *, #2000, .T. ) ;
#1156 = AXIS2_PLACEMENT_3D ( 'NONE', #4891, #6406, #965 ) ;
#1157 = DIRECTION ( 'NONE',  ( 9.757819552369542371E-17, 0.000000000000000000, 1.000000000000000000 ) ) ;
#1158 = EDGE_CURVE ( 'NONE', #316, #2059, #499, .T. ) ;
#1159 = ORIENTED_EDGE ( 'NONE', *, *, #1399, .F. ) ;
#1160 = CARTESIAN_POINT ( 'NONE',  ( 0.000000000000000000, -22.50000000000000000, -8.076152778450535569E-15 ) ) ;
#1161 = ADVANCED_FACE ( 'NONE', ( #3061 ), #567, .F. ) ;
#1162 = AXIS2_PLACEMENT_3D ( 'NONE', #5107, #6198, #3674 ) ;
#1163 = ORIENTED_EDGE ( 'NONE', *, *, #5915, .F. ) ;
#1164 = CARTESIAN_POINT ( 'NONE',  ( 7.002000000000005109, -10.42530236141373834, 35.74488389006606326 ) ) ;
#1165 = DIRECTION ( 'NONE',  ( 1.000000000000000000, 3.252606517456513918E-17, 4.636167053988475974E-17 ) ) ;
#1166 = ORIENTED_EDGE ( 'NONE', *, *, #1759, .F. ) ;
#1167 = FACE_OUTER_BOUND ( 'NONE', #4063, .T. ) ;
#1168 = ORIENTED_EDGE ( 'NONE', *, *, #158, .T. ) ;
#1169 = CARTESIAN_POINT ( 'NONE',  ( 7.002000000000004221, -8.112691183618245816, 24.65831239517770612 ) ) ;
#1170 = VECTOR ( 'NONE', #969, 1000.000000000000000 ) ;
#1171 = LINE ( 'NONE', #88, #2642 ) ;
#1172 = VERTEX_POINT ( 'NONE', #5202 ) ;
#1173 = VECTOR ( 'NONE', #417, 1000.000000000000000 ) ;
#1174 = ADVANCED_FACE ( 'NONE', ( #5141 ), #4647, .T. ) ;
#1175 = ORIENTED_EDGE ( 'NONE', *, *, #4583, .T. ) ;
#1176 = DIRECTION ( 'NONE',  ( -0.000000000000000000, 1.000000000000000000, 1.577021341797097560E-16 ) ) ;
#1177 = EDGE_CURVE ( 'NONE', #3639, #1924, #6199, .T. ) ;
#1178 = VECTOR ( 'NONE', #232, 1000.000000000000000 ) ;
#1179 = CARTESIAN_POINT ( 'NONE',  ( 0.9999999999999904521, 18.99999999999999645, -29.19999999999999929 ) ) ;
#1180 = CARTESIAN_POINT ( 'NONE',  ( 7.000000000000000000, 11.74999999999999645, 17.80000000000000426 ) ) ;
#1181 = DIRECTION ( 'NONE',  ( -1.000000000000000000, -3.252606517456513918E-17, -4.636167053988474742E-17 ) ) ;
#1182 = EDGE_LOOP ( 'NONE', ( #4965, #2257, #5167, #5425 ) ) ;
#1183 = ORIENTED_EDGE ( 'NONE', *, *, #2251, .F. ) ;
#1184 = CARTESIAN_POINT ( 'NONE',  ( 4.000000000000000000, -8.087544543006945474, 15.34168760482228500 ) ) ;
#1185 = CARTESIAN_POINT ( 'NONE',  ( 1.000000000000000000, -18.20000000000000639, 64.93639844763217184 ) ) ;
#1186 = AXIS2_PLACEMENT_3D ( 'NONE', #2978, #82, #6070 ) ;
#1187 = ORIENTED_EDGE ( 'NONE', *, *, #6211, .F. ) ;
#1188 = CARTESIAN_POINT ( 'NONE',  ( 6.225000000000001421, -2.999999999999998668, -29.20000000000000284 ) ) ;
#1189 = AXIS2_PLACEMENT_3D ( 'NONE', #2675, #4180, #1440 ) ;
#1190 = AXIS2_PLACEMENT_3D ( 'NONE', #1258, #2219, #3262 ) ;
#1191 = ORIENTED_EDGE ( 'NONE', *, *, #2421, .T. ) ;
#1192 = CARTESIAN_POINT ( 'NONE',  ( -63.03173803727769808, -7.300000000000001599, 15.44526502967734416 ) ) ;
#1193 = CIRCLE ( 'NONE', #43, 0.8000000000000003775 ) ;
#1194 = ORIENTED_EDGE ( 'NONE', *, *, #4213, .T. ) ;
#1195 = EDGE_CURVE ( 'NONE', #557, #4900, #1580, .T. ) ;
#1196 = DIRECTION ( 'NONE',  ( -1.000000000000000000, -1.239088197126290570E-16, 0.000000000000000000 ) ) ;
#1197 = DIRECTION ( 'NONE',  ( 1.000000000000000000, -0.000000000000000000, -0.000000000000000000 ) ) ;
#1198 = ADVANCED_FACE ( 'NONE', ( #4143 ), #1086, .F. ) ;
#1199 = AXIS2_PLACEMENT_3D ( 'NONE', #5340, #2835, #4850 ) ;
#1200 = CIRCLE ( 'NONE', #6470, 0.8000000000000003775 ) ;
#1201 = ORIENTED_EDGE ( 'NONE', *, *, #1642, .F. ) ;
#1202 = CARTESIAN_POINT ( 'NONE',  ( 1.225000000000000089, -22.49999999999998934, -31.59999999999999787 ) ) ;
#1203 = ORIENTED_EDGE ( 'NONE', *, *, #2432, .F. ) ;
#1204 = DIRECTION ( 'NONE',  ( 2.137109857948075318E-17, -0.6570453101161650711, -0.7538510863919692939 ) ) ;
#1205 = DIRECTION ( 'NONE',  ( 6.570922257487903830E-17, 0.000000000000000000, 1.000000000000000000 ) ) ;
#1206 = VECTOR ( 'NONE', #3987, 1000.000000000000000 ) ;
#1207 = ORIENTED_EDGE ( 'NONE', *, *, #6367, .T. ) ;
#1208 = VECTOR ( 'NONE', #1677, 1000.000000000000000 ) ;
#1209 = ORIENTED_EDGE ( 'NONE', *, *, #6337, .T. ) ;
#1210 = LINE ( 'NONE', #1082, #4643 ) ;
#1211 = VECTOR ( 'NONE', #2083, 1000.000000000000000 ) ;
#1212 = DIRECTION ( 'NONE',  ( 0.000000000000000000, -1.000000000000000000, -2.168404344971010594E-16 ) ) ;
#1213 = PLANE ( 'NONE',  #3482 ) ;
#1214 = DIRECTION ( 'NONE',  ( 0.000000000000000000, 1.000000000000000000, 0.000000000000000000 ) ) ;
#1215 = VERTEX_POINT ( 'NONE', #129 ) ;
#1216 = ORIENTED_EDGE ( 'NONE', *, *, #2266, .F. ) ;
#1217 = CYLINDRICAL_SURFACE ( 'NONE', #6167, 3.999999999999998224 ) ;
#1218 = CARTESIAN_POINT ( 'NONE',  ( 0.000000000000000000, 0.000000000000000000, 0.000000000000000000 ) ) ;
#1219 = LINE ( 'NONE', #5238, #3169 ) ;
#1220 = DIRECTION ( 'NONE',  ( -0.000000000000000000, 1.188166764367676095E-16, -1.000000000000000000 ) ) ;
#1221 = VERTEX_POINT ( 'NONE', #5232 ) ;
#1222 = DIRECTION ( 'NONE',  ( 3.252606517456513918E-17, -1.000000000000000000, 0.000000000000000000 ) ) ;
#1223 = ORIENTED_EDGE ( 'NONE', *, *, #4591, .T. ) ;
#1224 = LINE ( 'NONE', #2836, #4956 ) ;
#1225 = ADVANCED_FACE ( 'NONE', ( #190 ), #1117, .T. ) ;
#1226 = VERTEX_POINT ( 'NONE', #3092 ) ;
#1227 = LINE ( 'NONE', #208, #4039 ) ;
#1228 = LINE ( 'NONE', #280, #3464 ) ;
#1229 = EDGE_LOOP ( 'NONE', ( #2561, #3292, #2415, #350, #3238, #2169, #2847, #6191, #3703, #2519, #3658, #6437, #4103, #1848, #4457, #4073, #2270 ) ) ;
#1230 = DIRECTION ( 'NONE',  ( -1.000000000000000000, -1.239088197126290570E-16, 0.000000000000000000 ) ) ;
#1231 = ORIENTED_EDGE ( 'NONE', *, *, #5749, .T. ) ;
#1232 = CARTESIAN_POINT ( 'NONE',  ( 0.000000000000000000, 0.000000000000000000, -18.39999999999999858 ) ) ;
#1233 = EDGE_CURVE ( 'NONE', #2540, #2377, #726, .T. ) ;
#1234 = CARTESIAN_POINT ( 'NONE',  ( 4.225000000000000533, -13.99999999999999822, -19.59999999999999787 ) ) ;
#1235 = ORIENTED_EDGE ( 'NONE', *, *, #3224, .T. ) ;
#1236 = ORIENTED_EDGE ( 'NONE', *, *, #4211, .T. ) ;
#1237 = CARTESIAN_POINT ( 'NONE',  ( 1.000000000000000000, -12.75000000000000178, 37.52531412650260734 ) ) ;
#1238 = DIRECTION ( 'NONE',  ( 9.757819552369541139E-17, 0.000000000000000000, 1.000000000000000000 ) ) ;
#1239 = EDGE_CURVE ( 'NONE', #1688, #637, #4625, .T. ) ;
#1240 = LINE ( 'NONE', #5328, #5358 ) ;
#1241 = FACE_BOUND ( 'NONE', #4957, .T. ) ;
#1242 = EDGE_CURVE ( 'NONE', #6168, #4710, #6419, .T. ) ;
#1243 = CYLINDRICAL_SURFACE ( 'NONE', #5294, 0.8000000000000020428 ) ;
#1244 = ORIENTED_EDGE ( 'NONE', *, *, #4347, .T. ) ;
#1245 = ORIENTED_EDGE ( 'NONE', *, *, #5559, .F. ) ;
#1246 = FACE_OUTER_BOUND ( 'NONE', #4367, .T. ) ;
#1247 = CIRCLE ( 'NONE', #1146, 0.8000000000000003775 ) ;
#1248 = CARTESIAN_POINT ( 'NONE',  ( 7.001000000000008328, -8.849999999999999645, 71.00000000000000000 ) ) ;
#1249 = CARTESIAN_POINT ( 'NONE',  ( 0.9999999999999993339, -0.5000000000000065503, 62.50000000000000000 ) ) ;
#1250 = EDGE_CURVE ( 'NONE', #4999, #1825, #4198, .T. ) ;
#1251 = EDGE_CURVE ( 'NONE', #3456, #5879, #3122, .T. ) ;
#1252 = CARTESIAN_POINT ( 'NONE',  ( 0.5000000000000004441, -19.00000000000000355, 50.28776832031181243 ) ) ;
#1253 = VERTEX_POINT ( 'NONE', #5698 ) ;
#1254 = DIRECTION ( 'NONE',  ( -0.000000000000000000, 1.000000000000000000, -0.000000000000000000 ) ) ;
#1255 = ORIENTED_EDGE ( 'NONE', *, *, #3673, .T. ) ;
#1256 = VECTOR ( 'NONE', #6165, 1000.000000000000000 ) ;
#1257 = AXIS2_PLACEMENT_3D ( 'NONE', #5057, #2555, #4555 ) ;
#1258 = CARTESIAN_POINT ( 'NONE',  ( 4.000000000000000000, -12.75000000000000000, 39.00000000000000000 ) ) ;
#1259 = CARTESIAN_POINT ( 'NONE',  ( 1.999999999999999112, 6.499999999999996447, 4.000000000000000888 ) ) ;
#1260 = ORIENTED_EDGE ( 'NONE', *, *, #3032, .T. ) ;
#1261 = AXIS2_PLACEMENT_3D ( 'NONE', #623, #1139, #2629 ) ;
#1262 = CARTESIAN_POINT ( 'NONE',  ( 1.225000000000000089, -22.49999999999998934, -31.59999999999999787 ) ) ;
#1263 = ORIENTED_EDGE ( 'NONE', *, *, #2251, .T. ) ;
#1264 = VECTOR ( 'NONE', #999, 1000.000000000000000 ) ;
#1265 = LINE ( 'NONE', #2224, #2631 ) ;
#1266 = CARTESIAN_POINT ( 'NONE',  ( 0.4999999999999995559, -17.32982544119417057, 22.45831239517770328 ) ) ;
#1267 = EDGE_CURVE ( 'NONE', #2503, #5674, #1643, .T. ) ;
#1268 = ORIENTED_EDGE ( 'NONE', *, *, #2124, .T. ) ;
#1269 = VECTOR ( 'NONE', #1842, 1000.000000000000000 ) ;
#1270 = ORIENTED_EDGE ( 'NONE', *, *, #5339, .T. ) ;
#1271 = DIRECTION ( 'NONE',  ( 4.499821325281046023E-17, -0.3390552584695132321, 0.9407664597040923393 ) ) ;
#1272 = CIRCLE ( 'NONE', #4755, 0.8000000000000003775 ) ;
#1273 = CARTESIAN_POINT ( 'NONE',  ( 2.724999999999999645, -10.99999999999999822, -34.20000000000000284 ) ) ;
#1274 = VERTEX_POINT ( 'NONE', #4744 ) ;
#1275 = DIRECTION ( 'NONE',  ( -2.378805816452450016E-17, 0.7313537016191671292, 0.6819983600625021403 ) ) ;
#1276 = CARTESIAN_POINT ( 'NONE',  ( 0.9999999999999991118, 3.999999999999998224, 64.15000000000000568 ) ) ;
#1277 = CYLINDRICAL_SURFACE ( 'NONE', #5703, 5.000000000000000888 ) ;
#1278 = CARTESIAN_POINT ( 'NONE',  ( 0.5000000000000004441, -19.00000000000000355, 64.13639844763217468 ) ) ;
#1279 = ADVANCED_FACE ( 'NONE', ( #1612 ), #3642, .F. ) ;
#1280 = VERTEX_POINT ( 'NONE', #3707 ) ;
#1281 = LINE ( 'NONE', #4813, #690 ) ;
#1282 = CARTESIAN_POINT ( 'NONE',  ( 6.999999999999999112, -22.50000000000001421, 75.00000000000000000 ) ) ;
#1283 = CARTESIAN_POINT ( 'NONE',  ( 1.225000000000000311, -14.49999999999999645, -31.59999999999999787 ) ) ;
#1284 = EDGE_CURVE ( 'NONE', #3432, #5214, #4737, .T. ) ;
#1285 = DIRECTION ( 'NONE',  ( -0.000000000000000000, -1.000000000000000000, -0.000000000000000000 ) ) ;
#1286 = ORIENTED_EDGE ( 'NONE', *, *, #70, .F. ) ;
#1287 = DIRECTION ( 'NONE',  ( 1.000000000000000000, 3.252606517456513918E-17, -0.000000000000000000 ) ) ;
#1288 = ORIENTED_EDGE ( 'NONE', *, *, #3748, .T. ) ;
#1289 = EDGE_CURVE ( 'NONE', #5221, #2527, #663, .T. ) ;
#1290 = DIRECTION ( 'NONE',  ( -9.306456416184587030E-17, 0.000000000000000000, -1.000000000000000000 ) ) ;
#1291 = AXIS2_PLACEMENT_3D ( 'NONE', #3846, #6328, #1214 ) ;
#1292 = CYLINDRICAL_SURFACE ( 'NONE', #1683, 2.050000000000001599 ) ;
#1293 = ORIENTED_EDGE ( 'NONE', *, *, #1289, .T. ) ;
#1294 = DIRECTION ( 'NONE',  ( -1.000000000000000000, -3.252606517456513302E-17, -2.535569890667617935E-16 ) ) ;
#1295 = ORIENTED_EDGE ( 'NONE', *, *, #2509, .F. ) ;
#1296 = CIRCLE ( 'NONE', #4988, 0.8000000000000003775 ) ;
#1297 = FACE_OUTER_BOUND ( 'NONE', #267, .T. ) ;
#1298 = VERTEX_POINT ( 'NONE', #4236 ) ;
#1299 = EDGE_LOOP ( 'NONE', ( #2323, #5916, #29, #6279, #5157, #619 ) ) ;
#1300 = VECTOR ( 'NONE', #736, 1000.000000000000000 ) ;
#1301 = AXIS2_PLACEMENT_3D ( 'NONE', #3914, #920, #953 ) ;
#1302 = LINE ( 'NONE', #1335, #5201 ) ;
#1303 = EDGE_CURVE ( 'NONE', #1274, #286, #3044, .T. ) ;
#1304 = DIRECTION ( 'NONE',  ( 0.000000000000000000, -0.000000000000000000, 1.000000000000000000 ) ) ;
#1305 = VERTEX_POINT ( 'NONE', #2173 ) ;
#1306 = DIRECTION ( 'NONE',  ( -0.7071067811865505703, 0.5171451618607934009, 0.4822456651582981424 ) ) ;
#1307 = VECTOR ( 'NONE', #2080, 1000.000000000000000 ) ;
#1308 = CARTESIAN_POINT ( 'NONE',  ( 7.000000000000000000, 1.959434878635768681E-16, -21.60000000000000142 ) ) ;
#1309 = CARTESIAN_POINT ( 'NONE',  ( -0.5000000000000082157, 27.19999999999999574, -16.33699999999999974 ) ) ;
#1310 = CIRCLE ( 'NONE', #6068, 0.7999999999999986011 ) ;
#1311 = CARTESIAN_POINT ( 'NONE',  ( -4.501000000000007439, 3.999999999999998224, 64.15000000000000568 ) ) ;
#1312 = EDGE_LOOP ( 'NONE', ( #2825, #4301, #5649, #5771 ) ) ;
#1313 = CARTESIAN_POINT ( 'NONE',  ( 4.000000000000000000, -11.65374246116384960, 43.51643879716585417 ) ) ;
#1314 = CARTESIAN_POINT ( 'NONE',  ( 7.000000000000000000, 0.000000000000000000, -18.39999999999999858 ) ) ;
#1315 = EDGE_CURVE ( 'NONE', #5458, #2194, #5864, .T. ) ;
#1316 = LINE ( 'NONE', #4847, #3615 ) ;
#1317 = EDGE_CURVE ( 'NONE', #4262, #6168, #293, .T. ) ;
#1318 = ADVANCED_FACE ( 'NONE', ( #5295 ), #352, .T. ) ;
#1319 = VERTEX_POINT ( 'NONE', #3278 ) ;
#1320 = ADVANCED_FACE ( 'NONE', ( #3340 ), #3775, .F. ) ;
#1321 = DIRECTION ( 'NONE',  ( -1.000000000000000000, -1.239088197126290570E-16, 0.000000000000000000 ) ) ;
#1322 = CARTESIAN_POINT ( 'NONE',  ( -0.5000000000000077716, 27.19999999999999574, -11.33700000000000152 ) ) ;
#1323 = EDGE_CURVE ( 'NONE', #3905, #4120, #4774, .T. ) ;
#1324 = ADVANCED_FACE ( 'NONE', ( #386 ), #3245, .T. ) ;
#1325 = ORIENTED_EDGE ( 'NONE', *, *, #645, .T. ) ;
#1326 = EDGE_CURVE ( 'NONE', #5668, #4162, #2731, .T. ) ;
#1327 = VECTOR ( 'NONE', #2006, 1000.000000000000000 ) ;
#1328 = CARTESIAN_POINT ( 'NONE',  ( 4.000000000000000000, -14.78702399854024208, 43.17738353869633983 ) ) ;
#1329 = CARTESIAN_POINT ( 'NONE',  ( 4.000000000000000000, -10.71297600145975792, 34.82261646130366017 ) ) ;
#1330 = ORIENTED_EDGE ( 'NONE', *, *, #5, .T. ) ;
#1331 = LINE ( 'NONE', #1361, #6426 ) ;
#1332 = DIRECTION ( 'NONE',  ( 1.165692616471626712E-16, -0.9407664597040922283, 0.3390552584695133986 ) ) ;
#1333 = ORIENTED_EDGE ( 'NONE', *, *, #20, .F. ) ;
#1334 = ORIENTED_EDGE ( 'NONE', *, *, #832, .F. ) ;
#1335 = CARTESIAN_POINT ( 'NONE',  ( 2.999999999999999112, 3.805842560179955480, 69.15558256377492796 ) ) ;
#1336 = DIRECTION ( 'NONE',  ( -1.000000000000000000, -1.239088197126290570E-16, 0.000000000000000000 ) ) ;
#1337 = VERTEX_POINT ( 'NONE', #5359 ) ;
#1338 = DIRECTION ( 'NONE',  ( 0.000000000000000000, 0.000000000000000000, -1.000000000000000000 ) ) ;
#1339 = DIRECTION ( 'NONE',  ( 1.000000000000000000, -0.000000000000000000, -9.306456416184588263E-17 ) ) ;
#1340 = CARTESIAN_POINT ( 'NONE',  ( -0.5000000000000077716, 18.99999999999999645, -13.70000000000000284 ) ) ;
#1341 = ADVANCED_FACE ( 'NONE', ( #2273 ), #4304, .F. ) ;
#1342 = ORIENTED_EDGE ( 'NONE', *, *, #4506, .T. ) ;
#1343 = DIRECTION ( 'NONE',  ( 1.000000000000000000, -6.505213034913026604E-17, 0.000000000000000000 ) ) ;
#1344 = ORIENTED_EDGE ( 'NONE', *, *, #625, .T. ) ;
#1345 = CARTESIAN_POINT ( 'NONE',  ( 4.000000000000000000, -10.71297600145975792, 43.17738353869633983 ) ) ;
#1346 = DIRECTION ( 'NONE',  ( 0.000000000000000000, 1.000000000000000000, 0.000000000000000000 ) ) ;
#1347 = FACE_OUTER_BOUND ( 'NONE', #1998, .T. ) ;
#1348 = ORIENTED_EDGE ( 'NONE', *, *, #4379, .F. ) ;
#1349 = ADVANCED_FACE ( 'NONE', ( #4273 ), #4869, .T. ) ;
#1350 = AXIS2_PLACEMENT_3D ( 'NONE', #4671, #5826, #1386 ) ;
#1351 = PLANE ( 'NONE',  #6063 ) ;
#1352 = PLANE ( 'NONE',  #6431 ) ;
#1353 = VERTEX_POINT ( 'NONE', #6389 ) ;
#1354 = VERTEX_POINT ( 'NONE', #1276 ) ;
#1355 = DIRECTION ( 'NONE',  ( 0.000000000000000000, -0.3390552584695133431, -0.9407664597040923393 ) ) ;
#1356 = AXIS2_PLACEMENT_3D ( 'NONE', #695, #224, #3151 ) ;
#1357 = EDGE_CURVE ( 'NONE', #449, #4037, #2855, .T. ) ;
#1358 = FACE_OUTER_BOUND ( 'NONE', #5392, .T. ) ;
#1359 = VERTEX_POINT ( 'NONE', #818 ) ;
#1360 = EDGE_CURVE ( 'NONE', #5547, #3567, #1797, .T. ) ;
#1361 = CARTESIAN_POINT ( 'NONE',  ( 4.000000000000000000, -13.00000000000000178, -19.20000000000000639 ) ) ;
#1362 = CIRCLE ( 'NONE', #6218, 0.8000000000000003775 ) ;
#1363 = FACE_OUTER_BOUND ( 'NONE', #4641, .T. ) ;
#1364 = ORIENTED_EDGE ( 'NONE', *, *, #556, .T. ) ;
#1365 = EDGE_CURVE ( 'NONE', #3935, #5284, #4904, .T. ) ;
#1366 = VERTEX_POINT ( 'NONE', #1308 ) ;
#1367 = DIRECTION ( 'NONE',  ( -9.306456416184588263E-17, -0.000000000000000000, -1.000000000000000000 ) ) ;
#1368 = VECTOR ( 'NONE', #2190, 1000.000000000000000 ) ;
#1369 = PRESENTATION_LAYER_ASSIGNMENT (  '', '', ( #3781 ) ) ;
#1370 = VERTEX_POINT ( 'NONE', #3313 ) ;
#1371 = DIRECTION ( 'NONE',  ( -1.239088197126290570E-16, 1.000000000000000000, -0.000000000000000000 ) ) ;
#1372 = ORIENTED_EDGE ( 'NONE', *, *, #2071, .F. ) ;
#1373 = LINE ( 'NONE', #4333, #3819 ) ;
#1374 = DIRECTION ( 'NONE',  ( 1.176334233040897053E-17, -0.3390552584695133986, -0.9407664597040922283 ) ) ;
#1375 = CARTESIAN_POINT ( 'NONE',  ( 7.002000000000005109, -18.20000000000000639, 64.93639844763217184 ) ) ;
#1376 = VERTEX_POINT ( 'NONE', #322 ) ;
#1377 = DIRECTION ( 'NONE',  ( 0.000000000000000000, 1.000000000000000000, 0.000000000000000000 ) ) ;
#1378 = CYLINDRICAL_SURFACE ( 'NONE', #128, 0.7999999999999986011 ) ;
#1379 = DIRECTION ( 'NONE',  ( -0.000000000000000000, -0.000000000000000000, -1.000000000000000000 ) ) ;
#1380 = CIRCLE ( 'NONE', #6233, 0.8000000000000003775 ) ;
#1381 = VECTOR ( 'NONE', #727, 1000.000000000000000 ) ;
#1382 = ORIENTED_EDGE ( 'NONE', *, *, #4379, .T. ) ;
#1383 = EDGE_CURVE ( 'NONE', #5739, #5384, #2337, .T. ) ;
#1384 = CARTESIAN_POINT ( 'NONE',  ( 0.9999999999999904521, 16.99999999999999645, -29.19999999999999929 ) ) ;
#1385 = CARTESIAN_POINT ( 'NONE',  ( 0.9999999999999995559, -8.112691183618245816, 24.65831239517770612 ) ) ;
#1386 = DIRECTION ( 'NONE',  ( 0.000000000000000000, 0.000000000000000000, 1.000000000000000000 ) ) ;
#1387 = VERTEX_POINT ( 'NONE', #5260 ) ;
#1388 = EDGE_CURVE ( 'NONE', #2953, #2858, #1240, .T. ) ;
#1389 = ORIENTED_EDGE ( 'NONE', *, *, #1111, .T. ) ;
#1390 = DIRECTION ( 'NONE',  ( -4.499821325281046023E-17, 0.3390552584695132321, 0.9407664597040923393 ) ) ;
#1391 = DIRECTION ( 'NONE',  ( 1.000000000000000000, -0.000000000000000000, -9.757819552369542371E-17 ) ) ;
#1392 = EDGE_LOOP ( 'NONE', ( #5554, #5853, #5529, #3071 ) ) ;
#1393 = FACE_OUTER_BOUND ( 'NONE', #769, .T. ) ;
#1394 = DIRECTION ( 'NONE',  ( 3.252606517456513918E-17, -1.000000000000000000, 0.000000000000000000 ) ) ;
#1395 = ORIENTED_EDGE ( 'NONE', *, *, #6147, .F. ) ;
#1396 = EDGE_CURVE ( 'NONE', #5982, #1621, #5768, .T. ) ;
#1397 = ORIENTED_EDGE ( 'NONE', *, *, #5040, .T. ) ;
#1398 = CIRCLE ( 'NONE', #982, 4.500000000000003553 ) ;
#1399 = EDGE_CURVE ( 'NONE', #4159, #4283, #4522, .T. ) ;
#1400 = DIRECTION ( 'NONE',  ( 1.000000000000000000, 1.239088197126290570E-16, 0.000000000000000000 ) ) ;
#1401 = AXIS2_PLACEMENT_3D ( 'NONE', #3403, #3438, #2985 ) ;
#1402 = ORIENTED_EDGE ( 'NONE', *, *, #4297, .T. ) ;
#1403 = CYLINDRICAL_SURFACE ( 'NONE', #4166, 0.7999999999999986011 ) ;
#1404 = ORIENTED_EDGE ( 'NONE', *, *, #1251, .F. ) ;
#1405 = CARTESIAN_POINT ( 'NONE',  ( 0.4999999999999970024, -12.20000000000000107, -4.800000000000000711 ) ) ;
#1406 = CIRCLE ( 'NONE', #5403, 0.7999999999999986011 ) ;
#1407 = VECTOR ( 'NONE', #4889, 1000.000000000000000 ) ;
#1408 = LINE ( 'NONE', #659, #1777 ) ;
#1409 = ORIENTED_EDGE ( 'NONE', *, *, #5290, .F. ) ;
#1410 = DIRECTION ( 'NONE',  ( 0.000000000000000000, -0.000000000000000000, 1.000000000000000000 ) ) ;
#1411 = VECTOR ( 'NONE', #1773, 1000.000000000000000 ) ;
#1412 = VERTEX_POINT ( 'NONE', #3407 ) ;
#1413 = AXIS2_PLACEMENT_3D ( 'NONE', #1417, #4406, #3286 ) ;
#1414 = VECTOR ( 'NONE', #4915, 1000.000000000000114 ) ;
#1415 = CARTESIAN_POINT ( 'NONE',  ( 4.000000000000000000, -16.57825347598732790, 4.800000000000004263 ) ) ;
#1416 = CARTESIAN_POINT ( 'NONE',  ( 7.002000000000006885, -17.44738683223673092, 27.44098747291256402 ) ) ;
#1417 = CARTESIAN_POINT ( 'NONE',  ( 1.000000000000000888, -17.32982544119416701, 55.54168760482228606 ) ) ;
#1418 = CIRCLE ( 'NONE', #2481, 0.7999999999999986011 ) ;
#1419 = AXIS2_PLACEMENT_3D ( 'NONE', #4720, #5742, #1708 ) ;
#1420 = CARTESIAN_POINT ( 'NONE',  ( 4.000000000000000000, -9.960362833696484230, 35.09386066807927307 ) ) ;
#1421 = VERTEX_POINT ( 'NONE', #5457 ) ;
#1422 = EDGE_CURVE ( 'NONE', #1366, #2901, #4309, .T. ) ;
#1423 = VECTOR ( 'NONE', #1097, 1000.000000000000000 ) ;
#1424 = DIRECTION ( 'NONE',  ( 1.000000000000000000, -0.000000000000000000, -9.757819552369542371E-17 ) ) ;
#1425 = CARTESIAN_POINT ( 'NONE',  ( 3.000000000000000000, 16.99999999999999645, 55.00658097017269910 ) ) ;
#1426 = CARTESIAN_POINT ( 'NONE',  ( 7.002000000000005109, -9.960362833696484230, 42.90613933192072693 ) ) ;
#1427 = EDGE_CURVE ( 'NONE', #5087, #2749, #561, .T. ) ;
#1428 = VERTEX_POINT ( 'NONE', #943 ) ;
#1429 = ORIENTED_EDGE ( 'NONE', *, *, #6059, .F. ) ;
#1430 = CARTESIAN_POINT ( 'NONE',  ( 4.000000000000000000, -9.960362833696484230, 42.90613933192072693 ) ) ;
#1431 = DIRECTION ( 'NONE',  ( 1.000000000000000000, 0.000000000000000000, -0.000000000000000000 ) ) ;
#1432 = ORIENTED_EDGE ( 'NONE', *, *, #5434, .F. ) ;
#1433 = PLANE ( 'NONE',  #5971 ) ;
#1434 = AXIS2_PLACEMENT_3D ( 'NONE', #6023, #1537, #1503 ) ;
#1435 = LINE ( 'NONE', #2908, #226 ) ;
#1436 = ORIENTED_EDGE ( 'NONE', *, *, #176, .F. ) ;
#1437 = ORIENTED_EDGE ( 'NONE', *, *, #1919, .F. ) ;
#1438 = CARTESIAN_POINT ( 'NONE',  ( -4.501000000000007439, -17.00000000000000000, -13.25000000000000178 ) ) ;
#1439 = ORIENTED_EDGE ( 'NONE', *, *, #5499, .T. ) ;
#1440 = DIRECTION ( 'NONE',  ( 0.000000000000000000, -0.8917953516752833432, 0.4524390022205841411 ) ) ;
#1441 = ORIENTED_EDGE ( 'NONE', *, *, #271, .T. ) ;
#1442 = CARTESIAN_POINT ( 'NONE',  ( 19.11077027627482394, 22.00000000000000000, -11.20000000000000284 ) ) ;
#1443 = CARTESIAN_POINT ( 'NONE',  ( 4.000000000000000000, -19.00000000000001066, 23.13299826867507036 ) ) ;
#1444 = ORIENTED_EDGE ( 'NONE', *, *, #4777, .T. ) ;
#1445 = CARTESIAN_POINT ( 'NONE',  ( 1.000000000000000000, -18.08243860895744604, 22.72955660195331618 ) ) ;
#1446 = ORIENTED_EDGE ( 'NONE', *, *, #434, .T. ) ;
#1447 = ADVANCED_FACE ( 'NONE', ( #5008 ), #1929, .F. ) ;
#1448 = CIRCLE ( 'NONE', #1969, 2.049999999999999822 ) ;
#1449 = DIRECTION ( 'NONE',  ( 0.000000000000000000, 0.000000000000000000, -1.000000000000000000 ) ) ;
#1450 = EDGE_CURVE ( 'NONE', #6443, #4385, #6078, .T. ) ;
#1451 = CARTESIAN_POINT ( 'NONE',  ( 7.002000000000005109, -15.07469763858625811, 35.74488389006606326 ) ) ;
#1452 = DIRECTION ( 'NONE',  ( 0.000000000000000000, 1.000000000000000000, 0.000000000000000000 ) ) ;
#1453 = CARTESIAN_POINT ( 'NONE',  ( 7.001000000000002110, -0.9999999999999943379, -37.00000000000000000 ) ) ;
#1454 = PLANE ( 'NONE',  #2997 ) ;
#1455 = ORIENTED_EDGE ( 'NONE', *, *, #5305, .T. ) ;
#1456 = PLANE ( 'NONE',  #1199 ) ;
#1457 = DIRECTION ( 'NONE',  ( -1.000000000000000000, -1.239088197126290570E-16, 0.000000000000000000 ) ) ;
#1458 = DIRECTION ( 'NONE',  ( 0.000000000000000000, 1.000000000000000000, -0.000000000000000000 ) ) ;
#1459 = ORIENTED_EDGE ( 'NONE', *, *, #4593, .T. ) ;
#1460 = ORIENTED_EDGE ( 'NONE', *, *, #1085, .F. ) ;
#1461 = CARTESIAN_POINT ( 'NONE',  ( 7.001000000000002110, -2.999999999999996447, -37.00000000000000000 ) ) ;
#1462 = LINE ( 'NONE', #2971, #538 ) ;
#1463 = EDGE_LOOP ( 'NONE', ( #5931, #5579, #2518, #3636, #628, #1459 ) ) ;
#1464 = CARTESIAN_POINT ( 'NONE',  ( 7.000000000000000000, 6.499999999999996447, 4.000000000000000000 ) ) ;
#1465 = DIRECTION ( 'NONE',  ( 1.000000000000000000, 1.239088197126290570E-16, 0.000000000000000000 ) ) ;
#1466 = ORIENTED_EDGE ( 'NONE', *, *, #6246, .T. ) ;
#1467 = ORIENTED_EDGE ( 'NONE', *, *, #370, .T. ) ;
#1468 = VECTOR ( 'NONE', #2075, 1000.000000000000000 ) ;
#1469 = ADVANCED_FACE ( 'NONE', ( #3439 ), #3945, .F. ) ;
#1470 = DIRECTION ( 'NONE',  ( -1.000000000000000000, -3.252606517456513302E-17, -4.636167053988480905E-17 ) ) ;
#1471 = PLANE ( 'NONE',  #6267 ) ;
#1472 = VERTEX_POINT ( 'NONE', #1895 ) ;
#1473 = DIRECTION ( 'NONE',  ( -1.165692616471626958E-16, 0.9407664597040923393, 0.3390552584695133431 ) ) ;
#1474 = ORIENTED_EDGE ( 'NONE', *, *, #2543, .F. ) ;
#1475 = EDGE_CURVE ( 'NONE', #4110, #61, #1548, .T. ) ;
#1476 = CARTESIAN_POINT ( 'NONE',  ( -4.501000000000007439, 3.999999999999998224, 62.50000000000000000 ) ) ;
#1477 = ADVANCED_FACE ( 'NONE', ( #6455 ), #527, .T. ) ;
#1478 = DIRECTION ( 'NONE',  ( 1.176334233040896899E-17, -0.3390552584695133431, -0.9407664597040923393 ) ) ;
#1479 = ORIENTED_EDGE ( 'NONE', *, *, #279, .F. ) ;
#1480 = ORIENTED_EDGE ( 'NONE', *, *, #5488, .F. ) ;
#1481 = VECTOR ( 'NONE', #421, 1000.000000000000000 ) ;
#1482 = CARTESIAN_POINT ( 'NONE',  ( 4.500000000000000888, 6.500000000000000000, -29.19999999999999929 ) ) ;
#1483 = DIRECTION ( 'NONE',  ( -1.000000000000000000, -1.239088197126290570E-16, 0.000000000000000000 ) ) ;
#1484 = AXIS2_PLACEMENT_3D ( 'NONE', #2138, #693, #2726 ) ;
#1485 = CARTESIAN_POINT ( 'NONE',  ( 7.000000000000000000, -2.999999999999997335, -34.20000000000000284 ) ) ;
#1486 = CARTESIAN_POINT ( 'NONE',  ( 4.000000000000000000, -14.78702399854024208, 43.17738353869633983 ) ) ;
#1487 = EDGE_CURVE ( 'NONE', #4599, #3556, #1044, .T. ) ;
#1488 = LINE ( 'NONE', #5542, #4250 ) ;
#1489 = EDGE_CURVE ( 'NONE', #1337, #4231, #4507, .T. ) ;
#1490 = DIRECTION ( 'NONE',  ( -1.000000000000000000, -0.000000000000000000, 0.000000000000000000 ) ) ;
#1491 = AXIS2_PLACEMENT_3D ( 'NONE', #1266, #249, #2261 ) ;
#1492 = CYLINDRICAL_SURFACE ( 'NONE', #3768, 2.049999999999999822 ) ;
#1493 = VECTOR ( 'NONE', #5975, 1000.000000000000000 ) ;
#1494 = ADVANCED_FACE ( 'NONE', ( #1513 ), #6000, .F. ) ;
#1495 = ORIENTED_EDGE ( 'NONE', *, *, #5386, .T. ) ;
#1496 = ORIENTED_EDGE ( 'NONE', *, *, #4098, .T. ) ;
#1497 = DIRECTION ( 'NONE',  ( 0.000000000000000000, 0.000000000000000000, 1.000000000000000000 ) ) ;
#1498 = CARTESIAN_POINT ( 'NONE',  ( 0.4999999999999970024, -5.299999999999999822, -4.800000000000000711 ) ) ;
#1499 = VECTOR ( 'NONE', #4212, 1000.000000000000000 ) ;
#1500 = CYLINDRICAL_SURFACE ( 'NONE', #6056, 0.8000000000000003775 ) ;
#1501 = EDGE_CURVE ( 'NONE', #1869, #674, #3477, .T. ) ;
#1502 = ORIENTED_EDGE ( 'NONE', *, *, #5592, .T. ) ;
#1503 = DIRECTION ( 'NONE',  ( -1.355252715606879803E-16, 1.000000000000000000, 0.000000000000000000 ) ) ;
#1504 = DIRECTION ( 'NONE',  ( -1.000000000000000000, -3.252606517456513918E-17, -4.636167053988481521E-17 ) ) ;
#1505 = ORIENTED_EDGE ( 'NONE', *, *, #4477, .F. ) ;
#1506 = ORIENTED_EDGE ( 'NONE', *, *, #3052, .T. ) ;
#1507 = PLANE ( 'NONE',  #5611 ) ;
#1508 = LINE ( 'NONE', #4041, #263 ) ;
#1509 = EDGE_LOOP ( 'NONE', ( #1794, #6375, #6066, #3228 ) ) ;
#1510 = CARTESIAN_POINT ( 'NONE',  ( 4.000000000000000000, -10.93342069860755039, 14.01605135672935276 ) ) ;
#1511 = ORIENTED_EDGE ( 'NONE', *, *, #2049, .T. ) ;
#1512 = CARTESIAN_POINT ( 'NONE',  ( 4.000000000000000000, -6.499999999999999112, 24.65831239517770612 ) ) ;
#1513 = FACE_OUTER_BOUND ( 'NONE', #5656, .T. ) ;
#1514 = ORIENTED_EDGE ( 'NONE', *, *, #827, .T. ) ;
#1515 = ORIENTED_EDGE ( 'NONE', *, *, #4703, .T. ) ;
#1516 = EDGE_CURVE ( 'NONE', #2533, #3563, #5071, .T. ) ;
#1517 = DIRECTION ( 'NONE',  ( -1.000000000000000000, -1.239088197126290570E-16, 0.000000000000000000 ) ) ;
#1518 = CARTESIAN_POINT ( 'NONE',  ( -3.275000000000008349, 27.19999999999999574, -16.33699999999999974 ) ) ;
#1519 = AXIS2_PLACEMENT_3D ( 'NONE', #2367, #4808, #1238 ) ;
#1520 = LINE ( 'NONE', #1485, #3882 ) ;
#1521 = CARTESIAN_POINT ( 'NONE',  ( 3.000000000000000888, 7.868390842953763453, 64.79903290236383384 ) ) ;
#1522 = CARTESIAN_POINT ( 'NONE',  ( 21.41522322567242398, -13.00000000000000000, -19.20000000000000639 ) ) ;
#1523 = CIRCLE ( 'NONE', #1413, 0.7999999999999986011 ) ;
#1524 = EDGE_CURVE ( 'NONE', #5509, #4389, #6495, .T. ) ;
#1525 = DIRECTION ( 'NONE',  ( -1.000000000000000000, -3.252606517456513918E-17, -0.000000000000000000 ) ) ;
#1526 = EDGE_CURVE ( 'NONE', #4574, #2933, #6319, .T. ) ;
#1527 = VECTOR ( 'NONE', #3598, 1000.000000000000000 ) ;
#1528 = AXIS2_PLACEMENT_3D ( 'NONE', #2549, #3620, #3990 ) ;
#1529 = EDGE_LOOP ( 'NONE', ( #4982, #6415, #4209, #6106 ) ) ;
#1530 = EDGE_LOOP ( 'NONE', ( #5919, #3248 ) ) ;
#1531 = DIRECTION ( 'NONE',  ( 0.000000000000000000, -1.000000000000000000, -2.168404344971010840E-16 ) ) ;
#1532 = VECTOR ( 'NONE', #1531, 1000.000000000000000 ) ;
#1533 = CARTESIAN_POINT ( 'NONE',  ( 3.999999999999999112, 1.322726650432315409E-16, 0.000000000000000000 ) ) ;
#1534 = PLANE ( 'NONE',  #4344 ) ;
#1535 = EDGE_CURVE ( 'NONE', #746, #2276, #5535, .T. ) ;
#1536 = ORIENTED_EDGE ( 'NONE', *, *, #1326, .T. ) ;
#1537 = DIRECTION ( 'NONE',  ( 1.000000000000000000, 1.239088197126290570E-16, 0.000000000000000000 ) ) ;
#1538 = CARTESIAN_POINT ( 'NONE',  ( 7.000000000000000000, 0.000000000000000000, -20.00000000000000000 ) ) ;
#1539 = ORIENTED_EDGE ( 'NONE', *, *, #3176, .T. ) ;
#1540 = EDGE_CURVE ( 'NONE', #4169, #108, #4538, .T. ) ;
#1541 = ORIENTED_EDGE ( 'NONE', *, *, #6347, .T. ) ;
#1542 = PLANE ( 'NONE',  #242 ) ;
#1543 = CARTESIAN_POINT ( 'NONE',  ( 4.000000000000000000, -6.499999999999999112, 27.71223167968819823 ) ) ;
#1544 = ORIENTED_EDGE ( 'NONE', *, *, #3244, .T. ) ;
#1545 = LINE ( 'NONE', #3474, #40 ) ;
#1546 = ORIENTED_EDGE ( 'NONE', *, *, #3129, .F. ) ;
#1547 = LINE ( 'NONE', #3543, #2463 ) ;
#1548 = LINE ( 'NONE', #3908, #419 ) ;
#1549 = ORIENTED_EDGE ( 'NONE', *, *, #1568, .T. ) ;
#1550 = EDGE_CURVE ( 'NONE', #799, #2601, #1408, .T. ) ;
#1551 = ORIENTED_EDGE ( 'NONE', *, *, #2360, .T. ) ;
#1552 = AXIS2_PLACEMENT_3D ( 'NONE', #876, #3310, #5426 ) ;
#1553 = CARTESIAN_POINT ( 'NONE',  ( 0.9999999999999995559, -3.145898033750309075, 56.34168760482229743 ) ) ;
#1554 = EDGE_CURVE ( 'NONE', #3760, #6481, #6133, .T. ) ;
#1555 = DIRECTION ( 'NONE',  ( -1.000000000000000000, 0.000000000000000000, 0.000000000000000000 ) ) ;
#1556 = DIRECTION ( 'NONE',  ( -1.000000000000000000, -0.000000000000000000, -0.000000000000000000 ) ) ;
#1557 = CARTESIAN_POINT ( 'NONE',  ( 3.000000000000000000, 6.499999999999996447, 64.00000000000000000 ) ) ;
#1558 = CARTESIAN_POINT ( 'NONE',  ( 7.000000000000000000, 6.499999999999996447, 4.000000000000000000 ) ) ;
#1559 = CARTESIAN_POINT ( 'NONE',  ( 4.000000000000000000, -11.65374246116384782, 43.51643879716585417 ) ) ;
#1560 = DIRECTION ( 'NONE',  ( 1.000000000000000000, -0.000000000000000000, -0.000000000000000000 ) ) ;
#1561 = ORIENTED_EDGE ( 'NONE', *, *, #6413, .T. ) ;
#1562 = DIRECTION ( 'NONE',  ( -1.000000000000000000, 0.000000000000000000, -0.000000000000000000 ) ) ;
#1563 = FACE_OUTER_BOUND ( 'NONE', #4508, .T. ) ;
#1564 = ORIENTED_EDGE ( 'NONE', *, *, #866, .T. ) ;
#1565 = LINE ( 'NONE', #5125, #3579 ) ;
#1566 = CYLINDRICAL_SURFACE ( 'NONE', #2681, 0.7999999999999986011 ) ;
#1567 = ORIENTED_EDGE ( 'NONE', *, *, #1651, .F. ) ;
#1568 = EDGE_CURVE ( 'NONE', #6398, #5300, #1362, .T. ) ;
#1569 = CARTESIAN_POINT ( 'NONE',  ( 0.4999999999999990563, -13.00000000000000178, -18.40000000000000568 ) ) ;
#1570 = LINE ( 'NONE', #2691, #1728 ) ;
#1571 = ORIENTED_EDGE ( 'NONE', *, *, #3219, .F. ) ;
#1572 = FACE_OUTER_BOUND ( 'NONE', #677, .T. ) ;
#1573 = ORIENTED_EDGE ( 'NONE', *, *, #1120, .F. ) ;
#1574 = DIRECTION ( 'NONE',  ( 0.000000000000000000, -1.000000000000000000, 0.000000000000000000 ) ) ;
#1575 = DIRECTION ( 'NONE',  ( -2.218272310833941514E-17, 0.6819983600624999198, -0.7313537016191691276 ) ) ;
#1576 = ORIENTED_EDGE ( 'NONE', *, *, #4358, .F. ) ;
#1577 = ORIENTED_EDGE ( 'NONE', *, *, #2967, .T. ) ;
#1578 = DIRECTION ( 'NONE',  ( 1.103085371411594793E-16, -0.8917953516752835652, 0.4524390022205836970 ) ) ;
#1579 = LINE ( 'NONE', #1451, #889 ) ;
#1580 = LINE ( 'NONE', #5601, #1989 ) ;
#1581 = EDGE_CURVE ( 'NONE', #5624, #5269, #4167, .T. ) ;
#1582 = CARTESIAN_POINT ( 'NONE',  ( -2.277182348936480238E-15, 18.99999999999999645, -23.33700000000000330 ) ) ;
#1583 = VECTOR ( 'NONE', #2916, 1000.000000000000000 ) ;
#1584 = DIRECTION ( 'NONE',  ( 6.806311348934042292E-17, -0.6819983600625025844, 0.7313537016191666851 ) ) ;
#1585 = VECTOR ( 'NONE', #1635, 1000.000000000000000 ) ;
#1586 = VECTOR ( 'NONE', #6479, 1000.000000000000000 ) ;
#1587 = DIRECTION ( 'NONE',  ( 0.000000000000000000, 1.000000000000000000, 0.000000000000000000 ) ) ;
#1588 = CARTESIAN_POINT ( 'NONE',  ( 3.500000000000000444, -15.99999999999998934, -18.00000000000000711 ) ) ;
#1589 = VECTOR ( 'NONE', #3627, 1000.000000000000000 ) ;
#1590 = VERTEX_POINT ( 'NONE', #1113 ) ;
#1591 = CARTESIAN_POINT ( 'NONE',  ( 2.724999999999999201, -22.49999999999998579, -40.99999999999999289 ) ) ;
#1592 = DIRECTION ( 'NONE',  ( 0.000000000000000000, -2.376333528735352191E-16, 1.000000000000000000 ) ) ;
#1593 = EDGE_LOOP ( 'NONE', ( #4863, #1114, #1382, #6025 ) ) ;
#1594 = DIRECTION ( 'NONE',  ( -7.477256361968996787E-18, -2.392722035830078972E-16, 1.000000000000000000 ) ) ;
#1595 = LINE ( 'NONE', #6123, #2045 ) ;
#1596 = EDGE_LOOP ( 'NONE', ( #4925, #376, #238, #3388 ) ) ;
#1597 = CIRCLE ( 'NONE', #5811, 3.999999999999998224 ) ;
#1598 = CYLINDRICAL_SURFACE ( 'NONE', #3711, 0.7999999999999986011 ) ;
#1599 = CARTESIAN_POINT ( 'NONE',  ( -0.5000000000000077716, 27.19999999999999574, -11.33700000000000152 ) ) ;
#1600 = ORIENTED_EDGE ( 'NONE', *, *, #4358, .T. ) ;
#1601 = PLANE ( 'NONE',  #2204 ) ;
#1602 = ORIENTED_EDGE ( 'NONE', *, *, #4481, .F. ) ;
#1603 = EDGE_CURVE ( 'NONE', #1729, #4831, #1883, .T. ) ;
#1604 = CARTESIAN_POINT ( 'NONE',  ( -64.14711903867025455, -19.00000000000000711, 6.896422575144960376 ) ) ;
#1605 = EDGE_CURVE ( 'NONE', #4037, #3417, #5054, .T. ) ;
#1606 = LINE ( 'NONE', #6195, #6424 ) ;
#1607 = EDGE_LOOP ( 'NONE', ( #2635, #5388 ) ) ;
#1608 = EDGE_CURVE ( 'NONE', #2503, #836, #1606, .T. ) ;
#1609 = ORIENTED_EDGE ( 'NONE', *, *, #2639, .F. ) ;
#1610 = DIRECTION ( 'NONE',  ( -1.000000000000000000, -3.252606517456513918E-17, 0.000000000000000000 ) ) ;
#1611 = CARTESIAN_POINT ( 'NONE',  ( 3.000000000000000000, 16.99999999999999645, 47.50000000000000000 ) ) ;
#1612 = FACE_OUTER_BOUND ( 'NONE', #4563, .T. ) ;
#1613 = DIRECTION ( 'NONE',  ( -1.000000000000000000, -1.239088197126290817E-16, 0.000000000000000000 ) ) ;
#1614 = DIRECTION ( 'NONE',  ( 0.000000000000000000, 0.000000000000000000, -1.000000000000000000 ) ) ;
#1615 = VECTOR ( 'NONE', #1833, 1000.000000000000000 ) ;
#1616 = EDGE_LOOP ( 'NONE', ( #1910, #1081, #523, #5866, #6105 ) ) ;
#1617 = AXIS2_PLACEMENT_3D ( 'NONE', #3133, #5153, #5550 ) ;
#1618 = DIRECTION ( 'NONE',  ( 0.000000000000000000, 0.000000000000000000, 1.000000000000000000 ) ) ;
#1619 = LINE ( 'NONE', #4247, #1499 ) ;
#1620 = AXIS2_PLACEMENT_3D ( 'NONE', #865, #308, #4286 ) ;
#1621 = VERTEX_POINT ( 'NONE', #6226 ) ;
#1622 = CIRCLE ( 'NONE', #3822, 0.8000000000000003775 ) ;
#1623 = AXIS2_PLACEMENT_3D ( 'NONE', #3881, #2312, #2864 ) ;
#1624 = CARTESIAN_POINT ( 'NONE',  ( 4.000000000000000000, -13.84625753883615040, 43.51643879716585417 ) ) ;
#1625 = FACE_OUTER_BOUND ( 'NONE', #1993, .T. ) ;
#1626 = ADVANCED_FACE ( 'NONE', ( #3572 ), #4197, .F. ) ;
#1627 = ORIENTED_EDGE ( 'NONE', *, *, #5781, .T. ) ;
#1628 = CARTESIAN_POINT ( 'NONE',  ( 0.000000000000000000, 6.499999999999996447, 4.000000000000000000 ) ) ;
#1629 = AXIS2_PLACEMENT_3D ( 'NONE', #3879, #2801, #4403 ) ;
#1630 = ORIENTED_EDGE ( 'NONE', *, *, #4352, .T. ) ;
#1631 = VECTOR ( 'NONE', #1165, 1000.000000000000000 ) ;
#1632 = DIRECTION ( 'NONE',  ( -1.000000000000000000, -0.000000000000000000, -0.000000000000000000 ) ) ;
#1633 = CARTESIAN_POINT ( 'NONE',  ( -64.14711903867025455, -19.00000000000000711, 64.13639844763217468 ) ) ;
#1634 = VERTEX_POINT ( 'NONE', #5165 ) ;
#1635 = DIRECTION ( 'NONE',  ( 3.469446951953612956E-17, -1.000000000000000000, 0.000000000000000000 ) ) ;
#1636 = VERTEX_POINT ( 'NONE', #2603 ) ;
#1637 = FACE_OUTER_BOUND ( 'NONE', #4365, .T. ) ;
#1638 = DIRECTION ( 'NONE',  ( 1.000000000000000000, -0.000000000000000000, -9.306456416184587030E-17 ) ) ;
#1639 = EDGE_LOOP ( 'NONE', ( #3365, #6528, #3033, #743 ) ) ;
#1640 = ORIENTED_EDGE ( 'NONE', *, *, #1303, .F. ) ;
#1641 = CARTESIAN_POINT ( 'NONE',  ( 4.500000000000000888, 7.999999999999996447, 17.80000000000000071 ) ) ;
#1642 = EDGE_CURVE ( 'NONE', #5221, #3905, #3603, .T. ) ;
#1643 = LINE ( 'NONE', #2233, #2201 ) ;
#1644 = DIRECTION ( 'NONE',  ( 1.000000000000000000, 1.239088197126290817E-16, -5.795650323787804553E-33 ) ) ;
#1645 = EDGE_CURVE ( 'NONE', #847, #3760, #1171, .T. ) ;
#1646 = CARTESIAN_POINT ( 'NONE',  ( 0.5000000000000004441, -19.00000000000000355, 4.000000000000002665 ) ) ;
#1647 = ADVANCED_FACE ( 'NONE', ( #2569 ), #1667, .T. ) ;
#1648 = VERTEX_POINT ( 'NONE', #5725 ) ;
#1649 = ORIENTED_EDGE ( 'NONE', *, *, #6086, .T. ) ;
#1650 = CARTESIAN_POINT ( 'NONE',  ( 0.9999999999999997780, -8.498771041871817644, 52.27044339804668027 ) ) ;
#1651 = EDGE_CURVE ( 'NONE', #799, #1421, #642, .T. ) ;
#1652 = LINE ( 'NONE', #5774, #1903 ) ;
#1653 = EDGE_CURVE ( 'NONE', #160, #3492, #1078, .T. ) ;
#1654 = EDGE_LOOP ( 'NONE', ( #2341, #1286, #1881, #6293, #2617 ) ) ;
#1655 = VECTOR ( 'NONE', #4221, 1000.000000000000000 ) ;
#1656 = CARTESIAN_POINT ( 'NONE',  ( 2.724999999999999201, -22.49999999999998579, -40.99999999999999289 ) ) ;
#1657 = DIRECTION ( 'NONE',  ( -1.000000000000000000, 0.000000000000000000, 9.757819552369541139E-17 ) ) ;
#1658 = EDGE_LOOP ( 'NONE', ( #411, #4634, #4408, #3010 ) ) ;
#1659 = DIRECTION ( 'NONE',  ( 9.757819552369541139E-17, 0.000000000000000000, 1.000000000000000000 ) ) ;
#1660 = ORIENTED_EDGE ( 'NONE', *, *, #3339, .T. ) ;
#1661 = LINE ( 'NONE', #5684, #1407 ) ;
#1662 = LINE ( 'NONE', #1690, #156 ) ;
#1663 = ORIENTED_EDGE ( 'NONE', *, *, #3202, .F. ) ;
#1664 = FACE_OUTER_BOUND ( 'NONE', #5832, .T. ) ;
#1665 = ORIENTED_EDGE ( 'NONE', *, *, #641, .F. ) ;
#1666 = CARTESIAN_POINT ( 'NONE',  ( 1.000000000000000000, -18.46851846721101964, 21.65831239517770612 ) ) ;
#1667 = PLANE ( 'NONE',  #3050 ) ;
#1668 = ORIENTED_EDGE ( 'NONE', *, *, #2002, .T. ) ;
#1669 = ORIENTED_EDGE ( 'NONE', *, *, #600, .F. ) ;
#1670 = CYLINDRICAL_SURFACE ( 'NONE', #3362, 2.049999999999999822 ) ;
#1671 = EDGE_CURVE ( 'NONE', #2774, #4918, #2207, .T. ) ;
#1672 = DIRECTION ( 'NONE',  ( 2.551925094855734528E-17, -1.000000000000000000, 0.000000000000000000 ) ) ;
#1673 = FACE_BOUND ( 'NONE', #3175, .T. ) ;
#1674 = AXIS2_PLACEMENT_3D ( 'NONE', #3375, #2370, #4369 ) ;
#1675 = CARTESIAN_POINT ( 'NONE',  ( 0.000000000000000000, 5.785144316419498445, -29.19999999999999929 ) ) ;
#1676 = ORIENTED_EDGE ( 'NONE', *, *, #6440, .T. ) ;
#1677 = DIRECTION ( 'NONE',  ( 6.505213034913025371E-17, 1.000000000000000000, -0.000000000000000000 ) ) ;
#1678 = VECTOR ( 'NONE', #5967, 1000.000000000000000 ) ;
#1679 = CARTESIAN_POINT ( 'NONE',  ( 4.000000000000000000, -17.44738683223673092, 27.44098747291256402 ) ) ;
#1680 = EDGE_CURVE ( 'NONE', #5269, #2636, #3638, .T. ) ;
#1681 = ORIENTED_EDGE ( 'NONE', *, *, #90, .T. ) ;
#1682 = ADVANCED_FACE ( 'NONE', ( #2069 ), #4672, .T. ) ;
#1683 = AXIS2_PLACEMENT_3D ( 'NONE', #4762, #209, #1721 ) ;
#1684 = DIRECTION ( 'NONE',  ( -1.355252715606879803E-16, 1.000000000000000000, 0.000000000000000000 ) ) ;
#1685 = ORIENTED_EDGE ( 'NONE', *, *, #4790, .F. ) ;
#1686 = DIRECTION ( 'NONE',  ( -1.355252715606879803E-16, 1.000000000000000000, 0.000000000000000000 ) ) ;
#1687 = AXIS2_PLACEMENT_3D ( 'NONE', #6318, #5858, #1790 ) ;
#1688 = VERTEX_POINT ( 'NONE', #686 ) ;
#1689 = CARTESIAN_POINT ( 'NONE',  ( 7.000000000000000000, 6.500000000000000000, -29.19999999999999929 ) ) ;
#1690 = CARTESIAN_POINT ( 'NONE',  ( 1.000000000000000888, -6.500000000000000000, 14.54168760482228606 ) ) ;
#1691 = ORIENTED_EDGE ( 'NONE', *, *, #170, .F. ) ;
#1692 = CARTESIAN_POINT ( 'NONE',  ( 2.999999999999999112, 9.635164170209216955E-17, 0.000000000000000000 ) ) ;
#1693 = EDGE_LOOP ( 'NONE', ( #5659, #5616, #6290, #906 ) ) ;
#1694 = DIRECTION ( 'NONE',  ( 0.000000000000000000, -1.000000000000000000, 0.000000000000000000 ) ) ;
#1695 = CIRCLE ( 'NONE', #5075, 3.999999999999998224 ) ;
#1696 = DIRECTION ( 'NONE',  ( -1.000000000000000000, -3.252606517456513918E-17, 0.000000000000000000 ) ) ;
#1697 = ORIENTED_EDGE ( 'NONE', *, *, #162, .F. ) ;
#1698 = VECTOR ( 'NONE', #756, 1000.000000000000000 ) ;
#1699 = VERTEX_POINT ( 'NONE', #2697 ) ;
#1700 = DIRECTION ( 'NONE',  ( 0.000000000000000000, 0.000000000000000000, 1.000000000000000000 ) ) ;
#1701 = VECTOR ( 'NONE', #2109, 1000.000000000000000 ) ;
#1702 = DIRECTION ( 'NONE',  ( 0.000000000000000000, -0.000000000000000000, 1.000000000000000000 ) ) ;
#1703 = CARTESIAN_POINT ( 'NONE',  ( 0.5000000000000017764, -17.32982544119417057, 21.65831239517770612 ) ) ;
#1704 = ADVANCED_FACE ( 'NONE', ( #5227 ), #4077, .F. ) ;
#1705 = CARTESIAN_POINT ( 'NONE',  ( 7.000000000000000000, -12.15000000000000391, 71.00000000000000000 ) ) ;
#1706 = VERTEX_POINT ( 'NONE', #1754 ) ;
#1707 = EDGE_LOOP ( 'NONE', ( #883, #1255, #4452, #773 ) ) ;
#1708 = DIRECTION ( 'NONE',  ( 0.000000000000000000, -1.000000000000000000, 0.000000000000000000 ) ) ;
#1709 = CARTESIAN_POINT ( 'NONE',  ( 2.724999999999998312, -15.99999999999999645, -31.09999999999999432 ) ) ;
#1710 = LINE ( 'NONE', #5746, #5734 ) ;
#1711 = AXIS2_PLACEMENT_3D ( 'NONE', #4207, #5738, #3063 ) ;
#1712 = VERTEX_POINT ( 'NONE', #778 ) ;
#1713 = EDGE_CURVE ( 'NONE', #3306, #1376, #3764, .T. ) ;
#1714 = FACE_OUTER_BOUND ( 'NONE', #4469, .T. ) ;
#1715 = AXIS2_PLACEMENT_3D ( 'NONE', #1689, #3629, #1719 ) ;
#1716 = ORIENTED_EDGE ( 'NONE', *, *, #1802, .F. ) ;
#1717 = CARTESIAN_POINT ( 'NONE',  ( 0.9999999999999995559, -6.500000000000000000, 61.52191394754551368 ) ) ;
#1718 = ORIENTED_EDGE ( 'NONE', *, *, #5226, .T. ) ;
#1719 = DIRECTION ( 'NONE',  ( 0.000000000000000000, -1.000000000000000000, -1.577021341797097560E-16 ) ) ;
#1720 = ADVANCED_FACE ( 'NONE', ( #4359 ), #2816, .F. ) ;
#1721 = DIRECTION ( 'NONE',  ( 0.000000000000000000, -1.000000000000000000, 0.000000000000000000 ) ) ;
#1722 = AXIS2_PLACEMENT_3D ( 'NONE', #2713, #203, #766 ) ;
#1723 = ORIENTED_EDGE ( 'NONE', *, *, #4135, .T. ) ;
#1724 = DIRECTION ( 'NONE',  ( 0.000000000000000000, 0.000000000000000000, -1.000000000000000000 ) ) ;
#1725 = EDGE_LOOP ( 'NONE', ( #752, #5223, #494, #5590 ) ) ;
#1726 = CARTESIAN_POINT ( 'NONE',  ( 1.000000000000000888, -18.20000000000000284, 59.65831239517768836 ) ) ;
#1727 = DIRECTION ( 'NONE',  ( -2.957696414445268746E-16, -0.6819983600625025844, 0.7313537016191666851 ) ) ;
#1728 = VECTOR ( 'NONE', #653, 1000.000000000000000 ) ;
#1729 = VERTEX_POINT ( 'NONE', #5886 ) ;
#1730 = AXIS2_PLACEMENT_3D ( 'NONE', #1803, #4308, #2343 ) ;
#1731 = EDGE_LOOP ( 'NONE', ( #4200, #6403 ) ) ;
#1732 = LINE ( 'NONE', #3214, #1784 ) ;
#1733 = VECTOR ( 'NONE', #4661, 1000.000000000000000 ) ;
#1734 = CARTESIAN_POINT ( 'NONE',  ( 7.002000000000004221, -8.498771041871819421, 52.27044339804668027 ) ) ;
#1735 = CARTESIAN_POINT ( 'NONE',  ( 7.002000000000005109, -7.605121347951828703, 59.65831239517768836 ) ) ;
#1736 = CARTESIAN_POINT ( 'NONE',  ( 4.000000000000000000, -9.960362833696484230, 42.90613933192072693 ) ) ;
#1737 = EDGE_CURVE ( 'NONE', #5517, #4665, #4829, .T. ) ;
#1738 = ADVANCED_FACE ( 'NONE', ( #840 ), #4325, .F. ) ;
#1739 = DIRECTION ( 'NONE',  ( 1.000000000000000000, 0.000000000000000000, -0.000000000000000000 ) ) ;
#1740 = ORIENTED_EDGE ( 'NONE', *, *, #3154, .T. ) ;
#1741 = CARTESIAN_POINT ( 'NONE',  ( 2.999999999999999112, 1.494263266912956523, 67.00000000000000000 ) ) ;
#1742 = CYLINDRICAL_SURFACE ( 'NONE', #3907, 2.050000000000003375 ) ;
#1743 = DIRECTION ( 'NONE',  ( 1.000000000000000000, 1.239088197126290570E-16, 0.000000000000000000 ) ) ;
#1744 = DIRECTION ( 'NONE',  ( 6.570922257487903830E-17, 0.000000000000000000, 1.000000000000000000 ) ) ;
#1745 = ORIENTED_EDGE ( 'NONE', *, *, #1603, .T. ) ;
#1746 = LINE ( 'NONE', #3755, #611 ) ;
#1747 = ADVANCED_FACE ( 'NONE', ( #1363 ), #6345, .F. ) ;
#1748 = EDGE_LOOP ( 'NONE', ( #3870, #1917 ) ) ;
#1749 = FACE_OUTER_BOUND ( 'NONE', #1015, .T. ) ;
#1750 = ORIENTED_EDGE ( 'NONE', *, *, #2160, .T. ) ;
#1751 = FACE_BOUND ( 'NONE', #5041, .T. ) ;
#1752 = ORIENTED_EDGE ( 'NONE', *, *, #4258, .T. ) ;
#1753 = CARTESIAN_POINT ( 'NONE',  ( 7.002000000000006885, -17.44738683223673448, 50.55901252708742533 ) ) ;
#1754 = CARTESIAN_POINT ( 'NONE',  ( 7.000000000000000000, 11.74999999999999645, 21.55000000000000426 ) ) ;
#1755 = ORIENTED_EDGE ( 'NONE', *, *, #3596, .T. ) ;
#1756 = EDGE_CURVE ( 'NONE', #6277, #1036, #1792, .T. ) ;
#1757 = ORIENTED_EDGE ( 'NONE', *, *, #1524, .T. ) ;
#1758 = DIRECTION ( 'NONE',  ( 6.860550053034503961E-17, -0.7313537016191691276, -0.6819983600624999198 ) ) ;
#1759 = EDGE_CURVE ( 'NONE', #5695, #3649, #5286, .T. ) ;
#1760 = CARTESIAN_POINT ( 'NONE',  ( 7.002000000000005997, -17.32982544119417057, 22.45831239517770328 ) ) ;
#1761 = ORIENTED_EDGE ( 'NONE', *, *, #348, .T. ) ;
#1762 = DIRECTION ( 'NONE',  ( -1.000000000000000000, -1.239088197126290570E-16, 0.000000000000000000 ) ) ;
#1763 = DIRECTION ( 'NONE',  ( 0.000000000000000000, 0.8917953516752835652, -0.4524390022205836415 ) ) ;
#1764 = FACE_OUTER_BOUND ( 'NONE', #382, .T. ) ;
#1765 = DIRECTION ( 'NONE',  ( 0.000000000000000000, 0.000000000000000000, 1.000000000000000000 ) ) ;
#1766 = EDGE_LOOP ( 'NONE', ( #5815, #3333, #3872, #6529 ) ) ;
#1767 = CARTESIAN_POINT ( 'NONE',  ( 0.4999999999999990563, -13.03637030922739370, 42.98973583661788211 ) ) ;
#1768 = VECTOR ( 'NONE', #4292, 1000.000000000000000 ) ;
#1769 = DIRECTION ( 'NONE',  ( 0.000000000000000000, -1.000000000000000000, 0.000000000000000000 ) ) ;
#1770 = CARTESIAN_POINT ( 'NONE',  ( -2.000000000000022204, 22.00000000000000000, 10.80000000000000071 ) ) ;
#1771 = VECTOR ( 'NONE', #3842, 1000.000000000000000 ) ;
#1772 = EDGE_CURVE ( 'NONE', #5347, #5352, #4801, .T. ) ;
#1773 = DIRECTION ( 'NONE',  ( 0.000000000000000000, 0.000000000000000000, 1.000000000000000000 ) ) ;
#1774 = EDGE_LOOP ( 'NONE', ( #3738, #3015 ) ) ;
#1775 = CARTESIAN_POINT ( 'NONE',  ( 6.225000000000000533, 6.500000000000000000, -29.19999999999999929 ) ) ;
#1776 = ORIENTED_EDGE ( 'NONE', *, *, #1838, .T. ) ;
#1777 = VECTOR ( 'NONE', #1142, 1000.000000000000000 ) ;
#1778 = AXIS2_PLACEMENT_3D ( 'NONE', #5852, #4420, #930 ) ;
#1779 = DIRECTION ( 'NONE',  ( 0.000000000000000000, 1.000000000000000000, 0.000000000000000000 ) ) ;
#1780 = CARTESIAN_POINT ( 'NONE',  ( 7.001000000000005663, -14.79999999999999893, 0.000000000000000000 ) ) ;
#1781 = ORIENTED_EDGE ( 'NONE', *, *, #1077, .F. ) ;
#1782 = CARTESIAN_POINT ( 'NONE',  ( 4.000000000000000000, -6.499999999999999112, 50.28776832031179822 ) ) ;
#1783 = ORIENTED_EDGE ( 'NONE', *, *, #6504, .T. ) ;
#1784 = VECTOR ( 'NONE', #599, 1000.000000000000000 ) ;
#1785 = DIRECTION ( 'NONE',  ( 0.000000000000000000, -1.000000000000000000, 0.000000000000000000 ) ) ;
#1786 = DIRECTION ( 'NONE',  ( -1.176334233040897053E-17, 0.3390552584695133986, 0.9407664597040922283 ) ) ;
#1787 = ORIENTED_EDGE ( 'NONE', *, *, #3773, .F. ) ;
#1788 = AXIS2_PLACEMENT_3D ( 'NONE', #6121, #2156, #1659 ) ;
#1789 = ORIENTED_EDGE ( 'NONE', *, *, #2360, .F. ) ;
#1790 = DIRECTION ( 'NONE',  ( 0.000000000000000000, 1.000000000000000000, 0.000000000000000000 ) ) ;
#1791 = ADVANCED_FACE ( 'NONE', ( #1297 ), #3364, .F. ) ;
#1792 = CIRCLE ( 'NONE', #6333, 2.050000000000003375 ) ;
#1793 = CARTESIAN_POINT ( 'NONE',  ( 1.999999999999999112, 6.499999999999996447, 14.00000000000000178 ) ) ;
#1794 = ORIENTED_EDGE ( 'NONE', *, *, #2733, .F. ) ;
#1795 = FACE_OUTER_BOUND ( 'NONE', #3075, .T. ) ;
#1796 = AXIS2_PLACEMENT_3D ( 'NONE', #4905, #2305, #3910 ) ;
#1797 = LINE ( 'NONE', #5835, #936 ) ;
#1798 = CARTESIAN_POINT ( 'NONE',  ( 4.000000000000000000, -13.00000000000000178, -4.800000000000000711 ) ) ;
#1799 = DIRECTION ( 'NONE',  ( 1.000000000000000000, -0.000000000000000000, -0.000000000000000000 ) ) ;
#1800 = VERTEX_POINT ( 'NONE', #5789 ) ;
#1801 = VECTOR ( 'NONE', #1154, 1000.000000000000000 ) ;
#1802 = EDGE_CURVE ( 'NONE', #793, #2316, #2358, .T. ) ;
#1803 = CARTESIAN_POINT ( 'NONE',  ( 7.002000000000005997, -18.33673903370881320, 4.000000000000002665 ) ) ;
#1804 = LINE ( 'NONE', #4816, #3801 ) ;
#1805 = CARTESIAN_POINT ( 'NONE',  ( 3.500000000000000444, -15.99999999999998934, -18.00000000000000711 ) ) ;
#1806 = VERTEX_POINT ( 'NONE', #3236 ) ;
#1807 = EDGE_CURVE ( 'NONE', #5880, #2059, #5377, .T. ) ;
#1808 = CARTESIAN_POINT ( 'NONE',  ( 3.499999999999995115, -15.99999999999999645, 17.94999999999998863 ) ) ;
#1809 = CARTESIAN_POINT ( 'NONE',  ( 3.000000000000000000, 4.499999999999997335, 14.00000000000000178 ) ) ;
#1810 = ORIENTED_EDGE ( 'NONE', *, *, #3669, .F. ) ;
#1811 = UNCERTAINTY_MEASURE_WITH_UNIT (LENGTH_MEASURE( 1.000000000000000082E-05 ), #3066, 'distance_accuracy_value', 'NONE');
#1812 = FACE_OUTER_BOUND ( 'NONE', #2351, .T. ) ;
#1813 = VECTOR ( 'NONE', #4275, 1000.000000000000114 ) ;
#1814 = CARTESIAN_POINT ( 'NONE',  ( 4.225000000000000533, -13.99999999999999822, -19.59999999999999787 ) ) ;
#1815 = ORIENTED_EDGE ( 'NONE', *, *, #1450, .F. ) ;
#1816 = FACE_BOUND ( 'NONE', #3207, .T. ) ;
#1817 = VECTOR ( 'NONE', #4076, 1000.000000000000000 ) ;
#1818 = FACE_OUTER_BOUND ( 'NONE', #2661, .T. ) ;
#1819 = EDGE_LOOP ( 'NONE', ( #6079, #3147, #2236, #4131, #5427, #4652, #698, #3805 ) ) ;
#1820 = ORIENTED_EDGE ( 'NONE', *, *, #37, .T. ) ;
#1821 = EDGE_CURVE ( 'NONE', #1152, #5314, #2118, .T. ) ;
#1822 = CIRCLE ( 'NONE', #5842, 2.049999999999999822 ) ;
#1823 = DIRECTION ( 'NONE',  ( 1.102813343475841796E-17, -0.3390552584695132876, 0.9407664597040923393 ) ) ;
#1824 = DIRECTION ( 'NONE',  ( -3.252606517456513918E-17, 1.000000000000000000, 0.000000000000000000 ) ) ;
#1825 = VERTEX_POINT ( 'NONE', #2295 ) ;
#1826 = CARTESIAN_POINT ( 'NONE',  ( -0.5000000000000077716, 18.99999999999999645, 7.799999999999999822 ) ) ;
#1827 = VECTOR ( 'NONE', #3399, 1000.000000000000000 ) ;
#1828 = VECTOR ( 'NONE', #566, 1000.000000000000114 ) ;
#1829 = CARTESIAN_POINT ( 'NONE',  ( 3.999999999999994671, 18.99999999999999645, 7.800000000000001599 ) ) ;
#1830 = CARTESIAN_POINT ( 'NONE',  ( 4.000000000000000000, -5.299999999999998934, -19.20000000000000639 ) ) ;
#1831 = ORIENTED_EDGE ( 'NONE', *, *, #4676, .F. ) ;
#1832 = AXIS2_PLACEMENT_3D ( 'NONE', #509, #1063, #6118 ) ;
#1833 = DIRECTION ( 'NONE',  ( 0.000000000000000000, 0.000000000000000000, 1.000000000000000000 ) ) ;
#1834 = ORIENTED_EDGE ( 'NONE', *, *, #113, .F. ) ;
#1835 = DIRECTION ( 'NONE',  ( 1.000000000000000000, 0.000000000000000000, 0.000000000000000000 ) ) ;
#1836 = CARTESIAN_POINT ( 'NONE',  ( 0.4999999999999989453, -11.65374246116385137, 34.48356120283414583 ) ) ;
#1837 = LINE ( 'NONE', #4817, #3093 ) ;
#1838 = EDGE_CURVE ( 'NONE', #4133, #4395, #658, .T. ) ;
#1839 = ORIENTED_EDGE ( 'NONE', *, *, #1897, .T. ) ;
#1840 = EDGE_CURVE ( 'NONE', #2149, #4317, #2225, .T. ) ;
#1841 = DIRECTION ( 'NONE',  ( -1.000000000000000000, -0.000000000000000000, -0.000000000000000000 ) ) ;
#1842 = DIRECTION ( 'NONE',  ( 0.000000000000000000, 1.000000000000000000, 0.000000000000000000 ) ) ;
#1843 = ORIENTED_EDGE ( 'NONE', *, *, #1120, .T. ) ;
#1844 = ORIENTED_EDGE ( 'NONE', *, *, #6091, .F. ) ;
#1845 = AXIS2_PLACEMENT_3D ( 'NONE', #3484, #4940, #425 ) ;
#1846 = DIRECTION ( 'NONE',  ( 0.000000000000000000, -1.000000000000000000, 0.000000000000000000 ) ) ;
#1847 = EDGE_CURVE ( 'NONE', #5910, #2533, #285, .T. ) ;
#1848 = ORIENTED_EDGE ( 'NONE', *, *, #529, .F. ) ;
#1849 = FACE_OUTER_BOUND ( 'NONE', #1956, .T. ) ;
#1850 = CARTESIAN_POINT ( 'NONE',  ( 4.000000000000000000, -6.499999999999999112, 53.34168760482229033 ) ) ;
#1851 = ORIENTED_EDGE ( 'NONE', *, *, #6059, .T. ) ;
#1852 = ADVANCED_FACE ( 'NONE', ( #1818 ), #3832, .T. ) ;
#1853 = ORIENTED_EDGE ( 'NONE', *, *, #5051, .T. ) ;
#1854 = DIRECTION ( 'NONE',  ( 0.000000000000000000, -1.000000000000000000, 0.000000000000000000 ) ) ;
#1855 = ORIENTED_EDGE ( 'NONE', *, *, #5505, .F. ) ;
#1856 = CARTESIAN_POINT ( 'NONE',  ( -3.275000000000009681, 18.99999999999999645, -29.19999999999999929 ) ) ;
#1857 = ORIENTED_EDGE ( 'NONE', *, *, #1422, .F. ) ;
#1858 = DIRECTION ( 'NONE',  ( -1.355252715606879803E-16, 1.000000000000000000, 0.000000000000000000 ) ) ;
#1859 = CARTESIAN_POINT ( 'NONE',  ( 21.41522322567242043, -4.499999999999997335, -4.000000000000000000 ) ) ;
#1860 = CARTESIAN_POINT ( 'NONE',  ( 6.225000000000001421, -0.9999999999999941158, -29.20000000000000284 ) ) ;
#1861 = ORIENTED_EDGE ( 'NONE', *, *, #2453, .F. ) ;
#1862 = EDGE_CURVE ( 'NONE', #2149, #2143, #2423, .T. ) ;
#1863 = DIRECTION ( 'NONE',  ( -1.239088197126290570E-16, 1.000000000000000000, -1.577021341797097560E-16 ) ) ;
#1864 = ORIENTED_EDGE ( 'NONE', *, *, #2376, .T. ) ;
#1865 = CARTESIAN_POINT ( 'NONE',  ( 1.000000000000000000, -17.38730881638175774, 24.65831239517770612 ) ) ;
#1866 = EDGE_CURVE ( 'NONE', #4467, #1988, #2458, .T. ) ;
#1867 = DIRECTION ( 'NONE',  ( 1.000000000000000000, 1.239088197126290570E-16, 0.000000000000000000 ) ) ;
#1868 = CARTESIAN_POINT ( 'NONE',  ( 0.5000000000000005551, -13.00000000000000178, -18.40000000000000568 ) ) ;
#1869 = VERTEX_POINT ( 'NONE', #2493 ) ;
#1870 = VECTOR ( 'NONE', #153, 1000.000000000000000 ) ;
#1871 = EDGE_CURVE ( 'NONE', #5494, #6423, #5383, .T. ) ;
#1872 = CYLINDRICAL_SURFACE ( 'NONE', #3512, 0.8000000000000003775 ) ;
#1873 = ADVANCED_FACE ( 'NONE', ( #6447 ), #4461, .T. ) ;
#1874 = CARTESIAN_POINT ( 'NONE',  ( -4.500000000000002665, 22.00000000000000000, 44.51276027031060778 ) ) ;
#1875 = EDGE_CURVE ( 'NONE', #2131, #4133, #5026, .T. ) ;
#1876 = EDGE_LOOP ( 'NONE', ( #4288, #3532, #2628, #4422, #2183, #3500, #4794 ) ) ;
#1877 = ORIENTED_EDGE ( 'NONE', *, *, #3867, .T. ) ;
#1878 = CYLINDRICAL_SURFACE ( 'NONE', #41, 1.650000000000002132 ) ;
#1879 = AXIS2_PLACEMENT_3D ( 'NONE', #1859, #2760, #4809 ) ;
#1880 = CARTESIAN_POINT ( 'NONE',  ( 4.000000000000000000, -13.84625753883614863, 34.48356120283415294 ) ) ;
#1881 = ORIENTED_EDGE ( 'NONE', *, *, #2421, .F. ) ;
#1882 = DIRECTION ( 'NONE',  ( 0.000000000000000000, 0.3390552584695135652, 0.9407664597040922283 ) ) ;
#1883 = CIRCLE ( 'NONE', #4409, 3.750000000000000000 ) ;
#1884 = DIRECTION ( 'NONE',  ( 1.000000000000000000, 1.239088197126290570E-16, 0.000000000000000000 ) ) ;
#1885 = ORIENTED_EDGE ( 'NONE', *, *, #3774, .T. ) ;
#1886 = VERTEX_POINT ( 'NONE', #4997 ) ;
#1887 = DIRECTION ( 'NONE',  ( 0.000000000000000000, 1.000000000000000000, -0.000000000000000000 ) ) ;
#1888 = VECTOR ( 'NONE', #6378, 1000.000000000000000 ) ;
#1889 = AXIS2_PLACEMENT_3D ( 'NONE', #3298, #6282, #5379 ) ;
#1890 = EDGE_LOOP ( 'NONE', ( #1831, #4178, #5155, #3859 ) ) ;
#1891 = DIRECTION ( 'NONE',  ( 1.000000000000000000, 3.252606517456513918E-17, -0.000000000000000000 ) ) ;
#1892 = ORIENTED_EDGE ( 'NONE', *, *, #348, .F. ) ;
#1893 = DIRECTION ( 'NONE',  ( 0.000000000000000000, -1.000000000000000000, -2.168404344971010594E-16 ) ) ;
#1894 = VECTOR ( 'NONE', #5849, 1000.000000000000000 ) ;
#1895 = CARTESIAN_POINT ( 'NONE',  ( 0.5000000000000004441, -4.500000000000000000, 67.00000000000000000 ) ) ;
#1896 = DIRECTION ( 'NONE',  ( -6.505213034913025371E-17, -1.000000000000000000, 0.000000000000000000 ) ) ;
#1897 = EDGE_CURVE ( 'NONE', #6433, #2487, #1435, .T. ) ;
#1898 = ORIENTED_EDGE ( 'NONE', *, *, #1267, .T. ) ;
#1899 = FACE_OUTER_BOUND ( 'NONE', #5828, .T. ) ;
#1900 = CARTESIAN_POINT ( 'NONE',  ( 3.499999999999995559, -15.99999999999999645, 22.04999999999999716 ) ) ;
#1901 = DIRECTION ( 'NONE',  ( -3.469446951953611107E-17, 1.000000000000000000, -0.000000000000000000 ) ) ;
#1902 = AXIS2_PLACEMENT_3D ( 'NONE', #3073, #5089, #5553 ) ;
#1903 = VECTOR ( 'NONE', #5671, 1000.000000000000000 ) ;
#1904 = DIRECTION ( 'NONE',  ( 1.000000000000000000, 1.239088197126290570E-16, 0.000000000000000000 ) ) ;
#1905 = VERTEX_POINT ( 'NONE', #870 ) ;
#1906 = CARTESIAN_POINT ( 'NONE',  ( 4.000000000000000000, -19.00000000000000355, 6.896422575144953271 ) ) ;
#1907 = CARTESIAN_POINT ( 'NONE',  ( 1.000000000000000000, -18.20000000000000639, 64.13639844763217468 ) ) ;
#1908 = CARTESIAN_POINT ( 'NONE',  ( 7.000000000000000000, -13.99999999999999645, -26.35000000000000142 ) ) ;
#1909 = ORIENTED_EDGE ( 'NONE', *, *, #1475, .T. ) ;
#1910 = ORIENTED_EDGE ( 'NONE', *, *, #1807, .T. ) ;
#1911 = PLANE ( 'NONE',  #5093 ) ;
#1912 = FACE_OUTER_BOUND ( 'NONE', #2927, .T. ) ;
#1913 = ORIENTED_EDGE ( 'NONE', *, *, #2378, .T. ) ;
#1914 = DIRECTION ( 'NONE',  ( 0.000000000000000000, 1.000000000000000000, 0.000000000000000000 ) ) ;
#1915 = ADVANCED_FACE ( 'NONE', ( #6516 ), #4924, .F. ) ;
#1916 = CARTESIAN_POINT ( 'NONE',  ( 4.000000000000000000, -18.46851846721101964, 21.65831239517770612 ) ) ;
#1917 = ORIENTED_EDGE ( 'NONE', *, *, #3672, .F. ) ;
#1918 = ORIENTED_EDGE ( 'NONE', *, *, #5523, .F. ) ;
#1919 = EDGE_CURVE ( 'NONE', #2540, #1359, #4000, .T. ) ;
#1920 = AXIS2_PLACEMENT_3D ( 'NONE', #853, #4873, #356 ) ;
#1921 = LINE ( 'NONE', #3938, #4890 ) ;
#1922 = EDGE_CURVE ( 'NONE', #6196, #4159, #2876, .T. ) ;
#1923 = CIRCLE ( 'NONE', #5199, 2.049999999999999822 ) ;
#1924 = VERTEX_POINT ( 'NONE', #516 ) ;
#1925 = DIRECTION ( 'NONE',  ( 1.000000000000000000, 0.000000000000000000, -0.000000000000000000 ) ) ;
#1926 = ORIENTED_EDGE ( 'NONE', *, *, #6413, .F. ) ;
#1927 = CARTESIAN_POINT ( 'NONE',  ( -63.03173803727769808, -7.300000000000001599, 14.54168760482228606 ) ) ;
#1928 = AXIS2_PLACEMENT_3D ( 'NONE', #2870, #5312, #833 ) ;
#1929 = PLANE ( 'NONE',  #4637 ) ;
#1930 = ORIENTED_EDGE ( 'NONE', *, *, #4824, .F. ) ;
#1931 = DIRECTION ( 'NONE',  ( 0.000000000000000000, -1.000000000000000000, 0.000000000000000000 ) ) ;
#1932 = AXIS2_PLACEMENT_3D ( 'NONE', #272, #2805, #140 ) ;
#1933 = ORIENTED_EDGE ( 'NONE', *, *, #2658, .F. ) ;
#1934 = VECTOR ( 'NONE', #3107, 1000.000000000000000 ) ;
#1935 = DIRECTION ( 'NONE',  ( 3.469446951953611107E-17, -1.000000000000000000, 0.000000000000000000 ) ) ;
#1936 = VECTOR ( 'NONE', #731, 1000.000000000000000 ) ;
#1937 = DIRECTION ( 'NONE',  ( -1.000000000000000000, -1.239088197126290570E-16, 0.000000000000000000 ) ) ;
#1938 = DIRECTION ( 'NONE',  ( 0.000000000000000000, 2.376333528735352191E-16, -1.000000000000000000 ) ) ;
#1939 = CARTESIAN_POINT ( 'NONE',  ( 2.724999999999999645, -10.99999999999999822, -34.20000000000000284 ) ) ;
#1940 = EDGE_CURVE ( 'NONE', #5314, #3218, #4854, .T. ) ;
#1941 = AXIS2_PLACEMENT_3D ( 'NONE', #3139, #5159, #679 ) ;
#1942 = AXIS2_PLACEMENT_3D ( 'NONE', #601, #2544, #2609 ) ;
#1943 = LINE ( 'NONE', #955, #4471 ) ;
#1944 = ORIENTED_EDGE ( 'NONE', *, *, #5330, .T. ) ;
#1945 = DIRECTION ( 'NONE',  ( 0.000000000000000000, -1.000000000000000000, 0.000000000000000000 ) ) ;
#1946 = CYLINDRICAL_SURFACE ( 'NONE', #4814, 3.999999999999998224 ) ;
#1947 = CARTESIAN_POINT ( 'NONE',  ( 0.07276463389118986713, -3.000000000000000000, -28.50000000000000355 ) ) ;
#1948 = EDGE_CURVE ( 'NONE', #4825, #3698, #1380, .T. ) ;
#1949 = VERTEX_POINT ( 'NONE', #3430 ) ;
#1950 = ORIENTED_EDGE ( 'NONE', *, *, #4034, .T. ) ;
#1951 = DIRECTION ( 'NONE',  ( -1.355252715606879803E-16, 1.000000000000000000, 0.000000000000000000 ) ) ;
#1952 = DIRECTION ( 'NONE',  ( 0.000000000000000000, -1.000000000000000000, 0.000000000000000000 ) ) ;
#1953 = ORIENTED_EDGE ( 'NONE', *, *, #1516, .F. ) ;
#1954 = DIRECTION ( 'NONE',  ( -1.000000000000000000, -3.252606517456514535E-17, 2.535569890667616456E-16 ) ) ;
#1955 = CARTESIAN_POINT ( 'NONE',  ( -0.5000000000000088818, 20.99999999999999645, -23.33700000000000330 ) ) ;
#1956 = EDGE_LOOP ( 'NONE', ( #2382, #1466, #3200, #1549, #1175, #3465, #4780, #6374, #1244 ) ) ;
#1957 = VERTEX_POINT ( 'NONE', #4894 ) ;
#1958 = CARTESIAN_POINT ( 'NONE',  ( 0.5000000000000004441, -19.00000000000000355, 60.45831239517769262 ) ) ;
#1959 = EDGE_CURVE ( 'NONE', #1421, #5288, #3969, .T. ) ;
#1960 = EDGE_LOOP ( 'NONE', ( #86, #656 ) ) ;
#1961 = LINE ( 'NONE', #3048, #2800 ) ;
#1962 = EDGE_LOOP ( 'NONE', ( #4270, #4857, #5584, #5654 ) ) ;
#1963 = CARTESIAN_POINT ( 'NONE',  ( 3.500000000000000000, -22.50000000000001066, 57.99999999999998579 ) ) ;
#1964 = ADVANCED_FACE ( 'NONE', ( #2974 ), #6409, .F. ) ;
#1965 = DIRECTION ( 'NONE',  ( 0.000000000000000000, 0.3390552584695133986, 0.9407664597040922283 ) ) ;
#1966 = EDGE_LOOP ( 'NONE', ( #168, #4392, #3355, #3830 ) ) ;
#1967 = EDGE_CURVE ( 'NONE', #5356, #5889, #16, .T. ) ;
#1968 = VERTEX_POINT ( 'NONE', #3463 ) ;
#1969 = AXIS2_PLACEMENT_3D ( 'NONE', #2448, #893, #5980 ) ;
#1970 = EDGE_CURVE ( 'NONE', #2901, #1366, #5598, .T. ) ;
#1971 = DIRECTION ( 'NONE',  ( 3.469446951953612956E-17, -1.000000000000000000, 0.000000000000000000 ) ) ;
#1972 = FACE_OUTER_BOUND ( 'NONE', #5229, .T. ) ;
#1973 = LINE ( 'NONE', #1052, #5461 ) ;
#1974 = DIRECTION ( 'NONE',  ( -0.000000000000000000, -0.000000000000000000, -1.000000000000000000 ) ) ;
#1975 = DIRECTION ( 'NONE',  ( -1.000000000000000000, -3.469446951953611107E-17, 0.000000000000000000 ) ) ;
#1976 = DIRECTION ( 'NONE',  ( 1.000000000000000000, 0.000000000000000000, -0.000000000000000000 ) ) ;
#1977 = CARTESIAN_POINT ( 'NONE',  ( -4.501000000000007439, 16.99999999999999645, 55.00658097017269910 ) ) ;
#1978 = EDGE_LOOP ( 'NONE', ( #2878, #6284, #2445, #3545 ) ) ;
#1979 = ORIENTED_EDGE ( 'NONE', *, *, #1122, .T. ) ;
#1980 = VECTOR ( 'NONE', #4917, 1000.000000000000000 ) ;
#1981 = DIRECTION ( 'NONE',  ( -1.000000000000000000, 0.000000000000000000, 0.000000000000000000 ) ) ;
#1982 = DIRECTION ( 'NONE',  ( 1.000000000000000000, 1.239088197126290817E-16, -6.270397653133596605E-34 ) ) ;
#1983 = CYLINDRICAL_SURFACE ( 'NONE', #3086, 2.050000000000010036 ) ;
#1984 = ORIENTED_EDGE ( 'NONE', *, *, #3744, .F. ) ;
#1985 = CYLINDRICAL_SURFACE ( 'NONE', #4804, 3.999999999999998224 ) ;
#1986 = CARTESIAN_POINT ( 'NONE',  ( 0.4999999999999982792, -7.661951201776465936, 60.80847766620527750 ) ) ;
#1987 = ORIENTED_EDGE ( 'NONE', *, *, #2210, .T. ) ;
#1988 = VERTEX_POINT ( 'NONE', #1986 ) ;
#1989 = VECTOR ( 'NONE', #3614, 1000.000000000000000 ) ;
#1990 = DIRECTION ( 'NONE',  ( 1.000000000000000000, 3.252606517456513918E-17, -0.000000000000000000 ) ) ;
#1991 = FACE_OUTER_BOUND ( 'NONE', #112, .T. ) ;
#1992 = AXIS2_PLACEMENT_3D ( 'NONE', #4132, #2720, #1724 ) ;
#1993 = EDGE_LOOP ( 'NONE', ( #3802, #416, #3197, #5405 ) ) ;
#1994 = FACE_OUTER_BOUND ( 'NONE', #1182, .T. ) ;
#1995 = ORIENTED_EDGE ( 'NONE', *, *, #5810, .T. ) ;
#1996 = FACE_OUTER_BOUND ( 'NONE', #5326, .T. ) ;
#1997 = CARTESIAN_POINT ( 'NONE',  ( 3.000000000000000000, 6.499999999999996447, 47.50000000000000000 ) ) ;
#1998 = EDGE_LOOP ( 'NONE', ( #2436, #5777 ) ) ;
#1999 = ORIENTED_EDGE ( 'NONE', *, *, #4291, .T. ) ;
#2000 = EDGE_CURVE ( 'NONE', #3408, #6125, #1272, .T. ) ;
#2001 = VECTOR ( 'NONE', #5972, 1000.000000000000000 ) ;
#2002 = EDGE_CURVE ( 'NONE', #4012, #1949, #1695, .T. ) ;
#2003 = FACE_OUTER_BOUND ( 'NONE', #5627, .T. ) ;
#2004 = CARTESIAN_POINT ( 'NONE',  ( 3.999999999999993339, 20.99999999999999289, -3.722582566473828896E-16 ) ) ;
#2005 = AXIS2_PLACEMENT_3D ( 'NONE', #3767, #3239, #1854 ) ;
#2006 = DIRECTION ( 'NONE',  ( -1.000000000000000000, 0.000000000000000000, 9.757819552369541139E-17 ) ) ;
#2007 = CARTESIAN_POINT ( 'NONE',  ( 1.000000000000000000, -8.087544543006945474, 14.54168760482228606 ) ) ;
#2008 = CARTESIAN_POINT ( 'NONE',  ( 0.5000000000000000000, -22.49999999999998934, -24.20000000000000639 ) ) ;
#2009 = ADVANCED_FACE ( 'NONE', ( #5582 ), #4560, .T. ) ;
#2010 = DIRECTION ( 'NONE',  ( 0.000000000000000000, 1.000000000000000000, 0.000000000000000000 ) ) ;
#2011 = AXIS2_PLACEMENT_3D ( 'NONE', #1004, #3898, #2526 ) ;
#2012 = AXIS2_PLACEMENT_3D ( 'NONE', #3253, #3160, #608 ) ;
#2013 = EDGE_LOOP ( 'NONE', ( #2285, #1820, #4802, #287, #2464 ) ) ;
#2014 = ORIENTED_EDGE ( 'NONE', *, *, #4696, .T. ) ;
#2015 = LINE ( 'NONE', #3035, #1532 ) ;
#2016 = FACE_OUTER_BOUND ( 'NONE', #2022, .T. ) ;
#2017 = AXIS2_PLACEMENT_3D ( 'NONE', #4405, #6366, #391 ) ;
#2018 = CARTESIAN_POINT ( 'NONE',  ( -0.5000000000000086597, 18.99999999999999645, -21.33700000000000330 ) ) ;
#2019 = ORIENTED_EDGE ( 'NONE', *, *, #5639, .T. ) ;
#2020 = DIRECTION ( 'NONE',  ( 0.000000000000000000, 1.000000000000000000, -1.577021341797097560E-16 ) ) ;
#2021 = DIRECTION ( 'NONE',  ( 1.084202172485503448E-16, 0.000000000000000000, 1.000000000000000000 ) ) ;
#2022 = EDGE_LOOP ( 'NONE', ( #2828, #615, #3101, #1474 ) ) ;
#2023 = ADVANCED_FACE ( 'NONE', ( #6241 ), #1067, .F. ) ;
#2024 = ORIENTED_EDGE ( 'NONE', *, *, #3324, .T. ) ;
#2025 = DIRECTION ( 'NONE',  ( 1.000000000000000000, 0.000000000000000000, -0.000000000000000000 ) ) ;
#2026 = CARTESIAN_POINT ( 'NONE',  ( 7.001000000000000334, -15.99999999999999645, -33.60000000000000142 ) ) ;
#2027 = ORIENTED_EDGE ( 'NONE', *, *, #3468, .F. ) ;
#2028 = FACE_OUTER_BOUND ( 'NONE', #5594, .T. ) ;
#2029 = VERTEX_POINT ( 'NONE', #584 ) ;
#2030 = DIRECTION ( 'NONE',  ( 1.000000000000000000, 3.252606517456513918E-17, 0.000000000000000000 ) ) ;
#2031 = EDGE_CURVE ( 'NONE', #4262, #4665, #49, .T. ) ;
#2032 = DIRECTION ( 'NONE',  ( -1.239088197126290570E-16, 1.000000000000000000, 0.000000000000000000 ) ) ;
#2033 = VERTEX_POINT ( 'NONE', #5775 ) ;
#2034 = CIRCLE ( 'NONE', #1093, 2.049999999999999822 ) ;
#2035 = ORIENTED_EDGE ( 'NONE', *, *, #2771, .T. ) ;
#2036 = CARTESIAN_POINT ( 'NONE',  ( 4.000000000000000000, -6.500000000000000000, 4.000000000000000000 ) ) ;
#2037 = AXIS2_PLACEMENT_3D ( 'NONE', #488, #1473, #412 ) ;
#2038 = AXIS2_PLACEMENT_3D ( 'NONE', #3732, #241, #712 ) ;
#2039 = CARTESIAN_POINT ( 'NONE',  ( 0.000000000000000000, 0.000000000000000000, -20.00000000000000000 ) ) ;
#2040 = VECTOR ( 'NONE', #5357, 1000.000000000000000 ) ;
#2041 = CARTESIAN_POINT ( 'NONE',  ( 0.9999999999999993339, -0.5000000000000065503, 62.50000000000000000 ) ) ;
#2042 = CARTESIAN_POINT ( 'NONE',  ( 7.000000000000000000, -22.49999999999998579, -40.99999999999999289 ) ) ;
#2043 = CARTESIAN_POINT ( 'NONE',  ( 7.000000000000000000, -15.99999999999999289, -38.00000000000000000 ) ) ;
#2044 = VECTOR ( 'NONE', #1285, 1000.000000000000000 ) ;
#2045 = VECTOR ( 'NONE', #549, 1000.000000000000000 ) ;
#2046 = LINE ( 'NONE', #6145, #147 ) ;
#2047 = CARTESIAN_POINT ( 'NONE',  ( 1.225000000000000089, -0.9999999999999950040, -34.20000000000000284 ) ) ;
#2048 = CIRCLE ( 'NONE', #4354, 0.7999999999999986011 ) ;
#2049 = EDGE_CURVE ( 'NONE', #2972, #518, #4961, .T. ) ;
#2050 = VECTOR ( 'NONE', #3318, 1000.000000000000000 ) ;
#2051 = EDGE_LOOP ( 'NONE', ( #1745, #6410, #971, #3961 ) ) ;
#2052 = EDGE_CURVE ( 'NONE', #518, #2972, #4649, .T. ) ;
#2053 = LINE ( 'NONE', #5056, #5421 ) ;
#2054 = EDGE_CURVE ( 'NONE', #286, #5228, #764, .T. ) ;
#2055 = PLANE ( 'NONE',  #4245 ) ;
#2056 = VERTEX_POINT ( 'NONE', #5239 ) ;
#2057 = DIRECTION ( 'NONE',  ( -1.000000000000000000, -3.252606517456514535E-17, 0.000000000000000000 ) ) ;
#2058 = DIRECTION ( 'NONE',  ( 1.000000000000000000, 0.000000000000000000, -0.000000000000000000 ) ) ;
#2059 = VERTEX_POINT ( 'NONE', #1249 ) ;
#2060 = ORIENTED_EDGE ( 'NONE', *, *, #879, .F. ) ;
#2061 = CARTESIAN_POINT ( 'NONE',  ( 7.000000000000000000, 6.499999999999996447, 4.000000000000000000 ) ) ;
#2062 = EDGE_CURVE ( 'NONE', #5371, #2223, #1200, .T. ) ;
#2063 = DIRECTION ( 'NONE',  ( -0.000000000000000000, -1.000000000000000000, -0.000000000000000000 ) ) ;
#2064 = ORIENTED_EDGE ( 'NONE', *, *, #3612, .T. ) ;
#2065 = LINE ( 'NONE', #2983, #2247 ) ;
#2066 = ORIENTED_EDGE ( 'NONE', *, *, #724, .F. ) ;
#2067 = CARTESIAN_POINT ( 'NONE',  ( 0.9999999999999991118, 3.999999999999998224, 62.50000000000000000 ) ) ;
#2068 = ADVANCED_FACE ( 'NONE', ( #6096 ), #1566, .F. ) ;
#2069 = FACE_OUTER_BOUND ( 'NONE', #6339, .T. ) ;
#2070 = ORIENTED_EDGE ( 'NONE', *, *, #2902, .F. ) ;
#2071 = EDGE_CURVE ( 'NONE', #2033, #2783, #783, .T. ) ;
#2072 = ORIENTED_EDGE ( 'NONE', *, *, #3268, .T. ) ;
#2073 = LINE ( 'NONE', #4542, #5691 ) ;
#2074 = DIRECTION ( 'NONE',  ( 0.000000000000000000, 0.000000000000000000, -1.000000000000000000 ) ) ;
#2075 = DIRECTION ( 'NONE',  ( 1.000000000000000000, 1.239088197126290570E-16, -0.000000000000000000 ) ) ;
#2076 = DIRECTION ( 'NONE',  ( 1.000000000000000000, 3.252606517456513918E-17, -0.000000000000000000 ) ) ;
#2077 = EDGE_CURVE ( 'NONE', #108, #206, #4460, .T. ) ;
#2078 = EDGE_CURVE ( 'NONE', #4852, #4922, #148, .T. ) ;
#2079 = DIRECTION ( 'NONE',  ( 8.673617379884034239E-17, 0.000000000000000000, 1.000000000000000000 ) ) ;
#2080 = DIRECTION ( 'NONE',  ( -3.129951135296190967E-17, 1.000000000000000000, 0.000000000000000000 ) ) ;
#2081 = FACE_OUTER_BOUND ( 'NONE', #1876, .T. ) ;
#2082 = ORIENTED_EDGE ( 'NONE', *, *, #3982, .T. ) ;
#2083 = DIRECTION ( 'NONE',  ( 0.000000000000000000, -1.000000000000000000, 0.000000000000000000 ) ) ;
#2084 = EDGE_CURVE ( 'NONE', #2858, #3301, #681, .T. ) ;
#2085 = DIRECTION ( 'NONE',  ( 0.000000000000000000, 1.000000000000000000, 2.376333528735352191E-16 ) ) ;
#2086 = ORIENTED_EDGE ( 'NONE', *, *, #5268, .T. ) ;
#2087 = CARTESIAN_POINT ( 'NONE',  ( 31.65336144876025770, -1.644164868785977118, 75.00000000000000000 ) ) ;
#2088 = CARTESIAN_POINT ( 'NONE',  ( 2.999999999999999112, -10.50000000000000178, 71.00000000000000000 ) ) ;
#2089 = ORIENTED_EDGE ( 'NONE', *, *, #1365, .T. ) ;
#2090 = EDGE_CURVE ( 'NONE', #863, #3417, #1595, .T. ) ;
#2091 = EDGE_CURVE ( 'NONE', #1886, #810, #2560, .T. ) ;
#2092 = DIRECTION ( 'NONE',  ( -1.057758217059028854E-16, 1.000000000000000000, 0.000000000000000000 ) ) ;
#2093 = DIRECTION ( 'NONE',  ( 0.000000000000000000, -1.000000000000000000, 0.000000000000000000 ) ) ;
#2094 = ORIENTED_EDGE ( 'NONE', *, *, #4170, .F. ) ;
#2095 = FACE_OUTER_BOUND ( 'NONE', #1509, .T. ) ;
#2096 = VERTEX_POINT ( 'NONE', #5126 ) ;
#2097 = AXIS2_PLACEMENT_3D ( 'NONE', #120, #5135, #2632 ) ;
#2098 = CARTESIAN_POINT ( 'NONE',  ( 3.500000000000000000, -22.50000000000001066, 55.94999999999998153 ) ) ;
#2099 = DIRECTION ( 'NONE',  ( -0.5634384369710554452, 0.000000000000000000, -0.8261580525199848646 ) ) ;
#2100 = VERTEX_POINT ( 'NONE', #618 ) ;
#2101 = EDGE_CURVE ( 'NONE', #1648, #5608, #2738, .T. ) ;
#2102 = ORIENTED_EDGE ( 'NONE', *, *, #5900, .T. ) ;
#2103 = CARTESIAN_POINT ( 'NONE',  ( 4.000000000000000000, -15.53963716630351222, 35.09386066807927307 ) ) ;
#2104 = LINE ( 'NONE', #1611, #5632 ) ;
#2105 = DIRECTION ( 'NONE',  ( 0.000000000000000000, -1.000000000000000000, -2.168404344971010594E-16 ) ) ;
#2106 = CARTESIAN_POINT ( 'NONE',  ( -4.501000000000010992, -20.99999999999999645, -31.59999999999999787 ) ) ;
#2107 = AXIS2_PLACEMENT_3D ( 'NONE', #2952, #3544, #1965 ) ;
#2108 = AXIS2_PLACEMENT_3D ( 'NONE', #1049, #5567, #6501 ) ;
#2109 = DIRECTION ( 'NONE',  ( 1.000000000000000000, -0.000000000000000000, -0.000000000000000000 ) ) ;
#2110 = EDGE_CURVE ( 'NONE', #5319, #6235, #1710, .T. ) ;
#2111 = VERTEX_POINT ( 'NONE', #235 ) ;
#2112 = AXIS2_PLACEMENT_3D ( 'NONE', #2668, #161, #3181 ) ;
#2113 = LINE ( 'NONE', #2964, #3192 ) ;
#2114 = FACE_OUTER_BOUND ( 'NONE', #3455, .T. ) ;
#2115 = VECTOR ( 'NONE', #4597, 1000.000000000000000 ) ;
#2116 = ORIENTED_EDGE ( 'NONE', *, *, #3630, .F. ) ;
#2117 = FACE_OUTER_BOUND ( 'NONE', #6317, .T. ) ;
#2118 = CIRCLE ( 'NONE', #4218, 0.7999999999999986011 ) ;
#2119 = PLANE ( 'NONE',  #5511 ) ;
#2120 = ORIENTED_EDGE ( 'NONE', *, *, #3418, .T. ) ;
#2121 = DIRECTION ( 'NONE',  ( -0.000000000000000000, 1.000000000000000000, 3.690901012716611636E-16 ) ) ;
#2122 = CIRCLE ( 'NONE', #4653, 0.8000000000000003775 ) ;
#2123 = VERTEX_POINT ( 'NONE', #2242 ) ;
#2124 = EDGE_CURVE ( 'NONE', #160, #2249, #426, .T. ) ;
#2125 = AXIS2_PLACEMENT_3D ( 'NONE', #2344, #4376, #2830 ) ;
#2126 = DIRECTION ( 'NONE',  ( -1.000000000000000000, -3.252606517456513918E-17, 0.000000000000000000 ) ) ;
#2127 = DIRECTION ( 'NONE',  ( 0.000000000000000000, 0.000000000000000000, 1.000000000000000000 ) ) ;
#2128 = EDGE_CURVE ( 'NONE', #4307, #2429, #1523, .T. ) ;
#2129 = VERTEX_POINT ( 'NONE', #6397 ) ;
#2130 = CARTESIAN_POINT ( 'NONE',  ( 0.000000000000000000, 7.885106708985487062E-16, -34.20000000000000284 ) ) ;
#2131 = VERTEX_POINT ( 'NONE', #5337 ) ;
#2132 = CARTESIAN_POINT ( 'NONE',  ( 2.724999999999999201, -22.49999999999998934, -31.59999999999999787 ) ) ;
#2133 = DIRECTION ( 'NONE',  ( 0.000000000000000000, 0.000000000000000000, -1.000000000000000000 ) ) ;
#2134 = ORIENTED_EDGE ( 'NONE', *, *, #5673, .F. ) ;
#2135 = EDGE_CURVE ( 'NONE', #4216, #4012, #5203, .T. ) ;
#2136 = ORIENTED_EDGE ( 'NONE', *, *, #3962, .T. ) ;
#2137 = ADVANCED_FACE ( 'NONE', ( #796 ), #2804, .T. ) ;
#2138 = CARTESIAN_POINT ( 'NONE',  ( -3.275000000000007461, 25.99999999999999645, -9.337000000000001521 ) ) ;
#2139 = CARTESIAN_POINT ( 'NONE',  ( 0.4999999999999990563, -12.75000000000000000, 39.00000000000000000 ) ) ;
#2140 = DIRECTION ( 'NONE',  ( 1.355252715606881036E-16, -1.000000000000000000, 0.000000000000000000 ) ) ;
#2141 = CARTESIAN_POINT ( 'NONE',  ( 7.002000000000003332, -7.299999999999998934, 27.71223167968819823 ) ) ;
#2142 = VECTOR ( 'NONE', #1799, 1000.000000000000000 ) ;
#2143 = VERTEX_POINT ( 'NONE', #1283 ) ;
#2144 = EDGE_LOOP ( 'NONE', ( #1209, #6038, #1194, #3396, #3680, #875 ) ) ;
#2145 = AXIS2_PLACEMENT_3D ( 'NONE', #4626, #3997, #3037 ) ;
#2146 = DIRECTION ( 'NONE',  ( -0.000000000000000000, -0.000000000000000000, -1.000000000000000000 ) ) ;
#2147 = DIRECTION ( 'NONE',  ( -1.000000000000000000, -3.252606517456514535E-17, 2.535569890667616456E-16 ) ) ;
#2148 = EDGE_CURVE ( 'NONE', #5739, #4307, #1837, .T. ) ;
#2149 = VERTEX_POINT ( 'NONE', #5437 ) ;
#2150 = AXIS2_PLACEMENT_3D ( 'NONE', #887, #4342, #6368 ) ;
#2151 = ADVANCED_FACE ( 'NONE', ( #4878 ), #3852, .F. ) ;
#2152 = CYLINDRICAL_SURFACE ( 'NONE', #3729, 0.8000000000000003775 ) ;
#2154 = EDGE_CURVE ( 'NONE', #5029, #4574, #363, .T. ) ;
#2153 = LINE ( 'NONE', #5979, #1414 ) ;
#2155 = ORIENTED_EDGE ( 'NONE', *, *, #5763, .F. ) ;
#2156 = DIRECTION ( 'NONE',  ( -1.000000000000000000, 0.000000000000000000, 9.757819552369541139E-17 ) ) ;
#2157 = VECTOR ( 'NONE', #949, 1000.000000000000000 ) ;
#2158 = EDGE_LOOP ( 'NONE', ( #3186, #6370, #2808, #2134 ) ) ;
#2159 = EDGE_CURVE ( 'NONE', #3933, #4120, #2345, .T. ) ;
#2160 = EDGE_CURVE ( 'NONE', #1138, #1636, #5905, .T. ) ;
#2161 = AXIS2_PLACEMENT_3D ( 'NONE', #1438, #2564, #6520 ) ;
#2162 = CARTESIAN_POINT ( 'NONE',  ( 7.002000000000005997, -19.00000000000001066, 54.86700173132491898 ) ) ;
#2163 = CARTESIAN_POINT ( 'NONE',  ( 4.000000000000000000, -10.76036283369648494, 35.09386066807927307 ) ) ;
#2164 = ORIENTED_EDGE ( 'NONE', *, *, #6382, .F. ) ;
#2165 = CARTESIAN_POINT ( 'NONE',  ( -64.14711903867025455, -6.500000000000001776, 66.00000000000000000 ) ) ;
#2166 = ORIENTED_EDGE ( 'NONE', *, *, #3841, .F. ) ;
#2167 = DIRECTION ( 'NONE',  ( 1.000000000000000000, 1.239088197126290570E-16, 0.000000000000000000 ) ) ;
#2168 = CARTESIAN_POINT ( 'NONE',  ( 7.002000000000005109, -12.75000000000000000, 39.00000000000000000 ) ) ;
#2169 = ORIENTED_EDGE ( 'NONE', *, *, #4086, .F. ) ;
#2170 = ORIENTED_EDGE ( 'NONE', *, *, #4833, .T. ) ;
#2171 = DIRECTION ( 'NONE',  ( -0.000000000000000000, -1.000000000000000000, -2.168404344971010840E-16 ) ) ;
#2172 = EDGE_CURVE ( 'NONE', #5923, #5819, #3783, .T. ) ;
#2173 = CARTESIAN_POINT ( 'NONE',  ( 0.9999999999999995559, -8.087544543006945474, 15.34168760482228500 ) ) ;
#2174 = CARTESIAN_POINT ( 'NONE',  ( 0.4999999999999990563, -12.75000000000000000, 39.00000000000000000 ) ) ;
#2175 = VECTOR ( 'NONE', #4366, 1000.000000000000000 ) ;
#2176 = DIRECTION ( 'NONE',  ( -1.000000000000000000, 0.000000000000000000, 9.757819552369541139E-17 ) ) ;
#2177 = ORIENTED_EDGE ( 'NONE', *, *, #6028, .F. ) ;
#2178 = DIRECTION ( 'NONE',  ( -9.306456416184588263E-17, 0.000000000000000000, -1.000000000000000000 ) ) ;
#2179 = CARTESIAN_POINT ( 'NONE',  ( 7.002000000000004221, -7.417561391042561070, 22.72955660195331262 ) ) ;
#2180 = LINE ( 'NONE', #2710, #4020 ) ;
#2181 = ORIENTED_EDGE ( 'NONE', *, *, #2246, .F. ) ;
#2182 = CARTESIAN_POINT ( 'NONE',  ( -0.5000000000000086597, 18.99999999999999645, -21.33700000000000330 ) ) ;
#2183 = ORIENTED_EDGE ( 'NONE', *, *, #1357, .T. ) ;
#2184 = DIRECTION ( 'NONE',  ( -1.000000000000000000, -3.252606517456513918E-17, 0.000000000000000000 ) ) ;
#2185 = ORIENTED_EDGE ( 'NONE', *, *, #4494, .T. ) ;
#2186 = FACE_OUTER_BOUND ( 'NONE', #815, .T. ) ;
#2187 = EDGE_CURVE ( 'NONE', #1337, #5320, #1822, .T. ) ;
#2188 = LINE ( 'NONE', #55, #888 ) ;
#2189 = ORIENTED_EDGE ( 'NONE', *, *, #5704, .T. ) ;
#2190 = DIRECTION ( 'NONE',  ( 0.000000000000000000, -1.000000000000000000, 0.000000000000000000 ) ) ;
#2191 = ORIENTED_EDGE ( 'NONE', *, *, #4914, .T. ) ;
#2192 = LINE ( 'NONE', #1076, #4515 ) ;
#2193 = DIRECTION ( 'NONE',  ( -1.239088197126290570E-16, 1.000000000000000000, 0.000000000000000000 ) ) ;
#2194 = VERTEX_POINT ( 'NONE', #2923 ) ;
#2195 = ORIENTED_EDGE ( 'NONE', *, *, #4404, .F. ) ;
#2196 = DIRECTION ( 'NONE',  ( 1.000000000000000000, 0.000000000000000000, 0.000000000000000000 ) ) ;
#2197 =( GEOMETRIC_REPRESENTATION_CONTEXT ( 3 ) GLOBAL_UNCERTAINTY_ASSIGNED_CONTEXT ( ( #1811 ) ) GLOBAL_UNIT_ASSIGNED_CONTEXT ( ( #3066, #3099, #1059 ) ) REPRESENTATION_CONTEXT ( 'NONE', 'WORKASPACE' ) );
#2198 = DIRECTION ( 'NONE',  ( 3.469446951953611107E-17, -1.000000000000000000, 0.000000000000000000 ) ) ;
#2199 = CARTESIAN_POINT ( 'NONE',  ( -64.14711903867025455, -10.95018283449972607, 59.65831239517768836 ) ) ;
#2200 = EDGE_CURVE ( 'NONE', #4510, #3306, #3816, .T. ) ;
#2201 = VECTOR ( 'NONE', #4681, 1000.000000000000114 ) ;
#2202 = LINE ( 'NONE', #5701, #1089 ) ;
#2203 = EDGE_LOOP ( 'NONE', ( #5134, #3165, #3366, #3113 ) ) ;
#2204 = AXIS2_PLACEMENT_3D ( 'NONE', #1692, #5689, #4603 ) ;
#2205 = ORIENTED_EDGE ( 'NONE', *, *, #5673, .T. ) ;
#2206 = LINE ( 'NONE', #2736, #5628 ) ;
#2207 = CIRCLE ( 'NONE', #536, 0.7999999999999986011 ) ;
#2208 = CARTESIAN_POINT ( 'NONE',  ( 0.4999999999999983902, -7.903080869113575879, 15.97090127777026858 ) ) ;
#2209 = DIRECTION ( 'NONE',  ( -0.000000000000000000, -0.000000000000000000, 1.000000000000000000 ) ) ;
#2210 = EDGE_CURVE ( 'NONE', #3567, #5347, #1316, .T. ) ;
#2211 = EDGE_LOOP ( 'NONE', ( #4137, #1913, #2356, #5690 ) ) ;
#2212 = VECTOR ( 'NONE', #4893, 1000.000000000000000 ) ;
#2213 = VECTOR ( 'NONE', #6262, 1000.000000000000000 ) ;
#2214 = EDGE_CURVE ( 'NONE', #1305, #1079, #3321, .T. ) ;
#2215 = PLANE ( 'NONE',  #680 ) ;
#2216 = EDGE_LOOP ( 'NONE', ( #6217, #1984, #367, #3770, #941, #1402 ) ) ;
#2217 = DIRECTION ( 'NONE',  ( -1.000000000000000000, 0.000000000000000000, 9.757819552369541139E-17 ) ) ;
#2218 = ORIENTED_EDGE ( 'NONE', *, *, #1289, .F. ) ;
#2219 = DIRECTION ( 'NONE',  ( 1.000000000000000000, 3.469446951953611107E-17, -0.000000000000000000 ) ) ;
#2220 = PLANE ( 'NONE',  #1889 ) ;
#2221 = ORIENTED_EDGE ( 'NONE', *, *, #3646, .T. ) ;
#2222 = PLANE ( 'NONE',  #3671 ) ;
#2223 = VERTEX_POINT ( 'NONE', #330 ) ;
#2224 = CARTESIAN_POINT ( 'NONE',  ( -63.03173803727769808, -6.500000000000001776, 61.52191394754551368 ) ) ;
#2225 = LINE ( 'NONE', #4230, #331 ) ;
#2226 = ORIENTED_EDGE ( 'NONE', *, *, #3409, .T. ) ;
#2227 = ADVANCED_FACE ( 'NONE', ( #1347 ), #3380, .T. ) ;
#2228 = VECTOR ( 'NONE', #5395, 1000.000000000000000 ) ;
#2229 = ORIENTED_EDGE ( 'NONE', *, *, #3032, .F. ) ;
#2230 = FACE_OUTER_BOUND ( 'NONE', #552, .T. ) ;
#2231 = ADVANCED_FACE ( 'NONE', ( #2895 ), #3348, .F. ) ;
#2232 = CARTESIAN_POINT ( 'NONE',  ( -4.500000000000003553, 33.96948592293308877, 31.67705809147638973 ) ) ;
#2233 = CARTESIAN_POINT ( 'NONE',  ( -25.26144082385011558, 45.26144082384987399, -10.87414956317678971 ) ) ;
#2234 = DIRECTION ( 'NONE',  ( 0.000000000000000000, -1.000000000000000000, 0.000000000000000000 ) ) ;
#2235 = CARTESIAN_POINT ( 'NONE',  ( 0.4999999999999988343, -10.71297600145975792, 43.17738353869633983 ) ) ;
#2236 = ORIENTED_EDGE ( 'NONE', *, *, #5812, .F. ) ;
#2237 = CARTESIAN_POINT ( 'NONE',  ( -2.000000000000026201, 22.00000000000000000, -29.19999999999999929 ) ) ;
#2238 = CARTESIAN_POINT ( 'NONE',  ( 7.002000000000005109, -13.03637030922739548, 35.01026416338211078 ) ) ;
#2239 = EDGE_CURVE ( 'NONE', #5384, #5443, #4144, .T. ) ;
#2240 = EDGE_CURVE ( 'NONE', #4008, #2029, #5501, .T. ) ;
#2241 = DIRECTION ( 'NONE',  ( 1.084202172485503448E-16, 0.000000000000000000, 1.000000000000000000 ) ) ;
#2242 = CARTESIAN_POINT ( 'NONE',  ( 1.999999999999999112, -0.5000000000000065503, 67.00000000000000000 ) ) ;
#2243 = VECTOR ( 'NONE', #1990, 1000.000000000000000 ) ;
#2244 = CIRCLE ( 'NONE', #2145, 5.499999999999998224 ) ;
#2245 = PLANE ( 'NONE',  #6264 ) ;
#2246 = EDGE_CURVE ( 'NONE', #5459, #970, #4018, .T. ) ;
#2247 = VECTOR ( 'NONE', #4074, 1000.000000000000114 ) ;
#2248 = AXIS2_PLACEMENT_3D ( 'NONE', #2162, #5219, #4700 ) ;
#2249 = VERTEX_POINT ( 'NONE', #5541 ) ;
#2250 = CARTESIAN_POINT ( 'NONE',  ( 7.000000000000000000, -13.99999999999999645, -26.35000000000000142 ) ) ;
#2251 = EDGE_CURVE ( 'NONE', #4317, #847, #6009, .T. ) ;
#2252 = CIRCLE ( 'NONE', #4680, 0.7999999999999986011 ) ;
#2253 = ORIENTED_EDGE ( 'NONE', *, *, #5466, .F. ) ;
#2254 = VECTOR ( 'NONE', #2960, 1000.000000000000000 ) ;
#2255 = LINE ( 'NONE', #4224, #6259 ) ;
#2256 = CARTESIAN_POINT ( 'NONE',  ( 0.4999999999999995559, -18.20000000000000284, 50.28776832031181243 ) ) ;
#2257 = ORIENTED_EDGE ( 'NONE', *, *, #1772, .F. ) ;
#2258 = CARTESIAN_POINT ( 'NONE',  ( 4.224999999999999645, -15.99999999999999645, -31.09999999999999432 ) ) ;
#2259 = ORIENTED_EDGE ( 'NONE', *, *, #2287, .T. ) ;
#2260 = DIRECTION ( 'NONE',  ( -1.000000000000000000, -0.000000000000000000, -0.000000000000000000 ) ) ;
#2261 = DIRECTION ( 'NONE',  ( -1.355252715606883008E-16, 1.000000000000000000, 0.000000000000000000 ) ) ;
#2262 = VECTOR ( 'NONE', #4005, 1000.000000000000000 ) ;
#2263 = ORIENTED_EDGE ( 'NONE', *, *, #1450, .T. ) ;
#2264 = VECTOR ( 'NONE', #2829, 1000.000000000000000 ) ;
#2265 = ORIENTED_EDGE ( 'NONE', *, *, #1759, .T. ) ;
#2266 = EDGE_CURVE ( 'NONE', #1370, #174, #2579, .T. ) ;
#2267 = DIRECTION ( 'NONE',  ( 6.351109282876334973E-17, 1.000000000000000000, -0.000000000000000000 ) ) ;
#2268 = VECTOR ( 'NONE', #2554, 1000.000000000000000 ) ;
#2269 = PLANE ( 'NONE',  #4377 ) ;
#2270 = ORIENTED_EDGE ( 'NONE', *, *, #4177, .F. ) ;
#2271 = DIRECTION ( 'NONE',  ( 0.000000000000000000, -1.000000000000000000, 0.000000000000000000 ) ) ;
#2272 = EDGE_CURVE ( 'NONE', #4534, #3492, #3485, .T. ) ;
#2273 = FACE_OUTER_BOUND ( 'NONE', #354, .T. ) ;
#2274 = DIRECTION ( 'NONE',  ( 1.000000000000000000, -6.505213034913025371E-17, -0.000000000000000000 ) ) ;
#2275 = CARTESIAN_POINT ( 'NONE',  ( 4.000000000000000000, -18.33673903370881320, 4.000000000000002665 ) ) ;
#2276 = VERTEX_POINT ( 'NONE', #5014 ) ;
#2277 = ORIENTED_EDGE ( 'NONE', *, *, #3851, .F. ) ;
#2278 = CARTESIAN_POINT ( 'NONE',  ( 0.4999999999999979461, -4.500000000000000000, -4.000000000000000000 ) ) ;
#2279 = CIRCLE ( 'NONE', #5644, 0.7999999999999986011 ) ;
#2280 = DIRECTION ( 'NONE',  ( 1.000000000000000000, 3.252606517456513302E-17, -2.535569890667617935E-16 ) ) ;
#2281 = DIRECTION ( 'NONE',  ( 0.000000000000000000, -1.000000000000000000, 0.000000000000000000 ) ) ;
#2282 = FACE_OUTER_BOUND ( 'NONE', #3735, .T. ) ;
#2283 = VERTEX_POINT ( 'NONE', #5602 ) ;
#2284 = DIRECTION ( 'NONE',  ( -9.856383386231857595E-17, 0.000000000000000000, -1.000000000000000000 ) ) ;
#2285 = ORIENTED_EDGE ( 'NONE', *, *, #3211, .T. ) ;
#2286 = CIRCLE ( 'NONE', #5978, 3.999999999999998224 ) ;
#2287 = EDGE_CURVE ( 'NONE', #4825, #5889, #67, .T. ) ;
#2288 = DIRECTION ( 'NONE',  ( 1.000000000000000000, 1.239088197126290570E-16, 1.904444227198434433E-33 ) ) ;
#2289 = LINE ( 'NONE', #3329, #5163 ) ;
#2290 = ADVANCED_FACE ( 'NONE', ( #3985 ), #4979, .F. ) ;
#2291 = VERTEX_POINT ( 'NONE', #2042 ) ;
#2292 = FACE_OUTER_BOUND ( 'NONE', #4892, .T. ) ;
#2293 = VERTEX_POINT ( 'NONE', #2547 ) ;
#2294 = CARTESIAN_POINT ( 'NONE',  ( 1.225000000000000089, -10.99999999999999467, -29.20000000000000284 ) ) ;
#2295 = CARTESIAN_POINT ( 'NONE',  ( 0.4999999999999995559, -16.74999999999999645, 39.00000000000000000 ) ) ;
#2296 = EDGE_CURVE ( 'NONE', #3345, #1968, #33, .T. ) ;
#2297 = VERTEX_POINT ( 'NONE', #1486 ) ;
#2298 = ORIENTED_EDGE ( 'NONE', *, *, #2702, .T. ) ;
#2299 = CARTESIAN_POINT ( 'NONE',  ( 1.000000000000000888, -14.54981716550029525, 65.20000000000000284 ) ) ;
#2300 = ADVANCED_FACE ( 'NONE', ( #3583 ), #6505, .F. ) ;
#2301 = CARTESIAN_POINT ( 'NONE',  ( 0.4999999999999987232, -10.42530236141373834, 35.74488389006606326 ) ) ;
#2302 = VERTEX_POINT ( 'NONE', #3953 ) ;
#2303 = DIRECTION ( 'NONE',  ( 0.000000000000000000, -1.000000000000000000, 0.000000000000000000 ) ) ;
#2304 = DIRECTION ( 'NONE',  ( 0.000000000000000000, 1.000000000000000000, 0.000000000000000000 ) ) ;
#2305 = DIRECTION ( 'NONE',  ( -1.000000000000000000, -1.239088197126290570E-16, 0.000000000000000000 ) ) ;
#2306 = LINE ( 'NONE', #2235, #6051 ) ;
#2307 = EDGE_LOOP ( 'NONE', ( #1429, #3265, #5450, #5035 ) ) ;
#2308 = EDGE_CURVE ( 'NONE', #5879, #852, #1096, .T. ) ;
#2309 = DIRECTION ( 'NONE',  ( -1.355252715606883008E-16, 1.000000000000000000, 0.000000000000000000 ) ) ;
#2310 = CIRCLE ( 'NONE', #2097, 5.000000000000000888 ) ;
#2311 = LINE ( 'NONE', #5304, #1701 ) ;
#2312 = DIRECTION ( 'NONE',  ( 1.000000000000000000, 3.252606517456513918E-17, 0.000000000000000000 ) ) ;
#2313 = ADVANCED_FACE ( 'NONE', ( #5113 ), #4584, .F. ) ;
#2314 = EDGE_CURVE ( 'NONE', #1305, #1172, #4321, .T. ) ;
#2315 = DIRECTION ( 'NONE',  ( 1.000000000000000000, 3.252606517456513918E-17, 0.000000000000000000 ) ) ;
#2316 = VERTEX_POINT ( 'NONE', #1521 ) ;
#2317 = CARTESIAN_POINT ( 'NONE',  ( 0.4999999999999978351, -3.499999999999999556, -24.20000000000000639 ) ) ;
#2318 = ORIENTED_EDGE ( 'NONE', *, *, #2986, .F. ) ;
#2319 = VECTOR ( 'NONE', #3949, 1000.000000000000000 ) ;
#2320 = LINE ( 'NONE', #6405, #780 ) ;
#2321 = EDGE_CURVE ( 'NONE', #4602, #5846, #3521, .T. ) ;
#2322 =( NAMED_UNIT ( * ) SI_UNIT ( $, .STERADIAN. ) SOLID_ANGLE_UNIT ( ) );
#2323 = ORIENTED_EDGE ( 'NONE', *, *, #587, .T. ) ;
#2324 = FACE_BOUND ( 'NONE', #456, .T. ) ;
#2325 = VECTOR ( 'NONE', #1823, 1000.000000000000000 ) ;
#2326 = ADVANCED_FACE ( 'NONE', ( #535, #5570, #1053 ), #4085, .T. ) ;
#2327 = DIRECTION ( 'NONE',  ( 4.818676322157792691E-17, -1.000000000000000000, 0.000000000000000000 ) ) ;
#2328 = ORIENTED_EDGE ( 'NONE', *, *, #3268, .F. ) ;
#2329 = ORIENTED_EDGE ( 'NONE', *, *, #4079, .F. ) ;
#2330 = CARTESIAN_POINT ( 'NONE',  ( 4.500000000000000888, 16.99999999999999645, -29.19999999999999929 ) ) ;
#2331 = AXIS2_PLACEMENT_3D ( 'NONE', #2393, #14, #1394 ) ;
#2332 = DIRECTION ( 'NONE',  ( -3.252606517456513918E-17, 1.000000000000000000, 0.000000000000000000 ) ) ;
#2333 = ORIENTED_EDGE ( 'NONE', *, *, #5711, .T. ) ;
#2334 = FACE_OUTER_BOUND ( 'NONE', #2567, .T. ) ;
#2335 = EDGE_CURVE ( 'NONE', #6161, #4252, #6110, .T. ) ;
#2336 = CIRCLE ( 'NONE', #5380, 0.8000000000000003775 ) ;
#2337 = LINE ( 'NONE', #2888, #4303 ) ;
#2338 = DIRECTION ( 'NONE',  ( 1.135736202682209697E-16, -0.000000000000000000, 1.000000000000000000 ) ) ;
#2339 = ORIENTED_EDGE ( 'NONE', *, *, #1061, .F. ) ;
#2340 = DIRECTION ( 'NONE',  ( 0.000000000000000000, 1.000000000000000000, 0.000000000000000000 ) ) ;
#2341 = ORIENTED_EDGE ( 'NONE', *, *, #436, .F. ) ;
#2342 = CIRCLE ( 'NONE', #6036, 0.7999999999999986011 ) ;
#2343 = DIRECTION ( 'NONE',  ( 0.000000000000000000, 0.6570453101161650711, 0.7538510863919692939 ) ) ;
#2344 = CARTESIAN_POINT ( 'NONE',  ( 7.002000000000006885, -18.20000000000000284, 50.28776832031181243 ) ) ;
#2345 = LINE ( 'NONE', #1770, #3296 ) ;
#2346 = EDGE_CURVE ( 'NONE', #852, #5531, #2671, .T. ) ;
#2347 = ORIENTED_EDGE ( 'NONE', *, *, #5197, .F. ) ;
#2348 = EDGE_CURVE ( 'NONE', #5244, #2316, #6029, .T. ) ;
#2349 = CYLINDRICAL_SURFACE ( 'NONE', #4995, 4.500000000000004441 ) ;
#2350 = LINE ( 'NONE', #6278, #3327 ) ;
#2351 = EDGE_LOOP ( 'NONE', ( #1950, #6511, #119, #4431 ) ) ;
#2352 = EDGE_LOOP ( 'NONE', ( #5950, #472, #707, #5084 ) ) ;
#2353 = CARTESIAN_POINT ( 'NONE',  ( 3.999999999999993339, 0.000000000000000000, -3.722582566473828896E-16 ) ) ;
#2354 = AXIS2_PLACEMENT_3D ( 'NONE', #3184, #1614, #4616 ) ;
#2355 = SURFACE_STYLE_USAGE ( .BOTH. , #867 ) ;
#2356 = ORIENTED_EDGE ( 'NONE', *, *, #583, .F. ) ;
#2357 = CYLINDRICAL_SURFACE ( 'NONE', #5581, 0.8000000000000003775 ) ;
#2358 = LINE ( 'NONE', #719, #2850 ) ;
#2359 = VERTEX_POINT ( 'NONE', #4237 ) ;
#2360 = EDGE_CURVE ( 'NONE', #1172, #4919, #95, .T. ) ;
#2361 = ORIENTED_EDGE ( 'NONE', *, *, #1919, .T. ) ;
#2362 = VECTOR ( 'NONE', #1841, 1000.000000000000000 ) ;
#2363 = VECTOR ( 'NONE', #5402, 1000.000000000000000 ) ;
#2364 = CARTESIAN_POINT ( 'NONE',  ( 0.9999999999999913403, 23.99999999999999645, 7.800000000000001599 ) ) ;
#2365 = CYLINDRICAL_SURFACE ( 'NONE', #5225, 0.7999999999999986011 ) ;
#2366 = ORIENTED_EDGE ( 'NONE', *, *, #1284, .F. ) ;
#2367 = CARTESIAN_POINT ( 'NONE',  ( -0.5000000000000082157, 27.19999999999999574, -16.33699999999999974 ) ) ;
#2368 = CIRCLE ( 'NONE', #5952, 2.049999999999999822 ) ;
#2369 = CIRCLE ( 'NONE', #1528, 0.8000000000000003775 ) ;
#2370 = DIRECTION ( 'NONE',  ( -0.000000000000000000, 0.000000000000000000, -1.000000000000000000 ) ) ;
#2371 = DIRECTION ( 'NONE',  ( 1.000000000000000000, 1.239088197126290570E-16, 0.000000000000000000 ) ) ;
#2372 = ORIENTED_EDGE ( 'NONE', *, *, #1396, .T. ) ;
#2373 = EDGE_CURVE ( 'NONE', #5560, #4825, #3644, .T. ) ;
#2374 = AXIS2_PLACEMENT_3D ( 'NONE', #2839, #2936, #1779 ) ;
#2375 = CARTESIAN_POINT ( 'NONE',  ( 6.999999999999999112, 3.999999999999999112, 62.50000000000000000 ) ) ;
#2376 = EDGE_CURVE ( 'NONE', #6223, #5846, #2336, .T. ) ;
#2377 = VERTEX_POINT ( 'NONE', #6232 ) ;
#2378 = EDGE_CURVE ( 'NONE', #3408, #4157, #5665, .T. ) ;
#2379 = LINE ( 'NONE', #3814, #3518 ) ;
#2380 = CARTESIAN_POINT ( 'NONE',  ( -3.275000000000007017, 22.00000000000000000, -11.20000000000000107 ) ) ;
#2381 = DIRECTION ( 'NONE',  ( 0.000000000000000000, -1.000000000000000000, -2.168404344971010594E-16 ) ) ;
#2382 = ORIENTED_EDGE ( 'NONE', *, *, #2266, .T. ) ;
#2383 = DIRECTION ( 'NONE',  ( 0.000000000000000000, -1.000000000000000000, 0.000000000000000000 ) ) ;
#2384 = CARTESIAN_POINT ( 'NONE',  ( -64.14711903867025455, -17.32982544119417767, 56.34168760482229033 ) ) ;
#2385 = EDGE_LOOP ( 'NONE', ( #5451, #6129, #6209, #5702 ) ) ;
#2386 = EDGE_LOOP ( 'NONE', ( #1432, #4322, #976, #1933 ) ) ;
#2387 = CIRCLE ( 'NONE', #1552, 3.999999999999998224 ) ;
#2388 = CARTESIAN_POINT ( 'NONE',  ( 0.5000000000000004441, -19.00000000000000355, 59.65831239517768836 ) ) ;
#2389 = CARTESIAN_POINT ( 'NONE',  ( 1.000000000000000444, -17.83804879822353584, 64.84983472897241086 ) ) ;
#2390 = EDGE_CURVE ( 'NONE', #1949, #3210, #332, .T. ) ;
#2391 = ORIENTED_EDGE ( 'NONE', *, *, #3445, .F. ) ;
#2392 = FACE_OUTER_BOUND ( 'NONE', #3604, .T. ) ;
#2393 = CARTESIAN_POINT ( 'NONE',  ( 1.999999999999999112, 3.999999999999998224, 62.50000000000000000 ) ) ;
#2394 = EDGE_LOOP ( 'NONE', ( #311, #1787, #1073, #5210 ) ) ;
#2395 = ORIENTED_EDGE ( 'NONE', *, *, #3109, .F. ) ;
#2396 = DIRECTION ( 'NONE',  ( 0.000000000000000000, -1.000000000000000000, 0.000000000000000000 ) ) ;
#2397 = VERTEX_POINT ( 'NONE', #1703 ) ;
#2398 = DIRECTION ( 'NONE',  ( -1.000000000000000000, -3.252606517456513918E-17, 0.000000000000000000 ) ) ;
#2399 = EDGE_LOOP ( 'NONE', ( #265, #4045, #4693, #4760 ) ) ;
#2400 = CARTESIAN_POINT ( 'NONE',  ( -4.500000000000008882, 22.00000000000000000, -29.19999999999999929 ) ) ;
#2401 = EDGE_CURVE ( 'NONE', #2487, #5455, #2730, .T. ) ;
#2402 = DIRECTION ( 'NONE',  ( 0.000000000000000000, 0.3390552584695132876, -0.9407664597040923393 ) ) ;
#2403 = CARTESIAN_POINT ( 'NONE',  ( 7.000000000000000000, -15.99999999999999645, -33.60000000000000142 ) ) ;
#2404 = ORIENTED_EDGE ( 'NONE', *, *, #6015, .T. ) ;
#2405 = DIRECTION ( 'NONE',  ( 2.551925094855734528E-17, -1.000000000000000000, 0.000000000000000000 ) ) ;
#2406 = FACE_OUTER_BOUND ( 'NONE', #2565, .T. ) ;
#2407 = DIRECTION ( 'NONE',  ( 0.000000000000000000, -1.084202172485504311E-16, -1.000000000000000000 ) ) ;
#2408 = FACE_OUTER_BOUND ( 'NONE', #1463, .T. ) ;
#2409 = ORIENTED_EDGE ( 'NONE', *, *, #6324, .T. ) ;
#2410 = VECTOR ( 'NONE', #3919, 1000.000000000000000 ) ;
#2411 = CARTESIAN_POINT ( 'NONE',  ( -64.14711903867025455, -19.00000000000000711, 21.65831239517770612 ) ) ;
#2412 = CARTESIAN_POINT ( 'NONE',  ( 0.5000000000000004441, -4.500000000000000000, 4.000000000000000000 ) ) ;
#2413 = DIRECTION ( 'NONE',  ( -0.000000000000000000, -0.000000000000000000, -1.000000000000000000 ) ) ;
#2414 = EDGE_CURVE ( 'NONE', #1006, #1298, #225, .T. ) ;
#2415 = ORIENTED_EDGE ( 'NONE', *, *, #4580, .T. ) ;
#2416 = ORIENTED_EDGE ( 'NONE', *, *, #801, .F. ) ;
#2417 = CYLINDRICAL_SURFACE ( 'NONE', #997, 0.7999999999999994893 ) ;
#2418 = DIRECTION ( 'NONE',  ( -0.000000000000000000, -1.000000000000000000, -2.168404344971010840E-16 ) ) ;
#2419 = VERTEX_POINT ( 'NONE', #2641 ) ;
#2420 = DIRECTION ( 'NONE',  ( 0.000000000000000000, 0.000000000000000000, -1.000000000000000000 ) ) ;
#2421 = EDGE_CURVE ( 'NONE', #4474, #1706, #4015, .T. ) ;
#2422 = VECTOR ( 'NONE', #4972, 1000.000000000000000 ) ;
#2423 = LINE ( 'NONE', #2941, #5809 ) ;
#2424 = ORIENTED_EDGE ( 'NONE', *, *, #6411, .T. ) ;
#2425 = ORIENTED_EDGE ( 'NONE', *, *, #2543, .T. ) ;
#2426 = LINE ( 'NONE', #5487, #2262 ) ;
#2427 = VECTOR ( 'NONE', #6344, 1000.000000000000000 ) ;
#2428 = VECTOR ( 'NONE', #4796, 1000.000000000000000 ) ;
#2429 = VERTEX_POINT ( 'NONE', #664 ) ;
#2430 = DIRECTION ( 'NONE',  ( 0.000000000000000000, -0.000000000000000000, 1.000000000000000000 ) ) ;
#2431 = EDGE_LOOP ( 'NONE', ( #6061, #2679, #2524, #3475, #3747, #935 ) ) ;
#2432 = EDGE_CURVE ( 'NONE', #5244, #3281, #6266, .T. ) ;
#2433 = DIRECTION ( 'NONE',  ( 0.000000000000000000, 0.000000000000000000, -1.000000000000000000 ) ) ;
#2434 = VECTOR ( 'NONE', #1134, 1000.000000000000000 ) ;
#2435 = CARTESIAN_POINT ( 'NONE',  ( 7.002000000000005109, -9.960362833696484230, 42.90613933192072693 ) ) ;
#2436 = ORIENTED_EDGE ( 'NONE', *, *, #5290, .T. ) ;
#2437 = CARTESIAN_POINT ( 'NONE',  ( 0.000000000000000000, -3.499999999999999556, -40.00100000000001188 ) ) ;
#2438 = ORIENTED_EDGE ( 'NONE', *, *, #689, .T. ) ;
#2439 = CARTESIAN_POINT ( 'NONE',  ( 0.000000000000000000, 0.000000000000000000, 0.000000000000000000 ) ) ;
#2440 = DIRECTION ( 'NONE',  ( 0.000000000000000000, -1.000000000000000000, 0.000000000000000000 ) ) ;
#2441 = CARTESIAN_POINT ( 'NONE',  ( 7.000000000000000000, 1.959434878635765230E-16, -1.600000000000000089 ) ) ;
#2442 = DIRECTION ( 'NONE',  ( -1.000000000000000000, 0.000000000000000000, -0.000000000000000000 ) ) ;
#2443 = VECTOR ( 'NONE', #1410, 1000.000000000000000 ) ;
#2444 = LINE ( 'NONE', #1558, #3833 ) ;
#2445 = ORIENTED_EDGE ( 'NONE', *, *, #4404, .T. ) ;
#2446 = EDGE_CURVE ( 'NONE', #4231, #597, #5175, .T. ) ;
#2447 = CARTESIAN_POINT ( 'NONE',  ( -63.03173803727769808, -4.500000000000001776, 4.000000000000000000 ) ) ;
#2448 = CARTESIAN_POINT ( 'NONE',  ( 0.4999999999999990563, -12.75000000000000000, 0.000000000000000000 ) ) ;
#2449 = CARTESIAN_POINT ( 'NONE',  ( 0.9999999999999997780, -15.50000000000000178, 64.00000000000000000 ) ) ;
#2450 = EDGE_LOOP ( 'NONE', ( #1757, #4848, #5874, #4711 ) ) ;
#2451 = ORIENTED_EDGE ( 'NONE', *, *, #1866, .F. ) ;
#2452 = FACE_OUTER_BOUND ( 'NONE', #1312, .T. ) ;
#2453 = EDGE_CURVE ( 'NONE', #3560, #2143, #5171, .T. ) ;
#2454 = CARTESIAN_POINT ( 'NONE',  ( 1.999999999999999112, 4.499999999999997335, 14.00000000000000178 ) ) ;
#2455 = ORIENTED_EDGE ( 'NONE', *, *, #4822, .F. ) ;
#2456 = ADVANCED_FACE ( 'NONE', ( #166 ), #1213, .T. ) ;
#2457 = PLANE ( 'NONE',  #1118 ) ;
#2458 = LINE ( 'NONE', #3009, #6026 ) ;
#2459 = EDGE_LOOP ( 'NONE', ( #437, #2155, #2164, #562, #5751, #2218, #5796, #1014 ) ) ;
#2460 = EDGE_LOOP ( 'NONE', ( #5124, #3237, #1163, #806 ) ) ;
#2461 = CIRCLE ( 'NONE', #5932, 0.8000000000000003775 ) ;
#2462 = FACE_OUTER_BOUND ( 'NONE', #2621, .T. ) ;
#2463 = VECTOR ( 'NONE', #5563, 1000.000000000000000 ) ;
#2464 = ORIENTED_EDGE ( 'NONE', *, *, #757, .T. ) ;
#2465 = CARTESIAN_POINT ( 'NONE',  ( 0.5000000000000023315, -22.50000000000001066, 67.00000000000000000 ) ) ;
#2466 = VERTEX_POINT ( 'NONE', #5769 ) ;
#2467 = CARTESIAN_POINT ( 'NONE',  ( 2.724999999999999201, -20.99999999999999645, -31.59999999999999787 ) ) ;
#2468 = VECTOR ( 'NONE', #3203, 1000.000000000000000 ) ;
#2469 = CARTESIAN_POINT ( 'NONE',  ( 6.999999999999999112, 6.563277878031139601, 66.19859520899437655 ) ) ;
#2470 = EDGE_CURVE ( 'NONE', #1253, #842, #1597, .T. ) ;
#2471 = ORIENTED_EDGE ( 'NONE', *, *, #1862, .T. ) ;
#2472 = ADVANCED_FACE ( 'NONE', ( #4174, #696, #4145, #2704, #1673, #1241, #5233, #3183, #5204 ), #4716, .F. ) ;
#2473 = VECTOR ( 'NONE', #874, 1000.000000000000000 ) ;
#2474 = VERTEX_POINT ( 'NONE', #4871 ) ;
#2475 = VECTOR ( 'NONE', #825, 1000.000000000000000 ) ;
#2476 = CARTESIAN_POINT ( 'NONE',  ( 6.225000000000001421, -0.9999999999999941158, -37.00000000000000000 ) ) ;
#2477 = VECTOR ( 'NONE', #983, 1000.000000000000000 ) ;
#2478 = FACE_OUTER_BOUND ( 'NONE', #3460, .T. ) ;
#2479 = CARTESIAN_POINT ( 'NONE',  ( 4.500000000000000888, 16.99999999999999645, 47.50000000000000000 ) ) ;
#2480 = CARTESIAN_POINT ( 'NONE',  ( 0.5000000000000004441, -12.20000000000000107, -4.000000000000000000 ) ) ;
#2481 = AXIS2_PLACEMENT_3D ( 'NONE', #4633, #116, #4856 ) ;
#2482 = DIRECTION ( 'NONE',  ( 9.306456416184588263E-17, 0.000000000000000000, 1.000000000000000000 ) ) ;
#2483 = ORIENTED_EDGE ( 'NONE', *, *, #4215, .F. ) ;
#2484 = DIRECTION ( 'NONE',  ( 0.000000000000000000, 0.000000000000000000, -1.000000000000000000 ) ) ;
#2485 = FACE_OUTER_BOUND ( 'NONE', #4139, .T. ) ;
#2486 = EDGE_LOOP ( 'NONE', ( #729, #1143, #3234, #922, #4928, #2189, #5176, #3941 ) ) ;
#2487 = VERTEX_POINT ( 'NONE', #1830 ) ;
#2488 = DIRECTION ( 'NONE',  ( 1.000000000000000000, 0.000000000000000000, -0.000000000000000000 ) ) ;
#2489 = CARTESIAN_POINT ( 'NONE',  ( 1.000000000000000000, -7.661951201776465936, 60.80847766620527750 ) ) ;
#2490 = EDGE_LOOP ( 'NONE', ( #2259, #5091, #6039, #4765 ) ) ;
#2491 = DIRECTION ( 'NONE',  ( -9.306456416184587030E-17, 0.000000000000000000, -1.000000000000000000 ) ) ;
#2492 = AXIS2_PLACEMENT_3D ( 'NONE', #4423, #4033, #3999 ) ;
#2493 = CARTESIAN_POINT ( 'NONE',  ( 6.999999999999999112, 6.563277878031141377, 66.19859520899437655 ) ) ;
#2494 = EDGE_CURVE ( 'NONE', #3393, #2056, #2122, .T. ) ;
#2495 = ORIENTED_EDGE ( 'NONE', *, *, #1871, .F. ) ;
#2496 = VECTOR ( 'NONE', #6534, 1000.000000000000000 ) ;
#2497 = EDGE_CURVE ( 'NONE', #2056, #2293, #3808, .T. ) ;
#2498 = ORIENTED_EDGE ( 'NONE', *, *, #4238, .F. ) ;
#2499 = CARTESIAN_POINT ( 'NONE',  ( 0.4999999999999987232, -7.299999999999998934, 61.52191394754550657 ) ) ;
#2500 = CARTESIAN_POINT ( 'NONE',  ( 4.225000000000000533, -8.828427124746184518, -38.00000000000000000 ) ) ;
#2501 = ORIENTED_EDGE ( 'NONE', *, *, #2620, .F. ) ;
#2502 = PLANE ( 'NONE',  #880 ) ;
#2503 = VERTEX_POINT ( 'NONE', #2761 ) ;
#2504 = DIRECTION ( 'NONE',  ( 1.000000000000000000, -0.000000000000000000, -0.000000000000000000 ) ) ;
#2505 = DIRECTION ( 'NONE',  ( -1.000000000000000000, -1.239088197126290570E-16, 0.000000000000000000 ) ) ;
#2506 = EDGE_LOOP ( 'NONE', ( #3303, #5667, #944, #3762 ) ) ;
#2507 = EDGE_CURVE ( 'NONE', #4157, #1005, #2656, .T. ) ;
#2508 = ORIENTED_EDGE ( 'NONE', *, *, #587, .F. ) ;
#2509 = EDGE_CURVE ( 'NONE', #4252, #5982, #4370, .T. ) ;
#2510 = CARTESIAN_POINT ( 'NONE',  ( 7.002000000000005109, -10.58823163272324841, 61.17174867651791459 ) ) ;
#2511 = FACE_OUTER_BOUND ( 'NONE', #3342, .T. ) ;
#2512 = CARTESIAN_POINT ( 'NONE',  ( 2.999999999999999112, -1.644164868785978006, 75.00000000000000000 ) ) ;
#2513 = DIRECTION ( 'NONE',  ( -1.355252715606879803E-16, 1.000000000000000000, 0.000000000000000000 ) ) ;
#2514 = LINE ( 'NONE', #537, #5525 ) ;
#2515 = EDGE_CURVE ( 'NONE', #483, #5494, #4274, .T. ) ;
#2516 = CARTESIAN_POINT ( 'NONE',  ( 0.4999999999999995559, -18.20000000000000639, 64.93639844763217184 ) ) ;
#2517 = DIRECTION ( 'NONE',  ( -1.000000000000000000, -0.000000000000000000, -0.000000000000000000 ) ) ;
#2518 = ORIENTED_EDGE ( 'NONE', *, *, #170, .T. ) ;
#2519 = ORIENTED_EDGE ( 'NONE', *, *, #5677, .F. ) ;
#2520 = EDGE_CURVE ( 'NONE', #1706, #4183, #4335, .T. ) ;
#2521 = CARTESIAN_POINT ( 'NONE',  ( 4.000000000000000000, -19.00000000000001066, 50.28776832031181243 ) ) ;
#2522 = DIRECTION ( 'NONE',  ( 3.469446951953612956E-17, -1.000000000000000000, 0.000000000000000000 ) ) ;
#2523 = FACE_OUTER_BOUND ( 'NONE', #2399, .T. ) ;
#2524 = ORIENTED_EDGE ( 'NONE', *, *, #1487, .F. ) ;
#2525 = DIRECTION ( 'NONE',  ( 0.000000000000000000, 1.000000000000000000, 0.000000000000000000 ) ) ;
#2526 = DIRECTION ( 'NONE',  ( -1.355252715606883008E-16, 1.000000000000000000, 0.000000000000000000 ) ) ;
#2527 = VERTEX_POINT ( 'NONE', #3279 ) ;
#2528 = ORIENTED_EDGE ( 'NONE', *, *, #2965, .T. ) ;
#2529 = VECTOR ( 'NONE', #6043, 1000.000000000000114 ) ;
#2530 = DIRECTION ( 'NONE',  ( 0.000000000000000000, 0.000000000000000000, 1.000000000000000000 ) ) ;
#2531 = DIRECTION ( 'NONE',  ( -0.000000000000000000, 1.000000000000000000, -0.000000000000000000 ) ) ;
#2532 = EDGE_CURVE ( 'NONE', #2419, #4599, #6355, .T. ) ;
#2533 = VERTEX_POINT ( 'NONE', #262 ) ;
#2534 = DIRECTION ( 'NONE',  ( -1.000000000000000000, -1.239088197126290817E-16, 0.000000000000000000 ) ) ;
#2535 = ORIENTED_EDGE ( 'NONE', *, *, #3630, .T. ) ;
#2536 = VECTOR ( 'NONE', #2538, 1000.000000000000000 ) ;
#2537 = CARTESIAN_POINT ( 'NONE',  ( 3.500000000000000444, -22.49999999999999289, -18.00000000000000711 ) ) ;
#2538 = DIRECTION ( 'NONE',  ( 0.000000000000000000, 0.000000000000000000, 1.000000000000000000 ) ) ;
#2539 = ORIENTED_EDGE ( 'NONE', *, *, #5990, .F. ) ;
#2540 = VERTEX_POINT ( 'NONE', #3843 ) ;
#2541 = VECTOR ( 'NONE', #1971, 1000.000000000000000 ) ;
#2542 = LINE ( 'NONE', #5074, #2213 ) ;
#2543 = EDGE_CURVE ( 'NONE', #1215, #2359, #6296, .T. ) ;
#2544 = DIRECTION ( 'NONE',  ( 0.000000000000000000, -1.000000000000000000, -2.168404344971010594E-16 ) ) ;
#2545 = CIRCLE ( 'NONE', #6229, 0.8000000000000003775 ) ;
#2546 = LINE ( 'NONE', #5569, #2529 ) ;
#2547 = CARTESIAN_POINT ( 'NONE',  ( 0.4999999999999981681, -6.499999999999999112, 50.28776832031179822 ) ) ;
#2548 = DIRECTION ( 'NONE',  ( 0.000000000000000000, -1.000000000000000000, 0.000000000000000000 ) ) ;
#2549 = CARTESIAN_POINT ( 'NONE',  ( 1.000000000000000888, -8.170174558805832987, 22.45831239517770328 ) ) ;
#2550 = VECTOR ( 'NONE', #4424, 1000.000000000000000 ) ;
#2551 = CYLINDRICAL_SURFACE ( 'NONE', #5780, 1.649999999999998579 ) ;
#2552 = VECTOR ( 'NONE', #4400, 1000.000000000000000 ) ;
#2553 = ORIENTED_EDGE ( 'NONE', *, *, #3612, .F. ) ;
#2554 = DIRECTION ( 'NONE',  ( -0.000000000000000000, 1.000000000000000000, 1.577021341797097560E-16 ) ) ;
#2555 = DIRECTION ( 'NONE',  ( 1.000000000000000000, 3.252606517456513918E-17, -0.000000000000000000 ) ) ;
#2556 = AXIS2_PLACEMENT_3D ( 'NONE', #5206, #3155, #2612 ) ;
#2557 = DIRECTION ( 'NONE',  ( 0.000000000000000000, 1.000000000000000000, 0.000000000000000000 ) ) ;
#2558 = ORIENTED_EDGE ( 'NONE', *, *, #1250, .F. ) ;
#2559 = LINE ( 'NONE', #5956, #495 ) ;
#2560 = LINE ( 'NONE', #4096, #1934 ) ;
#2561 = ORIENTED_EDGE ( 'NONE', *, *, #2515, .T. ) ;
#2562 = ORIENTED_EDGE ( 'NONE', *, *, #6411, .F. ) ;
#2563 = DIRECTION ( 'NONE',  ( 0.000000000000000000, 1.000000000000000000, -1.577021341797097560E-16 ) ) ;
#2564 = DIRECTION ( 'NONE',  ( 1.000000000000000000, -0.000000000000000000, -0.000000000000000000 ) ) ;
#2565 = EDGE_LOOP ( 'NONE', ( #877, #5063, #2094, #1334 ) ) ;
#2566 = CARTESIAN_POINT ( 'NONE',  ( 4.000000000000000000, -12.75000000000000000, 39.00000000000000000 ) ) ;
#2567 = EDGE_LOOP ( 'NONE', ( #4011, #5566, #6053, #3497 ) ) ;
#2568 = DIRECTION ( 'NONE',  ( -1.355252715606879803E-16, 1.000000000000000000, 0.000000000000000000 ) ) ;
#2569 = FACE_OUTER_BOUND ( 'NONE', #3411, .T. ) ;
#2570 = EDGE_LOOP ( 'NONE', ( #3020, #4164, #5484, #6067 ) ) ;
#2571 = VECTOR ( 'NONE', #3316, 1000.000000000000000 ) ;
#2572 = VERTEX_POINT ( 'NONE', #819 ) ;
#2573 = EDGE_CURVE ( 'NONE', #3108, #3560, #3410, .T. ) ;
#2574 = LINE ( 'NONE', #2036, #2541 ) ;
#2575 = CIRCLE ( 'NONE', #1190, 3.999999999999998224 ) ;
#2576 = LINE ( 'NONE', #3580, #3199 ) ;
#2577 = AXIS2_PLACEMENT_3D ( 'NONE', #3338, #816, #2271 ) ;
#2578 = CARTESIAN_POINT ( 'NONE',  ( -4.501000000000007439, -17.00000000000000000, -13.25000000000000178 ) ) ;
#2579 = LINE ( 'NONE', #464, #4996 ) ;
#2580 = ADVANCED_FACE ( 'NONE', ( #1764 ), #1277, .T. ) ;
#2581 = EDGE_CURVE ( 'NONE', #2143, #6481, #4775, .T. ) ;
#2582 = CARTESIAN_POINT ( 'NONE',  ( 4.000000000000000000, -6.499999999999999112, 14.54168760482228606 ) ) ;
#2583 = EDGE_CURVE ( 'NONE', #206, #108, #2957, .T. ) ;
#2584 = AXIS2_PLACEMENT_3D ( 'NONE', #3688, #6303, #6213 ) ;
#2585 = PLANE ( 'NONE',  #884 ) ;
#2586 = DIRECTION ( 'NONE',  ( -0.000000000000000000, 1.000000000000000000, -0.000000000000000000 ) ) ;
#2587 = VECTOR ( 'NONE', #4689, 1000.000000000000000 ) ;
#2588 = ORIENTED_EDGE ( 'NONE', *, *, #6504, .F. ) ;
#2589 = ADVANCED_FACE ( 'NONE', ( #6422 ), #3376, .T. ) ;
#2590 = CARTESIAN_POINT ( 'NONE',  ( -64.14711903867025455, -10.95018283449972607, 60.45831239517769262 ) ) ;
#2591 = VECTOR ( 'NONE', #3925, 1000.000000000000000 ) ;
#2592 = PLANE ( 'NONE',  #3188 ) ;
#2593 = ORIENTED_EDGE ( 'NONE', *, *, #711, .F. ) ;
#2594 = LINE ( 'NONE', #2087, #2434 ) ;
#2595 = DIRECTION ( 'NONE',  ( 1.000000000000000000, 1.239088197126290570E-16, 0.000000000000000000 ) ) ;
#2596 = ORIENTED_EDGE ( 'NONE', *, *, #2583, .T. ) ;
#2597 = DIRECTION ( 'NONE',  ( 1.000000000000000000, 1.239088197126290570E-16, 0.000000000000000000 ) ) ;
#2598 = CARTESIAN_POINT ( 'NONE',  ( 7.002000000000005109, -12.40635562892712684, 34.21231699605854004 ) ) ;
#2599 = ORIENTED_EDGE ( 'NONE', *, *, #5317, .F. ) ;
#2600 = CARTESIAN_POINT ( 'NONE',  ( 3.000000000000000000, -22.50000000000001066, 67.00000000000000000 ) ) ;
#2601 = VERTEX_POINT ( 'NONE', #2797 ) ;
#2602 = DIRECTION ( 'NONE',  ( 0.000000000000000000, 1.000000000000000000, 0.000000000000000000 ) ) ;
#2603 = CARTESIAN_POINT ( 'NONE',  ( 4.500000000000000888, 16.99999999999999645, -29.19999999999999929 ) ) ;
#2604 = EDGE_CURVE ( 'NONE', #2754, #5314, #3341, .T. ) ;
#2605 = EDGE_LOOP ( 'NONE', ( #3728, #2890, #507, #2451 ) ) ;
#2606 = EDGE_LOOP ( 'NONE', ( #1844, #177 ) ) ;
#2607 = ADVANCED_FACE ( 'NONE', ( #882 ), #6326, .F. ) ;
#2608 = DIRECTION ( 'NONE',  ( -1.000000000000000000, -0.000000000000000000, -0.000000000000000000 ) ) ;
#2609 = DIRECTION ( 'NONE',  ( 0.000000000000000000, 0.000000000000000000, -1.000000000000000000 ) ) ;
#2610 = DIRECTION ( 'NONE',  ( -1.000000000000000000, -1.239088197126290570E-16, 0.000000000000000000 ) ) ;
#2611 = CARTESIAN_POINT ( 'NONE',  ( 0.5000000000000004441, -7.299999999999999822, 65.20000000000000284 ) ) ;
#2612 = DIRECTION ( 'NONE',  ( 0.000000000000000000, 0.000000000000000000, -1.000000000000000000 ) ) ;
#2613 = ORIENTED_EDGE ( 'NONE', *, *, #1802, .T. ) ;
#2614 = CARTESIAN_POINT ( 'NONE',  ( -0.5000000000000077716, 23.99999999999999645, -13.70000000000000284 ) ) ;
#2615 = PRODUCT_DEFINITION ( 'æœ', '', #4728, #3731 ) ;
#2616 = CARTESIAN_POINT ( 'NONE',  ( 4.500000000000000888, 11.74999999999999645, 17.80000000000000426 ) ) ;
#2617 = ORIENTED_EDGE ( 'NONE', *, *, #1603, .F. ) ;
#2618 = DIRECTION ( 'NONE',  ( 1.000000000000000000, 0.000000000000000000, 0.000000000000000000 ) ) ;
#2619 = FACE_OUTER_BOUND ( 'NONE', #1392, .T. ) ;
#2620 = EDGE_CURVE ( 'NONE', #1376, #3307, #5930, .T. ) ;
#2621 = EDGE_LOOP ( 'NONE', ( #5949, #1128, #5884, #3078, #872, #2495, #3011, #2869, #2298, #5255 ) ) ;
#2622 = LINE ( 'NONE', #4629, #6126 ) ;
#2623 = EDGE_CURVE ( 'NONE', #6, #5681, #912, .T. ) ;
#2624 = CARTESIAN_POINT ( 'NONE',  ( 0.4999999999999978351, -3.499999999999999556, -40.00100000000001188 ) ) ;
#2625 = VERTEX_POINT ( 'NONE', #1445 ) ;
#2626 = PLANE ( 'NONE',  #673 ) ;
#2627 = CARTESIAN_POINT ( 'NONE',  ( 4.000000000000000000, -13.03637030922739548, 35.01026416338211789 ) ) ;
#2628 = ORIENTED_EDGE ( 'NONE', *, *, #3211, .F. ) ;
#2629 = DIRECTION ( 'NONE',  ( -1.000000000000000000, 0.000000000000000000, 0.000000000000000000 ) ) ;
#2630 = ORIENTED_EDGE ( 'NONE', *, *, #1526, .F. ) ;
#2631 = VECTOR ( 'NONE', #284, 1000.000000000000000 ) ;
#2632 = DIRECTION ( 'NONE',  ( 1.084202172485504187E-16, 0.000000000000000000, 1.000000000000000000 ) ) ;
#2633 = DIRECTION ( 'NONE',  ( 2.279583848477946554E-17, -0.6570453101161654041, -0.7538510863919691829 ) ) ;
#2634 = AXIS2_PLACEMENT_3D ( 'NONE', #3182, #4116, #6141 ) ;
#2635 = ORIENTED_EDGE ( 'NONE', *, *, #2077, .F. ) ;
#2636 = VERTEX_POINT ( 'NONE', #2918 ) ;
#2637 = CARTESIAN_POINT ( 'NONE',  ( -3.275000000000008793, 20.99999999999999645, -23.33700000000000330 ) ) ;
#2638 = ADVANCED_FACE ( 'NONE', ( #5969 ), #4436, .F. ) ;
#2639 = EDGE_CURVE ( 'NONE', #2123, #316, #3441, .T. ) ;
#2640 = DIRECTION ( 'NONE',  ( -1.000000000000000000, -1.239088197126290570E-16, 0.000000000000000000 ) ) ;
#2641 = CARTESIAN_POINT ( 'NONE',  ( 6.225000000000000533, -0.9999999999999941158, -29.20000000000000284 ) ) ;
#2642 = VECTOR ( 'NONE', #5136, 1000.000000000000000 ) ;
#2643 = VECTOR ( 'NONE', #1952, 1000.000000000000000 ) ;
#2644 = CARTESIAN_POINT ( 'NONE',  ( 7.002000000000005109, -8.087544543006945474, 14.54168760482228606 ) ) ;
#2645 = CARTESIAN_POINT ( 'NONE',  ( 1.999999999999999556, -4.500000000000000000, 67.00000000000000000 ) ) ;
#2646 = AXIS2_PLACEMENT_3D ( 'NONE', #2103, #92, #6169 ) ;
#2647 = CARTESIAN_POINT ( 'NONE',  ( 0.4999999999999991673, -13.84625753883615040, 43.51643879716585417 ) ) ;
#2648 = EDGE_CURVE ( 'NONE', #3047, #4349, #2737, .T. ) ;
#2649 = DIRECTION ( 'NONE',  ( -0.000000000000000000, 0.7071067811865451302, -0.7071067811865500152 ) ) ;
#2650 = ORIENTED_EDGE ( 'NONE', *, *, #1061, .T. ) ;
#2651 = DIRECTION ( 'NONE',  ( 1.000000000000000000, 0.000000000000000000, 0.000000000000000000 ) ) ;
#2652 = AXIS2_PLACEMENT_3D ( 'NONE', #1955, #6065, #2021 ) ;
#2653 = DIRECTION ( 'NONE',  ( -9.757819552369541139E-17, 0.000000000000000000, -1.000000000000000000 ) ) ;
#2654 = ORIENTED_EDGE ( 'NONE', *, *, #832, .T. ) ;
#2655 = FACE_OUTER_BOUND ( 'NONE', #3007, .T. ) ;
#2656 = CIRCLE ( 'NONE', #6334, 0.8000000000000003775 ) ;
#2657 = EDGE_LOOP ( 'NONE', ( #6032, #1660, #709, #4609 ) ) ;
#2658 = EDGE_CURVE ( 'NONE', #4462, #3047, #4119, .T. ) ;
#2659 = CYLINDRICAL_SURFACE ( 'NONE', #6466, 1.600000000000000755 ) ;
#2660 = DIRECTION ( 'NONE',  ( 1.000000000000000000, 1.239088197126290570E-16, 0.000000000000000000 ) ) ;
#2661 = EDGE_LOOP ( 'NONE', ( #3450, #926, #5709, #4596, #2716, #2982 ) ) ;
#2662 = LINE ( 'NONE', #2693, #1368 ) ;
#2663 = ORIENTED_EDGE ( 'NONE', *, *, #5660, .F. ) ;
#2664 = CARTESIAN_POINT ( 'NONE',  ( 0.4999999999999981681, -6.499999999999999112, 15.44526502967733705 ) ) ;
#2665 = CARTESIAN_POINT ( 'NONE',  ( 4.000000000000000000, -7.163260966291185916, 18.34168760482228322 ) ) ;
#2666 = ORIENTED_EDGE ( 'NONE', *, *, #1131, .F. ) ;
#2667 = ORIENTED_EDGE ( 'NONE', *, *, #3891, .F. ) ;
#2668 = CARTESIAN_POINT ( 'NONE',  ( 0.000000000000000000, 16.99999999999999645, 0.000000000000000000 ) ) ;
#2669 = ADVANCED_FACE ( 'NONE', ( #3222 ), #1742, .F. ) ;
#2670 = DIRECTION ( 'NONE',  ( 1.000000000000000000, 3.252606517456513918E-17, -0.000000000000000000 ) ) ;
#2671 = LINE ( 'NONE', #5699, #1698 ) ;
#2672 = LINE ( 'NONE', #697, #6152 ) ;
#2673 = AXIS2_PLACEMENT_3D ( 'NONE', #2827, #4842, #326 ) ;
#2674 = EDGE_LOOP ( 'NONE', ( #3514, #4374, #1755, #5183 ) ) ;
#2675 = CARTESIAN_POINT ( 'NONE',  ( 7.002000000000004221, -6.499999999999998224, 60.21897914350814318 ) ) ;
#2676 = VECTOR ( 'NONE', #3476, 1000.000000000000000 ) ;
#2677 = DIRECTION ( 'NONE',  ( -1.000000000000000000, -1.239088197126290570E-16, -0.000000000000000000 ) ) ;
#2678 = DIRECTION ( 'NONE',  ( 0.000000000000000000, 1.000000000000000000, 0.000000000000000000 ) ) ;
#2679 = ORIENTED_EDGE ( 'NONE', *, *, #4950, .T. ) ;
#2680 = AXIS2_PLACEMENT_3D ( 'NONE', #4329, #5215, #3655 ) ;
#2681 = AXIS2_PLACEMENT_3D ( 'NONE', #3254, #3719, #4214 ) ;
#2682 = EDGE_CURVE ( 'NONE', #1140, #449, #5599, .T. ) ;
#2683 = VECTOR ( 'NONE', #2531, 1000.000000000000000 ) ;
#2684 = DIRECTION ( 'NONE',  ( 0.000000000000000000, -1.000000000000000000, 0.000000000000000000 ) ) ;
#2685 = EDGE_LOOP ( 'NONE', ( #1094, #5174, #6131, #2562 ) ) ;
#2686 = DIRECTION ( 'NONE',  ( 1.000000000000000000, 1.239088197126290570E-16, 0.000000000000000000 ) ) ;
#2687 = AXIS2_PLACEMENT_3D ( 'NONE', #5270, #2766, #4844 ) ;
#2688 = ORIENTED_EDGE ( 'NONE', *, *, #2390, .F. ) ;
#2689 = VECTOR ( 'NONE', #4554, 1000.000000000000000 ) ;
#2690 = PLANE ( 'NONE',  #1715 ) ;
#2691 = CARTESIAN_POINT ( 'NONE',  ( 1.225000000000000311, -15.99999999999999645, -26.35000000000000142 ) ) ;
#2692 = ORIENTED_EDGE ( 'NONE', *, *, #1315, .T. ) ;
#2693 = CARTESIAN_POINT ( 'NONE',  ( 1.225000000000000311, -20.99999999999999645, -31.59999999999999787 ) ) ;
#2694 = ORIENTED_EDGE ( 'NONE', *, *, #1605, .T. ) ;
#2695 = CARTESIAN_POINT ( 'NONE',  ( 0.4999999999999987232, -10.71297600145975792, 43.17738353869633983 ) ) ;
#2696 = EDGE_CURVE ( 'NONE', #4252, #80, #3692, .T. ) ;
#2697 = CARTESIAN_POINT ( 'NONE',  ( 7.000000000000000000, 7.868390842953763453, 64.79903290236383384 ) ) ;
#2698 = VERTEX_POINT ( 'NONE', #4721 ) ;
#2699 = ORIENTED_EDGE ( 'NONE', *, *, #4562, .T. ) ;
#2700 = DIRECTION ( 'NONE',  ( 0.000000000000000000, -1.000000000000000000, 0.000000000000000000 ) ) ;
#2701 = EDGE_CURVE ( 'NONE', #6187, #2698, #199, .T. ) ;
#2702 = EDGE_CURVE ( 'NONE', #5546, #1412, #1652, .T. ) ;
#2703 = DIRECTION ( 'NONE',  ( 1.000000000000000000, 0.000000000000000000, -9.306456416184588263E-17 ) ) ;
#2704 = FACE_BOUND ( 'NONE', #3540, .T. ) ;
#2705 = AXIS2_PLACEMENT_3D ( 'NONE', #5831, #1891, #1824 ) ;
#2706 = CARTESIAN_POINT ( 'NONE',  ( 3.500000000000000000, -16.00000000000000711, 57.99999999999998579 ) ) ;
#2707 = ORIENTED_EDGE ( 'NONE', *, *, #3787, .F. ) ;
#2708 = ORIENTED_EDGE ( 'NONE', *, *, #5505, .T. ) ;
#2709 = DIRECTION ( 'NONE',  ( -1.000000000000000000, -1.239088197126290570E-16, 0.000000000000000000 ) ) ;
#2710 = CARTESIAN_POINT ( 'NONE',  ( 7.000000000000000000, -18.99999999999999645, -43.00000000000000000 ) ) ;
#2711 = ORIENTED_EDGE ( 'NONE', *, *, #3231, .T. ) ;
#2712 = EDGE_CURVE ( 'NONE', #4791, #4183, #862, .T. ) ;
#2713 = CARTESIAN_POINT ( 'NONE',  ( 0.000000000000000000, 0.000000000000000000, 14.00000000000000178 ) ) ;
#2714 = ORIENTED_EDGE ( 'NONE', *, *, #4822, .T. ) ;
#2715 = CARTESIAN_POINT ( 'NONE',  ( 2.724999999999999201, -22.49999999999998579, -40.99999999999999289 ) ) ;
#2716 = ORIENTED_EDGE ( 'NONE', *, *, #5718, .T. ) ;
#2717 = LINE ( 'NONE', #1164, #5404 ) ;
#2718 = LINE ( 'NONE', #3661, #1527 ) ;
#2719 = ORIENTED_EDGE ( 'NONE', *, *, #420, .F. ) ;
#2720 = DIRECTION ( 'NONE',  ( 1.000000000000000000, 0.000000000000000000, 0.000000000000000000 ) ) ;
#2721 = ORIENTED_EDGE ( 'NONE', *, *, #5664, .T. ) ;
#2722 = LINE ( 'NONE', #4735, #4299 ) ;
#2723 = DIRECTION ( 'NONE',  ( 1.000000000000000000, 0.000000000000000000, 0.000000000000000000 ) ) ;
#2724 = VERTEX_POINT ( 'NONE', #702 ) ;
#2725 = ORIENTED_EDGE ( 'NONE', *, *, #5990, .T. ) ;
#2726 = DIRECTION ( 'NONE',  ( 0.000000000000000000, 0.000000000000000000, 1.000000000000000000 ) ) ;
#2727 = VECTOR ( 'NONE', #2586, 1000.000000000000000 ) ;
#2728 = CARTESIAN_POINT ( 'NONE',  ( 0.4999999999999981681, -6.499999999999999112, -40.00100000000001188 ) ) ;
#2729 = EDGE_CURVE ( 'NONE', #1353, #3345, #3651, .T. ) ;
#2730 = LINE ( 'NONE', #5262, #3167 ) ;
#2731 = CIRCLE ( 'NONE', #3564, 0.8000000000000003775 ) ;
#2732 = DIRECTION ( 'NONE',  ( -6.505213034913026604E-17, -1.000000000000000000, 0.000000000000000000 ) ) ;
#2733 = EDGE_CURVE ( 'NONE', #5857, #3639, #2180, .T. ) ;
#2734 = ORIENTED_EDGE ( 'NONE', *, *, #4655, .T. ) ;
#2735 = DIRECTION ( 'NONE',  ( -1.000000000000000000, -3.252606517456514535E-17, 2.535569890667616456E-16 ) ) ;
#2736 = CARTESIAN_POINT ( 'NONE',  ( 4.000000000000000000, -6.499999999999998224, 23.13299826867510589 ) ) ;
#2737 = LINE ( 'NONE', #669, #435 ) ;
#2738 = LINE ( 'NONE', #2624, #3824 ) ;
#2739 = AXIS2_PLACEMENT_3D ( 'NONE', #5885, #312, #4323 ) ;
#2740 = DIRECTION ( 'NONE',  ( -1.355252715606883008E-16, 1.000000000000000000, 0.000000000000000000 ) ) ;
#2741 = VERTEX_POINT ( 'NONE', #6207 ) ;
#2742 = CARTESIAN_POINT ( 'NONE',  ( 4.000000000000000000, -15.53963716630351577, 42.90613933192071983 ) ) ;
#2743 = VECTOR ( 'NONE', #4820, 1000.000000000000000 ) ;
#2744 = VERTEX_POINT ( 'NONE', #2208 ) ;
#2745 = DIRECTION ( 'NONE',  ( 1.000000000000000000, 1.239088197126290570E-16, 0.000000000000000000 ) ) ;
#2746 = CARTESIAN_POINT ( 'NONE',  ( 7.000000000000000000, 3.999999999999998224, 64.15000000000000568 ) ) ;
#2747 = EDGE_LOOP ( 'NONE', ( #3400, #395, #1404, #3105 ) ) ;
#2748 = CARTESIAN_POINT ( 'NONE',  ( 0.9999999999999993339, -0.5000000000000065503, 67.00000000000000000 ) ) ;
#2749 = VERTEX_POINT ( 'NONE', #1679 ) ;
#2750 = DIRECTION ( 'NONE',  ( 0.000000000000000000, -1.000000000000000000, 0.000000000000000000 ) ) ;
#2751 = DIRECTION ( 'NONE',  ( -1.000000000000000000, -3.252606517456513918E-17, 0.000000000000000000 ) ) ;
#2752 = VERTEX_POINT ( 'NONE', #3751 ) ;
#2753 = AXIS2_PLACEMENT_3D ( 'NONE', #3246, #4205, #633 ) ;
#2754 = VERTEX_POINT ( 'NONE', #1185 ) ;
#2755 = CARTESIAN_POINT ( 'NONE',  ( 4.000000000000000000, -8.690625412120517979, 15.06732385291522114 ) ) ;
#2756 = EDGE_CURVE ( 'NONE', #5214, #4395, #1619, .T. ) ;
#2757 = EDGE_CURVE ( 'NONE', #4592, #3301, #4752, .T. ) ;
#2758 = ORIENTED_EDGE ( 'NONE', *, *, #583, .T. ) ;
#2759 = CARTESIAN_POINT ( 'NONE',  ( 2.725000000000000089, -7.828427124746198729, -37.00000000000000000 ) ) ;
#2760 = DIRECTION ( 'NONE',  ( -0.000000000000000000, 0.000000000000000000, 1.000000000000000000 ) ) ;
#2761 = CARTESIAN_POINT ( 'NONE',  ( -2.000000000000017319, 22.00000000000000000, 48.17845823440966058 ) ) ;
#2762 = ADVANCED_FACE ( 'NONE', ( #6273 ), #3190, .F. ) ;
#2763 = DIRECTION ( 'NONE',  ( 1.000000000000000000, -0.000000000000000000, -0.000000000000000000 ) ) ;
#2764 = VERTEX_POINT ( 'NONE', #1709 ) ;
#2765 = ORIENTED_EDGE ( 'NONE', *, *, #248, .T. ) ;
#2766 = DIRECTION ( 'NONE',  ( -1.000000000000000000, -3.469446951953611107E-17, 0.000000000000000000 ) ) ;
#2767 = CARTESIAN_POINT ( 'NONE',  ( 7.000000000000000000, 6.500000000000000000, -29.19999999999999929 ) ) ;
#2768 = ADVANCED_FACE ( 'NONE', ( #2114 ), #3718, .F. ) ;
#2769 = CARTESIAN_POINT ( 'NONE',  ( 7.000000000000000000, -17.00000000000000000, -13.25000000000000178 ) ) ;
#2770 = CIRCLE ( 'NONE', #4031, 5.499999999999998224 ) ;
#2771 = EDGE_CURVE ( 'NONE', #5560, #291, #1219, .T. ) ;
#2772 = AXIS2_PLACEMENT_3D ( 'NONE', #4432, #942, #6035 ) ;
#2773 = DIRECTION ( 'NONE',  ( 1.000000000000000000, 3.252606517456516384E-17, -1.048466334442454337E-16 ) ) ;
#2774 = VERTEX_POINT ( 'NONE', #3621 ) ;
#2775 = LINE ( 'NONE', #3821, #2743 ) ;
#2776 = AXIS2_PLACEMENT_3D ( 'NONE', #469, #3525, #2484 ) ;
#2777 = ORIENTED_EDGE ( 'NONE', *, *, #5685, .T. ) ;
#2778 = AXIS2_PLACEMENT_3D ( 'NONE', #5936, #4444, #2442 ) ;
#2779 = CARTESIAN_POINT ( 'NONE',  ( 1.000000000000000888, -15.34981716550029596, 65.20000000000000284 ) ) ;
#2780 = LINE ( 'NONE', #1814, #2428 ) ;
#2781 = AXIS2_PLACEMENT_3D ( 'NONE', #390, #360, #1377 ) ;
#2782 = ADVANCED_FACE ( 'NONE', ( #5641 ), #4658, .F. ) ;
#2783 = VERTEX_POINT ( 'NONE', #1900 ) ;
#2784 = DIRECTION ( 'NONE',  ( -1.239088197126290570E-16, 1.000000000000000000, 0.000000000000000000 ) ) ;
#2785 = ORIENTED_EDGE ( 'NONE', *, *, #757, .F. ) ;
#2786 = CARTESIAN_POINT ( 'NONE',  ( -63.03173803727769808, -6.500000000000001776, 15.44526502967734416 ) ) ;
#2787 = CARTESIAN_POINT ( 'NONE',  ( 1.225000000000000089, -10.99999999999999822, -24.20000000000000639 ) ) ;
#2788 = EDGE_LOOP ( 'NONE', ( #196, #2688, #5787, #2116 ) ) ;
#2789 = AXIS2_PLACEMENT_3D ( 'NONE', #6140, #4093, #1000 ) ;
#2790 = EDGE_CURVE ( 'NONE', #3056, #1103, #2863, .T. ) ;
#2791 = EDGE_LOOP ( 'NONE', ( #4769, #2663, #750, #187 ) ) ;
#2792 = PLANE ( 'NONE',  #2680 ) ;
#2793 = CARTESIAN_POINT ( 'NONE',  ( 4.000000000000000000, -9.251384209635093114, 52.54168760482228606 ) ) ;
#2794 = ORIENTED_EDGE ( 'NONE', *, *, #1550, .T. ) ;
#2795 = FACE_OUTER_BOUND ( 'NONE', #2950, .T. ) ;
#2796 = DIRECTION ( 'NONE',  ( -1.000000000000000000, -3.252606517456513918E-17, 0.000000000000000000 ) ) ;
#2797 = CARTESIAN_POINT ( 'NONE',  ( -3.275000000000008349, 27.19999999999999574, -17.98699999999999832 ) ) ;
#2798 = LINE ( 'NONE', #1311, #3288 ) ;
#2799 = ORIENTED_EDGE ( 'NONE', *, *, #6302, .F. ) ;
#2800 = VECTOR ( 'NONE', #6033, 1000.000000000000000 ) ;
#2801 = DIRECTION ( 'NONE',  ( -1.000000000000000000, -3.252606517456514535E-17, -4.636167053988475974E-17 ) ) ;
#2802 = VECTOR ( 'NONE', #3533, 1000.000000000000000 ) ;
#2803 = LINE ( 'NONE', #6331, #336 ) ;
#2804 = PLANE ( 'NONE',  #2778 ) ;
#2805 = DIRECTION ( 'NONE',  ( 0.000000000000000000, -1.000000000000000000, -2.168404344971010594E-16 ) ) ;
#2806 = EDGE_LOOP ( 'NONE', ( #4888, #1203, #3911, #1716, #5423, #1953, #4451 ) ) ;
#2807 = LINE ( 'NONE', #738, #5585 ) ;
#2808 = ORIENTED_EDGE ( 'NONE', *, *, #1838, .F. ) ;
#2809 = VECTOR ( 'NONE', #1304, 1000.000000000000000 ) ;
#2810 = DIRECTION ( 'NONE',  ( 1.000000000000000000, 1.239088197126290570E-16, 0.000000000000000000 ) ) ;
#2811 = EDGE_CURVE ( 'NONE', #2533, #2100, #2803, .T. ) ;
#2812 = DIRECTION ( 'NONE',  ( 1.057758217059027868E-16, -1.000000000000000000, 0.000000000000000000 ) ) ;
#2813 = EDGE_LOOP ( 'NONE', ( #786, #4843, #4967, #6080 ) ) ;
#2814 = CARTESIAN_POINT ( 'NONE',  ( 0.4999999999999988343, -10.99999999999999822, -29.20000000000000284 ) ) ;
#2815 = ORIENTED_EDGE ( 'NONE', *, *, #2470, .F. ) ;
#2816 = CYLINDRICAL_SURFACE ( 'NONE', #740, 0.7999999999999986011 ) ;
#2817 = ORIENTED_EDGE ( 'NONE', *, *, #710, .T. ) ;
#2818 = EDGE_LOOP ( 'NONE', ( #302, #5491, #5588, #3765 ) ) ;
#2819 = CARTESIAN_POINT ( 'NONE',  ( 4.000000000000000000, -17.44738683223673092, 50.55901252708742533 ) ) ;
#2820 = DIRECTION ( 'NONE',  ( 0.000000000000000000, 0.000000000000000000, -1.000000000000000000 ) ) ;
#2821 = EDGE_LOOP ( 'NONE', ( #622, #3573, #1663, #1389 ) ) ;
#2822 = LINE ( 'NONE', #6323, #2040 ) ;
#2823 = CARTESIAN_POINT ( 'NONE',  ( 1.000000000000000000, -8.921746524012673873, 17.54168760482228606 ) ) ;
#2824 = CARTESIAN_POINT ( 'NONE',  ( 2.725000000000000533, -0.9999999999999941158, 75.00199999999998113 ) ) ;
#2825 = ORIENTED_EDGE ( 'NONE', *, *, #600, .T. ) ;
#2826 = VECTOR ( 'NONE', #5591, 1000.000000000000000 ) ;
#2827 = CARTESIAN_POINT ( 'NONE',  ( 0.000000000000000000, 0.000000000000000000, 0.000000000000000000 ) ) ;
#2828 = ORIENTED_EDGE ( 'NONE', *, *, #193, .T. ) ;
#2829 = DIRECTION ( 'NONE',  ( 0.000000000000000000, -1.000000000000000000, -2.168404344971010840E-16 ) ) ;
#2830 = DIRECTION ( 'NONE',  ( 0.000000000000000000, 0.000000000000000000, 1.000000000000000000 ) ) ;
#2831 = DIRECTION ( 'NONE',  ( -1.000000000000000000, -3.469446951953611107E-17, 0.000000000000000000 ) ) ;
#2832 = VECTOR ( 'NONE', #3807, 1000.000000000000000 ) ;
#2833 = ADVANCED_FACE ( 'NONE', ( #4877 ), #886, .F. ) ;
#2834 = ORIENTED_EDGE ( 'NONE', *, *, #5466, .T. ) ;
#2835 = DIRECTION ( 'NONE',  ( 0.000000000000000000, 0.000000000000000000, -1.000000000000000000 ) ) ;
#2836 = CARTESIAN_POINT ( 'NONE',  ( -63.03173803727769808, -4.500000000000001776, 4.000000000000000000 ) ) ;
#2837 = ORIENTED_EDGE ( 'NONE', *, *, #6496, .T. ) ;
#2838 = MECHANICAL_DESIGN_GEOMETRIC_PRESENTATION_REPRESENTATION (  '', ( #3781 ), #6427 ) ;
#2839 = CARTESIAN_POINT ( 'NONE',  ( 0.9999999999999991118, 3.999999999999998224, 62.50000000000000000 ) ) ;
#2840 = CARTESIAN_POINT ( 'NONE',  ( 6.225000000000000533, -3.000000000000000000, -28.50000000000000355 ) ) ;
#2841 = ORIENTED_EDGE ( 'NONE', *, *, #2052, .F. ) ;
#2842 = DIRECTION ( 'NONE',  ( 0.000000000000000000, 1.000000000000000000, 0.000000000000000000 ) ) ;
#2843 = CIRCLE ( 'NONE', #3158, 0.8000000000000003775 ) ;
#2844 = DIRECTION ( 'NONE',  ( 0.000000000000000000, -1.000000000000000000, -2.168404344971010594E-16 ) ) ;
#2845 = ORIENTED_EDGE ( 'NONE', *, *, #2965, .F. ) ;
#2846 = ADVANCED_FACE ( 'NONE', ( #3815 ), #763, .F. ) ;
#2847 = ORIENTED_EDGE ( 'NONE', *, *, #5810, .F. ) ;
#2848 = EDGE_CURVE ( 'NONE', #399, #388, #1804, .T. ) ;
#2849 = LINE ( 'NONE', #5389, #988 ) ;
#2850 = VECTOR ( 'NONE', #1727, 1000.000000000000000 ) ;
#2851 = CARTESIAN_POINT ( 'NONE',  ( -63.03173803727769808, -6.500000000000001776, 4.000000000000000000 ) ) ;
#2852 = ORIENTED_EDGE ( 'NONE', *, *, #4612, .F. ) ;
#2853 = CARTESIAN_POINT ( 'NONE',  ( 0.9999999999999991118, 6.563277878031138712, 66.19859520899437655 ) ) ;
#2854 = AXIS2_PLACEMENT_3D ( 'NONE', #5865, #5296, #5897 ) ;
#2855 = LINE ( 'NONE', #6295, #2932 ) ;
#2856 = EDGE_CURVE ( 'NONE', #4395, #2397, #4971, .T. ) ;
#2857 = CARTESIAN_POINT ( 'NONE',  ( 0.4999999999999981681, -6.499999999999999112, -40.00100000000001188 ) ) ;
#2858 = VERTEX_POINT ( 'NONE', #4785 ) ;
#2859 = CARTESIAN_POINT ( 'NONE',  ( 1.000000000000000000, -11.53650156772112467, 14.54168760482228606 ) ) ;
#2860 = VERTEX_POINT ( 'NONE', #1836 ) ;
#2861 = AXIS2_PLACEMENT_3D ( 'NONE', #5212, #102, #6240 ) ;
#2862 = CARTESIAN_POINT ( 'NONE',  ( 0.9999999999999995559, -7.299999999999999822, 66.00000000000000000 ) ) ;
#2863 = LINE ( 'NONE', #5271, #4862 ) ;
#2864 = DIRECTION ( 'NONE',  ( 0.000000000000000000, 1.000000000000000000, 0.000000000000000000 ) ) ;
#2865 = VERTEX_POINT ( 'NONE', #269 ) ;
#2866 = DIRECTION ( 'NONE',  ( -1.000000000000000000, -3.252606517456513918E-17, 0.000000000000000000 ) ) ;
#2867 = LINE ( 'NONE', #1322, #4495 ) ;
#2868 = VERTEX_POINT ( 'NONE', #3347 ) ;
#2869 = ORIENTED_EDGE ( 'NONE', *, *, #2945, .F. ) ;
#2870 = CARTESIAN_POINT ( 'NONE',  ( 0.4999999999999990563, -12.75000000000000000, 39.00000000000000000 ) ) ;
#2871 = AXIS2_PLACEMENT_3D ( 'NONE', #2353, #3793, #1290 ) ;
#2872 = DIRECTION ( 'NONE',  ( 1.000000000000000000, -0.000000000000000000, -0.000000000000000000 ) ) ;
#2873 = VERTEX_POINT ( 'NONE', #2380 ) ;
#2874 = CARTESIAN_POINT ( 'NONE',  ( 4.000000000000000000, -11.65374246116385137, 34.48356120283414583 ) ) ;
#2875 = AXIS2_PLACEMENT_3D ( 'NONE', #6294, #1762, #2303 ) ;
#2876 = LINE ( 'NONE', #1916, #3163 ) ;
#2877 = VERTEX_POINT ( 'NONE', #329 ) ;
#2878 = ORIENTED_EDGE ( 'NONE', *, *, #6532, .F. ) ;
#2879 = VECTOR ( 'NONE', #1424, 1000.000000000000000 ) ;
#2880 = DIRECTION ( 'NONE',  ( -1.000000000000000000, -1.239088197126290570E-16, 0.000000000000000000 ) ) ;
#2881 = ADVANCED_FACE ( 'NONE', ( #824 ), #4311, .F. ) ;
#2882 = ORIENTED_EDGE ( 'NONE', *, *, #3693, .F. ) ;
#2883 = DIRECTION ( 'NONE',  ( 4.336808689942017736E-17, 1.000000000000000000, 0.000000000000000000 ) ) ;
#2884 = ORIENTED_EDGE ( 'NONE', *, *, #6359, .T. ) ;
#2885 = LINE ( 'NONE', #4505, #6155 ) ;
#2886 = CIRCLE ( 'NONE', #5007, 0.7999999999999986011 ) ;
#2887 = AXIS2_PLACEMENT_3D ( 'NONE', #2039, #4545, #2074 ) ;
#2888 = CARTESIAN_POINT ( 'NONE',  ( 0.4999999999999990563, -12.75000000000000000, 40.47468587349739266 ) ) ;
#2889 = CARTESIAN_POINT ( 'NONE',  ( 7.000000000000000000, 0.000000000000000000, 1.600000000000000089 ) ) ;
#2890 = ORIENTED_EDGE ( 'NONE', *, *, #6401, .F. ) ;
#2891 = AXIS2_PLACEMENT_3D ( 'NONE', #612, #2651, #3654 ) ;
#2892 = ADVANCED_FACE ( 'NONE', ( #5843 ), #3849, .F. ) ;
#2893 = CARTESIAN_POINT ( 'NONE',  ( 2.724999999999999201, -15.99999999999999289, -43.00000000000000000 ) ) ;
#2894 = DIRECTION ( 'NONE',  ( -0.000000000000000000, 1.000000000000000000, 0.000000000000000000 ) ) ;
#2895 = FACE_OUTER_BOUND ( 'NONE', #3599, .T. ) ;
#2896 = ORIENTED_EDGE ( 'NONE', *, *, #4714, .F. ) ;
#2897 = LINE ( 'NONE', #3383, #4782 ) ;
#2898 = CARTESIAN_POINT ( 'NONE',  ( 4.000000000000000000, -16.57825347598732790, 4.000000000000000000 ) ) ;
#2899 = LINE ( 'NONE', #1726, #1980 ) ;
#2900 = ORIENTED_EDGE ( 'NONE', *, *, #3357, .F. ) ;
#2901 = VERTEX_POINT ( 'NONE', #1314 ) ;
#2902 = EDGE_CURVE ( 'NONE', #6102, #5739, #2342, .T. ) ;
#2903 = DIRECTION ( 'NONE',  ( 0.000000000000000000, -1.000000000000000000, 0.000000000000000000 ) ) ;
#2904 = ADVANCED_FACE ( 'NONE', ( #4910 ), #3880, .F. ) ;
#2905 = DIRECTION ( 'NONE',  ( -1.000000000000000000, -0.000000000000000000, -0.000000000000000000 ) ) ;
#2906 = ORIENTED_EDGE ( 'NONE', *, *, #3149, .T. ) ;
#2907 = DIRECTION ( 'NONE',  ( -1.000000000000000000, -3.252606517456513918E-17, 0.000000000000000000 ) ) ;
#2908 = CARTESIAN_POINT ( 'NONE',  ( 4.000000000000000000, -4.499999999999998224, -19.20000000000000639 ) ) ;
#2909 = ORIENTED_EDGE ( 'NONE', *, *, #5915, .T. ) ;
#2910 = ORIENTED_EDGE ( 'NONE', *, *, #2507, .F. ) ;
#2911 = LINE ( 'NONE', #5424, #2683 ) ;
#2912 = ORIENTED_EDGE ( 'NONE', *, *, #2071, .T. ) ;
#2913 = DIRECTION ( 'NONE',  ( -1.000000000000000000, -1.239088197126290570E-16, 0.000000000000000000 ) ) ;
#2914 = ORIENTED_EDGE ( 'NONE', *, *, #5672, .F. ) ;
#2915 = DIRECTION ( 'NONE',  ( 1.000000000000000000, 1.239088197126290570E-16, 0.000000000000000000 ) ) ;
#2916 = DIRECTION ( 'NONE',  ( 1.000000000000000000, 3.252606517456513918E-17, -0.000000000000000000 ) ) ;
#2917 = ORIENTED_EDGE ( 'NONE', *, *, #4440, .F. ) ;
#2918 = CARTESIAN_POINT ( 'NONE',  ( 0.5000000000000007772, -8.921746524012673873, 18.34168760482228322 ) ) ;
#2919 = ORIENTED_EDGE ( 'NONE', *, *, #1111, .F. ) ;
#2920 = DIRECTION ( 'NONE',  ( 0.000000000000000000, 0.000000000000000000, 1.000000000000000000 ) ) ;
#2921 = DIRECTION ( 'NONE',  ( 0.000000000000000000, 0.000000000000000000, -1.000000000000000000 ) ) ;
#2922 = LINE ( 'NONE', #6083, #1468 ) ;
#2923 = CARTESIAN_POINT ( 'NONE',  ( -3.275000000000007905, 27.19999999999999574, -11.33700000000000152 ) ) ;
#2924 = ADVANCED_FACE ( 'NONE', ( #2406 ), #1378, .F. ) ;
#2925 = EDGE_CURVE ( 'NONE', #5439, #2749, #5401, .T. ) ;
#2926 = DIRECTION ( 'NONE',  ( -1.000000000000000000, 0.000000000000000000, 0.000000000000000000 ) ) ;
#2927 = EDGE_LOOP ( 'NONE', ( #3382, #1372, #1718, #721 ) ) ;
#2928 = AXIS2_PLACEMENT_3D ( 'NONE', #991, #3001, #470 ) ;
#2929 = DIRECTION ( 'NONE',  ( 0.000000000000000000, -1.000000000000000000, 0.000000000000000000 ) ) ;
#2930 = CARTESIAN_POINT ( 'NONE',  ( 0.4999999999999990563, -12.75000000000000000, 39.00000000000000000 ) ) ;
#2931 = DIRECTION ( 'NONE',  ( 0.000000000000000000, 1.084202172485504311E-16, 1.000000000000000000 ) ) ;
#2932 = VECTOR ( 'NONE', #6325, 1000.000000000000000 ) ;
#2933 = VERTEX_POINT ( 'NONE', #5807 ) ;
#2934 = ORIENTED_EDGE ( 'NONE', *, *, #4380, .T. ) ;
#2935 = EDGE_CURVE ( 'NONE', #4187, #1280, #6300, .T. ) ;
#2936 = DIRECTION ( 'NONE',  ( -1.000000000000000000, -3.252606517456513918E-17, 0.000000000000000000 ) ) ;
#2937 = CARTESIAN_POINT ( 'NONE',  ( 3.499999999999995115, -15.99999999999999645, 19.99999999999999289 ) ) ;
#2938 = ORIENTED_EDGE ( 'NONE', *, *, #3012, .T. ) ;
#2939 = LINE ( 'NONE', #5988, #5322 ) ;
#2940 = VECTOR ( 'NONE', #4010, 1000.000000000000000 ) ;
#2941 = CARTESIAN_POINT ( 'NONE',  ( 1.225000000000000311, -14.49999999999999645, -31.59999999999999787 ) ) ;
#2942 = AXIS2_PLACEMENT_3D ( 'NONE', #5913, #2905, #5514 ) ;
#2943 = EDGE_LOOP ( 'NONE', ( #5942, #1395, #1062, #4381, #1649, #5190, #4226, #3980, #939, #2539, #5072, #4660, #4483, #2019, #4294, #4343 ) ) ;
#2944 = ORIENTED_EDGE ( 'NONE', *, *, #434, .F. ) ;
#2945 = EDGE_CURVE ( 'NONE', #5546, #483, #2311, .T. ) ;
#2946 = CARTESIAN_POINT ( 'NONE',  ( 4.225000000000000533, -2.999999999999997335, -34.20000000000000284 ) ) ;
#2947 = AXIS2_PLACEMENT_3D ( 'NONE', #6230, #5140, #1610 ) ;
#2948 = ORIENTED_EDGE ( 'NONE', *, *, #1127, .F. ) ;
#2949 = CARTESIAN_POINT ( 'NONE',  ( -63.03173803727768387, -6.500000000000001776, 50.28776832031181243 ) ) ;
#2950 = EDGE_LOOP ( 'NONE', ( #6458, #2086, #2785, #1295, #2984, #4497, #980, #517 ) ) ;
#2951 = LINE ( 'NONE', #2400, #1090 ) ;
#2952 = CARTESIAN_POINT ( 'NONE',  ( 7.002000000000005109, -12.21851846721101253, 39.00000000000000000 ) ) ;
#2953 = VERTEX_POINT ( 'NONE', #1705 ) ;
#2954 = ORIENTED_EDGE ( 'NONE', *, *, #2432, .T. ) ;
#2955 = CARTESIAN_POINT ( 'NONE',  ( 4.224999999999999645, -15.99999999999999645, -31.09999999999999432 ) ) ;
#2956 = AXIS2_PLACEMENT_3D ( 'NONE', #5062, #4248, #3594 ) ;
#2957 = CIRCLE ( 'NONE', #2854, 2.049999999999999822 ) ;
#2958 = DIRECTION ( 'NONE',  ( 1.057758217059027868E-16, -1.000000000000000000, 0.000000000000000000 ) ) ;
#2959 = LINE ( 'NONE', #919, #1327 ) ;
#2960 = DIRECTION ( 'NONE',  ( 1.239088197126290570E-16, -1.000000000000000000, 0.000000000000000000 ) ) ;
#2961 = AXIS2_PLACEMENT_3D ( 'NONE', #5173, #636, #4717 ) ;
#2962 = DIRECTION ( 'NONE',  ( -1.000000000000000000, -1.239088197126290324E-16, 1.954068531237048912E-32 ) ) ;
#2963 = EDGE_LOOP ( 'NONE', ( #5139, #4881, #1861, #1843 ) ) ;
#2964 = CARTESIAN_POINT ( 'NONE',  ( 0.9999999999999991118, 3.805842560179955480, 69.15558256377492796 ) ) ;
#2965 = EDGE_CURVE ( 'NONE', #2283, #1215, #5387, .T. ) ;
#2966 = FACE_OUTER_BOUND ( 'NONE', #6180, .T. ) ;
#2967 = EDGE_CURVE ( 'NONE', #5455, #5347, #966, .T. ) ;
#2968 = ORIENTED_EDGE ( 'NONE', *, *, #364, .F. ) ;
#2969 = ORIENTED_EDGE ( 'NONE', *, *, #1360, .T. ) ;
#2970 = CYLINDRICAL_SURFACE ( 'NONE', #5745, 2.050000000000001599 ) ;
#2971 = CARTESIAN_POINT ( 'NONE',  ( -0.5000000000000075495, 25.99999999999999645, -11.33700000000000152 ) ) ;
#2972 = VERTEX_POINT ( 'NONE', #3679 ) ;
#2973 = CARTESIAN_POINT ( 'NONE',  ( 1.000000000000000888, -18.20000000000000284, 17.54168760482228606 ) ) ;
#2974 = FACE_OUTER_BOUND ( 'NONE', #4393, .T. ) ;
#2975 = ORIENTED_EDGE ( 'NONE', *, *, #902, .F. ) ;
#2976 = ORIENTED_EDGE ( 'NONE', *, *, #1046, .F. ) ;
#2977 = AXIS2_PLACEMENT_3D ( 'NONE', #2859, #5298, #2340 ) ;
#2978 = CARTESIAN_POINT ( 'NONE',  ( 2.725000000000000533, -0.9999999999999941158, 75.00199999999998113 ) ) ;
#2979 = CARTESIAN_POINT ( 'NONE',  ( 4.000000000000000000, -13.84625753883614685, 34.48356120283416004 ) ) ;
#2980 = VECTOR ( 'NONE', #259, 1000.000000000000000 ) ;
#2981 = EDGE_CURVE ( 'NONE', #4317, #6235, #1121, .T. ) ;
#2982 = ORIENTED_EDGE ( 'NONE', *, *, #1131, .T. ) ;
#2983 = CARTESIAN_POINT ( 'NONE',  ( 0.4999999999999982792, -7.163260966291186804, 18.34168760482228322 ) ) ;
#2984 = ORIENTED_EDGE ( 'NONE', *, *, #2696, .T. ) ;
#2985 = DIRECTION ( 'NONE',  ( 0.000000000000000000, 0.6819983600625025844, -0.7313537016191666851 ) ) ;
#2986 = EDGE_CURVE ( 'NONE', #296, #3556, #6175, .T. ) ;
#2987 = DIRECTION ( 'NONE',  ( 1.000000000000000000, 0.000000000000000000, 0.000000000000000000 ) ) ;
#2988 = ORIENTED_EDGE ( 'NONE', *, *, #3812, .T. ) ;
#2989 = AXIS2_PLACEMENT_3D ( 'NONE', #6383, #3740, #3803 ) ;
#2990 = ORIENTED_EDGE ( 'NONE', *, *, #699, .T. ) ;
#2991 = AXIS2_PLACEMENT_3D ( 'NONE', #2088, #270, #6301 ) ;
#2992 = CARTESIAN_POINT ( 'NONE',  ( 1.999999999999999112, 4.499999999999998224, 58.02786404500042039 ) ) ;
#2993 = CIRCLE ( 'NONE', #3828, 0.7999999999999986011 ) ;
#2994 = CARTESIAN_POINT ( 'NONE',  ( 7.001000000000006551, 11.74999999999999645, 17.80000000000000426 ) ) ;
#2995 = CARTESIAN_POINT ( 'NONE',  ( 4.000000000000000000, 18.99999999999999645, 52.86184355012336056 ) ) ;
#2996 = CARTESIAN_POINT ( 'NONE',  ( 4.225000000000000533, -14.49999999999999645, -32.59999999999999432 ) ) ;
#2997 = AXIS2_PLACEMENT_3D ( 'NONE', #5047, #3449, #4445 ) ;
#2998 = DIRECTION ( 'NONE',  ( 1.000000000000000000, 1.239088197126290570E-16, -0.000000000000000000 ) ) ;
#2999 = EDGE_CURVE ( 'NONE', #188, #1135, #2672, .T. ) ;
#3000 = DIRECTION ( 'NONE',  ( 9.340879835391206939E-17, -0.7538510863919691829, 0.6570453101161654041 ) ) ;
#3001 = DIRECTION ( 'NONE',  ( -1.000000000000000000, -1.239088197126290570E-16, 0.000000000000000000 ) ) ;
#3002 = EDGE_LOOP ( 'NONE', ( #3839, #149, #1892, #1325, #3818, #2136 ) ) ;
#3003 = VERTEX_POINT ( 'NONE', #4587 ) ;
#3004 = DIRECTION ( 'NONE',  ( 1.000000000000000000, 1.239088197126290570E-16, 0.000000000000000000 ) ) ;
#3005 = CARTESIAN_POINT ( 'NONE',  ( 0.4999999999999996669, -18.12982544119417128, 22.45831239517770328 ) ) ;
#3006 = LINE ( 'NONE', #107, #5406 ) ;
#3007 = EDGE_LOOP ( 'NONE', ( #84, #591, #3433, #4723, #5993, #759, #3795, #3860, #3360, #4734 ) ) ;
#3008 = CARTESIAN_POINT ( 'NONE',  ( 4.225000000000000533, -7.828427124746198729, -37.00000000000000000 ) ) ;
#3009 = CARTESIAN_POINT ( 'NONE',  ( 7.002000000000004221, -7.661951201776465936, 60.80847766620527750 ) ) ;
#3010 = ORIENTED_EDGE ( 'NONE', *, *, #5148, .F. ) ;
#3011 = ORIENTED_EDGE ( 'NONE', *, *, #2515, .F. ) ;
#3012 = EDGE_CURVE ( 'NONE', #5929, #5020, #1150, .T. ) ;
#3013 = FACE_OUTER_BOUND ( 'NONE', #2307, .T. ) ;
#3014 = DIRECTION ( 'NONE',  ( -9.306456416184589495E-17, 0.000000000000000000, -1.000000000000000000 ) ) ;
#3015 = ORIENTED_EDGE ( 'NONE', *, *, #3373, .T. ) ;
#3016 = CARTESIAN_POINT ( 'NONE',  ( 0.000000000000000000, 1.959434878635765230E-16, -1.600000000000000089 ) ) ;
#3017 = ORIENTED_EDGE ( 'NONE', *, *, #5364, .T. ) ;
#3018 = CARTESIAN_POINT ( 'NONE',  ( 7.002000000000005109, -18.20000000000000639, 64.13639844763217468 ) ) ;
#3019 = DIRECTION ( 'NONE',  ( 0.000000000000000000, 0.000000000000000000, -1.000000000000000000 ) ) ;
#3020 = ORIENTED_EDGE ( 'NONE', *, *, #3154, .F. ) ;
#3021 = VERTEX_POINT ( 'NONE', #2582 ) ;
#3022 = DIRECTION ( 'NONE',  ( 0.000000000000000000, 1.000000000000000000, -0.000000000000000000 ) ) ;
#3023 = ADVANCED_FACE ( 'NONE', ( #605 ), #5143, .F. ) ;
#3024 = CARTESIAN_POINT ( 'NONE',  ( 0.000000000000000000, -3.499999999999998668, 4.000000000000001776 ) ) ;
#3025 = CARTESIAN_POINT ( 'NONE',  ( 0.4999999999999990563, -12.75000000000000000, 40.47468587349739266 ) ) ;
#3026 = DIRECTION ( 'NONE',  ( 0.000000000000000000, 1.000000000000000000, 0.000000000000000000 ) ) ;
#3027 = ADVANCED_FACE ( 'NONE', ( #569 ), #6143, .F. ) ;
#3028 = DIRECTION ( 'NONE',  ( 1.000000000000000000, -6.505213034913026604E-17, 0.000000000000000000 ) ) ;
#3029 = ADVANCED_FACE ( 'NONE', ( #3709 ), #167, .F. ) ;
#3030 = CARTESIAN_POINT ( 'NONE',  ( 1.907460370276616413, 7.868390842953763453, 64.79903290236383384 ) ) ;
#3031 = CARTESIAN_POINT ( 'NONE',  ( 0.4999999999999980571, -5.299999999999999822, -4.000000000000000000 ) ) ;
#3032 = EDGE_CURVE ( 'NONE', #2194, #2302, #4557, .T. ) ;
#3033 = ORIENTED_EDGE ( 'NONE', *, *, #5115, .T. ) ;
#3034 = VECTOR ( 'NONE', #1785, 1000.000000000000000 ) ;
#3035 = CARTESIAN_POINT ( 'NONE',  ( 1.000000000000000000, -3.145898033750298861, 21.65831239517770612 ) ) ;
#3036 = FACE_OUTER_BOUND ( 'NONE', #6214, .T. ) ;
#3037 = DIRECTION ( 'NONE',  ( 0.000000000000000000, 0.000000000000000000, -1.000000000000000000 ) ) ;
#3038 = ORIENTED_EDGE ( 'NONE', *, *, #1605, .F. ) ;
#3039 = DIRECTION ( 'NONE',  ( -1.000000000000000000, -3.252606517456513918E-17, 0.000000000000000000 ) ) ;
#3040 = ADVANCED_FACE ( 'NONE', ( #3617 ), #3647, .F. ) ;
#3041 = CARTESIAN_POINT ( 'NONE',  ( 0.4999999999999987232, -8.170174558805832987, 55.54168760482228606 ) ) ;
#3042 = ORIENTED_EDGE ( 'NONE', *, *, #866, .F. ) ;
#3043 = ORIENTED_EDGE ( 'NONE', *, *, #1948, .T. ) ;
#3044 = CIRCLE ( 'NONE', #3454, 0.8000000000000003775 ) ;
#3045 = CARTESIAN_POINT ( 'NONE',  ( -63.03173803727769808, -6.500000000000001776, 4.000000000000000000 ) ) ;
#3046 = LINE ( 'NONE', #447, #163 ) ;
#3047 = VERTEX_POINT ( 'NONE', #5666 ) ;
#3048 = CARTESIAN_POINT ( 'NONE',  ( 7.000000000000000000, 16.99999999999999645, -29.19999999999999929 ) ) ;
#3049 = VERTEX_POINT ( 'NONE', #4087 ) ;
#3050 = AXIS2_PLACEMENT_3D ( 'NONE', #3666, #627, #5693 ) ;
#3051 = FACE_OUTER_BOUND ( 'NONE', #2051, .T. ) ;
#3052 = EDGE_CURVE ( 'NONE', #6433, #4510, #3706, .T. ) ;
#3053 = DIRECTION ( 'NONE',  ( 0.000000000000000000, -1.000000000000000000, 0.000000000000000000 ) ) ;
#3054 = VERTEX_POINT ( 'NONE', #6111 ) ;
#3055 = ADVANCED_FACE ( 'NONE', ( #4176 ), #3584, .F. ) ;
#3056 = VERTEX_POINT ( 'NONE', #1675 ) ;
#3057 = CIRCLE ( 'NONE', #211, 0.8000000000000003775 ) ;
#3058 = CIRCLE ( 'NONE', #1778, 0.8000000000000003775 ) ;
#3059 = FACE_OUTER_BOUND ( 'NONE', #4738, .T. ) ;
#3060 = CARTESIAN_POINT ( 'NONE',  ( 4.000000000000000000, -19.00000000000001066, 54.86700173132491898 ) ) ;
#3061 = FACE_OUTER_BOUND ( 'NONE', #542, .T. ) ;
#3062 = CARTESIAN_POINT ( 'NONE',  ( 0.000000000000000000, 0.000000000000000000, 0.000000000000000000 ) ) ;
#3063 = DIRECTION ( 'NONE',  ( 0.000000000000000000, 1.000000000000000000, 0.000000000000000000 ) ) ;
#3064 = FACE_OUTER_BOUND ( 'NONE', #3834, .T. ) ;
#3065 = VECTOR ( 'NONE', #4630, 1000.000000000000000 ) ;
#3066 =( LENGTH_UNIT ( ) NAMED_UNIT ( * ) SI_UNIT ( .MILLI., .METRE. ) );
#3067 = VECTOR ( 'NONE', #5708, 1000.000000000000000 ) ;
#3068 = EDGE_LOOP ( 'NONE', ( #91, #4147, #4902, #5397, #2372, #2777, #2667, #1681 ) ) ;
#3069 = PLANE ( 'NONE',  #5533 ) ;
#3070 = DIRECTION ( 'NONE',  ( 0.000000000000000000, 0.000000000000000000, -1.000000000000000000 ) ) ;
#3071 = ORIENTED_EDGE ( 'NONE', *, *, #4713, .F. ) ;
#3072 = DIRECTION ( 'NONE',  ( 0.000000000000000000, 0.000000000000000000, 1.000000000000000000 ) ) ;
#3073 = CARTESIAN_POINT ( 'NONE',  ( -64.14711903867025455, -14.54981716550030413, 65.20000000000000284 ) ) ;
#3074 = EDGE_CURVE ( 'NONE', #4389, #1152, #2202, .T. ) ;
#3075 = EDGE_LOOP ( 'NONE', ( #4276, #1898, #76, #5576, #2593 ) ) ;
#3076 = LINE ( 'NONE', #1071, #4875 ) ;
#3077 = FACE_OUTER_BOUND ( 'NONE', #6149, .T. ) ;
#3078 = ORIENTED_EDGE ( 'NONE', *, *, #3324, .F. ) ;
#3079 = CARTESIAN_POINT ( 'NONE',  ( 0.4999999999999990563, -12.75000000000000000, 0.000000000000000000 ) ) ;
#3080 = ORIENTED_EDGE ( 'NONE', *, *, #2623, .F. ) ;
#3081 = CARTESIAN_POINT ( 'NONE',  ( 3.499999999999995115, -22.50000000000000000, 17.94999999999998863 ) ) ;
#3082 = DIRECTION ( 'NONE',  ( -1.000000000000000000, -3.469446951953612956E-17, 0.000000000000000000 ) ) ;
#3083 = EDGE_LOOP ( 'NONE', ( #2329, #4502, #4199, #1676, #1781, #1041 ) ) ;
#3084 = VECTOR ( 'NONE', #5081, 1000.000000000000000 ) ;
#3085 = ORIENTED_EDGE ( 'NONE', *, *, #2401, .T. ) ;
#3086 = AXIS2_PLACEMENT_3D ( 'NONE', #3559, #11, #3070 ) ;
#3087 = CARTESIAN_POINT ( 'NONE',  ( 3.500000000000000444, -15.99999999999998934, -18.00000000000000711 ) ) ;
#3088 = AXIS2_PLACEMENT_3D ( 'NONE', #4535, #2534, #5004 ) ;
#3089 = VECTOR ( 'NONE', #4387, 1000.000000000000000 ) ;
#3090 = LINE ( 'NONE', #3483, #1828 ) ;
#3091 = AXIS2_PLACEMENT_3D ( 'NONE', #2411, #860, #3421 ) ;
#3092 = CARTESIAN_POINT ( 'NONE',  ( 2.724999999999999201, -22.49999999999998934, -31.59999999999999787 ) ) ;
#3093 = VECTOR ( 'NONE', #299, 1000.000000000000000 ) ;
#3094 = CARTESIAN_POINT ( 'NONE',  ( 0.5000000000000000000, -22.49999999999998934, -24.20000000000000639 ) ) ;
#3095 = DIRECTION ( 'NONE',  ( 0.000000000000000000, 1.000000000000000000, 0.000000000000000000 ) ) ;
#3096 = EDGE_CURVE ( 'NONE', #2572, #2754, #771, .T. ) ;
#3097 = AXIS2_PLACEMENT_3D ( 'NONE', #1415, #3413, #2440 ) ;
#3098 = DIRECTION ( 'NONE',  ( -1.000000000000000000, -3.469446951953611107E-17, 0.000000000000000000 ) ) ;
#3099 =( NAMED_UNIT ( * ) PLANE_ANGLE_UNIT ( ) SI_UNIT ( $, .RADIAN. ) );
#3100 = VECTOR ( 'NONE', #4082, 1000.000000000000000 ) ;
#3101 = ORIENTED_EDGE ( 'NONE', *, *, #4550, .F. ) ;
#3102 = CARTESIAN_POINT ( 'NONE',  ( 0.5000000000000004441, -8.170174558805832987, 22.45831239517770328 ) ) ;
#3103 = VECTOR ( 'NONE', #2288, 1000.000000000000000 ) ;
#3104 = DIRECTION ( 'NONE',  ( -5.421010862427531415E-17, 1.000000000000000000, 0.000000000000000000 ) ) ;
#3105 = ORIENTED_EDGE ( 'NONE', *, *, #6401, .T. ) ;
#3106 = FACE_OUTER_BOUND ( 'NONE', #3068, .T. ) ;
#3107 = DIRECTION ( 'NONE',  ( 1.000000000000000000, -0.000000000000000000, -0.000000000000000000 ) ) ;
#3108 = VERTEX_POINT ( 'NONE', #5770 ) ;
#3109 = EDGE_CURVE ( 'NONE', #5517, #6168, #2306, .T. ) ;
#3110 = LINE ( 'NONE', #54, #5196 ) ;
#3111 = CARTESIAN_POINT ( 'NONE',  ( 7.002000000000005109, -13.09364437107287493, 34.21231699605854004 ) ) ;
#3112 = VECTOR ( 'NONE', #2057, 1000.000000000000000 ) ;
#3113 = ORIENTED_EDGE ( 'NONE', *, *, #5937, .F. ) ;
#3114 = DIRECTION ( 'NONE',  ( -1.000000000000000000, 6.505213034913025371E-17, -0.000000000000000000 ) ) ;
#3115 = ORIENTED_EDGE ( 'NONE', *, *, #4790, .T. ) ;
#3116 = DIRECTION ( 'NONE',  ( 8.425613936988277506E-17, -0.6570453101161651821, -0.7538510863919692939 ) ) ;
#3117 = CARTESIAN_POINT ( 'NONE',  ( -3.275000000000005684, 17.00000000000000355, 10.80000000000000071 ) ) ;
#3118 = ORIENTED_EDGE ( 'NONE', *, *, #6040, .T. ) ;
#3119 = ORIENTED_EDGE ( 'NONE', *, *, #1713, .T. ) ;
#3120 = EDGE_CURVE ( 'NONE', #5352, #5547, #6392, .T. ) ;
#3121 = PLANE ( 'NONE',  #2947 ) ;
#3122 = LINE ( 'NONE', #2728, #3992 ) ;
#3123 = VECTOR ( 'NONE', #6248, 1000.000000000000000 ) ;
#3124 = DIRECTION ( 'NONE',  ( -1.000000000000000000, -3.469446951953611107E-17, 0.000000000000000000 ) ) ;
#3125 = DIRECTION ( 'NONE',  ( 0.000000000000000000, -1.000000000000000000, 0.000000000000000000 ) ) ;
#3126 = PLANE ( 'NONE',  #1189 ) ;
#3127 = FACE_OUTER_BOUND ( 'NONE', #717, .T. ) ;
#3128 = DIRECTION ( 'NONE',  ( -0.000000000000000000, -1.000000000000000000, -2.168404344971010840E-16 ) ) ;
#3129 = EDGE_CURVE ( 'NONE', #1590, #4919, #4306, .T. ) ;
#3130 = ORIENTED_EDGE ( 'NONE', *, *, #827, .F. ) ;
#3131 = ADVANCED_FACE ( 'NONE', ( #4337 ), #1243, .F. ) ;
#3132 = FACE_OUTER_BOUND ( 'NONE', #333, .T. ) ;
#3133 = CARTESIAN_POINT ( 'NONE',  ( 7.001000000000006551, 11.74999999999999645, 17.80000000000000426 ) ) ;
#3134 = ORIENTED_EDGE ( 'NONE', *, *, #6459, .F. ) ;
#3135 = FACE_OUTER_BOUND ( 'NONE', #5411, .T. ) ;
#3136 = ORIENTED_EDGE ( 'NONE', *, *, #3774, .F. ) ;
#3137 = CARTESIAN_POINT ( 'NONE',  ( 0.4999999999999983902, -8.052613167763274404, 27.44098747291258888 ) ) ;
#3138 = EDGE_CURVE ( 'NONE', #746, #4467, #4138, .T. ) ;
#3139 = CARTESIAN_POINT ( 'NONE',  ( 0.4999999999999995559, -15.53963716630351222, 35.09386066807927307 ) ) ;
#3140 = EDGE_LOOP ( 'NONE', ( #3847, #1480, #4725, #1576 ) ) ;
#3141 = CARTESIAN_POINT ( 'NONE',  ( 7.001000000000002110, -8.828427124746184518, -38.00000000000000000 ) ) ;
#3142 = ORIENTED_EDGE ( 'NONE', *, *, #1737, .T. ) ;
#3143 = VECTOR ( 'NONE', #718, 1000.000000000000000 ) ;
#3144 = CYLINDRICAL_SURFACE ( 'NONE', #1350, 0.7999999999999986011 ) ;
#3145 = CARTESIAN_POINT ( 'NONE',  ( 0.5000000000000004441, -18.20000000000000284, 18.34168760482228322 ) ) ;
#3146 = VECTOR ( 'NONE', #1339, 1000.000000000000000 ) ;
#3147 = ORIENTED_EDGE ( 'NONE', *, *, #2348, .F. ) ;
#3148 = ORIENTED_EDGE ( 'NONE', *, *, #2581, .T. ) ;
#3149 = EDGE_CURVE ( 'NONE', #6438, #4037, #3247, .T. ) ;
#3150 = DIRECTION ( 'NONE',  ( 1.000000000000000000, -0.000000000000000000, -9.757819552369541139E-17 ) ) ;
#3151 = DIRECTION ( 'NONE',  ( 0.000000000000000000, 0.000000000000000000, -1.000000000000000000 ) ) ;
#3152 = DIRECTION ( 'NONE',  ( -1.000000000000000000, -1.239088197126290570E-16, 0.000000000000000000 ) ) ;
#3153 = AXIS2_PLACEMENT_3D ( 'NONE', #1533, #5953, #2522 ) ;
#3154 = EDGE_CURVE ( 'NONE', #1354, #4326, #2798, .T. ) ;
#3155 = DIRECTION ( 'NONE',  ( 1.000000000000000000, 0.000000000000000000, 0.000000000000000000 ) ) ;
#3156 = ORIENTED_EDGE ( 'NONE', *, *, #5076, .F. ) ;
#3157 = ORIENTED_EDGE ( 'NONE', *, *, #1922, .F. ) ;
#3158 = AXIS2_PLACEMENT_3D ( 'NONE', #2299, #4805, #5323 ) ;
#3159 = CARTESIAN_POINT ( 'NONE',  ( 0.9999999999999947820, 24.00000000000000000, 47.50000000000000000 ) ) ;
#3160 = DIRECTION ( 'NONE',  ( 1.000000000000000000, 1.239088197126290570E-16, 0.000000000000000000 ) ) ;
#3161 = ORIENTED_EDGE ( 'NONE', *, *, #4177, .T. ) ;
#3162 = ADVANCED_FACE ( 'NONE', ( #792 ), #5868, .T. ) ;
#3163 = VECTOR ( 'NONE', #407, 1000.000000000000114 ) ;
#3164 = CARTESIAN_POINT ( 'NONE',  ( 0.4999999999999993339, -15.07469763858625811, 35.74488389006606326 ) ) ;
#3165 = ORIENTED_EDGE ( 'NONE', *, *, #195, .F. ) ;
#3166 = PLANE ( 'NONE',  #4114 ) ;
#3167 = VECTOR ( 'NONE', #3152, 1000.000000000000000 ) ;
#3168 = ORIENTED_EDGE ( 'NONE', *, *, #1315, .F. ) ;
#3169 = VECTOR ( 'NONE', #733, 1000.000000000000000 ) ;
#3170 = DIRECTION ( 'NONE',  ( 1.000000000000000000, 0.000000000000000000, 0.000000000000000000 ) ) ;
#3171 = EDGE_CURVE ( 'NONE', #5608, #5681, #6268, .T. ) ;
#3172 = CARTESIAN_POINT ( 'NONE',  ( 1.000000000000000888, -17.32982544119416701, 55.54168760482228606 ) ) ;
#3173 = ORIENTED_EDGE ( 'NONE', *, *, #3963, .T. ) ;
#3174 = CARTESIAN_POINT ( 'NONE',  ( -64.14711903867025455, -8.921746524012680979, 18.34168760482228322 ) ) ;
#3175 = EDGE_LOOP ( 'NONE', ( #5256, #2845 ) ) ;
#3176 = EDGE_CURVE ( 'NONE', #2249, #3049, #4773, .T. ) ;
#3177 = LINE ( 'NONE', #1666, #3557 ) ;
#3178 = DIRECTION ( 'NONE',  ( 2.168404344971009854E-16, -1.000000000000000000, 0.000000000000000000 ) ) ;
#3179 = ORIENTED_EDGE ( 'NONE', *, *, #3431, .T. ) ;
#3180 = ORIENTED_EDGE ( 'NONE', *, *, #2135, .F. ) ;
#3181 = DIRECTION ( 'NONE',  ( 0.000000000000000000, -0.000000000000000000, -1.000000000000000000 ) ) ;
#3182 = CARTESIAN_POINT ( 'NONE',  ( 0.4999999999999987232, -9.960362833696484230, 42.90613933192072693 ) ) ;
#3183 = FACE_BOUND ( 'NONE', #1654, .T. ) ;
#3184 = CARTESIAN_POINT ( 'NONE',  ( -64.14711903867025455, -6.500000000000000888, 21.65831239517770612 ) ) ;
#3185 = VECTOR ( 'NONE', #4531, 1000.000000000000000 ) ;
#3186 = ORIENTED_EDGE ( 'NONE', *, *, #5592, .F. ) ;
#3187 = ORIENTED_EDGE ( 'NONE', *, *, #3459, .F. ) ;
#3188 = AXIS2_PLACEMENT_3D ( 'NONE', #2018, #2653, #4030 ) ;
#3189 = CARTESIAN_POINT ( 'NONE',  ( 7.002000000000005109, -14.80000000000000071, 39.00000000000000000 ) ) ;
#3190 = CYLINDRICAL_SURFACE ( 'NONE', #2861, 0.8000000000000003775 ) ;
#3191 = EDGE_LOOP ( 'NONE', ( #179, #6486, #4027, #1789 ) ) ;
#3192 = VECTOR ( 'NONE', #3554, 1000.000000000000114 ) ;
#3193 = VECTOR ( 'NONE', #1020, 1000.000000000000000 ) ;
#3194 = ADVANCED_BREP_SHAPE_REPRESENTATION ( '\X2\53f34fa7677f\X0\', ( #4351, #4188 ), #2197 ) ;
#3195 = CIRCLE ( 'NONE', #1941, 0.8000000000000003775 ) ;
#3196 = LINE ( 'NONE', #4756, #1300 ) ;
#3197 = ORIENTED_EDGE ( 'NONE', *, *, #4380, .F. ) ;
#3198 = DIRECTION ( 'NONE',  ( -1.000000000000000000, -3.252606517456513918E-17, 1.048466334442454337E-16 ) ) ;
#3199 = VECTOR ( 'NONE', #6108, 1000.000000000000000 ) ;
#3200 = ORIENTED_EDGE ( 'NONE', *, *, #3524, .T. ) ;
#3201 = AXIS2_PLACEMENT_3D ( 'NONE', #3102, #3004, #1951 ) ;
#3202 = EDGE_CURVE ( 'NONE', #2933, #811, #4778, .T. ) ;
#3203 = DIRECTION ( 'NONE',  ( 1.000000000000000000, 0.000000000000000000, 0.000000000000000000 ) ) ;
#3204 = DIRECTION ( 'NONE',  ( -1.355252715606883008E-16, 1.000000000000000000, 0.000000000000000000 ) ) ;
#3205 = ORIENTED_EDGE ( 'NONE', *, *, #279, .T. ) ;
#3206 = CARTESIAN_POINT ( 'NONE',  ( 0.9999999999999995559, -6.500000000000000000, 66.00000000000000000 ) ) ;
#3207 = EDGE_LOOP ( 'NONE', ( #5726, #3713 ) ) ;
#3208 = DIRECTION ( 'NONE',  ( 1.000000000000000000, -0.000000000000000000, -0.000000000000000000 ) ) ;
#3209 = DIRECTION ( 'NONE',  ( -1.000000000000000000, -1.239088197126290570E-16, 0.000000000000000000 ) ) ;
#3210 = VERTEX_POINT ( 'NONE', #5838 ) ;
#3211 = EDGE_CURVE ( 'NONE', #962, #4836, #4811, .T. ) ;
#3212 = ORIENTED_EDGE ( 'NONE', *, *, #902, .T. ) ;
#3213 = ADVANCED_FACE ( 'NONE', ( #4747 ), #264, .F. ) ;
#3214 = CARTESIAN_POINT ( 'NONE',  ( 1.225000000000000089, -10.99999999999999822, -24.20000000000000639 ) ) ;
#3215 = DIRECTION ( 'NONE',  ( 0.000000000000000000, 1.000000000000000000, 0.000000000000000000 ) ) ;
#3216 = DIRECTION ( 'NONE',  ( -1.000000000000000000, -1.239088197126290570E-16, 0.000000000000000000 ) ) ;
#3217 = CARTESIAN_POINT ( 'NONE',  ( 3.999999999999994671, 23.99999999999999645, 7.800000000000001599 ) ) ;
#3218 = VERTEX_POINT ( 'NONE', #1278 ) ;
#3219 = EDGE_CURVE ( 'NONE', #2953, #4592, #3605, .T. ) ;
#3220 = CARTESIAN_POINT ( 'NONE',  ( -63.03173803727768387, -7.300000000000001599, 51.08776832031181669 ) ) ;
#3221 = DIRECTION ( 'NONE',  ( -1.000000000000000000, -1.239088197126290570E-16, 0.000000000000000000 ) ) ;
#3222 = FACE_OUTER_BOUND ( 'NONE', #1639, .T. ) ;
#3223 = CARTESIAN_POINT ( 'NONE',  ( 7.000000000000000000, -12.75000000000000000, 39.00000000000000000 ) ) ;
#3224 = EDGE_CURVE ( 'NONE', #4050, #2868, #5834, .T. ) ;
#3225 = CARTESIAN_POINT ( 'NONE',  ( 4.000000000000000000, -17.37825347598732506, 4.800000000000004263 ) ) ;
#3226 = VERTEX_POINT ( 'NONE', #3280 ) ;
#3227 = DIRECTION ( 'NONE',  ( 1.000000000000000000, 1.239088197126290570E-16, -0.000000000000000000 ) ) ;
#3228 = ORIENTED_EDGE ( 'NONE', *, *, #1177, .F. ) ;
#3229 = CARTESIAN_POINT ( 'NONE',  ( 4.000000000000000000, -6.499999999999999112, 15.34168760482228500 ) ) ;
#3230 = CARTESIAN_POINT ( 'NONE',  ( 7.002000000000005109, -12.46362969077260630, 35.01026416338211078 ) ) ;
#3231 = EDGE_CURVE ( 'NONE', #169, #2359, #3817, .T. ) ;
#3232 = ORIENTED_EDGE ( 'NONE', *, *, #571, .F. ) ;
#3233 = LINE ( 'NONE', #3864, #2427 ) ;
#3234 = ORIENTED_EDGE ( 'NONE', *, *, #5818, .T. ) ;
#3235 = DIRECTION ( 'NONE',  ( -3.252606517456513918E-17, 1.000000000000000000, 0.000000000000000000 ) ) ;
#3236 = CARTESIAN_POINT ( 'NONE',  ( -0.5000000000000086597, 27.19999999999999574, -21.33700000000000330 ) ) ;
#3237 = ORIENTED_EDGE ( 'NONE', *, *, #4740, .T. ) ;
#3238 = ORIENTED_EDGE ( 'NONE', *, *, #1077, .T. ) ;
#3239 = DIRECTION ( 'NONE',  ( -1.000000000000000000, -3.469446951953612956E-17, 0.000000000000000000 ) ) ;
#3240 = AXIS2_PLACEMENT_3D ( 'NONE', #2449, #5224, #3235 ) ;
#3241 = ADVANCED_FACE ( 'NONE', ( #6358 ), #5365, .F. ) ;
#3242 = EDGE_CURVE ( 'NONE', #1699, #1869, #1398, .T. ) ;
#3243 = DIRECTION ( 'NONE',  ( 1.000000000000000000, 0.000000000000000000, 0.000000000000000000 ) ) ;
#3244 = EDGE_CURVE ( 'NONE', #5531, #2276, #6353, .T. ) ;
#3245 = PLANE ( 'NONE',  #4838 ) ;
#3246 = CARTESIAN_POINT ( 'NONE',  ( 2.999999999999999112, 3.999999999999998224, 62.50000000000000000 ) ) ;
#3247 = LINE ( 'NONE', #758, #5399 ) ;
#3248 = ORIENTED_EDGE ( 'NONE', *, *, #5115, .F. ) ;
#3249 = CARTESIAN_POINT ( 'NONE',  ( 0.5000000000000004441, -18.20000000000000284, 17.54168760482228606 ) ) ;
#3250 = LINE ( 'NONE', #6272, #4254 ) ;
#3251 = AXIS2_PLACEMENT_3D ( 'NONE', #2435, #3978, #3053 ) ;
#3252 = SHAPE_DEFINITION_REPRESENTATION ( #78, #3194 ) ;
#3253 = CARTESIAN_POINT ( 'NONE',  ( 0.4999999999999987232, -9.960362833696484230, 35.09386066807927307 ) ) ;
#3254 = CARTESIAN_POINT ( 'NONE',  ( 7.002000000000005997, -16.57825347598732790, 4.800000000000004263 ) ) ;
#3255 = VECTOR ( 'NONE', #5099, 1000.000000000000000 ) ;
#3256 = CIRCLE ( 'NONE', #424, 1.600000000000000089 ) ;
#3257 = PLANE ( 'NONE',  #1722 ) ;
#3258 = EDGE_LOOP ( 'NONE', ( #3623, #2416, #3894, #2968 ) ) ;
#3259 = DIRECTION ( 'NONE',  ( 3.469446951953612956E-17, -1.000000000000000000, 0.000000000000000000 ) ) ;
#3260 = AXIS2_PLACEMENT_3D ( 'NONE', #1100, #4726, #648 ) ;
#3261 = ORIENTED_EDGE ( 'NONE', *, *, #6171, .T. ) ;
#3262 = DIRECTION ( 'NONE',  ( 0.000000000000000000, -1.000000000000000000, 0.000000000000000000 ) ) ;
#3263 = LINE ( 'NONE', #3230, #845 ) ;
#3264 = VECTOR ( 'NONE', #4810, 1000.000000000000000 ) ;
#3265 = ORIENTED_EDGE ( 'NONE', *, *, #113, .T. ) ;
#3266 = FACE_BOUND ( 'NONE', #3317, .T. ) ;
#3267 = ORIENTED_EDGE ( 'NONE', *, *, #3891, .T. ) ;
#3268 = EDGE_CURVE ( 'NONE', #1472, #46, #6519, .T. ) ;
#3269 = CARTESIAN_POINT ( 'NONE',  ( 1.225000000000000311, -15.99999999999999645, -26.35000000000000142 ) ) ;
#3270 = DIRECTION ( 'NONE',  ( 0.000000000000000000, -0.000000000000000000, 1.000000000000000000 ) ) ;
#3271 = VERTEX_POINT ( 'NONE', #485 ) ;
#3272 = VECTOR ( 'NONE', #4547, 1000.000000000000000 ) ;
#3273 = ORIENTED_EDGE ( 'NONE', *, *, #364, .T. ) ;
#3274 = DIRECTION ( 'NONE',  ( -1.000000000000000000, -3.252606517456513918E-17, 0.000000000000000000 ) ) ;
#3275 = DIRECTION ( 'NONE',  ( -1.355252715606879803E-16, 1.000000000000000000, 0.000000000000000000 ) ) ;
#3276 = ORIENTED_EDGE ( 'NONE', *, *, #5911, .F. ) ;
#3277 = DIRECTION ( 'NONE',  ( 1.000000000000000000, 0.000000000000000000, 0.000000000000000000 ) ) ;
#3278 = CARTESIAN_POINT ( 'NONE',  ( 4.224999999999999645, -15.99999999999999645, -38.00000000000000000 ) ) ;
#3279 = CARTESIAN_POINT ( 'NONE',  ( 0.9999999999999943379, 17.00000000000000355, 10.80000000000000071 ) ) ;
#3280 = CARTESIAN_POINT ( 'NONE',  ( 0.4999999999999995559, -18.20000000000000284, 51.08776832031181669 ) ) ;
#3281 = VERTEX_POINT ( 'NONE', #5065 ) ;
#3282 = CARTESIAN_POINT ( 'NONE',  ( 0.9999999999999995559, -8.170174558805832987, 56.34168760482229743 ) ) ;
#3283 = EDGE_CURVE ( 'NONE', #1988, #3456, #2461, .T. ) ;
#3284 = DIRECTION ( 'NONE',  ( -1.000000000000000000, 0.000000000000000000, 0.000000000000000000 ) ) ;
#3285 = ADVANCED_FACE ( 'NONE', ( #3503 ), #4500, .T. ) ;
#3286 = DIRECTION ( 'NONE',  ( 0.000000000000000000, 1.000000000000000000, 0.000000000000000000 ) ) ;
#3287 = ADVANCED_FACE ( 'NONE', ( #3013 ), #1542, .F. ) ;
#3288 = VECTOR ( 'NONE', #2763, 1000.000000000000000 ) ;
#3289 = AXIS2_PLACEMENT_3D ( 'NONE', #848, #1275, #4302 ) ;
#3290 = APPLICATION_CONTEXT ( 'automotive_design' ) ;
#3291 = DIRECTION ( 'NONE',  ( 9.306456416184587030E-17, 0.000000000000000000, 1.000000000000000000 ) ) ;
#3292 = ORIENTED_EDGE ( 'NONE', *, *, #6337, .F. ) ;
#3293 = LINE ( 'NONE', #5816, #4749 ) ;
#3294 = CIRCLE ( 'NONE', #3398, 0.8000000000000003775 ) ;
#3295 = ORIENTED_EDGE ( 'NONE', *, *, #1195, .F. ) ;
#3296 = VECTOR ( 'NONE', #5370, 1000.000000000000114 ) ;
#3297 = FACE_OUTER_BOUND ( 'NONE', #530, .T. ) ;
#3298 = CARTESIAN_POINT ( 'NONE',  ( 7.000000000000000000, 6.500000000000000000, -29.19999999999999929 ) ) ;
#3299 = VECTOR ( 'NONE', #4060, 1000.000000000000000 ) ;
#3300 = ADVANCED_FACE ( 'NONE', ( #5001 ), #2626, .F. ) ;
#3301 = VERTEX_POINT ( 'NONE', #3538 ) ;
#3302 = CARTESIAN_POINT ( 'NONE',  ( 1.000000000000000888, -7.299999999999999822, 14.54168760482228606 ) ) ;
#3303 = ORIENTED_EDGE ( 'NONE', *, *, #2729, .T. ) ;
#3304 = CARTESIAN_POINT ( 'NONE',  ( 3.499999999999995115, -22.50000000000000000, 19.99999999999999289 ) ) ;
#3305 = ADVANCED_FACE ( 'NONE', ( #6098 ), #1507, .F. ) ;
#3306 = VERTEX_POINT ( 'NONE', #1569 ) ;
#3307 = VERTEX_POINT ( 'NONE', #4566 ) ;
#3308 = LINE ( 'NONE', #2330, #2473 ) ;
#3309 = ADVANCED_FACE ( 'NONE', ( #519 ), #5994, .F. ) ;
#3310 = DIRECTION ( 'NONE',  ( -1.000000000000000000, -1.239088197126290570E-16, 0.000000000000000000 ) ) ;
#3311 = ORIENTED_EDGE ( 'NONE', *, *, #5607, .T. ) ;
#3312 = DIRECTION ( 'NONE',  ( 6.806311348934042292E-17, -0.6819983600625025844, 0.7313537016191666851 ) ) ;
#3313 = CARTESIAN_POINT ( 'NONE',  ( 4.000000000000000000, -8.087544543006945474, 15.34168760482228500 ) ) ;
#3314 = DIRECTION ( 'NONE',  ( 1.000000000000000000, 1.239088197126290570E-16, -0.000000000000000000 ) ) ;
#3315 = ORIENTED_EDGE ( 'NONE', *, *, #5496, .T. ) ;
#3316 = DIRECTION ( 'NONE',  ( -1.000000000000000000, 0.000000000000000000, 0.000000000000000000 ) ) ;
#3317 = EDGE_LOOP ( 'NONE', ( #5551, #5024 ) ) ;
#3318 = DIRECTION ( 'NONE',  ( 1.239088197126290570E-16, -1.000000000000000000, 0.000000000000000000 ) ) ;
#3319 = CIRCLE ( 'NONE', #2492, 1.650000000000000355 ) ;
#3320 = CARTESIAN_POINT ( 'NONE',  ( 0.5000000000000004441, -17.32982544119416701, 55.54168760482228606 ) ) ;
#3321 = LINE ( 'NONE', #392, #2363 ) ;
#3322 = ORIENTED_EDGE ( 'NONE', *, *, #5343, .T. ) ;
#3323 = CARTESIAN_POINT ( 'NONE',  ( 1.225000000000000089, -0.9999999999999950040, -34.20000000000000284 ) ) ;
#3324 = EDGE_CURVE ( 'NONE', #2096, #1110, #6127, .T. ) ;
#3325 = CARTESIAN_POINT ( 'NONE',  ( 7.002000000000005997, -16.74999999999999645, 39.00000000000000000 ) ) ;
#3326 = ORIENTED_EDGE ( 'NONE', *, *, #1642, .T. ) ;
#3327 = VECTOR ( 'NONE', #239, 1000.000000000000114 ) ;
#3328 = DIRECTION ( 'NONE',  ( 1.165692616471626958E-16, -0.9407664597040923393, 0.3390552584695133431 ) ) ;
#3329 = CARTESIAN_POINT ( 'NONE',  ( 4.000000000000000888, -16.24861579036490511, 53.34168760482229033 ) ) ;
#3330 = ORIENTED_EDGE ( 'NONE', *, *, #5986, .T. ) ;
#3331 = DIRECTION ( 'NONE',  ( 0.000000000000000000, -1.000000000000000000, -2.168404344971010594E-16 ) ) ;
#3332 = DIRECTION ( 'NONE',  ( 0.000000000000000000, 0.000000000000000000, 1.000000000000000000 ) ) ;
#3333 = ORIENTED_EDGE ( 'NONE', *, *, #2604, .T. ) ;
#3334 = ORIENTED_EDGE ( 'NONE', *, *, #3596, .F. ) ;
#3335 = CARTESIAN_POINT ( 'NONE',  ( 0.4999999999999990563, -12.46362969077260630, 35.01026416338211789 ) ) ;
#3336 = CARTESIAN_POINT ( 'NONE',  ( 0.4999999999999988343, -10.99999999999999822, -40.00100000000001188 ) ) ;
#3337 = EDGE_LOOP ( 'NONE', ( #3974, #2318, #3134, #5522, #6497, #103 ) ) ;
#3338 = CARTESIAN_POINT ( 'NONE',  ( 7.002000000000005109, -15.53963716630351222, 35.09386066807927307 ) ) ;
#3339 = EDGE_CURVE ( 'NONE', #80, #781, #3110, .T. ) ;
#3340 = FACE_OUTER_BOUND ( 'NONE', #2506, .T. ) ;
#3341 = LINE ( 'NONE', #1375, #3264 ) ;
#3342 = EDGE_LOOP ( 'NONE', ( #4504, #5361, #3356, #1750 ) ) ;
#3343 = CIRCLE ( 'NONE', #96, 2.049999999999999378 ) ;
#3344 = DIRECTION ( 'NONE',  ( -1.000000000000000000, -3.469446951953611107E-17, 0.000000000000000000 ) ) ;
#3345 = VERTEX_POINT ( 'NONE', #5557 ) ;
#3346 = DIRECTION ( 'NONE',  ( -1.000000000000000000, 0.000000000000000000, 9.757819552369541139E-17 ) ) ;
#3347 = CARTESIAN_POINT ( 'NONE',  ( 4.000000000000000000, -8.052613167763274404, 27.44098747291258888 ) ) ;
#3348 = PLANE ( 'NONE',  #255 ) ;
#3349 = VECTOR ( 'NONE', #1672, 1000.000000000000000 ) ;
#3350 = ORIENTED_EDGE ( 'NONE', *, *, #725, .T. ) ;
#3351 = VECTOR ( 'NONE', #6130, 1000.000000000000000 ) ;
#3352 = VECTOR ( 'NONE', #2633, 1000.000000000000000 ) ;
#3353 = FACE_OUTER_BOUND ( 'NONE', #3746, .T. ) ;
#3354 = DIRECTION ( 'NONE',  ( 0.000000000000000000, -1.000000000000000000, -1.577021341797097560E-16 ) ) ;
#3355 = ORIENTED_EDGE ( 'NONE', *, *, #6446, .F. ) ;
#3356 = ORIENTED_EDGE ( 'NONE', *, *, #448, .T. ) ;
#3357 = EDGE_CURVE ( 'NONE', #5647, #6443, #6047, .T. ) ;
#3358 = CARTESIAN_POINT ( 'NONE',  ( 4.000000000000003553, -7.299999999999998934, 15.34168760482228500 ) ) ;
#3359 =( LENGTH_UNIT ( ) NAMED_UNIT ( * ) SI_UNIT ( .MILLI., .METRE. ) );
#3360 = ORIENTED_EDGE ( 'NONE', *, *, #2240, .T. ) ;
#3361 = DIRECTION ( 'NONE',  ( 0.000000000000000000, 0.000000000000000000, -1.000000000000000000 ) ) ;
#3362 = AXIS2_PLACEMENT_3D ( 'NONE', #3087, #2171, #4171 ) ;
#3363 = EDGE_CURVE ( 'NONE', #3056, #7, #2770, .T. ) ;
#3364 = PLANE ( 'NONE',  #4014 ) ;
#3365 = ORIENTED_EDGE ( 'NONE', *, *, #4098, .F. ) ;
#3366 = ORIENTED_EDGE ( 'NONE', *, *, #1568, .F. ) ;
#3367 = EDGE_CURVE ( 'NONE', #5443, #4371, #3076, .T. ) ;
#3368 = PLANE ( 'NONE',  #8 ) ;
#3369 = ORIENTED_EDGE ( 'NONE', *, *, #5763, .T. ) ;
#3370 = CARTESIAN_POINT ( 'NONE',  ( 0.4999999999999992784, -14.91176836727676225, 64.48656371865978087 ) ) ;
#3371 = EDGE_LOOP ( 'NONE', ( #4962, #3425, #5555, #3080 ) ) ;
#3372 = DIRECTION ( 'NONE',  ( 1.000000000000000000, 3.252606517456513918E-17, -5.129429894497256509E-33 ) ) ;
#3373 = EDGE_CURVE ( 'NONE', #5375, #4169, #2034, .T. ) ;
#3374 = AXIS2_PLACEMENT_3D ( 'NONE', #5178, #4182, #2241 ) ;
#3375 = CARTESIAN_POINT ( 'NONE',  ( 0.000000000000000000, 0.000000000000000000, -26.35000000000000142 ) ) ;
#3376 = PLANE ( 'NONE',  #961 ) ;
#3377 = ORIENTED_EDGE ( 'NONE', *, *, #5413, .T. ) ;
#3378 = LINE ( 'NONE', #1313, #5000 ) ;
#3379 = DIRECTION ( 'NONE',  ( -1.000000000000000000, -1.239088197126290570E-16, 0.000000000000000000 ) ) ;
#3380 = PLANE ( 'NONE',  #2150 ) ;
#3381 = ADVANCED_FACE ( 'NONE', ( #4099 ), #1598, .F. ) ;
#3382 = ORIENTED_EDGE ( 'NONE', *, *, #5637, .F. ) ;
#3383 = CARTESIAN_POINT ( 'NONE',  ( 0.9999999999999995559, -6.499999999999999112, 24.65831239517770612 ) ) ;
#3384 = CARTESIAN_POINT ( 'NONE',  ( -63.03173803727769808, -6.500000000000001776, 27.71223167968818046 ) ) ;
#3385 = DIRECTION ( 'NONE',  ( 6.806311348934043525E-17, -0.6819983600625025844, 0.7313537016191666851 ) ) ;
#3386 = AXIS2_PLACEMENT_3D ( 'NONE', #295, #3344, #5803 ) ;
#3387 = ORIENTED_EDGE ( 'NONE', *, *, #1126, .F. ) ;
#3388 = ORIENTED_EDGE ( 'NONE', *, *, #2373, .F. ) ;
#3389 = CARTESIAN_POINT ( 'NONE',  ( 7.000000000000000000, -18.99999999999999645, -43.00000000000000000 ) ) ;
#3390 = VECTOR ( 'NONE', #2735, 1000.000000000000000 ) ;
#3391 = CIRCLE ( 'NONE', #575, 3.999999999999998224 ) ;
#3392 = LINE ( 'NONE', #402, #5471 ) ;
#3393 = VERTEX_POINT ( 'NONE', #3137 ) ;
#3394 = CARTESIAN_POINT ( 'NONE',  ( 0.9999999999999878986, 23.99999999999999645, -29.19999999999999929 ) ) ;
#3395 = DIRECTION ( 'NONE',  ( -1.355252715606883008E-16, 1.000000000000000000, 0.000000000000000000 ) ) ;
#3396 = ORIENTED_EDGE ( 'NONE', *, *, #1840, .T. ) ;
#3397 = ORIENTED_EDGE ( 'NONE', *, *, #3138, .T. ) ;
#3398 = AXIS2_PLACEMENT_3D ( 'NONE', #5776, #4694, #1684 ) ;
#3399 = DIRECTION ( 'NONE',  ( -1.000000000000000000, -3.252606517456513918E-17, 0.000000000000000000 ) ) ;
#3400 = ORIENTED_EDGE ( 'NONE', *, *, #1535, .T. ) ;
#3401 = LINE ( 'NONE', #5325, #5324 ) ;
#3402 = ORIENTED_EDGE ( 'NONE', *, *, #6040, .F. ) ;
#3403 = CARTESIAN_POINT ( 'NONE',  ( -4.501000000000007439, 24.00000000000000000, 47.50000000000000000 ) ) ;
#3404 = VECTOR ( 'NONE', #3631, 1000.000000000000000 ) ;
#3405 = ADVANCED_FACE ( 'NONE', ( #4761 ), #678, .F. ) ;
#3406 = VECTOR ( 'NONE', #6178, 1000.000000000000000 ) ;
#3407 = CARTESIAN_POINT ( 'NONE',  ( 2.724999999999999201, -15.99999999999999289, -38.00000000000000000 ) ) ;
#3408 = VERTEX_POINT ( 'NONE', #2779 ) ;
#3409 = EDGE_CURVE ( 'NONE', #4371, #3853, #5299, .T. ) ;
#3410 = LINE ( 'NONE', #5800, #2228 ) ;
#3411 = EDGE_LOOP ( 'NONE', ( #4930, #4558 ) ) ;
#3412 = VECTOR ( 'NONE', #3590, 1000.000000000000000 ) ;
#3413 = DIRECTION ( 'NONE',  ( -1.000000000000000000, -3.469446951953612956E-17, 0.000000000000000000 ) ) ;
#3414 = LINE ( 'NONE', #5500, #5152 ) ;
#3415 = DIRECTION ( 'NONE',  ( 0.000000000000000000, -1.000000000000000000, 0.000000000000000000 ) ) ;
#3416 = LINE ( 'NONE', #5438, #1206 ) ;
#3417 = VERTEX_POINT ( 'NONE', #4191 ) ;
#3418 = EDGE_CURVE ( 'NONE', #1412, #1428, #6219, .T. ) ;
#3419 = VECTOR ( 'NONE', #514, 1000.000000000000000 ) ;
#3420 = ADVANCED_FACE ( 'NONE', ( #2186 ), #2690, .F. ) ;
#3421 = DIRECTION ( 'NONE',  ( 1.000000000000000000, 3.252606517456513918E-17, 0.000000000000000000 ) ) ;
#3422 = CARTESIAN_POINT ( 'NONE',  ( 7.000000000000000000, 3.999999999999998224, 60.85000000000000142 ) ) ;
#3423 = DIRECTION ( 'NONE',  ( 0.000000000000000000, -1.000000000000000000, 0.000000000000000000 ) ) ;
#3424 = EDGE_LOOP ( 'NONE', ( #4896, #715, #5218, #3437, #1853, #1783, #779, #4328, #3662, #4781 ) ) ;
#3425 = ORIENTED_EDGE ( 'NONE', *, *, #2101, .T. ) ;
#3426 = DIRECTION ( 'NONE',  ( -1.000000000000000000, -3.469446951953611107E-17, 0.000000000000000000 ) ) ;
#3427 = DIRECTION ( 'NONE',  ( -3.469446951953612956E-17, 1.000000000000000000, -0.000000000000000000 ) ) ;
#3428 = ORIENTED_EDGE ( 'NONE', *, *, #4170, .T. ) ;
#3429 = CARTESIAN_POINT ( 'NONE',  ( 7.000000000000000000, -15.99999999999999289, -43.00000000000000000 ) ) ;
#3430 = CARTESIAN_POINT ( 'NONE',  ( 4.000000000000000000, -10.42530236141373834, 42.25511610993393674 ) ) ;
#3431 = EDGE_CURVE ( 'NONE', #4012, #842, #2717, .T. ) ;
#3432 = VERTEX_POINT ( 'NONE', #4666 ) ;
#3433 = ORIENTED_EDGE ( 'NONE', *, *, #3851, .T. ) ;
#3434 = CARTESIAN_POINT ( 'NONE',  ( 3.499999999999995115, -15.99999999999999645, 19.99999999999999289 ) ) ;
#3435 = ORIENTED_EDGE ( 'NONE', *, *, #2573, .F. ) ;
#3436 = PLANE ( 'NONE',  #2037 ) ;
#3437 = ORIENTED_EDGE ( 'NONE', *, *, #1427, .T. ) ;
#3438 = DIRECTION ( 'NONE',  ( 0.000000000000000000, -0.7313537016191666851, -0.6819983600625025844 ) ) ;
#3439 = FACE_OUTER_BOUND ( 'NONE', #314, .T. ) ;
#3440 = ORIENTED_EDGE ( 'NONE', *, *, #2925, .T. ) ;
#3441 = LINE ( 'NONE', #4934, #3067 ) ;
#3442 = ORIENTED_EDGE ( 'NONE', *, *, #3373, .F. ) ;
#3443 = ADVANCED_FACE ( 'NONE', ( #3758 ), #5717, .T. ) ;
#3444 = CARTESIAN_POINT ( 'NONE',  ( 1.000000000000000888, -7.299999999999999822, 16.24526502967733421 ) ) ;
#3445 = EDGE_CURVE ( 'NONE', #5887, #2419, #278, .T. ) ;
#3446 = CARTESIAN_POINT ( 'NONE',  ( 0.5000000000000004441, -18.20000000000000284, 27.71223167968817336 ) ) ;
#3447 = DIRECTION ( 'NONE',  ( -4.499821325281053418E-17, 0.3390552584695133986, 0.9407664597040923393 ) ) ;
#3448 = DIRECTION ( 'NONE',  ( -3.252606517456513918E-17, 1.000000000000000000, 0.000000000000000000 ) ) ;
#3449 = DIRECTION ( 'NONE',  ( -1.000000000000000000, -3.469446951953611107E-17, 0.000000000000000000 ) ) ;
#3450 = ORIENTED_EDGE ( 'NONE', *, *, #1122, .F. ) ;
#3451 = VECTOR ( 'NONE', #594, 1000.000000000000000 ) ;
#3452 = DIRECTION ( 'NONE',  ( 0.000000000000000000, -1.000000000000000000, 0.000000000000000000 ) ) ;
#3453 = LINE ( 'NONE', #5606, #3659 ) ;
#3454 = AXIS2_PLACEMENT_3D ( 'NONE', #6231, #2670, #165 ) ;
#3455 = EDGE_LOOP ( 'NONE', ( #1333, #3479, #4986, #5790 ) ) ;
#3456 = VERTEX_POINT ( 'NONE', #6188 ) ;
#3457 = CARTESIAN_POINT ( 'NONE',  ( 1.999999999999999112, 6.499999999999996447, 4.000000000000000888 ) ) ;
#3458 = DIRECTION ( 'NONE',  ( -1.355252715606879803E-16, 1.000000000000000000, 0.000000000000000000 ) ) ;
#3459 = EDGE_CURVE ( 'NONE', #408, #585, #3391, .T. ) ;
#3460 = EDGE_LOOP ( 'NONE', ( #1191, #508, #6163, #5537 ) ) ;
#3461 = CARTESIAN_POINT ( 'NONE',  ( -0.5000000000000082157, 27.19999999999999574, -16.33699999999999974 ) ) ;
#3462 = AXIS2_PLACEMENT_3D ( 'NONE', #596, #1638, #3702 ) ;
#3463 = CARTESIAN_POINT ( 'NONE',  ( 0.4999999999999989453, -12.20000000000000107, -4.000000000000000000 ) ) ;
#3464 = VECTOR ( 'NONE', #835, 1000.000000000000000 ) ;
#3465 = ORIENTED_EDGE ( 'NONE', *, *, #5652, .T. ) ;
#3466 = EDGE_CURVE ( 'NONE', #1253, #1949, #3696, .T. ) ;
#3467 = ORIENTED_EDGE ( 'NONE', *, *, #271, .F. ) ;
#3468 = EDGE_CURVE ( 'NONE', #2429, #6102, #1227, .T. ) ;
#3469 = CARTESIAN_POINT ( 'NONE',  ( -4.501000000000010992, -15.99999999999999645, -31.59999999999999787 ) ) ;
#3470 = FACE_OUTER_BOUND ( 'NONE', #2460, .T. ) ;
#3471 = EDGE_CURVE ( 'NONE', #438, #4371, #2575, .T. ) ;
#3472 = VECTOR ( 'NONE', #2608, 1000.000000000000000 ) ;
#3473 = ORIENTED_EDGE ( 'NONE', *, *, #3367, .T. ) ;
#3474 = CARTESIAN_POINT ( 'NONE',  ( 7.000000000000000000, 18.99999999999999645, -29.19999999999999929 ) ) ;
#3475 = ORIENTED_EDGE ( 'NONE', *, *, #3744, .T. ) ;
#3476 = DIRECTION ( 'NONE',  ( -0.000000000000000000, -1.577021341797097560E-16, 1.000000000000000000 ) ) ;
#3477 = LINE ( 'NONE', #2469, #1678 ) ;
#3478 = ORIENTED_EDGE ( 'NONE', *, *, #2494, .T. ) ;
#3479 = ORIENTED_EDGE ( 'NONE', *, *, #5507, .F. ) ;
#3480 = DIRECTION ( 'NONE',  ( 0.000000000000000000, -4.523398894333264428E-17, 1.000000000000000000 ) ) ;
#3481 = AXIS2_PLACEMENT_3D ( 'NONE', #1234, #3270, #3865 ) ;
#3482 = AXIS2_PLACEMENT_3D ( 'NONE', #2106, #3677, #6200 ) ;
#3483 = CARTESIAN_POINT ( 'NONE',  ( 1.000000000000000000, -12.75000000000000000, 40.47468587349739266 ) ) ;
#3484 = CARTESIAN_POINT ( 'NONE',  ( 4.000000000000003553, -18.20000000000000284, 6.896422575144953271 ) ) ;
#3485 = LINE ( 'NONE', #1087, #989 ) ;
#3486 = AXIS2_PLACEMENT_3D ( 'NONE', #362, #6428, #5935 ) ;
#3487 = CARTESIAN_POINT ( 'NONE',  ( 4.000000000000000000, -9.251384209635093114, 53.34168760482229033 ) ) ;
#3488 = EDGE_CURVE ( 'NONE', #4474, #6185, #2255, .T. ) ;
#3489 = DIRECTION ( 'NONE',  ( -1.000000000000000000, -1.239088197126290570E-16, 0.000000000000000000 ) ) ;
#3490 = DIRECTION ( 'NONE',  ( -0.000000000000000000, -1.000000000000000000, -2.168404344971010840E-16 ) ) ;
#3491 = ADVANCED_FACE ( 'NONE', ( #652 ), #5280, .F. ) ;
#3492 = VERTEX_POINT ( 'NONE', #4257 ) ;
#3493 = ORIENTED_EDGE ( 'NONE', *, *, #6091, .T. ) ;
#3494 = CARTESIAN_POINT ( 'NONE',  ( 1.225000000000000089, -0.9999999999999935607, -44.31187420807833632 ) ) ;
#3495 = LINE ( 'NONE', #5549, #6320 ) ;
#3496 = CARTESIAN_POINT ( 'NONE',  ( 4.225000000000000533, -2.999999999999997335, -34.20000000000000284 ) ) ;
#3497 = ORIENTED_EDGE ( 'NONE', *, *, #4135, .F. ) ;
#3498 = DIRECTION ( 'NONE',  ( -1.000000000000000000, 0.000000000000000000, 9.757819552369541139E-17 ) ) ;
#3499 = DIRECTION ( 'NONE',  ( -1.000000000000000000, -3.252606517456513918E-17, 0.000000000000000000 ) ) ;
#3500 = ORIENTED_EDGE ( 'NONE', *, *, #3149, .F. ) ;
#3501 = ORIENTED_EDGE ( 'NONE', *, *, #723, .F. ) ;
#3502 = AXIS2_PLACEMENT_3D ( 'NONE', #554, #5527, #115 ) ;
#3503 = FACE_OUTER_BOUND ( 'NONE', #3337, .T. ) ;
#3504 = DIRECTION ( 'NONE',  ( 0.000000000000000000, 0.000000000000000000, 1.000000000000000000 ) ) ;
#3505 = VECTOR ( 'NONE', #5023, 1000.000000000000000 ) ;
#3506 = ORIENTED_EDGE ( 'NONE', *, *, #4655, .F. ) ;
#3507 = DIRECTION ( 'NONE',  ( 1.000000000000000000, 0.000000000000000000, 0.000000000000000000 ) ) ;
#3508 = EDGE_LOOP ( 'NONE', ( #2102, #2166, #2277, #6252 ) ) ;
#3509 = DIRECTION ( 'NONE',  ( -1.000000000000000000, -3.469446951953612956E-17, 0.000000000000000000 ) ) ;
#3510 = DIRECTION ( 'NONE',  ( -1.355252715606883008E-16, 1.000000000000000000, 0.000000000000000000 ) ) ;
#3511 = ORIENTED_EDGE ( 'NONE', *, *, #1002, .F. ) ;
#3512 = AXIS2_PLACEMENT_3D ( 'NONE', #4410, #5407, #2929 ) ;
#3513 = EDGE_CURVE ( 'NONE', #610, #4262, #5727, .T. ) ;
#3514 = ORIENTED_EDGE ( 'NONE', *, *, #4437, .T. ) ;
#3515 = AXIS2_PLACEMENT_3D ( 'NONE', #3562, #1032, #4598 ) ;
#3516 = CARTESIAN_POINT ( 'NONE',  ( 0.4999999999999988343, -13.84625753883615040, 43.51643879716585417 ) ) ;
#3517 = AXIS2_PLACEMENT_3D ( 'NONE', #1522, #3915, #1904 ) ;
#3518 = VECTOR ( 'NONE', #2405, 1000.000000000000000 ) ;
#3519 = DIRECTION ( 'NONE',  ( -1.000000000000000000, 0.000000000000000000, 9.757819552369541139E-17 ) ) ;
#3520 = LINE ( 'NONE', #6464, #635 ) ;
#3521 = LINE ( 'NONE', #5045, #3272 ) ;
#3522 = ADVANCED_FACE ( 'NONE', ( #1749 ), #2659, .F. ) ;
#3523 = FACE_OUTER_BOUND ( 'NONE', #283, .T. ) ;
#3524 = EDGE_CURVE ( 'NONE', #3021, #6398, #1661, .T. ) ;
#3525 = DIRECTION ( 'NONE',  ( 0.000000000000000000, -1.000000000000000000, -2.168404344971010594E-16 ) ) ;
#3526 = ORIENTED_EDGE ( 'NONE', *, *, #3934, .F. ) ;
#3527 = EDGE_LOOP ( 'NONE', ( #89, #5723, #3788, #2599 ) ) ;
#3528 = CARTESIAN_POINT ( 'NONE',  ( 0.4999999999999987232, -10.58823163272325196, 61.17174867651791459 ) ) ;
#3529 = ADVANCED_FACE ( 'NONE', ( #4419 ), #5378, .T. ) ;
#3530 = LINE ( 'NONE', #4456, #1586 ) ;
#3531 = CARTESIAN_POINT ( 'NONE',  ( 19.72792206135787296, 4.500000000000004441, 58.02786404500042039 ) ) ;
#3532 = ORIENTED_EDGE ( 'NONE', *, *, #441, .T. ) ;
#3533 = DIRECTION ( 'NONE',  ( 0.000000000000000000, 0.7071067811865426878, 0.7071067811865524577 ) ) ;
#3534 = DIRECTION ( 'NONE',  ( 1.000000000000000000, 3.469446951953611107E-17, -0.000000000000000000 ) ) ;
#3535 = ORIENTED_EDGE ( 'NONE', *, *, #4586, .F. ) ;
#3536 = VECTOR ( 'NONE', #2883, 1000.000000000000000 ) ;
#3537 = ORIENTED_EDGE ( 'NONE', *, *, #220, .F. ) ;
#3538 = CARTESIAN_POINT ( 'NONE',  ( 2.999999999999999112, -8.849999999999999645, 71.00000000000000000 ) ) ;
#3539 = LINE ( 'NONE', #2946, #475 ) ;
#3540 = EDGE_LOOP ( 'NONE', ( #5132, #1857 ) ) ;
#3541 = CARTESIAN_POINT ( 'NONE',  ( 1.225000000000000089, -10.99999999999999822, -24.20000000000000639 ) ) ;
#3542 = EDGE_LOOP ( 'NONE', ( #4075, #5757, #3791, #6453 ) ) ;
#3543 = CARTESIAN_POINT ( 'NONE',  ( 2.724999999999999201, -15.99999999999999645, -31.09999999999999432 ) ) ;
#3544 = DIRECTION ( 'NONE',  ( -1.165692616471626465E-16, 0.9407664597040922283, -0.3390552584695133986 ) ) ;
#3545 = ORIENTED_EDGE ( 'NONE', *, *, #75, .T. ) ;
#3546 = ORIENTED_EDGE ( 'NONE', *, *, #2981, .F. ) ;
#3547 = EDGE_CURVE ( 'NONE', #1825, #4852, #4779, .T. ) ;
#3548 = LINE ( 'NONE', #5538, #4112 ) ;
#3549 = CYLINDRICAL_SURFACE ( 'NONE', #5948, 0.8000000000000003775 ) ;
#3550 = DIRECTION ( 'NONE',  ( -0.000000000000000000, -0.000000000000000000, -1.000000000000000000 ) ) ;
#3551 = DIRECTION ( 'NONE',  ( -3.469446951953612956E-17, 1.000000000000000000, -0.000000000000000000 ) ) ;
#3552 = DIRECTION ( 'NONE',  ( 0.000000000000000000, -1.000000000000000000, 0.000000000000000000 ) ) ;
#3553 = ADVANCED_FACE ( 'NONE', ( #3861 ), #1878, .F. ) ;
#3554 = DIRECTION ( 'NONE',  ( 6.860550053034503961E-17, -0.7313537016191691276, -0.6819983600624999198 ) ) ;
#3555 = DIRECTION ( 'NONE',  ( 0.000000000000000000, 0.000000000000000000, 1.000000000000000000 ) ) ;
#3556 = VERTEX_POINT ( 'NONE', #5820 ) ;
#3557 = VECTOR ( 'NONE', #6194, 1000.000000000000114 ) ;
#3558 = PLANE ( 'NONE',  #6077 ) ;
#3559 = CARTESIAN_POINT ( 'NONE',  ( 3.500000000000000000, -16.00000000000000711, 57.99999999999998579 ) ) ;
#3560 = VERTEX_POINT ( 'NONE', #4855 ) ;
#3561 = CARTESIAN_POINT ( 'NONE',  ( 4.000000000000000000, -19.00000000000000355, 4.000000000000000000 ) ) ;
#3562 = CARTESIAN_POINT ( 'NONE',  ( 3.499999999999995115, -15.99999999999999645, 19.99999999999999289 ) ) ;
#3563 = VERTEX_POINT ( 'NONE', #5881 ) ;
#3564 = AXIS2_PLACEMENT_3D ( 'NONE', #2823, #2796, #2304 ) ;
#3565 = DIRECTION ( 'NONE',  ( 1.000000000000000000, 3.252606517456513918E-17, -0.000000000000000000 ) ) ;
#3566 = CARTESIAN_POINT ( 'NONE',  ( 1.999999999999999556, -4.500000000000000000, 4.000000000000000000 ) ) ;
#3567 = VERTEX_POINT ( 'NONE', #6340 ) ;
#3568 = DIRECTION ( 'NONE',  ( -0.000000000000000000, 1.000000000000000000, 0.000000000000000000 ) ) ;
#3569 = VERTEX_POINT ( 'NONE', #6439 ) ;
#3570 = VECTOR ( 'NONE', #1786, 1000.000000000000114 ) ;
#3571 = LINE ( 'NONE', #1169, #1817 ) ;
#3572 = FACE_OUTER_BOUND ( 'NONE', #22, .T. ) ;
#3573 = ORIENTED_EDGE ( 'NONE', *, *, #195, .T. ) ;
#3574 = EDGE_CURVE ( 'NONE', #1079, #174, #339, .T. ) ;
#3575 = ORIENTED_EDGE ( 'NONE', *, *, #6244, .F. ) ;
#3576 = VECTOR ( 'NONE', #212, 1000.000000000000000 ) ;
#3577 = COLOUR_RGB ( '',0.7921568627450980005, 0.8196078431372548767, 0.9333333333333333481 ) ;
#3578 = CARTESIAN_POINT ( 'NONE',  ( -4.500000000000008882, 22.00000000000000000, -29.19999999999999929 ) ) ;
#3579 = VECTOR ( 'NONE', #1594, 1000.000000000000000 ) ;
#3580 = CARTESIAN_POINT ( 'NONE',  ( 7.002000000000005997, -18.08243860895744604, 22.72955660195331618 ) ) ;
#3581 = CARTESIAN_POINT ( 'NONE',  ( 1.000000000000000000, -17.32982544119417057, 22.45831239517770328 ) ) ;
#3582 = ADVANCED_FACE ( 'NONE', ( #1812 ), #5445, .T. ) ;
#3583 = FACE_OUTER_BOUND ( 'NONE', #2806, .T. ) ;
#3584 = CYLINDRICAL_SURFACE ( 'NONE', #4235, 0.7999999999999986011 ) ;
#3585 = ADVANCED_FACE ( 'NONE', ( #3297 ), #1911, .T. ) ;
#3586 = LINE ( 'NONE', #4983, #254 ) ;
#3587 = PLANE ( 'NONE',  #198 ) ;
#3588 = AXIS2_PLACEMENT_3D ( 'NONE', #4514, #2076, #3448 ) ;
#3589 = VERTEX_POINT ( 'NONE', #804 ) ;
#3590 = DIRECTION ( 'NONE',  ( -0.000000000000000000, -1.577021341797097560E-16, 1.000000000000000000 ) ) ;
#3591 = LINE ( 'NONE', #3531, #5837 ) ;
#3592 = ORIENTED_EDGE ( 'NONE', *, *, #641, .T. ) ;
#3593 = CARTESIAN_POINT ( 'NONE',  ( 7.000000000000000000, -10.69999999999999929, 39.00000000000000000 ) ) ;
#3594 = DIRECTION ( 'NONE',  ( 2.168404344971009854E-16, -1.000000000000000000, 0.000000000000000000 ) ) ;
#3595 = ORIENTED_EDGE ( 'NONE', *, *, #5512, .F. ) ;
#3596 = EDGE_CURVE ( 'NONE', #5356, #3218, #374, .T. ) ;
#3597 = CARTESIAN_POINT ( 'NONE',  ( -64.14711903867025455, -18.20000000000000639, 60.45831239517769262 ) ) ;
#3598 = DIRECTION ( 'NONE',  ( 0.000000000000000000, 1.084202172485504434E-16, 1.000000000000000000 ) ) ;
#3599 = EDGE_LOOP ( 'NONE', ( #5785, #2837, #3640, #4386 ) ) ;
#3600 = PLANE ( 'NONE',  #4417 ) ;
#3601 = ORIENTED_EDGE ( 'NONE', *, *, #1653, .F. ) ;
#3602 = DIRECTION ( 'NONE',  ( 0.000000000000000000, 0.000000000000000000, 1.000000000000000000 ) ) ;
#3603 = LINE ( 'NONE', #3117, #1256 ) ;
#3604 = EDGE_LOOP ( 'NONE', ( #3180, #219, #3511, #489 ) ) ;
#3605 = CIRCLE ( 'NONE', #6251, 1.649999999999998579 ) ;
#3606 = ORIENTED_EDGE ( 'NONE', *, *, #3962, .F. ) ;
#3607 = VECTOR ( 'NONE', #5456, 1000.000000000000000 ) ;
#3608 = PLANE ( 'NONE',  #1162 ) ;
#3609 = EDGE_CURVE ( 'NONE', #557, #3569, #3890, .T. ) ;
#3610 = VECTOR ( 'NONE', #4954, 1000.000000000000000 ) ;
#3611 = DIRECTION ( 'NONE',  ( 1.000000000000000000, 0.000000000000000000, 0.000000000000000000 ) ) ;
#3612 = EDGE_CURVE ( 'NONE', #5439, #2752, #2320, .T. ) ;
#3613 = AXIS2_PLACEMENT_3D ( 'NONE', #5118, #607, #2010 ) ;
#3614 = DIRECTION ( 'NONE',  ( -1.000000000000000000, 6.505213034913025371E-17, -0.000000000000000000 ) ) ;
#3615 = VECTOR ( 'NONE', #1379, 1000.000000000000000 ) ;
#3616 = CARTESIAN_POINT ( 'NONE',  ( -64.14711903867025455, -15.34981716550030484, 65.20000000000000284 ) ) ;
#3617 = FACE_OUTER_BOUND ( 'NONE', #1593, .T. ) ;
#3618 = AXIS2_PLACEMENT_3D ( 'NONE', #4938, #4909, #422 ) ;
#3619 = CARTESIAN_POINT ( 'NONE',  ( 0.9999999999999895639, 23.99999999999999645, 7.800000000000005151 ) ) ;
#3620 = DIRECTION ( 'NONE',  ( -1.000000000000000000, -3.252606517456513918E-17, 0.000000000000000000 ) ) ;
#3621 = CARTESIAN_POINT ( 'NONE',  ( 4.000000000000000000, -18.20000000000000284, 51.08776832031181669 ) ) ;
#3622 = CIRCLE ( 'NONE', #3943, 0.7999999999999986011 ) ;
#3623 = ORIENTED_EDGE ( 'NONE', *, *, #3224, .F. ) ;
#3624 = CARTESIAN_POINT ( 'NONE',  ( -64.14711903867025455, -18.20000000000000639, 6.896422575144960376 ) ) ;
#3625 = LINE ( 'NONE', #512, #572 ) ;
#3626 = ORIENTED_EDGE ( 'NONE', *, *, #4025, .F. ) ;
#3627 = DIRECTION ( 'NONE',  ( 1.000000000000000000, -0.000000000000000000, -0.000000000000000000 ) ) ;
#3628 = ORIENTED_EDGE ( 'NONE', *, *, #4217, .F. ) ;
#3629 = DIRECTION ( 'NONE',  ( 0.000000000000000000, -1.577021341797097560E-16, 1.000000000000000000 ) ) ;
#3630 = EDGE_CURVE ( 'NONE', #4710, #1253, #252, .T. ) ;
#3631 = DIRECTION ( 'NONE',  ( 0.000000000000000000, -1.000000000000000000, 0.000000000000000000 ) ) ;
#3632 = AXIS2_PLACEMENT_3D ( 'NONE', #5561, #1925, #940 ) ;
#3633 = VECTOR ( 'NONE', #2525, 1000.000000000000000 ) ;
#3634 = ORIENTED_EDGE ( 'NONE', *, *, #1323, .T. ) ;
#3635 = LINE ( 'NONE', #3141, #423 ) ;
#3636 = ORIENTED_EDGE ( 'NONE', *, *, #4908, .T. ) ;
#3637 = CARTESIAN_POINT ( 'NONE',  ( 0.9999999999999995559, -6.500000000000000000, 15.44526502967733705 ) ) ;
#3638 = LINE ( 'NONE', #5658, #4104 ) ;
#3639 = VERTEX_POINT ( 'NONE', #3389 ) ;
#3640 = ORIENTED_EDGE ( 'NONE', *, *, #4238, .T. ) ;
#3641 = CARTESIAN_POINT ( 'NONE',  ( 0.4999999999999990563, -13.03637030922739548, 35.01026416338211789 ) ) ;
#3642 = CYLINDRICAL_SURFACE ( 'NONE', #1356, 2.000000000000000000 ) ;
#3643 = VECTOR ( 'NONE', #4384, 1000.000000000000000 ) ;
#3644 = LINE ( 'NONE', #2199, #4222 ) ;
#3645 = ADVANCED_FACE ( 'NONE', ( #5414 ), #2417, .F. ) ;
#3646 = EDGE_CURVE ( 'NONE', #4922, #2297, #3825, .T. ) ;
#3647 = CYLINDRICAL_SURFACE ( 'NONE', #458, 2.049999999999999822 ) ;
#3648 = ORIENTED_EDGE ( 'NONE', *, *, #1821, .T. ) ;
#3649 = VERTEX_POINT ( 'NONE', #4353 ) ;
#3650 = LINE ( 'NONE', #268, #1208 ) ;
#3651 = LINE ( 'NONE', #172, #1801 ) ;
#3652 = EDGE_CURVE ( 'NONE', #4831, #4474, #401, .T. ) ;
#3653 = ORIENTED_EDGE ( 'NONE', *, *, #6135, .F. ) ;
#3654 = DIRECTION ( 'NONE',  ( 0.000000000000000000, 0.000000000000000000, -1.000000000000000000 ) ) ;
#3655 = DIRECTION ( 'NONE',  ( 1.000000000000000000, 0.000000000000000000, -0.000000000000000000 ) ) ;
#3656 = ORIENTED_EDGE ( 'NONE', *, *, #6244, .T. ) ;
#3657 = CARTESIAN_POINT ( 'NONE',  ( 0.5000000000000004441, -7.299999999999998934, 51.08776832031180248 ) ) ;
#3658 = ORIENTED_EDGE ( 'NONE', *, *, #3242, .T. ) ;
#3659 = VECTOR ( 'NONE', #5545, 1000.000000000000000 ) ;
#3660 = DIRECTION ( 'NONE',  ( 7.126126975354584245E-17, 1.000000000000000000, -0.000000000000000000 ) ) ;
#3661 = CARTESIAN_POINT ( 'NONE',  ( 4.500000000000000888, 7.999999999999992895, -14.20000000000000284 ) ) ;
#3662 = ORIENTED_EDGE ( 'NONE', *, *, #5736, .T. ) ;
#3663 = DIRECTION ( 'NONE',  ( 0.000000000000000000, 0.000000000000000000, 1.000000000000000000 ) ) ;
#3664 = EDGE_LOOP ( 'NONE', ( #4539, #2711 ) ) ;
#3665 = CARTESIAN_POINT ( 'NONE',  ( 4.500000000000000888, 15.49999999999999645, 17.80000000000000071 ) ) ;
#3666 = CARTESIAN_POINT ( 'NONE',  ( 3.500000000000000444, -15.99999999999998934, -18.00000000000000711 ) ) ;
#3667 = AXIS2_PLACEMENT_3D ( 'NONE', #3742, #4334, #849 ) ;
#3668 = EDGE_LOOP ( 'NONE', ( #4193, #4006, #1397, #2884, #4080, #4540 ) ) ;
#3669 = EDGE_CURVE ( 'NONE', #3210, #5517, #4692, .T. ) ;
#3670 = ORIENTED_EDGE ( 'NONE', *, *, #5151, .F. ) ;
#3671 = AXIS2_PLACEMENT_3D ( 'NONE', #2165, #3663, #4733 ) ;
#3672 = EDGE_CURVE ( 'NONE', #1354, #1886, #694, .T. ) ;
#3673 = EDGE_CURVE ( 'NONE', #4592, #2953, #4058, .T. ) ;
#3674 = DIRECTION ( 'NONE',  ( 3.469446951953611107E-17, -1.000000000000000000, 0.000000000000000000 ) ) ;
#3675 = VECTOR ( 'NONE', #415, 1000.000000000000000 ) ;
#3676 = DIRECTION ( 'NONE',  ( 1.355252715606881036E-16, -1.000000000000000000, 0.000000000000000000 ) ) ;
#3677 = DIRECTION ( 'NONE',  ( 0.000000000000000000, 0.000000000000000000, -1.000000000000000000 ) ) ;
#3678 = VECTOR ( 'NONE', #3480, 1000.000000000000000 ) ;
#3679 = CARTESIAN_POINT ( 'NONE',  ( 7.000000000000000000, -14.79999999999999893, 39.00000000000000000 ) ) ;
#3680 = ORIENTED_EDGE ( 'NONE', *, *, #2981, .T. ) ;
#3681 = VERTEX_POINT ( 'NONE', #2521 ) ;
#3682 = AXIS2_PLACEMENT_3D ( 'NONE', #6138, #4679, #4201 ) ;
#3683 = LINE ( 'NONE', #3189, #2587 ) ;
#3684 = DIRECTION ( 'NONE',  ( 1.000000000000000000, 0.000000000000000000, 0.000000000000000000 ) ) ;
#3685 = CARTESIAN_POINT ( 'NONE',  ( -0.5000000000000073275, 25.99999999999999645, -9.337000000000001521 ) ) ;
#3686 = ORIENTED_EDGE ( 'NONE', *, *, #2084, .T. ) ;
#3687 = AXIS2_PLACEMENT_3D ( 'NONE', #5989, #1465, #3395 ) ;
#3688 = CARTESIAN_POINT ( 'NONE',  ( 2.999999999999999112, -10.50000000000000178, 71.00000000000000000 ) ) ;
#3689 = ADVANCED_FACE ( 'NONE', ( #2452 ), #3069, .T. ) ;
#3690 = EDGE_LOOP ( 'NONE', ( #1571, #913 ) ) ;
#3691 = CARTESIAN_POINT ( 'NONE',  ( 6.225000000000000533, 3.100000000000000977, -28.50000000000000355 ) ) ;
#3692 = CIRCLE ( 'NONE', #3374, 2.000000000000001776 ) ;
#3693 = EDGE_CURVE ( 'NONE', #1103, #1030, #4989, .T. ) ;
#3694 = ORIENTED_EDGE ( 'NONE', *, *, #4990, .T. ) ;
#3695 = VECTOR ( 'NONE', #3284, 1000.000000000000000 ) ;
#3696 = LINE ( 'NONE', #180, #4455 ) ;
#3697 = CARTESIAN_POINT ( 'NONE',  ( 0.4999999999999995559, -17.00000000000000000, -15.30000000000000071 ) ) ;
#3698 = VERTEX_POINT ( 'NONE', #3528 ) ;
#3699 = DIRECTION ( 'NONE',  ( 0.000000000000000000, 0.000000000000000000, -1.000000000000000000 ) ) ;
#3700 = ORIENTED_EDGE ( 'NONE', *, *, #358, .F. ) ;
#3701 = LINE ( 'NONE', #5102, #3451 ) ;
#3702 = DIRECTION ( 'NONE',  ( 0.000000000000000000, 0.000000000000000000, 1.000000000000000000 ) ) ;
#3703 = ORIENTED_EDGE ( 'NONE', *, *, #90, .F. ) ;
#3704 = ORIENTED_EDGE ( 'NONE', *, *, #1422, .T. ) ;
#3705 = FACE_OUTER_BOUND ( 'NONE', #6136, .T. ) ;
#3706 = CIRCLE ( 'NONE', #873, 0.8000000000000003775 ) ;
#3707 = CARTESIAN_POINT ( 'NONE',  ( 3.000000000000006217, -22.50000000000001421, 75.00000000000000000 ) ) ;
#3708 = CARTESIAN_POINT ( 'NONE',  ( 3.500000000000000444, -22.49999999999999289, -18.00000000000000711 ) ) ;
#3709 = FACE_OUTER_BOUND ( 'NONE', #3191, .T. ) ;
#3710 = VECTOR ( 'NONE', #23, 1000.000000000000000 ) ;
#3711 = AXIS2_PLACEMENT_3D ( 'NONE', #3597, #5618, #770 ) ;
#3713 = ORIENTED_EDGE ( 'NONE', *, *, #5716, .F. ) ;
#3712 = EDGE_CURVE ( 'NONE', #5195, #5887, #6512, .T. ) ;
#3714 = ORIENTED_EDGE ( 'NONE', *, *, #233, .F. ) ;
#3715 = AXIS2_PLACEMENT_3D ( 'NONE', #1476, #2504, #6494 ) ;
#3716 = CARTESIAN_POINT ( 'NONE',  ( 0.4999999999999995559, -17.00000000000000000, -11.20000000000000107 ) ) ;
#3717 = EDGE_CURVE ( 'NONE', #4090, #5647, #996, .T. ) ;
#3718 = CYLINDRICAL_SURFACE ( 'NONE', #5179, 0.8000000000000020428 ) ;
#3719 = DIRECTION ( 'NONE',  ( -1.000000000000000000, -1.239088197126290324E-16, 1.954068531237048912E-32 ) ) ;
#3720 = ORIENTED_EDGE ( 'NONE', *, *, #3176, .F. ) ;
#3721 = VECTOR ( 'NONE', #100, 1000.000000000000000 ) ;
#3722 = ADVANCED_FACE ( 'NONE', ( #5548 ), #44, .F. ) ;
#3723 = AXIS2_PLACEMENT_3D ( 'NONE', #4427, #4964, #6031 ) ;
#3724 = DIRECTION ( 'NONE',  ( -1.000000000000000000, 0.000000000000000000, 9.306456416184587030E-17 ) ) ;
#3725 = EDGE_LOOP ( 'NONE', ( #3979, #2734, #6449, #3315, #5453, #3261 ) ) ;
#3726 = LINE ( 'NONE', #5752, #751 ) ;
#3727 = CIRCLE ( 'NONE', #4787, 0.7999999999999986011 ) ;
#3728 = ORIENTED_EDGE ( 'NONE', *, *, #3138, .F. ) ;
#3729 = AXIS2_PLACEMENT_3D ( 'NONE', #3624, #4155, #5122 ) ;
#3730 = EDGE_CURVE ( 'NONE', #4110, #3432, #2015, .T. ) ;
#3731 = PRODUCT_DEFINITION_CONTEXT ( 'detailed design', #3290, 'design' ) ;
#3732 = CARTESIAN_POINT ( 'NONE',  ( 4.000000000000000000, -13.09364437107287316, 43.78768300394146706 ) ) ;
#3733 = ORIENTED_EDGE ( 'NONE', *, *, #4243, .F. ) ;
#3734 = CARTESIAN_POINT ( 'NONE',  ( 7.000000000000000000, -17.00000000000000000, -11.20000000000000107 ) ) ;
#3735 = EDGE_LOOP ( 'NONE', ( #5705, #3168, #4913, #5069 ) ) ;
#3736 = PLANE ( 'NONE',  #3240 ) ;
#3737 = CARTESIAN_POINT ( 'NONE',  ( -64.14711903867025455, -18.20000000000000639, 27.71223167968819112 ) ) ;
#3738 = ORIENTED_EDGE ( 'NONE', *, *, #4022, .T. ) ;
#3739 = VERTEX_POINT ( 'NONE', #1591 ) ;
#3740 = DIRECTION ( 'NONE',  ( -1.000000000000000000, -3.469446951953611107E-17, 0.000000000000000000 ) ) ;
#3741 = FACE_BOUND ( 'NONE', #6357, .T. ) ;
#3742 = CARTESIAN_POINT ( 'NONE',  ( 7.001000000000002110, -7.828427124746198729, -37.00000000000000000 ) ) ;
#3743 = DIRECTION ( 'NONE',  ( -0.000000000000000000, -0.000000000000000000, -1.000000000000000000 ) ) ;
#3744 = EDGE_CURVE ( 'NONE', #4599, #4285, #2053, .T. ) ;
#3745 = DIRECTION ( 'NONE',  ( 1.000000000000000000, 0.000000000000000000, -0.000000000000000000 ) ) ;
#3746 = EDGE_LOOP ( 'NONE', ( #6238, #5430, #2072, #4827 ) ) ;
#3747 = ORIENTED_EDGE ( 'NONE', *, *, #3813, .T. ) ;
#3748 = EDGE_CURVE ( 'NONE', #61, #4109, #5958, .T. ) ;
#3749 = LINE ( 'NONE', #5145, #5208 ) ;
#3750 = DIRECTION ( 'NONE',  ( 0.000000000000000000, 0.000000000000000000, 1.000000000000000000 ) ) ;
#3751 = CARTESIAN_POINT ( 'NONE',  ( 0.4999999999999992784, -14.78702399854024030, 34.82261646130366017 ) ) ;
#3752 = DIRECTION ( 'NONE',  ( 0.000000000000000000, 0.000000000000000000, 1.000000000000000000 ) ) ;
#3753 = DIRECTION ( 'NONE',  ( 1.000000000000000000, 0.000000000000000000, -9.757819552369542371E-17 ) ) ;
#3754 = ORIENTED_EDGE ( 'NONE', *, *, #3283, .T. ) ;
#3755 = CARTESIAN_POINT ( 'NONE',  ( -0.5000000000000077716, -2.965882636488805790, 7.800000000000001599 ) ) ;
#3756 = ORIENTED_EDGE ( 'NONE', *, *, #5607, .F. ) ;
#3757 = EDGE_CURVE ( 'NONE', #4332, #2741, #474, .T. ) ;
#3758 = FACE_OUTER_BOUND ( 'NONE', #4906, .T. ) ;
#3759 = PRESENTATION_STYLE_ASSIGNMENT (( #2355 ) ) ;
#3760 = VERTEX_POINT ( 'NONE', #4594 ) ;
#3761 = FACE_BOUND ( 'NONE', #5033, .T. ) ;
#3762 = ORIENTED_EDGE ( 'NONE', *, *, #671, .T. ) ;
#3763 = LINE ( 'NONE', #1753, #3143 ) ;
#3764 = LINE ( 'NONE', #4264, #4742 ) ;
#3765 = ORIENTED_EDGE ( 'NONE', *, *, #2346, .T. ) ;
#3766 = EDGE_LOOP ( 'NONE', ( #5100, #3946, #654, #3501, #5266, #1685 ) ) ;
#3767 = CARTESIAN_POINT ( 'NONE',  ( 4.000000000000000000, -12.20000000000000107, -4.800000000000000711 ) ) ;
#3768 = AXIS2_PLACEMENT_3D ( 'NONE', #1588, #3490, #5506 ) ;
#3769 = DIRECTION ( 'NONE',  ( -1.000000000000000000, -1.239088197126290570E-16, 0.000000000000000000 ) ) ;
#3770 = ORIENTED_EDGE ( 'NONE', *, *, #710, .F. ) ;
#3772 = VECTOR ( 'NONE', #1556, 1000.000000000000000 ) ;
#3771 = FACE_OUTER_BOUND ( 'NONE', #3811, .T. ) ;
#3773 = EDGE_CURVE ( 'NONE', #895, #408, #4360, .T. ) ;
#3774 = EDGE_CURVE ( 'NONE', #6498, #7, #5021, .T. ) ;
#3775 = PLANE ( 'NONE',  #1879 ) ;
#3776 = DIRECTION ( 'NONE',  ( -1.000000000000000000, -0.000000000000000000, -0.000000000000000000 ) ) ;
#3777 = CARTESIAN_POINT ( 'NONE',  ( 7.000000000000000000, -10.50000000000000178, 71.00000000000000000 ) ) ;
#3778 = ORIENTED_EDGE ( 'NONE', *, *, #3363, .F. ) ;
#3779 = CARTESIAN_POINT ( 'NONE',  ( 0.4999999999999980571, -5.299999999999999822, -19.20000000000000639 ) ) ;
#3780 = VECTOR ( 'NONE', #4607, 1000.000000000000000 ) ;
#3781 = STYLED_ITEM ( 'NONE', ( #3759 ), #4351 ) ;
#3782 = CARTESIAN_POINT ( 'NONE',  ( 0.000000000000000000, -3.499999999999999556, -40.00100000000001188 ) ) ;
#3783 = LINE ( 'NONE', #5873, #361 ) ;
#3784 = EDGE_CURVE ( 'NONE', #4183, #6185, #891, .T. ) ;
#3785 = AXIS2_PLACEMENT_3D ( 'NONE', #5697, #4741, #2700 ) ;
#3786 = PLANE ( 'NONE',  #6160 ) ;
#3787 = EDGE_CURVE ( 'NONE', #2276, #5879, #4064, .T. ) ;
#3788 = ORIENTED_EDGE ( 'NONE', *, *, #431, .F. ) ;
#3789 = DIRECTION ( 'NONE',  ( -0.000000000000000000, 1.000000000000000000, 1.577021341797097560E-16 ) ) ;
#3790 = VECTOR ( 'NONE', #708, 1000.000000000000000 ) ;
#3791 = ORIENTED_EDGE ( 'NONE', *, *, #4696, .F. ) ;
#3792 = AXIS2_PLACEMENT_3D ( 'NONE', #200, #2058, #3752 ) ;
#3793 = DIRECTION ( 'NONE',  ( 1.000000000000000000, 0.000000000000000000, -9.306456416184587030E-17 ) ) ;
#3794 = VECTOR ( 'NONE', #4840, 1000.000000000000000 ) ;
#3795 = ORIENTED_EDGE ( 'NONE', *, *, #233, .T. ) ;
#3796 = FACE_OUTER_BOUND ( 'NONE', #5120, .T. ) ;
#3797 = ORIENTED_EDGE ( 'NONE', *, *, #1645, .F. ) ;
#3798 = CARTESIAN_POINT ( 'NONE',  ( 1.999999999999999112, 3.999999999999998224, 62.50000000000000000 ) ) ;
#3799 = DIRECTION ( 'NONE',  ( 1.000000000000000000, 1.239088197126290570E-16, -0.000000000000000000 ) ) ;
#3800 = ORIENTED_EDGE ( 'NONE', *, *, #928, .F. ) ;
#3801 = VECTOR ( 'NONE', #4341, 1000.000000000000000 ) ;
#3802 = ORIENTED_EDGE ( 'NONE', *, *, #3052, .F. ) ;
#3803 = DIRECTION ( 'NONE',  ( 0.000000000000000000, -1.000000000000000000, 0.000000000000000000 ) ) ;
#3804 = FACE_OUTER_BOUND ( 'NONE', #761, .T. ) ;
#3805 = ORIENTED_EDGE ( 'NONE', *, *, #3242, .F. ) ;
#3806 = CARTESIAN_POINT ( 'NONE',  ( 1.225000000000000089, -10.99999999999999822, -24.20000000000000639 ) ) ;
#3807 = DIRECTION ( 'NONE',  ( 0.000000000000000000, 1.000000000000000000, 0.000000000000000000 ) ) ;
#3808 = LINE ( 'NONE', #2857, #2443 ) ;
#3809 = DIRECTION ( 'NONE',  ( -9.306456416184587030E-17, -0.000000000000000000, -1.000000000000000000 ) ) ;
#3810 = ADVANCED_FACE ( 'NONE', ( #5477 ), #3558, .F. ) ;
#3811 = EDGE_LOOP ( 'NONE', ( #418, #5510, #2483, #1541, #2650, #3866, #5891, #2613, #640, #4677, #3267 ) ) ;
#3812 = EDGE_CURVE ( 'NONE', #3760, #2764, #5984, .T. ) ;
#3813 = EDGE_CURVE ( 'NONE', #4285, #3569, #4092, .T. ) ;
#3814 = CARTESIAN_POINT ( 'NONE',  ( 0.9999999999999993339, 1.494263266912956523, 67.00000000000000000 ) ) ;
#3815 = FACE_OUTER_BOUND ( 'NONE', #808, .T. ) ;
#3816 = LINE ( 'NONE', #1868, #468 ) ;
#3817 = CIRCLE ( 'NONE', #2673, 1.600000000000000089 ) ;
#3818 = ORIENTED_EDGE ( 'NONE', *, *, #3757, .F. ) ;
#3819 = VECTOR ( 'NONE', #3372, 1000.000000000000000 ) ;
#3820 = DIRECTION ( 'NONE',  ( 3.252606517456513918E-17, -1.000000000000000000, 0.000000000000000000 ) ) ;
#3821 = CARTESIAN_POINT ( 'NONE',  ( 4.225000000000000533, -8.828427124746184518, -38.00000000000000000 ) ) ;
#3822 = AXIS2_PLACEMENT_3D ( 'NONE', #4551, #539, #1587 ) ;
#3823 = ORIENTED_EDGE ( 'NONE', *, *, #1427, .F. ) ;
#3824 = VECTOR ( 'NONE', #2209, 1000.000000000000000 ) ;
#3825 = LINE ( 'NONE', #1328, #3103 ) ;
#3826 = VECTOR ( 'NONE', #465, 1000.000000000000000 ) ;
#3827 = DIRECTION ( 'NONE',  ( -1.000000000000000000, -1.239088197126290570E-16, -0.000000000000000000 ) ) ;
#3828 = AXIS2_PLACEMENT_3D ( 'NONE', #3446, #5539, #4976 ) ;
#3829 = ADVANCED_FACE ( 'NONE', ( #6019 ), #2970, .F. ) ;
#3830 = ORIENTED_EDGE ( 'NONE', *, *, #5241, .T. ) ;
#3831 = CARTESIAN_POINT ( 'NONE',  ( 0.4999999999999990563, -12.46362969077260274, 42.98973583661788211 ) ) ;
#3832 = PLANE ( 'NONE',  #958 ) ;
#3833 = VECTOR ( 'NONE', #5467, 1000.000000000000000 ) ;
#3834 = EDGE_LOOP ( 'NONE', ( #3900, #5991, #5105, #210 ) ) ;
#3835 = ORIENTED_EDGE ( 'NONE', *, *, #5496, .F. ) ;
#3836 = CARTESIAN_POINT ( 'NONE',  ( 0.4999999999999993339, -15.07469763858626521, 42.25511610993392964 ) ) ;
#3837 = ADVANCED_FACE ( 'NONE', ( #3132 ), #1130, .F. ) ;
#3838 = CARTESIAN_POINT ( 'NONE',  ( 4.225000000000000533, -14.49999999999999645, -31.09999999999999432 ) ) ;
#3839 = ORIENTED_EDGE ( 'NONE', *, *, #570, .T. ) ;
#3840 = CARTESIAN_POINT ( 'NONE',  ( 7.002000000000005997, -17.18133434510090396, 5.325636248092934899 ) ) ;
#3841 = EDGE_CURVE ( 'NONE', #2291, #5857, #644, .T. ) ;
#3842 = DIRECTION ( 'NONE',  ( 1.000000000000000000, 0.000000000000000000, -0.000000000000000000 ) ) ;
#3843 = CARTESIAN_POINT ( 'NONE',  ( 2.999999999999999112, 1.494263266912956523, 67.00000000000000000 ) ) ;
#3844 = ORIENTED_EDGE ( 'NONE', *, *, #5128, .F. ) ;
#3845 = ADVANCED_FACE ( 'NONE', ( #6150 ), #2152, .F. ) ;
#3846 = CARTESIAN_POINT ( 'NONE',  ( 1.000000000000000000, -7.299999999999998934, 61.52191394754550657 ) ) ;
#3847 = ORIENTED_EDGE ( 'NONE', *, *, #5154, .F. ) ;
#3848 = CARTESIAN_POINT ( 'NONE',  ( 4.000000000000000000, -4.499999999999999112, -4.800000000000000711 ) ) ;
#3849 = CYLINDRICAL_SURFACE ( 'NONE', #2125, 0.8000000000000020428 ) ;
#3850 = CIRCLE ( 'NONE', #1845, 0.7999999999999986011 ) ;
#3851 = EDGE_CURVE ( 'NONE', #3739, #2291, #4623, .T. ) ;
#3852 = CYLINDRICAL_SURFACE ( 'NONE', #1623, 0.7999999999999986011 ) ;
#3853 = VERTEX_POINT ( 'NONE', #1624 ) ;
#3854 = ADVANCED_FACE ( 'NONE', ( #2117 ), #5645, .T. ) ;
#3855 = FACE_OUTER_BOUND ( 'NONE', #1819, .T. ) ;
#3856 = CARTESIAN_POINT ( 'NONE',  ( 0.4999999999999981681, -6.499999999999999112, -40.00100000000001188 ) ) ;
#3857 = EDGE_CURVE ( 'NONE', #2302, #781, #2514, .T. ) ;
#3858 = EDGE_CURVE ( 'NONE', #4385, #4090, #2886, .T. ) ;
#3859 = ORIENTED_EDGE ( 'NONE', *, *, #1360, .F. ) ;
#3860 = ORIENTED_EDGE ( 'NONE', *, *, #110, .T. ) ;
#3861 = FACE_OUTER_BOUND ( 'NONE', #4036, .T. ) ;
#3862 = LINE ( 'NONE', #4225, #318 ) ;
#3863 = EDGE_LOOP ( 'NONE', ( #6348, #6475, #4992, #1834 ) ) ;
#3864 = CARTESIAN_POINT ( 'NONE',  ( 0.4999999999999978351, -3.499999999999992895, 4.000000000000003553 ) ) ;
#3865 = DIRECTION ( 'NONE',  ( 1.000000000000000000, 0.000000000000000000, -0.000000000000000000 ) ) ;
#3866 = ORIENTED_EDGE ( 'NONE', *, *, #139, .T. ) ;
#3867 = EDGE_CURVE ( 'NONE', #4120, #2503, #6046, .T. ) ;
#3868 = ORIENTED_EDGE ( 'NONE', *, *, #3574, .F. ) ;
#3869 = LINE ( 'NONE', #5257, #324 ) ;
#3870 = ORIENTED_EDGE ( 'NONE', *, *, #6283, .F. ) ;
#3871 = CARTESIAN_POINT ( 'NONE',  ( 0.4999999999999988343, -10.69999999999999751, 39.00000000000000000 ) ) ;
#3872 = ORIENTED_EDGE ( 'NONE', *, *, #1821, .F. ) ;
#3873 = CARTESIAN_POINT ( 'NONE',  ( 1.224999999999999423, -0.9999999999999956701, -29.19999999999999929 ) ) ;
#3874 = DIRECTION ( 'NONE',  ( -1.000000000000000000, -1.239088197126290570E-16, 0.000000000000000000 ) ) ;
#3875 = DIRECTION ( 'NONE',  ( 1.084202172485504187E-16, 0.000000000000000000, 1.000000000000000000 ) ) ;
#3876 = EDGE_CURVE ( 'NONE', #3108, #970, #4942, .T. ) ;
#3877 = ORIENTED_EDGE ( 'NONE', *, *, #1875, .T. ) ;
#3878 = ORIENTED_EDGE ( 'NONE', *, *, #6137, .F. ) ;
#3879 = CARTESIAN_POINT ( 'NONE',  ( 7.002000000000005109, -18.20000000000000639, 64.13639844763217468 ) ) ;
#3880 = PLANE ( 'NONE',  #5817 ) ;
#3881 = CARTESIAN_POINT ( 'NONE',  ( 4.000000000000000000, -18.20000000000000639, 14.54168760482228606 ) ) ;
#3882 = VECTOR ( 'NONE', #1938, 1000.000000000000000 ) ;
#3883 = EDGE_LOOP ( 'NONE', ( #5764, #72, #6177, #4526 ) ) ;
#3884 = LINE ( 'NONE', #1384, #3721 ) ;
#3885 = CARTESIAN_POINT ( 'NONE',  ( 4.000000000000003553, -7.299999999999998934, 50.28776832031179822 ) ) ;
#3886 = EDGE_LOOP ( 'NONE', ( #2027, #4488, #4208, #2070 ) ) ;
#3887 = ORIENTED_EDGE ( 'NONE', *, *, #6112, .T. ) ;
#3888 = AXIS2_PLACEMENT_3D ( 'NONE', #5315, #3331, #3896 ) ;
#3889 = ADVANCED_FACE ( 'NONE', ( #2408 ), #1454, .T. ) ;
#3890 = LINE ( 'NONE', #5912, #3089 ) ;
#3891 = EDGE_CURVE ( 'NONE', #2865, #1135, #1488, .T. ) ;
#3892 = DIRECTION ( 'NONE',  ( 1.000000000000000000, 1.239088197126290570E-16, 0.000000000000000000 ) ) ;
#3893 = ADVANCED_FACE ( 'NONE', ( #6467, #921 ), #4981, .F. ) ;
#3894 = ORIENTED_EDGE ( 'NONE', *, *, #2494, .F. ) ;
#3895 = EDGE_CURVE ( 'NONE', #6125, #3271, #1943, .T. ) ;
#3896 = DIRECTION ( 'NONE',  ( 0.000000000000000000, 0.000000000000000000, -1.000000000000000000 ) ) ;
#3897 = ADVANCED_FACE ( 'NONE', ( #428 ), #3954, .F. ) ;
#3898 = DIRECTION ( 'NONE',  ( 1.000000000000000000, 1.239088197126290570E-16, 0.000000000000000000 ) ) ;
#3899 = ORIENTED_EDGE ( 'NONE', *, *, #1177, .T. ) ;
#3900 = ORIENTED_EDGE ( 'NONE', *, *, #5813, .T. ) ;
#3901 = FACE_OUTER_BOUND ( 'NONE', #4070, .T. ) ;
#3902 = ORIENTED_EDGE ( 'NONE', *, *, #1383, .F. ) ;
#3903 = VECTOR ( 'NONE', #343, 1000.000000000000000 ) ;
#3904 = CARTESIAN_POINT ( 'NONE',  ( 2.724999999999999201, -20.99999999999999645, -31.59999999999999787 ) ) ;
#3905 = VERTEX_POINT ( 'NONE', #502 ) ;
#3906 = DIRECTION ( 'NONE',  ( -4.499821325281054035E-17, 0.3390552584695132876, -0.9407664597040923393 ) ) ;
#3907 = AXIS2_PLACEMENT_3D ( 'NONE', #1125, #3128, #5146 ) ;
#3908 = CARTESIAN_POINT ( 'NONE',  ( -64.14711903867025455, -8.170174558805841869, 21.65831239517770612 ) ) ;
#3909 = ORIENTED_EDGE ( 'NONE', *, *, #1323, .F. ) ;
#3910 = DIRECTION ( 'NONE',  ( 0.000000000000000000, -1.000000000000000000, 0.000000000000000000 ) ) ;
#3911 = ORIENTED_EDGE ( 'NONE', *, *, #2348, .T. ) ;
#3912 = DIRECTION ( 'NONE',  ( -0.000000000000000000, -1.000000000000000000, -2.168404344971010840E-16 ) ) ;
#3913 = DIRECTION ( 'NONE',  ( -0.000000000000000000, -0.000000000000000000, -1.000000000000000000 ) ) ;
#3914 = CARTESIAN_POINT ( 'NONE',  ( 0.4999999999999987232, -13.09364437107287316, 43.78768300394146706 ) ) ;
#3915 = DIRECTION ( 'NONE',  ( 1.239088197126290570E-16, -1.000000000000000000, 0.000000000000000000 ) ) ;
#3916 = ORIENTED_EDGE ( 'NONE', *, *, #4562, .F. ) ;
#3917 = CARTESIAN_POINT ( 'NONE',  ( -3.275000000000007905, 25.27251735415887524, -11.20000000000000107 ) ) ;
#3918 = DIRECTION ( 'NONE',  ( -1.000000000000000000, -3.252606517456513918E-17, 0.000000000000000000 ) ) ;
#3919 = DIRECTION ( 'NONE',  ( 9.757819552369539906E-17, 1.734723475976807094E-16, 1.000000000000000000 ) ) ;
#3920 = AXIS2_PLACEMENT_3D ( 'NONE', #4239, #2732, #1343 ) ;
#3921 = ORIENTED_EDGE ( 'NONE', *, *, #3367, .F. ) ;
#3922 = ORIENTED_EDGE ( 'NONE', *, *, #5348, .T. ) ;
#3923 = ADVANCED_FACE ( 'NONE', ( #3523 ), #35, .F. ) ;
#3924 = AXIS2_PLACEMENT_3D ( 'NONE', #1963, #1893, #4046 ) ;
#3925 = DIRECTION ( 'NONE',  ( 0.000000000000000000, 1.084202172485504311E-16, 1.000000000000000000 ) ) ;
#3926 = AXIS2_PLACEMENT_3D ( 'NONE', #4920, #2810, #4823 ) ;
#3927 = DIRECTION ( 'NONE',  ( 0.000000000000000000, 0.000000000000000000, -1.000000000000000000 ) ) ;
#3928 = ORIENTED_EDGE ( 'NONE', *, *, #5117, .T. ) ;
#3929 = LINE ( 'NONE', #6062, #3112 ) ;
#3930 = CIRCLE ( 'NONE', #1095, 0.8000000000000003775 ) ;
#3931 = AXIS2_PLACEMENT_3D ( 'NONE', #1453, #568, #6535 ) ;
#3932 = CARTESIAN_POINT ( 'NONE',  ( 0.5000000000000004441, -10.95018283449971719, 60.45831239517769262 ) ) ;
#3933 = VERTEX_POINT ( 'NONE', #987 ) ;
#3934 = EDGE_CURVE ( 'NONE', #1412, #1319, #6432, .T. ) ;
#3935 = VERTEX_POINT ( 'NONE', #4482 ) ;
#3936 = EDGE_CURVE ( 'NONE', #1634, #5819, #4516, .T. ) ;
#3937 = CIRCLE ( 'NONE', #5109, 1.650000000000000355 ) ;
#3938 = CARTESIAN_POINT ( 'NONE',  ( 7.001000000000005663, -10.69999999999999929, 2.510525938252073200E-16 ) ) ;
#3939 = ORIENTED_EDGE ( 'NONE', *, *, #917, .F. ) ;
#3940 = LINE ( 'NONE', #2465, #3710 ) ;
#3941 = ORIENTED_EDGE ( 'NONE', *, *, #879, .T. ) ;
#3942 = LINE ( 'NONE', #2467, #3607 ) ;
#3943 = AXIS2_PLACEMENT_3D ( 'NONE', #1107, #2660, #3204 ) ;
#3944 = CIRCLE ( 'NONE', #1942, 2.050000000000010036 ) ;
#3945 = PLANE ( 'NONE',  #5470 ) ;
#3946 = ORIENTED_EDGE ( 'NONE', *, *, #570, .F. ) ;
#3947 = DIRECTION ( 'NONE',  ( -1.000000000000000000, -3.252606517456513918E-17, 0.000000000000000000 ) ) ;
#3948 = ORIENTED_EDGE ( 'NONE', *, *, #843, .F. ) ;
#3949 = DIRECTION ( 'NONE',  ( 0.000000000000000000, 0.000000000000000000, -1.000000000000000000 ) ) ;
#3950 = CARTESIAN_POINT ( 'NONE',  ( 4.500000000000000888, 0.000000000000000000, 0.000000000000000000 ) ) ;
#3951 = CARTESIAN_POINT ( 'NONE',  ( 0.9999999999999983347, 16.99999999999999645, 55.00658097017269199 ) ) ;
#3952 = EDGE_CURVE ( 'NONE', #2249, #4162, #6085, .T. ) ;
#3953 = CARTESIAN_POINT ( 'NONE',  ( -3.275000000000008793, 27.19999999999999574, -21.33700000000000330 ) ) ;
#3954 = PLANE ( 'NONE',  #3517 ) ;
#3955 = EDGE_LOOP ( 'NONE', ( #3939, #5909, #1495, #4627 ) ) ;
#3956 = AXIS2_PLACEMENT_3D ( 'NONE', #6482, #1954, #3967 ) ;
#3957 = DIRECTION ( 'NONE',  ( 1.000000000000000000, 0.000000000000000000, 0.000000000000000000 ) ) ;
#3958 = DIRECTION ( 'NONE',  ( 0.000000000000000000, 1.000000000000000000, 0.000000000000000000 ) ) ;
#3959 = CARTESIAN_POINT ( 'NONE',  ( -4.501000000000007439, 3.999999999999998224, 62.50000000000000000 ) ) ;
#3960 = ORIENTED_EDGE ( 'NONE', *, *, #2049, .F. ) ;
#3961 = ORIENTED_EDGE ( 'NONE', *, *, #6496, .F. ) ;
#3962 = EDGE_CURVE ( 'NONE', #4332, #3054, #2444, .T. ) ;
#3963 = EDGE_CURVE ( 'NONE', #4349, #4216, #6170, .T. ) ;
#3964 = CARTESIAN_POINT ( 'NONE',  ( 4.000000000000000000, -12.75000000000000000, 39.00000000000000000 ) ) ;
#3965 = PLANE ( 'NONE',  #3153 ) ;
#3966 = ORIENTED_EDGE ( 'NONE', *, *, #4830, .T. ) ;
#3967 = DIRECTION ( 'NONE',  ( 0.000000000000000000, 0.000000000000000000, 1.000000000000000000 ) ) ;
#3968 = VECTOR ( 'NONE', #6373, 1000.000000000000000 ) ;
#3969 = LINE ( 'NONE', #5449, #5700 ) ;
#3970 = ORIENTED_EDGE ( 'NONE', *, *, #448, .F. ) ;
#3971 = ORIENTED_EDGE ( 'NONE', *, *, #2054, .T. ) ;
#3972 = DIRECTION ( 'NONE',  ( -1.000000000000000000, -1.239088197126290324E-16, -1.088984143364317812E-32 ) ) ;
#3973 = CARTESIAN_POINT ( 'NONE',  ( 0.5000000000000005551, -15.34981716550029596, 65.20000000000000284 ) ) ;
#3974 = ORIENTED_EDGE ( 'NONE', *, *, #1487, .T. ) ;
#3975 = LINE ( 'NONE', #5068, #4484 ) ;
#3976 = ORIENTED_EDGE ( 'NONE', *, *, #4372, .F. ) ;
#3977 = CARTESIAN_POINT ( 'NONE',  ( 4.224999999999997868, -15.99999999999999289, -45.71844603017288478 ) ) ;
#3978 = DIRECTION ( 'NONE',  ( -1.000000000000000000, -1.239088197126290570E-16, 0.000000000000000000 ) ) ;
#3979 = ORIENTED_EDGE ( 'NONE', *, *, #2848, .F. ) ;
#3980 = ORIENTED_EDGE ( 'NONE', *, *, #2986, .T. ) ;
#3981 = CARTESIAN_POINT ( 'NONE',  ( 0.4999999999999983902, -7.605121347951829591, 59.65831239517768836 ) ) ;
#3982 = EDGE_CURVE ( 'NONE', #4128, #2466, #3416, .T. ) ;
#3983 = CARTESIAN_POINT ( 'NONE',  ( 3.999999999999990674, 18.99999999999999645, -29.19999999999999929 ) ) ;
#3984 = LINE ( 'NONE', #4083, #5050 ) ;
#3985 = FACE_OUTER_BOUND ( 'NONE', #2431, .T. ) ;
#3986 = AXIS2_PLACEMENT_3D ( 'NONE', #59, #6164, #1574 ) ;
#3987 = DIRECTION ( 'NONE',  ( -1.000000000000000000, -3.252606517456513918E-17, 2.535569890667617442E-16 ) ) ;
#3988 = EDGE_CURVE ( 'NONE', #2397, #3432, #6010, .T. ) ;
#3989 = VECTOR ( 'NONE', #3208, 1000.000000000000000 ) ;
#3990 = DIRECTION ( 'NONE',  ( 0.000000000000000000, 1.000000000000000000, 4.336808689942015369E-15 ) ) ;
#3991 = DIRECTION ( 'NONE',  ( -1.000000000000000000, 0.000000000000000000, 0.000000000000000000 ) ) ;
#3992 = VECTOR ( 'NONE', #1702, 1000.000000000000000 ) ;
#3993 = ORIENTED_EDGE ( 'NONE', *, *, #1526, .T. ) ;
#3994 = EDGE_LOOP ( 'NONE', ( #1567, #2794, #1231, #344 ) ) ;
#3995 = CARTESIAN_POINT ( 'NONE',  ( -4.501000000000007439, 0.4148556835804999565, -29.19999999999999929 ) ) ;
#3996 = DIRECTION ( 'NONE',  ( 0.000000000000000000, 0.000000000000000000, 1.000000000000000000 ) ) ;
#3997 = DIRECTION ( 'NONE',  ( 1.000000000000000000, 0.000000000000000000, 0.000000000000000000 ) ) ;
#3998 = ORIENTED_EDGE ( 'NONE', *, *, #4714, .T. ) ;
#3999 = DIRECTION ( 'NONE',  ( 0.000000000000000000, 0.000000000000000000, 1.000000000000000000 ) ) ;
#4000 = LINE ( 'NONE', #5420, #2550 ) ;
#4001 = CIRCLE ( 'NONE', #5368, 2.049999999999999378 ) ;
#4002 = EDGE_LOOP ( 'NONE', ( #2024, #3800, #4569, #1479 ) ) ;
#4003 = ORIENTED_EDGE ( 'NONE', *, *, #5265, .T. ) ;
#4004 = CARTESIAN_POINT ( 'NONE',  ( -63.03173803727769808, -4.500000000000001776, 67.00000000000000000 ) ) ;
#4005 = DIRECTION ( 'NONE',  ( 0.000000000000000000, -1.000000000000000000, 0.000000000000000000 ) ) ;
#4006 = ORIENTED_EDGE ( 'NONE', *, *, #4217, .T. ) ;
#4007 = FACE_OUTER_BOUND ( 'NONE', #4943, .T. ) ;
#4008 = VERTEX_POINT ( 'NONE', #2008 ) ;
#4009 = CYLINDRICAL_SURFACE ( 'NONE', #6463, 0.7999999999999951594 ) ;
#4010 = DIRECTION ( 'NONE',  ( 2.900659373096451418E-17, -0.8917953516752835652, 0.4524390022205836415 ) ) ;
#4011 = ORIENTED_EDGE ( 'NONE', *, *, #4754, .F. ) ;
#4012 = VERTEX_POINT ( 'NONE', #5995 ) ;
#4013 = FACE_OUTER_BOUND ( 'NONE', #5856, .T. ) ;
#4014 = AXIS2_PLACEMENT_3D ( 'NONE', #313, #5827, #5318 ) ;
#4015 = CIRCLE ( 'NONE', #6442, 3.750000000000000000 ) ;
#4016 = DIRECTION ( 'NONE',  ( -1.000000000000000000, -1.239088197126290570E-16, 0.000000000000000000 ) ) ;
#4017 = DIRECTION ( 'NONE',  ( -1.000000000000000000, 0.000000000000000000, 0.000000000000000000 ) ) ;
#4018 = LINE ( 'NONE', #1939, #3193 ) ;
#4019 = ADVANCED_FACE ( 'NONE', ( #3470 ), #5002, .F. ) ;
#4020 = VECTOR ( 'NONE', #2649, 1000.000000000000114 ) ;
#4021 = DIRECTION ( 'NONE',  ( 0.000000000000000000, -1.000000000000000000, 0.000000000000000000 ) ) ;
#4022 = EDGE_CURVE ( 'NONE', #4169, #5375, #2368, .T. ) ;
#4023 = EDGE_CURVE ( 'NONE', #3589, #5356, #4532, .T. ) ;
#4024 = CARTESIAN_POINT ( 'NONE',  ( 0.5000000000000018874, -18.20000000000000284, 18.34168760482228322 ) ) ;
#4025 = EDGE_CURVE ( 'NONE', #6196, #5524, #1508, .T. ) ;
#4026 = ORIENTED_EDGE ( 'NONE', *, *, #1035, .T. ) ;
#4027 = ORIENTED_EDGE ( 'NONE', *, *, #4347, .F. ) ;
#4028 = CARTESIAN_POINT ( 'NONE',  ( 21.41522322567242043, -4.499999999999997335, -19.20000000000000639 ) ) ;
#4029 = CYLINDRICAL_SURFACE ( 'NONE', #2942, 1.600000000000000089 ) ;
#4030 = DIRECTION ( 'NONE',  ( -1.000000000000000000, 0.000000000000000000, 9.757819552369541139E-17 ) ) ;
#4031 = AXIS2_PLACEMENT_3D ( 'NONE', #19, #4632, #1037 ) ;
#4032 = ORIENTED_EDGE ( 'NONE', *, *, #152, .T. ) ;
#4033 = DIRECTION ( 'NONE',  ( -1.000000000000000000, 0.000000000000000000, 9.757819552369541139E-17 ) ) ;
#4034 = EDGE_CURVE ( 'NONE', #1621, #413, #2911, .T. ) ;
#4035 = DIRECTION ( 'NONE',  ( -1.000000000000000000, 0.000000000000000000, 9.757819552369541139E-17 ) ) ;
#4036 = EDGE_LOOP ( 'NONE', ( #826, #4897, #6227, #4576 ) ) ;
#4037 = VERTEX_POINT ( 'NONE', #905 ) ;
#4038 = AXIS2_PLACEMENT_3D ( 'NONE', #2237, #4244, #2178 ) ;
#4039 = VECTOR ( 'NONE', #4730, 1000.000000000000000 ) ;
#4040 = CARTESIAN_POINT ( 'NONE',  ( 7.002000000000004221, -7.299999999999998934, 61.52191394754550657 ) ) ;
#4041 = CARTESIAN_POINT ( 'NONE',  ( 7.002000000000005997, -17.38730881638176129, 24.65831239517770612 ) ) ;
#4042 = CIRCLE ( 'NONE', #4568, 0.8000000000000003775 ) ;
#4043 = VERTEX_POINT ( 'NONE', #2500 ) ;
#4044 = CARTESIAN_POINT ( 'NONE',  ( 4.225000000000000533, 0.000000000000000000, 0.000000000000000000 ) ) ;
#4045 = ORIENTED_EDGE ( 'NONE', *, *, #70, .T. ) ;
#4046 = DIRECTION ( 'NONE',  ( 0.000000000000000000, 0.000000000000000000, -1.000000000000000000 ) ) ;
#4047 = DIRECTION ( 'NONE',  ( 9.306456416184587030E-17, -0.000000000000000000, 1.000000000000000000 ) ) ;
#4048 = ORIENTED_EDGE ( 'NONE', *, *, #5040, .F. ) ;
#4049 = AXIS2_PLACEMENT_3D ( 'NONE', #4282, #6276, #4184 ) ;
#4050 = VERTEX_POINT ( 'NONE', #1543 ) ;
#4051 = AXIS2_PLACEMENT_3D ( 'NONE', #2769, #1102, #4753 ) ;
#4052 = PLANE ( 'NONE',  #2108 ) ;
#4053 = VECTOR ( 'NONE', #5941, 1000.000000000000000 ) ;
#4054 = AXIS2_PLACEMENT_3D ( 'NONE', #4121, #1618, #1976 ) ;
#4055 = FACE_BOUND ( 'NONE', #5983, .T. ) ;
#4056 = CARTESIAN_POINT ( 'NONE',  ( 3.499999999999995559, -22.50000000000000000, 22.04999999999999716 ) ) ;
#4057 = DIRECTION ( 'NONE',  ( 4.336808689942021187E-16, 1.000000000000000000, 0.000000000000000000 ) ) ;
#4058 = CIRCLE ( 'NONE', #1832, 1.649999999999998579 ) ;
#4059 = DIRECTION ( 'NONE',  ( 1.000000000000000000, 3.252606517456513918E-17, -0.000000000000000000 ) ) ;
#4060 = DIRECTION ( 'NONE',  ( 1.000000000000000000, 0.000000000000000000, 0.000000000000000000 ) ) ;
#4061 = ADVANCED_FACE ( 'NONE', ( #3901 ), #4501, .F. ) ;
#4062 = LINE ( 'NONE', #4984, #2727 ) ;
#4063 = EDGE_LOOP ( 'NONE', ( #6116, #4872, #4799, #5962 ) ) ;
#4064 = LINE ( 'NONE', #6090, #1423 ) ;
#4065 = DIRECTION ( 'NONE',  ( 3.252606517456513918E-17, -1.000000000000000000, 0.000000000000000000 ) ) ;
#4066 = EDGE_CURVE ( 'NONE', #2474, #4185, #1921, .T. ) ;
#4067 = ORIENTED_EDGE ( 'NONE', *, *, #236, .T. ) ;
#4068 = FACE_BOUND ( 'NONE', #1530, .T. ) ;
#4069 = DIRECTION ( 'NONE',  ( -1.355252715606879803E-16, 1.000000000000000000, 0.000000000000000000 ) ) ;
#4070 = EDGE_LOOP ( 'NONE', ( #3442, #1108, #2596, #5019 ) ) ;
#4071 = DIRECTION ( 'NONE',  ( -1.000000000000000000, 0.000000000000000000, 9.757819552369541139E-17 ) ) ;
#4072 = DIRECTION ( 'NONE',  ( 0.000000000000000000, -1.000000000000000000, 0.000000000000000000 ) ) ;
#4073 = ORIENTED_EDGE ( 'NONE', *, *, #2733, .T. ) ;
#4074 = DIRECTION ( 'NONE',  ( -8.425613936988278739E-17, 0.6570453101161651821, 0.7538510863919691829 ) ) ;
#4075 = ORIENTED_EDGE ( 'NONE', *, *, #2696, .F. ) ;
#4076 = DIRECTION ( 'NONE',  ( 1.000000000000000000, 1.239088197126290570E-16, 0.000000000000000000 ) ) ;
#4077 = PLANE ( 'NONE',  #1054 ) ;
#4078 = ORIENTED_EDGE ( 'NONE', *, *, #6112, .F. ) ;
#4079 = EDGE_CURVE ( 'NONE', #3569, #2111, #3539, .T. ) ;
#4080 = ORIENTED_EDGE ( 'NONE', *, *, #689, .F. ) ;
#4081 = CARTESIAN_POINT ( 'NONE',  ( 7.000000000000000000, -8.849999999999999645, 71.00000000000000000 ) ) ;
#4082 = DIRECTION ( 'NONE',  ( 9.306456416184587030E-17, 0.000000000000000000, 1.000000000000000000 ) ) ;
#4083 = CARTESIAN_POINT ( 'NONE',  ( -4.501000000000010104, -10.99999999999999822, -31.59999999999999787 ) ) ;
#4084 = ADVANCED_FACE ( 'NONE', ( #1991 ), #1471, .F. ) ;
#4085 = PLANE ( 'NONE',  #858 ) ;
#4086 = EDGE_CURVE ( 'NONE', #24, #4866, #2426, .T. ) ;
#4087 = CARTESIAN_POINT ( 'NONE',  ( 0.9999999999999997780, -11.53650156772112467, 15.34168760482228500 ) ) ;
#4088 = CARTESIAN_POINT ( 'NONE',  ( 1.000000000000000222, -14.91176836727676402, 64.48656371865978087 ) ) ;
#4089 = CARTESIAN_POINT ( 'NONE',  ( 1.000000000000000000, -19.00000000000000355, 14.54168760482228606 ) ) ;
#4090 = VERTEX_POINT ( 'NONE', #5922 ) ;
#4091 = AXIS2_PLACEMENT_3D ( 'NONE', #5285, #925, #2931 ) ;
#4092 = LINE ( 'NONE', #1461, #4895 ) ;
#4093 = DIRECTION ( 'NONE',  ( -1.165692616471626958E-16, 0.9407664597040922283, 0.3390552584695135652 ) ) ;
#4094 = ORIENTED_EDGE ( 'NONE', *, *, #2446, .F. ) ;
#4095 = FACE_BOUND ( 'NONE', #1731, .T. ) ;
#4096 = CARTESIAN_POINT ( 'NONE',  ( -4.501000000000007439, 3.999999999999998224, 60.85000000000000142 ) ) ;
#4097 = EDGE_LOOP ( 'NONE', ( #3970, #404, #5475, #3369 ) ) ;
#4098 = EDGE_CURVE ( 'NONE', #2783, #2033, #52, .T. ) ;
#4099 = FACE_OUTER_BOUND ( 'NONE', #5162, .T. ) ;
#4100 = LINE ( 'NONE', #6189, #3404 ) ;
#4101 = ORIENTED_EDGE ( 'NONE', *, *, #2790, .F. ) ;
#4102 = LINE ( 'NONE', #118, #6216 ) ;
#4103 = ORIENTED_EDGE ( 'NONE', *, *, #4498, .T. ) ;
#4104 = VECTOR ( 'NONE', #2193, 1000.000000000000000 ) ;
#4105 = VECTOR ( 'NONE', #1578, 1000.000000000000114 ) ;
#4106 = ADVANCED_FACE ( 'NONE', ( #6071 ), #6450, .F. ) ;
#4107 = CARTESIAN_POINT ( 'NONE',  ( 0.5000000000000004441, -7.299999999999999822, 50.28776832031179822 ) ) ;
#4108 = CARTESIAN_POINT ( 'NONE',  ( 7.000000000000000000, 11.74999999999999645, -14.20000000000000284 ) ) ;
#4109 = VERTEX_POINT ( 'NONE', #5528 ) ;
#4110 = VERTEX_POINT ( 'NONE', #973 ) ;
#4111 = AXIS2_PLACEMENT_3D ( 'NONE', #5854, #5283, #2784 ) ;
#4112 = VECTOR ( 'NONE', #1935, 1000.000000000000000 ) ;
#4113 = LINE ( 'NONE', #5662, #851 ) ;
#4114 = AXIS2_PLACEMENT_3D ( 'NONE', #5184, #675, #2184 ) ;
#4115 = FACE_OUTER_BOUND ( 'NONE', #400, .T. ) ;
#4116 = DIRECTION ( 'NONE',  ( 1.000000000000000000, 1.239088197126290570E-16, 0.000000000000000000 ) ) ;
#4117 = DIRECTION ( 'NONE',  ( 0.000000000000000000, -1.000000000000000000, 0.000000000000000000 ) ) ;
#4118 = DIRECTION ( 'NONE',  ( -0.000000000000000000, 0.000000000000000000, 1.000000000000000000 ) ) ;
#4119 = CIRCLE ( 'NONE', #2012, 0.8000000000000003775 ) ;
#4120 = VERTEX_POINT ( 'NONE', #1008 ) ;
#4121 = CARTESIAN_POINT ( 'NONE',  ( 0.07276463389118986713, 3.100000000000000977, -28.50000000000000355 ) ) ;
#4122 = DIRECTION ( 'NONE',  ( 1.000000000000000000, 1.239088197126290570E-16, 1.904444227198434433E-33 ) ) ;
#4123 = ORIENTED_EDGE ( 'NONE', *, *, #5151, .T. ) ;
#4124 = DIRECTION ( 'NONE',  ( -1.000000000000000000, -1.239088197126290570E-16, 0.000000000000000000 ) ) ;
#4125 = CARTESIAN_POINT ( 'NONE',  ( -64.14711903867025455, -6.500000000000000888, 18.34168760482228322 ) ) ;
#4126 = ORIENTED_EDGE ( 'NONE', *, *, #2390, .T. ) ;
#4127 = DIRECTION ( 'NONE',  ( 0.000000000000000000, -3.690901012716611636E-16, 1.000000000000000000 ) ) ;
#4128 = VERTEX_POINT ( 'NONE', #5031 ) ;
#4129 = DIRECTION ( 'NONE',  ( 1.000000000000000000, 3.469446951953611107E-17, -0.000000000000000000 ) ) ;
#4130 = LINE ( 'NONE', #1137, #5737 ) ;
#4131 = ORIENTED_EDGE ( 'NONE', *, *, #6342, .F. ) ;
#4132 = CARTESIAN_POINT ( 'NONE',  ( 7.000000000000000000, 0.000000000000000000, 0.000000000000000000 ) ) ;
#4133 = VERTEX_POINT ( 'NONE', #555 ) ;
#4134 = CARTESIAN_POINT ( 'NONE',  ( 2.724999999999999201, -22.49999999999998579, -40.99999999999999289 ) ) ;
#4135 = EDGE_CURVE ( 'NONE', #5087, #2752, #3046, .T. ) ;
#4136 = CARTESIAN_POINT ( 'NONE',  ( -4.501000000000007439, 3.100000000000000089, -34.00000000000000000 ) ) ;
#4137 = ORIENTED_EDGE ( 'NONE', *, *, #2000, .F. ) ;
#4138 = CIRCLE ( 'NONE', #1291, 0.8000000000000003775 ) ;
#4139 = EDGE_LOOP ( 'NONE', ( #994, #1740, #688, #4819 ) ) ;
#4140 = VECTOR ( 'NONE', #452, 1000.000000000000000 ) ;
#4141 = LINE ( 'NONE', #5230, #4953 ) ;
#4142 = VECTOR ( 'NONE', #2773, 1000.000000000000000 ) ;
#4143 = FACE_OUTER_BOUND ( 'NONE', #1966, .T. ) ;
#4144 = CIRCLE ( 'NONE', #1301, 0.8000000000000003775 ) ;
#4145 = FACE_BOUND ( 'NONE', #1607, .T. ) ;
#4146 = CARTESIAN_POINT ( 'NONE',  ( 2.725000000000000533, -0.9999999999999941158, 75.00199999999998113 ) ) ;
#4147 = ORIENTED_EDGE ( 'NONE', *, *, #5469, .F. ) ;
#4148 = CIRCLE ( 'NONE', #2887, 1.600000000000000755 ) ;
#4149 = CARTESIAN_POINT ( 'NONE',  ( 7.000000000000000000, 3.100000000000000977, -28.50000000000000355 ) ) ;
#4150 = LINE ( 'NONE', #2278, #5526 ) ;
#4151 = DIRECTION ( 'NONE',  ( -1.000000000000000000, 0.000000000000000000, 9.757819552369541139E-17 ) ) ;
#4152 = CIRCLE ( 'NONE', #214, 2.050000000000001599 ) ;
#4153 = ADVANCED_FACE ( 'NONE', ( #2462 ), #21, .T. ) ;
#4154 = ORIENTED_EDGE ( 'NONE', *, *, #3952, .T. ) ;
#4155 = DIRECTION ( 'NONE',  ( -1.000000000000000000, -3.252606517456513918E-17, 1.048466334442454091E-16 ) ) ;
#4156 = DIRECTION ( 'NONE',  ( 1.000000000000000000, 1.239088197126290570E-16, 0.000000000000000000 ) ) ;
#4157 = VERTEX_POINT ( 'NONE', #3973 ) ;
#4158 = LINE ( 'NONE', #2715, #3790 ) ;
#4159 = VERTEX_POINT ( 'NONE', #2979 ) ;
#4160 = CARTESIAN_POINT ( 'NONE',  ( 2.725000000000000089, -8.828427124746184518, -38.00000000000000000 ) ) ;
#4161 = DIRECTION ( 'NONE',  ( -0.5634384369710588869, 0.5634384369710588869, -0.6042137498329711587 ) ) ;
#4162 = VERTEX_POINT ( 'NONE', #181 ) ;
#4163 = FACE_OUTER_BOUND ( 'NONE', #2818, .T. ) ;
#4164 = ORIENTED_EDGE ( 'NONE', *, *, #3672, .T. ) ;
#4165 = DIRECTION ( 'NONE',  ( -1.000000000000000000, -3.469446951953612956E-17, 0.000000000000000000 ) ) ;
#4166 = AXIS2_PLACEMENT_3D ( 'NONE', #1760, #3769, #785 ) ;
#4167 = LINE ( 'NONE', #3145, #104 ) ;
#4168 = ORIENTED_EDGE ( 'NONE', *, *, #1034, .F. ) ;
#4169 = VERTEX_POINT ( 'NONE', #3697 ) ;
#4170 = EDGE_CURVE ( 'NONE', #4266, #6102, #3622, .T. ) ;
#4171 = DIRECTION ( 'NONE',  ( 0.000000000000000000, 0.000000000000000000, -1.000000000000000000 ) ) ;
#4172 = CARTESIAN_POINT ( 'NONE',  ( 3.999999999999999112, 1.322726650432315163E-16, 0.000000000000000000 ) ) ;
#4173 = AXIS2_PLACEMENT_3D ( 'NONE', #1907, #3918, #3958 ) ;
#4174 = FACE_BOUND ( 'NONE', #4315, .T. ) ;
#4175 = EDGE_CURVE ( 'NONE', #3218, #2572, #6159, .T. ) ;
#4176 = FACE_OUTER_BOUND ( 'NONE', #3258, .T. ) ;
#4177 = EDGE_CURVE ( 'NONE', #483, #3639, #4100, .T. ) ;
#4178 = ORIENTED_EDGE ( 'NONE', *, *, #671, .F. ) ;
#4179 = EDGE_CURVE ( 'NONE', #2429, #2877, #2048, .T. ) ;
#4180 = DIRECTION ( 'NONE',  ( -5.606118275711214248E-17, 0.4524390022205841411, 0.8917953516752833432 ) ) ;
#4181 = DIRECTION ( 'NONE',  ( -1.239088197126290570E-16, 1.000000000000000000, 0.000000000000000000 ) ) ;
#4182 = DIRECTION ( 'NONE',  ( -1.000000000000000000, 0.000000000000000000, 9.757819552369541139E-17 ) ) ;
#4183 = VERTEX_POINT ( 'NONE', #5095 ) ;
#4184 = DIRECTION ( 'NONE',  ( 0.000000000000000000, 0.000000000000000000, -1.000000000000000000 ) ) ;
#4185 = VERTEX_POINT ( 'NONE', #6220 ) ;
#4186 = FACE_OUTER_BOUND ( 'NONE', #6377, .T. ) ;
#4187 = VERTEX_POINT ( 'NONE', #146 ) ;
#4188 = AXIS2_PLACEMENT_3D ( 'NONE', #1218, #3750, #3684 ) ;
#4189 = ADVANCED_FACE ( 'NONE', ( #5720 ), #5188, .F. ) ;
#4190 = EDGE_CURVE ( 'NONE', #188, #5482, #4130, .T. ) ;
#4191 = CARTESIAN_POINT ( 'NONE',  ( -4.500000000000007105, 25.27251735415887524, -11.20000000000000107 ) ) ;
#4192 = LINE ( 'NONE', #3566, #586 ) ;
#4193 = ORIENTED_EDGE ( 'NONE', *, *, #3524, .F. ) ;
#4194 = CARTESIAN_POINT ( 'NONE',  ( 2.725000000000000533, -0.9999999999999941158, -34.20000000000000995 ) ) ;
#4195 = ORIENTED_EDGE ( 'NONE', *, *, #4175, .F. ) ;
#4196 = DIRECTION ( 'NONE',  ( -1.000000000000000000, -0.000000000000000000, -0.000000000000000000 ) ) ;
#4197 = CYLINDRICAL_SURFACE ( 'NONE', #946, 5.499999999999998224 ) ;
#4198 = CIRCLE ( 'NONE', #6531, 3.999999999999998224 ) ;
#4199 = ORIENTED_EDGE ( 'NONE', *, *, #5101, .T. ) ;
#4200 = ORIENTED_EDGE ( 'NONE', *, *, #479, .F. ) ;
#4201 = DIRECTION ( 'NONE',  ( 0.000000000000000000, 1.000000000000000000, 0.000000000000000000 ) ) ;
#4202 = AXIS2_PLACEMENT_3D ( 'NONE', #2168, #3209, #3178 ) ;
#4203 = CARTESIAN_POINT ( 'NONE',  ( -2.500000000000005773, 17.00000000000000355, 10.80000000000000071 ) ) ;
#4204 = VECTOR ( 'NONE', #5222, 1000.000000000000000 ) ;
#4205 = DIRECTION ( 'NONE',  ( 1.000000000000000000, -4.336808689942021187E-16, 0.000000000000000000 ) ) ;
#4206 = VECTOR ( 'NONE', #6107, 1000.000000000000000 ) ;
#4207 = CARTESIAN_POINT ( 'NONE',  ( 1.000000000000000000, -18.20000000000000639, 64.13639844763217468 ) ) ;
#4208 = ORIENTED_EDGE ( 'NONE', *, *, #2148, .F. ) ;
#4209 = ORIENTED_EDGE ( 'NONE', *, *, #37, .F. ) ;
#4210 = CARTESIAN_POINT ( 'NONE',  ( 0.4999999999999982792, -7.417561391042558405, 55.27044339804668027 ) ) ;
#4211 = EDGE_CURVE ( 'NONE', #2752, #4999, #3195, .T. ) ;
#4212 = DIRECTION ( 'NONE',  ( -1.000000000000000000, -1.239088197126290570E-16, 0.000000000000000000 ) ) ;
#4213 = EDGE_CURVE ( 'NONE', #6423, #2149, #1570, .T. ) ;
#4214 = DIRECTION ( 'NONE',  ( 0.000000000000000000, -1.000000000000000000, 0.000000000000000000 ) ) ;
#4215 = EDGE_CURVE ( 'NONE', #1957, #5482, #6128, .T. ) ;
#4216 = VERTEX_POINT ( 'NONE', #2163 ) ;
#4217 = EDGE_CURVE ( 'NONE', #3021, #5052, #1662, .T. ) ;
#4218 = AXIS2_PLACEMENT_3D ( 'NONE', #4767, #5761, #217 ) ;
#4219 = CARTESIAN_POINT ( 'NONE',  ( -4.500000000000006217, 0.000000000000000000, 4.187905387283071128E-16 ) ) ;
#4220 = ORIENTED_EDGE ( 'NONE', *, *, #4324, .F. ) ;
#4221 = DIRECTION ( 'NONE',  ( -0.000000000000000000, -1.000000000000000000, -2.168404344971010840E-16 ) ) ;
#4222 = VECTOR ( 'NONE', #1613, 1000.000000000000000 ) ;
#4223 = ORIENTED_EDGE ( 'NONE', *, *, #1284, .T. ) ;
#4224 = CARTESIAN_POINT ( 'NONE',  ( 7.001000000000006551, 15.49999999999999645, 17.80000000000000071 ) ) ;
#4225 = CARTESIAN_POINT ( 'NONE',  ( 6.225000000000000533, 3.100000000000000977, -28.50000000000000355 ) ) ;
#4226 = ORIENTED_EDGE ( 'NONE', *, *, #5396, .T. ) ;
#4227 = FACE_BOUND ( 'NONE', #4642, .T. ) ;
#4228 = ORIENTED_EDGE ( 'NONE', *, *, #1680, .F. ) ;
#4229 = CARTESIAN_POINT ( 'NONE',  ( 4.000000000000000000, -6.500000000000000000, 4.800000000000002487 ) ) ;
#4230 = CARTESIAN_POINT ( 'NONE',  ( 1.225000000000000311, -14.49999999999999645, -26.35000000000000142 ) ) ;
#4231 = VERTEX_POINT ( 'NONE', #83 ) ;
#4232 = ORIENTED_EDGE ( 'NONE', *, *, #3466, .T. ) ;
#4233 = CARTESIAN_POINT ( 'NONE',  ( 3.500000000000000000, -16.00000000000000711, 55.94999999999998153 ) ) ;
#4234 = CARTESIAN_POINT ( 'NONE',  ( 0.5000000000000018874, -18.20000000000000284, 59.65831239517768836 ) ) ;
#4235 = AXIS2_PLACEMENT_3D ( 'NONE', #2141, #6203, #5603 ) ;
#4236 = CARTESIAN_POINT ( 'NONE',  ( 0.9999999999999991118, 3.805842560179955480, 69.15558256377492796 ) ) ;
#4237 = CARTESIAN_POINT ( 'NONE',  ( 0.000000000000000000, 0.000000000000000000, 1.600000000000000089 ) ) ;
#4238 = EDGE_CURVE ( 'NONE', #6197, #4791, #2718, .T. ) ;
#4239 = CARTESIAN_POINT ( 'NONE',  ( -4.501000000000010104, -10.99999999999999822, -34.20000000000000284 ) ) ;
#4240 = VECTOR ( 'NONE', #667, 1000.000000000000114 ) ;
#4241 = AXIS2_PLACEMENT_3D ( 'NONE', #741, #2745, #6281 ) ;
#4242 = ORIENTED_EDGE ( 'NONE', *, *, #998, .T. ) ;
#4243 = EDGE_CURVE ( 'NONE', #5029, #1590, #1310, .T. ) ;
#4244 = DIRECTION ( 'NONE',  ( -0.7071067811865442421, -0.7071067811865509034, 6.580658440701145992E-17 ) ) ;
#4245 = AXIS2_PLACEMENT_3D ( 'NONE', #5578, #4065, #6092 ) ;
#4246 = DIRECTION ( 'NONE',  ( -1.000000000000000000, -3.469446951953611107E-17, 0.000000000000000000 ) ) ;
#4247 = CARTESIAN_POINT ( 'NONE',  ( 7.002000000000005997, -18.12982544119417128, 22.45831239517770328 ) ) ;
#4248 = DIRECTION ( 'NONE',  ( -1.000000000000000000, -1.239088197126290570E-16, 0.000000000000000000 ) ) ;
#4249 = CIRCLE ( 'NONE', #1932, 2.050000000000003375 ) ;
#4250 = VECTOR ( 'NONE', #2926, 1000.000000000000000 ) ;
#4251 = CARTESIAN_POINT ( 'NONE',  ( 0.9999999999999995559, -6.500000000000000000, 14.54168760482228606 ) ) ;
#4252 = VERTEX_POINT ( 'NONE', #713 ) ;
#4253 = DIRECTION ( 'NONE',  ( 0.000000000000000000, -1.000000000000000000, 0.000000000000000000 ) ) ;
#4254 = VECTOR ( 'NONE', #4181, 1000.000000000000000 ) ;
#4255 = VERTEX_POINT ( 'NONE', #1599 ) ;
#4256 = VECTOR ( 'NONE', #5513, 1000.000000000000000 ) ;
#4257 = CARTESIAN_POINT ( 'NONE',  ( 4.000000000000000000, -17.59691913088643034, 6.370786327052022635 ) ) ;
#4258 = EDGE_CURVE ( 'NONE', #2111, #5319, #2188, .T. ) ;
#4259 = CARTESIAN_POINT ( 'NONE',  ( 4.225000000000000533, -14.49999999999999645, -26.35000000000000142 ) ) ;
#4260 = ORIENTED_EDGE ( 'NONE', *, *, #5523, .T. ) ;
#4261 = DIRECTION ( 'NONE',  ( 5.782411586589358625E-16, 1.000000000000000000, 0.000000000000000000 ) ) ;
#4262 = VERTEX_POINT ( 'NONE', #6099 ) ;
#4263 = LINE ( 'NONE', #1908, #3034 ) ;
#4264 = CARTESIAN_POINT ( 'NONE',  ( 0.4999999999999990563, -13.00000000000000178, -19.20000000000000639 ) ) ;
#4265 = ORIENTED_EDGE ( 'NONE', *, *, #5821, .F. ) ;
#4266 = VERTEX_POINT ( 'NONE', #621 ) ;
#4267 = AXIS2_PLACEMENT_3D ( 'NONE', #900, #2907, #1914 ) ;
#4268 = FACE_OUTER_BOUND ( 'NONE', #1962, .T. ) ;
#4269 = CARTESIAN_POINT ( 'NONE',  ( 2.724999999999999201, -20.99999999999999645, -40.99999999999999289 ) ) ;
#4270 = ORIENTED_EDGE ( 'NONE', *, *, #1326, .F. ) ;
#4271 = EDGE_CURVE ( 'NONE', #2741, #46, #4192, .T. ) ;
#4272 = FACE_OUTER_BOUND ( 'NONE', #5073, .T. ) ;
#4273 = FACE_OUTER_BOUND ( 'NONE', #2144, .T. ) ;
#4274 = LINE ( 'NONE', #2403, #2552 ) ;
#4275 = DIRECTION ( 'NONE',  ( -2.279583848477945630E-17, 0.6570453101161650711, 0.7538510863919692939 ) ) ;
#4276 = ORIENTED_EDGE ( 'NONE', *, *, #1608, .F. ) ;
#4277 = CYLINDRICAL_SURFACE ( 'NONE', #1419, 0.7999999999999994893 ) ;
#4278 = CIRCLE ( 'NONE', #4173, 0.7999999999999986011 ) ;
#4279 = CARTESIAN_POINT ( 'NONE',  ( -64.14711903867025455, -17.32982544119417412, 55.54168760482228606 ) ) ;
#4280 = CARTESIAN_POINT ( 'NONE',  ( 7.002000000000005997, -17.00122895812818058, 52.27044339804667317 ) ) ;
#4281 = ADVANCED_FACE ( 'NONE', ( #3077 ), #590, .F. ) ;
#4282 = CARTESIAN_POINT ( 'NONE',  ( 7.000000000000000000, 3.999999999999998224, 62.50000000000000000 ) ) ;
#4283 = VERTEX_POINT ( 'NONE', #2627 ) ;
#4284 = LINE ( 'NONE', #303, #3123 ) ;
#4285 = VERTEX_POINT ( 'NONE', #5619 ) ;
#4286 = DIRECTION ( 'NONE',  ( -1.000000000000000000, 0.000000000000000000, 0.000000000000000000 ) ) ;
#4287 = LINE ( 'NONE', #1780, #5903 ) ;
#4288 = ORIENTED_EDGE ( 'NONE', *, *, #4215, .T. ) ;
#4289 = FACE_BOUND ( 'NONE', #6316, .T. ) ;
#4290 = ORIENTED_EDGE ( 'NONE', *, *, #2790, .T. ) ;
#4291 = EDGE_CURVE ( 'NONE', #142, #4574, #1418, .T. ) ;
#4292 = DIRECTION ( 'NONE',  ( -2.900659373096450185E-17, 0.8917953516752833432, -0.4524390022205841411 ) ) ;
#4293 = DIRECTION ( 'NONE',  ( -1.000000000000000000, 0.000000000000000000, 0.000000000000000000 ) ) ;
#4294 = ORIENTED_EDGE ( 'NONE', *, *, #541, .F. ) ;
#4295 = EDGE_CURVE ( 'NONE', #6393, #945, #4152, .T. ) ;
#4296 = EDGE_LOOP ( 'NONE', ( #3526, #2120, #3467, #6490 ) ) ;
#4297 = EDGE_CURVE ( 'NONE', #580, #4350, #3862, .T. ) ;
#4298 = CARTESIAN_POINT ( 'NONE',  ( 2.725000000000000089, -7.828427124746198729, -37.00000000000000000 ) ) ;
#4299 = VECTOR ( 'NONE', #1204, 1000.000000000000114 ) ;
#4300 = CARTESIAN_POINT ( 'NONE',  ( -4.500000000000007105, 22.00000000000000000, -11.20000000000000107 ) ) ;
#4301 = ORIENTED_EDGE ( 'NONE', *, *, #5364, .F. ) ;
#4303 = VECTOR ( 'NONE', #5394, 999.9999999999998863 ) ;
#4302 = DIRECTION ( 'NONE',  ( 0.000000000000000000, -0.6819983600625021403, 0.7313537016191671292 ) ) ;
#4304 = PLANE ( 'NONE',  #3667 ) ;
#4305 = CARTESIAN_POINT ( 'NONE',  ( -5.260560885536417430, -14.49999999999999645, -31.59999999999999787 ) ) ;
#4306 = LINE ( 'NONE', #2275, #1813 ) ;
#4307 = VERTEX_POINT ( 'NONE', #5281 ) ;
#4308 = DIRECTION ( 'NONE',  ( -9.340879835391208171E-17, 0.7538510863919694049, -0.6570453101161651821 ) ) ;
#4309 = CIRCLE ( 'NONE', #6117, 1.600000000000000755 ) ;
#4310 = AXIS2_PLACEMENT_3D ( 'NONE', #772, #5346, #4731 ) ;
#4311 = CYLINDRICAL_SURFACE ( 'NONE', #4327, 0.8000000000000003775 ) ;
#4312 = CARTESIAN_POINT ( 'NONE',  ( 7.002000000000005997, -17.37825347598732506, 4.800000000000004263 ) ) ;
#4313 = VECTOR ( 'NONE', #1116, 1000.000000000000000 ) ;
#4314 = FACE_OUTER_BOUND ( 'NONE', #2791, .T. ) ;
#4315 = EDGE_LOOP ( 'NONE', ( #3960, #2841 ) ) ;
#4316 = CARTESIAN_POINT ( 'NONE',  ( 0.000000000000000000, 6.500000000000000000, -29.19999999999999929 ) ) ;
#4317 = VERTEX_POINT ( 'NONE', #4259 ) ;
#4318 = AXIS2_PLACEMENT_3D ( 'NONE', #809, #2751, #2327 ) ;
#4319 = DIRECTION ( 'NONE',  ( -1.000000000000000000, -3.252606517456513918E-17, 5.129429894497256509E-33 ) ) ;
#4320 = DIRECTION ( 'NONE',  ( -1.000000000000000000, -1.239088197126290570E-16, -0.000000000000000000 ) ) ;
#4321 = CIRCLE ( 'NONE', #5077, 0.8000000000000003775 ) ;
#4322 = ORIENTED_EDGE ( 'NONE', *, *, #3963, .F. ) ;
#4323 = DIRECTION ( 'NONE',  ( 3.469446951953612956E-17, -1.000000000000000000, 0.000000000000000000 ) ) ;
#4324 = EDGE_CURVE ( 'NONE', #2223, #5661, #1228, .T. ) ;
#4325 = PLANE ( 'NONE',  #5258 ) ;
#4326 = VERTEX_POINT ( 'NONE', #2746 ) ;
#4327 = AXIS2_PLACEMENT_3D ( 'NONE', #795, #4846, #1346 ) ;
#4328 = ORIENTED_EDGE ( 'NONE', *, *, #1671, .T. ) ;
#4329 = CARTESIAN_POINT ( 'NONE',  ( 0.000000000000000000, 0.000000000000000000, -31.09999999999999432 ) ) ;
#4330 = ADVANCED_FACE ( 'NONE', ( #5756 ), #1292, .F. ) ;
#4331 = FACE_OUTER_BOUND ( 'NONE', #3886, .T. ) ;
#4332 = VERTEX_POINT ( 'NONE', #1259 ) ;
#4333 = CARTESIAN_POINT ( 'NONE',  ( 4.000000000000003553, -6.499999999999999112, 4.800000000000002487 ) ) ;
#4334 = DIRECTION ( 'NONE',  ( -4.599880250050153229E-17, -0.7071067811865524577, 0.7071067811865426878 ) ) ;
#4335 = LINE ( 'NONE', #6390, #3794 ) ;
#4336 = ORIENTED_EDGE ( 'NONE', *, *, #5385, .F. ) ;
#4337 = FACE_OUTER_BOUND ( 'NONE', #2685, .T. ) ;
#4338 = ORIENTED_EDGE ( 'NONE', *, *, #4509, .T. ) ;
#4339 = ADVANCED_FACE ( 'NONE', ( #1358 ), #2220, .F. ) ;
#4340 = CYLINDRICAL_SURFACE ( 'NONE', #1629, 0.7999999999999951594 ) ;
#4341 = DIRECTION ( 'NONE',  ( -1.176334233040896590E-17, 0.3390552584695132876, -0.9407664597040923393 ) ) ;
#4342 = DIRECTION ( 'NONE',  ( 0.000000000000000000, -1.000000000000000000, -2.168404344971010594E-16 ) ) ;
#4343 = ORIENTED_EDGE ( 'NONE', *, *, #6172, .F. ) ;
#4344 = AXIS2_PLACEMENT_3D ( 'NONE', #1029, #45, #4556 ) ;
#4345 = CARTESIAN_POINT ( 'NONE',  ( 19.72792206135787296, 3.999999999999999112, 62.50000000000000000 ) ) ;
#4346 = LINE ( 'NONE', #4316, #6190 ) ;
#4347 = EDGE_CURVE ( 'NONE', #4919, #1370, #5583, .T. ) ;
#4348 = VECTOR ( 'NONE', #1945, 1000.000000000000000 ) ;
#4349 = VERTEX_POINT ( 'NONE', #1329 ) ;
#4350 = VERTEX_POINT ( 'NONE', #2840 ) ;
#4351 = MANIFOLD_SOLID_BREP ( 'Í¹Ì¨-À­Éì36', #4879 ) ;
#4352 = EDGE_CURVE ( 'NONE', #4935, #6448, #3263, .T. ) ;
#4353 = CARTESIAN_POINT ( 'NONE',  ( 0.4999999999999988343, -10.99999999999999822, -24.20000000000000639 ) ) ;
#4354 = AXIS2_PLACEMENT_3D ( 'NONE', #3172, #5587, #5651 ) ;
#4355 = VECTOR ( 'NONE', #3912, 1000.000000000000000 ) ;
#4356 = ORIENTED_EDGE ( 'NONE', *, *, #6362, .F. ) ;
#4357 = FACE_BOUND ( 'NONE', #5713, .T. ) ;
#4358 = EDGE_CURVE ( 'NONE', #3226, #5104, #643, .T. ) ;
#4359 = FACE_OUTER_BOUND ( 'NONE', #1725, .T. ) ;
#4360 = CIRCLE ( 'NONE', #5213, 3.999999999999998224 ) ;
#4361 = ORIENTED_EDGE ( 'NONE', *, *, #4722, .F. ) ;
#4362 = ORIENTED_EDGE ( 'NONE', *, *, #1250, .T. ) ;
#4363 = EDGE_CURVE ( 'NONE', #5923, #1274, #2289, .T. ) ;
#4364 = FACE_OUTER_BOUND ( 'NONE', #5622, .T. ) ;
#4365 = EDGE_LOOP ( 'NONE', ( #5447, #2944, #4475, #3402 ) ) ;
#4366 = DIRECTION ( 'NONE',  ( 1.275531967630005245E-16, -1.000000000000000000, 0.000000000000000000 ) ) ;
#4367 = EDGE_LOOP ( 'NONE', ( #5127, #2707, #5418, #51 ) ) ;
#4368 = CARTESIAN_POINT ( 'NONE',  ( 4.500000000000000888, 15.49999999999999822, -14.20000000000000462 ) ) ;
#4369 = DIRECTION ( 'NONE',  ( -1.000000000000000000, 0.000000000000000000, 0.000000000000000000 ) ) ;
#4370 = LINE ( 'NONE', #1340, #124 ) ;
#4371 = VERTEX_POINT ( 'NONE', #310 ) ;
#4372 = EDGE_CURVE ( 'NONE', #5319, #6187, #2780, .T. ) ;
#4373 = CARTESIAN_POINT ( 'NONE',  ( 7.002000000000006885, -18.20000000000000284, 50.28776832031181243 ) ) ;
#4374 = ORIENTED_EDGE ( 'NONE', *, *, #4023, .T. ) ;
#4375 = CARTESIAN_POINT ( 'NONE',  ( 3.499999999999995559, -15.99999999999999645, 22.04999999999999716 ) ) ;
#4376 = DIRECTION ( 'NONE',  ( -1.000000000000000000, -3.252606517456513918E-17, -2.535569890667617442E-16 ) ) ;
#4377 = AXIS2_PLACEMENT_3D ( 'NONE', #2851, #2332, #2398 ) ;
#4378 = DIRECTION ( 'NONE',  ( 0.000000000000000000, 0.000000000000000000, -1.000000000000000000 ) ) ;
#4379 = EDGE_CURVE ( 'NONE', #240, #123, #4287, .T. ) ;
#4380 = EDGE_CURVE ( 'NONE', #3306, #3003, #3058, .T. ) ;
#4381 = ORIENTED_EDGE ( 'NONE', *, *, #1554, .T. ) ;
#4382 = EDGE_CURVE ( 'NONE', #1140, #4255, #6441, .T. ) ;
#4383 = DIRECTION ( 'NONE',  ( 3.469446951953611107E-17, -1.000000000000000000, 0.000000000000000000 ) ) ;
#4384 = DIRECTION ( 'NONE',  ( -1.000000000000000000, -1.239088197126290570E-16, 0.000000000000000000 ) ) ;
#4385 = VERTEX_POINT ( 'NONE', #4491 ) ;
#4386 = ORIENTED_EDGE ( 'NONE', *, *, #6402, .F. ) ;
#4387 = DIRECTION ( 'NONE',  ( -0.000000000000000000, 1.000000000000000000, 0.000000000000000000 ) ) ;
#4388 = DIRECTION ( 'NONE',  ( -7.589415207398536955E-16, 4.336808689942021187E-16, -1.000000000000000000 ) ) ;
#4389 = VERTEX_POINT ( 'NONE', #2389 ) ;
#4390 = PLANE ( 'NONE',  #1056 ) ;
#4391 = DIRECTION ( 'NONE',  ( 0.000000000000000000, 0.000000000000000000, -1.000000000000000000 ) ) ;
#4392 = ORIENTED_EDGE ( 'NONE', *, *, #4949, .T. ) ;
#4393 = EDGE_LOOP ( 'NONE', ( #5207, #2501, #28, #5236 ) ) ;
#4394 = CARTESIAN_POINT ( 'NONE',  ( 0.4999999999999997780, -19.00000000000001066, 54.86700173132491898 ) ) ;
#4395 = VERTEX_POINT ( 'NONE', #3005 ) ;
#4396 = DIRECTION ( 'NONE',  ( 1.000000000000000000, 1.239088197126290570E-16, 0.000000000000000000 ) ) ;
#4397 = ORIENTED_EDGE ( 'NONE', *, *, #2062, .T. ) ;
#4398 = LINE ( 'NONE', #5006, #4140 ) ;
#4399 = DIRECTION ( 'NONE',  ( -1.000000000000000000, -1.239088197126290570E-16, 0.000000000000000000 ) ) ;
#4400 = DIRECTION ( 'NONE',  ( 0.000000000000000000, 0.000000000000000000, 1.000000000000000000 ) ) ;
#4401 = ORIENTED_EDGE ( 'NONE', *, *, #5556, .F. ) ;
#4402 = VECTOR ( 'NONE', #4590, 1000.000000000000000 ) ;
#4403 = DIRECTION ( 'NONE',  ( 0.000000000000000000, 0.000000000000000000, 1.000000000000000000 ) ) ;
#4404 = EDGE_CURVE ( 'NONE', #5647, #3049, #5478, .T. ) ;
#4405 = CARTESIAN_POINT ( 'NONE',  ( 0.4999999999999995559, -17.32982544119417057, 22.45831239517770328 ) ) ;
#4406 = DIRECTION ( 'NONE',  ( -1.000000000000000000, -3.252606517456513918E-17, 0.000000000000000000 ) ) ;
#4407 = DIRECTION ( 'NONE',  ( -3.252606517456513918E-17, 1.000000000000000000, 0.000000000000000000 ) ) ;
#4408 = ORIENTED_EDGE ( 'NONE', *, *, #4586, .T. ) ;
#4409 = AXIS2_PLACEMENT_3D ( 'NONE', #4108, #4573, #60 ) ;
#4410 = CARTESIAN_POINT ( 'NONE',  ( 7.002000000000005109, -9.960362833696484230, 35.09386066807927307 ) ) ;
#4411 = ADVANCED_FACE ( 'NONE', ( #6020 ), #3965, .T. ) ;
#4412 = DIRECTION ( 'NONE',  ( -1.000000000000000000, -3.469446951953611107E-17, 0.000000000000000000 ) ) ;
#4413 = CARTESIAN_POINT ( 'NONE',  ( 0.4999999999999992784, -14.80000000000000071, 39.00000000000000000 ) ) ;
#4414 = ADVANCED_FACE ( 'NONE', ( #2016 ), #4029, .F. ) ;
#4415 = ORIENTED_EDGE ( 'NONE', *, *, #6237, .T. ) ;
#4416 = ORIENTED_EDGE ( 'NONE', *, *, #703, .T. ) ;
#4417 = AXIS2_PLACEMENT_3D ( 'NONE', #2130, #3699, #5623 ) ;
#4418 = VECTOR ( 'NONE', #3427, 1000.000000000000000 ) ;
#4419 = FACE_OUTER_BOUND ( 'NONE', #6228, .T. ) ;
#4420 = DIRECTION ( 'NONE',  ( 1.000000000000000000, 1.239088197126290570E-16, 0.000000000000000000 ) ) ;
#4421 = AXIS2_PLACEMENT_3D ( 'NONE', #1160, #2121, #4127 ) ;
#4422 = ORIENTED_EDGE ( 'NONE', *, *, #5268, .F. ) ;
#4423 = CARTESIAN_POINT ( 'NONE',  ( -3.275000000000008349, 27.19999999999999574, -16.33699999999999974 ) ) ;
#4424 = DIRECTION ( 'NONE',  ( -1.000000000000000000, -3.252606517456513918E-17, -0.000000000000000000 ) ) ;
#4425 = ORIENTED_EDGE ( 'NONE', *, *, #5687, .T. ) ;
#4426 = ORIENTED_EDGE ( 'NONE', *, *, #1158, .T. ) ;
#4427 = CARTESIAN_POINT ( 'NONE',  ( 7.001000000000005663, -12.75000000000000000, 0.000000000000000000 ) ) ;
#4428 = ADVANCED_FACE ( 'NONE', ( #5022 ), #898, .F. ) ;
#4429 = ORIENTED_EDGE ( 'NONE', *, *, #2573, .T. ) ;
#4430 = DIRECTION ( 'NONE',  ( 6.806311348934042292E-17, -0.6819983600625025844, 0.7313537016191666851 ) ) ;
#4431 = ORIENTED_EDGE ( 'NONE', *, *, #5685, .F. ) ;
#4432 = CARTESIAN_POINT ( 'NONE',  ( 4.000000000000000000, -16.24861579036490511, 52.54168760482228606 ) ) ;
#4433 = VECTOR ( 'NONE', #4117, 1000.000000000000000 ) ;
#4434 = CARTESIAN_POINT ( 'NONE',  ( 7.001000000000002110, -0.9999999999999943379, -37.00000000000000000 ) ) ;
#4435 = ORIENTED_EDGE ( 'NONE', *, *, #4914, .F. ) ;
#4436 = CYLINDRICAL_SURFACE ( 'NONE', #18, 0.7999999999999986011 ) ;
#4437 = EDGE_CURVE ( 'NONE', #2572, #3589, #5985, .T. ) ;
#4438 = ORIENTED_EDGE ( 'NONE', *, *, #1524, .F. ) ;
#4439 = LINE ( 'NONE', #30, #4206 ) ;
#4440 = EDGE_CURVE ( 'NONE', #5458, #1140, #1462, .T. ) ;
#4441 = LINE ( 'NONE', #6462, #53 ) ;
#4442 = LINE ( 'NONE', #2441, #3772 ) ;
#4443 = EDGE_CURVE ( 'NONE', #2474, #240, #4001, .T. ) ;
#4444 = DIRECTION ( 'NONE',  ( 0.000000000000000000, 0.000000000000000000, -1.000000000000000000 ) ) ;
#4445 = DIRECTION ( 'NONE',  ( 3.469446951953611107E-17, -1.000000000000000000, 0.000000000000000000 ) ) ;
#4446 = ORIENTED_EDGE ( 'NONE', *, *, #2210, .F. ) ;
#4447 = CARTESIAN_POINT ( 'NONE',  ( -3.275000000000009681, 18.99999999999999645, -29.19999999999999929 ) ) ;
#4448 = CARTESIAN_POINT ( 'NONE',  ( -3.275000000000008793, 20.99999999999999645, -21.33700000000000330 ) ) ;
#4449 = CARTESIAN_POINT ( 'NONE',  ( 7.001000000000006551, 7.999999999999996447, 17.80000000000000071 ) ) ;
#4450 = VECTOR ( 'NONE', #4118, 1000.000000000000000 ) ;
#4451 = ORIENTED_EDGE ( 'NONE', *, *, #2811, .T. ) ;
#4452 = ORIENTED_EDGE ( 'NONE', *, *, #1388, .T. ) ;
#4453 = AXIS2_PLACEMENT_3D ( 'NONE', #3496, #2085, #1592 ) ;
#4454 = CARTESIAN_POINT ( 'NONE',  ( 1.000000000000000000, -18.20000000000000639, 15.34168760482228500 ) ) ;
#4455 = VECTOR ( 'NONE', #5158, 1000.000000000000000 ) ;
#4456 = CARTESIAN_POINT ( 'NONE',  ( 0.4999999999999978351, -3.500000000000001332, -29.20000000000000284 ) ) ;
#4457 = ORIENTED_EDGE ( 'NONE', *, *, #3841, .T. ) ;
#4458 = LINE ( 'NONE', #4958, #3633 ) ;
#4459 = AXIS2_PLACEMENT_3D ( 'NONE', #784, #6291, #2396 ) ;
#4460 = CIRCLE ( 'NONE', #4051, 2.049999999999999822 ) ;
#4461 = PLANE ( 'NONE',  #2331 ) ;
#4462 = VERTEX_POINT ( 'NONE', #5446 ) ;
#4463 = VERTEX_POINT ( 'NONE', #511 ) ;
#4464 = ADVANCED_FACE ( 'NONE', ( #1912 ), #4524, .F. ) ;
#4465 = CIRCLE ( 'NONE', #6270, 0.7999999999999986011 ) ;
#4466 = DIRECTION ( 'NONE',  ( -1.000000000000000000, -1.239088197126290570E-16, -0.000000000000000000 ) ) ;
#4467 = VERTEX_POINT ( 'NONE', #2489 ) ;
#4468 = CARTESIAN_POINT ( 'NONE',  ( 7.000000000000000000, 11.74999999999999645, 17.80000000000000426 ) ) ;
#4469 = EDGE_LOOP ( 'NONE', ( #576, #2714, #1344, #3656 ) ) ;
#4470 = DIRECTION ( 'NONE',  ( 0.000000000000000000, 0.000000000000000000, 1.000000000000000000 ) ) ;
#4471 = VECTOR ( 'NONE', #394, 1000.000000000000000 ) ;
#4472 = AXIS2_PLACEMENT_3D ( 'NONE', #2994, #5498, #5012 ) ;
#4473 = DIRECTION ( 'NONE',  ( 0.000000000000000000, 1.000000000000000000, 0.000000000000000000 ) ) ;
#4474 = VERTEX_POINT ( 'NONE', #6058 ) ;
#4475 = ORIENTED_EDGE ( 'NONE', *, *, #5032, .F. ) ;
#4476 = DIRECTION ( 'NONE',  ( -1.000000000000000000, 0.000000000000000000, 0.000000000000000000 ) ) ;
#4477 = EDGE_CURVE ( 'NONE', #1280, #2377, #3392, .T. ) ;
#4478 = LINE ( 'NONE', #6502, #5417 ) ;
#4479 = CARTESIAN_POINT ( 'NONE',  ( 7.000000000000000000, 18.99999999999999645, -29.19999999999999929 ) ) ;
#4480 = DIRECTION ( 'NONE',  ( 1.000000000000000000, 3.252606517456513918E-17, -1.048466334442454091E-16 ) ) ;
#4481 = EDGE_CURVE ( 'NONE', #2131, #4159, #4955, .T. ) ;
#4482 = CARTESIAN_POINT ( 'NONE',  ( 4.000000000000000000, -8.498771041871817644, 52.27044339804668027 ) ) ;
#4483 = ORIENTED_EDGE ( 'NONE', *, *, #4746, .F. ) ;
#4484 = VECTOR ( 'NONE', #3507, 1000.000000000000000 ) ;
#4485 = CIRCLE ( 'NONE', #4267, 0.8000000000000003775 ) ;
#4486 = CARTESIAN_POINT ( 'NONE',  ( 4.000000000000000000, -7.299999999999999822, 4.000000000000000000 ) ) ;
#4487 = PLANE ( 'NONE',  #5046 ) ;
#4488 = ORIENTED_EDGE ( 'NONE', *, *, #2128, .F. ) ;
#4489 = VERTEX_POINT ( 'NONE', #2454 ) ;
#4490 = CARTESIAN_POINT ( 'NONE',  ( 4.500000000000000888, 11.74999999999999645, 17.80000000000000426 ) ) ;
#4491 = CARTESIAN_POINT ( 'NONE',  ( 4.000000000000000000, -19.00000000000000355, 14.54168760482228606 ) ) ;
#4492 = ORIENTED_EDGE ( 'NONE', *, *, #2620, .T. ) ;
#4493 = CARTESIAN_POINT ( 'NONE',  ( 1.999999999999999112, -0.5000000000000065503, 62.50000000000000000 ) ) ;
#4494 = EDGE_CURVE ( 'NONE', #1648, #384, #3530, .T. ) ;
#4495 = VECTOR ( 'NONE', #2217, 1000.000000000000000 ) ;
#4496 = DIRECTION ( 'NONE',  ( 0.000000000000000000, -0.000000000000000000, -1.000000000000000000 ) ) ;
#4497 = ORIENTED_EDGE ( 'NONE', *, *, #5055, .F. ) ;
#4498 = EDGE_CURVE ( 'NONE', #674, #4187, #4921, .T. ) ;
#4499 = EDGE_LOOP ( 'NONE', ( #1691, #2834, #3130, #1630 ) ) ;
#4500 = PLANE ( 'NONE',  #1186 ) ;
#4501 = CYLINDRICAL_SURFACE ( 'NONE', #2161, 2.049999999999999822 ) ;
#4502 = ORIENTED_EDGE ( 'NONE', *, *, #3813, .F. ) ;
#4503 = LINE ( 'NONE', #6073, #4564 ) ;
#4504 = ORIENTED_EDGE ( 'NONE', *, *, #4968, .T. ) ;
#4505 = CARTESIAN_POINT ( 'NONE',  ( 0.5000000000000004441, -19.00000000000000355, 21.65831239517770612 ) ) ;
#4506 = EDGE_CURVE ( 'NONE', #3567, #6514, #105, .T. ) ;
#4507 = LINE ( 'NONE', #6527, #2422 ) ;
#4508 = EDGE_LOOP ( 'NONE', ( #5278, #5977, #1669, #201, #737, #6093 ) ) ;
#4509 = EDGE_CURVE ( 'NONE', #2111, #2698, #3495, .T. ) ;
#4510 = VERTEX_POINT ( 'NONE', #375 ) ;
#4511 = DIRECTION ( 'NONE',  ( -3.252606517456513918E-17, 1.000000000000000000, 0.000000000000000000 ) ) ;
#4512 = LINE ( 'NONE', #3060, #1105 ) ;
#4513 = CARTESIAN_POINT ( 'NONE',  ( 1.225000000000000089, -20.99999999999999645, -34.20000000000000284 ) ) ;
#4514 = CARTESIAN_POINT ( 'NONE',  ( 0.9999999999999997780, -15.50000000000000178, 64.00000000000000000 ) ) ;
#4515 = VECTOR ( 'NONE', #4196, 1000.000000000000000 ) ;
#4516 = LINE ( 'NONE', #3487, #5108 ) ;
#4517 = LINE ( 'NONE', #3, #6469 ) ;
#4518 = DIRECTION ( 'NONE',  ( 0.000000000000000000, 0.000000000000000000, 1.000000000000000000 ) ) ;
#4519 = VECTOR ( 'NONE', #94, 1000.000000000000000 ) ;
#4520 = EDGE_LOOP ( 'NONE', ( #2938, #126, #3377, #2263, #2508, #4415 ) ) ;
#4521 = ORIENTED_EDGE ( 'NONE', *, *, #5921, .T. ) ;
#4522 = CIRCLE ( 'NONE', #4944, 0.8000000000000003775 ) ;
#4523 = DIRECTION ( 'NONE',  ( 0.000000000000000000, -1.000000000000000000, -1.734723475976807883E-15 ) ) ;
#4524 = CYLINDRICAL_SURFACE ( 'NONE', #4845, 2.050000000000003375 ) ;
#4525 = CARTESIAN_POINT ( 'NONE',  ( 0.000000000000000000, 6.500000000000000000, -29.19999999999999929 ) ) ;
#4526 = ORIENTED_EDGE ( 'NONE', *, *, #4363, .T. ) ;
#4527 = CARTESIAN_POINT ( 'NONE',  ( 4.000000000000000000, -12.46362969077260274, 42.98973583661788211 ) ) ;
#4528 = DIRECTION ( 'NONE',  ( 1.000000000000000000, 1.239088197126290570E-16, 0.000000000000000000 ) ) ;
#4529 = ORIENTED_EDGE ( 'NONE', *, *, #1897, .F. ) ;
#4530 = ORIENTED_EDGE ( 'NONE', *, *, #1233, .T. ) ;
#4531 = DIRECTION ( 'NONE',  ( 1.000000000000000000, 0.000000000000000000, 0.000000000000000000 ) ) ;
#4532 = LINE ( 'NONE', #1958, #1827 ) ;
#4533 = CIRCLE ( 'NONE', #1687, 0.7999999999999986011 ) ;
#4534 = VERTEX_POINT ( 'NONE', #1028 ) ;
#4535 = CARTESIAN_POINT ( 'NONE',  ( 7.002000000000005997, -11.53650156772112467, 14.54168760482228606 ) ) ;
#4536 = ORIENTED_EDGE ( 'NONE', *, *, #5938, .F. ) ;
#4537 = FACE_OUTER_BOUND ( 'NONE', #2570, .T. ) ;
#4538 = LINE ( 'NONE', #6421, #5899 ) ;
#4539 = ORIENTED_EDGE ( 'NONE', *, *, #4550, .T. ) ;
#4540 = ORIENTED_EDGE ( 'NONE', *, *, #5937, .T. ) ;
#4541 = ADVANCED_FACE ( 'NONE', ( #3036 ), #545, .F. ) ;
#4542 = CARTESIAN_POINT ( 'NONE',  ( 0.4999999999999979461, -4.499999999999999112, -40.00100000000001188 ) ) ;
#4543 = AXIS2_PLACEMENT_3D ( 'NONE', #1538, #480, #4391 ) ;
#4544 = VECTOR ( 'NONE', #1644, 1000.000000000000000 ) ;
#4545 = DIRECTION ( 'NONE',  ( 1.000000000000000000, 0.000000000000000000, 0.000000000000000000 ) ) ;
#4546 = DIRECTION ( 'NONE',  ( -1.000000000000000000, -1.239088197126290570E-16, 6.270397653133600026E-34 ) ) ;
#4547 = DIRECTION ( 'NONE',  ( -1.000000000000000000, -3.252606517456513918E-17, 1.048466334442454337E-16 ) ) ;
#4548 = AXIS2_PLACEMENT_3D ( 'NONE', #136, #5336, #856 ) ;
#4549 = CARTESIAN_POINT ( 'NONE',  ( -4.501000000000010104, -10.99999999999999822, -34.20000000000000284 ) ) ;
#4550 = EDGE_CURVE ( 'NONE', #2359, #169, #3256, .T. ) ;
#4551 = CARTESIAN_POINT ( 'NONE',  ( 1.000000000000000888, -10.95018283449971719, 60.45831239517769262 ) ) ;
#4552 = CARTESIAN_POINT ( 'NONE',  ( 3.999999999999990674, 23.99999999999999645, -29.19999999999999929 ) ) ;
#4553 = ORIENTED_EDGE ( 'NONE', *, *, #960, .F. ) ;
#4554 = DIRECTION ( 'NONE',  ( -1.000000000000000000, 0.000000000000000000, 0.000000000000000000 ) ) ;
#4555 = DIRECTION ( 'NONE',  ( -3.252606517456513918E-17, 1.000000000000000000, 0.000000000000000000 ) ) ;
#4556 = DIRECTION ( 'NONE',  ( 0.000000000000000000, -0.000000000000000000, -1.000000000000000000 ) ) ;
#4557 = CIRCLE ( 'NONE', #4675, 5.000000000000000888 ) ;
#4558 = ORIENTED_EDGE ( 'NONE', *, *, #2187, .T. ) ;
#4559 = FACE_OUTER_BOUND ( 'NONE', #3002, .T. ) ;
#4560 = CYLINDRICAL_SURFACE ( 'NONE', #2956, 3.999999999999998224 ) ;
#4561 = EDGE_LOOP ( 'NONE', ( #4154, #1364, #4807, #6289, #3601, #1268 ) ) ;
#4562 = EDGE_CURVE ( 'NONE', #3853, #5384, #5460, .T. ) ;
#4563 = EDGE_LOOP ( 'NONE', ( #2917, #528, #2347, #3038, #5287, #5144 ) ) ;
#4564 = VECTOR ( 'NONE', #4430, 1000.000000000000000 ) ;
#4565 = AXIS2_PLACEMENT_3D ( 'NONE', #5755, #6250, #3170 ) ;
#4566 = CARTESIAN_POINT ( 'NONE',  ( 4.000000000000000000, -13.00000000000000178, -4.800000000000000711 ) ) ;
#4567 = DIRECTION ( 'NONE',  ( -1.000000000000000000, 0.000000000000000000, 9.306456416184589495E-17 ) ) ;
#4568 = AXIS2_PLACEMENT_3D ( 'NONE', #6418, #3509, #4969 ) ;
#4569 = ORIENTED_EDGE ( 'NONE', *, *, #306, .F. ) ;
#4570 = FACE_OUTER_BOUND ( 'NONE', #17, .T. ) ;
#4571 = ORIENTED_EDGE ( 'NONE', *, *, #1875, .F. ) ;
#4572 = CARTESIAN_POINT ( 'NONE',  ( 7.000000000000000000, -13.99999999999999822, -19.59999999999999787 ) ) ;
#4573 = DIRECTION ( 'NONE',  ( 1.000000000000000000, 0.000000000000000000, -0.000000000000000000 ) ) ;
#4574 = VERTEX_POINT ( 'NONE', #948 ) ;
#4575 = CIRCLE ( 'NONE', #2776, 2.050000000000010036 ) ;
#4576 = ORIENTED_EDGE ( 'NONE', *, *, #1388, .F. ) ;
#4577 = LINE ( 'NONE', #64, #2319 ) ;
#4578 = VECTOR ( 'NONE', #2482, 1000.000000000000000 ) ;
#4579 = VECTOR ( 'NONE', #2146, 1000.000000000000000 ) ;
#4580 = EDGE_CURVE ( 'NONE', #691, #6187, #4439, .T. ) ;
#4581 = CARTESIAN_POINT ( 'NONE',  ( 1.000000000000000000, -8.921746524012673873, 18.34168760482228677 ) ) ;
#4582 = CARTESIAN_POINT ( 'NONE',  ( 0.9999999999999995559, -7.299999999999998934, 15.34168760482228500 ) ) ;
#4583 = EDGE_CURVE ( 'NONE', #5300, #802, #2574, .T. ) ;
#4584 = PLANE ( 'NONE',  #3588 ) ;
#4585 = AXIS2_PLACEMENT_3D ( 'NONE', #1430, #3426, #929 ) ;
#4586 = EDGE_CURVE ( 'NONE', #6185, #5925, #4577, .T. ) ;
#4587 = CARTESIAN_POINT ( 'NONE',  ( 0.4999999999999989453, -12.20000000000000107, -19.20000000000000639 ) ) ;
#4588 = EDGE_CURVE ( 'NONE', #5661, #2877, #6460, .T. ) ;
#4589 = CARTESIAN_POINT ( 'NONE',  ( 4.000000000000000000, -12.40635562892712329, 43.78768300394145996 ) ) ;
#4590 = DIRECTION ( 'NONE',  ( 1.000000000000000000, 0.000000000000000000, 0.000000000000000000 ) ) ;
#4591 = EDGE_CURVE ( 'NONE', #1472, #822, #2073, .T. ) ;
#4592 = VERTEX_POINT ( 'NONE', #4081 ) ;
#4593 = EDGE_CURVE ( 'NONE', #388, #6196, #3548, .T. ) ;
#4594 = CARTESIAN_POINT ( 'NONE',  ( 2.724999999999999201, -14.49999999999999645, -31.09999999999999432 ) ) ;
#4595 = PLANE ( 'NONE',  #4453 ) ;
#4596 = ORIENTED_EDGE ( 'NONE', *, *, #5911, .T. ) ;
#4597 = DIRECTION ( 'NONE',  ( 0.000000000000000000, -1.000000000000000000, 1.577021341797097560E-16 ) ) ;
#4598 = DIRECTION ( 'NONE',  ( 0.000000000000000000, 0.000000000000000000, -1.000000000000000000 ) ) ;
#4599 = VERTEX_POINT ( 'NONE', #2476 ) ;
#4600 = DIRECTION ( 'NONE',  ( 0.000000000000000000, -1.577021341797097560E-16, -1.000000000000000000 ) ) ;
#4601 = DIRECTION ( 'NONE',  ( -1.000000000000000000, -1.239088197126290570E-16, 0.000000000000000000 ) ) ;
#4602 = VERTEX_POINT ( 'NONE', #3444 ) ;
#4603 = DIRECTION ( 'NONE',  ( 3.129951135296190967E-17, -1.000000000000000000, 0.000000000000000000 ) ) ;
#4604 = ORIENTED_EDGE ( 'NONE', *, *, #110, .F. ) ;
#4605 = EDGE_CURVE ( 'NONE', #3698, #1152, #565, .T. ) ;
#4606 = LINE ( 'NONE', #87, #5350 ) ;
#4607 = DIRECTION ( 'NONE',  ( -0.000000000000000000, -0.000000000000000000, -1.000000000000000000 ) ) ;
#4608 = VERTEX_POINT ( 'NONE', #2955 ) ;
#4609 = ORIENTED_EDGE ( 'NONE', *, *, #1035, .F. ) ;
#4610 = LINE ( 'NONE', #722, #4313 ) ;
#4611 = CARTESIAN_POINT ( 'NONE',  ( 0.5000000000000023315, -22.50000000000001066, 67.00000000000000000 ) ) ;
#4612 = EDGE_CURVE ( 'NONE', #5925, #6197, #2, .T. ) ;
#4613 = CARTESIAN_POINT ( 'NONE',  ( 3.499999999999995115, -15.99999999999999645, 19.99999999999999289 ) ) ;
#4614 = CARTESIAN_POINT ( 'NONE',  ( 2.999999999999999112, 3.805842560179955480, 69.15558256377492796 ) ) ;
#4615 = ADVANCED_FACE ( 'NONE', ( #4975 ), #4052, .F. ) ;
#4616 = DIRECTION ( 'NONE',  ( -1.000000000000000000, 0.000000000000000000, -0.000000000000000000 ) ) ;
#4617 = ORIENTED_EDGE ( 'NONE', *, *, #4213, .F. ) ;
#4618 = FACE_OUTER_BOUND ( 'NONE', #4561, .T. ) ;
#4619 = ADVANCED_FACE ( 'NONE', ( #4013 ), #916, .F. ) ;
#4620 = DIRECTION ( 'NONE',  ( 0.000000000000000000, 0.000000000000000000, 1.000000000000000000 ) ) ;
#4621 = ORIENTED_EDGE ( 'NONE', *, *, #5305, .F. ) ;
#4622 = AXIS2_PLACEMENT_3D ( 'NONE', #6225, #4165, #1694 ) ;
#4623 = LINE ( 'NONE', #1656, #5114 ) ;
#4624 = EDGE_CURVE ( 'NONE', #218, #5910, #6005, .T. ) ;
#4625 = CIRCLE ( 'NONE', #532, 2.050000000000010036 ) ;
#4626 = CARTESIAN_POINT ( 'NONE',  ( 7.000000000000000000, 3.100000000000000089, -34.00000000000000000 ) ) ;
#4627 = ORIENTED_EDGE ( 'NONE', *, *, #4295, .T. ) ;
#4628 = ADVANCED_FACE ( 'NONE', ( #3059 ), #5497, .F. ) ;
#4629 = CARTESIAN_POINT ( 'NONE',  ( 7.002000000000005109, -8.318665654899097817, 17.01605135672935631 ) ) ;
#4630 = DIRECTION ( 'NONE',  ( 1.000000000000000000, 3.252606517456513302E-17, -2.535569890667616456E-16 ) ) ;
#4631 = VERTEX_POINT ( 'NONE', #2992 ) ;
#4632 = DIRECTION ( 'NONE',  ( 1.000000000000000000, 0.000000000000000000, -0.000000000000000000 ) ) ;
#4633 = CARTESIAN_POINT ( 'NONE',  ( 0.4999999999999995559, -16.57825347598732790, 4.800000000000004263 ) ) ;
#4634 = ORIENTED_EDGE ( 'NONE', *, *, #3488, .T. ) ;
#4635 = CARTESIAN_POINT ( 'NONE',  ( 3.999999999999999112, 20.99999999999999289, 50.71710613007402202 ) ) ;
#4636 = ORIENTED_EDGE ( 'NONE', *, *, #4859, .F. ) ;
#4637 = AXIS2_PLACEMENT_3D ( 'NONE', #910, #2032, #4399 ) ;
#4638 = AXIS2_PLACEMENT_3D ( 'NONE', #6081, #981, #4511 ) ;
#4639 = DIRECTION ( 'NONE',  ( 0.000000000000000000, -1.000000000000000000, -2.168404344971010594E-16 ) ) ;
#4640 = CARTESIAN_POINT ( 'NONE',  ( 4.000000000000000000, -18.20000000000000284, 50.28776832031181243 ) ) ;
#4641 = EDGE_LOOP ( 'NONE', ( #3976, #5829, #4338, #6002 ) ) ;
#4642 = EDGE_LOOP ( 'NONE', ( #3686, #890 ) ) ;
#4643 = VECTOR ( 'NONE', #127, 1000.000000000000114 ) ;
#4644 = DIRECTION ( 'NONE',  ( -1.000000000000000000, -0.000000000000000000, -0.000000000000000000 ) ) ;
#4645 = AXIS2_PLACEMENT_3D ( 'NONE', #5245, #274, #5276 ) ;
#4646 = EDGE_CURVE ( 'NONE', #3698, #5509, #497, .T. ) ;
#4647 = PLANE ( 'NONE',  #6309 ) ;
#4648 = CARTESIAN_POINT ( 'NONE',  ( 2.999999999999999112, 4.499999999999998224, 64.00000000000000000 ) ) ;
#4649 = CIRCLE ( 'NONE', #5483, 2.050000000000003375 ) ;
#4650 = ADVANCED_FACE ( 'NONE', ( #2003 ), #6041, .F. ) ;
#4651 = CARTESIAN_POINT ( 'NONE',  ( 4.000000000000000000, -12.20000000000000107, -18.40000000000000568 ) ) ;
#4652 = ORIENTED_EDGE ( 'NONE', *, *, #1807, .F. ) ;
#4653 = AXIS2_PLACEMENT_3D ( 'NONE', #5360, #353, #850 ) ;
#4654 = ORIENTED_EDGE ( 'NONE', *, *, #5718, .F. ) ;
#4655 = EDGE_CURVE ( 'NONE', #399, #2860, #2542, .T. ) ;
#4656 = CARTESIAN_POINT ( 'NONE',  ( 7.002000000000005109, -12.75000000000000000, 39.00000000000000000 ) ) ;
#4657 = PRODUCT_CONTEXT ( 'NONE', #355, 'mechanical' ) ;
#4658 = CYLINDRICAL_SURFACE ( 'NONE', #4548, 1.600000000000000089 ) ;
#4659 = AXIS2_PLACEMENT_3D ( 'NONE', #2616, #4690, #4620 ) ;
#4660 = ORIENTED_EDGE ( 'NONE', *, *, #2702, .F. ) ;
#4661 = DIRECTION ( 'NONE',  ( -0.000000000000000000, 1.000000000000000000, 2.168404344971010594E-16 ) ) ;
#4662 = FACE_OUTER_BOUND ( 'NONE', #903, .T. ) ;
#4663 = ORIENTED_EDGE ( 'NONE', *, *, #2604, .F. ) ;
#4664 = CARTESIAN_POINT ( 'NONE',  ( 0.5000000000000004441, -14.54981716550029525, 65.20000000000000284 ) ) ;
#4665 = VERTEX_POINT ( 'NONE', #221 ) ;
#4666 = CARTESIAN_POINT ( 'NONE',  ( 1.000000000000000000, -17.32982544119417057, 21.65831239517770257 ) ) ;
#4667 = DIRECTION ( 'NONE',  ( -1.000000000000000000, -1.239088197126290570E-16, 0.000000000000000000 ) ) ;
#4668 = ORIENTED_EDGE ( 'NONE', *, *, #4022, .F. ) ;
#4669 = LINE ( 'NONE', #3174, #3255 ) ;
#4670 = ORIENTED_EDGE ( 'NONE', *, *, #1540, .T. ) ;
#4671 = CARTESIAN_POINT ( 'NONE',  ( -63.03173803727769808, -7.300000000000001599, 15.44526502967734416 ) ) ;
#4672 = CYLINDRICAL_SURFACE ( 'NONE', #4202, 3.999999999999998224 ) ;
#4673 = ORIENTED_EDGE ( 'NONE', *, *, #6052, .F. ) ;
#4674 = EDGE_CURVE ( 'NONE', #5432, #1634, #5801, .T. ) ;
#4675 = AXIS2_PLACEMENT_3D ( 'NONE', #68, #2176, #2079 ) ;
#4676 = EDGE_CURVE ( 'NONE', #1353, #5547, #649, .T. ) ;
#4677 = ORIENTED_EDGE ( 'NONE', *, *, #5677, .T. ) ;
#4678 = AXIS2_PLACEMENT_3D ( 'NONE', #4134, #657, #4639 ) ;
#4679 = DIRECTION ( 'NONE',  ( 1.000000000000000000, 3.252606517456513918E-17, -0.000000000000000000 ) ) ;
#4680 = AXIS2_PLACEMENT_3D ( 'NONE', #706, #4156, #2740 ) ;
#4681 = DIRECTION ( 'NONE',  ( 0.3441177186087010509, -0.3441177186086976647, 0.8735937222067750030 ) ) ;
#4682 = VECTOR ( 'NONE', #986, 1000.000000000000000 ) ;
#4683 = CARTESIAN_POINT ( 'NONE',  ( 0.5000000000000004441, -7.299999999999999822, 15.44526502967733705 ) ) ;
#4684 = DIRECTION ( 'NONE',  ( 0.000000000000000000, 0.000000000000000000, -1.000000000000000000 ) ) ;
#4685 = ORIENTED_EDGE ( 'NONE', *, *, #2856, .F. ) ;
#4686 = AXIS2_PLACEMENT_3D ( 'NONE', #1084, #1483, #2958 ) ;
#4687 = ADVANCED_FACE ( 'NONE', ( #2230 ), #3121, .F. ) ;
#4688 = CARTESIAN_POINT ( 'NONE',  ( 0.000000000000000000, 0.4148556835804986243, -29.19999999999999929 ) ) ;
#4689 = DIRECTION ( 'NONE',  ( -1.000000000000000000, -1.239088197126290570E-16, 0.000000000000000000 ) ) ;
#4690 = DIRECTION ( 'NONE',  ( -1.000000000000000000, 0.000000000000000000, 0.000000000000000000 ) ) ;
#4691 = ADVANCED_FACE ( 'NONE', ( #630 ), #1670, .F. ) ;
#4692 = CIRCLE ( 'NONE', #4585, 0.8000000000000003775 ) ;
#4693 = ORIENTED_EDGE ( 'NONE', *, *, #6402, .T. ) ;
#4694 = DIRECTION ( 'NONE',  ( 1.000000000000000000, 1.239088197126290570E-16, 0.000000000000000000 ) ) ;
#4695 = ORIENTED_EDGE ( 'NONE', *, *, #4868, .T. ) ;
#4696 = EDGE_CURVE ( 'NONE', #781, #6161, #5476, .T. ) ;
#4697 = DIRECTION ( 'NONE',  ( -0.7071067811865475727, -0.7071067811865475727, 6.580658440701176807E-17 ) ) ;
#4698 = ADVANCED_FACE ( 'NONE', ( #3705 ), #3608, .T. ) ;
#4699 = ORIENTED_EDGE ( 'NONE', *, *, #4588, .F. ) ;
#4700 = DIRECTION ( 'NONE',  ( 0.000000000000000000, 0.3390552584695133431, -0.9407664597040923393 ) ) ;
#4701 = DIRECTION ( 'NONE',  ( -1.000000000000000000, -3.469446951953612956E-17, 0.000000000000000000 ) ) ;
#4702 = AXIS2_PLACEMENT_3D ( 'NONE', #4044, #4966, #450 ) ;
#4703 = EDGE_CURVE ( 'NONE', #6360, #384, #4141, .T. ) ;
#4704 = ORIENTED_EDGE ( 'NONE', *, *, #1242, .T. ) ;
#4705 = CARTESIAN_POINT ( 'NONE',  ( 1.000000000000000222, -17.00122895812818058, 52.27044339804668027 ) ) ;
#4706 = ORIENTED_EDGE ( 'NONE', *, *, #1772, .T. ) ;
#4707 = CARTESIAN_POINT ( 'NONE',  ( 4.225000000000000533, -13.99999999999999645, -26.35000000000000142 ) ) ;
#4708 = VECTOR ( 'NONE', #2913, 1000.000000000000000 ) ;
#4709 = CARTESIAN_POINT ( 'NONE',  ( -0.5000000000000082157, 27.19999999999999574, -16.33699999999999974 ) ) ;
#4710 = VERTEX_POINT ( 'NONE', #5630 ) ;
#4711 = ORIENTED_EDGE ( 'NONE', *, *, #4646, .T. ) ;
#4712 = LINE ( 'NONE', #5597, #3472 ) ;
#4713 = EDGE_CURVE ( 'NONE', #637, #6254, #5730, .T. ) ;
#4714 = EDGE_CURVE ( 'NONE', #3853, #5228, #1210, .T. ) ;
#4715 = DIRECTION ( 'NONE',  ( 1.000000000000000000, -0.000000000000000000, -9.306456416184588263E-17 ) ) ;
#4716 = PLANE ( 'NONE',  #760 ) ;
#4717 = DIRECTION ( 'NONE',  ( -1.355252715606879803E-16, 1.000000000000000000, 0.000000000000000000 ) ) ;
#4718 = ORIENTED_EDGE ( 'NONE', *, *, #1866, .T. ) ;
#4719 = ORIENTED_EDGE ( 'NONE', *, *, #3857, .T. ) ;
#4720 = CARTESIAN_POINT ( 'NONE',  ( -64.14711903867025455, -7.300000000000001599, 65.20000000000000284 ) ) ;
#4721 = CARTESIAN_POINT ( 'NONE',  ( 7.000000000000000000, -3.000000000000000888, -19.59999999999999787 ) ) ;
#4722 = EDGE_CURVE ( 'NONE', #2029, #5695, #1732, .T. ) ;
#4723 = ORIENTED_EDGE ( 'NONE', *, *, #529, .T. ) ;
#4724 = FACE_OUTER_BOUND ( 'NONE', #6269, .T. ) ;
#4725 = ORIENTED_EDGE ( 'NONE', *, *, #950, .F. ) ;
#4726 = DIRECTION ( 'NONE',  ( 0.000000000000000000, -1.000000000000000000, 0.000000000000000000 ) ) ;
#4727 = ORIENTED_EDGE ( 'NONE', *, *, #6148, .T. ) ;
#4728 = PRODUCT_DEFINITION_FORMATION_WITH_SPECIFIED_SOURCE ( 'ä»', '', #1080, .NOT_KNOWN. ) ;
#4729 = UNCERTAINTY_MEASURE_WITH_UNIT (LENGTH_MEASURE( 1.000000000000000082E-05 ), #3359, 'distance_accuracy_value', 'NONE');
#4730 = DIRECTION ( 'NONE',  ( -1.000000000000000000, -1.239088197126290570E-16, 0.000000000000000000 ) ) ;
#4731 = DIRECTION ( 'NONE',  ( 0.000000000000000000, -1.000000000000000000, 0.000000000000000000 ) ) ;
#4732 = EDGE_LOOP ( 'NONE', ( #2912, #1496 ) ) ;
#4733 = DIRECTION ( 'NONE',  ( 1.000000000000000000, 0.000000000000000000, -0.000000000000000000 ) ) ;
#4734 = ORIENTED_EDGE ( 'NONE', *, *, #5672, .T. ) ;
#4735 = CARTESIAN_POINT ( 'NONE',  ( 1.000000000000000000, -18.33673903370881320, 4.000000000000002665 ) ) ;
#4736 = DIRECTION ( 'NONE',  ( 0.000000000000000000, 0.7313537016191691276, 0.6819983600624999198 ) ) ;
#4737 = CIRCLE ( 'NONE', #1149, 0.7999999999999986011 ) ;
#4738 = EDGE_LOOP ( 'NONE', ( #1926, #1446, #5565, #4048, #1467, #134, #42 ) ) ;
#4739 = ORIENTED_EDGE ( 'NONE', *, *, #714, .T. ) ;
#4740 = EDGE_CURVE ( 'NONE', #1366, #2724, #4712, .T. ) ;
#4741 = DIRECTION ( 'NONE',  ( -1.000000000000000000, -3.469446951953612956E-17, 0.000000000000000000 ) ) ;
#4742 = VECTOR ( 'NONE', #6288, 1000.000000000000000 ) ;
#4743 = CARTESIAN_POINT ( 'NONE',  ( 0.000000000000000000, -20.99999999999998224, -40.99999999999999289 ) ) ;
#4744 = CARTESIAN_POINT ( 'NONE',  ( 1.000000000000000000, -16.24861579036490511, 53.34168760482229033 ) ) ;
#4745 = DIRECTION ( 'NONE',  ( -1.355252715606879803E-16, 1.000000000000000000, 0.000000000000000000 ) ) ;
#4746 = EDGE_CURVE ( 'NONE', #1924, #5546, #4610, .T. ) ;
#4747 = FACE_OUTER_BOUND ( 'NONE', #4296, .T. ) ;
#4748 = ORIENTED_EDGE ( 'NONE', *, *, #1608, .T. ) ;
#4749 = VECTOR ( 'NONE', #3227, 1000.000000000000000 ) ;
#4750 = FACE_OUTER_BOUND ( 'NONE', #6271, .T. ) ;
#4751 = DIRECTION ( 'NONE',  ( 1.176334233040896899E-17, -0.3390552584695133431, 0.9407664597040923393 ) ) ;
#4752 = LINE ( 'NONE', #1248, #1178 ) ;
#4753 = DIRECTION ( 'NONE',  ( 0.000000000000000000, 0.000000000000000000, -1.000000000000000000 ) ) ;
#4754 = EDGE_CURVE ( 'NONE', #585, #5087, #5696, .T. ) ;
#4755 = AXIS2_PLACEMENT_3D ( 'NONE', #6024, #3499, #901 ) ;
#4756 = CARTESIAN_POINT ( 'NONE',  ( 0.9999999999999995559, -6.500000000000000000, 4.000000000000000000 ) ) ;
#4757 = ORIENTED_EDGE ( 'NONE', *, *, #3202, .T. ) ;
#4758 = DIRECTION ( 'NONE',  ( -1.000000000000000000, -3.469446951953611107E-17, 0.000000000000000000 ) ) ;
#4759 = VECTOR ( 'NONE', #2274, 1000.000000000000000 ) ;
#4760 = ORIENTED_EDGE ( 'NONE', *, *, #2712, .T. ) ;
#4761 = FACE_OUTER_BOUND ( 'NONE', #5694, .T. ) ;
#4762 = CARTESIAN_POINT ( 'NONE',  ( 7.002000000000005109, -12.75000000000000000, 39.00000000000000000 ) ) ;
#4763 = ORIENTED_EDGE ( 'NONE', *, *, #782, .T. ) ;
#4764 = CARTESIAN_POINT ( 'NONE',  ( 4.000000000000000000, -8.112691183618247592, 24.65831239517770612 ) ) ;
#4765 = ORIENTED_EDGE ( 'NONE', *, *, #2373, .T. ) ;
#4766 = LINE ( 'NONE', #747, #6525 ) ;
#4767 = CARTESIAN_POINT ( 'NONE',  ( 0.4999999999999995559, -18.20000000000000639, 64.13639844763217468 ) ) ;
#4768 = ORIENTED_EDGE ( 'NONE', *, *, #5595, .F. ) ;
#4769 = ORIENTED_EDGE ( 'NONE', *, *, #2078, .F. ) ;
#4770 = DIRECTION ( 'NONE',  ( 1.000000000000000000, 0.000000000000000000, -0.000000000000000000 ) ) ;
#4771 = ORIENTED_EDGE ( 'NONE', *, *, #370, .F. ) ;
#4772 = DIRECTION ( 'NONE',  ( -0.000000000000000000, 0.7071067811865426878, 0.7071067811865524577 ) ) ;
#4773 = CIRCLE ( 'NONE', #2977, 0.8000000000000003775 ) ;
#4774 = LINE ( 'NONE', #5799, #3146 ) ;
#4775 = LINE ( 'NONE', #4305, #4759 ) ;
#4776 = CIRCLE ( 'NONE', #5297, 0.8000000000000003775 ) ;
#4777 = EDGE_CURVE ( 'NONE', #5166, #5458, #6327, .T. ) ;
#4778 = LINE ( 'NONE', #6297, #4985 ) ;
#4779 = CIRCLE ( 'NONE', #1928, 3.999999999999998224 ) ;
#4780 = ORIENTED_EDGE ( 'NONE', *, *, #4243, .T. ) ;
#4781 = ORIENTED_EDGE ( 'NONE', *, *, #748, .T. ) ;
#4782 = VECTOR ( 'NONE', #4383, 1000.000000000000000 ) ;
#4783 = LINE ( 'NONE', #171, #4579 ) ;
#4784 = AXIS2_PLACEMENT_3D ( 'NONE', #2611, #6084, #2513 ) ;
#4785 = CARTESIAN_POINT ( 'NONE',  ( 2.999999999999999112, -12.15000000000000391, 71.00000000000000000 ) ) ;
#4786 = DIRECTION ( 'NONE',  ( -1.355252715606879803E-16, 1.000000000000000000, 0.000000000000000000 ) ) ;
#4787 = AXIS2_PLACEMENT_3D ( 'NONE', #5302, #794, #2309 ) ;
#4788 = AXIS2_PLACEMENT_3D ( 'NONE', #3111, #4667, #5220 ) ;
#4789 = CARTESIAN_POINT ( 'NONE',  ( -0.5000000000000082157, 27.19999999999999574, -16.33699999999999974 ) ) ;
#4790 = EDGE_CURVE ( 'NONE', #6, #7, #4113, .T. ) ;
#4791 = VERTEX_POINT ( 'NONE', #1641 ) ;
#4792 = CARTESIAN_POINT ( 'NONE',  ( 3.999999999999999112, 1.322726650432315409E-16, 0.000000000000000000 ) ) ;
#4793 = AXIS2_PLACEMENT_3D ( 'NONE', #1518, #3519, #5043 ) ;
#4794 = ORIENTED_EDGE ( 'NONE', *, *, #4939, .T. ) ;
#4795 = DIRECTION ( 'NONE',  ( 0.000000000000000000, -1.000000000000000000, 0.000000000000000000 ) ) ;
#4796 = DIRECTION ( 'NONE',  ( 1.000000000000000000, -0.000000000000000000, -0.000000000000000000 ) ) ;
#4797 = ORIENTED_EDGE ( 'NONE', *, *, #4066, .T. ) ;
#4798 = FACE_BOUND ( 'NONE', #5376, .T. ) ;
#4799 = ORIENTED_EDGE ( 'NONE', *, *, #1127, .T. ) ;
#4800 = LINE ( 'NONE', #4449, #5149 ) ;
#4801 = LINE ( 'NONE', #4860, #1069 ) ;
#4802 = ORIENTED_EDGE ( 'NONE', *, *, #4034, .F. ) ;
#4803 = VERTEX_POINT ( 'NONE', #3641 ) ;
#4804 = AXIS2_PLACEMENT_3D ( 'NONE', #5480, #4994, #968 ) ;
#4805 = DIRECTION ( 'NONE',  ( -1.000000000000000000, -3.252606517456513918E-17, 0.000000000000000000 ) ) ;
#4806 = CARTESIAN_POINT ( 'NONE',  ( 7.000000000000000000, 18.99999999999999645, -29.19999999999999929 ) ) ;
#4807 = ORIENTED_EDGE ( 'NONE', *, *, #81, .F. ) ;
#4808 = DIRECTION ( 'NONE',  ( -1.000000000000000000, 0.000000000000000000, 9.757819552369541139E-17 ) ) ;
#4809 = DIRECTION ( 'NONE',  ( 1.000000000000000000, 0.000000000000000000, 0.000000000000000000 ) ) ;
#4810 = DIRECTION ( 'NONE',  ( -1.000000000000000000, -3.252606517456514535E-17, -4.636167053988475974E-17 ) ) ;
#4811 = LINE ( 'NONE', #3217, #2142 ) ;
#4812 = ORIENTED_EDGE ( 'NONE', *, *, #5812, .T. ) ;
#4813 = CARTESIAN_POINT ( 'NONE',  ( 7.000000000000000000, 0.000000000000000000, -18.39999999999999858 ) ) ;
#4814 = AXIS2_PLACEMENT_3D ( 'NONE', #5946, #5408, #432 ) ;
#4815 = ADVANCED_FACE ( 'NONE', ( #5169 ), #662, .T. ) ;
#4816 = CARTESIAN_POINT ( 'NONE',  ( 4.000000000000000000, -12.75000000000000178, 37.52531412650260734 ) ) ;
#4817 = CARTESIAN_POINT ( 'NONE',  ( 7.002000000000005997, -18.08243860895743893, 55.27044339804667317 ) ) ;
#4818 = DIRECTION ( 'NONE',  ( -0.000000000000000000, -1.000000000000000000, -2.168404344971010840E-16 ) ) ;
#4819 = ORIENTED_EDGE ( 'NONE', *, *, #2091, .F. ) ;
#4820 = DIRECTION ( 'NONE',  ( -0.000000000000000000, 1.000000000000000000, 0.000000000000000000 ) ) ;
#4821 = ORIENTED_EDGE ( 'NONE', *, *, #2214, .T. ) ;
#4822 = EDGE_CURVE ( 'NONE', #4489, #3281, #5200, .T. ) ;
#4823 = DIRECTION ( 'NONE',  ( -1.355252715606879803E-16, 1.000000000000000000, 0.000000000000000000 ) ) ;
#4824 = EDGE_CURVE ( 'NONE', #4861, #841, #6349, .T. ) ;
#4825 = VERTEX_POINT ( 'NONE', #4864 ) ;
#4826 = PLANE ( 'NONE',  #2739 ) ;
#4827 = ORIENTED_EDGE ( 'NONE', *, *, #4271, .F. ) ;
#4828 = VECTOR ( 'NONE', #2517, 1000.000000000000000 ) ;
#4829 = LINE ( 'NONE', #6379, #3570 ) ;
#4830 = EDGE_CURVE ( 'NONE', #4922, #1068, #347, .T. ) ;
#4831 = VERTEX_POINT ( 'NONE', #5792 ) ;
#4832 = EDGE_LOOP ( 'NONE', ( #3187, #670, #2558, #4425 ) ) ;
#4833 = EDGE_CURVE ( 'NONE', #3307, #3345, #6018, .T. ) ;
#4834 = CARTESIAN_POINT ( 'NONE',  ( 0.9999999999999995559, -7.903080869113575879, 15.97090127777026858 ) ) ;
#4835 = LINE ( 'NONE', #5892, #6384 ) ;
#4836 = VERTEX_POINT ( 'NONE', #2364 ) ;
#4838 = AXIS2_PLACEMENT_3D ( 'NONE', #881, #261, #2402 ) ;
#4837 = CARTESIAN_POINT ( 'NONE',  ( 0.4999999999999981681, -6.499999999999999112, 65.20000000000000284 ) ) ;
#4839 = DIRECTION ( 'NONE',  ( 4.499821325281055267E-17, -0.3390552584695133986, -0.9407664597040922283 ) ) ;
#4840 = DIRECTION ( 'NONE',  ( -1.000000000000000000, -0.000000000000000000, -0.000000000000000000 ) ) ;
#4841 = EDGE_LOOP ( 'NONE', ( #3311, #5137, #6451, #1909 ) ) ;
#4842 = DIRECTION ( 'NONE',  ( 1.000000000000000000, 0.000000000000000000, 0.000000000000000000 ) ) ;
#4843 = ORIENTED_EDGE ( 'NONE', *, *, #2272, .F. ) ;
#4844 = DIRECTION ( 'NONE',  ( 0.000000000000000000, -1.000000000000000000, 0.000000000000000000 ) ) ;
#4845 = AXIS2_PLACEMENT_3D ( 'NONE', #2937, #2418, #3927 ) ;
#4846 = DIRECTION ( 'NONE',  ( 1.000000000000000000, 1.239088197126290570E-16, 0.000000000000000000 ) ) ;
#4847 = CARTESIAN_POINT ( 'NONE',  ( 0.4999999999999979461, -4.500000000000000000, -19.20000000000000639 ) ) ;
#4848 = ORIENTED_EDGE ( 'NONE', *, *, #3074, .T. ) ;
#4849 = VECTOR ( 'NONE', #1271, 1000.000000000000114 ) ;
#4850 = DIRECTION ( 'NONE',  ( -1.000000000000000000, 0.000000000000000000, -0.000000000000000000 ) ) ;
#4851 = CARTESIAN_POINT ( 'NONE',  ( 3.500000000000000000, -16.00000000000000711, 55.94999999999998153 ) ) ;
#4852 = VERTEX_POINT ( 'NONE', #3836 ) ;
#4853 = VERTEX_POINT ( 'NONE', #4834 ) ;
#4854 = CIRCLE ( 'NONE', #2011, 0.7999999999999986011 ) ;
#4855 = CARTESIAN_POINT ( 'NONE',  ( 1.225000000000000311, -10.99999999999999822, -31.59999999999999787 ) ) ;
#4856 = DIRECTION ( 'NONE',  ( -1.355252715606883008E-16, 1.000000000000000000, 0.000000000000000000 ) ) ;
#4857 = ORIENTED_EDGE ( 'NONE', *, *, #234, .F. ) ;
#4858 = LINE ( 'NONE', #745, #5902 ) ;
#4859 = EDGE_CURVE ( 'NONE', #5366, #3408, #2843, .T. ) ;
#4860 = CARTESIAN_POINT ( 'NONE',  ( 4.000000000000000000, -4.499999999999999112, -18.40000000000000568 ) ) ;
#4861 = VERTEX_POINT ( 'NONE', #289 ) ;
#4862 = VECTOR ( 'NONE', #6395, 1000.000000000000000 ) ;
#4863 = ORIENTED_EDGE ( 'NONE', *, *, #4066, .F. ) ;
#4864 = CARTESIAN_POINT ( 'NONE',  ( 0.5000000000000009992, -10.95018283449971719, 59.65831239517768836 ) ) ;
#4865 = LINE ( 'NONE', #3336, #2809 ) ;
#4866 = VERTEX_POINT ( 'NONE', #753 ) ;
#4867 = CARTESIAN_POINT ( 'NONE',  ( 0.000000000000000000, 0.000000000000000000, -20.00000000000000000 ) ) ;
#4868 = EDGE_CURVE ( 'NONE', #438, #371, #3869, .T. ) ;
#4869 = PLANE ( 'NONE',  #1674 ) ;
#4870 = ADVANCED_FACE ( 'NONE', ( #4364 ), #3368, .F. ) ;
#4871 = CARTESIAN_POINT ( 'NONE',  ( 7.000000000000000000, -10.69999999999999929, 2.510525938252072707E-16 ) ) ;
#4872 = ORIENTED_EDGE ( 'NONE', *, *, #3876, .F. ) ;
#4873 = DIRECTION ( 'NONE',  ( 1.000000000000000000, 3.252606517456513918E-17, -0.000000000000000000 ) ) ;
#4874 = ORIENTED_EDGE ( 'NONE', *, *, #4908, .F. ) ;
#4875 = VECTOR ( 'NONE', #5486, 1000.000000000000000 ) ;
#4876 = CARTESIAN_POINT ( 'NONE',  ( 1.000000000000000000, -18.20000000000000639, 15.34168760482228500 ) ) ;
#4877 = FACE_OUTER_BOUND ( 'NONE', #3371, .T. ) ;
#4878 = FACE_OUTER_BOUND ( 'NONE', #1144, .T. ) ;
#4879 = CLOSED_SHELL ( 'NONE', ( #4691, #5794, #2669, #4106, #315, #1494, #5433, #3829, #2068, #617, #1021, #3131, #484, #2924, #6113, #2023, #4061, #5733, #6487, #5110, #4019, #4414, #3553, #4153, #5871, #1791, #3213, #2589, #154, #3837, #215, #3241, #938, #1738, #3854, #4698, #1174, #4628, #3491, #389, #4541, #6361, #3287, #2313, #613, #3300, #915, #6444, #5038, #3420, #2472, #461, #3893, #3689, #4428, #2300, #1469, #1198, #4619, #4339, #2326, #2904, #2782, #3522, #526, #4815, #6500, #3582, #5106, #4084, #6004, #5888, #2580, #4980, #5867, #5966, #453, #1915, #1279, #3305, #515, #34, #6075, #5189, #5878, #5863, #2231, #6210, #6430, #463, #202, #5465, #1704, #1626, #5231, #609, #3405, #131, #5798, #1747, #3285, #5243, #5345, #1048, #4687, #1873, #2833, #300, #5028, #5845, #3027, #5181, #4870, #4615, #5876, #173, #5186, #4411, #5138, #3889, #5272, #5516, #1324, #304, #3585, #3443, #5765, #1852, #1477, #125, #63, #1318, #6485, #3381, #5604, #5398, #3309, #3722, #4650, #2762, #914, #1161, #2768, #2892, #1720, #3055, #2607, #5992, #2638, #2151, #6094, #3645, #4970, #6335, #101, #3029, #3923, #3845, #4330, #2009, #1682, #493, #765, #5926, #5240, #2846, #5710, #6420, #5209, #4189, #4281, #3040, #3810, #1447, #1320, #3897, #631, #1964, #5802, #164, #2881, #5675, #2137, #3162, #2456, #2290, #1341, #3529, #276, #564, #6157, #1225, #4464, #2227, #3023, #1647, #6493, #1349, #4977 ) ) ;
#4880 = AXIS2_PLACEMENT_3D ( 'NONE', #3229, #5248, #6158 ) ;
#4881 = ORIENTED_EDGE ( 'NONE', *, *, #2581, .F. ) ;
#4882 = VECTOR ( 'NONE', #4772, 1000.000000000000000 ) ;
#4883 = CARTESIAN_POINT ( 'NONE',  ( 4.000000000000000000, -6.499999999999999112, 15.34168760482228500 ) ) ;
#4884 = DIRECTION ( 'NONE',  ( -1.000000000000000000, -3.469446951953612956E-17, 0.000000000000000000 ) ) ;
#4885 = AXIS2_PLACEMENT_3D ( 'NONE', #6336, #1321, #2383 ) ;
#4886 = ORIENTED_EDGE ( 'NONE', *, *, #1251, .T. ) ;
#4887 = AXIS2_PLACEMENT_3D ( 'NONE', #79, #1743, #4786 ) ;
#4888 = ORIENTED_EDGE ( 'NONE', *, *, #625, .F. ) ;
#4889 = DIRECTION ( 'NONE',  ( -0.000000000000000000, -7.647554475223040142E-17, -1.000000000000000000 ) ) ;
#4890 = VECTOR ( 'NONE', #4466, 1000.000000000000000 ) ;
#4891 = CARTESIAN_POINT ( 'NONE',  ( 7.001000000000008328, -10.50000000000000178, 71.00000000000000000 ) ) ;
#4892 = EDGE_LOOP ( 'NONE', ( #4571, #5959, #3157, #6492, #4973, #2205 ) ) ;
#4893 = DIRECTION ( 'NONE',  ( -1.103085371411595902E-16, 0.8917953516752833432, -0.4524390022205841411 ) ) ;
#4894 = CARTESIAN_POINT ( 'NONE',  ( -0.9999999999999792388, 24.00000000000000000, 47.50000000000000000 ) ) ;
#4895 = VECTOR ( 'NONE', #1981, 1000.000000000000000 ) ;
#4896 = ORIENTED_EDGE ( 'NONE', *, *, #3773, .T. ) ;
#4897 = ORIENTED_EDGE ( 'NONE', *, *, #2757, .T. ) ;
#4898 = EDGE_CURVE ( 'NONE', #4602, #6176, #2545, .T. ) ;
#4899 = CARTESIAN_POINT ( 'NONE',  ( -35.11570741700136722, 23.99999999999999645, -2.523151688920647562 ) ) ;
#4900 = VERTEX_POINT ( 'NONE', #4298 ) ;
#4901 = PLANE ( 'NONE',  #2705 ) ;
#4902 = ORIENTED_EDGE ( 'NONE', *, *, #2335, .T. ) ;
#4903 = LINE ( 'NONE', #1442, #5090 ) ;
#4904 = LINE ( 'NONE', #5896, #97 ) ;
#4905 = CARTESIAN_POINT ( 'NONE',  ( 7.002000000000005997, -17.32982544119417057, 22.45831239517770328 ) ) ;
#4906 = EDGE_LOOP ( 'NONE', ( #5444, #2221, #5825, #2424 ) ) ;
#4907 = EDGE_CURVE ( 'NONE', #291, #3589, #4533, .T. ) ;
#4908 = EDGE_CURVE ( 'NONE', #6448, #399, #5372, .T. ) ;
#4909 = DIRECTION ( 'NONE',  ( 1.000000000000000000, 1.239088197126290570E-16, 0.000000000000000000 ) ) ;
#4910 = FACE_OUTER_BOUND ( 'NONE', #684, .T. ) ;
#4911 = DIRECTION ( 'NONE',  ( 0.000000000000000000, -1.000000000000000000, 1.084202172485504311E-16 ) ) ;
#4912 = DIRECTION ( 'NONE',  ( 0.000000000000000000, -1.000000000000000000, 0.000000000000000000 ) ) ;
#4913 = ORIENTED_EDGE ( 'NONE', *, *, #4440, .T. ) ;
#4914 = EDGE_CURVE ( 'NONE', #1006, #2540, #1302, .T. ) ;
#4915 = DIRECTION ( 'NONE',  ( -2.713479250253470220E-17, 0.6819983600625021403, -0.7313537016191670181 ) ) ;
#4916 = CARTESIAN_POINT ( 'NONE',  ( 1.999999999999999112, 4.499999999999997335, 14.00000000000000178 ) ) ;
#4917 = DIRECTION ( 'NONE',  ( 1.000000000000000000, 3.252606517456513918E-17, 0.000000000000000000 ) ) ;
#4918 = VERTEX_POINT ( 'NONE', #2819 ) ;
#4919 = VERTEX_POINT ( 'NONE', #2755 ) ;
#4920 = CARTESIAN_POINT ( 'NONE',  ( 0.4999999999999987232, -9.960362833696484230, 42.90613933192072693 ) ) ;
#4921 = LINE ( 'NONE', #5416, #2643 ) ;
#4922 = VERTEX_POINT ( 'NONE', #317 ) ;
#4923 = FACE_OUTER_BOUND ( 'NONE', #4097, .T. ) ;
#4924 = CYLINDRICAL_SURFACE ( 'NONE', #2652, 2.000000000000001776 ) ;
#4925 = ORIENTED_EDGE ( 'NONE', *, *, #5339, .F. ) ;
#4926 = ORIENTED_EDGE ( 'NONE', *, *, #373, .F. ) ;
#4927 = DIRECTION ( 'NONE',  ( -1.000000000000000000, -0.000000000000000000, -0.000000000000000000 ) ) ;
#4928 = ORIENTED_EDGE ( 'NONE', *, *, #6342, .T. ) ;
#4929 = CYLINDRICAL_SURFACE ( 'NONE', #3088, 0.8000000000000003775 ) ;
#4930 = ORIENTED_EDGE ( 'NONE', *, *, #373, .T. ) ;
#4931 = DIRECTION ( 'NONE',  ( 0.000000000000000000, -1.000000000000000000, -2.168404344971010594E-16 ) ) ;
#4932 = CARTESIAN_POINT ( 'NONE',  ( 19.11077027627482394, 22.00000000000000000, -11.20000000000000284 ) ) ;
#4933 = EDGE_LOOP ( 'NONE', ( #5246, #739, #1839, #3085 ) ) ;
#4934 = CARTESIAN_POINT ( 'NONE',  ( 1.999999999999999112, -0.5000000000000065503, 67.00000000000000000 ) ) ;
#4935 = VERTEX_POINT ( 'NONE', #3335 ) ;
#4936 = AXIS2_PLACEMENT_3D ( 'NONE', #1426, #216, #3423 ) ;
#4937 = DIRECTION ( 'NONE',  ( 0.000000000000000000, 0.000000000000000000, 1.000000000000000000 ) ) ;
#4938 = CARTESIAN_POINT ( 'NONE',  ( 0.4999999999999987232, -12.40635562892712329, 43.78768300394145996 ) ) ;
#4939 = EDGE_CURVE ( 'NONE', #6438, #1957, #5890, .T. ) ;
#4940 = DIRECTION ( 'NONE',  ( -1.000000000000000000, -3.469446951953612956E-17, 0.000000000000000000 ) ) ;
#4941 = DIRECTION ( 'NONE',  ( -1.000000000000000000, -1.239088197126290570E-16, 0.000000000000000000 ) ) ;
#4942 = LINE ( 'NONE', #4549, #5205 ) ;
#4943 = EDGE_LOOP ( 'NONE', ( #6306, #3546, #1263, #337, #3653, #2990, #5059, #1133, #5185, #1752 ) ) ;
#4944 = AXIS2_PLACEMENT_3D ( 'NONE', #5564, #5429, #1013 ) ;
#4945 = AXIS2_PLACEMENT_3D ( 'NONE', #457, #4476, #2920 ) ;
#4946 = LINE ( 'NONE', #892, #2362 ) ;
#4947 = LINE ( 'NONE', #2384, #3643 ) ;
#4948 = CARTESIAN_POINT ( 'NONE',  ( 4.000000000000000000, -12.20000000000000107, -19.20000000000000639 ) ) ;
#4949 = EDGE_CURVE ( 'NONE', #1221, #3933, #2849, .T. ) ;
#4950 = EDGE_CURVE ( 'NONE', #4900, #3556, #256, .T. ) ;
#4951 = ORIENTED_EDGE ( 'NONE', *, *, #3547, .T. ) ;
#4952 = ORIENTED_EDGE ( 'NONE', *, *, #1242, .F. ) ;
#4953 = VECTOR ( 'NONE', #4644, 1000.000000000000000 ) ;
#4954 = DIRECTION ( 'NONE',  ( 1.000000000000000000, 3.252606517456513918E-17, -0.000000000000000000 ) ) ;
#4955 = LINE ( 'NONE', #1880, #6124 ) ;
#4956 = VECTOR ( 'NONE', #1287, 1000.000000000000000 ) ;
#4957 = EDGE_LOOP ( 'NONE', ( #3156, #3595 ) ) ;
#4958 = CARTESIAN_POINT ( 'NONE',  ( 4.500000000000000888, 6.499999999999996447, 47.50000000000000000 ) ) ;
#4959 = DIRECTION ( 'NONE',  ( -1.355252715606879803E-16, 1.000000000000000000, 0.000000000000000000 ) ) ;
#4960 = ORIENTED_EDGE ( 'NONE', *, *, #1489, .F. ) ;
#4961 = CIRCLE ( 'NONE', #3792, 2.050000000000003375 ) ;
#4962 = ORIENTED_EDGE ( 'NONE', *, *, #162, .T. ) ;
#4963 = AXIS2_PLACEMENT_3D ( 'NONE', #3685, #4151, #6179 ) ;
#4964 = DIRECTION ( 'NONE',  ( -1.000000000000000000, -1.239088197126290570E-16, -0.000000000000000000 ) ) ;
#4965 = ORIENTED_EDGE ( 'NONE', *, *, #6015, .F. ) ;
#4966 = DIRECTION ( 'NONE',  ( 1.000000000000000000, 0.000000000000000000, -0.000000000000000000 ) ) ;
#4967 = ORIENTED_EDGE ( 'NONE', *, *, #4993, .F. ) ;
#4968 = EDGE_CURVE ( 'NONE', #1636, #218, #3308, .T. ) ;
#4969 = DIRECTION ( 'NONE',  ( 0.000000000000000000, -1.000000000000000000, 0.000000000000000000 ) ) ;
#4970 = ADVANCED_FACE ( 'NONE', ( #4268 ), #381, .F. ) ;
#4971 = CIRCLE ( 'NONE', #2017, 0.7999999999999986011 ) ;
#4972 = DIRECTION ( 'NONE',  ( -0.000000000000000000, -1.000000000000000000, -2.168404344971010840E-16 ) ) ;
#4973 = ORIENTED_EDGE ( 'NONE', *, *, #6201, .T. ) ;
#4974 = ORIENTED_EDGE ( 'NONE', *, *, #1126, .T. ) ;
#4975 = FACE_OUTER_BOUND ( 'NONE', #2490, .T. ) ;
#4976 = DIRECTION ( 'NONE',  ( -1.355252715606883008E-16, 1.000000000000000000, 0.000000000000000000 ) ) ;
#4977 = ADVANCED_FACE ( 'NONE', ( #6414 ), #2792, .T. ) ;
#4978 = CARTESIAN_POINT ( 'NONE',  ( 0.5000000000000004441, -6.499999999999993783, 66.00000000000000000 ) ) ;
#4979 = PLANE ( 'NONE',  #3931 ) ;
#4980 = ADVANCED_FACE ( 'NONE', ( #2282 ), #3786, .T. ) ;
#4981 = PLANE ( 'NONE',  #992 ) ;
#4982 = ORIENTED_EDGE ( 'NONE', *, *, #4190, .F. ) ;
#4983 = CARTESIAN_POINT ( 'NONE',  ( 1.999999999999999112, -0.5000000000000065503, 62.50000000000000000 ) ) ;
#4984 = CARTESIAN_POINT ( 'NONE',  ( 0.9999999999999943379, 22.00000000000000000, 10.80000000000000071 ) ) ;
#4985 = VECTOR ( 'NONE', #1863, 1000.000000000000000 ) ;
#4986 = ORIENTED_EDGE ( 'NONE', *, *, #2031, .F. ) ;
#4987 = ORIENTED_EDGE ( 'NONE', *, *, #5502, .T. ) ;
#4988 = AXIS2_PLACEMENT_3D ( 'NONE', #1405, #2915, #6132 ) ;
#4989 = LINE ( 'NONE', #5085, #2268 ) ;
#4990 = EDGE_CURVE ( 'NONE', #811, #1712, #3294, .T. ) ;
#4991 = DIRECTION ( 'NONE',  ( -0.000000000000000000, 1.000000000000000000, -0.000000000000000000 ) ) ;
#4992 = ORIENTED_EDGE ( 'NONE', *, *, #6208, .F. ) ;
#4993 = EDGE_CURVE ( 'NONE', #5929, #4534, #2252, .T. ) ;
#4994 = DIRECTION ( 'NONE',  ( -1.000000000000000000, -1.239088197126290570E-16, 0.000000000000000000 ) ) ;
#4995 = AXIS2_PLACEMENT_3D ( 'NONE', #4345, #2866, #3452 ) ;
#4996 = VECTOR ( 'NONE', #3551, 1000.000000000000000 ) ;
#4997 = CARTESIAN_POINT ( 'NONE',  ( 0.9999999999999991118, 3.999999999999998224, 60.85000000000000142 ) ) ;
#4998 = EDGE_LOOP ( 'NONE', ( #482, #6001, #1564, #5804, #1979, #4397, #1855, #3428, #5027 ) ) ;
#4999 = VERTEX_POINT ( 'NONE', #3164 ) ;
#5000 = VECTOR ( 'NONE', #328, 1000.000000000000000 ) ;
#5001 = FACE_OUTER_BOUND ( 'NONE', #2821, .T. ) ;
#5002 = CYLINDRICAL_SURFACE ( 'NONE', #6478, 1.600000000000000755 ) ;
#5003 = ORIENTED_EDGE ( 'NONE', *, *, #5386, .F. ) ;
#5004 = DIRECTION ( 'NONE',  ( 0.000000000000000000, -1.000000000000000000, 0.000000000000000000 ) ) ;
#5005 = ORIENTED_EDGE ( 'NONE', *, *, #6052, .T. ) ;
#5006 = CARTESIAN_POINT ( 'NONE',  ( 7.000000000000000000, 6.500000000000000000, -29.19999999999999929 ) ) ;
#5007 = AXIS2_PLACEMENT_3D ( 'NONE', #5976, #6506, #4021 ) ;
#5008 = FACE_OUTER_BOUND ( 'NONE', #455, .T. ) ;
#5009 = ORIENTED_EDGE ( 'NONE', *, *, #506, .T. ) ;
#5010 = ORIENTED_EDGE ( 'NONE', *, *, #4868, .F. ) ;
#5011 = DIRECTION ( 'NONE',  ( 0.000000000000000000, 0.000000000000000000, -1.000000000000000000 ) ) ;
#5012 = DIRECTION ( 'NONE',  ( 0.000000000000000000, 0.000000000000000000, 1.000000000000000000 ) ) ;
#5013 = CARTESIAN_POINT ( 'NONE',  ( -0.5000000000000077716, 25.99999999999999645, -11.33700000000000152 ) ) ;
#5014 = CARTESIAN_POINT ( 'NONE',  ( 0.9999999999999995559, -6.500000000000000000, 65.20000000000000284 ) ) ;
#5015 = CARTESIAN_POINT ( 'NONE',  ( -64.14711903867025455, -17.32982544119417767, 21.65831239517770612 ) ) ;
#5016 = DIRECTION ( 'NONE',  ( 0.000000000000000000, -0.6570453101161654041, -0.7538510863919691829 ) ) ;
#5017 = VECTOR ( 'NONE', #4017, 1000.000000000000000 ) ;
#5018 = LINE ( 'NONE', #505, #4828 ) ;
#5019 = ORIENTED_EDGE ( 'NONE', *, *, #1540, .F. ) ;
#5020 = VERTEX_POINT ( 'NONE', #5308 ) ;
#5021 = LINE ( 'NONE', #3995, #2689 ) ;
#5022 = FACE_OUTER_BOUND ( 'NONE', #1707, .T. ) ;
#5023 = DIRECTION ( 'NONE',  ( 1.000000000000000000, -0.000000000000000000, -0.000000000000000000 ) ) ;
#5024 = ORIENTED_EDGE ( 'NONE', *, *, #248, .F. ) ;
#5025 = CARTESIAN_POINT ( 'NONE',  ( 0.000000000000000000, 0.000000000000000000, 47.50000000000000000 ) ) ;
#5026 = LINE ( 'NONE', #6483, #121 ) ;
#5027 = ORIENTED_EDGE ( 'NONE', *, *, #2902, .T. ) ;
#5028 = ADVANCED_FACE ( 'NONE', ( #5680 ), #2245, .F. ) ;
#5029 = VERTEX_POINT ( 'NONE', #3225 ) ;
#5030 = DIRECTION ( 'NONE',  ( 0.000000000000000000, 0.000000000000000000, 1.000000000000000000 ) ) ;
#5031 = CARTESIAN_POINT ( 'NONE',  ( 4.000000000000000000, -19.00000000000001066, 27.71223167968817336 ) ) ;
#5032 = EDGE_CURVE ( 'NONE', #2744, #4853, #797, .T. ) ;
#5033 = EDGE_LOOP ( 'NONE', ( #2064, #1236, #4362, #4951, #6343, #3966, #2721, #1600, #650, #2333 ) ) ;
#5034 = DIRECTION ( 'NONE',  ( 1.000000000000000000, 3.469446951953611107E-17, -0.000000000000000000 ) ) ;
#5035 = ORIENTED_EDGE ( 'NONE', *, *, #801, .T. ) ;
#5036 = DIRECTION ( 'NONE',  ( -1.000000000000000000, -3.252606517456514535E-17, -4.636167053988475974E-17 ) ) ;
#5037 = CARTESIAN_POINT ( 'NONE',  ( 0.9999999999999995559, -6.500000000000000000, 4.000000000000000000 ) ) ;
#5038 = ADVANCED_FACE ( 'NONE', ( #1714 ), #3257, .F. ) ;
#5039 = ORIENTED_EDGE ( 'NONE', *, *, #3730, .T. ) ;
#5040 = EDGE_CURVE ( 'NONE', #5052, #6176, #3196, .T. ) ;
#5041 = EDGE_LOOP ( 'NONE', ( #1009, #5715, #820, #4521, #4228, #1330 ) ) ;
#5042 = CARTESIAN_POINT ( 'NONE',  ( 7.002000000000004221, -9.251384209635093114, 52.54168760482228606 ) ) ;
#5043 = DIRECTION ( 'NONE',  ( 0.000000000000000000, 0.000000000000000000, 1.000000000000000000 ) ) ;
#5044 = DIRECTION ( 'NONE',  ( 1.000000000000000000, 1.239088197126290570E-16, -0.000000000000000000 ) ) ;
#5045 = CARTESIAN_POINT ( 'NONE',  ( -63.03173803727769808, -7.300000000000001599, 16.24526502967734132 ) ) ;
#5046 = AXIS2_PLACEMENT_3D ( 'NONE', #6509, #4, #1092 ) ;
#5047 = CARTESIAN_POINT ( 'NONE',  ( 3.999999999999999112, 1.322726650432315163E-16, 0.000000000000000000 ) ) ;
#5048 = CARTESIAN_POINT ( 'NONE',  ( 2.999999999999999112, 4.499999999999998224, 58.02786404500042039 ) ) ;
#5049 = LINE ( 'NONE', #39, #524 ) ;
#5050 = VECTOR ( 'NONE', #1019, 1000.000000000000000 ) ;
#5051 = EDGE_CURVE ( 'NONE', #2749, #4128, #5410, .T. ) ;
#5052 = VERTEX_POINT ( 'NONE', #4251 ) ;
#5053 = CIRCLE ( 'NONE', #1992, 1.600000000000000089 ) ;
#5054 = CIRCLE ( 'NONE', #3462, 2.000000000000000000 ) ;
#5055 = EDGE_CURVE ( 'NONE', #1806, #80, #175, .T. ) ;
#5056 = CARTESIAN_POINT ( 'NONE',  ( 6.225000000000000533, -0.9999999999999943379, -37.00000000000000000 ) ) ;
#5057 = CARTESIAN_POINT ( 'NONE',  ( 0.9999999999999997780, -15.50000000000000178, 64.00000000000000000 ) ) ;
#5058 = CYLINDRICAL_SURFACE ( 'NONE', #1617, 3.750000000000000000 ) ;
#5059 = ORIENTED_EDGE ( 'NONE', *, *, #510, .T. ) ;
#5060 = CARTESIAN_POINT ( 'NONE',  ( 3.999999999999994671, 20.99999999999999289, 7.800000000000001599 ) ) ;
#5061 = CIRCLE ( 'NONE', #6122, 2.049999999999999822 ) ;
#5062 = CARTESIAN_POINT ( 'NONE',  ( 7.002000000000005109, -12.75000000000000000, 39.00000000000000000 ) ) ;
#5063 = ORIENTED_EDGE ( 'NONE', *, *, #3468, .T. ) ;
#5064 = ORIENTED_EDGE ( 'NONE', *, *, #2101, .F. ) ;
#5065 = CARTESIAN_POINT ( 'NONE',  ( 3.000000000000000000, 4.499999999999997335, 14.00000000000000178 ) ) ;
#5066 = CARTESIAN_POINT ( 'NONE',  ( 0.4999999999999995559, -17.00000000000000000, -13.25000000000000178 ) ) ;
#5067 = ORIENTED_EDGE ( 'NONE', *, *, #2658, .T. ) ;
#5068 = CARTESIAN_POINT ( 'NONE',  ( 0.000000000000000000, -3.499999999999999556, -29.20000000000000284 ) ) ;
#5069 = ORIENTED_EDGE ( 'NONE', *, *, #4382, .T. ) ;
#5070 = PLANE ( 'NONE',  #4678 ) ;
#5071 = LINE ( 'NONE', #1997, #5793 ) ;
#5072 = ORIENTED_EDGE ( 'NONE', *, *, #3418, .F. ) ;
#5073 = EDGE_LOOP ( 'NONE', ( #5479, #3835, #5839, #6346 ) ) ;
#5074 = CARTESIAN_POINT ( 'NONE',  ( 0.4999999999999986122, -11.65374246116385137, 34.48356120283414583 ) ) ;
#5075 = AXIS2_PLACEMENT_3D ( 'NONE', #5521, #3534, #2281 ) ;
#5076 = EDGE_CURVE ( 'NONE', #810, #4326, #5840, .T. ) ;
#5077 = AXIS2_PLACEMENT_3D ( 'NONE', #2007, #6045, #3026 ) ;
#5078 = DIRECTION ( 'NONE',  ( -1.176334233040896899E-17, 0.3390552584695133431, -0.9407664597040923393 ) ) ;
#5079 = CARTESIAN_POINT ( 'NONE',  ( 7.002000000000004221, -8.170174558805832987, 55.54168760482228606 ) ) ;
#5080 = DIRECTION ( 'NONE',  ( 0.000000000000000000, 0.000000000000000000, 1.000000000000000000 ) ) ;
#5081 = DIRECTION ( 'NONE',  ( 0.000000000000000000, 0.000000000000000000, -1.000000000000000000 ) ) ;
#5082 = LINE ( 'NONE', #573, #1307 ) ;
#5083 = EDGE_CURVE ( 'NONE', #3301, #2858, #5731, .T. ) ;
#5084 = ORIENTED_EDGE ( 'NONE', *, *, #234, .T. ) ;
#5085 = CARTESIAN_POINT ( 'NONE',  ( 7.000000000000000000, 6.500000000000000000, -29.19999999999999929 ) ) ;
#5086 = LINE ( 'NONE', #1098, #3505 ) ;
#5087 = VERTEX_POINT ( 'NONE', #5712 ) ;
#5088 = FACE_BOUND ( 'NONE', #2606, .T. ) ;
#5089 = DIRECTION ( 'NONE',  ( -1.000000000000000000, -1.239088197126290570E-16, 0.000000000000000000 ) ) ;
#5090 = VECTOR ( 'NONE', #5965, 1000.000000000000000 ) ;
#5091 = ORIENTED_EDGE ( 'NONE', *, *, #6362, .T. ) ;
#5092 = VECTOR ( 'NONE', #1074, 1000.000000000000000 ) ;
#5093 = AXIS2_PLACEMENT_3D ( 'NONE', #5851, #3328, #1355 ) ;
#5094 = CARTESIAN_POINT ( 'NONE',  ( 0.4999999999999995559, -17.00000000000000000, -13.25000000000000178 ) ) ;
#5095 = CARTESIAN_POINT ( 'NONE',  ( 4.500000000000000888, 11.74999999999999645, 21.55000000000000426 ) ) ;
#5096 = AXIS2_PLACEMENT_3D ( 'NONE', #4883, #5440, #3957 ) ;
#5097 = VECTOR ( 'NONE', #1974, 1000.000000000000000 ) ;
#5098 = ORIENTED_EDGE ( 'NONE', *, *, #6011, .T. ) ;
#5099 = DIRECTION ( 'NONE',  ( 1.000000000000000000, 1.239088197126290817E-16, -0.000000000000000000 ) ) ;
#5100 = ORIENTED_EDGE ( 'NONE', *, *, #2623, .T. ) ;
#5101 = EDGE_CURVE ( 'NONE', #4285, #4350, #5274, .T. ) ;
#5102 = CARTESIAN_POINT ( 'NONE',  ( 1.225000000000000311, -15.99999999999999645, -33.60000000000000142 ) ) ;
#5103 = DIRECTION ( 'NONE',  ( 0.000000000000000000, -1.000000000000000000, 0.000000000000000000 ) ) ;
#5104 = VERTEX_POINT ( 'NONE', #1252 ) ;
#5105 = ORIENTED_EDGE ( 'NONE', *, *, #6440, .F. ) ;
#5106 = ADVANCED_FACE ( 'NONE', ( #4724 ), #2215, .T. ) ;
#5107 = CARTESIAN_POINT ( 'NONE',  ( 3.999999999999999112, 1.322726650432315163E-16, 0.000000000000000000 ) ) ;
#5108 = VECTOR ( 'NONE', #2998, 1000.000000000000000 ) ;
#5109 = AXIS2_PLACEMENT_3D ( 'NONE', #5901, #3346, #5435 ) ;
#5110 = ADVANCED_FACE ( 'NONE', ( #6245 ), #5750, .F. ) ;
#5111 = DIRECTION ( 'NONE',  ( 0.000000000000000000, 0.000000000000000000, 1.000000000000000000 ) ) ;
#5112 = CARTESIAN_POINT ( 'NONE',  ( 2.999999999999999112, 1.494263266912956523, 67.00000000000000000 ) ) ;
#5113 = FACE_OUTER_BOUND ( 'NONE', #6097, .T. ) ;
#5114 = VECTOR ( 'NONE', #2618, 1000.000000000000000 ) ;
#5115 = EDGE_CURVE ( 'NONE', #1036, #6277, #4249, .T. ) ;
#5116 = DIRECTION ( 'NONE',  ( 1.000000000000000000, 1.239088197126290570E-16, 0.000000000000000000 ) ) ;
#5117 = EDGE_CURVE ( 'NONE', #1115, #1006, #2153, .T. ) ;
#5118 = CARTESIAN_POINT ( 'NONE',  ( 1.000000000000000000, -8.170174558805832987, 55.54168760482228606 ) ) ;
#5119 = DIRECTION ( 'NONE',  ( 0.000000000000000000, 0.000000000000000000, -1.000000000000000000 ) ) ;
#5120 = EDGE_LOOP ( 'NONE', ( #4416, #4604, #4242, #1223, #1761, #5064, #2185, #864 ) ) ;
#5121 = CIRCLE ( 'NONE', #1434, 0.8000000000000003775 ) ;
#5122 = DIRECTION ( 'NONE',  ( 0.000000000000000000, 0.000000000000000000, 1.000000000000000000 ) ) ;
#5123 = DIRECTION ( 'NONE',  ( 1.000000000000000000, 1.239088197126290570E-16, 0.000000000000000000 ) ) ;
#5124 = ORIENTED_EDGE ( 'NONE', *, *, #1970, .T. ) ;
#5125 = CARTESIAN_POINT ( 'NONE',  ( 7.000000000000000000, -22.49999999999998579, -40.99999999999999289 ) ) ;
#5126 = CARTESIAN_POINT ( 'NONE',  ( 1.225000000000000311, -15.99999999999999645, -31.59999999999999787 ) ) ;
#5127 = ORIENTED_EDGE ( 'NONE', *, *, #2308, .F. ) ;
#5128 = EDGE_CURVE ( 'NONE', #995, #593, #6471, .T. ) ;
#5129 = CARTESIAN_POINT ( 'NONE',  ( 1.000000000000000000, -18.20000000000000639, 14.54168760482228606 ) ) ;
#5130 = CARTESIAN_POINT ( 'NONE',  ( -4.501000000000007439, 24.00000000000000000, 47.50000000000000000 ) ) ;
#5131 = VECTOR ( 'NONE', #5908, 1000.000000000000000 ) ;
#5132 = ORIENTED_EDGE ( 'NONE', *, *, #1970, .F. ) ;
#5133 = PLANE ( 'NONE',  #1261 ) ;
#5134 = ORIENTED_EDGE ( 'NONE', *, *, #4990, .F. ) ;
#5135 = DIRECTION ( 'NONE',  ( -1.000000000000000000, 0.000000000000000000, 9.757819552369541139E-17 ) ) ;
#5136 = DIRECTION ( 'NONE',  ( -1.000000000000000000, 0.000000000000000000, 0.000000000000000000 ) ) ;
#5137 = ORIENTED_EDGE ( 'NONE', *, *, #3988, .T. ) ;
#5138 = ADVANCED_FACE ( 'NONE', ( #829 ), #1456, .F. ) ;
#5139 = ORIENTED_EDGE ( 'NONE', *, *, #6086, .F. ) ;
#5140 = DIRECTION ( 'NONE',  ( -3.252606517456513918E-17, 1.000000000000000000, 0.000000000000000000 ) ) ;
#5141 = FACE_OUTER_BOUND ( 'NONE', #3424, .T. ) ;
#5142 = DIRECTION ( 'NONE',  ( -1.000000000000000000, -3.252606517456513918E-17, -0.000000000000000000 ) ) ;
#5143 = CYLINDRICAL_SURFACE ( 'NONE', #141, 2.050000000000010036 ) ;
#5144 = ORIENTED_EDGE ( 'NONE', *, *, #2682, .F. ) ;
#5145 = CARTESIAN_POINT ( 'NONE',  ( 7.002000000000005109, -10.76036283369648494, 35.09386066807927307 ) ) ;
#5146 = DIRECTION ( 'NONE',  ( 0.000000000000000000, 0.000000000000000000, -1.000000000000000000 ) ) ;
#5147 = ORIENTED_EDGE ( 'NONE', *, *, #4494, .F. ) ;
#5148 = EDGE_CURVE ( 'NONE', #4831, #5925, #4946, .T. ) ;
#5149 = VECTOR ( 'NONE', #2260, 1000.000000000000000 ) ;
#5150 = DIRECTION ( 'NONE',  ( 3.469446951953611107E-17, -1.000000000000000000, 0.000000000000000000 ) ) ;
#5151 = EDGE_CURVE ( 'NONE', #841, #5524, #2897, .T. ) ;
#5152 = VECTOR ( 'NONE', #5044, 1000.000000000000000 ) ;
#5153 = DIRECTION ( 'NONE',  ( -1.000000000000000000, -0.000000000000000000, -0.000000000000000000 ) ) ;
#5154 = EDGE_CURVE ( 'NONE', #2774, #3226, #6434, .T. ) ;
#5155 = ORIENTED_EDGE ( 'NONE', *, *, #4506, .F. ) ;
#5156 = PLANE ( 'NONE',  #4421 ) ;
#5157 = ORIENTED_EDGE ( 'NONE', *, *, #1653, .T. ) ;
#5158 = DIRECTION ( 'NONE',  ( 1.000000000000000000, 1.239088197126290570E-16, -0.000000000000000000 ) ) ;
#5159 = DIRECTION ( 'NONE',  ( 1.000000000000000000, 1.239088197126290570E-16, 0.000000000000000000 ) ) ;
#5160 = ORIENTED_EDGE ( 'NONE', *, *, #2378, .F. ) ;
#5161 = CARTESIAN_POINT ( 'NONE',  ( 4.000000000000000000, -7.299999999999998934, 15.34168760482228500 ) ) ;
#5162 = EDGE_LOOP ( 'NONE', ( #5198, #5861, #273, #4356 ) ) ;
#5163 = VECTOR ( 'NONE', #4320, 1000.000000000000000 ) ;
#5164 = CARTESIAN_POINT ( 'NONE',  ( 3.500000000000000444, -16.00000000000000711, 60.04999999999999716 ) ) ;
#5165 = CARTESIAN_POINT ( 'NONE',  ( 0.9999999999999995559, -9.251384209635093114, 53.34168760482229033 ) ) ;
#5166 = VERTEX_POINT ( 'NONE', #3917 ) ;
#5167 = ORIENTED_EDGE ( 'NONE', *, *, #2967, .F. ) ;
#5168 = VECTOR ( 'NONE', #2196, 1000.000000000000000 ) ;
#5169 = FACE_OUTER_BOUND ( 'NONE', #2459, .T. ) ;
#5170 = DIRECTION ( 'NONE',  ( -1.000000000000000000, -3.252606517456513918E-17, 0.000000000000000000 ) ) ;
#5171 = LINE ( 'NONE', #1148, #4433 ) ;
#5172 = VECTOR ( 'NONE', #4293, 1000.000000000000000 ) ;
#5173 = CARTESIAN_POINT ( 'NONE',  ( 0.4999999999999970024, -5.299999999999999822, -18.40000000000000568 ) ) ;
#5174 = ORIENTED_EDGE ( 'NONE', *, *, #5154, .T. ) ;
#5175 = CIRCLE ( 'NONE', #5277, 2.049999999999999822 ) ;
#5176 = ORIENTED_EDGE ( 'NONE', *, *, #817, .T. ) ;
#5177 = PLANE ( 'NONE',  #260 ) ;
#5178 = CARTESIAN_POINT ( 'NONE',  ( -0.5000000000000088818, 20.99999999999999645, -23.33700000000000330 ) ) ;
#5179 = AXIS2_PLACEMENT_3D ( 'NONE', #6146, #2147, #5744 ) ;
#5180 = ORIENTED_EDGE ( 'NONE', *, *, #703, .F. ) ;
#5181 = ADVANCED_FACE ( 'NONE', ( #334 ), #5907, .F. ) ;
#5182 = CARTESIAN_POINT ( 'NONE',  ( -64.14711903867025455, -19.00000000000000711, 4.000000000000002665 ) ) ;
#5183 = ORIENTED_EDGE ( 'NONE', *, *, #4175, .T. ) ;
#5184 = CARTESIAN_POINT ( 'NONE',  ( -63.03173803727769808, -6.500000000000001776, 4.000000000000000000 ) ) ;
#5185 = ORIENTED_EDGE ( 'NONE', *, *, #4079, .T. ) ;
#5186 = ADVANCED_FACE ( 'NONE', ( #6399 ), #5373, .F. ) ;
#5187 = CARTESIAN_POINT ( 'NONE',  ( 2.725000000000000533, -0.9999999999999941158, -29.20000000000000284 ) ) ;
#5188 = CYLINDRICAL_SURFACE ( 'NONE', #4788, 0.8000000000000003775 ) ;
#5189 = ADVANCED_FACE ( 'NONE', ( #3855 ), #2349, .T. ) ;
#5190 = ORIENTED_EDGE ( 'NONE', *, *, #2246, .T. ) ;
#5191 = CARTESIAN_POINT ( 'NONE',  ( 1.000000000000000000, -12.75000000000000000, 40.47468587349739266 ) ) ;
#5192 = ORIENTED_EDGE ( 'NONE', *, *, #3513, .T. ) ;
#5193 = LINE ( 'NONE', #5164, #1870 ) ;
#5194 = DIRECTION ( 'NONE',  ( -1.000000000000000000, 0.000000000000000000, 9.757819552369541139E-17 ) ) ;
#5195 = VERTEX_POINT ( 'NONE', #3323 ) ;
#5196 = VECTOR ( 'NONE', #4071, 1000.000000000000000 ) ;
#5197 = EDGE_CURVE ( 'NONE', #3417, #5166, #5472, .T. ) ;
#5198 = ORIENTED_EDGE ( 'NONE', *, *, #1967, .F. ) ;
#5199 = AXIS2_PLACEMENT_3D ( 'NONE', #2537, #4931, #2433 ) ;
#5200 = LINE ( 'NONE', #189, #5168 ) ;
#5201 = VECTOR ( 'NONE', #1758, 1000.000000000000114 ) ;
#5202 = CARTESIAN_POINT ( 'NONE',  ( 0.9999999999999997780, -8.690625412120519755, 15.06732385291521759 ) ) ;
#5203 = CIRCLE ( 'NONE', #5303, 0.8000000000000003775 ) ;
#5204 = FACE_OUTER_BOUND ( 'NONE', #1229, .T. ) ;
#5205 = VECTOR ( 'NONE', #3028, 1000.000000000000000 ) ;
#5206 = CARTESIAN_POINT ( 'NONE',  ( 7.000000000000000000, 0.000000000000000000, 0.000000000000000000 ) ) ;
#5207 = ORIENTED_EDGE ( 'NONE', *, *, #4833, .F. ) ;
#5208 = VECTOR ( 'NONE', #701, 1000.000000000000000 ) ;
#5209 = ADVANCED_FACE ( 'NONE', ( #368 ), #1872, .F. ) ;
#5210 = ORIENTED_EDGE ( 'NONE', *, *, #3547, .F. ) ;
#5211 = CARTESIAN_POINT ( 'NONE',  ( 4.000000000000000000, -18.20000000000000284, 50.28776832031181243 ) ) ;
#5212 = CARTESIAN_POINT ( 'NONE',  ( 7.002000000000005997, -16.24861579036490511, 52.54168760482228606 ) ) ;
#5213 = AXIS2_PLACEMENT_3D ( 'NONE', #3964, #73, #4523 ) ;
#5214 = VERTEX_POINT ( 'NONE', #5945 ) ;
#5215 = DIRECTION ( 'NONE',  ( 0.000000000000000000, -0.000000000000000000, 1.000000000000000000 ) ) ;
#5216 = VERTEX_POINT ( 'NONE', #430 ) ;
#5217 = DIRECTION ( 'NONE',  ( 0.000000000000000000, 0.000000000000000000, 1.000000000000000000 ) ) ;
#5218 = ORIENTED_EDGE ( 'NONE', *, *, #4754, .T. ) ;
#5219 = DIRECTION ( 'NONE',  ( 1.165692616471626958E-16, -0.9407664597040923393, -0.3390552584695133431 ) ) ;
#5220 = DIRECTION ( 'NONE',  ( 0.000000000000000000, -1.000000000000000000, 0.000000000000000000 ) ) ;
#5221 = VERTEX_POINT ( 'NONE', #957 ) ;
#5222 = DIRECTION ( 'NONE',  ( 1.000000000000000000, 0.000000000000000000, 0.000000000000000000 ) ) ;
#5223 = ORIENTED_EDGE ( 'NONE', *, *, #2925, .F. ) ;
#5224 = DIRECTION ( 'NONE',  ( 1.000000000000000000, 3.252606517456513918E-17, -0.000000000000000000 ) ) ;
#5225 = AXIS2_PLACEMENT_3D ( 'NONE', #5795, #1336, #5355 ) ;
#5226 = EDGE_CURVE ( 'NONE', #2033, #6277, #5875, .T. ) ;
#5227 = FACE_OUTER_BOUND ( 'NONE', #258, .T. ) ;
#5228 = VERTEX_POINT ( 'NONE', #301 ) ;
#5229 = EDGE_LOOP ( 'NONE', ( #1245, #5010, #4621, #4768 ) ) ;
#5230 = CARTESIAN_POINT ( 'NONE',  ( 1.225000000000000089, -10.99999999999999822, -29.20000000000000284 ) ) ;
#5231 = ADVANCED_FACE ( 'NONE', ( #3353 ), #1351, .F. ) ;
#5232 = CARTESIAN_POINT ( 'NONE',  ( 0.9999999999999978906, 19.00000000000001066, 52.86184355012333924 ) ) ;
#5233 = FACE_BOUND ( 'NONE', #3690, .T. ) ;
#5234 = CARTESIAN_POINT ( 'NONE',  ( 4.000000000000000000, -4.499999999999999112, -19.20000000000000639 ) ) ;
#5235 = VERTEX_POINT ( 'NONE', #1906 ) ;
#5236 = ORIENTED_EDGE ( 'NONE', *, *, #2296, .F. ) ;
#5237 = DIRECTION ( 'NONE',  ( 2.168404344971009854E-16, -1.000000000000000000, 0.000000000000000000 ) ) ;
#5238 = CARTESIAN_POINT ( 'NONE',  ( 0.9999999999999995559, -3.145898033750309075, 59.65831239517769546 ) ) ;
#5239 = CARTESIAN_POINT ( 'NONE',  ( 0.4999999999999981681, -6.499999999999999112, 27.71223167968819823 ) ) ;
#5240 = ADVANCED_FACE ( 'NONE', ( #4314 ), #5848, .F. ) ;
#5241 = EDGE_CURVE ( 'NONE', #2527, #1099, #3884, .T. ) ;
#5242 = DIRECTION ( 'NONE',  ( 1.000000000000000000, 3.252606517456513918E-17, 0.000000000000000000 ) ) ;
#5243 = ADVANCED_FACE ( 'NONE', ( #5605 ), #2585, .F. ) ;
#5244 = VERTEX_POINT ( 'NONE', #5048 ) ;
#5245 = CARTESIAN_POINT ( 'NONE',  ( 0.4999999999999987232, -13.09364437107287493, 34.21231699605854004 ) ) ;
#5246 = ORIENTED_EDGE ( 'NONE', *, *, #960, .T. ) ;
#5247 = VECTOR ( 'NONE', #3991, 1000.000000000000000 ) ;
#5248 = DIRECTION ( 'NONE',  ( -0.000000000000000000, 0.000000000000000000, 1.000000000000000000 ) ) ;
#5249 =( NAMED_UNIT ( * ) PLANE_ANGLE_UNIT ( ) SI_UNIT ( $, .RADIAN. ) );
#5250 = ORIENTED_EDGE ( 'NONE', *, *, #917, .T. ) ;
#5251 = FACE_BOUND ( 'NONE', #4998, .T. ) ;
#5252 = ORIENTED_EDGE ( 'NONE', *, *, #2159, .T. ) ;
#5253 = FACE_OUTER_BOUND ( 'NONE', #1658, .T. ) ;
#5254 = CARTESIAN_POINT ( 'NONE',  ( 4.999999999999997335, 6.499999999999996447, 47.50000000000000000 ) ) ;
#5255 = ORIENTED_EDGE ( 'NONE', *, *, #3934, .T. ) ;
#5256 = ORIENTED_EDGE ( 'NONE', *, *, #193, .F. ) ;
#5257 = CARTESIAN_POINT ( 'NONE',  ( 7.002000000000005109, -12.46362969077260097, 42.98973583661788922 ) ) ;
#5258 = AXIS2_PLACEMENT_3D ( 'NONE', #1850, #6315, #2723 ) ;
#5259 = CARTESIAN_POINT ( 'NONE',  ( 0.4999999999999987232, -8.921746524012673873, 17.54168760482228606 ) ) ;
#5260 = CARTESIAN_POINT ( 'NONE',  ( 0.9999999999999997780, -7.417561391042557517, 55.27044339804668027 ) ) ;
#5261 = CIRCLE ( 'NONE', #3888, 2.049999999999999822 ) ;
#5262 = CARTESIAN_POINT ( 'NONE',  ( 0.4999999999999970024, -5.299999999999999822, -19.20000000000000639 ) ) ;
#5263 = AXIS2_PLACEMENT_3D ( 'NONE', #1498, #3892, #3458 ) ;
#5264 = DIRECTION ( 'NONE',  ( 0.000000000000000000, 0.000000000000000000, 1.000000000000000000 ) ) ;
#5265 = EDGE_CURVE ( 'NONE', #3210, #4710, #2046, .T. ) ;
#5266 = ORIENTED_EDGE ( 'NONE', *, *, #3363, .T. ) ;
#5267 = VECTOR ( 'NONE', #3072, 1000.000000000000000 ) ;
#5268 = EDGE_CURVE ( 'NONE', #449, #962, #1091, .T. ) ;
#5269 = VERTEX_POINT ( 'NONE', #4024 ) ;
#5270 = CARTESIAN_POINT ( 'NONE',  ( 4.000000000000003553, -7.299999999999998934, 50.28776832031179822 ) ) ;
#5271 = CARTESIAN_POINT ( 'NONE',  ( -4.501000000000007439, 5.785144316419498445, -29.19999999999999929 ) ) ;
#5272 = ADVANCED_FACE ( 'NONE', ( #4618 ), #6013, .T. ) ;
#5273 = CARTESIAN_POINT ( 'NONE',  ( 7.002000000000007773, -8.052613167763272628, 50.55901252708741822 ) ) ;
#5274 = LINE ( 'NONE', #1188, #1411 ) ;
#5275 = ORIENTED_EDGE ( 'NONE', *, *, #4605, .T. ) ;
#5276 = DIRECTION ( 'NONE',  ( -1.355252715606879803E-16, 1.000000000000000000, 0.000000000000000000 ) ) ;
#5277 = AXIS2_PLACEMENT_3D ( 'NONE', #3708, #130, #6174 ) ;
#5278 = ORIENTED_EDGE ( 'NONE', *, *, #2414, .F. ) ;
#5279 = EDGE_CURVE ( 'NONE', #1047, #2059, #3586, .T. ) ;
#5280 = PLANE ( 'NONE',  #4880 ) ;
#5281 = CARTESIAN_POINT ( 'NONE',  ( 1.000000000000000222, -18.08243860895744248, 55.27044339804668027 ) ) ;
#5282 = ORIENTED_EDGE ( 'NONE', *, *, #5128, .T. ) ;
#5283 = DIRECTION ( 'NONE',  ( 1.000000000000000000, 1.239088197126290570E-16, 0.000000000000000000 ) ) ;
#5284 = VERTEX_POINT ( 'NONE', #1559 ) ;
#5285 = CARTESIAN_POINT ( 'NONE',  ( 7.001000000000006551, 15.49999999999999645, 17.80000000000000071 ) ) ;
#5286 = LINE ( 'NONE', #2787, #3903 ) ;
#5287 = ORIENTED_EDGE ( 'NONE', *, *, #1357, .F. ) ;
#5288 = VERTEX_POINT ( 'NONE', #504 ) ;
#5289 = DIRECTION ( 'NONE',  ( 0.000000000000000000, 1.000000000000000000, 0.000000000000000000 ) ) ;
#5290 = EDGE_CURVE ( 'NONE', #637, #1688, #4575, .T. ) ;
#5291 = LINE ( 'NONE', #349, #4708 ) ;
#5292 = ORIENTED_EDGE ( 'NONE', *, *, #6302, .T. ) ;
#5293 = CYLINDRICAL_SURFACE ( 'NONE', #2577, 0.8000000000000003775 ) ;
#5294 = AXIS2_PLACEMENT_3D ( 'NONE', #4373, #728, #5264 ) ;
#5295 = FACE_OUTER_BOUND ( 'NONE', #2450, .T. ) ;
#5296 = DIRECTION ( 'NONE',  ( 1.000000000000000000, 0.000000000000000000, 0.000000000000000000 ) ) ;
#5297 = AXIS2_PLACEMENT_3D ( 'NONE', #5259, #787, #1858 ) ;
#5298 = DIRECTION ( 'NONE',  ( 1.000000000000000000, 3.252606517456513918E-17, -0.000000000000000000 ) ) ;
#5299 = CIRCLE ( 'NONE', #2038, 0.8000000000000003775 ) ;
#5300 = VERTEX_POINT ( 'NONE', #4486 ) ;
#5301 = VECTOR ( 'NONE', #2267, 1000.000000000000000 ) ;
#5302 = CARTESIAN_POINT ( 'NONE',  ( 0.4999999999999995559, -18.20000000000000284, 50.28776832031181243 ) ) ;
#5303 = AXIS2_PLACEMENT_3D ( 'NONE', #5306, #2831, #3415 ) ;
#5304 = CARTESIAN_POINT ( 'NONE',  ( 7.000000000000000000, -15.99999999999999289, -43.00000000000000000 ) ) ;
#5305 = EDGE_CURVE ( 'NONE', #5284, #438, #3930, .T. ) ;
#5306 = CARTESIAN_POINT ( 'NONE',  ( 4.000000000000000000, -9.960362833696484230, 35.09386066807927307 ) ) ;
#5307 = CIRCLE ( 'NONE', #3097, 0.7999999999999986011 ) ;
#5308 = CARTESIAN_POINT ( 'NONE',  ( 0.5000000000000004441, -19.00000000000000355, 17.54168760482228606 ) ) ;
#5309 = ORIENTED_EDGE ( 'NONE', *, *, #5413, .F. ) ;
#5310 = LINE ( 'NONE', #1809, #1269 ) ;
#5311 = ORIENTED_EDGE ( 'NONE', *, *, #4722, .T. ) ;
#5312 = DIRECTION ( 'NONE',  ( -1.000000000000000000, -1.239088197126290570E-16, 0.000000000000000000 ) ) ;
#5313 = SURFACE_STYLE_FILL_AREA ( #6341 ) ;
#5314 = VERTEX_POINT ( 'NONE', #2516 ) ;
#5315 = CARTESIAN_POINT ( 'NONE',  ( 3.500000000000000444, -15.99999999999998934, -18.00000000000000711 ) ) ;
#5316 = EDGE_LOOP ( 'NONE', ( #1187, #1409, #682, #3493 ) ) ;
#5317 = EDGE_CURVE ( 'NONE', #5020, #1905, #4517, .T. ) ;
#5318 = DIRECTION ( 'NONE',  ( 0.000000000000000000, 1.188166764367676095E-16, -1.000000000000000000 ) ) ;
#5319 = VERTEX_POINT ( 'NONE', #6508 ) ;
#5320 = VERTEX_POINT ( 'NONE', #69 ) ;
#5321 = CIRCLE ( 'NONE', #838, 3.999999999999998224 ) ;
#5322 = VECTOR ( 'NONE', #405, 1000.000000000000000 ) ;
#5323 = DIRECTION ( 'NONE',  ( 0.000000000000000000, 1.000000000000000000, 0.000000000000000000 ) ) ;
#5324 = VECTOR ( 'NONE', #814, 1000.000000000000000 ) ;
#5325 = CARTESIAN_POINT ( 'NONE',  ( -64.14711903867026876, -19.00000000000000711, 50.28776832031179822 ) ) ;
#5326 = EDGE_LOOP ( 'NONE', ( #56, #3868, #4771, #3628 ) ) ;
#5327 = CARTESIAN_POINT ( 'NONE',  ( 4.500000000000000888, 6.499999999999996447, 47.50000000000000000 ) ) ;
#5328 = CARTESIAN_POINT ( 'NONE',  ( 7.001000000000008328, -12.15000000000000391, 71.00000000000000000 ) ) ;
#5329 = DIRECTION ( 'NONE',  ( 0.000000000000000000, 0.000000000000000000, 1.000000000000000000 ) ) ;
#5330 = EDGE_CURVE ( 'NONE', #5661, #1387, #5620, .T. ) ;
#5331 = EDGE_LOOP ( 'NONE', ( #6311, #2181, #1573, #3435 ) ) ;
#5332 = DIRECTION ( 'NONE',  ( 0.000000000000000000, 0.000000000000000000, 1.000000000000000000 ) ) ;
#5333 = EDGE_LOOP ( 'NONE', ( #1640, #6134, #4673, #6510 ) ) ;
#5334 = CARTESIAN_POINT ( 'NONE',  ( 0.4999999999999978351, -3.499999999999999556, 4.000000000000003553 ) ) ;
#5335 = CIRCLE ( 'NONE', #1129, 0.8000000000000003775 ) ;
#5336 = DIRECTION ( 'NONE',  ( -1.000000000000000000, -0.000000000000000000, -0.000000000000000000 ) ) ;
#5337 = CARTESIAN_POINT ( 'NONE',  ( 0.4999999999999991673, -13.84625753883615040, 34.48356120283415294 ) ) ;
#5338 = ORIENTED_EDGE ( 'NONE', *, *, #4179, .T. ) ;
#5339 = EDGE_CURVE ( 'NONE', #5509, #5560, #1622, .T. ) ;
#5340 = CARTESIAN_POINT ( 'NONE',  ( 4.000000000000000000, -6.499999999999999112, 24.65831239517770612 ) ) ;
#5341 = DIRECTION ( 'NONE',  ( -1.000000000000000000, -1.239088197126290570E-16, 0.000000000000000000 ) ) ;
#5342 = ORIENTED_EDGE ( 'NONE', *, *, #510, .F. ) ;
#5343 = EDGE_CURVE ( 'NONE', #1298, #1359, #2113, .T. ) ;
#5344 = DIRECTION ( 'NONE',  ( -0.000000000000000000, 0.000000000000000000, 1.000000000000000000 ) ) ;
#5345 = ADVANCED_FACE ( 'NONE', ( #3064 ), #5543, .F. ) ;
#5346 = DIRECTION ( 'NONE',  ( -1.000000000000000000, -3.469446951953612956E-17, 0.000000000000000000 ) ) ;
#5347 = VERTEX_POINT ( 'NONE', #1058 ) ;
#5348 = EDGE_CURVE ( 'NONE', #4861, #4110, #2369, .T. ) ;
#5349 = PLANE ( 'NONE',  #4111 ) ;
#5350 = VECTOR ( 'NONE', #3116, 1000.000000000000000 ) ;
#5351 = DIRECTION ( 'NONE',  ( 0.000000000000000000, 0.000000000000000000, -1.000000000000000000 ) ) ;
#5352 = VERTEX_POINT ( 'NONE', #5640 ) ;
#5353 = ORIENTED_EDGE ( 'NONE', *, *, #6208, .T. ) ;
#5354 = DIRECTION ( 'NONE',  ( 0.5634384369710554452, 0.000000000000000000, 0.8261580525199848646 ) ) ;
#5355 = DIRECTION ( 'NONE',  ( 0.000000000000000000, -1.000000000000000000, 0.000000000000000000 ) ) ;
#5356 = VERTEX_POINT ( 'NONE', #1023 ) ;
#5358 = VECTOR ( 'NONE', #6354, 1000.000000000000000 ) ;
#5357 = DIRECTION ( 'NONE',  ( -3.469446951953611107E-17, 1.000000000000000000, -0.000000000000000000 ) ) ;
#5359 = CARTESIAN_POINT ( 'NONE',  ( 3.500000000000000888, -15.99999999999998934, -15.95000000000000639 ) ) ;
#5360 = CARTESIAN_POINT ( 'NONE',  ( 0.4999999999999987232, -7.299999999999998934, 27.71223167968819823 ) ) ;
#5361 = ORIENTED_EDGE ( 'NONE', *, *, #4624, .T. ) ;
#5362 = AXIS2_PLACEMENT_3D ( 'NONE', #6037, #27, #3510 ) ;
#5363 = EDGE_CURVE ( 'NONE', #2316, #1699, #38, .T. ) ;
#5364 = EDGE_CURVE ( 'NONE', #1280, #1115, #5082, .T. ) ;
#5365 = PLANE ( 'NONE',  #1920 ) ;
#5366 = VERTEX_POINT ( 'NONE', #4088 ) ;
#5367 = CARTESIAN_POINT ( 'NONE',  ( 1.000000000000000000, -3.145898033750298861, 18.34168760482228677 ) ) ;
#5368 = AXIS2_PLACEMENT_3D ( 'NONE', #476, #1431, #3996 ) ;
#5369 = DIRECTION ( 'NONE',  ( 0.000000000000000000, -0.000000000000000000, 1.000000000000000000 ) ) ;
#5370 = DIRECTION ( 'NONE',  ( -0.7071067811865507924, 0.7071067811865441310, 6.580658440701206389E-17 ) ) ;
#5371 = VERTEX_POINT ( 'NONE', #4210 ) ;
#5372 = CIRCLE ( 'NONE', #2989, 0.8000000000000003775 ) ;
#5373 = PLANE ( 'NONE',  #5096 ) ;
#5374 = LINE ( 'NONE', #3856, #1894 ) ;
#5375 = VERTEX_POINT ( 'NONE', #3716 ) ;
#5376 = EDGE_LOOP ( 'NONE', ( #4739, #5009, #1514, #598, #3877, #1776, #473, #3756, #1288 ) ) ;
#5377 = CIRCLE ( 'NONE', #4318, 4.500000000000004441 ) ;
#5378 = PLANE ( 'NONE',  #1620 ) ;
#5379 = DIRECTION ( 'NONE',  ( 0.000000000000000000, 1.045014142154703244E-16, -1.000000000000000000 ) ) ;
#5380 = AXIS2_PLACEMENT_3D ( 'NONE', #4683, #1119, #4745 ) ;
#5381 = ORIENTED_EDGE ( 'NONE', *, *, #358, .T. ) ;
#5382 = LINE ( 'NONE', #1262, #1888 ) ;
#5383 = LINE ( 'NONE', #5481, #1170 ) ;
#5384 = VERTEX_POINT ( 'NONE', #2647 ) ;
#5385 = EDGE_CURVE ( 'NONE', #1968, #6514, #4150, .T. ) ;
#5386 = EDGE_CURVE ( 'NONE', #2972, #6393, #3683, .T. ) ;
#5387 = CIRCLE ( 'NONE', #2556, 1.600000000000000089 ) ;
#5388 = ORIENTED_EDGE ( 'NONE', *, *, #2583, .F. ) ;
#5389 = CARTESIAN_POINT ( 'NONE',  ( 0.9999999999999941158, 19.00000000000001066, 10.80000000000000071 ) ) ;
#5390 = ORIENTED_EDGE ( 'NONE', *, *, #3574, .T. ) ;
#5391 = CARTESIAN_POINT ( 'NONE',  ( 2.999999999999999112, 3.805842560179955480, 69.15558256377492796 ) ) ;
#5392 = EDGE_LOOP ( 'NONE', ( #5920, #151, #6298, #1627, #3606, #2060, #3575, #5536 ) ) ;
#5393 = LINE ( 'NONE', #3840, #676 ) ;
#5394 = DIRECTION ( 'NONE',  ( -3.856989707383759633E-17, 0.3390552584695135097, -0.9407664597040923393 ) ) ;
#5396 = EDGE_CURVE ( 'NONE', #970, #296, #3650, .T. ) ;
#5395 = DIRECTION ( 'NONE',  ( 0.000000000000000000, 0.000000000000000000, 1.000000000000000000 ) ) ;
#5397 = ORIENTED_EDGE ( 'NONE', *, *, #2509, .T. ) ;
#5398 = ADVANCED_FACE ( 'NONE', ( #1246 ), #4277, .F. ) ;
#5399 = VECTOR ( 'NONE', #3809, 1000.000000000000000 ) ;
#5400 = PLANE ( 'NONE',  #1730 ) ;
#5401 = LINE ( 'NONE', #1416, #26 ) ;
#5402 = DIRECTION ( 'NONE',  ( -3.469446951953612956E-17, 1.000000000000000000, -0.000000000000000000 ) ) ;
#5403 = AXIS2_PLACEMENT_3D ( 'NONE', #3249, #700, #5741 ) ;
#5404 = VECTOR ( 'NONE', #1196, 1000.000000000000000 ) ;
#5405 = ORIENTED_EDGE ( 'NONE', *, *, #2200, .F. ) ;
#5406 = VECTOR ( 'NONE', #614, 1000.000000000000000 ) ;
#5407 = DIRECTION ( 'NONE',  ( -1.000000000000000000, -1.239088197126290570E-16, 0.000000000000000000 ) ) ;
#5408 = DIRECTION ( 'NONE',  ( -1.000000000000000000, -1.239088197126290570E-16, 0.000000000000000000 ) ) ;
#5409 = DIRECTION ( 'NONE',  ( -1.000000000000000000, -3.252606517456513918E-17, 1.048466334442454337E-16 ) ) ;
#5410 = CIRCLE ( 'NONE', #467, 0.7999999999999986011 ) ;
#5411 = EDGE_LOOP ( 'NONE', ( #3592, #6476, #1444, #2692, #1260, #4719, #2014, #466, #5282, #305, #3326 ) ) ;
#5412 = ORIENTED_EDGE ( 'NONE', *, *, #1267, .F. ) ;
#5413 = EDGE_CURVE ( 'NONE', #1905, #6443, #4783, .T. ) ;
#5414 = FACE_OUTER_BOUND ( 'NONE', #2203, .T. ) ;
#5415 = VECTOR ( 'NONE', #1, 1000.000000000000000 ) ;
#5416 = CARTESIAN_POINT ( 'NONE',  ( 6.999999999999999112, -1.644164868785977118, 75.00000000000000000 ) ) ;
#5417 = VECTOR ( 'NONE', #5973, 1000.000000000000000 ) ;
#5418 = ORIENTED_EDGE ( 'NONE', *, *, #3244, .F. ) ;
#5419 = DIRECTION ( 'NONE',  ( 0.000000000000000000, -1.577021341797097560E-16, -1.000000000000000000 ) ) ;
#5420 = CARTESIAN_POINT ( 'NONE',  ( 2.999999999999999112, 1.494263266912956523, 67.00000000000000000 ) ) ;
#5421 = VECTOR ( 'NONE', #5609, 1000.000000000000000 ) ;
#5422 = ORIENTED_EDGE ( 'NONE', *, *, #501, .F. ) ;
#5423 = ORIENTED_EDGE ( 'NONE', *, *, #6382, .T. ) ;
#5424 = CARTESIAN_POINT ( 'NONE',  ( 3.999999999999994671, -2.965882636488805790, 7.800000000000001599 ) ) ;
#5425 = ORIENTED_EDGE ( 'NONE', *, *, #2401, .F. ) ;
#5426 = DIRECTION ( 'NONE',  ( 1.355252715606881036E-16, -1.000000000000000000, 0.000000000000000000 ) ) ;
#5427 = ORIENTED_EDGE ( 'NONE', *, *, #5279, .T. ) ;
#5428 = LINE ( 'NONE', #909, #776 ) ;
#5429 = DIRECTION ( 'NONE',  ( -1.000000000000000000, -3.469446951953611107E-17, 0.000000000000000000 ) ) ;
#5430 = ORIENTED_EDGE ( 'NONE', *, *, #4591, .F. ) ;
#5431 = DIRECTION ( 'NONE',  ( -1.000000000000000000, 0.000000000000000000, 9.757819552369541139E-17 ) ) ;
#5432 = VERTEX_POINT ( 'NONE', #1650 ) ;
#5433 = ADVANCED_FACE ( 'NONE', ( #5669 ), #1217, .T. ) ;
#5434 = EDGE_CURVE ( 'NONE', #4216, #4462, #3749, .T. ) ;
#5435 = DIRECTION ( 'NONE',  ( 6.570922257487903830E-17, 0.000000000000000000, 1.000000000000000000 ) ) ;
#5436 = CARTESIAN_POINT ( 'NONE',  ( 1.999999999999999112, -0.5000000000000065503, 62.50000000000000000 ) ) ;
#5437 = CARTESIAN_POINT ( 'NONE',  ( 1.225000000000000311, -14.49999999999999645, -26.35000000000000142 ) ) ;
#5438 = CARTESIAN_POINT ( 'NONE',  ( -64.14711903867025455, -19.00000000000000711, 27.71223167968819112 ) ) ;
#5439 = VERTEX_POINT ( 'NONE', #6299 ) ;
#5440 = DIRECTION ( 'NONE',  ( -0.000000000000000000, 0.000000000000000000, 1.000000000000000000 ) ) ;
#5441 = CARTESIAN_POINT ( 'NONE',  ( -0.5000000000000083267, 27.19999999999999574, -17.98699999999999832 ) ) ;
#5442 = PLANE ( 'NONE',  #4091 ) ;
#5443 = VERTEX_POINT ( 'NONE', #1767 ) ;
#5444 = ORIENTED_EDGE ( 'NONE', *, *, #4830, .F. ) ;
#5445 = PLANE ( 'NONE',  #2871 ) ;
#5446 = CARTESIAN_POINT ( 'NONE',  ( 0.4999999999999988343, -10.76036283369648494, 35.09386066807927307 ) ) ;
#5447 = ORIENTED_EDGE ( 'NONE', *, *, #2321, .F. ) ;
#5448 = LINE ( 'NONE', #3394, #6499 ) ;
#5449 = CARTESIAN_POINT ( 'NONE',  ( -0.5000000000000081046, 27.19999999999999574, -14.68700000000000117 ) ) ;
#5450 = ORIENTED_EDGE ( 'NONE', *, *, #2497, .F. ) ;
#5451 = ORIENTED_EDGE ( 'NONE', *, *, #2187, .F. ) ;
#5452 = DIRECTION ( 'NONE',  ( 0.000000000000000000, -1.000000000000000000, -2.168404344971010594E-16 ) ) ;
#5453 = ORIENTED_EDGE ( 'NONE', *, *, #4824, .T. ) ;
#5454 = CARTESIAN_POINT ( 'NONE',  ( -0.5000000000000086597, 20.99999999999999645, -21.33700000000000330 ) ) ;
#5455 = VERTEX_POINT ( 'NONE', #3779 ) ;
#5456 = DIRECTION ( 'NONE',  ( 4.336808689942017736E-17, 1.000000000000000000, 0.000000000000000000 ) ) ;
#5457 = CARTESIAN_POINT ( 'NONE',  ( -0.5000000000000081046, 27.19999999999999574, -14.68700000000000117 ) ) ;
#5458 = VERTEX_POINT ( 'NONE', #1124 ) ;
#5459 = VERTEX_POINT ( 'NONE', #197 ) ;
#5460 = LINE ( 'NONE', #3516, #1481 ) ;
#5461 = VECTOR ( 'NONE', #4546, 1000.000000000000000 ) ;
#5462 = DIRECTION ( 'NONE',  ( 1.000000000000000000, 1.239088197126290570E-16, -0.000000000000000000 ) ) ;
#5463 = CARTESIAN_POINT ( 'NONE',  ( 0.4999999999999996669, -17.83804879822353939, 64.84983472897241086 ) ) ;
#5464 = DIRECTION ( 'NONE',  ( -1.000000000000000000, -0.000000000000000000, 0.000000000000000000 ) ) ;
#5465 = ADVANCED_FACE ( 'NONE', ( #3127 ), #5177, .F. ) ;
#5466 = EDGE_CURVE ( 'NONE', #4283, #4803, #231, .T. ) ;
#5467 = DIRECTION ( 'NONE',  ( -1.000000000000000000, -0.000000000000000000, -0.000000000000000000 ) ) ;
#5468 = ORIENTED_EDGE ( 'NONE', *, *, #403, .T. ) ;
#5469 = EDGE_CURVE ( 'NONE', #6161, #995, #638, .T. ) ;
#5470 = AXIS2_PLACEMENT_3D ( 'NONE', #4932, #4047, #454 ) ;
#5471 = VECTOR ( 'NONE', #4388, 1000.000000000000000 ) ;
#5472 = LINE ( 'NONE', #6372, #2879 ) ;
#5473 = DIRECTION ( 'NONE',  ( 1.000000000000000000, 0.000000000000000000, -0.000000000000000000 ) ) ;
#5474 = ORIENTED_EDGE ( 'NONE', *, *, #5882, .F. ) ;
#5475 = ORIENTED_EDGE ( 'NONE', *, *, #1516, .T. ) ;
#5476 = CIRCLE ( 'NONE', #543, 2.000000000000001776 ) ;
#5477 = FACE_OUTER_BOUND ( 'NONE', #4933, .T. ) ;
#5478 = LINE ( 'NONE', #440, #4418 ) ;
#5479 = ORIENTED_EDGE ( 'NONE', *, *, #5348, .F. ) ;
#5480 = CARTESIAN_POINT ( 'NONE',  ( 7.002000000000005109, -12.75000000000000000, 39.00000000000000000 ) ) ;
#5481 = CARTESIAN_POINT ( 'NONE',  ( 7.000000000000000000, -15.99999999999999645, -26.35000000000000142 ) ) ;
#5482 = VERTEX_POINT ( 'NONE', #3159 ) ;
#5483 = AXIS2_PLACEMENT_3D ( 'NONE', #3223, #734, #5614 ) ;
#5484 = ORIENTED_EDGE ( 'NONE', *, *, #2091, .T. ) ;
#5485 = VECTOR ( 'NONE', #3743, 1000.000000000000000 ) ;
#5486 = DIRECTION ( 'NONE',  ( 1.000000000000000000, 1.239088197126290570E-16, -0.000000000000000000 ) ) ;
#5487 = CARTESIAN_POINT ( 'NONE',  ( 7.000000000000000000, 3.100000000000000977, -28.50000000000000355 ) ) ;
#5488 = EDGE_CURVE ( 'NONE', #3681, #2774, #4465, .T. ) ;
#5489 = ORIENTED_EDGE ( 'NONE', *, *, #2376, .F. ) ;
#5490 = PLANE ( 'NONE',  #4702 ) ;
#5491 = ORIENTED_EDGE ( 'NONE', *, *, #3895, .T. ) ;
#5492 = CARTESIAN_POINT ( 'NONE',  ( 0.5000000000000004441, -7.299999999999999822, 15.44526502967733705 ) ) ;
#5493 = CARTESIAN_POINT ( 'NONE',  ( 1.000000000000000000, -7.605121347951828703, 59.65831239517768836 ) ) ;
#5494 = VERTEX_POINT ( 'NONE', #6239 ) ;
#5495 = EDGE_LOOP ( 'NONE', ( #4960, #4926, #3350, #133 ) ) ;
#5496 = EDGE_CURVE ( 'NONE', #4109, #4861, #762, .T. ) ;
#5497 = PLANE ( 'NONE',  #4638 ) ;
#5498 = DIRECTION ( 'NONE',  ( -1.000000000000000000, -0.000000000000000000, -0.000000000000000000 ) ) ;
#5499 = EDGE_CURVE ( 'NONE', #2868, #4349, #2206, .T. ) ;
#5500 = CARTESIAN_POINT ( 'NONE',  ( 7.002000000000005109, -14.91176836727676402, 64.48656371865978087 ) ) ;
#5501 = LINE ( 'NONE', #3094, #6064 ) ;
#5502 = EDGE_CURVE ( 'NONE', #1370, #1305, #5706, .T. ) ;
#5503 = CARTESIAN_POINT ( 'NONE',  ( 1.000000000000000000, -7.163260966291186804, 18.34168760482228322 ) ) ;
#5504 = CARTESIAN_POINT ( 'NONE',  ( 6.225000000000000533, 0.000000000000000000, 0.000000000000000000 ) ) ;
#5505 = EDGE_CURVE ( 'NONE', #4266, #2223, #3250, .T. ) ;
#5506 = DIRECTION ( 'NONE',  ( 0.000000000000000000, 0.000000000000000000, -1.000000000000000000 ) ) ;
#5507 = EDGE_CURVE ( 'NONE', #4665, #1800, #366, .T. ) ;
#5508 = AXIS2_PLACEMENT_3D ( 'NONE', #227, #5332, #1739 ) ;
#5509 = VERTEX_POINT ( 'NONE', #918 ) ;
#5510 = ORIENTED_EDGE ( 'NONE', *, *, #4190, .T. ) ;
#5511 = AXIS2_PLACEMENT_3D ( 'NONE', #4125, #1064, #6151 ) ;
#5512 = EDGE_CURVE ( 'NONE', #4326, #810, #6474, .T. ) ;
#5513 = DIRECTION ( 'NONE',  ( 3.942553354492745133E-17, -1.000000000000000000, -7.885106708985490266E-17 ) ) ;
#5514 = DIRECTION ( 'NONE',  ( 0.000000000000000000, 0.000000000000000000, 1.000000000000000000 ) ) ;
#5515 = LINE ( 'NONE', #4525, #6480 ) ;
#5516 = ADVANCED_FACE ( 'NONE', ( #1899 ), #5400, .T. ) ;
#5517 = VERTEX_POINT ( 'NONE', #1345 ) ;
#5518 = DIRECTION ( 'NONE',  ( 6.570922257487903830E-17, 0.000000000000000000, 1.000000000000000000 ) ) ;
#5519 = AXIS2_PLACEMENT_3D ( 'NONE', #6114, #3000, #5016 ) ;
#5520 = VECTOR ( 'NONE', #6275, 1000.000000000000000 ) ;
#5521 = CARTESIAN_POINT ( 'NONE',  ( 4.000000000000000000, -12.75000000000000000, 39.00000000000000000 ) ) ;
#5522 = ORIENTED_EDGE ( 'NONE', *, *, #3712, .T. ) ;
#5523 = EDGE_CURVE ( 'NONE', #1421, #799, #3937, .T. ) ;
#5524 = VERTEX_POINT ( 'NONE', #1865 ) ;
#5525 = VECTOR ( 'NONE', #2548, 1000.000000000000000 ) ;
#5526 = VECTOR ( 'NONE', #6206, 1000.000000000000000 ) ;
#5527 = DIRECTION ( 'NONE',  ( -1.000000000000000000, -3.252606517456513918E-17, 0.000000000000000000 ) ) ;
#5528 = CARTESIAN_POINT ( 'NONE',  ( 0.4999999999999982792, -7.417561391042563734, 22.72955660195331973 ) ) ;
#5529 = ORIENTED_EDGE ( 'NONE', *, *, #5754, .T. ) ;
#5530 = DIRECTION ( 'NONE',  ( 1.000000000000000000, 1.239088197126290570E-16, 0.000000000000000000 ) ) ;
#5531 = VERTEX_POINT ( 'NONE', #2862 ) ;
#5532 = CARTESIAN_POINT ( 'NONE',  ( 0.5000000000000005551, -18.12982544119416772, 55.54168760482228606 ) ) ;
#5533 = AXIS2_PLACEMENT_3D ( 'NONE', #439, #1497, #2488 ) ;
#5534 = EDGE_CURVE ( 'NONE', #1359, #316, #2379, .T. ) ;
#5535 = LINE ( 'NONE', #5037, #2536 ) ;
#5536 = ORIENTED_EDGE ( 'NONE', *, *, #2811, .F. ) ;
#5537 = ORIENTED_EDGE ( 'NONE', *, *, #3488, .F. ) ;
#5538 = CARTESIAN_POINT ( 'NONE',  ( 4.000000000000000000, -6.499999999999999112, 24.65831239517770612 ) ) ;
#5539 = DIRECTION ( 'NONE',  ( 1.000000000000000000, 1.239088197126290570E-16, 0.000000000000000000 ) ) ;
#5540 = DIRECTION ( 'NONE',  ( 1.000000000000000000, 1.239088197126290324E-16, -1.954068531237048912E-32 ) ) ;
#5541 = CARTESIAN_POINT ( 'NONE',  ( 1.000000000000000222, -10.93342069860755039, 14.01605135672935276 ) ) ;
#5542 = CARTESIAN_POINT ( 'NONE',  ( -4.501000000000007439, 18.99999999999999645, 52.86184355012335345 ) ) ;
#5543 = PLANE ( 'NONE',  #4054 ) ;
#5544 = AXIS2_PLACEMENT_3D ( 'NONE', #6292, #4396, #3275 ) ;
#5545 = DIRECTION ( 'NONE',  ( 0.000000000000000000, 0.000000000000000000, 1.000000000000000000 ) ) ;
#5546 = VERTEX_POINT ( 'NONE', #2893 ) ;
#5547 = VERTEX_POINT ( 'NONE', #3848 ) ;
#5548 = FACE_OUTER_BOUND ( 'NONE', #1596, .T. ) ;
#5549 = CARTESIAN_POINT ( 'NONE',  ( 4.225000000000000533, -3.000000000000000888, -19.59999999999999787 ) ) ;
#5550 = DIRECTION ( 'NONE',  ( 0.000000000000000000, 0.000000000000000000, 1.000000000000000000 ) ) ;
#5551 = ORIENTED_EDGE ( 'NONE', *, *, #798, .F. ) ;
#5552 = FACE_OUTER_BOUND ( 'NONE', #1529, .T. ) ;
#5553 = DIRECTION ( 'NONE',  ( 0.000000000000000000, -1.000000000000000000, 0.000000000000000000 ) ) ;
#5554 = ORIENTED_EDGE ( 'NONE', *, *, #1239, .F. ) ;
#5555 = ORIENTED_EDGE ( 'NONE', *, *, #3171, .T. ) ;
#5556 = EDGE_CURVE ( 'NONE', #5668, #5624, #5870, .T. ) ;
#5557 = CARTESIAN_POINT ( 'NONE',  ( 4.000000000000000000, -12.20000000000000107, -4.000000000000000000 ) ) ;
#5558 = DIRECTION ( 'NONE',  ( 0.000000000000000000, -2.376333528735352191E-16, 1.000000000000000000 ) ) ;
#5559 = EDGE_CURVE ( 'NONE', #371, #6381, #6069, .T. ) ;
#5560 = VERTEX_POINT ( 'NONE', #5806 ) ;
#5561 = CARTESIAN_POINT ( 'NONE',  ( 6.225000000000000533, 3.100000000000000089, -34.00000000000000000 ) ) ;
#5562 = ORIENTED_EDGE ( 'NONE', *, *, #4907, .T. ) ;
#5563 = DIRECTION ( 'NONE',  ( -0.000000000000000000, -0.000000000000000000, -1.000000000000000000 ) ) ;
#5564 = CARTESIAN_POINT ( 'NONE',  ( 4.000000000000000000, -13.09364437107287493, 34.21231699605854004 ) ) ;
#5565 = ORIENTED_EDGE ( 'NONE', *, *, #4898, .T. ) ;
#5566 = ORIENTED_EDGE ( 'NONE', *, *, #5687, .F. ) ;
#5567 = DIRECTION ( 'NONE',  ( 0.000000000000000000, 0.000000000000000000, -1.000000000000000000 ) ) ;
#5568 = CARTESIAN_POINT ( 'NONE',  ( 7.002000000000005109, -12.40635562892712329, 43.78768300394145996 ) ) ;
#5569 = CARTESIAN_POINT ( 'NONE',  ( -4.159048899000483246, 24.15904889900044239, 47.32944093734805335 ) ) ;
#5570 = FACE_BOUND ( 'NONE', #3664, .T. ) ;
#5571 = AXIS2_PLACEMENT_3D ( 'NONE', #3798, #777, #2750 ) ;
#5572 = EDGE_CURVE ( 'NONE', #2901, #6407, #1281, .T. ) ;
#5573 = CARTESIAN_POINT ( 'NONE',  ( -2.000000000000018652, 22.00000000000000000, 49.64473742004933854 ) ) ;
#5574 = DIRECTION ( 'NONE',  ( 1.000000000000000000, 3.252606517456513918E-17, -0.000000000000000000 ) ) ;
#5575 = VECTOR ( 'NONE', #3447, 999.9999999999998863 ) ;
#5576 = ORIENTED_EDGE ( 'NONE', *, *, #4939, .F. ) ;
#5577 = CARTESIAN_POINT ( 'NONE',  ( 2.724999999999999201, -14.49999999999999645, -31.09999999999999432 ) ) ;
#5578 = CARTESIAN_POINT ( 'NONE',  ( -64.14711903867025455, -19.00000000000000711, 59.65831239517768836 ) ) ;
#5579 = ORIENTED_EDGE ( 'NONE', *, *, #1399, .T. ) ;
#5580 = CARTESIAN_POINT ( 'NONE',  ( 3.500000000000000444, -22.49999999999999289, -20.05000000000000426 ) ) ;
#5581 = AXIS2_PLACEMENT_3D ( 'NONE', #6408, #1230, #377 ) ;
#5582 = FACE_OUTER_BOUND ( 'NONE', #2394, .T. ) ;
#5583 = CIRCLE ( 'NONE', #4310, 0.8000000000000003775 ) ;
#5584 = ORIENTED_EDGE ( 'NONE', *, *, #5921, .F. ) ;
#5585 = VECTOR ( 'NONE', #5877, 1000.000000000000114 ) ;
#5586 = DIRECTION ( 'NONE',  ( 0.000000000000000000, -7.131640956793534317E-15, 1.000000000000000000 ) ) ;
#5587 = DIRECTION ( 'NONE',  ( -1.000000000000000000, -3.252606517456513918E-17, 0.000000000000000000 ) ) ;
#5588 = ORIENTED_EDGE ( 'NONE', *, *, #1034, .T. ) ;
#5589 = DIRECTION ( 'NONE',  ( 0.000000000000000000, 0.000000000000000000, 1.000000000000000000 ) ) ;
#5590 = ORIENTED_EDGE ( 'NONE', *, *, #3982, .F. ) ;
#5591 = DIRECTION ( 'NONE',  ( -1.000000000000000000, -3.252606517456513918E-17, 1.048466334442454091E-16 ) ) ;
#5592 = EDGE_CURVE ( 'NONE', #5214, #2625, #159, .T. ) ;
#5593 = DIRECTION ( 'NONE',  ( 1.000000000000000000, -0.000000000000000000, -0.000000000000000000 ) ) ;
#5594 = EDGE_LOOP ( 'NONE', ( #2265, #3948, #5612, #4536 ) ) ;
#5595 = EDGE_CURVE ( 'NONE', #6381, #5284, #3378, .T. ) ;
#5596 = ORIENTED_EDGE ( 'NONE', *, *, #1317, .T. ) ;
#5597 = CARTESIAN_POINT ( 'NONE',  ( 7.000000000000000000, 1.959434878635767449E-16, -21.60000000000000142 ) ) ;
#5598 = CIRCLE ( 'NONE', #4543, 1.600000000000000755 ) ;
#5599 = CIRCLE ( 'NONE', #4963, 2.000000000000000000 ) ;
#5600 = DIRECTION ( 'NONE',  ( 0.000000000000000000, -1.000000000000000000, 0.000000000000000000 ) ) ;
#5601 = CARTESIAN_POINT ( 'NONE',  ( 7.001000000000002110, -7.828427124746198729, -37.00000000000000000 ) ) ;
#5602 = CARTESIAN_POINT ( 'NONE',  ( 7.000000000000000000, 1.959434878635765230E-16, -1.600000000000000089 ) ) ;
#5603 = DIRECTION ( 'NONE',  ( 0.000000000000000000, 0.000000000000000000, 1.000000000000000000 ) ) ;
#5604 = ADVANCED_FACE ( 'NONE', ( #6394 ), #4340, .F. ) ;
#5605 = FACE_OUTER_BOUND ( 'NONE', #2216, .T. ) ;
#5606 = CARTESIAN_POINT ( 'NONE',  ( 4.000000000000000000, -19.00000000000001066, 24.65831239517770612 ) ) ;
#5607 = EDGE_CURVE ( 'NONE', #61, #2397, #297, .T. ) ;
#5608 = VERTEX_POINT ( 'NONE', #5334 ) ;
#5609 = DIRECTION ( 'NONE',  ( 0.000000000000000000, -1.000000000000000000, 0.000000000000000000 ) ) ;
#5610 = DIRECTION ( 'NONE',  ( 1.000000000000000000, 3.252606517456513918E-17, -0.000000000000000000 ) ) ;
#5611 = AXIS2_PLACEMENT_3D ( 'NONE', #1007, #5030, #2025 ) ;
#5612 = ORIENTED_EDGE ( 'NONE', *, *, #4703, .F. ) ;
#5613 = CARTESIAN_POINT ( 'NONE',  ( 0.9999999999999878986, 23.99999999999999645, -29.19999999999999929 ) ) ;
#5614 = DIRECTION ( 'NONE',  ( 0.000000000000000000, 0.000000000000000000, 1.000000000000000000 ) ) ;
#5615 = CIRCLE ( 'NONE', #2772, 0.7999999999999986011 ) ;
#5616 = ORIENTED_EDGE ( 'NONE', *, *, #3109, .T. ) ;
#5617 = VECTOR ( 'NONE', #3660, 1000.000000000000000 ) ;
#5618 = DIRECTION ( 'NONE',  ( -1.000000000000000000, -3.252606517456513918E-17, 0.000000000000000000 ) ) ;
#5619 = CARTESIAN_POINT ( 'NONE',  ( 6.225000000000000533, -3.000000000000000000, -37.00000000000000000 ) ) ;
#5620 = CIRCLE ( 'NONE', #3613, 0.8000000000000003775 ) ;
#5621 = VECTOR ( 'NONE', #5844, 1000.000000000000000 ) ;
#5622 = EDGE_LOOP ( 'NONE', ( #5688, #2654, #2708, #6205 ) ) ;
#5623 = DIRECTION ( 'NONE',  ( -1.000000000000000000, 0.000000000000000000, -0.000000000000000000 ) ) ;
#5624 = VERTEX_POINT ( 'NONE', #885 ) ;
#5625 = LINE ( 'NONE', #2132, #307 ) ;
#5626 = CARTESIAN_POINT ( 'NONE',  ( 2.724999999999999201, -14.49999999999999645, -31.09999999999999432 ) ) ;
#5627 = EDGE_LOOP ( 'NONE', ( #2975, #446, #117, #3276 ) ) ;
#5628 = VECTOR ( 'NONE', #4751, 1000.000000000000000 ) ;
#5629 = ORIENTED_EDGE ( 'NONE', *, *, #6202, .F. ) ;
#5630 = CARTESIAN_POINT ( 'NONE',  ( 0.4999999999999988343, -10.76036283369648494, 42.90613933192072693 ) ) ;
#5631 = VECTOR ( 'NONE', #1197, 1000.000000000000000 ) ;
#5632 = VECTOR ( 'NONE', #3611, 1000.000000000000000 ) ;
#5633 = PLANE ( 'NONE',  #2789 ) ;
#5634 = DIRECTION ( 'NONE',  ( -1.000000000000000000, -3.469446951953611107E-17, 0.000000000000000000 ) ) ;
#5635 = DIRECTION ( 'NONE',  ( 1.000000000000000000, 0.000000000000000000, -0.000000000000000000 ) ) ;
#5636 = CARTESIAN_POINT ( 'NONE',  ( 4.225000000000000533, -14.49999999999999645, -26.35000000000000142 ) ) ;
#5637 = EDGE_CURVE ( 'NONE', #2783, #1036, #6425, .T. ) ;
#5638 = CARTESIAN_POINT ( 'NONE',  ( 0.5000000000000006661, -8.170174558805832987, 21.65831239517770612 ) ) ;
#5639 = EDGE_CURVE ( 'NONE', #1924, #967, #823, .T. ) ;
#5640 = CARTESIAN_POINT ( 'NONE',  ( 4.000000000000000000, -4.499999999999999112, -18.40000000000000568 ) ) ;
#5641 = FACE_OUTER_BOUND ( 'NONE', #144, .T. ) ;
#5642 = ORIENTED_EDGE ( 'NONE', *, *, #4437, .F. ) ;
#5643 = CIRCLE ( 'NONE', #3632, 5.499999999999998224 ) ;
#5644 = AXIS2_PLACEMENT_3D ( 'NONE', #2973, #3039, #13 ) ;
#5645 = PLANE ( 'NONE',  #6369 ) ;
#5646 = CARTESIAN_POINT ( 'NONE',  ( 4.000000000000000000, -9.251384209635093114, 53.34168760482229033 ) ) ;
#5647 = VERTEX_POINT ( 'NONE', #4876 ) ;
#5648 = LINE ( 'NONE', #3561, #5267 ) ;
#5649 = ORIENTED_EDGE ( 'NONE', *, *, #2935, .F. ) ;
#5650 = CARTESIAN_POINT ( 'NONE',  ( 7.000000000000000000, 0.000000000000000000, -20.00000000000000000 ) ) ;
#5651 = DIRECTION ( 'NONE',  ( 0.000000000000000000, 1.000000000000000000, 0.000000000000000000 ) ) ;
#5652 = EDGE_CURVE ( 'NONE', #802, #5029, #5307, .T. ) ;
#5653 = AXIS2_PLACEMENT_3D ( 'NONE', #3885, #4412, #6435 ) ;
#5654 = ORIENTED_EDGE ( 'NONE', *, *, #556, .F. ) ;
#5655 = LINE ( 'NONE', #3206, #1585 ) ;
#5656 = EDGE_LOOP ( 'NONE', ( #1810, #4003, #4952, #2395 ) ) ;
#5657 = DIRECTION ( 'NONE',  ( -1.000000000000000000, -0.000000000000000000, -0.000000000000000000 ) ) ;
#5658 = CARTESIAN_POINT ( 'NONE',  ( 0.5000000000000004441, -6.499999999999992895, 18.34168760482228322 ) ) ;
#5659 = ORIENTED_EDGE ( 'NONE', *, *, #1737, .F. ) ;
#5660 = EDGE_CURVE ( 'NONE', #895, #4852, #4441, .T. ) ;
#5661 = VERTEX_POINT ( 'NONE', #3282 ) ;
#5662 = CARTESIAN_POINT ( 'NONE',  ( 0.000000000000000000, 6.500000000000000000, -29.19999999999999929 ) ) ;
#5663 = DIRECTION ( 'NONE',  ( -9.306456416184588263E-17, 0.000000000000000000, -1.000000000000000000 ) ) ;
#5664 = EDGE_CURVE ( 'NONE', #1068, #3226, #3727, .T. ) ;
#5665 = LINE ( 'NONE', #3616, #1381 ) ;
#5666 = CARTESIAN_POINT ( 'NONE',  ( 0.4999999999999987232, -10.71297600145975792, 34.82261646130366017 ) ) ;
#5667 = ORIENTED_EDGE ( 'NONE', *, *, #2296, .T. ) ;
#5668 = VERTEX_POINT ( 'NONE', #4581 ) ;
#5669 = FACE_OUTER_BOUND ( 'NONE', #4832, .T. ) ;
#5670 = AXIS2_PLACEMENT_3D ( 'NONE', #2067, #1141, #2602 ) ;
#5671 = DIRECTION ( 'NONE',  ( -0.000000000000000000, -0.000000000000000000, 1.000000000000000000 ) ) ;
#5672 = EDGE_CURVE ( 'NONE', #2029, #243, #93, .T. ) ;
#5673 = EDGE_CURVE ( 'NONE', #2625, #4133, #2576, .T. ) ;
#5674 = VERTEX_POINT ( 'NONE', #459 ) ;
#5675 = ADVANCED_FACE ( 'NONE', ( #2511, #4055 ), #533, .T. ) ;
#5676 = DIRECTION ( 'NONE',  ( 0.000000000000000000, -1.000000000000000000, 0.000000000000000000 ) ) ;
#5677 = EDGE_CURVE ( 'NONE', #1699, #2865, #65, .T. ) ;
#5678 = EDGE_CURVE ( 'NONE', #2724, #6407, #4148, .T. ) ;
#5679 = AXIS2_PLACEMENT_3D ( 'NONE', #1179, #2703, #5663 ) ;
#5680 = FACE_OUTER_BOUND ( 'NONE', #4520, .T. ) ;
#5681 = VERTEX_POINT ( 'NONE', #3024 ) ;
#5682 = FACE_OUTER_BOUND ( 'NONE', #2747, .T. ) ;
#5683 = ORIENTED_EDGE ( 'NONE', *, *, #2154, .F. ) ;
#5684 = CARTESIAN_POINT ( 'NONE',  ( 4.000000000000000000, -6.500000000000000000, 4.000000000000000000 ) ) ;
#5685 = EDGE_CURVE ( 'NONE', #1621, #1135, #498, .T. ) ;
#5686 = CARTESIAN_POINT ( 'NONE',  ( 4.000000000000000000, -16.57825347598732790, 4.800000000000004263 ) ) ;
#5687 = EDGE_CURVE ( 'NONE', #4999, #585, #1579, .T. ) ;
#5688 = ORIENTED_EDGE ( 'NONE', *, *, #4588, .T. ) ;
#5689 = DIRECTION ( 'NONE',  ( -1.000000000000000000, -3.129951135296190967E-17, 0.000000000000000000 ) ) ;
#5690 = ORIENTED_EDGE ( 'NONE', *, *, #3895, .F. ) ;
#5691 = VECTOR ( 'NONE', #1449, 1000.000000000000000 ) ;
#5692 = DIRECTION ( 'NONE',  ( 0.000000000000000000, 3.690901012716612129E-16, -1.000000000000000000 ) ) ;
#5693 = DIRECTION ( 'NONE',  ( 0.000000000000000000, 2.168404344971010594E-16, -1.000000000000000000 ) ) ;
#5694 = EDGE_LOOP ( 'NONE', ( #4361, #5762, #5180, #1166 ) ) ;
#5695 = VERTEX_POINT ( 'NONE', #6082 ) ;
#5696 = CIRCLE ( 'NONE', #2646, 0.8000000000000003775 ) ;
#5697 = CARTESIAN_POINT ( 'NONE',  ( 4.000000000000000000, -5.299999999999998934, -4.800000000000000711 ) ) ;
#5698 = CARTESIAN_POINT ( 'NONE',  ( 0.4999999999999987232, -10.42530236141373834, 42.25511610993393674 ) ) ;
#5699 = CARTESIAN_POINT ( 'NONE',  ( 1.000000000000000888, -7.299999999999999822, 66.00000000000000000 ) ) ;
#5700 = VECTOR ( 'NONE', #4035, 1000.000000000000000 ) ;
#5701 = CARTESIAN_POINT ( 'NONE',  ( 7.002000000000005109, -17.83804879822353584, 64.84983472897241086 ) ) ;
#5702 = ORIENTED_EDGE ( 'NONE', *, *, #725, .F. ) ;
#5703 = AXIS2_PLACEMENT_3D ( 'NONE', #1309, #5431, #3875 ) ;
#5704 = EDGE_CURVE ( 'NONE', #4631, #4489, #4478, .T. ) ;
#5705 = ORIENTED_EDGE ( 'NONE', *, *, #724, .T. ) ;
#5706 = LINE ( 'NONE', #1184, #588 ) ;
#5707 = APPLICATION_PROTOCOL_DEFINITION ( 'draft international standard', 'automotive_design', 1998, #3290 ) ;
#5708 = DIRECTION ( 'NONE',  ( -1.000000000000000000, -3.252606517456513918E-17, -0.000000000000000000 ) ) ;
#5709 = ORIENTED_EDGE ( 'NONE', *, *, #1365, .F. ) ;
#5710 = ADVANCED_FACE ( 'NONE', ( #1972 ), #3549, .F. ) ;
#5711 = EDGE_CURVE ( 'NONE', #2466, #5439, #2993, .T. ) ;
#5712 = CARTESIAN_POINT ( 'NONE',  ( 4.000000000000000000, -14.78702399854023675, 34.82261646130366017 ) ) ;
#5713 = EDGE_LOOP ( 'NONE', ( #6518, #2934, #4553, #1577, #4446, #1342, #4336, #4727 ) ) ;
#5714 = CYLINDRICAL_SURFACE ( 'NONE', #114, 0.7999999999999986011 ) ;
#5715 = ORIENTED_EDGE ( 'NONE', *, *, #4993, .T. ) ;
#5716 = EDGE_CURVE ( 'NONE', #945, #6393, #993, .T. ) ;
#5717 = PLANE ( 'NONE',  #2248 ) ;
#5718 = EDGE_CURVE ( 'NONE', #5432, #1387, #3090, .T. ) ;
#5719 = VECTOR ( 'NONE', #3095, 1000.000000000000000 ) ;
#5720 = FACE_OUTER_BOUND ( 'NONE', #974, .T. ) ;
#5721 = ORIENTED_EDGE ( 'NONE', *, *, #2172, .T. ) ;
#5722 = CARTESIAN_POINT ( 'NONE',  ( 2.724999999999999201, -15.99999999999999645, -31.09999999999999432 ) ) ;
#5723 = ORIENTED_EDGE ( 'NONE', *, *, #1581, .F. ) ;
#5724 = LINE ( 'NONE', #5788, #1768 ) ;
#5725 = CARTESIAN_POINT ( 'NONE',  ( 0.4999999999999978351, -3.499999999999999556, -29.20000000000000284 ) ) ;
#5726 = ORIENTED_EDGE ( 'NONE', *, *, #4295, .F. ) ;
#5727 = CIRCLE ( 'NONE', #4241, 0.8000000000000003775 ) ;
#5728 = ORIENTED_EDGE ( 'NONE', *, *, #1862, .F. ) ;
#5729 = VECTOR ( 'NONE', #3277, 1000.000000000000000 ) ;
#5730 = LINE ( 'NONE', #4233, #951 ) ;
#5731 = CIRCLE ( 'NONE', #2584, 1.650000000000002132 ) ;
#5732 = DIRECTION ( 'NONE',  ( 0.000000000000000000, -1.000000000000000000, 0.000000000000000000 ) ) ;
#5733 = ADVANCED_FACE ( 'NONE', ( #2478 ), #1051, .F. ) ;
#5734 = VECTOR ( 'NONE', #1220, 1000.000000000000000 ) ;
#5735 = CARTESIAN_POINT ( 'NONE',  ( 7.002000000000005109, -8.690625412120517979, 15.06732385291521759 ) ) ;
#5736 = EDGE_CURVE ( 'NONE', #4918, #2297, #4512, .T. ) ;
#5737 = VECTOR ( 'NONE', #4161, 999.9999999999998863 ) ;
#5738 = DIRECTION ( 'NONE',  ( -1.000000000000000000, -3.252606517456513918E-17, 0.000000000000000000 ) ) ;
#5739 = VERTEX_POINT ( 'NONE', #6042 ) ;
#5740 = AXIS2_PLACEMENT_3D ( 'NONE', #3950, #1555, #5111 ) ;
#5741 = DIRECTION ( 'NONE',  ( -1.355252715606883008E-16, 1.000000000000000000, 0.000000000000000000 ) ) ;
#5742 = DIRECTION ( 'NONE',  ( -1.000000000000000000, -3.252606517456513918E-17, 0.000000000000000000 ) ) ;
#5743 = APPLICATION_PROTOCOL_DEFINITION ( 'draft international standard', 'automotive_design', 1998, #355 ) ;
#5744 = DIRECTION ( 'NONE',  ( 0.000000000000000000, 0.000000000000000000, 1.000000000000000000 ) ) ;
#5745 = AXIS2_PLACEMENT_3D ( 'NONE', #964, #4124, #5676 ) ;
#5746 = CARTESIAN_POINT ( 'NONE',  ( 4.225000000000000533, -13.99999999999999645, -34.20000000000000284 ) ) ;
#5747 = ORIENTED_EDGE ( 'NONE', *, *, #6280, .F. ) ;
#5748 = EDGE_CURVE ( 'NONE', #413, #188, #6533, .T. ) ;
#5749 = EDGE_CURVE ( 'NONE', #2601, #5288, #266, .T. ) ;
#5750 = CYLINDRICAL_SURFACE ( 'NONE', #359, 1.650000000000000355 ) ;
#5751 = ORIENTED_EDGE ( 'NONE', *, *, #5241, .F. ) ;
#5752 = CARTESIAN_POINT ( 'NONE',  ( -3.275000000000005684, 22.00000000000000000, 10.80000000000000071 ) ) ;
#5753 = ORIENTED_EDGE ( 'NONE', *, *, #5818, .F. ) ;
#5754 = EDGE_CURVE ( 'NONE', #2129, #6254, #3944, .T. ) ;
#5755 = CARTESIAN_POINT ( 'NONE',  ( 1.225000000000000089, -10.99999999999999822, -24.20000000000000639 ) ) ;
#5756 = FACE_OUTER_BOUND ( 'NONE', #3955, .T. ) ;
#5757 = ORIENTED_EDGE ( 'NONE', *, *, #2335, .F. ) ;
#5758 = LINE ( 'NONE', #5722, #4204 ) ;
#5759 = VERTEX_POINT ( 'NONE', #4611 ) ;
#5760 = FACE_OUTER_BOUND ( 'NONE', #2788, .T. ) ;
#5761 = DIRECTION ( 'NONE',  ( 1.000000000000000000, 1.239088197126290570E-16, 0.000000000000000000 ) ) ;
#5762 = ORIENTED_EDGE ( 'NONE', *, *, #2240, .F. ) ;
#5763 = EDGE_CURVE ( 'NONE', #3563, #1138, #2104, .T. ) ;
#5764 = ORIENTED_EDGE ( 'NONE', *, *, #5882, .T. ) ;
#5765 = ADVANCED_FACE ( 'NONE', ( #4115 ), #5633, .T. ) ;
#5766 = CARTESIAN_POINT ( 'NONE',  ( -64.14711903867025455, -6.500000000000000888, 56.34168760482229033 ) ) ;
#5767 = PLANE ( 'NONE',  #1519 ) ;
#5768 = LINE ( 'NONE', #1829, #1771 ) ;
#5769 = CARTESIAN_POINT ( 'NONE',  ( 0.5000000000000004441, -19.00000000000000355, 27.71223167968817336 ) ) ;
#5770 = CARTESIAN_POINT ( 'NONE',  ( 1.225000000000000089, -11.00000000000000178, -34.20000000000000284 ) ) ;
#5771 = ORIENTED_EDGE ( 'NONE', *, *, #4498, .F. ) ;
#5772 = ORIENTED_EDGE ( 'NONE', *, *, #4372, .T. ) ;
#5773 = CARTESIAN_POINT ( 'NONE',  ( -3.275000000000008793, 18.99999999999999645, -23.33700000000000330 ) ) ;
#5774 = CARTESIAN_POINT ( 'NONE',  ( 2.724999999999999201, -15.99999999999999289, -43.00000000000000000 ) ) ;
#5775 = CARTESIAN_POINT ( 'NONE',  ( 3.499999999999995115, -15.99999999999999645, 17.94999999999998863 ) ) ;
#5776 = CARTESIAN_POINT ( 'NONE',  ( 0.5000000000000004441, -7.299999999999999822, 4.800000000000002487 ) ) ;
#5777 = ORIENTED_EDGE ( 'NONE', *, *, #1239, .T. ) ;
#5778 = LINE ( 'NONE', #6305, #1655 ) ;
#5779 = ORIENTED_EDGE ( 'NONE', *, *, #6055, .F. ) ;
#5780 = AXIS2_PLACEMENT_3D ( 'NONE', #3959, #1560, #5119 ) ;
#5781 = EDGE_CURVE ( 'NONE', #325, #3054, #5515, .T. ) ;
#5782 = CARTESIAN_POINT ( 'NONE',  ( 4.000000000000000000, -12.75000000000000000, 39.00000000000000000 ) ) ;
#5783 = AXIS2_PLACEMENT_3D ( 'NONE', #1735, #789, #1763 ) ;
#5784 = DIRECTION ( 'NONE',  ( -1.355252715606883008E-16, 1.000000000000000000, 0.000000000000000000 ) ) ;
#5785 = ORIENTED_EDGE ( 'NONE', *, *, #436, .T. ) ;
#5786 = DIRECTION ( 'NONE',  ( -1.165692616471626958E-16, 0.9407664597040922283, -0.3390552584695135652 ) ) ;
#5787 = ORIENTED_EDGE ( 'NONE', *, *, #3466, .F. ) ;
#5788 = CARTESIAN_POINT ( 'NONE',  ( 1.000000000000000000, -6.499999999999998224, 60.21897914350814318 ) ) ;
#5789 = CARTESIAN_POINT ( 'NONE',  ( 4.000000000000003553, -7.299999999999998934, 51.08776832031180248 ) ) ;
#5790 = ORIENTED_EDGE ( 'NONE', *, *, #3513, .F. ) ;
#5791 = EDGE_LOOP ( 'NONE', ( #4663, #372, #4195, #6072 ) ) ;
#5792 = CARTESIAN_POINT ( 'NONE',  ( 7.000000000000000000, 15.49999999999999289, -14.20000000000000462 ) ) ;
#5793 = VECTOR ( 'NONE', #4473, 1000.000000000000000 ) ;
#5794 = ADVANCED_FACE ( 'NONE', ( #2619 ), #1983, .F. ) ;
#5795 = CARTESIAN_POINT ( 'NONE',  ( -64.14711903867025455, -17.32982544119417412, 55.54168760482228606 ) ) ;
#5796 = ORIENTED_EDGE ( 'NONE', *, *, #6396, .F. ) ;
#5797 = PLANE ( 'NONE',  #1401 ) ;
#5798 = ADVANCED_FACE ( 'NONE', ( #6021 ), #4595, .F. ) ;
#5799 = CARTESIAN_POINT ( 'NONE',  ( -2.500000000000005773, 22.00000000000000000, 10.80000000000000071 ) ) ;
#5800 = CARTESIAN_POINT ( 'NONE',  ( 1.225000000000000311, -10.99999999999999822, -34.20000000000000284 ) ) ;
#5801 = CIRCLE ( 'NONE', #3682, 0.8000000000000003775 ) ;
#5802 = ADVANCED_FACE ( 'NONE', ( #1625 ), #1500, .F. ) ;
#5803 = DIRECTION ( 'NONE',  ( 0.000000000000000000, -1.000000000000000000, 0.000000000000000000 ) ) ;
#5804 = ORIENTED_EDGE ( 'NONE', *, *, #5559, .T. ) ;
#5805 = AXIS2_PLACEMENT_3D ( 'NONE', #4664, #2686, #1686 ) ;
#5806 = CARTESIAN_POINT ( 'NONE',  ( 0.9999999999999995559, -10.95018283449971719, 59.65831239517769546 ) ) ;
#5807 = CARTESIAN_POINT ( 'NONE',  ( 0.4999999999999994449, -16.57825347598732790, 4.000000000000005329 ) ) ;
#5808 = CARTESIAN_POINT ( 'NONE',  ( 7.002000000000005997, -10.93342069860755039, 14.01605135672935454 ) ) ;
#5809 = VECTOR ( 'NONE', #4496, 1000.000000000000000 ) ;
#5810 = EDGE_CURVE ( 'NONE', #1103, #24, #2244, .T. ) ;
#5811 = AXIS2_PLACEMENT_3D ( 'NONE', #2174, #3216, #2140 ) ;
#5812 = EDGE_CURVE ( 'NONE', #4631, #5244, #3591, .T. ) ;
#5813 = EDGE_CURVE ( 'NONE', #580, #24, #5086, .T. ) ;
#5814 = DIRECTION ( 'NONE',  ( -1.000000000000000000, -3.469446951953611107E-17, 0.000000000000000000 ) ) ;
#5815 = ORIENTED_EDGE ( 'NONE', *, *, #782, .F. ) ;
#5816 = CARTESIAN_POINT ( 'NONE',  ( 4.000000000000000000, -5.299999999999998934, -4.000000000000000000 ) ) ;
#5817 = AXIS2_PLACEMENT_3D ( 'NONE', #2767, #5872, #5904 ) ;
#5818 = EDGE_CURVE ( 'NONE', #46, #2123, #3625, .T. ) ;
#5819 = VERTEX_POINT ( 'NONE', #5646 ) ;
#5820 = CARTESIAN_POINT ( 'NONE',  ( 2.725000000000000533, -0.9999999999999941158, -37.00000000000000000 ) ) ;
#5821 = EDGE_CURVE ( 'NONE', #6360, #5887, #3006, .T. ) ;
#5822 = FILL_AREA_STYLE_COLOUR ( '', #3577 ) ;
#5823 = ORIENTED_EDGE ( 'NONE', *, *, #2159, .F. ) ;
#5824 = CARTESIAN_POINT ( 'NONE',  ( 0.4999999999999981681, -6.499999999999999112, 60.21897914350814318 ) ) ;
#5825 = ORIENTED_EDGE ( 'NONE', *, *, #5736, .F. ) ;
#5826 = DIRECTION ( 'NONE',  ( -1.000000000000000000, -3.252606517456513918E-17, 1.048466334442454337E-16 ) ) ;
#5827 = DIRECTION ( 'NONE',  ( 0.000000000000000000, -1.000000000000000000, -1.188166764367676095E-16 ) ) ;
#5828 = EDGE_LOOP ( 'NONE', ( #2799, #245, #1561, #1551, #1546, #3330 ) ) ;
#5829 = ORIENTED_EDGE ( 'NONE', *, *, #4258, .F. ) ;
#5830 = CARTESIAN_POINT ( 'NONE',  ( 1.000000000000000888, -7.299999999999999822, 15.44526502967733705 ) ) ;
#5831 = CARTESIAN_POINT ( 'NONE',  ( 0.9999999999999997780, -15.50000000000000178, 64.00000000000000000 ) ) ;
#5832 = EDGE_LOOP ( 'NONE', ( #4530, #1505, #3017, #3928, #2191 ) ) ;
#5833 = CARTESIAN_POINT ( 'NONE',  ( 4.000000000000000000, -16.24861579036490511, 53.34168760482229033 ) ) ;
#5834 = CIRCLE ( 'NONE', #3386, 0.8000000000000003775 ) ;
#5835 = CARTESIAN_POINT ( 'NONE',  ( 0.4999999999999968914, -4.500000000000000000, -4.800000000000000711 ) ) ;
#5836 = CARTESIAN_POINT ( 'NONE',  ( 0.5000000000000004441, -14.54981716550029525, 65.20000000000000284 ) ) ;
#5837 = VECTOR ( 'NONE', #5610, 1000.000000000000000 ) ;
#5838 = CARTESIAN_POINT ( 'NONE',  ( 4.000000000000000000, -10.76036283369648494, 42.90613933192072693 ) ) ;
#5839 = ORIENTED_EDGE ( 'NONE', *, *, #3748, .F. ) ;
#5840 = CIRCLE ( 'NONE', #4049, 1.649999999999998579 ) ;
#5841 = DIRECTION ( 'NONE',  ( -1.000000000000000000, -0.000000000000000000, -0.000000000000000000 ) ) ;
#5842 = AXIS2_PLACEMENT_3D ( 'NONE', #1805, #2381, #4378 ) ;
#5843 = FACE_OUTER_BOUND ( 'NONE', #3140, .T. ) ;
#5844 = DIRECTION ( 'NONE',  ( -1.000000000000000000, -1.239088197126290817E-16, -3.024003079802225056E-33 ) ) ;
#5845 = ADVANCED_FACE ( 'NONE', ( #6060 ), #2119, .F. ) ;
#5846 = VERTEX_POINT ( 'NONE', #1132 ) ;
#5847 = AXIS2_PLACEMENT_3D ( 'NONE', #3434, #5452, #937 ) ;
#5848 = CYLINDRICAL_SURFACE ( 'NONE', #4885, 0.8000000000000003775 ) ;
#5849 = DIRECTION ( 'NONE',  ( 0.000000000000000000, -0.000000000000000000, 1.000000000000000000 ) ) ;
#5850 = EDGE_LOOP ( 'NONE', ( #5968, #2170, #927, #451, #6204, #2404, #4529, #1506 ) ) ;
#5851 = CARTESIAN_POINT ( 'NONE',  ( 7.002000000000005997, -19.00000000000001066, 23.13299826867507036 ) ) ;
#5852 = CARTESIAN_POINT ( 'NONE',  ( 0.4999999999999970024, -12.20000000000000107, -18.40000000000000568 ) ) ;
#5853 = ORIENTED_EDGE ( 'NONE', *, *, #6211, .T. ) ;
#5854 = CARTESIAN_POINT ( 'NONE',  ( 0.4999999999999978351, -3.499999999999999556, -40.00100000000001188 ) ) ;
#5855 = CARTESIAN_POINT ( 'NONE',  ( 7.002000000000005109, -12.75000000000000000, 40.47468587349739266 ) ) ;
#5856 = EDGE_LOOP ( 'NONE', ( #5779, #1665, #3634, #1877, #4748, #4078 ) ) ;
#5857 = VERTEX_POINT ( 'NONE', #546 ) ;
#5858 = DIRECTION ( 'NONE',  ( -1.000000000000000000, -3.252606517456513918E-17, 0.000000000000000000 ) ) ;
#5859 = CIRCLE ( 'NONE', #5544, 0.8000000000000003775 ) ;
#5860 = LINE ( 'NONE', #383, #2175 ) ;
#5861 = ORIENTED_EDGE ( 'NONE', *, *, #4023, .F. ) ;
#5862 = DIRECTION ( 'NONE',  ( -1.000000000000000000, -1.239088197126290324E-16, 2.160786715520886256E-32 ) ) ;
#5863 = ADVANCED_FACE ( 'NONE', ( #2523 ), #5058, .F. ) ;
#5864 = LINE ( 'NONE', #755, #2832 ) ;
#5865 = CARTESIAN_POINT ( 'NONE',  ( 7.000000000000000000, -17.00000000000000000, -13.25000000000000178 ) ) ;
#5866 = ORIENTED_EDGE ( 'NONE', *, *, #5343, .F. ) ;
#5867 = ADVANCED_FACE ( 'NONE', ( #646 ), #2592, .T. ) ;
#5868 = PLANE ( 'NONE',  #3920 ) ;
#5869 = ORIENTED_EDGE ( 'NONE', *, *, #1940, .T. ) ;
#5870 = LINE ( 'NONE', #5367, #2264 ) ;
#5871 = ADVANCED_FACE ( 'NONE', ( #4662 ), #1534, .T. ) ;
#5872 = DIRECTION ( 'NONE',  ( 0.000000000000000000, -1.577021341797097560E-16, 1.000000000000000000 ) ) ;
#5873 = CARTESIAN_POINT ( 'NONE',  ( 4.000000000000000000, -6.499999999999999112, 53.34168760482229033 ) ) ;
#5874 = ORIENTED_EDGE ( 'NONE', *, *, #4605, .F. ) ;
#5875 = LINE ( 'NONE', #1808, #48 ) ;
#5876 = ADVANCED_FACE ( 'NONE', ( #579 ), #2055, .F. ) ;
#5877 = DIRECTION ( 'NONE',  ( -1.801837981502991651E-17, 0.6819983600625021403, -0.7313537016191671292 ) ) ;
#5878 = ADVANCED_FACE ( 'NONE', ( #1563 ), #223, .T. ) ;
#5879 = VERTEX_POINT ( 'NONE', #4837 ) ;
#5880 = VERTEX_POINT ( 'NONE', #2853 ) ;
#5881 = CARTESIAN_POINT ( 'NONE',  ( 3.000000000000000000, 16.99999999999999645, 47.50000000000000000 ) ) ;
#5882 = EDGE_CURVE ( 'NONE', #1274, #1634, #2822, .T. ) ;
#5883 = DIRECTION ( 'NONE',  ( 0.000000000000000000, -1.000000000000000000, 0.000000000000000000 ) ) ;
#5884 = ORIENTED_EDGE ( 'NONE', *, *, #6147, .T. ) ;
#5885 = CARTESIAN_POINT ( 'NONE',  ( 3.999999999999999112, 1.322726650432315409E-16, 0.000000000000000000 ) ) ;
#5886 = CARTESIAN_POINT ( 'NONE',  ( 7.000000000000000000, 7.999999999999992895, -14.20000000000000284 ) ) ;
#5887 = VERTEX_POINT ( 'NONE', #3873 ) ;
#5888 = ADVANCED_FACE ( 'NONE', ( #1795 ), #754, .T. ) ;
#5889 = VERTEX_POINT ( 'NONE', #4234 ) ;
#5890 = LINE ( 'NONE', #4899, #582 ) ;
#5891 = ORIENTED_EDGE ( 'NONE', *, *, #6488, .F. ) ;
#5892 = CARTESIAN_POINT ( 'NONE',  ( 0.4999999999999978351, -3.499999999999999556, 67.00000000000000000 ) ) ;
#5893 = ORIENTED_EDGE ( 'NONE', *, *, #4352, .F. ) ;
#5895 = VECTOR ( 'NONE', #4715, 1000.000000000000000 ) ;
#5894 = LINE ( 'NONE', #4743, #5729 ) ;
#5896 = CARTESIAN_POINT ( 'NONE',  ( 4.000000000000000000, -12.75000000000000000, 40.47468587349739266 ) ) ;
#5897 = DIRECTION ( 'NONE',  ( 0.000000000000000000, 0.000000000000000000, -1.000000000000000000 ) ) ;
#5898 = ORIENTED_EDGE ( 'NONE', *, *, #2945, .T. ) ;
#5899 = VECTOR ( 'NONE', #5928, 1000.000000000000000 ) ;
#5900 = EDGE_CURVE ( 'NONE', #967, #5857, #5894, .T. ) ;
#5901 = CARTESIAN_POINT ( 'NONE',  ( -0.5000000000000082157, 27.19999999999999574, -16.33699999999999974 ) ) ;
#5902 = VECTOR ( 'NONE', #1294, 1000.000000000000000 ) ;
#5903 = VECTOR ( 'NONE', #3827, 1000.000000000000000 ) ;
#5904 = DIRECTION ( 'NONE',  ( 0.000000000000000000, -1.000000000000000000, -1.577021341797097560E-16 ) ) ;
#5905 = LINE ( 'NONE', #6429, #6365 ) ;
#5906 = ORIENTED_EDGE ( 'NONE', *, *, #4968, .F. ) ;
#5907 = PLANE ( 'NONE',  #3091 ) ;
#5908 = DIRECTION ( 'NONE',  ( 1.000000000000000000, 3.252606517456513918E-17, 2.535569890667617442E-16 ) ) ;
#5909 = ORIENTED_EDGE ( 'NONE', *, *, #2052, .T. ) ;
#5910 = VERTEX_POINT ( 'NONE', #5327 ) ;
#5911 = EDGE_CURVE ( 'NONE', #3935, #5432, #6263, .T. ) ;
#5912 = CARTESIAN_POINT ( 'NONE',  ( 4.225000000000000533, -0.9999999999999943379, -37.00000000000000000 ) ) ;
#5913 = CARTESIAN_POINT ( 'NONE',  ( 7.000000000000000000, 0.000000000000000000, 0.000000000000000000 ) ) ;
#5914 = VECTOR ( 'NONE', #3314, 1000.000000000000000 ) ;
#5915 = EDGE_CURVE ( 'NONE', #6407, #2724, #984, .T. ) ;
#5916 = ORIENTED_EDGE ( 'NONE', *, *, #3858, .T. ) ;
#5917 = CYLINDRICAL_SURFACE ( 'NONE', #3956, 0.8000000000000020428 ) ;
#5918 = DIRECTION ( 'NONE',  ( 0.000000000000000000, -0.3390552584695133986, -0.9407664597040922283 ) ) ;
#5919 = ORIENTED_EDGE ( 'NONE', *, *, #1756, .F. ) ;
#5920 = ORIENTED_EDGE ( 'NONE', *, *, #1847, .F. ) ;
#5921 = EDGE_CURVE ( 'NONE', #563, #2636, #4776, .T. ) ;
#5922 = CARTESIAN_POINT ( 'NONE',  ( 4.000000000000000000, -18.20000000000000639, 15.34168760482228500 ) ) ;
#5923 = VERTEX_POINT ( 'NONE', #5833 ) ;
#5924 = FACE_OUTER_BOUND ( 'NONE', #2158, .T. ) ;
#5925 = VERTEX_POINT ( 'NONE', #4368 ) ;
#5926 = ADVANCED_FACE ( 'NONE', ( #2334 ), #5293, .F. ) ;
#5927 = FACE_OUTER_BOUND ( 'NONE', #1766, .T. ) ;
#5928 = DIRECTION ( 'NONE',  ( 1.000000000000000000, -0.000000000000000000, -0.000000000000000000 ) ) ;
#5929 = VERTEX_POINT ( 'NONE', #351 ) ;
#5930 = LINE ( 'NONE', #1798, #5914 ) ;
#5931 = ORIENTED_EDGE ( 'NONE', *, *, #1922, .T. ) ;
#5932 = AXIS2_PLACEMENT_3D ( 'NONE', #2499, #2597, #6030 ) ;
#5933 = DIRECTION ( 'NONE',  ( -4.599880250050105158E-17, -0.7071067811865451302, 0.7071067811865500152 ) ) ;
#5934 = VECTOR ( 'NONE', #490, 1000.000000000000000 ) ;
#5935 = DIRECTION ( 'NONE',  ( 0.000000000000000000, -1.000000000000000000, 0.000000000000000000 ) ) ;
#5936 = CARTESIAN_POINT ( 'NONE',  ( -4.501000000000010992, -20.99999999999999645, -31.59999999999999787 ) ) ;
#5937 = EDGE_CURVE ( 'NONE', #1712, #6398, #1373, .T. ) ;
#5938 = EDGE_CURVE ( 'NONE', #5695, #6360, #6352, .T. ) ;
#5939 = VECTOR ( 'NONE', #6101, 1000.000000000000000 ) ;
#5940 = VECTOR ( 'NONE', #5344, 1000.000000000000000 ) ;
#5941 = DIRECTION ( 'NONE',  ( -2.137109857948075935E-17, 0.6570453101161654041, 0.7538510863919691829 ) ) ;
#5942 = ORIENTED_EDGE ( 'NONE', *, *, #928, .T. ) ;
#5943 = VECTOR ( 'NONE', #990, 1000.000000000000000 ) ;
#5944 = AXIS2_PLACEMENT_3D ( 'NONE', #1557, #500, #4057 ) ;
#5945 = CARTESIAN_POINT ( 'NONE',  ( 1.000000000000000000, -18.12982544119417128, 22.45831239517770328 ) ) ;
#5946 = CARTESIAN_POINT ( 'NONE',  ( 7.002000000000005109, -12.75000000000000000, 39.00000000000000000 ) ) ;
#5947 = LINE ( 'NONE', #2786, #634 ) ;
#5948 = AXIS2_PLACEMENT_3D ( 'NONE', #5568, #4016, #5600 ) ;
#5949 = ORIENTED_EDGE ( 'NONE', *, *, #6135, .T. ) ;
#5950 = ORIENTED_EDGE ( 'NONE', *, *, #5556, .T. ) ;
#5951 = CARTESIAN_POINT ( 'NONE',  ( 7.000000000000000000, 15.49999999999999645, 17.80000000000000071 ) ) ;
#5952 = AXIS2_PLACEMENT_3D ( 'NONE', #5066, #1400, #5961 ) ;
#5953 = DIRECTION ( 'NONE',  ( -1.000000000000000000, -3.469446951953612956E-17, 0.000000000000000000 ) ) ;
#5954 = VECTOR ( 'NONE', #6007, 1000.000000000000114 ) ;
#5955 = VERTEX_POINT ( 'NONE', #321 ) ;
#5956 = CARTESIAN_POINT ( 'NONE',  ( 4.225000000000000533, -13.99999999999999645, -26.35000000000000142 ) ) ;
#5957 = DIRECTION ( 'NONE',  ( -3.469446951953612956E-17, 1.000000000000000000, 0.000000000000000000 ) ) ;
#5958 = CIRCLE ( 'NONE', #3201, 0.8000000000000003775 ) ;
#5959 = ORIENTED_EDGE ( 'NONE', *, *, #4481, .T. ) ;
#5960 = ORIENTED_EDGE ( 'NONE', *, *, #723, .T. ) ;
#5961 = DIRECTION ( 'NONE',  ( -1.057758217059028854E-16, 1.000000000000000000, 0.000000000000000000 ) ) ;
#5962 = ORIENTED_EDGE ( 'NONE', *, *, #6459, .T. ) ;
#5963 = LINE ( 'NONE', #2949, #5939 ) ;
#5964 = ORIENTED_EDGE ( 'NONE', *, *, #1840, .F. ) ;
#5965 = DIRECTION ( 'NONE',  ( -1.000000000000000000, -0.000000000000000000, 9.306456416184587030E-17 ) ) ;
#5966 = ADVANCED_FACE ( 'NONE', ( #2795, #3741 ), #5767, .F. ) ;
#5967 = DIRECTION ( 'NONE',  ( 0.000000000000000000, -0.6819983600625021403, 0.7313537016191671292 ) ) ;
#5968 = ORIENTED_EDGE ( 'NONE', *, *, #393, .F. ) ;
#5969 = FACE_OUTER_BOUND ( 'NONE', #3527, .T. ) ;
#5970 = ORIENTED_EDGE ( 'NONE', *, *, #2148, .T. ) ;
#5971 = AXIS2_PLACEMENT_3D ( 'NONE', #1464, #5419, #2020 ) ;
#5972 = DIRECTION ( 'NONE',  ( 0.000000000000000000, -1.000000000000000000, -2.168404344971010840E-16 ) ) ;
#5973 = DIRECTION ( 'NONE',  ( 0.000000000000000000, 0.000000000000000000, -1.000000000000000000 ) ) ;
#5974 = CARTESIAN_POINT ( 'NONE',  ( 2.724999999999999645, -15.99999999999999645, -31.59999999999999787 ) ) ;
#5975 = DIRECTION ( 'NONE',  ( 1.000000000000000000, -0.000000000000000000, -9.757819552369541139E-17 ) ) ;
#5976 = CARTESIAN_POINT ( 'NONE',  ( 4.000000000000000000, -18.20000000000000639, 14.54168760482228606 ) ) ;
#5977 = ORIENTED_EDGE ( 'NONE', *, *, #5117, .F. ) ;
#5978 = AXIS2_PLACEMENT_3D ( 'NONE', #2930, #1457, #369 ) ;
#5979 = CARTESIAN_POINT ( 'NONE',  ( 2.999999999999999112, -1.644164868785978006, 75.00000000000000000 ) ) ;
#5980 = DIRECTION ( 'NONE',  ( 1.057758217059028854E-16, -1.000000000000000000, 0.000000000000000000 ) ) ;
#5981 = LINE ( 'NONE', #1977, #5247 ) ;
#5982 = VERTEX_POINT ( 'NONE', #1826 ) ;
#5983 = EDGE_LOOP ( 'NONE', ( #3535, #931, #5998, #2498, #2852 ) ) ;
#5984 = LINE ( 'NONE', #5577, #1211 ) ;
#5985 = LINE ( 'NONE', #6513, #1264 ) ;
#5986 = EDGE_CURVE ( 'NONE', #1590, #142, #5393, .T. ) ;
#5987 = EDGE_LOOP ( 'NONE', ( #6387, #2366, #550, #4685 ) ) ;
#5988 = CARTESIAN_POINT ( 'NONE',  ( 7.000000000000000000, 7.999999999999996447, 17.80000000000000071 ) ) ;
#5989 = CARTESIAN_POINT ( 'NONE',  ( 0.5000000000000004441, -18.20000000000000284, 60.45831239517769262 ) ) ;
#5990 = EDGE_CURVE ( 'NONE', #1428, #4900, #878, .T. ) ;
#5991 = ORIENTED_EDGE ( 'NONE', *, *, #4086, .T. ) ;
#5992 = ADVANCED_FACE ( 'NONE', ( #4272 ), #292, .F. ) ;
#5993 = ORIENTED_EDGE ( 'NONE', *, *, #2935, .T. ) ;
#5994 = CYLINDRICAL_SURFACE ( 'NONE', #6461, 0.8000000000000020428 ) ;
#5995 = CARTESIAN_POINT ( 'NONE',  ( 4.000000000000000000, -10.42530236141373834, 35.74488389006606326 ) ) ;
#5996 = ORIENTED_EDGE ( 'NONE', *, *, #2414, .T. ) ;
#5997 = LINE ( 'NONE', #57, #5092 ) ;
#5998 = ORIENTED_EDGE ( 'NONE', *, *, #2712, .F. ) ;
#5999 = DIRECTION ( 'NONE',  ( -0.000000000000000000, 0.000000000000000000, 1.000000000000000000 ) ) ;
#6000 = CYLINDRICAL_SURFACE ( 'NONE', #3251, 0.8000000000000003775 ) ;
#6001 = ORIENTED_EDGE ( 'NONE', *, *, #2239, .T. ) ;
#6002 = ORIENTED_EDGE ( 'NONE', *, *, #2701, .F. ) ;
#6003 = CIRCLE ( 'NONE', #5670, 1.650000000000002132 ) ;
#6004 = ADVANCED_FACE ( 'NONE', ( #3771 ), #5797, .F. ) ;
#6005 = LINE ( 'NONE', #1482, #3678 ) ;
#6006 = VECTOR ( 'NONE', #4839, 1000.000000000000114 ) ;
#6007 = DIRECTION ( 'NONE',  ( -0.000000000000000000, 0.6819983600625024733, -0.7313537016191667961 ) ) ;
#6008 = DIRECTION ( 'NONE',  ( 1.000000000000000000, -0.000000000000000000, -0.000000000000000000 ) ) ;
#6009 = LINE ( 'NONE', #2996, #5097 ) ;
#6010 = LINE ( 'NONE', #5015, #5415 ) ;
#6011 = EDGE_CURVE ( 'NONE', #2466, #5104, #2885, .T. ) ;
#6012 = AXIS2_PLACEMENT_3D ( 'NONE', #2256, #742, #5784 ) ;
#6013 = PLANE ( 'NONE',  #5519 ) ;
#6014 = FACE_OUTER_BOUND ( 'NONE', #5495, .T. ) ;
#6015 = EDGE_CURVE ( 'NONE', #5352, #2487, #4042, .T. ) ;
#6016 = ORIENTED_EDGE ( 'NONE', *, *, #5704, .F. ) ;
#6017 = ORIENTED_EDGE ( 'NONE', *, *, #2124, .F. ) ;
#6018 = CIRCLE ( 'NONE', #2005, 0.8000000000000003775 ) ;
#6019 = FACE_OUTER_BOUND ( 'NONE', #357, .T. ) ;
#6020 = FACE_OUTER_BOUND ( 'NONE', #1299, .T. ) ;
#6021 = FACE_OUTER_BOUND ( 'NONE', #3083, .T. ) ;
#6022 = EDGE_LOOP ( 'NONE', ( #2035, #5562, #5642, #99, #4763, #4438, #1270 ) ) ;
#6023 = CARTESIAN_POINT ( 'NONE',  ( 0.4999999999999987232, -12.40635562892712684, 34.21231699605854004 ) ) ;
#6024 = CARTESIAN_POINT ( 'NONE',  ( 1.000000000000000888, -14.54981716550029525, 65.20000000000000284 ) ) ;
#6025 = ORIENTED_EDGE ( 'NONE', *, *, #798, .T. ) ;
#6026 = VECTOR ( 'NONE', #1504, 1000.000000000000000 ) ;
#6027 = ORIENTED_EDGE ( 'NONE', *, *, #2200, .T. ) ;
#6028 = EDGE_CURVE ( 'NONE', #218, #325, #4398, .T. ) ;
#6029 = CIRCLE ( 'NONE', #2753, 4.500000000000005329 ) ;
#6030 = DIRECTION ( 'NONE',  ( -1.355252715606879803E-16, 1.000000000000000000, 0.000000000000000000 ) ) ;
#6031 = DIRECTION ( 'NONE',  ( 0.000000000000000000, -1.000000000000000000, 0.000000000000000000 ) ) ;
#6032 = ORIENTED_EDGE ( 'NONE', *, *, #5055, .T. ) ;
#6033 = DIRECTION ( 'NONE',  ( -1.000000000000000000, 0.000000000000000000, 0.000000000000000000 ) ) ;
#6034 = ORIENTED_EDGE ( 'NONE', *, *, #431, .T. ) ;
#6035 = DIRECTION ( 'NONE',  ( 0.000000000000000000, -1.000000000000000000, 0.000000000000000000 ) ) ;
#6036 = AXIS2_PLACEMENT_3D ( 'NONE', #3320, #1867, #298 ) ;
#6037 = CARTESIAN_POINT ( 'NONE',  ( 0.4999999999999995559, -16.57825347598732790, 4.800000000000004263 ) ) ;
#6038 = ORIENTED_EDGE ( 'NONE', *, *, #1871, .T. ) ;
#6039 = ORIENTED_EDGE ( 'NONE', *, *, #2771, .F. ) ;
#6040 = EDGE_CURVE ( 'NONE', #5846, #2744, #1193, .T. ) ;
#6041 = CYLINDRICAL_SURFACE ( 'NONE', #111, 0.8000000000000003775 ) ;
#6042 = CARTESIAN_POINT ( 'NONE',  ( 0.4999999999999996669, -18.08243860895743893, 55.27044339804667317 ) ) ;
#6043 = DIRECTION ( 'NONE',  ( 0.5634384369710624396, -0.5634384369710572216, 0.6042137498329692713 ) ) ;
#6044 = PRODUCT_RELATED_PRODUCT_CATEGORY ( 'part', '', ( #1080 ) ) ;
#6045 = DIRECTION ( 'NONE',  ( 1.000000000000000000, 3.252606517456513918E-17, -0.000000000000000000 ) ) ;
#6046 = LINE ( 'NONE', #5573, #4578 ) ;
#6047 = CIRCLE ( 'NONE', #346, 0.7999999999999986011 ) ;
#6048 = DIRECTION ( 'NONE',  ( 0.000000000000000000, 0.000000000000000000, 1.000000000000000000 ) ) ;
#6049 = LINE ( 'NONE', #2047, #4402 ) ;
#6050 = EDGE_CURVE ( 'NONE', #597, #4231, #1923, .T. ) ;
#6051 = VECTOR ( 'NONE', #3972, 1000.000000000000000 ) ;
#6052 = EDGE_CURVE ( 'NONE', #5228, #5923, #5615, .T. ) ;
#6053 = ORIENTED_EDGE ( 'NONE', *, *, #4211, .F. ) ;
#6054 = ORIENTED_EDGE ( 'NONE', *, *, #651, .F. ) ;
#6055 = EDGE_CURVE ( 'NONE', #2873, #863, #4903, .T. ) ;
#6056 = AXIS2_PLACEMENT_3D ( 'NONE', #74, #5123, #2557 ) ;
#6057 = DIRECTION ( 'NONE',  ( 0.000000000000000000, 0.000000000000000000, -1.000000000000000000 ) ) ;
#6058 = CARTESIAN_POINT ( 'NONE',  ( 7.000000000000000000, 15.49999999999999645, 17.80000000000000071 ) ) ;
#6059 = EDGE_CURVE ( 'NONE', #341, #4050, #6526, .T. ) ;
#6060 = FACE_OUTER_BOUND ( 'NONE', #2352, .T. ) ;
#6061 = ORIENTED_EDGE ( 'NONE', *, *, #1195, .T. ) ;
#6062 = CARTESIAN_POINT ( 'NONE',  ( 31.65336144876025770, 6.563277878031139601, 66.19859520899437655 ) ) ;
#6063 = AXIS2_PLACEMENT_3D ( 'NONE', #2447, #3820, #2315 ) ;
#6064 = VECTOR ( 'NONE', #604, 1000.000000000000000 ) ;
#6065 = DIRECTION ( 'NONE',  ( -1.000000000000000000, 0.000000000000000000, 9.757819552369541139E-17 ) ) ;
#6066 = ORIENTED_EDGE ( 'NONE', *, *, #5639, .F. ) ;
#6067 = ORIENTED_EDGE ( 'NONE', *, *, #5076, .T. ) ;
#6068 = AXIS2_PLACEMENT_3D ( 'NONE', #5686, #4701, #4072 ) ;
#6069 = CIRCLE ( 'NONE', #3618, 0.8000000000000003775 ) ;
#6070 = DIRECTION ( 'NONE',  ( 0.000000000000000000, -0.000000000000000000, 1.000000000000000000 ) ) ;
#6071 = FACE_OUTER_BOUND ( 'NONE', #157, .T. ) ;
#6072 = ORIENTED_EDGE ( 'NONE', *, *, #1940, .F. ) ;
#6073 = CARTESIAN_POINT ( 'NONE',  ( 0.9999999999999974465, 24.00000000000000000, 47.50000000000000000 ) ) ;
#6074 = ORIENTED_EDGE ( 'NONE', *, *, #4580, .F. ) ;
#6075 = ADVANCED_FACE ( 'NONE', ( #4537 ), #385, .F. ) ;
#6076 = CARTESIAN_POINT ( 'NONE',  ( 0.9999999999999997780, -14.54981716550029347, 66.00000000000000000 ) ) ;
#6077 = AXIS2_PLACEMENT_3D ( 'NONE', #4028, #6057, #1562 ) ;
#6078 = LINE ( 'NONE', #491, #1583 ) ;
#6079 = ORIENTED_EDGE ( 'NONE', *, *, #5363, .F. ) ;
#6080 = ORIENTED_EDGE ( 'NONE', *, *, #6237, .F. ) ;
#6081 = CARTESIAN_POINT ( 'NONE',  ( 0.9999999999999997780, -15.50000000000000178, 64.00000000000000000 ) ) ;
#6082 = CARTESIAN_POINT ( 'NONE',  ( 1.225000000000000089, -10.99999999999999822, -24.20000000000000639 ) ) ;
#6083 = CARTESIAN_POINT ( 'NONE',  ( 4.000000000000000000, -12.20000000000000107, -19.20000000000000639 ) ) ;
#6084 = DIRECTION ( 'NONE',  ( 1.000000000000000000, 1.239088197126290570E-16, 0.000000000000000000 ) ) ;
#6085 = LINE ( 'NONE', #5503, #4053 ) ;
#6086 = EDGE_CURVE ( 'NONE', #6481, #5459, #3942, .T. ) ;
#6087 = DIRECTION ( 'NONE',  ( 0.000000000000000000, -1.000000000000000000, 0.000000000000000000 ) ) ;
#6088 = DIRECTION ( 'NONE',  ( -3.469446951953612956E-17, 1.000000000000000000, -0.000000000000000000 ) ) ;
#6089 = ORIENTED_EDGE ( 'NONE', *, *, #2062, .F. ) ;
#6090 = CARTESIAN_POINT ( 'NONE',  ( 0.5000000000000004441, -6.500000000000000000, 65.20000000000000284 ) ) ;
#6091 = EDGE_CURVE ( 'NONE', #6254, #2129, #246, .T. ) ;
#6092 = DIRECTION ( 'NONE',  ( 1.000000000000000000, 3.252606517456513918E-17, 0.000000000000000000 ) ) ;
#6093 = ORIENTED_EDGE ( 'NONE', *, *, #692, .F. ) ;
#6094 = ADVANCED_FACE ( 'NONE', ( #1996 ), #6454, .F. ) ;
#6095 = LINE ( 'NONE', #6215, #1589 ) ;
#6096 = FACE_OUTER_BOUND ( 'NONE', #521, .T. ) ;
#6097 = EDGE_LOOP ( 'NONE', ( #899, #6412, #1155, #3537, #1544, #184, #3397 ) ) ;
#6098 = FACE_OUTER_BOUND ( 'NONE', #2013, .T. ) ;
#6099 = CARTESIAN_POINT ( 'NONE',  ( 0.4999999999999983902, -8.052613167763272628, 50.55901252708741822 ) ) ;
#6100 = ORIENTED_EDGE ( 'NONE', *, *, #1967, .T. ) ;
#6101 = DIRECTION ( 'NONE',  ( -1.000000000000000000, -3.252606517456513918E-17, 2.535569890667616456E-16 ) ) ;
#6102 = VERTEX_POINT ( 'NONE', #5532 ) ;
#6103 = CARTESIAN_POINT ( 'NONE',  ( 4.000000000000000000, -17.38730881638175774, 24.65831239517770612 ) ) ;
#6104 = CARTESIAN_POINT ( 'NONE',  ( 2.999999999999999112, 3.805842560179955480, 69.15558256377492796 ) ) ;
#6105 = ORIENTED_EDGE ( 'NONE', *, *, #692, .T. ) ;
#6106 = ORIENTED_EDGE ( 'NONE', *, *, #441, .F. ) ;
#6107 = DIRECTION ( 'NONE',  ( 0.000000000000000000, -1.188166764367676095E-16, 1.000000000000000000 ) ) ;
#6108 = DIRECTION ( 'NONE',  ( -1.000000000000000000, -1.239088197126290817E-16, 6.270397653133593184E-34 ) ) ;
#6109 = DIRECTION ( 'NONE',  ( 0.000000000000000000, 0.000000000000000000, -1.000000000000000000 ) ) ;
#6110 = LINE ( 'NONE', #1582, #1493 ) ;
#6111 = CARTESIAN_POINT ( 'NONE',  ( 0.000000000000000000, 6.499999999999996447, 4.000000000000000000 ) ) ;
#6112 = EDGE_CURVE ( 'NONE', #863, #836, #2951, .T. ) ;
#6113 = ADVANCED_FACE ( 'NONE', ( #5927 ), #4009, .F. ) ;
#6114 = CARTESIAN_POINT ( 'NONE',  ( 7.002000000000005109, -7.163260966291185916, 18.34168760482228322 ) ) ;
#6115 = CARTESIAN_POINT ( 'NONE',  ( 6.225000000000000533, 0.4148556835804999565, -29.19999999999999929 ) ) ;
#6116 = ORIENTED_EDGE ( 'NONE', *, *, #5396, .F. ) ;
#6117 = AXIS2_PLACEMENT_3D ( 'NONE', #978, #2987, #3019 ) ;
#6118 = DIRECTION ( 'NONE',  ( 0.000000000000000000, 0.000000000000000000, 1.000000000000000000 ) ) ;
#6119 = DIRECTION ( 'NONE',  ( 0.000000000000000000, -1.045014142154703244E-16, 1.000000000000000000 ) ) ;
#6120 = ORIENTED_EDGE ( 'NONE', *, *, #2497, .T. ) ;
#6121 = CARTESIAN_POINT ( 'NONE',  ( -3.275000000000007461, 25.99999999999999645, -9.337000000000001521 ) ) ;
#6122 = AXIS2_PLACEMENT_3D ( 'NONE', #3079, #592, #85 ) ;
#6123 = CARTESIAN_POINT ( 'NONE',  ( -4.500000000000007105, 22.00000000000000000, -11.20000000000000107 ) ) ;
#6124 = VECTOR ( 'NONE', #1982, 1000.000000000000000 ) ;
#6125 = VERTEX_POINT ( 'NONE', #6076 ) ;
#6126 = VECTOR ( 'NONE', #6186, 1000.000000000000000 ) ;
#6127 = LINE ( 'NONE', #3469, #3185 ) ;
#6128 = LINE ( 'NONE', #5130, #5631 ) ;
#6129 = ORIENTED_EDGE ( 'NONE', *, *, #1489, .T. ) ;
#6130 = DIRECTION ( 'NONE',  ( -1.000000000000000000, -3.252606517456513918E-17, 5.129429894497256509E-33 ) ) ;
#6131 = ORIENTED_EDGE ( 'NONE', *, *, #5664, .F. ) ;
#6132 = DIRECTION ( 'NONE',  ( -1.355252715606879803E-16, 1.000000000000000000, 0.000000000000000000 ) ) ;
#6133 = LINE ( 'NONE', #5626, #3780 ) ;
#6134 = ORIENTED_EDGE ( 'NONE', *, *, #4363, .F. ) ;
#6135 = EDGE_CURVE ( 'NONE', #1319, #4608, #977, .T. ) ;
#6136 = EDGE_LOOP ( 'NONE', ( #6286, #2226, #3998, #5005, #5721, #3212, #2089, #1455 ) ) ;
#6137 = EDGE_CURVE ( 'NONE', #3047, #3393, #5428, .T. ) ;
#6138 = CARTESIAN_POINT ( 'NONE',  ( 1.000000000000000000, -9.251384209635093114, 52.54168760482228606 ) ) ;
#6139 = VECTOR ( 'NONE', #5142, 1000.000000000000000 ) ;
#6140 = CARTESIAN_POINT ( 'NONE',  ( 7.002000000000005109, -12.75000000000000000, 40.47468587349739266 ) ) ;
#6141 = DIRECTION ( 'NONE',  ( -1.355252715606879803E-16, 1.000000000000000000, 0.000000000000000000 ) ) ;
#6142 = DIRECTION ( 'NONE',  ( 0.000000000000000000, 0.000000000000000000, 1.000000000000000000 ) ) ;
#6143 = PLANE ( 'NONE',  #2354 ) ;
#6144 = LINE ( 'NONE', #3619, #4240 ) ;
#6145 = CARTESIAN_POINT ( 'NONE',  ( 7.002000000000005109, -10.76036283369648494, 42.90613933192072693 ) ) ;
#6146 = CARTESIAN_POINT ( 'NONE',  ( -63.03173803727768387, -7.300000000000001599, 50.28776832031181243 ) ) ;
#6147 = EDGE_CURVE ( 'NONE', #2764, #1110, #1547, .T. ) ;
#6148 = EDGE_CURVE ( 'NONE', #1968, #1376, #1296, .T. ) ;
#6149 = EDGE_LOOP ( 'NONE', ( #4874, #5893, #6380, #3506 ) ) ;
#6150 = FACE_OUTER_BOUND ( 'NONE', #2813, .T. ) ;
#6151 = DIRECTION ( 'NONE',  ( 1.000000000000000000, 0.000000000000000000, -0.000000000000000000 ) ) ;
#6152 = VECTOR ( 'NONE', #1584, 1000.000000000000000 ) ;
#6153 = ORIENTED_EDGE ( 'NONE', *, *, #2239, .F. ) ;
#6154 = FACE_BOUND ( 'NONE', #281, .T. ) ;
#6155 = VECTOR ( 'NONE', #5999, 1000.000000000000000 ) ;
#6156 = EDGE_LOOP ( 'NONE', ( #5596, #4704, #2535, #6243, #6249, #5067, #956, #3478, #6120, #5353, #5192 ) ) ;
#6157 = ADVANCED_FACE ( 'NONE', ( #185 ), #5070, .F. ) ;
#6158 = DIRECTION ( 'NONE',  ( 1.000000000000000000, 0.000000000000000000, 0.000000000000000000 ) ) ;
#6159 = LINE ( 'NONE', #1633, #1631 ) ;
#6160 = AXIS2_PLACEMENT_3D ( 'NONE', #672, #1157, #3753 ) ;
#6161 = VERTEX_POINT ( 'NONE', #1043 ) ;
#6162 = CARTESIAN_POINT ( 'NONE',  ( 4.500000000000000888, 6.500000000000000000, -29.19999999999999929 ) ) ;
#6163 = ORIENTED_EDGE ( 'NONE', *, *, #3784, .T. ) ;
#6164 = DIRECTION ( 'NONE',  ( -1.000000000000000000, -3.469446951953612956E-17, 0.000000000000000000 ) ) ;
#6165 = DIRECTION ( 'NONE',  ( 0.000000000000000000, 1.000000000000000000, 0.000000000000000000 ) ) ;
#6166 = ORIENTED_EDGE ( 'NONE', *, *, #5499, .F. ) ;
#6167 = AXIS2_PLACEMENT_3D ( 'NONE', #4656, #3221, #5237 ) ;
#6168 = VERTEX_POINT ( 'NONE', #2695 ) ;
#6169 = DIRECTION ( 'NONE',  ( 0.000000000000000000, -1.000000000000000000, 0.000000000000000000 ) ) ;
#6170 = CIRCLE ( 'NONE', #1104, 0.8000000000000003775 ) ;
#6171 = EDGE_CURVE ( 'NONE', #841, #388, #3571, .T. ) ;
#6172 = EDGE_CURVE ( 'NONE', #1226, #3739, #5625, .T. ) ;
#6173 = DIRECTION ( 'NONE',  ( 0.000000000000000000, 2.168404344971010594E-16, -1.000000000000000000 ) ) ;
#6174 = DIRECTION ( 'NONE',  ( 0.000000000000000000, 0.000000000000000000, -1.000000000000000000 ) ) ;
#6175 = LINE ( 'NONE', #4146, #3084 ) ;
#6176 = VERTEX_POINT ( 'NONE', #3637 ) ;
#6177 = ORIENTED_EDGE ( 'NONE', *, *, #2172, .F. ) ;
#6178 = DIRECTION ( 'NONE',  ( 1.000000000000000000, 1.239088197126290570E-16, -0.000000000000000000 ) ) ;
#6179 = DIRECTION ( 'NONE',  ( 1.084202172485504434E-16, 0.000000000000000000, 1.000000000000000000 ) ) ;
#6180 = EDGE_LOOP ( 'NONE', ( #6016, #4812, #2954, #2455 ) ) ;
#6181 = AXIS2_PLACEMENT_3D ( 'NONE', #6523, #5530, #1010 ) ;
#6182 = DIRECTION ( 'NONE',  ( -1.000000000000000000, -3.469446951953611107E-17, 0.000000000000000000 ) ) ;
#6183 = AXIS2_PLACEMENT_3D ( 'NONE', #2793, #319, #907 ) ;
#6184 = CARTESIAN_POINT ( 'NONE',  ( 7.002000000000006885, -7.903080869113574103, 15.97090127777026858 ) ) ;
#6185 = VERTEX_POINT ( 'NONE', #3665 ) ;
#6186 = DIRECTION ( 'NONE',  ( -1.000000000000000000, -1.239088197126290817E-16, -3.024003079802225056E-33 ) ) ;
#6187 = VERTEX_POINT ( 'NONE', #4572 ) ;
#6188 = CARTESIAN_POINT ( 'NONE',  ( 0.4999999999999981681, -6.499999999999999112, 61.52191394754549947 ) ) ;
#6189 = CARTESIAN_POINT ( 'NONE',  ( 7.000000000000000000, -15.99999999999999289, -43.00000000000000000 ) ) ;
#6190 = VECTOR ( 'NONE', #3789, 1000.000000000000000 ) ;
#6191 = ORIENTED_EDGE ( 'NONE', *, *, #3693, .T. ) ;
#6192 = LINE ( 'NONE', #150, #3351 ) ;
#6193 = ORIENTED_EDGE ( 'NONE', *, *, #2308, .T. ) ;
#6194 = DIRECTION ( 'NONE',  ( 1.102813343475842874E-17, -0.3390552584695135652, -0.9407664597040922283 ) ) ;
#6195 = CARTESIAN_POINT ( 'NONE',  ( -10.47488076180543359, 22.00000000000000000, 35.75191697259665347 ) ) ;
#6196 = VERTEX_POINT ( 'NONE', #6103 ) ;
#6197 = VERTEX_POINT ( 'NONE', #685 ) ;
#6198 = DIRECTION ( 'NONE',  ( -1.000000000000000000, -3.469446951953611107E-17, 0.000000000000000000 ) ) ;
#6199 = LINE ( 'NONE', #602, #4519 ) ;
#6200 = DIRECTION ( 'NONE',  ( -1.000000000000000000, 0.000000000000000000, -0.000000000000000000 ) ) ;
#6201 = EDGE_CURVE ( 'NONE', #5524, #2625, #3177, .T. ) ;
#6202 = EDGE_CURVE ( 'NONE', #5216, #160, #6307, .T. ) ;
#6203 = DIRECTION ( 'NONE',  ( -1.000000000000000000, -3.252606517456513918E-17, -2.535569890667617442E-16 ) ) ;
#6204 = ORIENTED_EDGE ( 'NONE', *, *, #3120, .F. ) ;
#6205 = ORIENTED_EDGE ( 'NONE', *, *, #4324, .T. ) ;
#6206 = DIRECTION ( 'NONE',  ( -1.275531967630005245E-16, 1.000000000000000000, -0.000000000000000000 ) ) ;
#6207 = CARTESIAN_POINT ( 'NONE',  ( 1.999999999999999556, -4.500000000000000000, 4.000000000000000000 ) ) ;
#6208 = EDGE_CURVE ( 'NONE', #2293, #610, #1247, .T. ) ;
#6209 = ORIENTED_EDGE ( 'NONE', *, *, #2446, .T. ) ;
#6210 = ADVANCED_FACE ( 'NONE', ( #3051 ), #1112, .F. ) ;
#6211 = EDGE_CURVE ( 'NONE', #1688, #2129, #5193, .T. ) ;
#6212 = VECTOR ( 'NONE', #3550, 1000.000000000000000 ) ;
#6213 = DIRECTION ( 'NONE',  ( 0.000000000000000000, -1.000000000000000000, 0.000000000000000000 ) ) ;
#6214 = EDGE_LOOP ( 'NONE', ( #5039, #4223, #1502, #704, #3670, #1930, #3922 ) ) ;
#6215 = CARTESIAN_POINT ( 'NONE',  ( -4.501000000000007439, -17.00000000000000000, -11.20000000000000107 ) ) ;
#6216 = VECTOR ( 'NONE', #655, 1000.000000000000000 ) ;
#6217 = ORIENTED_EDGE ( 'NONE', *, *, #5101, .F. ) ;
#6218 = AXIS2_PLACEMENT_3D ( 'NONE', #155, #3082, #5103 ) ;
#6219 = LINE ( 'NONE', #4160, #5617 ) ;
#6220 = CARTESIAN_POINT ( 'NONE',  ( 0.4999999999999988343, -10.69999999999999929, 2.510525938252072707E-16 ) ) ;
#6221 = ORIENTED_EDGE ( 'NONE', *, *, #1959, .T. ) ;
#6222 = DIRECTION ( 'NONE',  ( 0.000000000000000000, -1.000000000000000000, 0.000000000000000000 ) ) ;
#6223 = VERTEX_POINT ( 'NONE', #2664 ) ;
#6224 = VECTOR ( 'NONE', #6530, 1000.000000000000000 ) ;
#6225 = CARTESIAN_POINT ( 'NONE',  ( 4.000000000000003553, -7.299999999999998934, 14.54168760482228606 ) ) ;
#6226 = CARTESIAN_POINT ( 'NONE',  ( 3.999999999999994671, 18.99999999999999645, 7.800000000000001599 ) ) ;
#6227 = ORIENTED_EDGE ( 'NONE', *, *, #2084, .F. ) ;
#6228 = EDGE_LOOP ( 'NONE', ( #3161, #3899, #868, #5898 ) ) ;
#6229 = AXIS2_PLACEMENT_3D ( 'NONE', #5830, #3274, #5289 ) ;
#6230 = CARTESIAN_POINT ( 'NONE',  ( 1.999999999999999112, -0.5000000000000065503, 62.50000000000000000 ) ) ;
#6231 = CARTESIAN_POINT ( 'NONE',  ( 1.000000000000000000, -16.24861579036490511, 52.54168760482228606 ) ) ;
#6232 = CARTESIAN_POINT ( 'NONE',  ( 3.000000000000000000, -22.50000000000001066, 67.00000000000000000 ) ) ;
#6233 = AXIS2_PLACEMENT_3D ( 'NONE', #3932, #4528, #4959 ) ;
#6234 = DIRECTION ( 'NONE',  ( -1.000000000000000000, -1.239088197126290570E-16, -0.000000000000000000 ) ) ;
#6235 = VERTEX_POINT ( 'NONE', #4707 ) ;
#6236 = VECTOR ( 'NONE', #3776, 1000.000000000000000 ) ;
#6237 = EDGE_CURVE ( 'NONE', #5235, #5929, #626, .T. ) ;
#6238 = ORIENTED_EDGE ( 'NONE', *, *, #645, .F. ) ;
#6239 = CARTESIAN_POINT ( 'NONE',  ( 7.000000000000000000, -15.99999999999999645, -26.35000000000000142 ) ) ;
#6240 = DIRECTION ( 'NONE',  ( 0.000000000000000000, 1.000000000000000000, 0.000000000000000000 ) ) ;
#6241 = FACE_OUTER_BOUND ( 'NONE', #2211, .T. ) ;
#6242 = AXIS2_PLACEMENT_3D ( 'NONE', #3782, #2894, #5369 ) ;
#6243 = ORIENTED_EDGE ( 'NONE', *, *, #2470, .T. ) ;
#6244 = EDGE_CURVE ( 'NONE', #2100, #5955, #2192, .T. ) ;
#6245 = FACE_OUTER_BOUND ( 'NONE', #3994, .T. ) ;
#6246 = EDGE_CURVE ( 'NONE', #174, #3021, #732, .T. ) ;
#6247 = ORIENTED_EDGE ( 'NONE', *, *, #6055, .T. ) ;
#6248 = DIRECTION ( 'NONE',  ( -6.806311348934042292E-17, 0.6819983600625025844, -0.7313537016191666851 ) ) ;
#6249 = ORIENTED_EDGE ( 'NONE', *, *, #1002, .T. ) ;
#6250 = DIRECTION ( 'NONE',  ( -0.000000000000000000, 0.000000000000000000, 1.000000000000000000 ) ) ;
#6251 = AXIS2_PLACEMENT_3D ( 'NONE', #3777, #3745, #1765 ) ;
#6252 = ORIENTED_EDGE ( 'NONE', *, *, #541, .T. ) ;
#6253 = DIRECTION ( 'NONE',  ( -1.102813343475842874E-17, 0.3390552584695135652, -0.9407664597040922283 ) ) ;
#6254 = VERTEX_POINT ( 'NONE', #2098 ) ;
#6255 = CARTESIAN_POINT ( 'NONE',  ( 3.000000000000000000, 16.99999999999999645, 44.50000000000000711 ) ) ;
#6256 = DIRECTION ( 'NONE',  ( 1.000000000000000000, 0.000000000000000000, 0.000000000000000000 ) ) ;
#6257 = ORIENTED_EDGE ( 'NONE', *, *, #5652, .F. ) ;
#6258 = CIRCLE ( 'NONE', #251, 3.750000000000000000 ) ;
#6259 = VECTOR ( 'NONE', #1632, 1000.000000000000000 ) ;
#6260 = ORIENTED_EDGE ( 'NONE', *, *, #2648, .T. ) ;
#6261 = AXIS2_PLACEMENT_3D ( 'NONE', #4867, #3243, #1338 ) ;
#6262 = DIRECTION ( 'NONE',  ( -1.000000000000000000, -1.239088197126290570E-16, -0.000000000000000000 ) ) ;
#6263 = LINE ( 'NONE', #1734, #2980 ) ;
#6264 = AXIS2_PLACEMENT_3D ( 'NONE', #5182, #1222, #5242 ) ;
#6265 = CARTESIAN_POINT ( 'NONE',  ( 0.4999999999999989453, -12.21851846721101253, 39.00000000000000000 ) ) ;
#6266 = LINE ( 'NONE', #4648, #5485 ) ;
#6267 = AXIS2_PLACEMENT_3D ( 'NONE', #1038, #3014, #4567 ) ;
#6268 = LINE ( 'NONE', #821, #2571 ) ;
#6269 = EDGE_LOOP ( 'NONE', ( #3887, #934, #2906, #2694, #445 ) ) ;
#6270 = AXIS2_PLACEMENT_3D ( 'NONE', #5211, #4246, #135 ) ;
#6271 = EDGE_LOOP ( 'NONE', ( #5823, #629, #2339, #5412, #979 ) ) ;
#6272 = CARTESIAN_POINT ( 'NONE',  ( 0.5000000000000004441, -6.499999999999992895, 56.34168760482229033 ) ) ;
#6273 = FACE_OUTER_BOUND ( 'NONE', #5333, .T. ) ;
#6274 = AXIS2_PLACEMENT_3D ( 'NONE', #4490, #9, #544 ) ;
#6275 = DIRECTION ( 'NONE',  ( 1.000000000000000000, 1.239088197126290817E-16, 6.270397653133593184E-34 ) ) ;
#6276 = DIRECTION ( 'NONE',  ( 1.000000000000000000, 0.000000000000000000, 0.000000000000000000 ) ) ;
#6277 = VERTEX_POINT ( 'NONE', #3081 ) ;
#6278 = CARTESIAN_POINT ( 'NONE',  ( 0.4999999999999990563, -12.75000000000000178, 37.52531412650260734 ) ) ;
#6279 = ORIENTED_EDGE ( 'NONE', *, *, #6202, .T. ) ;
#6280 = EDGE_CURVE ( 'NONE', #2096, #6423, #3701, .T. ) ;
#6281 = DIRECTION ( 'NONE',  ( -1.355252715606879803E-16, 1.000000000000000000, 0.000000000000000000 ) ) ;
#6282 = DIRECTION ( 'NONE',  ( 0.000000000000000000, -1.000000000000000000, -1.045014142154703244E-16 ) ) ;
#6283 = EDGE_CURVE ( 'NONE', #1886, #1354, #6003, .T. ) ;
#6284 = ORIENTED_EDGE ( 'NONE', *, *, #3717, .T. ) ;
#6285 = CARTESIAN_POINT ( 'NONE',  ( 4.000000000000000000, -16.74999999999999645, 39.00000000000000000 ) ) ;
#6286 = ORIENTED_EDGE ( 'NONE', *, *, #3471, .T. ) ;
#6287 = CYLINDRICAL_SURFACE ( 'NONE', #4936, 0.8000000000000003775 ) ;
#6288 = DIRECTION ( 'NONE',  ( 0.000000000000000000, 0.000000000000000000, 1.000000000000000000 ) ) ;
#6289 = ORIENTED_EDGE ( 'NONE', *, *, #2272, .T. ) ;
#6290 = ORIENTED_EDGE ( 'NONE', *, *, #1317, .F. ) ;
#6291 = DIRECTION ( 'NONE',  ( -1.000000000000000000, -1.239088197126290817E-16, 0.000000000000000000 ) ) ;
#6292 = CARTESIAN_POINT ( 'NONE',  ( 0.4999999999999987232, -9.960362833696484230, 35.09386066807927307 ) ) ;
#6293 = ORIENTED_EDGE ( 'NONE', *, *, #3652, .F. ) ;
#6294 = CARTESIAN_POINT ( 'NONE',  ( -64.14711903867025455, -8.170174558805841869, 22.45831239517770328 ) ) ;
#6295 = CARTESIAN_POINT ( 'NONE',  ( -2.500000000000009326, 23.99999999999999645, -9.337000000000001521 ) ) ;
#6296 = LINE ( 'NONE', #2889, #6236 ) ;
#6297 = CARTESIAN_POINT ( 'NONE',  ( 0.4999999999999978351, -3.499999999999992895, 4.000000000000003553 ) ) ;
#6298 = ORIENTED_EDGE ( 'NONE', *, *, #6028, .T. ) ;
#6299 = CARTESIAN_POINT ( 'NONE',  ( 0.4999999999999995559, -17.44738683223673092, 27.44098747291256402 ) ) ;
#6300 = LINE ( 'NONE', #1282, #3695 ) ;
#6301 = DIRECTION ( 'NONE',  ( 0.000000000000000000, -1.000000000000000000, 0.000000000000000000 ) ) ;
#6302 = EDGE_CURVE ( 'NONE', #2744, #142, #4606, .T. ) ;
#6303 = DIRECTION ( 'NONE',  ( 1.000000000000000000, 3.129951135296190967E-17, -0.000000000000000000 ) ) ;
#6304 = ORIENTED_EDGE ( 'NONE', *, *, #2077, .T. ) ;
#6305 = CARTESIAN_POINT ( 'NONE',  ( 3.500000000000000444, -15.99999999999998934, -20.05000000000000426 ) ) ;
#6306 = ORIENTED_EDGE ( 'NONE', *, *, #2110, .T. ) ;
#6307 = CIRCLE ( 'NONE', #3986, 0.8000000000000003775 ) ;
#6308 = DIRECTION ( 'NONE',  ( -1.000000000000000000, -3.252606517456513918E-17, -0.000000000000000000 ) ) ;
#6309 = AXIS2_PLACEMENT_3D ( 'NONE', #4172, #5634, #2198 ) ;
#6310 = DIRECTION ( 'NONE',  ( 1.000000000000000000, 1.239088197126290570E-16, -0.000000000000000000 ) ) ;
#6311 = ORIENTED_EDGE ( 'NONE', *, *, #3876, .T. ) ;
#6312 = FACE_BOUND ( 'NONE', #720, .T. ) ;
#6313 = ORIENTED_EDGE ( 'NONE', *, *, #5813, .F. ) ;
#6314 = CARTESIAN_POINT ( 'NONE',  ( -3.275000000000009681, 16.99999999999999645, -29.19999999999999929 ) ) ;
#6315 = DIRECTION ( 'NONE',  ( -0.000000000000000000, 0.000000000000000000, 1.000000000000000000 ) ) ;
#6316 = EDGE_LOOP ( 'NONE', ( #4757, #3694, #2438, #1864, #3118, #5292, #1999, #3993 ) ) ;
#6317 = EDGE_LOOP ( 'NONE', ( #1668, #4126, #775, #3142, #429, #1025, #1851, #1235, #1439, #3173, #6329 ) ) ;
#6318 = CARTESIAN_POINT ( 'NONE',  ( 1.000000000000000888, -18.20000000000000284, 60.45831239517769262 ) ) ;
#6319 = CIRCLE ( 'NONE', #5362, 0.7999999999999986011 ) ;
#6320 = VECTOR ( 'NONE', #2872, 1000.000000000000000 ) ;
#6321 = LINE ( 'NONE', #1793, #496 ) ;
#6322 = ORIENTED_EDGE ( 'NONE', *, *, #3231, .F. ) ;
#6323 = CARTESIAN_POINT ( 'NONE',  ( 0.9999999999999995559, -6.499999999999999112, 53.34168760482229033 ) ) ;
#6324 = EDGE_CURVE ( 'NONE', #4255, #1806, #2310, .T. ) ;
#6325 = DIRECTION ( 'NONE',  ( -1.000000000000000000, 0.000000000000000000, 9.757819552369542371E-17 ) ) ;
#6326 = CYLINDRICAL_SURFACE ( 'NONE', #1796, 0.7999999999999986011 ) ;
#6327 = CIRCLE ( 'NONE', #1484, 2.000000000000000000 ) ;
#6328 = DIRECTION ( 'NONE',  ( -1.000000000000000000, -3.252606517456513918E-17, 0.000000000000000000 ) ) ;
#6329 = ORIENTED_EDGE ( 'NONE', *, *, #2135, .T. ) ;
#6330 = CARTESIAN_POINT ( 'NONE',  ( 7.000000000000000000, 3.999999999999998224, 62.50000000000000000 ) ) ;
#6331 = CARTESIAN_POINT ( 'NONE',  ( 3.000000000000000000, 6.499999999999996447, 64.00000000000000000 ) ) ;
#6332 = DIRECTION ( 'NONE',  ( 0.000000000000000000, 0.000000000000000000, -1.000000000000000000 ) ) ;
#6333 = AXIS2_PLACEMENT_3D ( 'NONE', #3304, #2844, #5351 ) ;
#6334 = AXIS2_PLACEMENT_3D ( 'NONE', #5836, #2371, #294 ) ;
#6335 = ADVANCED_FACE ( 'NONE', ( #1637 ), #3144, .F. ) ;
#6336 = CARTESIAN_POINT ( 'NONE',  ( 7.002000000000005109, -15.53963716630351577, 42.90613933192071983 ) ) ;
#6337 = EDGE_CURVE ( 'NONE', #691, #5494, #4263, .T. ) ;
#6338 = LINE ( 'NONE', #3325, #503 ) ;
#6339 = EDGE_LOOP ( 'NONE', ( #2815, #4232, #345, #3179 ) ) ;
#6340 = CARTESIAN_POINT ( 'NONE',  ( 0.4999999999999979461, -4.500000000000000000, -4.800000000000000711 ) ) ;
#6341 = FILL_AREA_STYLE ('',( #5822 ) ) ;
#6342 = EDGE_CURVE ( 'NONE', #1047, #4631, #406, .T. ) ;
#6343 = ORIENTED_EDGE ( 'NONE', *, *, #2078, .T. ) ;
#6344 = DIRECTION ( 'NONE',  ( -1.239088197126290570E-16, 1.000000000000000000, -1.577021341797097560E-16 ) ) ;
#6345 = PLANE ( 'NONE',  #3481 ) ;
#6346 = ORIENTED_EDGE ( 'NONE', *, *, #1475, .F. ) ;
#6347 = EDGE_CURVE ( 'NONE', #1957, #5674, #4766, .T. ) ;
#6348 = ORIENTED_EDGE ( 'NONE', *, *, #839, .F. ) ;
#6349 = LINE ( 'NONE', #1237, #2325 ) ;
#6350 = CARTESIAN_POINT ( 'NONE',  ( 4.000000000000000000, -15.07469763858626521, 42.25511610993392964 ) ) ;
#6351 = ORIENTED_EDGE ( 'NONE', *, *, #3471, .F. ) ;
#6352 = LINE ( 'NONE', #3806, #577 ) ;
#6353 = CIRCLE ( 'NONE', #3502, 0.8000000000000003775 ) ;
#6354 = DIRECTION ( 'NONE',  ( -1.000000000000000000, -3.252606517456513918E-17, -0.000000000000000000 ) ) ;
#6355 = LINE ( 'NONE', #1860, #553 ) ;
#6356 = AXIS2_PLACEMENT_3D ( 'NONE', #2232, #1306, #3312 ) ;
#6357 = EDGE_LOOP ( 'NONE', ( #4260, #911 ) ) ;
#6358 = FACE_OUTER_BOUND ( 'NONE', #6022, .T. ) ;
#6359 = EDGE_CURVE ( 'NONE', #6176, #6223, #5947, .T. ) ;
#6360 = VERTEX_POINT ( 'NONE', #2294 ) ;
#6361 = ADVANCED_FACE ( 'NONE', ( #894 ), #3736, .F. ) ;
#6362 = EDGE_CURVE ( 'NONE', #5889, #291, #2899, .T. ) ;
#6363 = VECTOR ( 'NONE', #396, 1000.000000000000000 ) ;
#6364 = CARTESIAN_POINT ( 'NONE',  ( 0.5000000000000004441, -6.499999999999992895, 21.65831239517770612 ) ) ;
#6365 = VECTOR ( 'NONE', #6332, 1000.000000000000000 ) ;
#6366 = DIRECTION ( 'NONE',  ( 1.000000000000000000, 1.239088197126290570E-16, 0.000000000000000000 ) ) ;
#6367 = EDGE_CURVE ( 'NONE', #5366, #4467, #5724, .T. ) ;
#6368 = DIRECTION ( 'NONE',  ( 0.000000000000000000, 2.168404344971010594E-16, -1.000000000000000000 ) ) ;
#6369 = AXIS2_PLACEMENT_3D ( 'NONE', #138, #6182, #5150 ) ;
#6370 = ORIENTED_EDGE ( 'NONE', *, *, #2756, .T. ) ;
#6371 = VECTOR ( 'NONE', #578, 1000.000000000000000 ) ;
#6372 = CARTESIAN_POINT ( 'NONE',  ( -4.500000000000007105, 25.27251735415887524, -11.20000000000000107 ) ) ;
#6373 = DIRECTION ( 'NONE',  ( 1.239088197126290570E-16, -1.000000000000000000, 0.000000000000000000 ) ) ;
#6374 = ORIENTED_EDGE ( 'NONE', *, *, #3129, .T. ) ;
#6375 = ORIENTED_EDGE ( 'NONE', *, *, #5900, .F. ) ;
#6376 = CARTESIAN_POINT ( 'NONE',  ( 7.001000000000008328, -10.50000000000000178, 71.00000000000000000 ) ) ;
#6377 = EDGE_LOOP ( 'NONE', ( #6404, #6391, #5489, #6468 ) ) ;
#6378 = DIRECTION ( 'NONE',  ( 1.000000000000000000, 0.000000000000000000, 0.000000000000000000 ) ) ;
#6379 = CARTESIAN_POINT ( 'NONE',  ( 4.000000000000000000, -12.21851846721101253, 39.00000000000000000 ) ) ;
#6380 = ORIENTED_EDGE ( 'NONE', *, *, #506, .F. ) ;
#6381 = VERTEX_POINT ( 'NONE', #398 ) ;
#6382 = EDGE_CURVE ( 'NONE', #793, #3563, #247, .T. ) ;
#6383 = CARTESIAN_POINT ( 'NONE',  ( 4.000000000000000000, -12.40635562892712684, 34.21231699605854004 ) ) ;
#6384 = VECTOR ( 'NONE', #1371, 1000.000000000000000 ) ;
#6385 = ORIENTED_EDGE ( 'NONE', *, *, #479, .T. ) ;
#6386 = CARTESIAN_POINT ( 'NONE',  ( -0.5000000000000077716, 23.99999999999999645, 7.800000000000001599 ) ) ;
#6387 = ORIENTED_EDGE ( 'NONE', *, *, #2756, .F. ) ;
#6388 = DIRECTION ( 'NONE',  ( 0.000000000000000000, 0.000000000000000000, -1.000000000000000000 ) ) ;
#6389 = CARTESIAN_POINT ( 'NONE',  ( 4.000000000000000000, -5.299999999999998934, -4.000000000000000000 ) ) ;
#6390 = CARTESIAN_POINT ( 'NONE',  ( 7.001000000000006551, 11.74999999999999645, 21.55000000000000426 ) ) ;
#6391 = ORIENTED_EDGE ( 'NONE', *, *, #2321, .T. ) ;
#6392 = LINE ( 'NONE', #5234, #1615 ) ;
#6393 = VERTEX_POINT ( 'NONE', #4413 ) ;
#6394 = FACE_OUTER_BOUND ( 'NONE', #5791, .T. ) ;
#6395 = DIRECTION ( 'NONE',  ( 1.000000000000000000, -0.000000000000000000, -0.000000000000000000 ) ) ;
#6396 = EDGE_CURVE ( 'NONE', #593, #5221, #6436, .T. ) ;
#6397 = CARTESIAN_POINT ( 'NONE',  ( 3.500000000000000444, -22.50000000000001066, 60.04999999999999716 ) ) ;
#6398 = VERTEX_POINT ( 'NONE', #4229 ) ;
#6399 = FACE_OUTER_BOUND ( 'NONE', #1978, .T. ) ;
#6400 = CARTESIAN_POINT ( 'NONE',  ( 0.4999999999999982792, -7.299999999999999822, 4.000000000000004441 ) ) ;
#6401 = EDGE_CURVE ( 'NONE', #3456, #746, #1265, .T. ) ;
#6402 = EDGE_CURVE ( 'NONE', #4463, #4791, #4800, .T. ) ;
#6403 = ORIENTED_EDGE ( 'NONE', *, *, #5749, .F. ) ;
#6404 = ORIENTED_EDGE ( 'NONE', *, *, #4898, .F. ) ;
#6405 = CARTESIAN_POINT ( 'NONE',  ( 0.4999999999999997780, -19.00000000000001066, 23.13299826867507036 ) ) ;
#6406 = DIRECTION ( 'NONE',  ( -1.000000000000000000, -3.252606517456513918E-17, -0.000000000000000000 ) ) ;
#6407 = VERTEX_POINT ( 'NONE', #1232 ) ;
#6408 = CARTESIAN_POINT ( 'NONE',  ( 7.002000000000005109, -9.960362833696484230, 35.09386066807927307 ) ) ;
#6409 = CYLINDRICAL_SURFACE ( 'NONE', #551, 0.8000000000000003775 ) ;
#6410 = ORIENTED_EDGE ( 'NONE', *, *, #5148, .T. ) ;
#6411 = EDGE_CURVE ( 'NONE', #4918, #1068, #3763, .T. ) ;
#6412 = ORIENTED_EDGE ( 'NONE', *, *, #4859, .T. ) ;
#6413 = EDGE_CURVE ( 'NONE', #4853, #1172, #2722, .T. ) ;
#6414 = FACE_OUTER_BOUND ( 'NONE', #6484, .T. ) ;
#6415 = ORIENTED_EDGE ( 'NONE', *, *, #5748, .F. ) ;
#6416 = LINE ( 'NONE', #3904, #3536 ) ;
#6417 = ORIENTED_EDGE ( 'NONE', *, *, #1303, .T. ) ;
#6419 = CIRCLE ( 'NONE', #2634, 0.8000000000000003775 ) ;
#6418 = CARTESIAN_POINT ( 'NONE',  ( 4.000000000000000000, -5.299999999999998934, -18.40000000000000568 ) ) ;
#6420 = ADVANCED_FACE ( 'NONE', ( #5760 ), #6287, .F. ) ;
#6421 = CARTESIAN_POINT ( 'NONE',  ( -4.501000000000007439, -17.00000000000000000, -15.30000000000000071 ) ) ;
#6422 = FACE_OUTER_BOUND ( 'NONE', #2943, .T. ) ;
#6423 = VERTEX_POINT ( 'NONE', #3269 ) ;
#6424 = VECTOR ( 'NONE', #2099, 1000.000000000000000 ) ;
#6425 = LINE ( 'NONE', #4375, #4355 ) ;
#6426 = VECTOR ( 'NONE', #3361, 1000.000000000000000 ) ;
#6427 =( GEOMETRIC_REPRESENTATION_CONTEXT ( 3 ) GLOBAL_UNCERTAINTY_ASSIGNED_CONTEXT ( ( #4729 ) ) GLOBAL_UNIT_ASSIGNED_CONTEXT ( ( #3359, #5249, #2322 ) ) REPRESENTATION_CONTEXT ( 'NONE', 'WORKASPACE' ) );
#6428 = DIRECTION ( 'NONE',  ( -1.000000000000000000, -1.239088197126290570E-16, 0.000000000000000000 ) ) ;
#6429 = CARTESIAN_POINT ( 'NONE',  ( 4.500000000000000888, 16.99999999999999645, 47.50000000000000000 ) ) ;
#6430 = ADVANCED_FACE ( 'NONE', ( #5253 ), #5442, .F. ) ;
#6431 = AXIS2_PLACEMENT_3D ( 'NONE', #4792, #4884, #3259 ) ;
#6432 = LINE ( 'NONE', #2043, #3826 ) ;
#6433 = VERTEX_POINT ( 'NONE', #4948 ) ;
#6434 = LINE ( 'NONE', #923, #6363 ) ;
#6435 = DIRECTION ( 'NONE',  ( 0.000000000000000000, -1.000000000000000000, 0.000000000000000000 ) ) ;
#6436 = LINE ( 'NONE', #6314, #2410 ) ;
#6437 = ORIENTED_EDGE ( 'NONE', *, *, #1501, .T. ) ;
#6438 = VERTEX_POINT ( 'NONE', #433 ) ;
#6439 = CARTESIAN_POINT ( 'NONE',  ( 4.225000000000001421, -2.999999999999996447, -37.00000000000000000 ) ) ;
#6440 = EDGE_CURVE ( 'NONE', #4350, #4866, #6473, .T. ) ;
#6441 = LINE ( 'NONE', #10, #1057 ) ;
#6442 = AXIS2_PLACEMENT_3D ( 'NONE', #1180, #5635, #6142 ) ;
#6443 = VERTEX_POINT ( 'NONE', #4089 ) ;
#6444 = ADVANCED_FACE ( 'NONE', ( #2966 ), #4487, .F. ) ;
#6445 = DIRECTION ( 'NONE',  ( 1.000000000000000000, 0.000000000000000000, 0.000000000000000000 ) ) ;
#6446 = EDGE_CURVE ( 'NONE', #2527, #3933, #4062, .T. ) ;
#6447 = FACE_OUTER_BOUND ( 'NONE', #2486, .T. ) ;
#6448 = VERTEX_POINT ( 'NONE', #540 ) ;
#6449 = ORIENTED_EDGE ( 'NONE', *, *, #714, .F. ) ;
#6450 = CYLINDRICAL_SURFACE ( 'NONE', #3723, 2.049999999999999822 ) ;
#6451 = ORIENTED_EDGE ( 'NONE', *, *, #3730, .F. ) ;
#6452 = DIRECTION ( 'NONE',  ( -0.000000000000000000, -0.000000000000000000, -1.000000000000000000 ) ) ;
#6453 = ORIENTED_EDGE ( 'NONE', *, *, #3339, .F. ) ;
#6454 = CYLINDRICAL_SURFACE ( 'NONE', #460, 0.8000000000000003775 ) ;
#6455 = FACE_OUTER_BOUND ( 'NONE', #1693, .T. ) ;
#6456 = ORIENTED_EDGE ( 'NONE', *, *, #1554, .F. ) ;
#6457 = CARTESIAN_POINT ( 'NONE',  ( -64.14711903867025455, -18.20000000000000639, 17.54168760482228606 ) ) ;
#6458 = ORIENTED_EDGE ( 'NONE', *, *, #2682, .T. ) ;
#6459 = EDGE_CURVE ( 'NONE', #5195, #296, #6049, .T. ) ;
#6460 = LINE ( 'NONE', #1553, #2001 ) ;
#6461 = AXIS2_PLACEMENT_3D ( 'NONE', #4040, #1470, #2530 ) ;
#6462 = CARTESIAN_POINT ( 'NONE',  ( 7.002000000000005109, -15.07469763858626521, 42.25511610993392964 ) ) ;
#6463 = AXIS2_PLACEMENT_3D ( 'NONE', #3018, #5036, #4470 ) ;
#6464 = CARTESIAN_POINT ( 'NONE',  ( 7.000000000000002665, -16.57825347598732790, 4.000000000000003553 ) ) ;
#6465 = CARTESIAN_POINT ( 'NONE',  ( 0.5000000000000004441, -6.499999999999992895, 59.65831239517768836 ) ) ;
#6466 = AXIS2_PLACEMENT_3D ( 'NONE', #5650, #1136, #145 ) ;
#6467 = FACE_BOUND ( 'NONE', #1748, .T. ) ;
#6468 = ORIENTED_EDGE ( 'NONE', *, *, #6359, .F. ) ;
#6469 = VECTOR ( 'NONE', #5574, 1000.000000000000000 ) ;
#6470 = AXIS2_PLACEMENT_3D ( 'NONE', #3041, #2595, #4069 ) ;
#6471 = LINE ( 'NONE', #4447, #4348 ) ;
#6472 = LINE ( 'NONE', #3384, #5131 ) ;
#6473 = LINE ( 'NONE', #1947, #3989 ) ;
#6474 = CIRCLE ( 'NONE', #471, 1.649999999999998579 ) ;
#6475 = ORIENTED_EDGE ( 'NONE', *, *, #20, .T. ) ;
#6476 = ORIENTED_EDGE ( 'NONE', *, *, #176, .T. ) ;
#6477 = DIRECTION ( 'NONE',  ( 0.000000000000000000, -1.000000000000000000, 0.000000000000000000 ) ) ;
#6478 = AXIS2_PLACEMENT_3D ( 'NONE', #486, #4927, #3504 ) ;
#6479 = DIRECTION ( 'NONE',  ( 1.239088197126290570E-16, -1.000000000000000000, -1.577021341797097560E-16 ) ) ;
#6480 = VECTOR ( 'NONE', #6119, 1000.000000000000000 ) ;
#6481 = VERTEX_POINT ( 'NONE', #1024 ) ;
#6482 = CARTESIAN_POINT ( 'NONE',  ( -63.03173803727768387, -7.300000000000001599, 50.28776832031181243 ) ) ;
#6483 = CARTESIAN_POINT ( 'NONE',  ( 0.4999999999999996669, -18.46851846721101964, 21.65831239517770612 ) ) ;
#6484 = EDGE_LOOP ( 'NONE', ( #5468, #661, #2988, #896 ) ) ;
#6485 = ADVANCED_FACE ( 'NONE', ( #959 ), #71, .F. ) ;
#6486 = ORIENTED_EDGE ( 'NONE', *, *, #5502, .F. ) ;
#6487 = ADVANCED_FACE ( 'NONE', ( #2485 ), #2551, .F. ) ;
#6488 = EDGE_CURVE ( 'NONE', #793, #1099, #5981, .T. ) ;
#6489 = DIRECTION ( 'NONE',  ( 0.000000000000000000, 0.000000000000000000, 1.000000000000000000 ) ) ;
#6490 = ORIENTED_EDGE ( 'NONE', *, *, #699, .F. ) ;
#6491 = DIRECTION ( 'NONE',  ( 1.000000000000000000, 0.000000000000000000, -0.000000000000000000 ) ) ;
#6492 = ORIENTED_EDGE ( 'NONE', *, *, #4025, .T. ) ;
#6493 = ADVANCED_FACE ( 'NONE', ( #6014 ), #1492, .F. ) ;
#6494 = DIRECTION ( 'NONE',  ( 0.000000000000000000, 0.000000000000000000, -1.000000000000000000 ) ) ;
#6495 = LINE ( 'NONE', #5493, #2940 ) ;
#6496 = EDGE_CURVE ( 'NONE', #1729, #6197, #5018, .T. ) ;
#6497 = ORIENTED_EDGE ( 'NONE', *, *, #3445, .T. ) ;
#6498 = VERTEX_POINT ( 'NONE', #6115 ) ;
#6499 = VECTOR ( 'NONE', #2491, 1000.000000000000000 ) ;
#6500 = ADVANCED_FACE ( 'NONE', ( #2081 ), #3587, .T. ) ;
#6501 = DIRECTION ( 'NONE',  ( -1.000000000000000000, 0.000000000000000000, -0.000000000000000000 ) ) ;
#6502 = CARTESIAN_POINT ( 'NONE',  ( 1.999999999999999112, 4.499999999999997335, 58.02786404500042039 ) ) ;
#6503 = CARTESIAN_POINT ( 'NONE',  ( 0.4999999999999995559, -17.44738683223673092, 50.55901252708742533 ) ) ;
#6504 = EDGE_CURVE ( 'NONE', #4128, #3681, #3453, .T. ) ;
#6505 = PLANE ( 'NONE',  #5944 ) ;
#6506 = DIRECTION ( 'NONE',  ( -1.000000000000000000, -3.469446951953612956E-17, 0.000000000000000000 ) ) ;
#6507 = VECTOR ( 'NONE', #3354, 1000.000000000000000 ) ;
#6508 = CARTESIAN_POINT ( 'NONE',  ( 4.225000000000000533, -13.99999999999999822, -19.59999999999999787 ) ) ;
#6509 = CARTESIAN_POINT ( 'NONE',  ( 2.999999999999999112, 4.499999999999998224, 64.00000000000000000 ) ) ;
#6510 = ORIENTED_EDGE ( 'NONE', *, *, #2054, .F. ) ;
#6511 = ORIENTED_EDGE ( 'NONE', *, *, #5748, .T. ) ;
#6512 = LINE ( 'NONE', #3494, #3412 ) ;
#6513 = CARTESIAN_POINT ( 'NONE',  ( 1.000000000000000000, -19.00000000000000355, 59.65831239517768836 ) ) ;
#6514 = VERTEX_POINT ( 'NONE', #3031 ) ;
#6515 = DIRECTION ( 'NONE',  ( -1.000000000000000000, 0.000000000000000000, -0.000000000000000000 ) ) ;
#6516 = FACE_OUTER_BOUND ( 'NONE', #3542, .T. ) ;
#6517 = ORIENTED_EDGE ( 'NONE', *, *, #5678, .F. ) ;
#6518 = ORIENTED_EDGE ( 'NONE', *, *, #1713, .F. ) ;
#6519 = LINE ( 'NONE', #4004, #2243 ) ;
#6520 = DIRECTION ( 'NONE',  ( 0.000000000000000000, 0.000000000000000000, -1.000000000000000000 ) ) ;
#6521 = EDGE_CURVE ( 'NONE', #240, #2474, #3343, .T. ) ;
#6522 = ORIENTED_EDGE ( 'NONE', *, *, #998, .F. ) ;
#6523 = CARTESIAN_POINT ( 'NONE',  ( 21.41522322567242043, -5.299999999999997158, -18.40000000000000568 ) ) ;
#6524 = ORIENTED_EDGE ( 'NONE', *, *, #1233, .F. ) ;
#6525 = VECTOR ( 'NONE', #3385, 1000.000000000000000 ) ;
#6526 = LINE ( 'NONE', #1512, #5934 ) ;
#6527 = CARTESIAN_POINT ( 'NONE',  ( 3.500000000000000888, -15.99999999999998934, -15.95000000000000639 ) ) ;
#6528 = ORIENTED_EDGE ( 'NONE', *, *, #5637, .T. ) ;
#6529 = ORIENTED_EDGE ( 'NONE', *, *, #3074, .F. ) ;
#6530 = DIRECTION ( 'NONE',  ( 1.000000000000000000, 1.239088197126290570E-16, -4.573417855559660030E-33 ) ) ;
#6531 = AXIS2_PLACEMENT_3D ( 'NONE', #2139, #2610, #3676 ) ;
#6532 = EDGE_CURVE ( 'NONE', #4090, #5216, #5049, .T. ) ;
#6533 = LINE ( 'NONE', #2004, #3100 ) ;
#6534 = DIRECTION ( 'NONE',  ( -1.239088197126290570E-16, 1.000000000000000000, 0.000000000000000000 ) ) ;
#6535 = DIRECTION ( 'NONE',  ( 1.000000000000000000, 0.000000000000000000, -0.000000000000000000 ) ) ;
#6536 = VECTOR ( 'NONE', #1478, 1000.000000000000000 ) ;
ENDSEC;
END-ISO-10303-21;
