ISO-10303-21;
HEADER;
FILE_DESCRIPTION (( 'STEP AP214' ),
    '1' );
FILE_NAME ('ÓÒ²à°å-ÏÂ°ë.STEP',
    '2026-03-23T05:10:34',
    ( '' ),
    ( '' ),
    'SwSTEP 2.0',
    'SolidWorks 2023',
    '' );
FILE_SCHEMA (( 'AUTOMOTIVE_DESIGN' ));
ENDSEC;

DATA;
#1 = ORIENTED_EDGE ( 'NONE', *, *, #4509, .T. ) ;
#2 = DIRECTION ( 'NONE',  ( 0.000000000000000000, -1.001871665058434021E-17, 1.000000000000000000 ) ) ;
#3 = DIRECTION ( 'NONE',  ( -1.000000000000000000, -0.000000000000000000, -0.000000000000000000 ) ) ;
#4 = VECTOR ( 'NONE', #1054, 1000.000000000000114 ) ;
#5 = CARTESIAN_POINT ( 'NONE',  ( 1.000000000000000888, -7.299999999999999822, 65.20000000000000284 ) ) ;
#6 = ADVANCED_FACE ( 'NONE', ( #4939 ), #2370, .F. ) ;
#7 = ORIENTED_EDGE ( 'NONE', *, *, #3071, .F. ) ;
#8 = DIRECTION ( 'NONE',  ( 0.000000000000000000, 0.000000000000000000, 1.000000000000000000 ) ) ;
#9 = VECTOR ( 'NONE', #696, 1000.000000000000000 ) ;
#10 = CYLINDRICAL_SURFACE ( 'NONE', #3920, 0.8000000000000003775 ) ;
#11 = CYLINDRICAL_SURFACE ( 'NONE', #1866, 0.7999999999999986011 ) ;
#12 = EDGE_LOOP ( 'NONE', ( #2921, #2852, #1151, #578 ) ) ;
#13 = VERTEX_POINT ( 'NONE', #1940 ) ;
#14 = EDGE_CURVE ( 'NONE', #5199, #1303, #2860, .T. ) ;
#15 = DIRECTION ( 'NONE',  ( 0.000000000000000000, -1.000000000000000000, 0.000000000000000000 ) ) ;
#16 = ORIENTED_EDGE ( 'NONE', *, *, #5327, .T. ) ;
#17 = ORIENTED_EDGE ( 'NONE', *, *, #3502, .F. ) ;
#18 = LINE ( 'NONE', #1755, #4792 ) ;
#19 = VERTEX_POINT ( 'NONE', #738 ) ;
#20 = EDGE_CURVE ( 'NONE', #4082, #2432, #711, .T. ) ;
#21 = CARTESIAN_POINT ( 'NONE',  ( 4.000000000000000000, -14.78702399854024208, 43.17738353869633983 ) ) ;
#22 = CARTESIAN_POINT ( 'NONE',  ( -63.03173803727769808, -6.500000000000001776, 61.52191394754551368 ) ) ;
#23 = ORIENTED_EDGE ( 'NONE', *, *, #4802, .F. ) ;
#24 = EDGE_CURVE ( 'NONE', #1801, #517, #3695, .T. ) ;
#25 = DIRECTION ( 'NONE',  ( 0.000000000000000000, -0.000000000000000000, 1.000000000000000000 ) ) ;
#26 = AXIS2_PLACEMENT_3D ( 'NONE', #3371, #3146, #1827 ) ;
#27 = DIRECTION ( 'NONE',  ( 0.000000000000000000, -0.9097472924187726129, 0.4151624548736461695 ) ) ;
#28 = CARTESIAN_POINT ( 'NONE',  ( 2.999999999999999112, 1.494263266912956523, 67.00000000000000000 ) ) ;
#29 = ORIENTED_EDGE ( 'NONE', *, *, #5610, .F. ) ;
#30 = DIRECTION ( 'NONE',  ( 0.000000000000000000, -0.6819983600625021403, 0.7313537016191671292 ) ) ;
#31 = CARTESIAN_POINT ( 'NONE',  ( 7.002000000000005997, -17.00122895812818058, 52.27044339804667317 ) ) ;
#32 = CARTESIAN_POINT ( 'NONE',  ( 1.000000000000000888, -7.299999999999999822, 16.24526502967733421 ) ) ;
#33 = VERTEX_POINT ( 'NONE', #2480 ) ;
#34 = DIRECTION ( 'NONE',  ( 1.000000000000000000, 3.469446951953611107E-17, -0.000000000000000000 ) ) ;
#35 = AXIS2_PLACEMENT_3D ( 'NONE', #1927, #556, #4086 ) ;
#36 = DIRECTION ( 'NONE',  ( 1.000000000000000000, -6.505213034913026604E-17, 0.000000000000000000 ) ) ;
#37 = DIRECTION ( 'NONE',  ( -1.000000000000000000, -3.469446951953611107E-17, 0.000000000000000000 ) ) ;
#38 = ORIENTED_EDGE ( 'NONE', *, *, #5027, .F. ) ;
#39 = DIRECTION ( 'NONE',  ( -0.000000000000000000, -0.000000000000000000, -1.000000000000000000 ) ) ;
#40 = EDGE_LOOP ( 'NONE', ( #4385, #4718 ) ) ;
#41 = DIRECTION ( 'NONE',  ( 0.000000000000000000, 0.8917953516752835652, -0.4524390022205836415 ) ) ;
#42 = ADVANCED_FACE ( 'NONE', ( #5075 ), #1142, .T. ) ;
#43 = CYLINDRICAL_SURFACE ( 'NONE', #1095, 0.8000000000000020428 ) ;
#44 = DIRECTION ( 'NONE',  ( 0.000000000000000000, -1.000000000000000000, -2.168404344971010594E-16 ) ) ;
#45 = EDGE_CURVE ( 'NONE', #1226, #808, #602, .T. ) ;
#46 = CIRCLE ( 'NONE', #3209, 0.8000000000000003775 ) ;
#47 = FACE_OUTER_BOUND ( 'NONE', #4750, .T. ) ;
#48 = CARTESIAN_POINT ( 'NONE',  ( 0.9999999999999995559, -8.170174558805832987, 56.34168760482229743 ) ) ;
#49 = LINE ( 'NONE', #1845, #3713 ) ;
#50 = ORIENTED_EDGE ( 'NONE', *, *, #404, .F. ) ;
#51 = DIRECTION ( 'NONE',  ( 1.000000000000000000, 3.252606517456513302E-17, -2.535569890667617935E-16 ) ) ;
#52 = CIRCLE ( 'NONE', #4860, 0.8000000000000003775 ) ;
#53 = DIRECTION ( 'NONE',  ( -1.239088197126290570E-16, 1.000000000000000000, 0.000000000000000000 ) ) ;
#54 = ORIENTED_EDGE ( 'NONE', *, *, #668, .F. ) ;
#55 = AXIS2_PLACEMENT_3D ( 'NONE', #3066, #3474, #3037 ) ;
#56 = DIRECTION ( 'NONE',  ( 1.000000000000000000, 1.239088197126290570E-16, -0.000000000000000000 ) ) ;
#57 = CARTESIAN_POINT ( 'NONE',  ( 0.4999999999999982792, -7.417561391042563734, 22.72955660195331973 ) ) ;
#58 = DIRECTION ( 'NONE',  ( 0.000000000000000000, -1.000000000000000000, -2.168404344971010594E-16 ) ) ;
#59 = ORIENTED_EDGE ( 'NONE', *, *, #3352, .T. ) ;
#60 = LINE ( 'NONE', #1773, #1599 ) ;
#61 = VECTOR ( 'NONE', #5234, 1000.000000000000000 ) ;
#62 = CARTESIAN_POINT ( 'NONE',  ( 3.500000000000000444, -15.99999999999998934, -20.05000000000000426 ) ) ;
#63 = ORIENTED_EDGE ( 'NONE', *, *, #781, .F. ) ;
#64 = DIRECTION ( 'NONE',  ( 0.000000000000000000, 0.000000000000000000, 1.000000000000000000 ) ) ;
#65 = VERTEX_POINT ( 'NONE', #3748 ) ;
#66 = ORIENTED_EDGE ( 'NONE', *, *, #5390, .F. ) ;
#67 = AXIS2_PLACEMENT_3D ( 'NONE', #4747, #797, #3814 ) ;
#68 = DIRECTION ( 'NONE',  ( 0.000000000000000000, -1.000000000000000000, -2.168404344971010594E-16 ) ) ;
#69 = EDGE_CURVE ( 'NONE', #4205, #4421, #4594, .T. ) ;
#70 = DIRECTION ( 'NONE',  ( -1.000000000000000000, -3.469446951953612956E-17, 0.000000000000000000 ) ) ;
#71 = FACE_OUTER_BOUND ( 'NONE', #5111, .T. ) ;
#72 = ORIENTED_EDGE ( 'NONE', *, *, #2984, .T. ) ;
#73 = ORIENTED_EDGE ( 'NONE', *, *, #4925, .T. ) ;
#74 = LINE ( 'NONE', #1253, #102 ) ;
#75 = EDGE_CURVE ( 'NONE', #3827, #2981, #3134, .T. ) ;
#76 = DIRECTION ( 'NONE',  ( 3.469446951953611107E-17, -1.000000000000000000, 0.000000000000000000 ) ) ;
#77 = DIRECTION ( 'NONE',  ( 0.000000000000000000, 1.000000000000000000, 0.000000000000000000 ) ) ;
#78 = AXIS2_PLACEMENT_3D ( 'NONE', #4846, #3833, #3060 ) ;
#79 = VECTOR ( 'NONE', #2762, 1000.000000000000000 ) ;
#80 = ORIENTED_EDGE ( 'NONE', *, *, #1557, .F. ) ;
#81 = DIRECTION ( 'NONE',  ( 1.000000000000000000, 3.252606517456513918E-17, -0.000000000000000000 ) ) ;
#82 = CARTESIAN_POINT ( 'NONE',  ( 1.999999999999999112, -0.5000000000000065503, 62.50000000000000000 ) ) ;
#83 = VERTEX_POINT ( 'NONE', #278 ) ;
#84 = CARTESIAN_POINT ( 'NONE',  ( 0.4999999999999987232, -7.299999999999998934, 61.52191394754550657 ) ) ;
#85 = VECTOR ( 'NONE', #3663, 1000.000000000000000 ) ;
#86 = EDGE_CURVE ( 'NONE', #5272, #408, #1148, .T. ) ;
#87 = FACE_OUTER_BOUND ( 'NONE', #772, .T. ) ;
#88 = CARTESIAN_POINT ( 'NONE',  ( 1.000000000000000000, -8.921746524012673873, 18.34168760482228677 ) ) ;
#89 = ORIENTED_EDGE ( 'NONE', *, *, #2408, .F. ) ;
#90 = CARTESIAN_POINT ( 'NONE',  ( 0.9999999999999995559, -3.145898033750309075, 56.34168760482229743 ) ) ;
#91 = DIRECTION ( 'NONE',  ( 0.000000000000000000, 1.000000000000000000, 0.000000000000000000 ) ) ;
#92 = VERTEX_POINT ( 'NONE', #1571 ) ;
#93 = ORIENTED_EDGE ( 'NONE', *, *, #1639, .F. ) ;
#94 = DIRECTION ( 'NONE',  ( -1.000000000000000000, -1.239088197126290570E-16, 0.000000000000000000 ) ) ;
#95 = AXIS2_PLACEMENT_3D ( 'NONE', #1844, #2383, #2777 ) ;
#96 = VECTOR ( 'NONE', #3529, 1000.000000000000000 ) ;
#97 = VERTEX_POINT ( 'NONE', #3362 ) ;
#98 = CARTESIAN_POINT ( 'NONE',  ( 5.000000000000000000, -0.9999999999999941158, -37.00000000000000000 ) ) ;
#99 = AXIS2_PLACEMENT_3D ( 'NONE', #2213, #2182, #2154 ) ;
#100 = DIRECTION ( 'NONE',  ( -1.000000000000000000, -1.239088197126290570E-16, 0.000000000000000000 ) ) ;
#101 = ORIENTED_EDGE ( 'NONE', *, *, #2491, .F. ) ;
#102 = VECTOR ( 'NONE', #1709, 1000.000000000000000 ) ;
#103 = EDGE_CURVE ( 'NONE', #926, #2257, #3722, .T. ) ;
#104 = CARTESIAN_POINT ( 'NONE',  ( 3.499999999999995559, -22.50000000000000000, 22.04999999999999716 ) ) ;
#105 = PLANE ( 'NONE',  #3971 ) ;
#106 = LINE ( 'NONE', #3445, #125 ) ;
#107 = VECTOR ( 'NONE', #4134, 1000.000000000000000 ) ;
#108 = EDGE_LOOP ( 'NONE', ( #2059, #4996, #1473, #603, #2608, #3796, #916, #1280, #415, #863 ) ) ;
#109 = DIRECTION ( 'NONE',  ( 6.351109282876334973E-17, 1.000000000000000000, -0.000000000000000000 ) ) ;
#110 = DIRECTION ( 'NONE',  ( -1.000000000000000000, 6.505213034913025371E-17, -0.000000000000000000 ) ) ;
#111 = EDGE_CURVE ( 'NONE', #2001, #2874, #5479, .T. ) ;
#112 = VECTOR ( 'NONE', #2080, 1000.000000000000000 ) ;
#113 = ORIENTED_EDGE ( 'NONE', *, *, #3227, .T. ) ;
#114 = DIRECTION ( 'NONE',  ( 1.000000000000000000, 3.252606517456513918E-17, -0.000000000000000000 ) ) ;
#115 = ORIENTED_EDGE ( 'NONE', *, *, #2275, .T. ) ;
#116 = LINE ( 'NONE', #5264, #994 ) ;
#117 = CARTESIAN_POINT ( 'NONE',  ( 7.002000000000004221, -8.498771041871819421, 52.27044339804668027 ) ) ;
#118 = ORIENTED_EDGE ( 'NONE', *, *, #5250, .F. ) ;
#119 = EDGE_CURVE ( 'NONE', #693, #2256, #2419, .T. ) ;
#120 = CIRCLE ( 'NONE', #26, 2.050000000000003375 ) ;
#121 = CARTESIAN_POINT ( 'NONE',  ( 31.65336144876025770, 6.563277878031139601, 66.19859520899437655 ) ) ;
#122 = LINE ( 'NONE', #1859, #1069 ) ;
#123 = EDGE_CURVE ( 'NONE', #2937, #4053, #3776, .T. ) ;
#124 = ORIENTED_EDGE ( 'NONE', *, *, #2412, .F. ) ;
#125 = VECTOR ( 'NONE', #881, 1000.000000000000000 ) ;
#126 = LINE ( 'NONE', #1360, #4018 ) ;
#127 = ORIENTED_EDGE ( 'NONE', *, *, #3752, .F. ) ;
#128 = FACE_OUTER_BOUND ( 'NONE', #3161, .T. ) ;
#129 = EDGE_CURVE ( 'NONE', #3886, #801, #2950, .T. ) ;
#130 = ORIENTED_EDGE ( 'NONE', *, *, #1130, .F. ) ;
#131 = LINE ( 'NONE', #5354, #5524 ) ;
#132 = EDGE_LOOP ( 'NONE', ( #4633, #5263, #3896, #2078 ) ) ;
#133 = DIRECTION ( 'NONE',  ( -3.252606517456513918E-17, 1.000000000000000000, 0.000000000000000000 ) ) ;
#134 = LINE ( 'NONE', #4033, #3433 ) ;
#135 = PLANE ( 'NONE',  #5378 ) ;
#136 = LINE ( 'NONE', #3585, #3059 ) ;
#137 = LINE ( 'NONE', #1401, #4665 ) ;
#138 = VECTOR ( 'NONE', #4794, 1000.000000000000000 ) ;
#139 = VERTEX_POINT ( 'NONE', #5016 ) ;
#140 = CARTESIAN_POINT ( 'NONE',  ( -64.14711903867025455, -18.20000000000000639, 27.71223167968819112 ) ) ;
#141 = DIRECTION ( 'NONE',  ( 0.000000000000000000, 1.000000000000000000, 0.000000000000000000 ) ) ;
#142 = CARTESIAN_POINT ( 'NONE',  ( 0.4999999999999988343, -10.69999999999999929, 2.510525938252072707E-16 ) ) ;
#143 = EDGE_CURVE ( 'NONE', #917, #2462, #1790, .T. ) ;
#144 = ORIENTED_EDGE ( 'NONE', *, *, #434, .F. ) ;
#145 = PLANE ( 'NONE',  #2774 ) ;
#146 = FACE_OUTER_BOUND ( 'NONE', #12, .T. ) ;
#147 = ORIENTED_EDGE ( 'NONE', *, *, #527, .T. ) ;
#148 = DIRECTION ( 'NONE',  ( -1.000000000000000000, -1.239088197126290570E-16, 0.000000000000000000 ) ) ;
#149 = EDGE_CURVE ( 'NONE', #1475, #5237, #2238, .T. ) ;
#150 = VERTEX_POINT ( 'NONE', #2537 ) ;
#151 = CARTESIAN_POINT ( 'NONE',  ( 3.499999999999995115, -15.99999999999999645, 19.99999999999999289 ) ) ;
#152 = EDGE_CURVE ( 'NONE', #517, #412, #3846, .T. ) ;
#153 = FACE_OUTER_BOUND ( 'NONE', #4284, .T. ) ;
#154 = ORIENTED_EDGE ( 'NONE', *, *, #4648, .F. ) ;
#155 = ORIENTED_EDGE ( 'NONE', *, *, #2704, .F. ) ;
#156 = AXIS2_PLACEMENT_3D ( 'NONE', #1482, #2385, #3657 ) ;
#157 = CARTESIAN_POINT ( 'NONE',  ( 0.000000000000000000, -3.499999999999999556, -29.20000000000000284 ) ) ;
#158 = DIRECTION ( 'NONE',  ( 0.000000000000000000, -1.000000000000000000, 0.000000000000000000 ) ) ;
#159 = ORIENTED_EDGE ( 'NONE', *, *, #2622, .F. ) ;
#160 = CARTESIAN_POINT ( 'NONE',  ( 0.5000000000000004441, -6.499999999999992895, 56.34168760482229033 ) ) ;
#161 = CARTESIAN_POINT ( 'NONE',  ( 0.4999999999999987232, -7.299999999999998934, 27.71223167968819823 ) ) ;
#162 = ORIENTED_EDGE ( 'NONE', *, *, #20, .F. ) ;
#163 = CARTESIAN_POINT ( 'NONE',  ( 0.5000000000000004441, -7.299999999999999822, 15.44526502967733705 ) ) ;
#164 = DIRECTION ( 'NONE',  ( 0.000000000000000000, 0.000000000000000000, 1.000000000000000000 ) ) ;
#165 = PLANE ( 'NONE',  #4830 ) ;
#166 = VERTEX_POINT ( 'NONE', #371 ) ;
#167 = DIRECTION ( 'NONE',  ( 1.000000000000000000, 1.678764654171104639E-15, 3.678684285661899333E-15 ) ) ;
#168 = CARTESIAN_POINT ( 'NONE',  ( 7.002000000000005109, -9.960362833696484230, 42.90613933192072693 ) ) ;
#169 = EDGE_CURVE ( 'NONE', #919, #572, #4868, .T. ) ;
#170 = ORIENTED_EDGE ( 'NONE', *, *, #4938, .T. ) ;
#171 = CARTESIAN_POINT ( 'NONE',  ( 2.724999999999999201, -14.49999999999999645, -31.59999999999999787 ) ) ;
#172 = ORIENTED_EDGE ( 'NONE', *, *, #4510, .T. ) ;
#173 = FACE_OUTER_BOUND ( 'NONE', #3730, .T. ) ;
#174 = ORIENTED_EDGE ( 'NONE', *, *, #4947, .F. ) ;
#175 = EDGE_CURVE ( 'NONE', #2425, #623, #5135, .T. ) ;
#176 = VECTOR ( 'NONE', #4259, 1000.000000000000000 ) ;
#177 = CARTESIAN_POINT ( 'NONE',  ( 3.499999999999995115, -22.50000000000000000, 17.94999999999998863 ) ) ;
#178 = ORIENTED_EDGE ( 'NONE', *, *, #345, .T. ) ;
#179 = ADVANCED_FACE ( 'NONE', ( #251 ), #1998, .F. ) ;
#180 = VECTOR ( 'NONE', #606, 1000.000000000000000 ) ;
#181 = EDGE_CURVE ( 'NONE', #524, #3117, #2784, .T. ) ;
#182 = AXIS2_PLACEMENT_3D ( 'NONE', #3714, #2837, #3688 ) ;
#183 = VERTEX_POINT ( 'NONE', #4742 ) ;
#184 = DIRECTION ( 'NONE',  ( -1.000000000000000000, -3.469446951953611107E-17, 0.000000000000000000 ) ) ;
#185 = CARTESIAN_POINT ( 'NONE',  ( 0.000000000000000000, 6.500000000000000000, -29.19999999999999929 ) ) ;
#186 = ORIENTED_EDGE ( 'NONE', *, *, #1359, .F. ) ;
#187 = DIRECTION ( 'NONE',  ( -1.355252715606879803E-16, 1.000000000000000000, 0.000000000000000000 ) ) ;
#188 = DIRECTION ( 'NONE',  ( 0.000000000000000000, 1.000000000000000000, 0.000000000000000000 ) ) ;
#189 = ADVANCED_FACE ( 'NONE', ( #2133 ), #2624, .T. ) ;
#190 = CARTESIAN_POINT ( 'NONE',  ( 0.4999999999999995559, -18.20000000000000284, 51.08776832031181669 ) ) ;
#191 = CARTESIAN_POINT ( 'NONE',  ( 4.000000000000000000, -12.20000000000000107, -19.20000000000000639 ) ) ;
#192 = FACE_OUTER_BOUND ( 'NONE', #1481, .T. ) ;
#193 = DIRECTION ( 'NONE',  ( -1.102813343475842874E-17, 0.3390552584695135652, -0.9407664597040922283 ) ) ;
#194 = VECTOR ( 'NONE', #1554, 1000.000000000000000 ) ;
#195 = CARTESIAN_POINT ( 'NONE',  ( 0.4999999999999982792, -7.299999999999999822, 4.000000000000004441 ) ) ;
#196 = DIRECTION ( 'NONE',  ( -1.000000000000000000, -3.252606517456514535E-17, 2.535569890667616456E-16 ) ) ;
#197 = DIRECTION ( 'NONE',  ( 1.000000000000000000, 1.239088197126290570E-16, 0.000000000000000000 ) ) ;
#198 = VECTOR ( 'NONE', #834, 1000.000000000000000 ) ;
#199 = ORIENTED_EDGE ( 'NONE', *, *, #4968, .F. ) ;
#200 = FACE_OUTER_BOUND ( 'NONE', #817, .T. ) ;
#201 = AXIS2_PLACEMENT_3D ( 'NONE', #5367, #1030, #4557 ) ;
#202 = DIRECTION ( 'NONE',  ( 3.856989707383758400E-17, -0.3390552584695135097, -0.9407664597040923393 ) ) ;
#203 = ORIENTED_EDGE ( 'NONE', *, *, #4760, .T. ) ;
#204 = EDGE_LOOP ( 'NONE', ( #2800, #4533, #2032, #1301, #2689, #3438, #5554, #2567, #3049, #3570 ) ) ;
#205 = EDGE_CURVE ( 'NONE', #4192, #1547, #2955, .T. ) ;
#206 = AXIS2_PLACEMENT_3D ( 'NONE', #5041, #307, #5501 ) ;
#207 = ORIENTED_EDGE ( 'NONE', *, *, #5465, .T. ) ;
#208 = ADVANCED_FACE ( 'NONE', ( #4796 ), #2679, .T. ) ;
#209 = DIRECTION ( 'NONE',  ( -1.000000000000000000, -3.469446951953612956E-17, 0.000000000000000000 ) ) ;
#210 = LINE ( 'NONE', #4954, #2138 ) ;
#211 = EDGE_CURVE ( 'NONE', #808, #1681, #2652, .T. ) ;
#212 = DIRECTION ( 'NONE',  ( -1.355252715606883008E-16, 1.000000000000000000, 0.000000000000000000 ) ) ;
#213 = DIRECTION ( 'NONE',  ( 0.000000000000000000, -1.000000000000000000, 0.000000000000000000 ) ) ;
#214 = EDGE_CURVE ( 'NONE', #2151, #1279, #455, .T. ) ;
#215 = DIRECTION ( 'NONE',  ( -1.000000000000000000, -3.252606517456513918E-17, -2.535569890667617442E-16 ) ) ;
#216 = CYLINDRICAL_SURFACE ( 'NONE', #3964, 0.8000000000000003775 ) ;
#217 = DIRECTION ( 'NONE',  ( 1.000000000000000000, 1.239088197126290570E-16, 0.000000000000000000 ) ) ;
#218 = EDGE_CURVE ( 'NONE', #5137, #2693, #4308, .T. ) ;
#219 = VECTOR ( 'NONE', #3457, 1000.000000000000000 ) ;
#220 = CARTESIAN_POINT ( 'NONE',  ( 0.4999999999999978351, -3.499999999999999556, 67.00000000000000000 ) ) ;
#221 = CARTESIAN_POINT ( 'NONE',  ( 4.000000000000000000, -17.18133434510090396, 5.325636248092934899 ) ) ;
#222 = VECTOR ( 'NONE', #4422, 1000.000000000000000 ) ;
#223 = EDGE_LOOP ( 'NONE', ( #4825, #799, #3177, #1268 ) ) ;
#224 = VECTOR ( 'NONE', #739, 1000.000000000000000 ) ;
#225 = CYLINDRICAL_SURFACE ( 'NONE', #5224, 2.050000000000001599 ) ;
#226 = AXIS2_PLACEMENT_3D ( 'NONE', #4531, #4098, #1544 ) ;
#227 = ORIENTED_EDGE ( 'NONE', *, *, #5223, .F. ) ;
#228 = LINE ( 'NONE', #1943, #5433 ) ;
#229 = CARTESIAN_POINT ( 'NONE',  ( 3.500000000000000444, -22.49999999999999289, -20.05000000000000426 ) ) ;
#230 = DIRECTION ( 'NONE',  ( -1.000000000000000000, -0.000000000000000000, -0.000000000000000000 ) ) ;
#231 = ORIENTED_EDGE ( 'NONE', *, *, #4399, .T. ) ;
#232 = ORIENTED_EDGE ( 'NONE', *, *, #5259, .T. ) ;
#233 = VERTEX_POINT ( 'NONE', #3418 ) ;
#234 = CIRCLE ( 'NONE', #885, 0.8000000000000003775 ) ;
#235 = EDGE_LOOP ( 'NONE', ( #5382, #3882, #830, #3119 ) ) ;
#236 = EDGE_CURVE ( 'NONE', #1724, #2401, #1879, .T. ) ;
#237 = VERTEX_POINT ( 'NONE', #1294 ) ;
#238 = DIRECTION ( 'NONE',  ( 1.239088197126290570E-16, -1.000000000000000000, -1.577021341797097560E-16 ) ) ;
#239 = CYLINDRICAL_SURFACE ( 'NONE', #2865, 0.7999999999999986011 ) ;
#240 = CARTESIAN_POINT ( 'NONE',  ( 0.9999999999999995559, -8.087544543006945474, 15.34168760482228500 ) ) ;
#241 = DIRECTION ( 'NONE',  ( 0.000000000000000000, 0.000000000000000000, -1.000000000000000000 ) ) ;
#242 = EDGE_CURVE ( 'NONE', #3853, #1226, #3450, .T. ) ;
#243 = DIRECTION ( 'NONE',  ( -1.000000000000000000, -1.239088197126290817E-16, -3.024003079802225056E-33 ) ) ;
#244 = CARTESIAN_POINT ( 'NONE',  ( 0.4999999999999990563, -12.75000000000000000, 0.000000000000000000 ) ) ;
#245 = LINE ( 'NONE', #4012, #1759 ) ;
#246 = CARTESIAN_POINT ( 'NONE',  ( 0.4999999999999981681, -6.499999999999999112, -40.00100000000001188 ) ) ;
#247 = EDGE_CURVE ( 'NONE', #2144, #4082, #234, .T. ) ;
#248 = LINE ( 'NONE', #2842, #612 ) ;
#249 = EDGE_CURVE ( 'NONE', #2158, #2008, #981, .T. ) ;
#250 = ORIENTED_EDGE ( 'NONE', *, *, #2591, .F. ) ;
#251 = FACE_OUTER_BOUND ( 'NONE', #4257, .T. ) ;
#252 = VECTOR ( 'NONE', #3998, 1000.000000000000000 ) ;
#253 = AXIS2_PLACEMENT_3D ( 'NONE', #4800, #1405, #4418 ) ;
#254 = CARTESIAN_POINT ( 'NONE',  ( 0.4999999999999990563, -12.75000000000000000, 39.00000000000000000 ) ) ;
#255 = ORIENTED_EDGE ( 'NONE', *, *, #1920, .F. ) ;
#256 = AXIS2_PLACEMENT_3D ( 'NONE', #3770, #5285, #2125 ) ;
#257 = DIRECTION ( 'NONE',  ( 0.000000000000000000, 1.000000000000000000, 0.000000000000000000 ) ) ;
#258 = EDGE_CURVE ( 'NONE', #13, #2745, #4384, .T. ) ;
#259 = AXIS2_PLACEMENT_3D ( 'NONE', #4563, #1061, #4186 ) ;
#260 = LINE ( 'NONE', #2301, #5454 ) ;
#261 = CARTESIAN_POINT ( 'NONE',  ( 7.002000000000005109, -12.75000000000000000, 39.00000000000000000 ) ) ;
#262 = ORIENTED_EDGE ( 'NONE', *, *, #4445, .F. ) ;
#263 = VECTOR ( 'NONE', #2893, 1000.000000000000000 ) ;
#264 = LINE ( 'NONE', #5466, #725 ) ;
#265 = CIRCLE ( 'NONE', #3525, 0.8000000000000003775 ) ;
#266 = FACE_OUTER_BOUND ( 'NONE', #4358, .T. ) ;
#267 = LINE ( 'NONE', #4316, #4051 ) ;
#268 = LINE ( 'NONE', #2805, #4482 ) ;
#269 = LINE ( 'NONE', #1988, #3615 ) ;
#270 = DIRECTION ( 'NONE',  ( 0.000000000000000000, 1.000000000000000000, 0.000000000000000000 ) ) ;
#271 = CYLINDRICAL_SURFACE ( 'NONE', #4174, 0.8000000000000003775 ) ;
#272 = ORIENTED_EDGE ( 'NONE', *, *, #1617, .T. ) ;
#273 = ORIENTED_EDGE ( 'NONE', *, *, #3674, .F. ) ;
#274 = LINE ( 'NONE', #2018, #2727 ) ;
#275 = EDGE_CURVE ( 'NONE', #1663, #4181, #3139, .T. ) ;
#276 = LINE ( 'NONE', #2418, #2234 ) ;
#277 = ORIENTED_EDGE ( 'NONE', *, *, #3042, .F. ) ;
#278 = CARTESIAN_POINT ( 'NONE',  ( 0.4999999999999995559, -18.20000000000000639, 64.93639844763217184 ) ) ;
#279 = CARTESIAN_POINT ( 'NONE',  ( 7.002000000000006885, -18.20000000000000284, 51.08776832031181669 ) ) ;
#280 = ORIENTED_EDGE ( 'NONE', *, *, #737, .F. ) ;
#281 = VECTOR ( 'NONE', #2578, 1000.000000000000000 ) ;
#282 = EDGE_CURVE ( 'NONE', #1636, #2683, #1404, .T. ) ;
#283 = DIRECTION ( 'NONE',  ( 1.000000000000000000, 3.252606517456513918E-17, 0.000000000000000000 ) ) ;
#284 = VERTEX_POINT ( 'NONE', #32 ) ;
#285 = VECTOR ( 'NONE', #4749, 1000.000000000000000 ) ;
#286 = LINE ( 'NONE', #4465, #3267 ) ;
#287 = LINE ( 'NONE', #348, #4457 ) ;
#288 = VERTEX_POINT ( 'NONE', #1769 ) ;
#289 = VERTEX_POINT ( 'NONE', #3956 ) ;
#290 = EDGE_CURVE ( 'NONE', #83, #955, #615, .T. ) ;
#291 = CIRCLE ( 'NONE', #4922, 0.7999999999999986011 ) ;
#292 = ORIENTED_EDGE ( 'NONE', *, *, #3723, .T. ) ;
#293 = ORIENTED_EDGE ( 'NONE', *, *, #4772, .T. ) ;
#294 = VERTEX_POINT ( 'NONE', #5292 ) ;
#295 = ORIENTED_EDGE ( 'NONE', *, *, #1649, .F. ) ;
#296 = VECTOR ( 'NONE', #998, 1000.000000000000000 ) ;
#297 = DIRECTION ( 'NONE',  ( 0.000000000000000000, -1.000000000000000000, 0.000000000000000000 ) ) ;
#298 = AXIS2_PLACEMENT_3D ( 'NONE', #4278, #5537, #1660 ) ;
#299 = DIRECTION ( 'NONE',  ( 1.000000000000000000, 1.239088197126290817E-16, -0.000000000000000000 ) ) ;
#300 = LINE ( 'NONE', #5494, #2262 ) ;
#301 = ORIENTED_EDGE ( 'NONE', *, *, #4739, .F. ) ;
#302 = PLANE ( 'NONE',  #2561 ) ;
#303 = PLANE ( 'NONE',  #365 ) ;
#304 = LINE ( 'NONE', #3802, #5202 ) ;
#305 = ORIENTED_EDGE ( 'NONE', *, *, #953, .T. ) ;
#306 = ORIENTED_EDGE ( 'NONE', *, *, #2167, .F. ) ;
#307 = DIRECTION ( 'NONE',  ( 0.000000000000000000, -1.577021341797097560E-16, -1.000000000000000000 ) ) ;
#308 = CARTESIAN_POINT ( 'NONE',  ( 0.4999999999999981681, -6.499999999999999112, 50.28776832031179822 ) ) ;
#309 = ORIENTED_EDGE ( 'NONE', *, *, #3201, .F. ) ;
#310 = CARTESIAN_POINT ( 'NONE',  ( 2.999999999999999112, 3.805842560179955480, 69.15558256377492796 ) ) ;
#311 = EDGE_CURVE ( 'NONE', #560, #4694, #403, .T. ) ;
#312 = DIRECTION ( 'NONE',  ( -1.000000000000000000, -3.252606517456513918E-17, 0.000000000000000000 ) ) ;
#313 = FACE_OUTER_BOUND ( 'NONE', #661, .T. ) ;
#314 = DIRECTION ( 'NONE',  ( 0.000000000000000000, 0.000000000000000000, -1.000000000000000000 ) ) ;
#315 = VECTOR ( 'NONE', #1082, 1000.000000000000000 ) ;
#316 = ORIENTED_EDGE ( 'NONE', *, *, #1945, .F. ) ;
#317 = EDGE_CURVE ( 'NONE', #5298, #2060, #3841, .T. ) ;
#318 = DIRECTION ( 'NONE',  ( 4.499821325281052802E-17, -0.3390552584695131766, 0.9407664597040923393 ) ) ;
#319 = VECTOR ( 'NONE', #51, 1000.000000000000000 ) ;
#320 = ORIENTED_EDGE ( 'NONE', *, *, #5595, .F. ) ;
#321 = AXIS2_PLACEMENT_3D ( 'NONE', #5551, #2857, #5468 ) ;
#322 = CARTESIAN_POINT ( 'NONE',  ( 0.4999999999999987232, -10.42530236141373834, 42.25511610993393674 ) ) ;
#323 = ORIENTED_EDGE ( 'NONE', *, *, #1308, .F. ) ;
#324 = EDGE_LOOP ( 'NONE', ( #262, #4547, #4246, #2997 ) ) ;
#325 = EDGE_CURVE ( 'NONE', #2825, #910, #3512, .T. ) ;
#326 = VERTEX_POINT ( 'NONE', #2388 ) ;
#327 = LINE ( 'NONE', #1559, #4436 ) ;
#328 = CARTESIAN_POINT ( 'NONE',  ( 1.000000000000000888, -14.54981716550029525, 65.20000000000000284 ) ) ;
#329 =( LENGTH_UNIT ( ) NAMED_UNIT ( * ) SI_UNIT ( .MILLI., .METRE. ) );
#330 = ORIENTED_EDGE ( 'NONE', *, *, #5259, .F. ) ;
#331 = EDGE_LOOP ( 'NONE', ( #465, #1643, #886, #4848 ) ) ;
#332 = EDGE_CURVE ( 'NONE', #2267, #5583, #1626, .T. ) ;
#333 = CYLINDRICAL_SURFACE ( 'NONE', #2738, 1.649999999999998579 ) ;
#334 = CARTESIAN_POINT ( 'NONE',  ( 0.4999999999999983902, -8.318665654899097817, 17.01605135672935631 ) ) ;
#335 = DIRECTION ( 'NONE',  ( 0.000000000000000000, -1.000000000000000000, 1.577021341797097560E-16 ) ) ;
#336 = VECTOR ( 'NONE', #4233, 1000.000000000000000 ) ;
#337 = FACE_BOUND ( 'NONE', #962, .T. ) ;
#338 = FACE_OUTER_BOUND ( 'NONE', #3931, .T. ) ;
#339 = ORIENTED_EDGE ( 'NONE', *, *, #1583, .F. ) ;
#340 = CARTESIAN_POINT ( 'NONE',  ( 0.4999999999999990563, -12.75000000000000000, 39.00000000000000000 ) ) ;
#341 = DIRECTION ( 'NONE',  ( -1.000000000000000000, -3.252606517456513918E-17, -2.535569890667617442E-16 ) ) ;
#342 = VERTEX_POINT ( 'NONE', #190 ) ;
#343 = CARTESIAN_POINT ( 'NONE',  ( 0.4999999999999981681, -6.499999999999999112, 27.71223167968819823 ) ) ;
#344 = DIRECTION ( 'NONE',  ( -1.000000000000000000, -1.239088197126290324E-16, 1.954068531237048912E-32 ) ) ;
#345 = EDGE_CURVE ( 'NONE', #572, #575, #904, .T. ) ;
#346 = ORIENTED_EDGE ( 'NONE', *, *, #3109, .F. ) ;
#347 = CARTESIAN_POINT ( 'NONE',  ( 0.5000000000000004441, -19.00000000000000355, 50.28776832031181243 ) ) ;
#348 = CARTESIAN_POINT ( 'NONE',  ( 7.000000000000000000, 1.959434878635765230E-16, -1.600000000000000089 ) ) ;
#349 = ORIENTED_EDGE ( 'NONE', *, *, #624, .T. ) ;
#350 = VECTOR ( 'NONE', #1963, 1000.000000000000000 ) ;
#351 = ADVANCED_FACE ( 'NONE', ( #4092 ), #2706, .F. ) ;
#352 = ORIENTED_EDGE ( 'NONE', *, *, #3319, .F. ) ;
#353 = ORIENTED_EDGE ( 'NONE', *, *, #5223, .T. ) ;
#354 = ORIENTED_EDGE ( 'NONE', *, *, #966, .F. ) ;
#355 = DIRECTION ( 'NONE',  ( -0.000000000000000000, 1.000000000000000000, -0.000000000000000000 ) ) ;
#356 = AXIS2_PLACEMENT_3D ( 'NONE', #1114, #4537, #2426 ) ;
#357 = ADVANCED_FACE ( 'NONE', ( #4885 ), #5365, .F. ) ;
#358 = CARTESIAN_POINT ( 'NONE',  ( -64.14711903867025455, -8.921746524012680979, 18.34168760482228322 ) ) ;
#359 = ORIENTED_EDGE ( 'NONE', *, *, #3465, .F. ) ;
#360 = EDGE_CURVE ( 'NONE', #3867, #1663, #3562, .T. ) ;
#361 = CARTESIAN_POINT ( 'NONE',  ( 5.000000000000000000, 1.959434878635765230E-16, -1.600000000000000089 ) ) ;
#362 = ORIENTED_EDGE ( 'NONE', *, *, #2375, .T. ) ;
#363 = FACE_OUTER_BOUND ( 'NONE', #2372, .T. ) ;
#364 = VECTOR ( 'NONE', #2156, 1000.000000000000000 ) ;
#365 = AXIS2_PLACEMENT_3D ( 'NONE', #2041, #2564, #1566 ) ;
#366 = CARTESIAN_POINT ( 'NONE',  ( 0.5000000000000005551, -13.00000000000000178, -18.40000000000000568 ) ) ;
#367 = FACE_OUTER_BOUND ( 'NONE', #2249, .T. ) ;
#368 = DIRECTION ( 'NONE',  ( 1.000000000000000000, 3.252606517456513918E-17, -0.000000000000000000 ) ) ;
#369 = EDGE_CURVE ( 'NONE', #3509, #4807, #5313, .T. ) ;
#370 = CARTESIAN_POINT ( 'NONE',  ( 4.225000000000000533, -13.99999999999999645, -34.20000000000000284 ) ) ;
#371 = CARTESIAN_POINT ( 'NONE',  ( 5.000000000000000000, -3.000000000000000000, -19.60000000000000497 ) ) ;
#372 = ORIENTED_EDGE ( 'NONE', *, *, #45, .T. ) ;
#373 = FILL_AREA_STYLE_COLOUR ( '', #3286 ) ;
#374 = AXIS2_PLACEMENT_3D ( 'NONE', #2208, #2995, #2670 ) ;
#375 = ORIENTED_EDGE ( 'NONE', *, *, #4187, .F. ) ;
#376 = DIRECTION ( 'NONE',  ( -1.000000000000000000, 6.505213034913025371E-17, -0.000000000000000000 ) ) ;
#377 = CARTESIAN_POINT ( 'NONE',  ( 5.000000000000000888, 2.654351659482301784, 70.39040537556121535 ) ) ;
#378 = ORIENTED_EDGE ( 'NONE', *, *, #5357, .T. ) ;
#379 = CARTESIAN_POINT ( 'NONE',  ( 3.499999999999995115, -15.99999999999999645, 19.99999999999999289 ) ) ;
#380 = VERTEX_POINT ( 'NONE', #1908 ) ;
#381 = CARTESIAN_POINT ( 'NONE',  ( 1.999999999999999112, 4.000000000000000000, 56.31534156157350424 ) ) ;
#382 = ORIENTED_EDGE ( 'NONE', *, *, #1899, .T. ) ;
#383 = ORIENTED_EDGE ( 'NONE', *, *, #3358, .T. ) ;
#384 = VECTOR ( 'NONE', #5050, 1000.000000000000000 ) ;
#385 = AXIS2_PLACEMENT_3D ( 'NONE', #3701, #4845, #3284 ) ;
#386 = EDGE_LOOP ( 'NONE', ( #3756, #4078, #5243, #428 ) ) ;
#387 = EDGE_LOOP ( 'NONE', ( #3440, #662, #1094, #3558, #4327, #416 ) ) ;
#388 = EDGE_CURVE ( 'NONE', #5199, #2462, #2309, .T. ) ;
#389 = FACE_OUTER_BOUND ( 'NONE', #4907, .T. ) ;
#390 = CARTESIAN_POINT ( 'NONE',  ( 1.000000000000000000, -15.96394253386069728, 24.65831239517770612 ) ) ;
#391 = VECTOR ( 'NONE', #3728, 1000.000000000000000 ) ;
#392 = CARTESIAN_POINT ( 'NONE',  ( 0.4999999999999989453, -11.65374246116384782, 43.51643879716585417 ) ) ;
#393 = AXIS2_PLACEMENT_3D ( 'NONE', #1222, #5499, #3771 ) ;
#394 = EDGE_CURVE ( 'NONE', #684, #2120, #591, .T. ) ;
#395 = CIRCLE ( 'NONE', #1578, 0.7999999999999986011 ) ;
#396 = CARTESIAN_POINT ( 'NONE',  ( 0.4999999999999981681, -6.499999999999999112, -40.00100000000001188 ) ) ;
#397 = EDGE_CURVE ( 'NONE', #4003, #1065, #1932, .T. ) ;
#398 = CARTESIAN_POINT ( 'NONE',  ( 3.500000000000000888, -22.49999999999999289, -15.95000000000000639 ) ) ;
#399 = PLANE ( 'NONE',  #2924 ) ;
#400 = EDGE_LOOP ( 'NONE', ( #2583, #585 ) ) ;
#401 = DIRECTION ( 'NONE',  ( 1.000000000000000000, 1.239088197126290570E-16, 0.000000000000000000 ) ) ;
#402 = CARTESIAN_POINT ( 'NONE',  ( -4.501000000000007439, 4.000000000000000000, -28.57413601349979260 ) ) ;
#403 = LINE ( 'NONE', #3116, #3672 ) ;
#404 = EDGE_CURVE ( 'NONE', #3260, #452, #3430, .T. ) ;
#405 = CARTESIAN_POINT ( 'NONE',  ( 0.000000000000000000, -22.50000000000000000, -8.076152778450535569E-15 ) ) ;
#406 = DIRECTION ( 'NONE',  ( -1.355252715606883008E-16, 1.000000000000000000, 0.000000000000000000 ) ) ;
#407 = CARTESIAN_POINT ( 'NONE',  ( 7.001000000000008328, -10.50000000000000178, 71.00000000000000000 ) ) ;
#408 = VERTEX_POINT ( 'NONE', #1960 ) ;
#409 = CARTESIAN_POINT ( 'NONE',  ( 0.000000000000000000, 4.000000000000000000, -28.57413601349979970 ) ) ;
#410 = AXIS2_PLACEMENT_3D ( 'NONE', #1796, #1431, #5312 ) ;
#411 = CARTESIAN_POINT ( 'NONE',  ( 3.500000000000000000, -22.50000000000001066, 57.99999999999998579 ) ) ;
#412 = VERTEX_POINT ( 'NONE', #3985 ) ;
#413 = VECTOR ( 'NONE', #2318, 1000.000000000000000 ) ;
#414 = CARTESIAN_POINT ( 'NONE',  ( 2.724999999999999645, -10.99999999999999822, -34.20000000000000284 ) ) ;
#415 = ORIENTED_EDGE ( 'NONE', *, *, #3800, .F. ) ;
#416 = ORIENTED_EDGE ( 'NONE', *, *, #5261, .T. ) ;
#417 = AXIS2_PLACEMENT_3D ( 'NONE', #650, #196, #4076 ) ;
#418 = ORIENTED_EDGE ( 'NONE', *, *, #508, .F. ) ;
#419 = ORIENTED_EDGE ( 'NONE', *, *, #2139, .T. ) ;
#420 = CARTESIAN_POINT ( 'NONE',  ( 3.500000000000000000, -22.50000000000001066, 55.94999999999998153 ) ) ;
#421 = VECTOR ( 'NONE', #5502, 1000.000000000000000 ) ;
#422 = FACE_OUTER_BOUND ( 'NONE', #4380, .T. ) ;
#423 = CARTESIAN_POINT ( 'NONE',  ( 7.001000000000005663, -12.75000000000000000, 0.000000000000000000 ) ) ;
#424 = ORIENTED_EDGE ( 'NONE', *, *, #3541, .F. ) ;
#425 = CARTESIAN_POINT ( 'NONE',  ( 0.4999999999999995559, -16.57825347598732790, 4.800000000000004263 ) ) ;
#426 = VECTOR ( 'NONE', #826, 999.9999999999998863 ) ;
#427 = CYLINDRICAL_SURFACE ( 'NONE', #658, 3.999999999999998224 ) ;
#428 = ORIENTED_EDGE ( 'NONE', *, *, #5496, .T. ) ;
#429 = ORIENTED_EDGE ( 'NONE', *, *, #768, .T. ) ;
#430 = DIRECTION ( 'NONE',  ( -0.000000000000000000, -1.000000000000000000, -2.168404344971010840E-16 ) ) ;
#431 = DIRECTION ( 'NONE',  ( -1.000000000000000000, 0.000000000000000000, -0.000000000000000000 ) ) ;
#432 = ADVANCED_FACE ( 'NONE', ( #3220 ), #1880, .F. ) ;
#433 = DIRECTION ( 'NONE',  ( 0.000000000000000000, 0.000000000000000000, 1.000000000000000000 ) ) ;
#434 = EDGE_CURVE ( 'NONE', #986, #150, #3243, .T. ) ;
#435 = VECTOR ( 'NONE', #3240, 1000.000000000000000 ) ;
#436 = CARTESIAN_POINT ( 'NONE',  ( 1.000000000000000888, -17.32982544119416701, 55.54168760482228606 ) ) ;
#437 = CARTESIAN_POINT ( 'NONE',  ( 3.000000000000000000, -22.50000000000001066, 67.00000000000000000 ) ) ;
#438 = EDGE_CURVE ( 'NONE', #380, #1555, #4070, .T. ) ;
#439 = ORIENTED_EDGE ( 'NONE', *, *, #143, .T. ) ;
#440 = DIRECTION ( 'NONE',  ( -1.000000000000000000, -3.252606517456513918E-17, 0.000000000000000000 ) ) ;
#441 = VERTEX_POINT ( 'NONE', #1852 ) ;
#442 = VERTEX_POINT ( 'NONE', #5392 ) ;
#443 = LINE ( 'NONE', #414, #4320 ) ;
#444 = VECTOR ( 'NONE', #3312, 1000.000000000000114 ) ;
#445 = CARTESIAN_POINT ( 'NONE',  ( 1.000000000000000000, -7.661951201776465936, 60.80847766620527750 ) ) ;
#446 = LINE ( 'NONE', #3439, #1938 ) ;
#447 = ORIENTED_EDGE ( 'NONE', *, *, #4080, .F. ) ;
#448 = LINE ( 'NONE', #2617, #4987 ) ;
#449 = DIRECTION ( 'NONE',  ( -0.000000000000000000, 0.000000000000000000, 1.000000000000000000 ) ) ;
#450 = LINE ( 'NONE', #5415, #4463 ) ;
#451 = ORIENTED_EDGE ( 'NONE', *, *, #5419, .T. ) ;
#452 = VERTEX_POINT ( 'NONE', #1512 ) ;
#453 = FACE_OUTER_BOUND ( 'NONE', #4464, .T. ) ;
#454 = DIRECTION ( 'NONE',  ( -1.355252715606879803E-16, 1.000000000000000000, 0.000000000000000000 ) ) ;
#455 = LINE ( 'NONE', #1375, #3656 ) ;
#456 = CARTESIAN_POINT ( 'NONE',  ( 4.000000000000000000, -8.087544543006945474, 15.34168760482228500 ) ) ;
#457 = EDGE_CURVE ( 'NONE', #2060, #1003, #2187, .T. ) ;
#458 = AXIS2_PLACEMENT_3D ( 'NONE', #583, #3629, #2329 ) ;
#459 = DIRECTION ( 'NONE',  ( 1.000000000000000000, 3.252606517456513918E-17, 4.636167053988475974E-17 ) ) ;
#460 = CARTESIAN_POINT ( 'NONE',  ( 4.000000000000000000, -13.09364437107287316, 43.78768300394146706 ) ) ;
#461 = AXIS2_PLACEMENT_3D ( 'NONE', #4147, #5557, #5497 ) ;
#462 = ORIENTED_EDGE ( 'NONE', *, *, #3631, .F. ) ;
#463 = FACE_OUTER_BOUND ( 'NONE', #1492, .T. ) ;
#464 = EDGE_CURVE ( 'NONE', #2243, #3677, #2785, .T. ) ;
#465 = ORIENTED_EDGE ( 'NONE', *, *, #5155, .T. ) ;
#466 = DIRECTION ( 'NONE',  ( -1.000000000000000000, -0.000000000000000000, -0.000000000000000000 ) ) ;
#467 = ORIENTED_EDGE ( 'NONE', *, *, #3544, .F. ) ;
#468 = EDGE_CURVE ( 'NONE', #808, #3076, #5420, .T. ) ;
#469 = DIRECTION ( 'NONE',  ( 1.000000000000000000, 1.239088197126290570E-16, 1.904444227198434433E-33 ) ) ;
#470 = DIRECTION ( 'NONE',  ( 3.469446951953612956E-17, -1.000000000000000000, 0.000000000000000000 ) ) ;
#471 = CARTESIAN_POINT ( 'NONE',  ( 4.225000000000000533, -13.99999999999999822, -19.59999999999999787 ) ) ;
#472 = CIRCLE ( 'NONE', #1206, 0.7999999999999986011 ) ;
#473 = LINE ( 'NONE', #907, #1090 ) ;
#474 = UNCERTAINTY_MEASURE_WITH_UNIT (LENGTH_MEASURE( 1.000000000000000082E-05 ), #329, 'distance_accuracy_value', 'NONE');
#475 = CARTESIAN_POINT ( 'NONE',  ( 7.000000000000000000, 6.500000000000000000, -29.19999999999999929 ) ) ;
#476 = ORIENTED_EDGE ( 'NONE', *, *, #2782, .T. ) ;
#477 = LINE ( 'NONE', #4441, #3933 ) ;
#478 = CIRCLE ( 'NONE', #4641, 0.7999999999999986011 ) ;
#479 = VECTOR ( 'NONE', #1194, 1000.000000000000000 ) ;
#480 = LINE ( 'NONE', #2218, #5581 ) ;
#481 = DIRECTION ( 'NONE',  ( 1.000000000000000000, 3.252606517456513918E-17, -0.000000000000000000 ) ) ;
#482 = ORIENTED_EDGE ( 'NONE', *, *, #3610, .F. ) ;
#483 = CARTESIAN_POINT ( 'NONE',  ( -4.501000000000007439, 3.999999999999998224, 60.85000000000000142 ) ) ;
#484 = VECTOR ( 'NONE', #5386, 1000.000000000000000 ) ;
#485 = ORIENTED_EDGE ( 'NONE', *, *, #5400, .T. ) ;
#486 = VECTOR ( 'NONE', #3925, 1000.000000000000000 ) ;
#487 = LINE ( 'NONE', #2684, #2409 ) ;
#488 = DIRECTION ( 'NONE',  ( -0.000000000000000000, -1.000000000000000000, -2.168404344971010840E-16 ) ) ;
#489 = ADVANCED_FACE ( 'NONE', ( #4121 ), #1592, .T. ) ;
#490 = VECTOR ( 'NONE', #4213, 1000.000000000000114 ) ;
#491 = ORIENTED_EDGE ( 'NONE', *, *, #2704, .T. ) ;
#492 = ORIENTED_EDGE ( 'NONE', *, *, #5376, .F. ) ;
#493 = FACE_OUTER_BOUND ( 'NONE', #5553, .T. ) ;
#494 = VERTEX_POINT ( 'NONE', #5037 ) ;
#495 = DIRECTION ( 'NONE',  ( 0.000000000000000000, -1.000000000000000000, 0.000000000000000000 ) ) ;
#496 = ADVANCED_FACE ( 'NONE', ( #786 ), #333, .F. ) ;
#497 = CARTESIAN_POINT ( 'NONE',  ( 1.000000000000000000, -7.163260966291186804, 18.34168760482228322 ) ) ;
#498 = DIRECTION ( 'NONE',  ( -1.000000000000000000, -3.252606517456513918E-17, 0.000000000000000000 ) ) ;
#499 = DIRECTION ( 'NONE',  ( 1.000000000000000000, -0.000000000000000000, -0.000000000000000000 ) ) ;
#500 = AXIS2_PLACEMENT_3D ( 'NONE', #3226, #1107, #649 ) ;
#501 = CARTESIAN_POINT ( 'NONE',  ( 4.000000000000000000, -4.499999999999999112, -4.800000000000000711 ) ) ;
#502 = DIRECTION ( 'NONE',  ( -1.000000000000000000, -1.239088197126290570E-16, 0.000000000000000000 ) ) ;
#503 = AXIS2_PLACEMENT_3D ( 'NONE', #1615, #3764, #5521 ) ;
#504 = AXIS2_PLACEMENT_3D ( 'NONE', #5399, #1521, #3228 ) ;
#505 = CARTESIAN_POINT ( 'NONE',  ( 0.5000000000000014433, -14.54981716550029525, 66.00000000000000000 ) ) ;
#506 = CIRCLE ( 'NONE', #3649, 4.499999999999997335 ) ;
#507 = DIRECTION ( 'NONE',  ( 0.000000000000000000, -1.000000000000000000, 0.000000000000000000 ) ) ;
#508 = EDGE_CURVE ( 'NONE', #5215, #4128, #1159, .T. ) ;
#509 = AXIS2_PLACEMENT_3D ( 'NONE', #5597, #2601, #3927 ) ;
#510 = DIRECTION ( 'NONE',  ( 0.000000000000000000, 1.000000000000000000, 0.000000000000000000 ) ) ;
#511 = DIRECTION ( 'NONE',  ( -1.000000000000000000, 0.000000000000000000, 0.000000000000000000 ) ) ;
#512 = ORIENTED_EDGE ( 'NONE', *, *, #4938, .F. ) ;
#513 = CARTESIAN_POINT ( 'NONE',  ( 5.000000000000000000, 0.000000000000000000, -18.39999999999999858 ) ) ;
#514 = CYLINDRICAL_SURFACE ( 'NONE', #4215, 2.050000000000010036 ) ;
#515 = EDGE_LOOP ( 'NONE', ( #4403, #2343, #4050, #3106 ) ) ;
#516 = AXIS2_PLACEMENT_3D ( 'NONE', #2765, #4478, #4892 ) ;
#517 = VERTEX_POINT ( 'NONE', #2040 ) ;
#518 = CARTESIAN_POINT ( 'NONE',  ( 1.999999999999999112, 6.499999999999996447, 4.000000000000000888 ) ) ;
#519 = ORIENTED_EDGE ( 'NONE', *, *, #3156, .T. ) ;
#520 = EDGE_CURVE ( 'NONE', #1182, #5030, #5064, .T. ) ;
#521 = CARTESIAN_POINT ( 'NONE',  ( 0.5000000000000018874, -18.20000000000000284, 59.65831239517768836 ) ) ;
#522 = CARTESIAN_POINT ( 'NONE',  ( 7.002000000000006885, -18.20000000000000284, 50.28776832031181243 ) ) ;
#523 = AXIS2_PLACEMENT_3D ( 'NONE', #3216, #5440, #2756 ) ;
#524 = VERTEX_POINT ( 'NONE', #3798 ) ;
#525 = ADVANCED_FACE ( 'NONE', ( #363 ), #670, .F. ) ;
#526 = ORIENTED_EDGE ( 'NONE', *, *, #2198, .T. ) ;
#527 = EDGE_CURVE ( 'NONE', #4082, #5272, #269, .T. ) ;
#528 = DIRECTION ( 'NONE',  ( 1.000000000000000000, 1.239088197126290570E-16, 0.000000000000000000 ) ) ;
#529 = DIRECTION ( 'NONE',  ( 0.000000000000000000, 0.000000000000000000, -1.000000000000000000 ) ) ;
#530 = DIRECTION ( 'NONE',  ( -1.000000000000000000, -1.239088197126290570E-16, 0.000000000000000000 ) ) ;
#531 = EDGE_CURVE ( 'NONE', #183, #5151, #5472, .T. ) ;
#532 = AXIS2_PLACEMENT_3D ( 'NONE', #4985, #4011, #4093 ) ;
#533 = DIRECTION ( 'NONE',  ( 0.000000000000000000, 1.000000000000000000, 0.000000000000000000 ) ) ;
#534 = DIRECTION ( 'NONE',  ( -1.000000000000000000, -3.252606517456513918E-17, 0.000000000000000000 ) ) ;
#535 = CIRCLE ( 'NONE', #805, 2.000000000000001776 ) ;
#536 = ORIENTED_EDGE ( 'NONE', *, *, #935, .F. ) ;
#537 = DIRECTION ( 'NONE',  ( 1.000000000000000000, 1.239088197126290570E-16, 0.000000000000000000 ) ) ;
#538 = CARTESIAN_POINT ( 'NONE',  ( 7.002000000000004221, -9.536057466139306271, 25.65831239517770612 ) ) ;
#539 = DIRECTION ( 'NONE',  ( -1.239088197126290570E-16, 1.000000000000000000, 0.000000000000000000 ) ) ;
#540 = EDGE_LOOP ( 'NONE', ( #3077, #73, #2710, #277 ) ) ;
#541 = EDGE_CURVE ( 'NONE', #4053, #2590, #3740, .T. ) ;
#542 = DIRECTION ( 'NONE',  ( -1.000000000000000000, -0.000000000000000000, -0.000000000000000000 ) ) ;
#543 = CARTESIAN_POINT ( 'NONE',  ( 0.4999999999999995559, -15.53963716630351577, 42.90613933192071983 ) ) ;
#544 = VERTEX_POINT ( 'NONE', #1102 ) ;
#545 = ORIENTED_EDGE ( 'NONE', *, *, #4151, .F. ) ;
#546 = LINE ( 'NONE', #2744, #5116 ) ;
#547 = ORIENTED_EDGE ( 'NONE', *, *, #4835, .T. ) ;
#548 = CARTESIAN_POINT ( 'NONE',  ( -64.14711903867025455, -17.32982544119417412, 55.54168760482228606 ) ) ;
#549 = ORIENTED_EDGE ( 'NONE', *, *, #4875, .F. ) ;
#550 = DIRECTION ( 'NONE',  ( -0.000000000000000000, 0.000000000000000000, 1.000000000000000000 ) ) ;
#551 = ORIENTED_EDGE ( 'NONE', *, *, #5426, .T. ) ;
#552 = EDGE_CURVE ( 'NONE', #841, #2856, #4814, .T. ) ;
#553 = LINE ( 'NONE', #2752, #5545 ) ;
#554 = CYLINDRICAL_SURFACE ( 'NONE', #458, 0.7999999999999986011 ) ;
#555 = AXIS2_PLACEMENT_3D ( 'NONE', #2903, #2056, #1209 ) ;
#556 = DIRECTION ( 'NONE',  ( -1.000000000000000000, -1.239088197126290570E-16, 0.000000000000000000 ) ) ;
#557 = ORIENTED_EDGE ( 'NONE', *, *, #2952, .F. ) ;
#558 = CARTESIAN_POINT ( 'NONE',  ( 0.4999999999999979461, -4.500000000000000000, -4.800000000000000711 ) ) ;
#559 = DIRECTION ( 'NONE',  ( 1.000000000000000000, 1.239088197126290570E-16, 0.000000000000000000 ) ) ;
#560 = VERTEX_POINT ( 'NONE', #2413 ) ;
#561 = ADVANCED_FACE ( 'NONE', ( #2471 ), #5097, .F. ) ;
#562 = DIRECTION ( 'NONE',  ( 0.000000000000000000, 0.000000000000000000, 1.000000000000000000 ) ) ;
#563 = ORIENTED_EDGE ( 'NONE', *, *, #1987, .F. ) ;
#564 = CARTESIAN_POINT ( 'NONE',  ( 0.5000000000000023315, -22.50000000000001066, 67.00000000000000000 ) ) ;
#565 = FACE_OUTER_BOUND ( 'NONE', #4689, .T. ) ;
#566 = ORIENTED_EDGE ( 'NONE', *, *, #2966, .F. ) ;
#567 = VECTOR ( 'NONE', #1594, 1000.000000000000000 ) ;
#568 = LINE ( 'NONE', #4333, #965 ) ;
#569 = ADVANCED_FACE ( 'NONE', ( #4175 ), #1220, .F. ) ;
#570 = CARTESIAN_POINT ( 'NONE',  ( 1.000000000000000000, -18.20000000000000639, 14.54168760482228606 ) ) ;
#571 = ADVANCED_FACE ( 'NONE', ( #2864 ), #302, .F. ) ;
#572 = VERTEX_POINT ( 'NONE', #3323 ) ;
#573 = DIRECTION ( 'NONE',  ( -1.000000000000000000, -1.239088197126290570E-16, 0.000000000000000000 ) ) ;
#574 = VECTOR ( 'NONE', #376, 1000.000000000000000 ) ;
#575 = VERTEX_POINT ( 'NONE', #1192 ) ;
#576 = FACE_OUTER_BOUND ( 'NONE', #2934, .T. ) ;
#577 = CYLINDRICAL_SURFACE ( 'NONE', #5457, 0.8000000000000003775 ) ;
#578 = ORIENTED_EDGE ( 'NONE', *, *, #103, .F. ) ;
#579 = ORIENTED_EDGE ( 'NONE', *, *, #3182, .F. ) ;
#580 = STYLED_ITEM ( 'NONE', ( #5567 ), #1403 ) ;
#581 = CARTESIAN_POINT ( 'NONE',  ( 0.5000000000000004441, -19.00000000000000355, 4.000000000000002665 ) ) ;
#582 = ORIENTED_EDGE ( 'NONE', *, *, #798, .F. ) ;
#583 = CARTESIAN_POINT ( 'NONE',  ( 7.002000000000003332, -7.299999999999998934, 27.71223167968819823 ) ) ;
#584 = CARTESIAN_POINT ( 'NONE',  ( 0.000000000000000000, 0.000000000000000000, 0.000000000000000000 ) ) ;
#585 = ORIENTED_EDGE ( 'NONE', *, *, #1657, .F. ) ;
#586 = DIRECTION ( 'NONE',  ( -1.000000000000000000, 0.000000000000000000, 0.000000000000000000 ) ) ;
#587 = ADVANCED_FACE ( 'NONE', ( #4643 ), #753, .F. ) ;
#588 = CARTESIAN_POINT ( 'NONE',  ( 4.225000000000000533, 0.000000000000000000, 0.000000000000000000 ) ) ;
#589 = VECTOR ( 'NONE', #4144, 1000.000000000000000 ) ;
#590 = ORIENTED_EDGE ( 'NONE', *, *, #527, .F. ) ;
#591 = LINE ( 'NONE', #3172, #4435 ) ;
#592 = CARTESIAN_POINT ( 'NONE',  ( 1.000000000000000000, -15.96394253386069728, 25.65831239517770612 ) ) ;
#593 = PLANE ( 'NONE',  #2207 ) ;
#594 = ORIENTED_EDGE ( 'NONE', *, *, #2024, .F. ) ;
#595 = VECTOR ( 'NONE', #1519, 1000.000000000000000 ) ;
#596 = DIRECTION ( 'NONE',  ( 6.860550053034503961E-17, -0.7313537016191691276, -0.6819983600624999198 ) ) ;
#597 = ADVANCED_FACE ( 'NONE', ( #2500, #5525, #1339, #5127, #5588 ), #1815, .T. ) ;
#598 = CARTESIAN_POINT ( 'NONE',  ( 2.724999999999999201, -20.99999999999999645, -40.99999999999999289 ) ) ;
#599 = ORIENTED_EDGE ( 'NONE', *, *, #4932, .F. ) ;
#600 = DIRECTION ( 'NONE',  ( -1.000000000000000000, -3.252606517456513918E-17, 1.048466334442454337E-16 ) ) ;
#601 = EDGE_CURVE ( 'NONE', #4810, #1226, #5196, .T. ) ;
#602 = CIRCLE ( 'NONE', #3396, 0.8000000000000003775 ) ;
#603 = ORIENTED_EDGE ( 'NONE', *, *, #3603, .T. ) ;
#604 = EDGE_CURVE ( 'NONE', #3424, #1470, #4348, .T. ) ;
#605 = DIRECTION ( 'NONE',  ( 0.000000000000000000, 0.000000000000000000, 1.000000000000000000 ) ) ;
#606 = DIRECTION ( 'NONE',  ( -1.000000000000000000, -1.239088197126290570E-16, 0.000000000000000000 ) ) ;
#607 = ORIENTED_EDGE ( 'NONE', *, *, #3625, .T. ) ;
#608 =( GEOMETRIC_REPRESENTATION_CONTEXT ( 3 ) GLOBAL_UNCERTAINTY_ASSIGNED_CONTEXT ( ( #474 ) ) GLOBAL_UNIT_ASSIGNED_CONTEXT ( ( #329, #4263, #3862 ) ) REPRESENTATION_CONTEXT ( 'NONE', 'WORKASPACE' ) );
#609 = ORIENTED_EDGE ( 'NONE', *, *, #2668, .T. ) ;
#610 = FACE_OUTER_BOUND ( 'NONE', #5240, .T. ) ;
#611 = FACE_BOUND ( 'NONE', #2819, .T. ) ;
#612 = VECTOR ( 'NONE', #4937, 1000.000000000000000 ) ;
#613 = ORIENTED_EDGE ( 'NONE', *, *, #1814, .T. ) ;
#614 = CARTESIAN_POINT ( 'NONE',  ( 0.9999999999999995559, -6.500000000000000000, 65.20000000000000284 ) ) ;
#615 = CIRCLE ( 'NONE', #3760, 0.7999999999999986011 ) ;
#616 = DIRECTION ( 'NONE',  ( 1.000000000000000000, 3.469446951953611107E-17, -0.000000000000000000 ) ) ;
#617 = DIRECTION ( 'NONE',  ( -1.355252715606879803E-16, 1.000000000000000000, 0.000000000000000000 ) ) ;
#618 = LINE ( 'NONE', #2363, #350 ) ;
#619 = DIRECTION ( 'NONE',  ( 0.000000000000000000, 0.000000000000000000, -1.000000000000000000 ) ) ;
#620 = DIRECTION ( 'NONE',  ( -1.355252715606879803E-16, 1.000000000000000000, 0.000000000000000000 ) ) ;
#621 = DIRECTION ( 'NONE',  ( 0.000000000000000000, 0.000000000000000000, 1.000000000000000000 ) ) ;
#622 = VECTOR ( 'NONE', #4936, 1000.000000000000114 ) ;
#623 = VERTEX_POINT ( 'NONE', #4701 ) ;
#624 = EDGE_CURVE ( 'NONE', #3788, #3016, #5618, .T. ) ;
#625 = DIRECTION ( 'NONE',  ( -1.000000000000000000, 0.000000000000000000, -0.000000000000000000 ) ) ;
#626 = ORIENTED_EDGE ( 'NONE', *, *, #2817, .T. ) ;
#627 = CARTESIAN_POINT ( 'NONE',  ( 4.000000000000000000, -19.00000000000001066, 50.28776832031181243 ) ) ;
#628 = EDGE_CURVE ( 'NONE', #2425, #964, #3495, .T. ) ;
#629 = VECTOR ( 'NONE', #4490, 1000.000000000000000 ) ;
#630 = ADVANCED_FACE ( 'NONE', ( #905 ), #2239, .F. ) ;
#631 = ORIENTED_EDGE ( 'NONE', *, *, #3025, .T. ) ;
#632 = FACE_OUTER_BOUND ( 'NONE', #3666, .T. ) ;
#633 = ORIENTED_EDGE ( 'NONE', *, *, #1649, .T. ) ;
#634 = ORIENTED_EDGE ( 'NONE', *, *, #4968, .T. ) ;
#635 = ORIENTED_EDGE ( 'NONE', *, *, #1091, .T. ) ;
#636 = EDGE_LOOP ( 'NONE', ( #4058, #4047, #4926, #3338, #4031, #178, #3398, #2164, #3441, #5063, #2906 ) ) ;
#637 = VECTOR ( 'NONE', #1314, 1000.000000000000000 ) ;
#638 = ADVANCED_FACE ( 'NONE', ( #2644 ), #1788, .F. ) ;
#639 = ORIENTED_EDGE ( 'NONE', *, *, #438, .F. ) ;
#640 = DIRECTION ( 'NONE',  ( 1.000000000000000000, 0.000000000000000000, 0.000000000000000000 ) ) ;
#641 = FACE_OUTER_BOUND ( 'NONE', #3493, .T. ) ;
#642 = LINE ( 'NONE', #3685, #1981 ) ;
#643 = PLANE ( 'NONE',  #4396 ) ;
#644 = DIRECTION ( 'NONE',  ( 0.000000000000000000, -1.000000000000000000, 0.000000000000000000 ) ) ;
#645 = ORIENTED_EDGE ( 'NONE', *, *, #4772, .F. ) ;
#646 = CARTESIAN_POINT ( 'NONE',  ( 4.000000000000000000, -13.00000000000000178, -4.800000000000000711 ) ) ;
#647 = DIRECTION ( 'NONE',  ( -1.355252715606883008E-16, 1.000000000000000000, 0.000000000000000000 ) ) ;
#648 = DIRECTION ( 'NONE',  ( 0.000000000000000000, -0.000000000000000000, 1.000000000000000000 ) ) ;
#649 = DIRECTION ( 'NONE',  ( 0.000000000000000000, -1.000000000000000000, 0.000000000000000000 ) ) ;
#650 = CARTESIAN_POINT ( 'NONE',  ( -63.03173803727768387, -7.300000000000001599, 50.28776832031181243 ) ) ;
#651 = DIRECTION ( 'NONE',  ( -2.279583848477945630E-17, 0.6570453101161650711, 0.7538510863919692939 ) ) ;
#652 = AXIS2_PLACEMENT_3D ( 'NONE', #3370, #5113, #865 ) ;
#653 = ORIENTED_EDGE ( 'NONE', *, *, #2569, .T. ) ;
#654 = LINE ( 'NONE', #4079, #3683 ) ;
#655 = EDGE_CURVE ( 'NONE', #4886, #2257, #4529, .T. ) ;
#656 = DIRECTION ( 'NONE',  ( -3.252606517456513918E-17, 1.000000000000000000, 0.000000000000000000 ) ) ;
#657 = VERTEX_POINT ( 'NONE', #818 ) ;
#658 = AXIS2_PLACEMENT_3D ( 'NONE', #3866, #5620, #3468 ) ;
#659 = ORIENTED_EDGE ( 'NONE', *, *, #1313, .T. ) ;
#660 = EDGE_CURVE ( 'NONE', #19, #4460, #448, .T. ) ;
#661 = EDGE_LOOP ( 'NONE', ( #5260, #973, #3271, #2881, #127, #3604 ) ) ;
#662 = ORIENTED_EDGE ( 'NONE', *, *, #2586, .T. ) ;
#663 = CARTESIAN_POINT ( 'NONE',  ( 3.499999999999995115, -22.50000000000000000, 19.99999999999999289 ) ) ;
#664 = ADVANCED_FACE ( 'NONE', ( #2999 ), #4322, .F. ) ;
#665 = LINE ( 'NONE', #2832, #484 ) ;
#666 = ORIENTED_EDGE ( 'NONE', *, *, #3160, .F. ) ;
#667 = DIRECTION ( 'NONE',  ( -1.239088197126290570E-16, 1.000000000000000000, 0.000000000000000000 ) ) ;
#668 = EDGE_CURVE ( 'NONE', #1547, #3478, #3893, .T. ) ;
#669 = DIRECTION ( 'NONE',  ( 1.000000000000000000, 0.000000000000000000, 0.000000000000000000 ) ) ;
#670 = CYLINDRICAL_SURFACE ( 'NONE', #461, 0.7999999999999986011 ) ;
#671 = CIRCLE ( 'NONE', #410, 3.999999999999998224 ) ;
#672 = CARTESIAN_POINT ( 'NONE',  ( 3.500000000000000000, -16.00000000000000711, 57.99999999999998579 ) ) ;
#673 = LINE ( 'NONE', #3174, #942 ) ;
#674 = AXIS2_PLACEMENT_3D ( 'NONE', #4778, #898, #3101 ) ;
#675 = CARTESIAN_POINT ( 'NONE',  ( -4.501000000000007439, 3.999999999999998224, 62.50000000000000000 ) ) ;
#676 = AXIS2_PLACEMENT_3D ( 'NONE', #3192, #5418, #188 ) ;
#677 = CARTESIAN_POINT ( 'NONE',  ( -63.03173803727769808, -4.500000000000001776, 4.000000000000000000 ) ) ;
#678 = VECTOR ( 'NONE', #4391, 1000.000000000000000 ) ;
#679 = ORIENTED_EDGE ( 'NONE', *, *, #604, .T. ) ;
#680 = VECTOR ( 'NONE', #312, 1000.000000000000000 ) ;
#681 = CARTESIAN_POINT ( 'NONE',  ( 7.002000000000005109, -12.75000000000000000, 39.00000000000000000 ) ) ;
#682 = ORIENTED_EDGE ( 'NONE', *, *, #3400, .F. ) ;
#683 = AXIS2_PLACEMENT_3D ( 'NONE', #4650, #759, #2976 ) ;
#684 = VERTEX_POINT ( 'NONE', #3466 ) ;
#685 = VECTOR ( 'NONE', #2497, 1000.000000000000000 ) ;
#686 = CARTESIAN_POINT ( 'NONE',  ( -5.260560885536417430, -14.49999999999999645, -31.59999999999999787 ) ) ;
#687 = DIRECTION ( 'NONE',  ( -0.000000000000000000, 0.000000000000000000, 1.000000000000000000 ) ) ;
#688 = DIRECTION ( 'NONE',  ( -1.000000000000000000, -3.469446951953612956E-17, 0.000000000000000000 ) ) ;
#689 = ORIENTED_EDGE ( 'NONE', *, *, #394, .T. ) ;
#690 = VERTEX_POINT ( 'NONE', #5226 ) ;
#691 = AXIS2_PLACEMENT_3D ( 'NONE', #5, #3005, #510 ) ;
#692 = ORIENTED_EDGE ( 'NONE', *, *, #2114, .F. ) ;
#693 = VERTEX_POINT ( 'NONE', #3921 ) ;
#694 = VECTOR ( 'NONE', #751, 1000.000000000000000 ) ;
#695 = ADVANCED_FACE ( 'NONE', ( #47 ), #5251, .F. ) ;
#696 = DIRECTION ( 'NONE',  ( -1.176334233040896590E-17, 0.3390552584695132876, -0.9407664597040923393 ) ) ;
#697 = DIRECTION ( 'NONE',  ( 3.469446951953611107E-17, -1.000000000000000000, 0.000000000000000000 ) ) ;
#698 = DIRECTION ( 'NONE',  ( 1.000000000000000000, 0.000000000000000000, 0.000000000000000000 ) ) ;
#699 = VECTOR ( 'NONE', #2713, 1000.000000000000000 ) ;
#700 = DIRECTION ( 'NONE',  ( -0.000000000000000000, -1.577021341797097560E-16, 1.000000000000000000 ) ) ;
#701 = EDGE_CURVE ( 'NONE', #3361, #2313, #4377, .T. ) ;
#702 = CARTESIAN_POINT ( 'NONE',  ( 4.000000000000000000, -13.09364437107287493, 34.21231699605854004 ) ) ;
#703 = EDGE_CURVE ( 'NONE', #1555, #2243, #74, .T. ) ;
#704 = CARTESIAN_POINT ( 'NONE',  ( 0.9999999999999995559, -7.299999999999999822, 66.00000000000000000 ) ) ;
#705 = DIRECTION ( 'NONE',  ( 1.000000000000000000, 0.000000000000000000, -0.000000000000000000 ) ) ;
#706 = ORIENTED_EDGE ( 'NONE', *, *, #1864, .T. ) ;
#707 = ORIENTED_EDGE ( 'NONE', *, *, #2231, .T. ) ;
#708 = DIRECTION ( 'NONE',  ( 0.000000000000000000, 0.000000000000000000, -1.000000000000000000 ) ) ;
#709 = PLANE ( 'NONE',  #3410 ) ;
#710 = ORIENTED_EDGE ( 'NONE', *, *, #4413, .F. ) ;
#711 = LINE ( 'NONE', #5504, #4770 ) ;
#712 = ADVANCED_FACE ( 'NONE', ( #3412 ), #5164, .F. ) ;
#713 = CARTESIAN_POINT ( 'NONE',  ( 19.72792206135787296, 5.384615384615383249, 58.21831338878165241 ) ) ;
#714 = EDGE_LOOP ( 'NONE', ( #2647, #609, #3870, #4240 ) ) ;
#715 = AXIS2_PLACEMENT_3D ( 'NONE', #3273, #1679, #1593 ) ;
#716 = DIRECTION ( 'NONE',  ( 1.000000000000000000, 3.252606517456513918E-17, 0.000000000000000000 ) ) ;
#717 = AXIS2_PLACEMENT_3D ( 'NONE', #2456, #740, #3335 ) ;
#718 = ORIENTED_EDGE ( 'NONE', *, *, #1062, .T. ) ;
#719 = DIRECTION ( 'NONE',  ( 0.000000000000000000, -0.6819983600625021403, 0.7313537016191671292 ) ) ;
#720 = CARTESIAN_POINT ( 'NONE',  ( 4.000000000000000000, -12.75000000000000000, 39.00000000000000000 ) ) ;
#721 = VERTEX_POINT ( 'NONE', #104 ) ;
#722 = ORIENTED_EDGE ( 'NONE', *, *, #3392, .F. ) ;
#723 = CARTESIAN_POINT ( 'NONE',  ( 0.000000000000000000, 1.959434878635765230E-16, -1.600000000000000089 ) ) ;
#724 = VERTEX_POINT ( 'NONE', #229 ) ;
#725 = VECTOR ( 'NONE', #1587, 1000.000000000000000 ) ;
#726 = DIRECTION ( 'NONE',  ( 1.000000000000000000, 3.252606517456513918E-17, 2.535569890667617442E-16 ) ) ;
#727 = CARTESIAN_POINT ( 'NONE',  ( 2.724999999999999201, -20.99999999999999645, -31.59999999999999787 ) ) ;
#728 = DIRECTION ( 'NONE',  ( 0.000000000000000000, 1.000000000000000000, 0.000000000000000000 ) ) ;
#729 = EDGE_CURVE ( 'NONE', #2287, #2267, #1103, .T. ) ;
#730 = ORIENTED_EDGE ( 'NONE', *, *, #1278, .T. ) ;
#731 = DIRECTION ( 'NONE',  ( 0.000000000000000000, -1.000000000000000000, 0.000000000000000000 ) ) ;
#732 = CARTESIAN_POINT ( 'NONE',  ( -64.14711903867025455, -6.500000000000000888, 18.34168760482228322 ) ) ;
#733 = CARTESIAN_POINT ( 'NONE',  ( 4.000000000000000000, -9.251384209635093114, 52.54168760482228606 ) ) ;
#734 = ORIENTED_EDGE ( 'NONE', *, *, #887, .T. ) ;
#735 = LINE ( 'NONE', #2476, #3775 ) ;
#736 = CARTESIAN_POINT ( 'NONE',  ( 6.000000000000000000, -15.99999999999999289, -43.00000000000000000 ) ) ;
#737 = EDGE_CURVE ( 'NONE', #882, #1328, #260, .T. ) ;
#738 = CARTESIAN_POINT ( 'NONE',  ( 5.000000000000000000, -0.9999999999999941158, -37.00000000000000000 ) ) ;
#739 = DIRECTION ( 'NONE',  ( -0.000000000000000000, -1.000000000000000000, -0.000000000000000000 ) ) ;
#740 = DIRECTION ( 'NONE',  ( 1.000000000000000000, 0.000000000000000000, 0.000000000000000000 ) ) ;
#741 = EDGE_CURVE ( 'NONE', #5532, #1352, #4566, .T. ) ;
#742 = ORIENTED_EDGE ( 'NONE', *, *, #4190, .T. ) ;
#743 = LINE ( 'NONE', #4189, #1112 ) ;
#744 = FACE_OUTER_BOUND ( 'NONE', #3277, .T. ) ;
#745 = VERTEX_POINT ( 'NONE', #967 ) ;
#746 = CIRCLE ( 'NONE', #4642, 1.650000000000002132 ) ;
#747 = ORIENTED_EDGE ( 'NONE', *, *, #4445, .T. ) ;
#748 = VECTOR ( 'NONE', #2619, 1000.000000000000000 ) ;
#749 = CARTESIAN_POINT ( 'NONE',  ( 0.4999999999999993339, -15.07469763858625811, 35.74488389006606326 ) ) ;
#750 = CARTESIAN_POINT ( 'NONE',  ( 0.5000000000000004441, -18.20000000000000284, 18.34168760482228322 ) ) ;
#751 = DIRECTION ( 'NONE',  ( -1.000000000000000000, -3.252606517456513918E-17, 2.535569890667617442E-16 ) ) ;
#752 = ORIENTED_EDGE ( 'NONE', *, *, #2782, .F. ) ;
#753 = PLANE ( 'NONE',  #923 ) ;
#754 = CARTESIAN_POINT ( 'NONE',  ( 4.000000000000000000, -7.299999999999999822, 4.000000000000000000 ) ) ;
#755 = CARTESIAN_POINT ( 'NONE',  ( 0.5000000000000005551, -18.12982544119416772, 55.54168760482228606 ) ) ;
#756 = EDGE_CURVE ( 'NONE', #4694, #4365, #995, .T. ) ;
#757 = VERTEX_POINT ( 'NONE', #3255 ) ;
#758 = CARTESIAN_POINT ( 'NONE',  ( 5.000000000000000000, 0.000000000000000000, -20.00000000000000000 ) ) ;
#759 = DIRECTION ( 'NONE',  ( 0.000000000000000000, 0.000000000000000000, 1.000000000000000000 ) ) ;
#760 = ORIENTED_EDGE ( 'NONE', *, *, #2033, .T. ) ;
#761 = CARTESIAN_POINT ( 'NONE',  ( 4.000000000000000000, -15.96394253386069728, 25.65831239517770612 ) ) ;
#762 = DIRECTION ( 'NONE',  ( 1.000000000000000000, 1.239088197126290570E-16, 0.000000000000000000 ) ) ;
#763 = EDGE_CURVE ( 'NONE', #3519, #4458, #3263, .T. ) ;
#764 = FACE_OUTER_BOUND ( 'NONE', #3428, .T. ) ;
#765 = CARTESIAN_POINT ( 'NONE',  ( 6.000000000000000000, -10.69999999999999751, 39.00000000000000000 ) ) ;
#766 = AXIS2_PLACEMENT_3D ( 'NONE', #5008, #3609, #241 ) ;
#767 = AXIS2_PLACEMENT_3D ( 'NONE', #3202, #1059, #625 ) ;
#768 = EDGE_CURVE ( 'NONE', #33, #841, #1019, .T. ) ;
#769 = ORIENTED_EDGE ( 'NONE', *, *, #3578, .F. ) ;
#770 = EDGE_LOOP ( 'NONE', ( #4013, #4836, #3548, #4446, #476, #1563, #3937 ) ) ;
#771 = CARTESIAN_POINT ( 'NONE',  ( 7.002000000000006885, -7.903080869113574103, 15.97090127777026858 ) ) ;
#772 = EDGE_LOOP ( 'NONE', ( #1383, #5266, #722, #3125 ) ) ;
#773 = VECTOR ( 'NONE', #299, 1000.000000000000000 ) ;
#774 = ADVANCED_FACE ( 'NONE', ( #4903 ), #1580, .F. ) ;
#775 = CARTESIAN_POINT ( 'NONE',  ( 4.225000000000000533, -2.999999999999997335, -34.20000000000000284 ) ) ;
#776 = VERTEX_POINT ( 'NONE', #1871 ) ;
#777 = EDGE_LOOP ( 'NONE', ( #3072, #2529, #1805, #5189, #1131, #1723 ) ) ;
#778 = ORIENTED_EDGE ( 'NONE', *, *, #4915, .F. ) ;
#779 = EDGE_LOOP ( 'NONE', ( #3427, #2404 ) ) ;
#780 = ORIENTED_EDGE ( 'NONE', *, *, #4303, .F. ) ;
#781 = EDGE_CURVE ( 'NONE', #1861, #2827, #1565, .T. ) ;
#782 = CARTESIAN_POINT ( 'NONE',  ( 0.4999999999999978351, -3.500000000000001332, -29.20000000000000284 ) ) ;
#783 = CARTESIAN_POINT ( 'NONE',  ( 1.000000000000000888, -6.500000000000000000, 14.54168760482228606 ) ) ;
#784 = VECTOR ( 'NONE', #4302, 1000.000000000000000 ) ;
#785 = CYLINDRICAL_SURFACE ( 'NONE', #4402, 2.049999999999999822 ) ;
#786 = FACE_OUTER_BOUND ( 'NONE', #2580, .T. ) ;
#787 = DIRECTION ( 'NONE',  ( 0.000000000000000000, 0.000000000000000000, 1.000000000000000000 ) ) ;
#788 = CARTESIAN_POINT ( 'NONE',  ( -64.14711903867025455, -8.170174558805841869, 21.65831239517770612 ) ) ;
#789 = FACE_BOUND ( 'NONE', #4920, .T. ) ;
#790 = LINE ( 'NONE', #5102, #5026 ) ;
#791 = VECTOR ( 'NONE', #5006, 1000.000000000000000 ) ;
#792 = ORIENTED_EDGE ( 'NONE', *, *, #945, .F. ) ;
#793 = DIRECTION ( 'NONE',  ( 0.000000000000000000, 0.000000000000000000, -1.000000000000000000 ) ) ;
#794 = LINE ( 'NONE', #2193, #4564 ) ;
#795 = ORIENTED_EDGE ( 'NONE', *, *, #4089, .T. ) ;
#796 = PLANE ( 'NONE',  #2393 ) ;
#797 = DIRECTION ( 'NONE',  ( -1.000000000000000000, -0.000000000000000000, -0.000000000000000000 ) ) ;
#798 = EDGE_CURVE ( 'NONE', #1682, #2328, #553, .T. ) ;
#799 = ORIENTED_EDGE ( 'NONE', *, *, #86, .F. ) ;
#800 = CARTESIAN_POINT ( 'NONE',  ( 0.4999999999999987232, -10.42530236141373834, 35.74488389006606326 ) ) ;
#801 = VERTEX_POINT ( 'NONE', #4163 ) ;
#802 = PLANE ( 'NONE',  #4731 ) ;
#803 = ORIENTED_EDGE ( 'NONE', *, *, #1335, .F. ) ;
#804 = ADVANCED_FACE ( 'NONE', ( #5456, #2848 ), #2877, .F. ) ;
#805 = AXIS2_PLACEMENT_3D ( 'NONE', #4132, #2900, #314 ) ;
#806 = ORIENTED_EDGE ( 'NONE', *, *, #4145, .T. ) ;
#807 = EDGE_CURVE ( 'NONE', #745, #3315, #286, .T. ) ;
#808 = VERTEX_POINT ( 'NONE', #3110 ) ;
#809 = AXIS2_PLACEMENT_3D ( 'NONE', #1538, #537, #4444 ) ;
#810 = EDGE_LOOP ( 'NONE', ( #5121, #115, #4473, #1323, #250, #1778 ) ) ;
#811 = ORIENTED_EDGE ( 'NONE', *, *, #531, .T. ) ;
#812 = CYLINDRICAL_SURFACE ( 'NONE', #1638, 0.8000000000000003775 ) ;
#813 = DIRECTION ( 'NONE',  ( -1.000000000000000000, -3.469446951953612956E-17, 0.000000000000000000 ) ) ;
#814 = EDGE_CURVE ( 'NONE', #1470, #13, #3975, .T. ) ;
#815 = EDGE_LOOP ( 'NONE', ( #17, #1776, #607, #3789 ) ) ;
#816 = CARTESIAN_POINT ( 'NONE',  ( 1.225000000000000311, -15.99999999999999645, -26.35000000000000142 ) ) ;
#817 = EDGE_LOOP ( 'NONE', ( #838, #2680, #1978, #633, #5018, #4852 ) ) ;
#818 = CARTESIAN_POINT ( 'NONE',  ( 0.4999999999999995559, -17.00000000000000000, -11.20000000000000107 ) ) ;
#819 = VECTOR ( 'NONE', #1740, 1000.000000000000114 ) ;
#820 = AXIS2_PLACEMENT_3D ( 'NONE', #3324, #5098, #270 ) ;
#821 = DIRECTION ( 'NONE',  ( 0.000000000000000000, -1.000000000000000000, 0.000000000000000000 ) ) ;
#822 = CARTESIAN_POINT ( 'NONE',  ( 4.000000000000000000, -10.76036283369648494, 42.90613933192072693 ) ) ;
#823 = ORIENTED_EDGE ( 'NONE', *, *, #5393, .T. ) ;
#824 = CARTESIAN_POINT ( 'NONE',  ( 0.4999999999999982792, -7.417561391042558405, 55.27044339804668027 ) ) ;
#825 = DIRECTION ( 'NONE',  ( 0.000000000000000000, 0.000000000000000000, -1.000000000000000000 ) ) ;
#826 = DIRECTION ( 'NONE',  ( -3.856989707383759633E-17, 0.3390552584695135097, -0.9407664597040923393 ) ) ;
#827 = ORIENTED_EDGE ( 'NONE', *, *, #2952, .T. ) ;
#828 = DIRECTION ( 'NONE',  ( 1.000000000000000000, 1.239088197126290570E-16, 0.000000000000000000 ) ) ;
#829 = DIRECTION ( 'NONE',  ( -1.000000000000000000, -1.239088197126290570E-16, -0.000000000000000000 ) ) ;
#830 = ORIENTED_EDGE ( 'NONE', *, *, #2697, .F. ) ;
#831 = CARTESIAN_POINT ( 'NONE',  ( 0.5000000000000004441, -14.54981716550029525, 65.20000000000000284 ) ) ;
#832 = EDGE_LOOP ( 'NONE', ( #1067, #2470, #3300, #5460 ) ) ;
#833 = AXIS2_PLACEMENT_3D ( 'NONE', #720, #5086, #4631 ) ;
#834 = DIRECTION ( 'NONE',  ( 1.000000000000000000, 0.000000000000000000, 0.000000000000000000 ) ) ;
#835 = EDGE_LOOP ( 'NONE', ( #3967, #2917, #3595, #2170, #5277, #2717, #896, #3186 ) ) ;
#836 = EDGE_CURVE ( 'NONE', #1110, #5321, #1553, .T. ) ;
#837 = DIRECTION ( 'NONE',  ( -1.000000000000000000, -3.252606517456513918E-17, 0.000000000000000000 ) ) ;
#838 = ORIENTED_EDGE ( 'NONE', *, *, #836, .T. ) ;
#839 = CIRCLE ( 'NONE', #3262, 0.7999999999999986011 ) ;
#840 = VECTOR ( 'NONE', #1207, 1000.000000000000000 ) ;
#841 = VERTEX_POINT ( 'NONE', #5284 ) ;
#842 = LINE ( 'NONE', #3437, #4063 ) ;
#843 = LINE ( 'NONE', #3023, #4520 ) ;
#844 = EDGE_CURVE ( 'NONE', #4244, #2631, #5291, .T. ) ;
#845 = DIRECTION ( 'NONE',  ( 0.000000000000000000, 0.3390552584695132876, -0.9407664597040923393 ) ) ;
#846 = VERTEX_POINT ( 'NONE', #3555 ) ;
#847 = CIRCLE ( 'NONE', #3455, 0.8000000000000003775 ) ;
#848 = DIRECTION ( 'NONE',  ( 0.000000000000000000, -0.7071067811865426878, -0.7071067811865524577 ) ) ;
#849 = CYLINDRICAL_SURFACE ( 'NONE', #3602, 0.8000000000000003775 ) ;
#850 = CARTESIAN_POINT ( 'NONE',  ( 4.000000000000000000, -12.40635562892712329, 43.78768300394145996 ) ) ;
#851 = ORIENTED_EDGE ( 'NONE', *, *, #1199, .F. ) ;
#852 = EDGE_CURVE ( 'NONE', #757, #5220, #5308, .T. ) ;
#853 = ORIENTED_EDGE ( 'NONE', *, *, #4485, .T. ) ;
#854 = LINE ( 'NONE', #3357, #263 ) ;
#855 = CARTESIAN_POINT ( 'NONE',  ( 7.002000000000005109, -9.960362833696484230, 35.09386066807927307 ) ) ;
#856 = DIRECTION ( 'NONE',  ( 0.000000000000000000, 0.000000000000000000, -1.000000000000000000 ) ) ;
#857 = DIRECTION ( 'NONE',  ( -3.469446951953612956E-17, 1.000000000000000000, -0.000000000000000000 ) ) ;
#858 = ORIENTED_EDGE ( 'NONE', *, *, #1412, .T. ) ;
#859 = EDGE_CURVE ( 'NONE', #3790, #4023, #1425, .T. ) ;
#860 = AXIS2_PLACEMENT_3D ( 'NONE', #405, #4183, #2075 ) ;
#861 = CARTESIAN_POINT ( 'NONE',  ( 6.000000000000000000, -15.99999999999999289, -43.00000000000000000 ) ) ;
#862 = LINE ( 'NONE', #1749, #3206 ) ;
#863 = ORIENTED_EDGE ( 'NONE', *, *, #4355, .T. ) ;
#864 = ORIENTED_EDGE ( 'NONE', *, *, #5496, .F. ) ;
#865 = DIRECTION ( 'NONE',  ( -1.355252715606883008E-16, 1.000000000000000000, 0.000000000000000000 ) ) ;
#866 = ORIENTED_EDGE ( 'NONE', *, *, #2405, .F. ) ;
#867 = CIRCLE ( 'NONE', #1950, 3.999999999999998224 ) ;
#868 = ORIENTED_EDGE ( 'NONE', *, *, #4310, .F. ) ;
#869 = PLANE ( 'NONE',  #3514 ) ;
#870 = ORIENTED_EDGE ( 'NONE', *, *, #3403, .T. ) ;
#871 = EDGE_LOOP ( 'NONE', ( #3835, #5044, #2065, #3997 ) ) ;
#872 = VECTOR ( 'NONE', #3229, 1000.000000000000114 ) ;
#873 = CARTESIAN_POINT ( 'NONE',  ( 21.41522322567242043, -12.19999999999999929, -4.800000000000000711 ) ) ;
#874 = LINE ( 'NONE', #22, #2671 ) ;
#875 = EDGE_LOOP ( 'NONE', ( #2353, #5578, #3563, #378, #362, #5179, #2834, #3022, #5150 ) ) ;
#876 = CIRCLE ( 'NONE', #321, 0.8000000000000003775 ) ;
#877 = EDGE_CURVE ( 'NONE', #4709, #1317, #1975, .T. ) ;
#878 = CARTESIAN_POINT ( 'NONE',  ( 0.9999999999999997780, -15.50000000000000178, 64.00000000000000000 ) ) ;
#879 = EDGE_LOOP ( 'NONE', ( #1837, #3619, #375, #4425 ) ) ;
#880 = CARTESIAN_POINT ( 'NONE',  ( 1.000000000000000222, -17.00122895812818058, 52.27044339804668027 ) ) ;
#881 = DIRECTION ( 'NONE',  ( 0.000000000000000000, -1.000000000000000000, -2.168404344971010840E-16 ) ) ;
#882 = VERTEX_POINT ( 'NONE', #2517 ) ;
#883 = FACE_OUTER_BOUND ( 'NONE', #899, .T. ) ;
#884 = CARTESIAN_POINT ( 'NONE',  ( 5.000000000000000000, 0.4148556835804999565, -29.19999999999999929 ) ) ;
#885 = AXIS2_PLACEMENT_3D ( 'NONE', #974, #4354, #1746 ) ;
#886 = ORIENTED_EDGE ( 'NONE', *, *, #5363, .T. ) ;
#887 = EDGE_CURVE ( 'NONE', #4411, #2039, #4313, .T. ) ;
#888 = DIRECTION ( 'NONE',  ( -1.355252715606879803E-16, 1.000000000000000000, 0.000000000000000000 ) ) ;
#889 = ORIENTED_EDGE ( 'NONE', *, *, #5465, .F. ) ;
#890 = VECTOR ( 'NONE', #3010, 1000.000000000000000 ) ;
#891 = VECTOR ( 'NONE', #667, 1000.000000000000000 ) ;
#892 = FACE_OUTER_BOUND ( 'NONE', #2197, .T. ) ;
#893 = FACE_OUTER_BOUND ( 'NONE', #2556, .T. ) ;
#894 = AXIS2_PLACEMENT_3D ( 'NONE', #4046, #3480, #4423 ) ;
#895 = EDGE_CURVE ( 'NONE', #3478, #3867, #2472, .T. ) ;
#896 = ORIENTED_EDGE ( 'NONE', *, *, #2114, .T. ) ;
#897 = AXIS2_PLACEMENT_3D ( 'NONE', #5469, #1186, #4613 ) ;
#898 = DIRECTION ( 'NONE',  ( -1.000000000000000000, -0.000000000000000000, -0.000000000000000000 ) ) ;
#899 = EDGE_LOOP ( 'NONE', ( #1606, #295, #1669, #323 ) ) ;
#900 = ORIENTED_EDGE ( 'NONE', *, *, #4054, .F. ) ;
#901 = DIRECTION ( 'NONE',  ( 0.000000000000000000, 0.000000000000000000, -1.000000000000000000 ) ) ;
#902 = LINE ( 'NONE', #2179, #4247 ) ;
#903 = CARTESIAN_POINT ( 'NONE',  ( 0.5000000000000004441, -6.499999999999992895, 21.65831239517770612 ) ) ;
#904 = CIRCLE ( 'NONE', #809, 0.8000000000000003775 ) ;
#905 = FACE_OUTER_BOUND ( 'NONE', #770, .T. ) ;
#906 = VERTEX_POINT ( 'NONE', #2028 ) ;
#907 = CARTESIAN_POINT ( 'NONE',  ( 5.000000000000000000, -0.9999999999999941158, -29.20000000000000284 ) ) ;
#908 = AXIS2_PLACEMENT_3D ( 'NONE', #3275, #1912, #4558 ) ;
#909 = LINE ( 'NONE', #1344, #1115 ) ;
#910 = VERTEX_POINT ( 'NONE', #2079 ) ;
#911 = DIRECTION ( 'NONE',  ( -1.000000000000000000, -3.252606517456513918E-17, -0.000000000000000000 ) ) ;
#912 = ADVANCED_FACE ( 'NONE', ( #5146 ), #3014, .F. ) ;
#913 = DIRECTION ( 'NONE',  ( 1.000000000000000000, 1.239088197126290570E-16, 0.000000000000000000 ) ) ;
#914 = CIRCLE ( 'NONE', #4901, 0.8000000000000003775 ) ;
#915 = CARTESIAN_POINT ( 'NONE',  ( 4.000000000000000000, -7.163260966291185916, 18.34168760482228322 ) ) ;
#916 = ORIENTED_EDGE ( 'NONE', *, *, #2510, .F. ) ;
#917 = VERTEX_POINT ( 'NONE', #409 ) ;
#918 = DIRECTION ( 'NONE',  ( 1.000000000000000000, 1.239088197126290570E-16, -0.000000000000000000 ) ) ;
#919 = VERTEX_POINT ( 'NONE', #800 ) ;
#920 = CARTESIAN_POINT ( 'NONE',  ( 2.999999999999999112, -10.50000000000000178, 71.00000000000000000 ) ) ;
#921 = EDGE_CURVE ( 'NONE', #5500, #4748, #2487, .T. ) ;
#922 = CARTESIAN_POINT ( 'NONE',  ( 4.000000000000000888, -15.96394253386069728, 24.65831239517770612 ) ) ;
#923 = AXIS2_PLACEMENT_3D ( 'NONE', #3769, #4201, #2066 ) ;
#924 = AXIS2_PLACEMENT_3D ( 'NONE', #3055, #4816, #470 ) ;
#925 = ORIENTED_EDGE ( 'NONE', *, *, #2654, .F. ) ;
#926 = VERTEX_POINT ( 'NONE', #2959 ) ;
#927 = DIRECTION ( 'NONE',  ( 0.000000000000000000, 0.000000000000000000, -1.000000000000000000 ) ) ;
#928 = ORIENTED_EDGE ( 'NONE', *, *, #1091, .F. ) ;
#929 = ADVANCED_FACE ( 'NONE', ( #3310 ), #3754, .F. ) ;
#930 = LINE ( 'NONE', #1362, #1163 ) ;
#931 = ORIENTED_EDGE ( 'NONE', *, *, #2289, .T. ) ;
#932 = DIRECTION ( 'NONE',  ( -1.165692616471626465E-16, 0.9407664597040922283, -0.3390552584695133986 ) ) ;
#933 = CARTESIAN_POINT ( 'NONE',  ( 0.4999999999999981681, -6.499999999999999112, -40.00100000000001188 ) ) ;
#934 = ORIENTED_EDGE ( 'NONE', *, *, #3295, .T. ) ;
#935 = EDGE_CURVE ( 'NONE', #3074, #5436, #4281, .T. ) ;
#936 = DIRECTION ( 'NONE',  ( -1.000000000000000000, -1.239088197126290570E-16, -0.000000000000000000 ) ) ;
#937 = CIRCLE ( 'NONE', #652, 0.7999999999999986011 ) ;
#938 = CARTESIAN_POINT ( 'NONE',  ( 7.002000000000005997, -16.24861579036490511, 52.54168760482228606 ) ) ;
#939 = DIRECTION ( 'NONE',  ( -1.000000000000000000, -3.252606517456513918E-17, 0.000000000000000000 ) ) ;
#940 = VERTEX_POINT ( 'NONE', #5540 ) ;
#941 = CARTESIAN_POINT ( 'NONE',  ( 1.000000000000000000, -17.32982544119417057, 22.45831239517770328 ) ) ;
#942 = VECTOR ( 'NONE', #2391, 1000.000000000000000 ) ;
#943 = PLANE ( 'NONE',  #3128 ) ;
#944 = CARTESIAN_POINT ( 'NONE',  ( 6.000000000000000000, -2.999999999999998668, -19.59999999999999076 ) ) ;
#945 = EDGE_CURVE ( 'NONE', #5167, #1570, #4218, .T. ) ;
#946 = FACE_OUTER_BOUND ( 'NONE', #3258, .T. ) ;
#947 = PLANE ( 'NONE',  #2666 ) ;
#948 = ORIENTED_EDGE ( 'NONE', *, *, #2000, .F. ) ;
#949 = DIRECTION ( 'NONE',  ( -1.275531967630005245E-16, 1.000000000000000000, -0.000000000000000000 ) ) ;
#950 = CARTESIAN_POINT ( 'NONE',  ( 1.000000000000000888, -7.299999999999999822, 14.54168760482228606 ) ) ;
#951 = EDGE_LOOP ( 'NONE', ( #4574, #3836, #3908, #811, #692, #1948, #3988, #4227 ) ) ;
#952 = VERTEX_POINT ( 'NONE', #347 ) ;
#953 = EDGE_CURVE ( 'NONE', #4421, #4516, #4634, .T. ) ;
#954 = CARTESIAN_POINT ( 'NONE',  ( 4.000000000000000000, -11.65374246116384960, 43.51643879716585417 ) ) ;
#955 = VERTEX_POINT ( 'NONE', #5576 ) ;
#956 = DIRECTION ( 'NONE',  ( 0.000000000000000000, 1.000000000000000000, 0.000000000000000000 ) ) ;
#957 = EDGE_CURVE ( 'NONE', #237, #2936, #1665, .T. ) ;
#958 = ORIENTED_EDGE ( 'NONE', *, *, #991, .T. ) ;
#959 = EDGE_CURVE ( 'NONE', #4768, #3074, #2142, .T. ) ;
#960 = DIRECTION ( 'NONE',  ( 6.505213034913025371E-17, 1.000000000000000000, -0.000000000000000000 ) ) ;
#961 = AXIS2_PLACEMENT_3D ( 'NONE', #3518, #1387, #3881 ) ;
#962 = EDGE_LOOP ( 'NONE', ( #2566, #2678, #4230, #1036, #5117, #1944, #1332, #706 ) ) ;
#963 = CIRCLE ( 'NONE', #1509, 0.8000000000000003775 ) ;
#964 = VERTEX_POINT ( 'NONE', #1302 ) ;
#965 = VECTOR ( 'NONE', #949, 1000.000000000000000 ) ;
#966 = EDGE_CURVE ( 'NONE', #2590, #83, #937, .T. ) ;
#967 = CARTESIAN_POINT ( 'NONE',  ( 0.9999999999999995559, -9.536057466139306271, 24.65831239517770612 ) ) ;
#968 = CARTESIAN_POINT ( 'NONE',  ( 1.000000000000000000, -8.921746524012673873, 17.54168760482228606 ) ) ;
#969 = DIRECTION ( 'NONE',  ( 0.000000000000000000, -1.000000000000000000, -1.577021341797097560E-16 ) ) ;
#970 = VECTOR ( 'NONE', #726, 1000.000000000000000 ) ;
#971 = DIRECTION ( 'NONE',  ( -3.252606517456513918E-17, 1.000000000000000000, 0.000000000000000000 ) ) ;
#972 = CARTESIAN_POINT ( 'NONE',  ( 4.225000000000000533, -14.49999999999999645, -26.35000000000000142 ) ) ;
#973 = ORIENTED_EDGE ( 'NONE', *, *, #3195, .T. ) ;
#974 = CARTESIAN_POINT ( 'NONE',  ( 4.000000000000000000, -7.299999999999998934, 27.71223167968819823 ) ) ;
#975 = ORIENTED_EDGE ( 'NONE', *, *, #24, .F. ) ;
#976 = DIRECTION ( 'NONE',  ( 0.000000000000000000, -1.000000000000000000, 0.000000000000000000 ) ) ;
#977 = APPLICATION_CONTEXT ( 'automotive_design' ) ;
#978 = LINE ( 'NONE', #3539, #3007 ) ;
#979 = ORIENTED_EDGE ( 'NONE', *, *, #211, .F. ) ;
#980 = CARTESIAN_POINT ( 'NONE',  ( 7.000000000000000000, 0.000000000000000000, -20.00000000000000000 ) ) ;
#981 = CIRCLE ( 'NONE', #4872, 2.049999999999999822 ) ;
#982 = CARTESIAN_POINT ( 'NONE',  ( 7.002000000000005109, -10.76036283369648494, 35.09386066807927307 ) ) ;
#983 = ORIENTED_EDGE ( 'NONE', *, *, #2961, .T. ) ;
#984 = VERTEX_POINT ( 'NONE', #1607 ) ;
#985 = CARTESIAN_POINT ( 'NONE',  ( 4.000000000000000000, -15.07469763858626521, 42.25511610993392964 ) ) ;
#986 = VERTEX_POINT ( 'NONE', #2902 ) ;
#987 = AXIS2_PLACEMENT_3D ( 'NONE', #168, #5239, #1008 ) ;
#988 = PLANE ( 'NONE',  #5153 ) ;
#989 = EDGE_CURVE ( 'NONE', #4407, #1182, #2607, .T. ) ;
#990 = LINE ( 'NONE', #1867, #4073 ) ;
#991 = EDGE_CURVE ( 'NONE', #3015, #5051, #4659, .T. ) ;
#992 = VECTOR ( 'NONE', #3143, 1000.000000000000000 ) ;
#993 = VERTEX_POINT ( 'NONE', #1175 ) ;
#994 = VECTOR ( 'NONE', #3120, 1000.000000000000000 ) ;
#995 = LINE ( 'NONE', #4600, #107 ) ;
#996 = DIRECTION ( 'NONE',  ( 0.000000000000000000, -1.000000000000000000, 0.000000000000000000 ) ) ;
#997 = EDGE_CURVE ( 'NONE', #1460, #2733, #743, .T. ) ;
#998 = DIRECTION ( 'NONE',  ( -0.000000000000000000, 1.000000000000000000, 1.577021341797097560E-16 ) ) ;
#999 = CYLINDRICAL_SURFACE ( 'NONE', #1869, 2.049999999999999822 ) ;
#1000 = ADVANCED_FACE ( 'NONE', ( #5511 ), #3337, .F. ) ;
#1001 = DIRECTION ( 'NONE',  ( 1.000000000000000000, -0.000000000000000000, -0.000000000000000000 ) ) ;
#1002 = DIRECTION ( 'NONE',  ( 1.000000000000000000, 3.252606517456513918E-17, -0.000000000000000000 ) ) ;
#1003 = VERTEX_POINT ( 'NONE', #985 ) ;
#1004 = CARTESIAN_POINT ( 'NONE',  ( 5.000000000000000000, 1.959434878635768681E-16, -21.60000000000000142 ) ) ;
#1005 = DIRECTION ( 'NONE',  ( 0.000000000000000000, 0.000000000000000000, -1.000000000000000000 ) ) ;
#1006 = ORIENTED_EDGE ( 'NONE', *, *, #1162, .F. ) ;
#1007 = LINE ( 'NONE', #2285, #4022 ) ;
#1008 = DIRECTION ( 'NONE',  ( 0.000000000000000000, -1.000000000000000000, 0.000000000000000000 ) ) ;
#1009 = VECTOR ( 'NONE', #1258, 1000.000000000000000 ) ;
#1010 = VERTEX_POINT ( 'NONE', #2227 ) ;
#1011 = AXIS2_PLACEMENT_3D ( 'NONE', #140, #3194, #1027 ) ;
#1012 = CARTESIAN_POINT ( 'NONE',  ( 2.724999999999999201, -14.49999999999999645, -31.09999999999999432 ) ) ;
#1013 = EDGE_LOOP ( 'NONE', ( #4195, #803, #3454, #1023 ) ) ;
#1014 = DIRECTION ( 'NONE',  ( 0.000000000000000000, 0.000000000000000000, -1.000000000000000000 ) ) ;
#1015 = CIRCLE ( 'NONE', #1641, 0.7999999999999986011 ) ;
#1016 = FACE_OUTER_BOUND ( 'NONE', #1181, .T. ) ;
#1017 = ORIENTED_EDGE ( 'NONE', *, *, #4884, .F. ) ;
#1018 = EDGE_LOOP ( 'NONE', ( #3852, #526, #5154, #5302 ) ) ;
#1019 = LINE ( 'NONE', #1147, #5448 ) ;
#1020 = EDGE_CURVE ( 'NONE', #2310, #5412, #5391, .T. ) ;
#1021 = LINE ( 'NONE', #1043, #5438 ) ;
#1022 = CARTESIAN_POINT ( 'NONE',  ( 4.000000000000000000, -16.57825347598732790, 4.800000000000004263 ) ) ;
#1023 = ORIENTED_EDGE ( 'NONE', *, *, #1605, .F. ) ;
#1024 = CARTESIAN_POINT ( 'NONE',  ( 0.5000000000000000000, -22.49999999999998934, -24.20000000000000639 ) ) ;
#1025 = CARTESIAN_POINT ( 'NONE',  ( -4.501000000000007439, 3.100000000000000089, -34.00000000000000000 ) ) ;
#1026 = EDGE_CURVE ( 'NONE', #3909, #1470, #3572, .T. ) ;
#1027 = DIRECTION ( 'NONE',  ( 0.000000000000000000, 0.000000000000000000, 1.000000000000000000 ) ) ;
#1028 = EDGE_CURVE ( 'NONE', #3166, #2102, #4395, .T. ) ;
#1029 = LINE ( 'NONE', #4887, #1729 ) ;
#1030 = DIRECTION ( 'NONE',  ( -1.000000000000000000, -1.239088197126290570E-16, 0.000000000000000000 ) ) ;
#1031 = DIRECTION ( 'NONE',  ( 1.000000000000000000, 1.239088197126290570E-16, 0.000000000000000000 ) ) ;
#1032 = DIRECTION ( 'NONE',  ( -0.000000000000000000, -0.000000000000000000, -1.000000000000000000 ) ) ;
#1033 = ORIENTED_EDGE ( 'NONE', *, *, #2091, .F. ) ;
#1034 = ADVANCED_FACE ( 'NONE', ( #1862 ), #5304, .T. ) ;
#1035 = CARTESIAN_POINT ( 'NONE',  ( 4.000000000000000000, -5.299999999999998934, -4.800000000000000711 ) ) ;
#1036 = ORIENTED_EDGE ( 'NONE', *, *, #404, .T. ) ;
#1037 = DIRECTION ( 'NONE',  ( -1.000000000000000000, -0.000000000000000000, -0.000000000000000000 ) ) ;
#1038 = DIRECTION ( 'NONE',  ( 1.000000000000000000, -0.000000000000000000, -0.000000000000000000 ) ) ;
#1039 = ORIENTED_EDGE ( 'NONE', *, *, #4399, .F. ) ;
#1040 = VERTEX_POINT ( 'NONE', #3910 ) ;
#1041 = ORIENTED_EDGE ( 'NONE', *, *, #1231, .T. ) ;
#1042 = ORIENTED_EDGE ( 'NONE', *, *, #5489, .T. ) ;
#1043 = CARTESIAN_POINT ( 'NONE',  ( 4.224999999999981881, -3.000000000000004441, -19.59999999999999787 ) ) ;
#1044 = CARTESIAN_POINT ( 'NONE',  ( 4.000000000000000000, -5.299999999999998934, -18.40000000000000568 ) ) ;
#1045 = ORIENTED_EDGE ( 'NONE', *, *, #1123, .T. ) ;
#1046 = CARTESIAN_POINT ( 'NONE',  ( 7.002000000000005109, -18.20000000000000639, 64.13639844763217468 ) ) ;
#1047 = AXIS2_PLACEMENT_3D ( 'NONE', #254, #148, #2423 ) ;
#1048 = CARTESIAN_POINT ( 'NONE',  ( 4.224999999999997868, -15.99999999999999289, -45.71844603017288478 ) ) ;
#1049 = EDGE_CURVE ( 'NONE', #5546, #441, #2772, .T. ) ;
#1050 = CARTESIAN_POINT ( 'NONE',  ( 7.002000000000005997, -18.08243860895744604, 22.72955660195331618 ) ) ;
#1051 = AXIS2_PLACEMENT_3D ( 'NONE', #1155, #1216, #4671 ) ;
#1052 = CARTESIAN_POINT ( 'NONE',  ( 2.724999999999999201, -22.49999999999998579, -40.99999999999999289 ) ) ;
#1053 = CARTESIAN_POINT ( 'NONE',  ( 1.999999999999999112, -0.5000000000000065503, 62.50000000000000000 ) ) ;
#1054 = DIRECTION ( 'NONE',  ( 4.499821325281055267E-17, -0.3390552584695133986, -0.9407664597040922283 ) ) ;
#1055 = LINE ( 'NONE', #2448, #3670 ) ;
#1056 = VECTOR ( 'NONE', #3634, 1000.000000000000000 ) ;
#1057 = EDGE_CURVE ( 'NONE', #97, #2216, #867, .T. ) ;
#1058 = EDGE_LOOP ( 'NONE', ( #485, #1997, #451, #1545 ) ) ;
#1059 = DIRECTION ( 'NONE',  ( 0.000000000000000000, 0.000000000000000000, -1.000000000000000000 ) ) ;
#1060 = ORIENTED_EDGE ( 'NONE', *, *, #2859, .F. ) ;
#1061 = DIRECTION ( 'NONE',  ( -2.218272310833941514E-17, 0.6819983600624999198, -0.7313537016191691276 ) ) ;
#1062 = EDGE_CURVE ( 'NONE', #3785, #2267, #4427, .T. ) ;
#1063 = DIRECTION ( 'NONE',  ( 1.000000000000000000, 1.239088197126290570E-16, 0.000000000000000000 ) ) ;
#1064 = CIRCLE ( 'NONE', #2524, 0.7999999999999986011 ) ;
#1065 = VERTEX_POINT ( 'NONE', #2258 ) ;
#1066 = LINE ( 'NONE', #4006, #3611 ) ;
#1067 = ORIENTED_EDGE ( 'NONE', *, *, #242, .F. ) ;
#1068 = DIRECTION ( 'NONE',  ( 0.000000000000000000, 0.000000000000000000, -1.000000000000000000 ) ) ;
#1069 = VECTOR ( 'NONE', #3149, 999.9999999999998863 ) ;
#1070 = ORIENTED_EDGE ( 'NONE', *, *, #4303, .T. ) ;
#1071 = CARTESIAN_POINT ( 'NONE',  ( 1.999999999999999556, -4.500000000000000000, 4.000000000000000000 ) ) ;
#1072 = CYLINDRICAL_SURFACE ( 'NONE', #766, 2.049999999999999822 ) ;
#1073 = EDGE_LOOP ( 'NONE', ( #4535, #3415, #3052, #4489 ) ) ;
#1074 = DIRECTION ( 'NONE',  ( 0.000000000000000000, -1.000000000000000000, 0.000000000000000000 ) ) ;
#1075 = DIRECTION ( 'NONE',  ( 0.000000000000000000, -1.000000000000000000, -2.168404344971010594E-16 ) ) ;
#1076 = CIRCLE ( 'NONE', #5254, 4.500000000000003553 ) ;
#1077 = LINE ( 'NONE', #3589, #5096 ) ;
#1078 = ADVANCED_FACE ( 'NONE', ( #493 ), #1414, .T. ) ;
#1079 = CARTESIAN_POINT ( 'NONE',  ( 0.4999999999999987232, -10.71297600145975792, 43.17738353869633983 ) ) ;
#1080 = FACE_OUTER_BOUND ( 'NONE', #1500, .T. ) ;
#1081 = ORIENTED_EDGE ( 'NONE', *, *, #282, .F. ) ;
#1082 = DIRECTION ( 'NONE',  ( -1.103085371411595902E-16, 0.8917953516752833432, -0.4524390022205841411 ) ) ;
#1083 = VECTOR ( 'NONE', #4508, 1000.000000000000000 ) ;
#1084 = EDGE_CURVE ( 'NONE', #2856, #3322, #3830, .T. ) ;
#1085 = ORIENTED_EDGE ( 'NONE', *, *, #4653, .F. ) ;
#1086 = CIRCLE ( 'NONE', #908, 0.8000000000000003775 ) ;
#1087 = DIRECTION ( 'NONE',  ( -1.000000000000000000, -1.239088197126290570E-16, -0.000000000000000000 ) ) ;
#1088 = EDGE_CURVE ( 'NONE', #4773, #2229, #546, .T. ) ;
#1089 = CIRCLE ( 'NONE', #3342, 2.050000000000010036 ) ;
#1090 = VECTOR ( 'NONE', #1342, 1000.000000000000000 ) ;
#1091 = EDGE_CURVE ( 'NONE', #5583, #2494, #2290, .T. ) ;
#1092 = DIRECTION ( 'NONE',  ( -1.000000000000000000, -3.469446951953612956E-17, 0.000000000000000000 ) ) ;
#1093 = ORIENTED_EDGE ( 'NONE', *, *, #1088, .T. ) ;
#1094 = ORIENTED_EDGE ( 'NONE', *, *, #175, .F. ) ;
#1095 = AXIS2_PLACEMENT_3D ( 'NONE', #5585, #3408, #4784 ) ;
#1096 = EDGE_CURVE ( 'NONE', #5137, #986, #126, .T. ) ;
#1097 = PLANE ( 'NONE',  #2990 ) ;
#1098 = DIRECTION ( 'NONE',  ( -0.000000000000000000, 0.000000000000000000, 1.000000000000000000 ) ) ;
#1099 = EDGE_LOOP ( 'NONE', ( #5271, #3215, #5430, #5088, #2769, #2520 ) ) ;
#1100 = LINE ( 'NONE', #160, #891 ) ;
#1101 = CARTESIAN_POINT ( 'NONE',  ( 3.500000000000000444, -22.49999999999999289, -18.00000000000000711 ) ) ;
#1102 = CARTESIAN_POINT ( 'NONE',  ( 4.000000000000000000, -14.78702399854023675, 34.82261646130366017 ) ) ;
#1103 = CIRCLE ( 'NONE', #4262, 3.999999999999998224 ) ;
#1104 = PLANE ( 'NONE',  #4234 ) ;
#1105 = DIRECTION ( 'NONE',  ( 1.000000000000000000, 1.239088197126290570E-16, 0.000000000000000000 ) ) ;
#1106 = CARTESIAN_POINT ( 'NONE',  ( 4.000000000000000000, -8.087544543006945474, 14.54168760482228606 ) ) ;
#1107 = DIRECTION ( 'NONE',  ( -1.000000000000000000, -1.239088197126290817E-16, 0.000000000000000000 ) ) ;
#1108 = VECTOR ( 'NONE', #3818, 1000.000000000000000 ) ;
#1109 = EDGE_CURVE ( 'NONE', #2936, #1248, #3966, .T. ) ;
#1110 = VERTEX_POINT ( 'NONE', #2633 ) ;
#1111 = CARTESIAN_POINT ( 'NONE',  ( 4.000000000000000000, -4.499999999999999112, -18.40000000000000568 ) ) ;
#1112 = VECTOR ( 'NONE', #318, 1000.000000000000114 ) ;
#1113 = ORIENTED_EDGE ( 'NONE', *, *, #2817, .F. ) ;
#1114 = CARTESIAN_POINT ( 'NONE',  ( 3.500000000000000444, -15.99999999999998934, -18.00000000000000711 ) ) ;
#1115 = VECTOR ( 'NONE', #2646, 1000.000000000000000 ) ;
#1116 = ADVANCED_FACE ( 'NONE', ( #463 ), #4338, .F. ) ;
#1117 = DIRECTION ( 'NONE',  ( 3.469446951953612956E-17, -1.000000000000000000, 0.000000000000000000 ) ) ;
#1118 = LINE ( 'NONE', #775, #2747 ) ;
#1119 = ORIENTED_EDGE ( 'NONE', *, *, #921, .T. ) ;
#1120 = ORIENTED_EDGE ( 'NONE', *, *, #4570, .T. ) ;
#1121 = EDGE_CURVE ( 'NONE', #3015, #1242, #2171, .T. ) ;
#1122 = VERTEX_POINT ( 'NONE', #1836 ) ;
#1123 = EDGE_CURVE ( 'NONE', #1146, #494, #3547, .T. ) ;
#1124 = VERTEX_POINT ( 'NONE', #3484 ) ;
#1125 = CARTESIAN_POINT ( 'NONE',  ( 0.000000000000000000, 0.000000000000000000, -18.39999999999999858 ) ) ;
#1126 = AXIS2_PLACEMENT_3D ( 'NONE', #4688, #2547, #64 ) ;
#1127 = DIRECTION ( 'NONE',  ( -1.000000000000000000, -3.252606517456513918E-17, 0.000000000000000000 ) ) ;
#1128 = CARTESIAN_POINT ( 'NONE',  ( 0.9999999999999995559, -6.500000000000000000, 14.54168760482228606 ) ) ;
#1129 = CARTESIAN_POINT ( 'NONE',  ( 1.225000000000000089, -22.49999999999998934, -24.20000000000000639 ) ) ;
#1130 = EDGE_CURVE ( 'NONE', #5074, #3002, #4867, .T. ) ;
#1131 = ORIENTED_EDGE ( 'NONE', *, *, #3420, .F. ) ;
#1132 = DIRECTION ( 'NONE',  ( -1.000000000000000000, -3.469446951953611107E-17, 0.000000000000000000 ) ) ;
#1133 = CIRCLE ( 'NONE', #3035, 3.999999999999998224 ) ;
#1134 = CARTESIAN_POINT ( 'NONE',  ( 5.000000000000000000, 0.000000000000000000, -20.00000000000000000 ) ) ;
#1135 = DIRECTION ( 'NONE',  ( -1.000000000000000000, 0.000000000000000000, -0.000000000000000000 ) ) ;
#1136 = EDGE_LOOP ( 'NONE', ( #2651, #5022, #1558, #1361 ) ) ;
#1137 = CYLINDRICAL_SURFACE ( 'NONE', #4798, 1.649999999999998579 ) ;
#1138 = AXIS2_PLACEMENT_3D ( 'NONE', #1458, #2731, #3472 ) ;
#1139 = DIRECTION ( 'NONE',  ( 3.252606517456513918E-17, -1.000000000000000000, 0.000000000000000000 ) ) ;
#1140 = AXIS2_PLACEMENT_3D ( 'NONE', #4793, #1371, #30 ) ;
#1141 = EDGE_LOOP ( 'NONE', ( #3051, #1249, #1386, #2361 ) ) ;
#1142 = PLANE ( 'NONE',  #5493 ) ;
#1143 = CARTESIAN_POINT ( 'NONE',  ( 0.9999999999999993339, -0.5000000000000065503, 62.50000000000000000 ) ) ;
#1144 = ORIENTED_EDGE ( 'NONE', *, *, #3392, .T. ) ;
#1145 = FACE_OUTER_BOUND ( 'NONE', #1536, .T. ) ;
#1146 = VERTEX_POINT ( 'NONE', #3596 ) ;
#1147 = CARTESIAN_POINT ( 'NONE',  ( 4.000000000000000000, -18.46851846721101964, 21.65831239517770612 ) ) ;
#1148 = CIRCLE ( 'NONE', #4116, 0.8000000000000003775 ) ;
#1149 = CARTESIAN_POINT ( 'NONE',  ( 5.000000000000000000, -3.000000000000000000, -37.00000000000000000 ) ) ;
#1150 = EDGE_CURVE ( 'NONE', #4686, #1697, #3250, .T. ) ;
#1151 = ORIENTED_EDGE ( 'NONE', *, *, #655, .T. ) ;
#1152 = VERTEX_POINT ( 'NONE', #2345 ) ;
#1153 = AXIS2_PLACEMENT_3D ( 'NONE', #407, #5142, #4776 ) ;
#1154 = DIRECTION ( 'NONE',  ( -1.000000000000000000, -3.469446951953611107E-17, 0.000000000000000000 ) ) ;
#1155 = CARTESIAN_POINT ( 'NONE',  ( 7.002000000000004221, -6.499999999999998224, 23.13299826867510589 ) ) ;
#1156 = ADVANCED_FACE ( 'NONE', ( #5451 ), #1546, .F. ) ;
#1157 = CARTESIAN_POINT ( 'NONE',  ( 7.002000000000005109, -12.75000000000000000, 39.00000000000000000 ) ) ;
#1158 = EDGE_LOOP ( 'NONE', ( #2974, #4572 ) ) ;
#1159 = LINE ( 'NONE', #2531, #1645 ) ;
#1160 = FACE_OUTER_BOUND ( 'NONE', #2960, .T. ) ;
#1161 = DIRECTION ( 'NONE',  ( -1.000000000000000000, -1.239088197126290570E-16, 0.000000000000000000 ) ) ;
#1162 = EDGE_CURVE ( 'NONE', #1065, #3524, #4130, .T. ) ;
#1163 = VECTOR ( 'NONE', #466, 1000.000000000000000 ) ;
#1164 = ORIENTED_EDGE ( 'NONE', *, *, #4795, .T. ) ;
#1165 = FACE_OUTER_BOUND ( 'NONE', #835, .T. ) ;
#1166 = VERTEX_POINT ( 'NONE', #2768 ) ;
#1167 = CARTESIAN_POINT ( 'NONE',  ( 1.225000000000000089, -20.99999999999999645, -34.20000000000000284 ) ) ;
#1168 = ORIENTED_EDGE ( 'NONE', *, *, #729, .T. ) ;
#1169 = ORIENTED_EDGE ( 'NONE', *, *, #1096, .F. ) ;
#1170 = DIRECTION ( 'NONE',  ( 1.000000000000000000, 0.000000000000000000, -0.000000000000000000 ) ) ;
#1171 = FACE_OUTER_BOUND ( 'NONE', #1285, .T. ) ;
#1172 = FACE_OUTER_BOUND ( 'NONE', #5218, .T. ) ;
#1173 = CIRCLE ( 'NONE', #2638, 0.7999999999999986011 ) ;
#1174 = ORIENTED_EDGE ( 'NONE', *, *, #3471, .T. ) ;
#1175 = CARTESIAN_POINT ( 'NONE',  ( 5.000000000000000888, 5.384615384615379696, 58.21831338878165951 ) ) ;
#1176 = CARTESIAN_POINT ( 'NONE',  ( 4.224999999999999645, -15.99999999999999645, -31.09999999999999432 ) ) ;
#1177 = ORIENTED_EDGE ( 'NONE', *, *, #1501, .T. ) ;
#1178 = ORIENTED_EDGE ( 'NONE', *, *, #1049, .T. ) ;
#1179 = VERTEX_POINT ( 'NONE', #3279 ) ;
#1180 = EDGE_CURVE ( 'NONE', #4111, #1200, #1916, .T. ) ;
#1181 = EDGE_LOOP ( 'NONE', ( #3447, #1408, #4737, #4368 ) ) ;
#1182 = VERTEX_POINT ( 'NONE', #3667 ) ;
#1183 = DIRECTION ( 'NONE',  ( 3.469446951953611107E-17, -1.000000000000000000, 0.000000000000000000 ) ) ;
#1184 = AXIS2_PLACEMENT_3D ( 'NONE', #2855, #1640, #4670 ) ;
#1185 = DIRECTION ( 'NONE',  ( -1.000000000000000000, -3.252606517456513918E-17, 0.000000000000000000 ) ) ;
#1186 = DIRECTION ( 'NONE',  ( 1.000000000000000000, 3.252606517456513918E-17, -0.000000000000000000 ) ) ;
#1187 = SHAPE_DEFINITION_REPRESENTATION ( #2129, #4455 ) ;
#1188 = VECTOR ( 'NONE', #1620, 1000.000000000000000 ) ;
#1189 = ORIENTED_EDGE ( 'NONE', *, *, #2316, .T. ) ;
#1190 = EDGE_LOOP ( 'NONE', ( #3911, #1894, #1217, #4756, #155, #1897, #5381, #382 ) ) ;
#1191 = EDGE_CURVE ( 'NONE', #4516, #4192, #4019, .T. ) ;
#1192 = CARTESIAN_POINT ( 'NONE',  ( 0.4999999999999987232, -10.71297600145975792, 34.82261646130366017 ) ) ;
#1193 = CARTESIAN_POINT ( 'NONE',  ( 1.000000000000000888, -10.95018283449971719, 60.45831239517769262 ) ) ;
#1194 = DIRECTION ( 'NONE',  ( -3.469446951953612956E-17, 1.000000000000000000, -0.000000000000000000 ) ) ;
#1195 = EDGE_LOOP ( 'NONE', ( #4865, #2403 ) ) ;
#1196 = CARTESIAN_POINT ( 'NONE',  ( 0.4999999999999990563, -12.75000000000000000, 39.00000000000000000 ) ) ;
#1197 = EDGE_CURVE ( 'NONE', #2057, #5449, #2503, .T. ) ;
#1198 = DIRECTION ( 'NONE',  ( 0.000000000000000000, -1.000000000000000000, 0.000000000000000000 ) ) ;
#1199 = EDGE_CURVE ( 'NONE', #4686, #3788, #4565, .T. ) ;
#1200 = VERTEX_POINT ( 'NONE', #2396 ) ;
#1201 = CARTESIAN_POINT ( 'NONE',  ( 7.002000000000004221, -8.595291006435214598, 25.99736765364722046 ) ) ;
#1202 = CARTESIAN_POINT ( 'NONE',  ( 5.000000000000000000, 4.000000000000000888, -28.57413601349979260 ) ) ;
#1203 = CARTESIAN_POINT ( 'NONE',  ( 4.000000000000000000, -10.42530236141373834, 35.74488389006606326 ) ) ;
#1204 = DIRECTION ( 'NONE',  ( 0.000000000000000000, -1.000000000000000000, 0.000000000000000000 ) ) ;
#1205 = VERTEX_POINT ( 'NONE', #4456 ) ;
#1206 = AXIS2_PLACEMENT_3D ( 'NONE', #4388, #1271, #2987 ) ;
#1207 = DIRECTION ( 'NONE',  ( -3.469446951953611107E-17, 1.000000000000000000, -0.000000000000000000 ) ) ;
#1208 = ORIENTED_EDGE ( 'NONE', *, *, #1479, .F. ) ;
#1209 = DIRECTION ( 'NONE',  ( 0.000000000000000000, 0.000000000000000000, -1.000000000000000000 ) ) ;
#1210 = VERTEX_POINT ( 'NONE', #1143 ) ;
#1211 = ORIENTED_EDGE ( 'NONE', *, *, #4340, .T. ) ;
#1212 = VECTOR ( 'NONE', #335, 1000.000000000000000 ) ;
#1213 = ORIENTED_EDGE ( 'NONE', *, *, #3599, .F. ) ;
#1214 = CIRCLE ( 'NONE', #4002, 0.8000000000000003775 ) ;
#1215 = CARTESIAN_POINT ( 'NONE',  ( 0.4999999999999993339, -15.07469763858626521, 42.25511610993392964 ) ) ;
#1216 = DIRECTION ( 'NONE',  ( -1.165692616471626958E-16, 0.9407664597040923393, 0.3390552584695133431 ) ) ;
#1217 = ORIENTED_EDGE ( 'NONE', *, *, #3765, .F. ) ;
#1218 = DIRECTION ( 'NONE',  ( 0.000000000000000000, 0.000000000000000000, -1.000000000000000000 ) ) ;
#1219 = ORIENTED_EDGE ( 'NONE', *, *, #2033, .F. ) ;
#1220 = CYLINDRICAL_SURFACE ( 'NONE', #3341, 2.050000000000003375 ) ;
#1221 = CARTESIAN_POINT ( 'NONE',  ( -64.14711903867025455, -18.20000000000000639, 6.896422575144960376 ) ) ;
#1222 = CARTESIAN_POINT ( 'NONE',  ( 7.002000000000005997, -19.00000000000001066, 23.13299826867507036 ) ) ;
#1223 = FACE_BOUND ( 'NONE', #875, .T. ) ;
#1224 = ADVANCED_FACE ( 'NONE', ( #4100 ), #225, .F. ) ;
#1225 = FACE_OUTER_BOUND ( 'NONE', #879, .T. ) ;
#1226 = VERTEX_POINT ( 'NONE', #1999 ) ;
#1227 = DIRECTION ( 'NONE',  ( 1.355252715606881036E-16, -1.000000000000000000, 0.000000000000000000 ) ) ;
#1228 = CARTESIAN_POINT ( 'NONE',  ( 0.9999999999999991118, 3.999999999999998224, 62.50000000000000000 ) ) ;
#1229 = VECTOR ( 'NONE', #4992, 1000.000000000000000 ) ;
#1230 = DIRECTION ( 'NONE',  ( -1.000000000000000000, -3.252606517456513918E-17, 0.000000000000000000 ) ) ;
#1231 = EDGE_CURVE ( 'NONE', #284, #452, #1888, .T. ) ;
#1232 = VECTOR ( 'NONE', #109, 1000.000000000000000 ) ;
#1233 = CARTESIAN_POINT ( 'NONE',  ( 7.002000000000005997, -16.90470899356478895, 25.99736765364722046 ) ) ;
#1235 = ORIENTED_EDGE ( 'NONE', *, *, #4222, .F. ) ;
#1234 = AXIS2_PLACEMENT_3D ( 'NONE', #1321, #5203, #2070 ) ;
#1236 = DIRECTION ( 'NONE',  ( 0.000000000000000000, 0.7071067811865474617, -0.7071067811865474617 ) ) ;
#1237 = VECTOR ( 'NONE', #4821, 1000.000000000000000 ) ;
#1238 = ADVANCED_FACE ( 'NONE', ( #4504 ), #1573, .F. ) ;
#1239 = ORIENTED_EDGE ( 'NONE', *, *, #520, .F. ) ;
#1240 = CIRCLE ( 'NONE', #2507, 0.7999999999999986011 ) ;
#1241 = DIRECTION ( 'NONE',  ( -1.000000000000000000, -3.252606517456513302E-17, -2.535569890667617935E-16 ) ) ;
#1242 = VERTEX_POINT ( 'NONE', #5348 ) ;
#1243 = EDGE_CURVE ( 'NONE', #1279, #1839, #46, .T. ) ;
#1244 = EDGE_LOOP ( 'NONE', ( #4255, #1041, #50, #3349 ) ) ;
#1245 = AXIS2_PLACEMENT_3D ( 'NONE', #161, #3711, #3270 ) ;
#1246 = VERTEX_POINT ( 'NONE', #5401 ) ;
#1247 = AXIS2_PLACEMENT_3D ( 'NONE', #2191, #1798, #4304 ) ;
#1248 = VERTEX_POINT ( 'NONE', #171 ) ;
#1249 = ORIENTED_EDGE ( 'NONE', *, *, #1557, .T. ) ;
#1250 = LINE ( 'NONE', #4549, #9 ) ;
#1251 = CARTESIAN_POINT ( 'NONE',  ( 2.724999999999996092, -69.00100000000004741, 7.001000000000409784 ) ) ;
#1252 = PLANE ( 'NONE',  #4589 ) ;
#1253 = CARTESIAN_POINT ( 'NONE',  ( 1.999999999999999556, -4.500000000000000000, 67.00000000000000000 ) ) ;
#1254 = VECTOR ( 'NONE', #1803, 1000.000000000000000 ) ;
#1255 = LINE ( 'NONE', #2501, #2441 ) ;
#1256 = FACE_OUTER_BOUND ( 'NONE', #1900, .T. ) ;
#1257 = ORIENTED_EDGE ( 'NONE', *, *, #3733, .F. ) ;
#1258 = DIRECTION ( 'NONE',  ( -0.000000000000000000, -1.000000000000000000, -2.168404344971010840E-16 ) ) ;
#1259 = DIRECTION ( 'NONE',  ( 0.000000000000000000, 0.000000000000000000, -1.000000000000000000 ) ) ;
#1260 = ORIENTED_EDGE ( 'NONE', *, *, #5359, .T. ) ;
#1261 = CARTESIAN_POINT ( 'NONE',  ( 4.000000000000000000, -9.960362833696484230, 35.09386066807927307 ) ) ;
#1262 = ADVANCED_FACE ( 'NONE', ( #5372 ), #1493, .T. ) ;
#1263 = ORIENTED_EDGE ( 'NONE', *, *, #5192, .F. ) ;
#1264 = EDGE_LOOP ( 'NONE', ( #3607, #5276, #4668, #2466 ) ) ;
#1265 = CARTESIAN_POINT ( 'NONE',  ( -63.03173803727769808, -6.500000000000001776, 4.000000000000000000 ) ) ;
#1266 = DIRECTION ( 'NONE',  ( -1.000000000000000000, -3.252606517456513918E-17, -0.000000000000000000 ) ) ;
#1267 = AXIS2_PLACEMENT_3D ( 'NONE', #2636, #837, #1307 ) ;
#1268 = ORIENTED_EDGE ( 'NONE', *, *, #345, .F. ) ;
#1269 = EDGE_CURVE ( 'NONE', #2178, #4807, #2319, .T. ) ;
#1270 = CARTESIAN_POINT ( 'NONE',  ( 4.225000000000000533, -13.99999999999999822, -19.59999999999999787 ) ) ;
#1271 = DIRECTION ( 'NONE',  ( -1.000000000000000000, -3.469446951953612956E-17, 0.000000000000000000 ) ) ;
#1272 = ORIENTED_EDGE ( 'NONE', *, *, #5357, .F. ) ;
#1273 = AXIS2_PLACEMENT_3D ( 'NONE', #1462, #4041, #1539 ) ;
#1274 = CIRCLE ( 'NONE', #717, 1.000000000000000888 ) ;
#1275 = EDGE_CURVE ( 'NONE', #2232, #2590, #3644, .T. ) ;
#1276 = EDGE_LOOP ( 'NONE', ( #2226, #80, #2389, #5079 ) ) ;
#1277 = ORIENTED_EDGE ( 'NONE', *, *, #75, .T. ) ;
#1278 = EDGE_CURVE ( 'NONE', #2037, #1124, #3283, .T. ) ;
#1279 = VERTEX_POINT ( 'NONE', #4245 ) ;
#1280 = ORIENTED_EDGE ( 'NONE', *, *, #852, .T. ) ;
#1281 = CARTESIAN_POINT ( 'NONE',  ( 1.999999999999999112, -0.5000000000000065503, 67.00000000000000000 ) ) ;
#1282 = AXIS2_PLACEMENT_3D ( 'NONE', #5572, #2927, #5211 ) ;
#1283 = CARTESIAN_POINT ( 'NONE',  ( 7.002000000000004221, -7.661951201776465936, 60.80847766620527750 ) ) ;
#1284 = VECTOR ( 'NONE', #2445, 1000.000000000000000 ) ;
#1285 = EDGE_LOOP ( 'NONE', ( #2291, #5485, #482, #1219 ) ) ;
#1286 = VERTEX_POINT ( 'NONE', #2481 ) ;
#1287 = CARTESIAN_POINT ( 'NONE',  ( 7.001000000000002110, -7.828427124746198729, -37.00000000000000000 ) ) ;
#1288 = AXIS2_PLACEMENT_3D ( 'NONE', #2433, #4168, #297 ) ;
#1289 = DIRECTION ( 'NONE',  ( 0.000000000000000000, -0.4151624548736461140, -0.9097472924187725019 ) ) ;
#1290 = CARTESIAN_POINT ( 'NONE',  ( 7.002000000000005109, -15.53963716630351577, 42.90613933192071983 ) ) ;
#1291 = ORIENTED_EDGE ( 'NONE', *, *, #2122, .F. ) ;
#1292 = LINE ( 'NONE', #3003, #2899 ) ;
#1293 = DIRECTION ( 'NONE',  ( 0.000000000000000000, -1.000000000000000000, -2.168404344971010594E-16 ) ) ;
#1294 = CARTESIAN_POINT ( 'NONE',  ( 4.225000000000000533, -14.49999999999999645, -31.09999999999999432 ) ) ;
#1295 = CARTESIAN_POINT ( 'NONE',  ( 4.000000000000000000, -12.75000000000000000, 39.00000000000000000 ) ) ;
#1296 = VERTEX_POINT ( 'NONE', #2101 ) ;
#1297 = EDGE_LOOP ( 'NONE', ( #1966, #3580, #1911, #1917 ) ) ;
#1298 = CARTESIAN_POINT ( 'NONE',  ( 0.9999999999999997780, -15.50000000000000178, 64.00000000000000000 ) ) ;
#1299 = FACE_OUTER_BOUND ( 'NONE', #3767, .T. ) ;
#1300 = ORIENTED_EDGE ( 'NONE', *, *, #5423, .F. ) ;
#1301 = ORIENTED_EDGE ( 'NONE', *, *, #4471, .T. ) ;
#1302 = CARTESIAN_POINT ( 'NONE',  ( 1.000000000000000222, -18.08243860895744248, 55.27044339804668027 ) ) ;
#1303 = VERTEX_POINT ( 'NONE', #1202 ) ;
#1304 = CIRCLE ( 'NONE', #833, 3.999999999999998224 ) ;
#1305 = ORIENTED_EDGE ( 'NONE', *, *, #1026, .F. ) ;
#1306 = EDGE_LOOP ( 'NONE', ( #4679, #4597, #5200, #1394 ) ) ;
#1307 = DIRECTION ( 'NONE',  ( 0.000000000000000000, -1.000000000000000000, 0.000000000000000000 ) ) ;
#1308 = EDGE_CURVE ( 'NONE', #3853, #5368, #3306, .T. ) ;
#1309 = EDGE_LOOP ( 'NONE', ( #5131, #1825, #5208, #372, #3849, #2479 ) ) ;
#1310 = ORIENTED_EDGE ( 'NONE', *, *, #1793, .F. ) ;
#1311 = CARTESIAN_POINT ( 'NONE',  ( 0.4999999999999980571, -5.299999999999999822, -4.000000000000000000 ) ) ;
#1312 = DIRECTION ( 'NONE',  ( -1.000000000000000000, -3.252606517456513918E-17, -4.636167053988481521E-17 ) ) ;
#1313 = EDGE_CURVE ( 'NONE', #560, #3703, #1603, .T. ) ;
#1314 = DIRECTION ( 'NONE',  ( 1.000000000000000000, 1.239088197126290817E-16, 6.270397653133593184E-34 ) ) ;
#1315 = FACE_OUTER_BOUND ( 'NONE', #832, .T. ) ;
#1316 = CARTESIAN_POINT ( 'NONE',  ( 7.002000000000005109, -10.42530236141373834, 35.74488389006606326 ) ) ;
#1317 = VERTEX_POINT ( 'NONE', #3749 ) ;
#1318 = ORIENTED_EDGE ( 'NONE', *, *, #2751, .F. ) ;
#1319 = DIRECTION ( 'NONE',  ( 1.000000000000000000, 3.129951135296190967E-17, -0.000000000000000000 ) ) ;
#1320 = EDGE_CURVE ( 'NONE', #1839, #4003, #4626, .T. ) ;
#1321 = CARTESIAN_POINT ( 'NONE',  ( 5.000000000000000000, 0.000000000000000000, 0.000000000000000000 ) ) ;
#1322 = CARTESIAN_POINT ( 'NONE',  ( 4.000000000000000000, -6.499999999999999112, 15.34168760482228500 ) ) ;
#1323 = ORIENTED_EDGE ( 'NONE', *, *, #236, .T. ) ;
#1324 = LINE ( 'NONE', #2254, #4761 ) ;
#1325 = CARTESIAN_POINT ( 'NONE',  ( 0.9999999999999995559, -6.500000000000000000, 61.52191394754551368 ) ) ;
#1326 = ORIENTED_EDGE ( 'NONE', *, *, #2828, .F. ) ;
#1327 = CARTESIAN_POINT ( 'NONE',  ( 6.000000000000000000, -13.99999999999999645, -26.35000000000000142 ) ) ;
#1328 = VERTEX_POINT ( 'NONE', #5598 ) ;
#1329 = AXIS2_PLACEMENT_3D ( 'NONE', #584, #3213, #3165 ) ;
#1330 = VECTOR ( 'NONE', #600, 1000.000000000000000 ) ;
#1331 = DIRECTION ( 'NONE',  ( 0.000000000000000000, 0.000000000000000000, -1.000000000000000000 ) ) ;
#1332 = ORIENTED_EDGE ( 'NONE', *, *, #1269, .T. ) ;
#1333 = VECTOR ( 'NONE', #4352, 1000.000000000000000 ) ;
#1334 = AXIS2_PLACEMENT_3D ( 'NONE', #4861, #2656, #3905 ) ;
#1335 = EDGE_CURVE ( 'NONE', #993, #4244, #3363, .T. ) ;
#1336 = FACE_OUTER_BOUND ( 'NONE', #2794, .T. ) ;
#1337 = VECTOR ( 'NONE', #5447, 1000.000000000000114 ) ;
#1338 = LINE ( 'NONE', #1283, #4001 ) ;
#1339 = FACE_BOUND ( 'NONE', #5539, .T. ) ;
#1340 = AXIS2_PLACEMENT_3D ( 'NONE', #5471, #616, #213 ) ;
#1341 = EDGE_CURVE ( 'NONE', #575, #5272, #4682, .T. ) ;
#1342 = DIRECTION ( 'NONE',  ( -0.000000000000000000, 1.000000000000000000, -0.000000000000000000 ) ) ;
#1343 = AXIS2_PLACEMENT_3D ( 'NONE', #4680, #2896, #793 ) ;
#1344 = CARTESIAN_POINT ( 'NONE',  ( -64.14711903867025455, -10.95018283449972607, 59.65831239517768836 ) ) ;
#1345 = LINE ( 'NONE', #2730, #1237 ) ;
#1346 = DIRECTION ( 'NONE',  ( 0.000000000000000000, -1.000000000000000000, 0.000000000000000000 ) ) ;
#1347 = AXIS2_PLACEMENT_3D ( 'NONE', #2741, #3542, #5344 ) ;
#1348 = CARTESIAN_POINT ( 'NONE',  ( 0.4999999999999995559, -18.20000000000000639, 64.13639844763217468 ) ) ;
#1349 = ADVANCED_FACE ( 'NONE', ( #1171 ), #3391, .F. ) ;
#1350 = ORIENTED_EDGE ( 'NONE', *, *, #1419, .F. ) ;
#1351 = LINE ( 'NONE', #3040, #1949 ) ;
#1352 = VERTEX_POINT ( 'NONE', #2511 ) ;
#1353 = ORIENTED_EDGE ( 'NONE', *, *, #5103, .F. ) ;
#1354 = DIRECTION ( 'NONE',  ( -1.000000000000000000, -3.469446951953612956E-17, 0.000000000000000000 ) ) ;
#1355 = DIRECTION ( 'NONE',  ( 1.000000000000000000, -0.000000000000000000, -0.000000000000000000 ) ) ;
#1356 = ORIENTED_EDGE ( 'NONE', *, *, #3505, .T. ) ;
#1357 = AXIS2_PLACEMENT_3D ( 'NONE', #5062, #2886, #2038 ) ;
#1358 = ORIENTED_EDGE ( 'NONE', *, *, #2662, .F. ) ;
#1359 = EDGE_CURVE ( 'NONE', #1701, #3424, #5506, .T. ) ;
#1360 = CARTESIAN_POINT ( 'NONE',  ( 1.000000000000000000, -18.46851846721101964, 21.65831239517770612 ) ) ;
#1361 = ORIENTED_EDGE ( 'NONE', *, *, #2870, .T. ) ;
#1362 = CARTESIAN_POINT ( 'NONE',  ( 7.000000000000000000, 0.000000000000000000, 1.600000000000000089 ) ) ;
#1363 = DIRECTION ( 'NONE',  ( -1.000000000000000000, -3.252606517456514535E-17, -4.636167053988475974E-17 ) ) ;
#1364 = LINE ( 'NONE', #4290, #4649 ) ;
#1365 = EDGE_CURVE ( 'NONE', #4483, #342, #2951, .T. ) ;
#1366 = AXIS2_PLACEMENT_3D ( 'NONE', #3253, #4993, #716 ) ;
#1367 = CARTESIAN_POINT ( 'NONE',  ( 7.002000000000005997, -17.32982544119417057, 22.45831239517770328 ) ) ;
#1368 = DIRECTION ( 'NONE',  ( 0.000000000000000000, 1.000000000000000000, 0.000000000000000000 ) ) ;
#1369 = DIRECTION ( 'NONE',  ( -1.000000000000000000, -0.000000000000000000, -0.000000000000000000 ) ) ;
#1370 = EDGE_LOOP ( 'NONE', ( #3488, #3103, #2980, #2382 ) ) ;
#1371 = DIRECTION ( 'NONE',  ( -2.378805816452450016E-17, 0.7313537016191671292, 0.6819983600625021403 ) ) ;
#1372 = FACE_OUTER_BOUND ( 'NONE', #3469, .T. ) ;
#1373 = ADVANCED_FACE ( 'NONE', ( #2022, #2047, #2873, #5172 ), #3724, .F. ) ;
#1374 = CIRCLE ( 'NONE', #5274, 0.7999999999999986011 ) ;
#1375 = CARTESIAN_POINT ( 'NONE',  ( 4.000000000000000000, -5.299999999999998934, -4.000000000000000000 ) ) ;
#1376 = LINE ( 'NONE', #483, #1986 ) ;
#1377 = DIRECTION ( 'NONE',  ( 0.000000000000000000, -1.000000000000000000, 0.000000000000000000 ) ) ;
#1378 = ORIENTED_EDGE ( 'NONE', *, *, #2697, .T. ) ;
#1379 = EDGE_CURVE ( 'NONE', #1205, #2071, #3382, .T. ) ;
#1380 = CARTESIAN_POINT ( 'NONE',  ( 0.4999999999999997780, -19.00000000000001066, 23.13299826867507036 ) ) ;
#1381 = CARTESIAN_POINT ( 'NONE',  ( 0.9999999999999995559, -18.20000000000000284, 59.65831239517769546 ) ) ;
#1382 = EDGE_CURVE ( 'NONE', #3098, #3879, #3777, .T. ) ;
#1383 = ORIENTED_EDGE ( 'NONE', *, *, #1899, .F. ) ;
#1384 = AXIS2_PLACEMENT_3D ( 'NONE', #2180, #3492, #2641 ) ;
#1385 = ORIENTED_EDGE ( 'NONE', *, *, #311, .F. ) ;
#1386 = ORIENTED_EDGE ( 'NONE', *, *, #2307, .T. ) ;
#1387 = DIRECTION ( 'NONE',  ( 0.000000000000000000, -1.000000000000000000, 0.000000000000000000 ) ) ;
#1388 = ORIENTED_EDGE ( 'NONE', *, *, #1952, .F. ) ;
#1389 = CARTESIAN_POINT ( 'NONE',  ( 31.65336144876025770, -1.644164868785977118, 75.00000000000000000 ) ) ;
#1390 = EDGE_CURVE ( 'NONE', #1597, #3803, #4376, .T. ) ;
#1391 = AXIS2_PLACEMENT_3D ( 'NONE', #1287, #4730, #848 ) ;
#1392 = AXIS2_PLACEMENT_3D ( 'NONE', #522, #2797, #2721 ) ;
#1393 = FACE_OUTER_BOUND ( 'NONE', #1309, .T. ) ;
#1394 = ORIENTED_EDGE ( 'NONE', *, *, #2263, .F. ) ;
#1395 = DIRECTION ( 'NONE',  ( -1.176334233040897669E-17, 0.3390552584695135652, 0.9407664597040922283 ) ) ;
#1396 = CIRCLE ( 'NONE', #2757, 0.8000000000000003775 ) ;
#1397 = DIRECTION ( 'NONE',  ( 0.000000000000000000, 1.000000000000000000, 3.469446951953614682E-16 ) ) ;
#1398 = CARTESIAN_POINT ( 'NONE',  ( 1.225000000000000089, -22.49999999999998934, -31.59999999999999787 ) ) ;
#1399 = DIRECTION ( 'NONE',  ( -1.239088197126290570E-16, 1.000000000000000000, -1.577021341797097560E-16 ) ) ;
#1400 = CIRCLE ( 'NONE', #4548, 0.8000000000000003775 ) ;
#1401 = CARTESIAN_POINT ( 'NONE',  ( 7.001000000000002110, -7.828427124746198729, -37.00000000000000000 ) ) ;
#1402 = AXIS2_PLACEMENT_3D ( 'NONE', #3079, #498, #2588 ) ;
#1403 = MANIFOLD_SOLID_BREP ( 'ÇÐ³ý-À­Éì39', #3930 ) ;
#1404 = LINE ( 'NONE', #2248, #4039 ) ;
#1405 = DIRECTION ( 'NONE',  ( -1.000000000000000000, -1.239088197126290570E-16, 0.000000000000000000 ) ) ;
#1406 = FACE_OUTER_BOUND ( 'NONE', #5464, .T. ) ;
#1407 = EDGE_CURVE ( 'NONE', #5394, #4166, #3929, .T. ) ;
#1408 = ORIENTED_EDGE ( 'NONE', *, *, #3431, .F. ) ;
#1409 = FACE_OUTER_BOUND ( 'NONE', #3024, .T. ) ;
#1410 = CYLINDRICAL_SURFACE ( 'NONE', #987, 0.8000000000000003775 ) ;
#1411 = ORIENTED_EDGE ( 'NONE', *, *, #1379, .F. ) ;
#1412 = EDGE_CURVE ( 'NONE', #4658, #4181, #794, .T. ) ;
#1413 = ORIENTED_EDGE ( 'NONE', *, *, #1727, .F. ) ;
#1414 = PLANE ( 'NONE',  #1780 ) ;
#1415 = ADVANCED_FACE ( 'NONE', ( #87 ), #3538, .F. ) ;
#1416 = ORIENTED_EDGE ( 'NONE', *, *, #4969, .F. ) ;
#1417 = DIRECTION ( 'NONE',  ( 0.000000000000000000, -0.000000000000000000, -1.000000000000000000 ) ) ;
#1418 = EDGE_CURVE ( 'NONE', #5394, #4162, #1854, .T. ) ;
#1419 = EDGE_CURVE ( 'NONE', #2856, #2256, #1351, .T. ) ;
#1420 = DIRECTION ( 'NONE',  ( 2.168404344971009854E-16, -1.000000000000000000, 0.000000000000000000 ) ) ;
#1421 = AXIS2_PLACEMENT_3D ( 'NONE', #3620, #2844, #4561 ) ;
#1422 = VECTOR ( 'NONE', #669, 1000.000000000000000 ) ;
#1423 = VECTOR ( 'NONE', #4328, 1000.000000000000000 ) ;
#1424 = AXIS2_PLACEMENT_3D ( 'NONE', #1022, #4034, #4467 ) ;
#1425 = LINE ( 'NONE', #4878, #2833 ) ;
#1426 = VECTOR ( 'NONE', #5133, 1000.000000000000000 ) ;
#1427 = FACE_BOUND ( 'NONE', #400, .T. ) ;
#1428 = AXIS2_PLACEMENT_3D ( 'NONE', #3470, #3113, #2620 ) ;
#1429 = DIRECTION ( 'NONE',  ( -0.000000000000000000, -0.000000000000000000, -1.000000000000000000 ) ) ;
#1430 = DIRECTION ( 'NONE',  ( 0.000000000000000000, 1.000000000000000000, 0.000000000000000000 ) ) ;
#1431 = DIRECTION ( 'NONE',  ( -1.000000000000000000, -1.239088197126290570E-16, 0.000000000000000000 ) ) ;
#1432 = ORIENTED_EDGE ( 'NONE', *, *, #895, .F. ) ;
#1433 = CARTESIAN_POINT ( 'NONE',  ( -63.03173803727769808, -4.500000000000001776, 67.00000000000000000 ) ) ;
#1434 = DIRECTION ( 'NONE',  ( -8.425613936988278739E-17, 0.6570453101161651821, 0.7538510863919691829 ) ) ;
#1435 = FACE_OUTER_BOUND ( 'NONE', #5461, .T. ) ;
#1436 = ORIENTED_EDGE ( 'NONE', *, *, #5178, .T. ) ;
#1437 = LINE ( 'NONE', #3592, #678 ) ;
#1438 = DIRECTION ( 'NONE',  ( 1.000000000000000000, 1.239088197126290570E-16, -0.000000000000000000 ) ) ;
#1439 = ORIENTED_EDGE ( 'NONE', *, *, #4370, .F. ) ;
#1440 = VECTOR ( 'NONE', #5602, 1000.000000000000000 ) ;
#1441 = VECTOR ( 'NONE', #3350, 1000.000000000000000 ) ;
#1442 = CARTESIAN_POINT ( 'NONE',  ( 4.000000000000000000, -12.75000000000000000, 39.00000000000000000 ) ) ;
#1443 = ORIENTED_EDGE ( 'NONE', *, *, #20, .T. ) ;
#1444 = DIRECTION ( 'NONE',  ( 1.000000000000000000, 0.000000000000000000, -0.000000000000000000 ) ) ;
#1445 = EDGE_CURVE ( 'NONE', #657, #441, #3958, .T. ) ;
#1446 = DIRECTION ( 'NONE',  ( 1.000000000000000000, 1.239088197126290570E-16, -0.000000000000000000 ) ) ;
#1447 = EDGE_CURVE ( 'NONE', #3803, #2310, #1376, .T. ) ;
#1448 = ORIENTED_EDGE ( 'NONE', *, *, #5289, .F. ) ;
#1449 = ADVANCED_FACE ( 'NONE', ( #946 ), #4774, .F. ) ;
#1450 = AXIS2_PLACEMENT_3D ( 'NONE', #151, #3622, #1014 ) ;
#1451 = ORIENTED_EDGE ( 'NONE', *, *, #2160, .F. ) ;
#1452 = CARTESIAN_POINT ( 'NONE',  ( 0.5000000000000004441, -17.32982544119416701, 55.54168760482228606 ) ) ;
#1453 = FACE_OUTER_BOUND ( 'NONE', #2084, .T. ) ;
#1454 = FACE_BOUND ( 'NONE', #2597, .T. ) ;
#1455 = CIRCLE ( 'NONE', #5346, 0.8000000000000003775 ) ;
#1456 = ORIENTED_EDGE ( 'NONE', *, *, #1365, .F. ) ;
#1457 = CARTESIAN_POINT ( 'NONE',  ( 0.4999999999999995559, -18.20000000000000284, 50.28776832031181243 ) ) ;
#1458 = CARTESIAN_POINT ( 'NONE',  ( 1.000000000000000000, -9.251384209635093114, 52.54168760482228606 ) ) ;
#1459 = EDGE_CURVE ( 'NONE', #2057, #2216, #2625, .T. ) ;
#1460 = VERTEX_POINT ( 'NONE', #57 ) ;
#1461 = CARTESIAN_POINT ( 'NONE',  ( 0.4999999999999987232, -12.40635562892712329, 43.78768300394145996 ) ) ;
#1462 = CARTESIAN_POINT ( 'NONE',  ( 0.000000000000000000, -3.499999999999999556, -40.00100000000001188 ) ) ;
#1463 = CARTESIAN_POINT ( 'NONE',  ( 0.4999999999999987232, -9.960362833696484230, 42.90613933192072693 ) ) ;
#1464 = EDGE_LOOP ( 'NONE', ( #2089, #1045, #710, #5593, #2536, #2508 ) ) ;
#1465 = CARTESIAN_POINT ( 'NONE',  ( 2.724999999999999201, -22.49999999999998579, -40.99999999999999289 ) ) ;
#1466 = LINE ( 'NONE', #3176, #4961 ) ;
#1467 = ORIENTED_EDGE ( 'NONE', *, *, #3692, .F. ) ;
#1468 = CARTESIAN_POINT ( 'NONE',  ( 7.000000000000000000, -2.999999999999998668, 99.53303044828378177 ) ) ;
#1469 = VECTOR ( 'NONE', #3917, 1000.000000000000000 ) ;
#1470 = VERTEX_POINT ( 'NONE', #4332 ) ;
#1471 = DIRECTION ( 'NONE',  ( 1.000000000000000000, 1.239088197126290570E-16, 0.000000000000000000 ) ) ;
#1472 = DIRECTION ( 'NONE',  ( 1.000000000000000000, 0.000000000000000000, 0.000000000000000000 ) ) ;
#1473 = ORIENTED_EDGE ( 'NONE', *, *, #4510, .F. ) ;
#1474 = ADVANCED_FACE ( 'NONE', ( #2165 ), #3902, .F. ) ;
#1475 = VERTEX_POINT ( 'NONE', #3986 ) ;
#1476 = CYLINDRICAL_SURFACE ( 'NONE', #95, 0.8000000000000003775 ) ;
#1477 = DIRECTION ( 'NONE',  ( -1.000000000000000000, -1.239088197126290570E-16, 0.000000000000000000 ) ) ;
#1478 = VECTOR ( 'NONE', #1698, 1000.000000000000000 ) ;
#1479 = EDGE_CURVE ( 'NONE', #4204, #776, #116, .T. ) ;
#1480 = ORIENTED_EDGE ( 'NONE', *, *, #1779, .T. ) ;
#1481 = EDGE_LOOP ( 'NONE', ( #5181, #599, #4573, #3941 ) ) ;
#1482 = CARTESIAN_POINT ( 'NONE',  ( 1.000000000000000000, -16.24861579036490511, 52.54168760482228606 ) ) ;
#1483 = CARTESIAN_POINT ( 'NONE',  ( 2.724999999999999201, -15.99999999999999289, -38.00000000000000000 ) ) ;
#1484 = EDGE_LOOP ( 'NONE', ( #2081, #866, #4347, #162 ) ) ;
#1485 = AXIS2_PLACEMENT_3D ( 'NONE', #411, #58, #5114 ) ;
#1486 = DIRECTION ( 'NONE',  ( -1.000000000000000000, -1.239088197126290324E-16, 1.954068531237048912E-32 ) ) ;
#1487 = CARTESIAN_POINT ( 'NONE',  ( 4.225000000000000533, -7.828427124746198729, -37.00000000000000000 ) ) ;
#1488 = LINE ( 'NONE', #4072, #3364 ) ;
#1489 = AXIS2_PLACEMENT_3D ( 'NONE', #2068, #5068, #4177 ) ;
#1490 = CARTESIAN_POINT ( 'NONE',  ( 4.000000000000000000, -15.96394253386069728, 24.65831239517770612 ) ) ;
#1491 = DIRECTION ( 'NONE',  ( -1.000000000000000000, -0.000000000000000000, -0.000000000000000000 ) ) ;
#1492 = EDGE_LOOP ( 'NONE', ( #1432, #3653, #5213, #2687 ) ) ;
#1493 = PLANE ( 'NONE',  #767 ) ;
#1494 = LINE ( 'NONE', #98, #3268 ) ;
#1495 = CIRCLE ( 'NONE', #5478, 0.8000000000000003775 ) ;
#1496 = EDGE_LOOP ( 'NONE', ( #3955, #1659, #3094, #5503 ) ) ;
#1497 = CYLINDRICAL_SURFACE ( 'NONE', #4735, 3.999999999999998224 ) ;
#1498 = ORIENTED_EDGE ( 'NONE', *, *, #5393, .F. ) ;
#1499 = ORIENTED_EDGE ( 'NONE', *, *, #3883, .F. ) ;
#1500 = EDGE_LOOP ( 'NONE', ( #4640, #1499, #3251, #3404 ) ) ;
#1501 = EDGE_CURVE ( 'NONE', #442, #4314, #2653, .T. ) ;
#1502 = ORIENTED_EDGE ( 'NONE', *, *, #69, .F. ) ;
#1503 = FACE_BOUND ( 'NONE', #779, .T. ) ;
#1504 = PLANE ( 'NONE',  #1329 ) ;
#1505 = ORIENTED_EDGE ( 'NONE', *, *, #4261, .T. ) ;
#1506 = CARTESIAN_POINT ( 'NONE',  ( 4.000000000000000000, -11.65374246116385137, 34.48356120283414583 ) ) ;
#1507 = VECTOR ( 'NONE', #3996, 1000.000000000000000 ) ;
#1508 = LINE ( 'NONE', #2436, #1422 ) ;
#1509 = AXIS2_PLACEMENT_3D ( 'NONE', #4850, #559, #4883 ) ;
#1510 = ORIENTED_EDGE ( 'NONE', *, *, #5351, .F. ) ;
#1511 = ADVANCED_FACE ( 'NONE', ( #4856 ), #3451, .F. ) ;
#1512 = CARTESIAN_POINT ( 'NONE',  ( 0.5000000000000004441, -7.299999999999999822, 16.24526502967733421 ) ) ;
#1513 = ORIENTED_EDGE ( 'NONE', *, *, #1382, .T. ) ;
#1514 = LINE ( 'NONE', #1052, #3679 ) ;
#1515 = DIRECTION ( 'NONE',  ( -1.165692616471626958E-16, 0.9407664597040922283, 0.3390552584695135652 ) ) ;
#1516 = AXIS2_PLACEMENT_3D ( 'NONE', #855, #4766, #1198 ) ;
#1517 = CARTESIAN_POINT ( 'NONE',  ( 4.000000000000000000, -18.20000000000000639, 15.34168760482228500 ) ) ;
#1518 = EDGE_CURVE ( 'NONE', #3074, #284, #2437, .T. ) ;
#1519 = DIRECTION ( 'NONE',  ( 0.000000000000000000, 1.000000000000000000, 0.000000000000000000 ) ) ;
#1520 = EDGE_CURVE ( 'NONE', #1003, #97, #4326, .T. ) ;
#1521 = DIRECTION ( 'NONE',  ( -1.000000000000000000, -0.000000000000000000, -0.000000000000000000 ) ) ;
#1522 = CARTESIAN_POINT ( 'NONE',  ( 0.4999999999999983902, -7.605121347951829591, 59.65831239517768836 ) ) ;
#1523 = ORIENTED_EDGE ( 'NONE', *, *, #3544, .T. ) ;
#1524 = LINE ( 'NONE', #686, #5617 ) ;
#1525 = AXIS2_PLACEMENT_3D ( 'NONE', #5109, #5081, #1204 ) ;
#1526 = AXIS2_PLACEMENT_3D ( 'NONE', #4470, #2360, #1905 ) ;
#1527 = ADVANCED_FACE ( 'NONE', ( #2681 ), #3006, .F. ) ;
#1528 = DIRECTION ( 'NONE',  ( 1.000000000000000000, 0.000000000000000000, 0.000000000000000000 ) ) ;
#1529 = ORIENTED_EDGE ( 'NONE', *, *, #143, .F. ) ;
#1530 = VERTEX_POINT ( 'NONE', #4960 ) ;
#1531 = ORIENTED_EDGE ( 'NONE', *, *, #2591, .T. ) ;
#1532 = CARTESIAN_POINT ( 'NONE',  ( 7.002000000000004221, -6.499999999999998224, 60.21897914350814318 ) ) ;
#1533 = LINE ( 'NONE', #3140, #1763 ) ;
#1534 = VERTEX_POINT ( 'NONE', #3588 ) ;
#1535 = DIRECTION ( 'NONE',  ( 1.000000000000000000, 3.252606517456513918E-17, -0.000000000000000000 ) ) ;
#1536 = EDGE_LOOP ( 'NONE', ( #2854, #293, #5356, #1700, #4515, #4417 ) ) ;
#1537 = DIRECTION ( 'NONE',  ( 0.000000000000000000, 0.000000000000000000, -1.000000000000000000 ) ) ;
#1538 = CARTESIAN_POINT ( 'NONE',  ( 0.4999999999999987232, -9.960362833696484230, 35.09386066807927307 ) ) ;
#1539 = DIRECTION ( 'NONE',  ( 0.000000000000000000, -0.000000000000000000, 1.000000000000000000 ) ) ;
#1540 = AXIS2_PLACEMENT_3D ( 'NONE', #732, #5527, #2473 ) ;
#1541 = LINE ( 'NONE', #2337, #5550 ) ;
#1542 = CARTESIAN_POINT ( 'NONE',  ( 4.000000000000000000, -12.46362969077260274, 42.98973583661788211 ) ) ;
#1543 = ADVANCED_FACE ( 'NONE', ( #5366 ), #1104, .T. ) ;
#1544 = DIRECTION ( 'NONE',  ( 0.000000000000000000, 1.000000000000000000, 0.000000000000000000 ) ) ;
#1545 = ORIENTED_EDGE ( 'NONE', *, *, #3577, .T. ) ;
#1546 = PLANE ( 'NONE',  #2043 ) ;
#1547 = VERTEX_POINT ( 'NONE', #4934 ) ;
#1548 = VECTOR ( 'NONE', #193, 1000.000000000000114 ) ;
#1549 = EDGE_CURVE ( 'NONE', #4365, #4128, #4527, .T. ) ;
#1550 = FACE_OUTER_BOUND ( 'NONE', #815, .T. ) ;
#1551 = VECTOR ( 'NONE', #4466, 1000.000000000000000 ) ;
#1552 = VECTOR ( 'NONE', #1397, 1000.000000000000000 ) ;
#1553 = LINE ( 'NONE', #581, #3799 ) ;
#1554 = DIRECTION ( 'NONE',  ( 1.000000000000000000, 3.252606517456513918E-17, 2.535569890667617442E-16 ) ) ;
#1555 = VERTEX_POINT ( 'NONE', #2736 ) ;
#1556 = ORIENTED_EDGE ( 'NONE', *, *, #541, .F. ) ;
#1557 = EDGE_CURVE ( 'NONE', #1586, #1296, #4556, .T. ) ;
#1558 = ORIENTED_EDGE ( 'NONE', *, *, #119, .F. ) ;
#1559 = CARTESIAN_POINT ( 'NONE',  ( 2.724999999999999201, -15.99999999999999289, -43.00000000000000000 ) ) ;
#1560 = DIRECTION ( 'NONE',  ( 1.000000000000000000, 1.239088197126290570E-16, 0.000000000000000000 ) ) ;
#1561 = DIRECTION ( 'NONE',  ( 0.000000000000000000, -1.000000000000000000, -2.168404344971010840E-16 ) ) ;
#1562 = DIRECTION ( 'NONE',  ( 0.000000000000000000, 0.000000000000000000, -1.000000000000000000 ) ) ;
#1563 = ORIENTED_EDGE ( 'NONE', *, *, #123, .F. ) ;
#1564 = DIRECTION ( 'NONE',  ( -0.000000000000000000, -1.000000000000000000, -2.168404344971010840E-16 ) ) ;
#1565 = CIRCLE ( 'NONE', #2294, 0.7999999999999986011 ) ;
#1566 = DIRECTION ( 'NONE',  ( 0.000000000000000000, 0.000000000000000000, -1.000000000000000000 ) ) ;
#1567 = PLANE ( 'NONE',  #5002 ) ;
#1568 = CARTESIAN_POINT ( 'NONE',  ( 0.9999999999999991118, 6.563277878031138712, 66.19859520899437655 ) ) ;
#1569 = CARTESIAN_POINT ( 'NONE',  ( 0.4999999999999987232, -13.09364437107287316, 43.78768300394146706 ) ) ;
#1570 = VERTEX_POINT ( 'NONE', #1487 ) ;
#1571 = CARTESIAN_POINT ( 'NONE',  ( 4.225000000000000533, -14.49999999999999645, -26.35000000000000142 ) ) ;
#1572 = ADVANCED_FACE ( 'NONE', ( #4474 ), #216, .F. ) ;
#1573 = CYLINDRICAL_SURFACE ( 'NONE', #4667, 0.8000000000000003775 ) ;
#1574 = ORIENTED_EDGE ( 'NONE', *, *, #1520, .F. ) ;
#1575 = CARTESIAN_POINT ( 'NONE',  ( 4.000000000000000000, -5.299999999999998934, -19.20000000000000639 ) ) ;
#1576 = CIRCLE ( 'NONE', #4744, 2.050000000000001599 ) ;
#1577 = ADVANCED_FACE ( 'NONE', ( #5315 ), #2414, .F. ) ;
#1578 = AXIS2_PLACEMENT_3D ( 'NONE', #436, #2049, #3044 ) ;
#1579 = ADVANCED_FACE ( 'NONE', ( #3613 ), #3196, .T. ) ;
#1580 = CYLINDRICAL_SURFACE ( 'NONE', #4726, 0.7999999999999986011 ) ;
#1581 = CARTESIAN_POINT ( 'NONE',  ( 4.000000000000000000, -19.00000000000000355, 6.896422575144953271 ) ) ;
#1582 = ORIENTED_EDGE ( 'NONE', *, *, #5066, .T. ) ;
#1583 = EDGE_CURVE ( 'NONE', #1612, #4314, #1514, .T. ) ;
#1584 = VERTEX_POINT ( 'NONE', #1004 ) ;
#1585 = EDGE_CURVE ( 'NONE', #2693, #3315, #3513, .T. ) ;
#1586 = VERTEX_POINT ( 'NONE', #4447 ) ;
#1587 = DIRECTION ( 'NONE',  ( -1.000000000000000000, -1.239088197126290570E-16, 0.000000000000000000 ) ) ;
#1588 = CARTESIAN_POINT ( 'NONE',  ( 0.5000000000000004441, -14.54981716550029525, 65.20000000000000284 ) ) ;
#1589 = DIRECTION ( 'NONE',  ( 1.000000000000000000, 3.252606517456513918E-17, -5.129429894497256509E-33 ) ) ;
#1590 = DIRECTION ( 'NONE',  ( 0.000000000000000000, 0.000000000000000000, -1.000000000000000000 ) ) ;
#1591 = ORIENTED_EDGE ( 'NONE', *, *, #5610, .T. ) ;
#1592 = PLANE ( 'NONE',  #1919 ) ;
#1593 = DIRECTION ( 'NONE',  ( -1.355252715606879803E-16, 1.000000000000000000, 0.000000000000000000 ) ) ;
#1594 = DIRECTION ( 'NONE',  ( -1.000000000000000000, -0.000000000000000000, -0.000000000000000000 ) ) ;
#1595 = VECTOR ( 'NONE', #651, 1000.000000000000114 ) ;
#1596 = LINE ( 'NONE', #2366, #1548 ) ;
#1597 = VERTEX_POINT ( 'NONE', #2390 ) ;
#1598 = CARTESIAN_POINT ( 'NONE',  ( 7.001000000000005663, -14.79999999999999893, 0.000000000000000000 ) ) ;
#1599 = VECTOR ( 'NONE', #2314, 1000.000000000000000 ) ;
#1600 = ORIENTED_EDGE ( 'NONE', *, *, #86, .T. ) ;
#1601 = CARTESIAN_POINT ( 'NONE',  ( 7.002000000000007773, -8.052613167763272628, 50.55901252708741822 ) ) ;
#1602 = VECTOR ( 'NONE', #2541, 1000.000000000000000 ) ;
#1603 = LINE ( 'NONE', #5046, #4025 ) ;
#1604 = CARTESIAN_POINT ( 'NONE',  ( 0.4999999999999992784, -14.91176836727676225, 64.48656371865978087 ) ) ;
#1605 = EDGE_CURVE ( 'NONE', #2631, #4294, #4071, .T. ) ;
#1606 = ORIENTED_EDGE ( 'NONE', *, *, #3282, .F. ) ;
#1607 = CARTESIAN_POINT ( 'NONE',  ( 0.5000000000000004441, -7.299999999999998934, 51.08776832031180248 ) ) ;
#1608 = CARTESIAN_POINT ( 'NONE',  ( 4.000000000000000000, -12.75000000000000000, 40.47468587349739266 ) ) ;
#1609 = EDGE_CURVE ( 'NONE', #776, #3260, #618, .T. ) ;
#1610 = EDGE_LOOP ( 'NONE', ( #2963, #1144, #2988, #3221, #5282, #3936, #1213, #806 ) ) ;
#1611 = AXIS2_PLACEMENT_3D ( 'NONE', #3934, #2657, #4016 ) ;
#1612 = VERTEX_POINT ( 'NONE', #3661 ) ;
#1613 = CIRCLE ( 'NONE', #4874, 0.8000000000000003775 ) ;
#1614 = DIRECTION ( 'NONE',  ( 0.000000000000000000, -1.000000000000000000, 0.000000000000000000 ) ) ;
#1615 = CARTESIAN_POINT ( 'NONE',  ( 21.41522322567242398, -13.00000000000000000, -19.20000000000000639 ) ) ;
#1616 = CARTESIAN_POINT ( 'NONE',  ( 0.5000000000000023315, -22.50000000000001066, 67.00000000000000000 ) ) ;
#1617 = EDGE_CURVE ( 'NONE', #1152, #2683, #2073, .T. ) ;
#1618 = AXIS2_PLACEMENT_3D ( 'NONE', #5268, #3097, #4832 ) ;
#1619 = APPLICATION_PROTOCOL_DEFINITION ( 'draft international standard', 'automotive_design', 1998, #2420 ) ;
#1620 = DIRECTION ( 'NONE',  ( -1.000000000000000000, -0.000000000000000000, -0.000000000000000000 ) ) ;
#1621 = FACE_OUTER_BOUND ( 'NONE', #3047, .T. ) ;
#1622 = DIRECTION ( 'NONE',  ( -1.000000000000000000, -3.469446951953611107E-17, 0.000000000000000000 ) ) ;
#1623 = ORIENTED_EDGE ( 'NONE', *, *, #3640, .T. ) ;
#1624 = FACE_BOUND ( 'NONE', #5544, .T. ) ;
#1625 = CARTESIAN_POINT ( 'NONE',  ( 5.000000000000000888, 3.999999999999998224, 62.50000000000000000 ) ) ;
#1626 = CIRCLE ( 'NONE', #2629, 0.8000000000000003775 ) ;
#1627 = CARTESIAN_POINT ( 'NONE',  ( -64.14711903867025455, -15.34981716550030484, 65.20000000000000284 ) ) ;
#1628 = DIRECTION ( 'NONE',  ( -1.000000000000000000, -3.252606517456513918E-17, 0.000000000000000000 ) ) ;
#1629 = CARTESIAN_POINT ( 'NONE',  ( 0.5000000000000004441, -17.32982544119416701, 55.54168760482228606 ) ) ;
#1630 = FACE_OUTER_BOUND ( 'NONE', #4339, .T. ) ;
#1631 = ORIENTED_EDGE ( 'NONE', *, *, #3442, .T. ) ;
#1632 = DIRECTION ( 'NONE',  ( -1.000000000000000000, 0.000000000000000000, 0.000000000000000000 ) ) ;
#1633 = ORIENTED_EDGE ( 'NONE', *, *, #668, .T. ) ;
#1634 = AXIS2_PLACEMENT_3D ( 'NONE', #4241, #368, #5168 ) ;
#1635 = CARTESIAN_POINT ( 'NONE',  ( -63.03173803727769808, -6.500000000000001776, 27.71223167968818046 ) ) ;
#1636 = VERTEX_POINT ( 'NONE', #1881 ) ;
#1637 = VERTEX_POINT ( 'NONE', #191 ) ;
#1638 = AXIS2_PLACEMENT_3D ( 'NONE', #873, #4754, #4345 ) ;
#1639 = EDGE_CURVE ( 'NONE', #4044, #1724, #1029, .T. ) ;
#1640 = DIRECTION ( 'NONE',  ( 1.000000000000000000, 3.252606517456513918E-17, -0.000000000000000000 ) ) ;
#1641 = AXIS2_PLACEMENT_3D ( 'NONE', #5328, #1063, #5307 ) ;
#1642 = LINE ( 'NONE', #750, #3481 ) ;
#1643 = ORIENTED_EDGE ( 'NONE', *, *, #3919, .T. ) ;
#1644 = DIRECTION ( 'NONE',  ( -0.000000000000000000, -1.000000000000000000, -2.168404344971010840E-16 ) ) ;
#1645 = VECTOR ( 'NONE', #4237, 1000.000000000000000 ) ;
#1646 = ORIENTED_EDGE ( 'NONE', *, *, #218, .T. ) ;
#1647 = ADVANCED_FACE ( 'NONE', ( #1933 ), #3638, .F. ) ;
#1648 = DIRECTION ( 'NONE',  ( 1.000000000000000000, -0.000000000000000000, -0.000000000000000000 ) ) ;
#1649 = EDGE_CURVE ( 'NONE', #2169, #2453, #5395, .T. ) ;
#1650 = DIRECTION ( 'NONE',  ( 1.000000000000000000, 1.239088197126290570E-16, 0.000000000000000000 ) ) ;
#1651 = DIRECTION ( 'NONE',  ( 0.000000000000000000, 0.000000000000000000, -1.000000000000000000 ) ) ;
#1652 = ORIENTED_EDGE ( 'NONE', *, *, #2103, .T. ) ;
#1653 = DIRECTION ( 'NONE',  ( 0.000000000000000000, 0.000000000000000000, -1.000000000000000000 ) ) ;
#1654 = CARTESIAN_POINT ( 'NONE',  ( -63.03173803727769808, -7.300000000000001599, 15.44526502967734416 ) ) ;
#1655 = ORIENTED_EDGE ( 'NONE', *, *, #2586, .F. ) ;
#1656 = CARTESIAN_POINT ( 'NONE',  ( 1.000000000000000000, -7.605121347951828703, 59.65831239517768836 ) ) ;
#1657 = EDGE_CURVE ( 'NONE', #1584, #3601, #4893, .T. ) ;
#1658 = DIRECTION ( 'NONE',  ( -1.000000000000000000, -1.239088197126290570E-16, 0.000000000000000000 ) ) ;
#1659 = ORIENTED_EDGE ( 'NONE', *, *, #5523, .F. ) ;
#1660 = DIRECTION ( 'NONE',  ( -1.355252715606883008E-16, 1.000000000000000000, 0.000000000000000000 ) ) ;
#1661 = VECTOR ( 'NONE', #430, 1000.000000000000000 ) ;
#1662 = CARTESIAN_POINT ( 'NONE',  ( 0.4999999999999983902, -7.903080869113575879, 15.97090127777026858 ) ) ;
#1663 = VERTEX_POINT ( 'NONE', #704 ) ;
#1664 = VECTOR ( 'NONE', #1241, 1000.000000000000000 ) ;
#1665 = LINE ( 'NONE', #3426, #2667 ) ;
#1666 = LINE ( 'NONE', #5316, #1664 ) ;
#1667 = ORIENTED_EDGE ( 'NONE', *, *, #3352, .F. ) ;
#1668 = AXIS2_PLACEMENT_3D ( 'NONE', #2533, #3380, #705 ) ;
#1669 = ORIENTED_EDGE ( 'NONE', *, *, #4835, .F. ) ;
#1670 = ORIENTED_EDGE ( 'NONE', *, *, #1585, .T. ) ;
#1671 = ORIENTED_EDGE ( 'NONE', *, *, #1084, .T. ) ;
#1672 = FACE_OUTER_BOUND ( 'NONE', #2317, .T. ) ;
#1673 = CARTESIAN_POINT ( 'NONE',  ( 0.4999999999999981681, -6.499999999999999112, 15.44526502967733705 ) ) ;
#1674 = LINE ( 'NONE', #3828, #2153 ) ;
#1675 = ADVANCED_FACE ( 'NONE', ( #1621 ), #303, .F. ) ;
#1676 = ORIENTED_EDGE ( 'NONE', *, *, #1518, .F. ) ;
#1677 = AXIS2_PLACEMENT_3D ( 'NONE', #1298, #3008, #2926 ) ;
#1678 = DIRECTION ( 'NONE',  ( -1.000000000000000000, 0.000000000000000000, -0.000000000000000000 ) ) ;
#1679 = DIRECTION ( 'NONE',  ( 1.000000000000000000, 1.239088197126290570E-16, 0.000000000000000000 ) ) ;
#1680 = DIRECTION ( 'NONE',  ( 0.000000000000000000, 0.000000000000000000, -1.000000000000000000 ) ) ;
#1681 = VERTEX_POINT ( 'NONE', #5128 ) ;
#1682 = VERTEX_POINT ( 'NONE', #754 ) ;
#1683 = PLANE ( 'NONE',  #1634 ) ;
#1684 = FACE_OUTER_BOUND ( 'NONE', #1464, .T. ) ;
#1685 = EDGE_CURVE ( 'NONE', #1726, #3635, #3689, .T. ) ;
#1686 = DIRECTION ( 'NONE',  ( -1.000000000000000000, -3.469446951953611107E-17, 0.000000000000000000 ) ) ;
#1687 = ORIENTED_EDGE ( 'NONE', *, *, #3431, .T. ) ;
#1688 = SURFACE_STYLE_FILL_AREA ( #2452 ) ;
#1689 = EDGE_CURVE ( 'NONE', #3677, #4244, #1076, .T. ) ;
#1690 = CIRCLE ( 'NONE', #5484, 0.7999999999999986011 ) ;
#1691 = DIRECTION ( 'NONE',  ( -3.252606517456513918E-17, 1.000000000000000000, 0.000000000000000000 ) ) ;
#1692 = VECTOR ( 'NONE', #36, 1000.000000000000000 ) ;
#1693 = LINE ( 'NONE', #2168, #4037 ) ;
#1694 = EDGE_CURVE ( 'NONE', #284, #776, #1810, .T. ) ;
#1695 = AXIS2_PLACEMENT_3D ( 'NONE', #5138, #1628, #3842 ) ;
#1697 = VERTEX_POINT ( 'NONE', #3801 ) ;
#1696 = CIRCLE ( 'NONE', #3935, 0.8000000000000003775 ) ;
#1698 = DIRECTION ( 'NONE',  ( 0.000000000000000000, 0.7071067811865426878, 0.7071067811865524577 ) ) ;
#1699 = DIRECTION ( 'NONE',  ( -1.000000000000000000, -0.000000000000000000, -0.000000000000000000 ) ) ;
#1700 = ORIENTED_EDGE ( 'NONE', *, *, #434, .T. ) ;
#1701 = VERTEX_POINT ( 'NONE', #2944 ) ;
#1702 = ADVANCED_FACE ( 'NONE', ( #1160 ), #3742, .F. ) ;
#1703 = ORIENTED_EDGE ( 'NONE', *, *, #1275, .F. ) ;
#1704 = DIRECTION ( 'NONE',  ( -1.000000000000000000, -1.239088197126290570E-16, 0.000000000000000000 ) ) ;
#1705 = CARTESIAN_POINT ( 'NONE',  ( 7.002000000000005997, -15.96394253386069728, 25.65831239517770612 ) ) ;
#1706 = VERTEX_POINT ( 'NONE', #398 ) ;
#1707 = LINE ( 'NONE', #4728, #336 ) ;
#1708 = AXIS2_PLACEMENT_3D ( 'NONE', #1101, #2836, #1590 ) ;
#1709 = DIRECTION ( 'NONE',  ( -5.421010862427531415E-17, 1.000000000000000000, 0.000000000000000000 ) ) ;
#1710 = AXIS2_PLACEMENT_3D ( 'NONE', #3191, #5388, #187 ) ;
#1711 = CARTESIAN_POINT ( 'NONE',  ( 0.9999999999999997780, -8.595291006435214598, 25.99736765364722046 ) ) ;
#1712 = DIRECTION ( 'NONE',  ( -0.000000000000000000, -1.000000000000000000, -2.168404344971010840E-16 ) ) ;
#1713 = FACE_BOUND ( 'NONE', #5514, .T. ) ;
#1714 = LINE ( 'NONE', #402, #784 ) ;
#1715 = AXIS2_PLACEMENT_3D ( 'NONE', #2781, #4066, #2410 ) ;
#1716 = CARTESIAN_POINT ( 'NONE',  ( 4.000000000000000000, -19.00000000000001066, 54.86700173132491898 ) ) ;
#1717 = DIRECTION ( 'NONE',  ( 0.000000000000000000, 1.000000000000000000, 0.000000000000000000 ) ) ;
#1718 = CIRCLE ( 'NONE', #897, 0.8000000000000003775 ) ;
#1719 = EDGE_CURVE ( 'NONE', #3635, #1586, #1255, .T. ) ;
#1720 = CARTESIAN_POINT ( 'NONE',  ( -63.03173803727769808, -6.500000000000001776, 4.000000000000000000 ) ) ;
#1721 = CARTESIAN_POINT ( 'NONE',  ( 0.4999999999999986122, -11.65374246116385137, 34.48356120283414583 ) ) ;
#1722 = ADVANCED_FACE ( 'NONE', ( #2093 ), #4617, .F. ) ;
#1723 = ORIENTED_EDGE ( 'NONE', *, *, #3640, .F. ) ;
#1724 = VERTEX_POINT ( 'NONE', #334 ) ;
#1725 = CARTESIAN_POINT ( 'NONE',  ( 1.000000000000000000, -18.33673903370881320, 4.000000000000002665 ) ) ;
#1726 = VERTEX_POINT ( 'NONE', #2890 ) ;
#1727 = EDGE_CURVE ( 'NONE', #2937, #1530, #2538, .T. ) ;
#1728 = ORIENTED_EDGE ( 'NONE', *, *, #1920, .T. ) ;
#1729 = VECTOR ( 'NONE', #1434, 1000.000000000000114 ) ;
#1730 = PLANE ( 'NONE',  #4224 ) ;
#1731 = ADVANCED_FACE ( 'NONE', ( #5443 ), #4267, .F. ) ;
#1732 = CARTESIAN_POINT ( 'NONE',  ( 7.002000000000005997, -17.18133434510090396, 5.325636248092934899 ) ) ;
#1733 = PRODUCT ( '\X2\53f34fa7677f\X0\-\X2\4e0b534a\X0\', '\X2\53f34fa7677f\X0\-\X2\4e0b534a\X0\', '', ( #5495 ) ) ;
#1734 = ORIENTED_EDGE ( 'NONE', *, *, #2064, .F. ) ;
#1735 = FACE_OUTER_BOUND ( 'NONE', #2658, .T. ) ;
#1736 = EDGE_LOOP ( 'NONE', ( #2799, #4806, #566, #3432, #1591, #4918, #4902, #639 ) ) ;
#1737 = AXIS2_PLACEMENT_3D ( 'NONE', #2598, #401, #3772 ) ;
#1738 = DIRECTION ( 'NONE',  ( -1.000000000000000000, -1.239088197126290570E-16, 0.000000000000000000 ) ) ;
#1739 = AXIS2_PLACEMENT_3D ( 'NONE', #3605, #184, #5358 ) ;
#1740 = DIRECTION ( 'NONE',  ( -4.499821325281054035E-17, 0.3390552584695132876, -0.9407664597040923393 ) ) ;
#1741 = LINE ( 'NONE', #1316, #748 ) ;
#1742 = ORIENTED_EDGE ( 'NONE', *, *, #701, .F. ) ;
#1743 = ORIENTED_EDGE ( 'NONE', *, *, #3763, .T. ) ;
#1744 = CARTESIAN_POINT ( 'NONE',  ( 2.999999999999999112, -10.50000000000000178, 71.00000000000000000 ) ) ;
#1745 = CARTESIAN_POINT ( 'NONE',  ( 2.724999999999999645, -10.99999999999999822, -34.20000000000000284 ) ) ;
#1746 = DIRECTION ( 'NONE',  ( 0.000000000000000000, -1.000000000000000000, 0.000000000000000000 ) ) ;
#1747 = VERTEX_POINT ( 'NONE', #3354 ) ;
#1748 = DIRECTION ( 'NONE',  ( -1.000000000000000000, -1.239088197126290570E-16, 0.000000000000000000 ) ) ;
#1749 = CARTESIAN_POINT ( 'NONE',  ( 6.999999999999999112, -22.50000000000001421, 75.00000000000000000 ) ) ;
#1750 = EDGE_CURVE ( 'NONE', #4003, #2151, #2815, .T. ) ;
#1751 = ORIENTED_EDGE ( 'NONE', *, *, #2167, .T. ) ;
#1752 = ORIENTED_EDGE ( 'NONE', *, *, #4543, .F. ) ;
#1753 = DIRECTION ( 'NONE',  ( -2.900659373096450185E-17, 0.8917953516752833432, -0.4524390022205841411 ) ) ;
#1754 = ORIENTED_EDGE ( 'NONE', *, *, #4080, .T. ) ;
#1755 = CARTESIAN_POINT ( 'NONE',  ( 4.000000000000003553, -6.499999999999999112, 4.800000000000002487 ) ) ;
#1756 = EDGE_CURVE ( 'NONE', #657, #940, #3872, .T. ) ;
#1757 = ORIENTED_EDGE ( 'NONE', *, *, #4119, .F. ) ;
#1758 = LINE ( 'NONE', #3053, #3887 ) ;
#1759 = VECTOR ( 'NONE', #2787, 1000.000000000000000 ) ;
#1760 = DIRECTION ( 'NONE',  ( -1.000000000000000000, -1.239088197126290570E-16, 0.000000000000000000 ) ) ;
#1761 = EDGE_CURVE ( 'NONE', #4315, #841, #3379, .T. ) ;
#1762 = ADVANCED_FACE ( 'NONE', ( #5038 ), #2067, .F. ) ;
#1763 = VECTOR ( 'NONE', #4440, 1000.000000000000000 ) ;
#1764 = CARTESIAN_POINT ( 'NONE',  ( 6.000000000000000000, -1.999999999999998668, 57.78260869565216495 ) ) ;
#1765 = DIRECTION ( 'NONE',  ( 1.000000000000000000, 1.239088197126290570E-16, 0.000000000000000000 ) ) ;
#1766 = DIRECTION ( 'NONE',  ( 0.000000000000000000, -0.000000000000000000, 1.000000000000000000 ) ) ;
#1767 = CARTESIAN_POINT ( 'NONE',  ( -4.501000000000007439, -17.00000000000000000, -13.25000000000000178 ) ) ;
#1768 = CARTESIAN_POINT ( 'NONE',  ( 4.000000000000000000, -17.44738683223673092, 50.55901252708742533 ) ) ;
#1769 = CARTESIAN_POINT ( 'NONE',  ( 0.9999999999999997780, -14.54981716550029347, 66.00000000000000000 ) ) ;
#1770 = ORIENTED_EDGE ( 'NONE', *, *, #4956, .T. ) ;
#1771 = DIRECTION ( 'NONE',  ( 1.000000000000000000, 1.239088197126290570E-16, 0.000000000000000000 ) ) ;
#1772 = CIRCLE ( 'NONE', #2853, 0.7999999999999986011 ) ;
#1773 = CARTESIAN_POINT ( 'NONE',  ( 4.000000000000000000, -9.536057466139306271, 24.65831239517770612 ) ) ;
#1774 = CYLINDRICAL_SURFACE ( 'NONE', #1525, 0.8000000000000003775 ) ;
#1775 = ORIENTED_EDGE ( 'NONE', *, *, #282, .T. ) ;
#1776 = ORIENTED_EDGE ( 'NONE', *, *, #3876, .T. ) ;
#1777 = CARTESIAN_POINT ( 'NONE',  ( 7.001000000000002110, -2.999999999999996447, -37.00000000000000000 ) ) ;
#1778 = ORIENTED_EDGE ( 'NONE', *, *, #3517, .T. ) ;
#1779 = EDGE_CURVE ( 'NONE', #3761, #2825, #2174, .T. ) ;
#1780 = AXIS2_PLACEMENT_3D ( 'NONE', #3127, #5242, #3938 ) ;
#1781 = DIRECTION ( 'NONE',  ( 0.000000000000000000, -1.000000000000000000, -2.168404344971010594E-16 ) ) ;
#1782 = VECTOR ( 'NONE', #700, 1000.000000000000000 ) ;
#1783 = CIRCLE ( 'NONE', #4863, 0.8000000000000003775 ) ;
#1784 = FACE_OUTER_BOUND ( 'NONE', #5303, .T. ) ;
#1785 = CYLINDRICAL_SURFACE ( 'NONE', #1384, 1.600000000000000089 ) ;
#1786 = ADVANCED_FACE ( 'NONE', ( #3949 ), #5619, .T. ) ;
#1787 = EDGE_CURVE ( 'NONE', #183, #5500, #4378, .T. ) ;
#1788 = CYLINDRICAL_SURFACE ( 'NONE', #5280, 2.049999999999999822 ) ;
#1789 = DIRECTION ( 'NONE',  ( 1.000000000000000000, 1.239088197126290570E-16, 0.000000000000000000 ) ) ;
#1790 = CIRCLE ( 'NONE', #3746, 5.499999999999998224 ) ;
#1791 = PRODUCT_DEFINITION_CONTEXT ( 'detailed design', #2420, 'design' ) ;
#1792 = CARTESIAN_POINT ( 'NONE',  ( 1.999999999999999112, 4.000000000000000000, 4.000000000000003553 ) ) ;
#1793 = EDGE_CURVE ( 'NONE', #2639, #1010, #1455, .T. ) ;
#1794 = ORIENTED_EDGE ( 'NONE', *, *, #798, .T. ) ;
#1795 = LINE ( 'NONE', #3532, #1423 ) ;
#1796 = CARTESIAN_POINT ( 'NONE',  ( 0.4999999999999990563, -12.75000000000000000, 39.00000000000000000 ) ) ;
#1797 = ORIENTED_EDGE ( 'NONE', *, *, #957, .F. ) ;
#1798 = DIRECTION ( 'NONE',  ( 1.000000000000000000, 3.252606517456513918E-17, -0.000000000000000000 ) ) ;
#1799 = CARTESIAN_POINT ( 'NONE',  ( 1.000000000000000888, -7.299999999999999822, 15.44526502967733705 ) ) ;
#1800 = CARTESIAN_POINT ( 'NONE',  ( 1.225000000000000311, -15.99999999999999645, -31.59999999999999787 ) ) ;
#1801 = VERTEX_POINT ( 'NONE', #1711 ) ;
#1802 = EDGE_CURVE ( 'NONE', #2655, #1040, #4790, .T. ) ;
#1803 = DIRECTION ( 'NONE',  ( 0.000000000000000000, -1.000000000000000000, -2.168404344971010840E-16 ) ) ;
#1804 = FACE_OUTER_BOUND ( 'NONE', #3859, .T. ) ;
#1805 = ORIENTED_EDGE ( 'NONE', *, *, #1689, .F. ) ;
#1806 = ORIENTED_EDGE ( 'NONE', *, *, #2946, .T. ) ;
#1807 = DIRECTION ( 'NONE',  ( 1.000000000000000000, 3.469446951953611107E-17, -0.000000000000000000 ) ) ;
#1808 = ORIENTED_EDGE ( 'NONE', *, *, #4994, .F. ) ;
#1809 = DIRECTION ( 'NONE',  ( 0.000000000000000000, 0.000000000000000000, -1.000000000000000000 ) ) ;
#1810 = CIRCLE ( 'NONE', #820, 0.8000000000000003775 ) ;
#1811 = CYLINDRICAL_SURFACE ( 'NONE', #4068, 0.7999999999999951594 ) ;
#1812 = CYLINDRICAL_SURFACE ( 'NONE', #3914, 1.000000000000000888 ) ;
#1813 = EDGE_LOOP ( 'NONE', ( #4752, #4946, #1529, #4777 ) ) ;
#1814 = EDGE_CURVE ( 'NONE', #4748, #5199, #473, .T. ) ;
#1815 = PLANE ( 'NONE',  #2374 ) ;
#1816 = CARTESIAN_POINT ( 'NONE',  ( 1.225000000000000089, -10.99999999999999467, -29.20000000000000284 ) ) ;
#1817 = LINE ( 'NONE', #4379, #2485 ) ;
#1818 = CARTESIAN_POINT ( 'NONE',  ( 4.000000000000000000, -18.20000000000000639, 14.54168760482228606 ) ) ;
#1819 = CARTESIAN_POINT ( 'NONE',  ( 0.5000000000000004441, -19.00000000000000355, 17.54168760482228606 ) ) ;
#1820 = ADVANCED_FACE ( 'NONE', ( #2184 ), #4733, .F. ) ;
#1821 = AXIS2_PLACEMENT_3D ( 'NONE', #425, #1789, #4762 ) ;
#1822 = VECTOR ( 'NONE', #5498, 1000.000000000000000 ) ;
#1823 = ADVANCED_FACE ( 'NONE', ( #1315 ), #2673, .F. ) ;
#1824 = DIRECTION ( 'NONE',  ( 1.000000000000000000, 1.239088197126290570E-16, 0.000000000000000000 ) ) ;
#1825 = ORIENTED_EDGE ( 'NONE', *, *, #3282, .T. ) ;
#1826 = CARTESIAN_POINT ( 'NONE',  ( 6.225000000000000533, 4.000000000000000000, 99.53303044828378177 ) ) ;
#1827 = DIRECTION ( 'NONE',  ( 0.000000000000000000, 0.000000000000000000, -1.000000000000000000 ) ) ;
#1828 = EDGE_LOOP ( 'NONE', ( #227, #59, #2515, #4389 ) ) ;
#1829 = AXIS2_PLACEMENT_3D ( 'NONE', #4289, #1704, #5156 ) ;
#1830 = CARTESIAN_POINT ( 'NONE',  ( 0.4999999999999990563, -13.00000000000000178, -18.40000000000000568 ) ) ;
#1831 = ADVANCED_FACE ( 'NONE', ( #3413 ), #849, .F. ) ;
#1832 = CARTESIAN_POINT ( 'NONE',  ( 3.500000000000000000, -16.00000000000000711, 57.99999999999998579 ) ) ;
#1833 = ADVANCED_FACE ( 'NONE', ( #4297 ), #4349, .F. ) ;
#1834 = ORIENTED_EDGE ( 'NONE', *, *, #1365, .T. ) ;
#1835 = VERTEX_POINT ( 'NONE', #48 ) ;
#1836 = CARTESIAN_POINT ( 'NONE',  ( 0.4999999999999981681, -6.499999999999999112, 4.799999999999998934 ) ) ;
#1837 = ORIENTED_EDGE ( 'NONE', *, *, #3345, .T. ) ;
#1838 = DIRECTION ( 'NONE',  ( -3.469446951953611033E-15, 0.000000000000000000, 1.000000000000000000 ) ) ;
#1839 = VERTEX_POINT ( 'NONE', #501 ) ;
#1840 = CARTESIAN_POINT ( 'NONE',  ( 5.000000000000000000, 3.999999999999998224, 60.85000000000000142 ) ) ;
#1841 = ORIENTED_EDGE ( 'NONE', *, *, #1689, .T. ) ;
#1842 = DIRECTION ( 'NONE',  ( -1.000000000000000000, -1.239088197126290570E-16, 0.000000000000000000 ) ) ;
#1843 = AXIS2_PLACEMENT_3D ( 'NONE', #3565, #2110, #3851 ) ;
#1844 = CARTESIAN_POINT ( 'NONE',  ( 7.002000000000005109, -8.087544543006945474, 14.54168760482228606 ) ) ;
#1845 = CARTESIAN_POINT ( 'NONE',  ( 1.000000000000000000, -19.00000000000000355, 4.000000000000002665 ) ) ;
#1846 = EDGE_LOOP ( 'NONE', ( #462, #419, #4764, #645 ) ) ;
#1847 = DIRECTION ( 'NONE',  ( 1.000000000000000000, -0.000000000000000000, -0.000000000000000000 ) ) ;
#1848 = VECTOR ( 'NONE', #502, 1000.000000000000000 ) ;
#1849 = DIRECTION ( 'NONE',  ( -1.000000000000000000, -3.469446951953611107E-17, 0.000000000000000000 ) ) ;
#1850 = CIRCLE ( 'NONE', #1402, 4.500000000000004441 ) ;
#1851 = ORIENTED_EDGE ( 'NONE', *, *, #2729, .T. ) ;
#1852 = CARTESIAN_POINT ( 'NONE',  ( 5.999999999999999112, -17.00000000000000000, -11.20000000000000107 ) ) ;
#1853 = ORIENTED_EDGE ( 'NONE', *, *, #1162, .T. ) ;
#1854 = LINE ( 'NONE', #5296, #4193 ) ;
#1855 = CARTESIAN_POINT ( 'NONE',  ( 1.000000000000000888, -18.12982544119416772, 55.54168760482228606 ) ) ;
#1856 = VERTEX_POINT ( 'NONE', #4409 ) ;
#1857 = DIRECTION ( 'NONE',  ( 3.469446951953612956E-17, -1.000000000000000000, 0.000000000000000000 ) ) ;
#1858 = EDGE_CURVE ( 'NONE', #4275, #83, #5252, .T. ) ;
#1859 = CARTESIAN_POINT ( 'NONE',  ( 0.4999999999999990563, -12.75000000000000000, 40.47468587349739266 ) ) ;
#1860 = VECTOR ( 'NONE', #2604, 1000.000000000000000 ) ;
#1861 = VERTEX_POINT ( 'NONE', #3083 ) ;
#1862 = FACE_OUTER_BOUND ( 'NONE', #2340, .T. ) ;
#1863 = ORIENTED_EDGE ( 'NONE', *, *, #4371, .F. ) ;
#1864 = EDGE_CURVE ( 'NONE', #4807, #4282, #4514, .T. ) ;
#1865 = PLANE ( 'NONE',  #4539 ) ;
#1866 = AXIS2_PLACEMENT_3D ( 'NONE', #3906, #344, #4335 ) ;
#1867 = CARTESIAN_POINT ( 'NONE',  ( 4.000000000000000000, -13.00000000000000178, -19.20000000000000639 ) ) ;
#1868 = EDGE_CURVE ( 'NONE', #5436, #3002, #5165, .T. ) ;
#1869 = AXIS2_PLACEMENT_3D ( 'NONE', #1767, #1847, #3559 ) ;
#1870 = ORIENTED_EDGE ( 'NONE', *, *, #4060, .F. ) ;
#1871 = CARTESIAN_POINT ( 'NONE',  ( 0.9999999999999995559, -6.500000000000000000, 15.44526502967733705 ) ) ;
#1872 = VECTOR ( 'NONE', #3869, 1000.000000000000000 ) ;
#1873 = DIRECTION ( 'NONE',  ( 0.000000000000000000, -0.8917953516752833432, 0.4524390022205841411 ) ) ;
#1874 = CARTESIAN_POINT ( 'NONE',  ( 4.000000000000000000, -6.499999999999999112, 53.34168760482229033 ) ) ;
#1875 = ORIENTED_EDGE ( 'NONE', *, *, #5599, .F. ) ;
#1876 = CARTESIAN_POINT ( 'NONE',  ( 7.002000000000005109, -7.605121347951828703, 59.65831239517768836 ) ) ;
#1877 = DIRECTION ( 'NONE',  ( -1.000000000000000000, -1.239088197126290570E-16, 6.270397653133600026E-34 ) ) ;
#1878 = EDGE_LOOP ( 'NONE', ( #1305, #549, #2443, #679 ) ) ;
#1879 = CIRCLE ( 'NONE', #5033, 0.8000000000000003775 ) ;
#1880 = CYLINDRICAL_SURFACE ( 'NONE', #1011, 0.7999999999999986011 ) ;
#1881 = CARTESIAN_POINT ( 'NONE',  ( 6.000000000000000000, -10.69999999999999929, 2.510525938252072707E-16 ) ) ;
#1882 = DIRECTION ( 'NONE',  ( 4.336808689942017736E-17, 1.000000000000000000, 0.000000000000000000 ) ) ;
#1883 = VERTEX_POINT ( 'NONE', #880 ) ;
#1884 = DIRECTION ( 'NONE',  ( 0.000000000000000000, 0.000000000000000000, -1.000000000000000000 ) ) ;
#1885 = DIRECTION ( 'NONE',  ( -0.000000000000000000, -1.000000000000000000, -2.168404344971010840E-16 ) ) ;
#1886 = ORIENTED_EDGE ( 'NONE', *, *, #5027, .T. ) ;
#1887 = ADVANCED_FACE ( 'NONE', ( #3922 ), #3497, .F. ) ;
#1888 = LINE ( 'NONE', #3696, #1330 ) ;
#1889 = ORIENTED_EDGE ( 'NONE', *, *, #236, .F. ) ;
#1890 = DIRECTION ( 'NONE',  ( 0.000000000000000000, -1.000000000000000000, 0.000000000000000000 ) ) ;
#1891 = VERTEX_POINT ( 'NONE', #2240 ) ;
#1892 = EDGE_CURVE ( 'NONE', #575, #2432, #5227, .T. ) ;
#1893 = PLANE ( 'NONE',  #2299 ) ;
#1894 = ORIENTED_EDGE ( 'NONE', *, *, #2402, .T. ) ;
#1895 = AXIS2_PLACEMENT_3D ( 'NONE', #261, #3232, #5513 ) ;
#1896 = AXIS2_PLACEMENT_3D ( 'NONE', #2734, #3587, #644 ) ;
#1897 = ORIENTED_EDGE ( 'NONE', *, *, #3118, .T. ) ;
#1898 = AXIS2_PLACEMENT_3D ( 'NONE', #1295, #34, #3507 ) ;
#1899 = EDGE_CURVE ( 'NONE', #1637, #1726, #2183, .T. ) ;
#1900 = EDGE_LOOP ( 'NONE', ( #3233, #4976, #3261, #5061 ) ) ;
#1901 = DIRECTION ( 'NONE',  ( -1.000000000000000000, 0.000000000000000000, 0.000000000000000000 ) ) ;
#1902 = CARTESIAN_POINT ( 'NONE',  ( 6.000000000000000000, -12.75000000000000000, 0.000000000000000000 ) ) ;
#1903 = EDGE_LOOP ( 'NONE', ( #983, #2970, #1531, #3718 ) ) ;
#1904 = FACE_OUTER_BOUND ( 'NONE', #540, .T. ) ;
#1905 = DIRECTION ( 'NONE',  ( 0.000000000000000000, 1.000000000000000000, 0.000000000000000000 ) ) ;
#1906 = AXIS2_PLACEMENT_3D ( 'NONE', #2846, #4598, #3700 ) ;
#1907 = ORIENTED_EDGE ( 'NONE', *, *, #4500, .T. ) ;
#1908 = CARTESIAN_POINT ( 'NONE',  ( 0.5000000000000004441, -4.500000000000000000, 67.00000000000000000 ) ) ;
#1909 = DIRECTION ( 'NONE',  ( -1.000000000000000000, -0.000000000000000000, -0.000000000000000000 ) ) ;
#1910 = CARTESIAN_POINT ( 'NONE',  ( 0.5000000000000006661, -8.170174558805832987, 21.65831239517770612 ) ) ;
#1911 = ORIENTED_EDGE ( 'NONE', *, *, #4876, .T. ) ;
#1912 = DIRECTION ( 'NONE',  ( 1.000000000000000000, 1.239088197126290570E-16, 0.000000000000000000 ) ) ;
#1913 = VECTOR ( 'NONE', #640, 1000.000000000000000 ) ;
#1914 = LINE ( 'NONE', #5370, #2163 ) ;
#1915 = ORIENTED_EDGE ( 'NONE', *, *, #959, .F. ) ;
#1916 = LINE ( 'NONE', #2792, #5482 ) ;
#1917 = ORIENTED_EDGE ( 'NONE', *, *, #2552, .F. ) ;
#1918 = DIRECTION ( 'NONE',  ( -1.000000000000000000, -3.252606517456513918E-17, 0.000000000000000000 ) ) ;
#1919 = AXIS2_PLACEMENT_3D ( 'NONE', #4673, #4555, #1678 ) ;
#1920 = EDGE_CURVE ( 'NONE', #544, #139, #1066, .T. ) ;
#1921 = FACE_OUTER_BOUND ( 'NONE', #5212, .T. ) ;
#1922 = EDGE_LOOP ( 'NONE', ( #359, #5575, #63, #1979 ) ) ;
#1923 = ADVANCED_FACE ( 'NONE', ( #2302, #1503 ), #105, .T. ) ;
#1924 = EDGE_LOOP ( 'NONE', ( #2527, #1972, #1513, #3038, #2540, #1260 ) ) ;
#1925 = DIRECTION ( 'NONE',  ( -1.000000000000000000, -3.252606517456513918E-17, 0.000000000000000000 ) ) ;
#1926 = EDGE_CURVE ( 'NONE', #166, #13, #1021, .T. ) ;
#1927 = CARTESIAN_POINT ( 'NONE',  ( -64.14711903867025455, -14.54981716550030413, 65.20000000000000284 ) ) ;
#1928 = ORIENTED_EDGE ( 'NONE', *, *, #4178, .F. ) ;
#1929 = CARTESIAN_POINT ( 'NONE',  ( 1.000000000000000000, -9.536057466139306271, 25.65831239517770612 ) ) ;
#1930 = FACE_OUTER_BOUND ( 'NONE', #1099, .T. ) ;
#1931 = AXIS2_PLACEMENT_3D ( 'NONE', #2962, #4690, #4254 ) ;
#1932 = LINE ( 'NONE', #2334, #2004 ) ;
#1933 = FACE_OUTER_BOUND ( 'NONE', #4137, .T. ) ;
#1934 = CARTESIAN_POINT ( 'NONE',  ( 0.4999999999999995559, -17.32982544119417057, 22.45831239517770328 ) ) ;
#1935 = AXIS2_PLACEMENT_3D ( 'NONE', #3834, #2442, #1651 ) ;
#1936 = CARTESIAN_POINT ( 'NONE',  ( 4.000000000000000000, -6.499999999999999112, 50.28776832031179822 ) ) ;
#1937 = ADVANCED_FACE ( 'NONE', ( #5384 ), #554, .F. ) ;
#1938 = VECTOR ( 'NONE', #4786, 1000.000000000000000 ) ;
#1939 = DIRECTION ( 'NONE',  ( -1.000000000000000000, -3.469446951953611107E-17, 0.000000000000000000 ) ) ;
#1940 = CARTESIAN_POINT ( 'NONE',  ( 6.000000000000000000, -2.999999999999998668, -19.59999999999999076 ) ) ;
#1941 = DIRECTION ( 'NONE',  ( -1.355252715606883008E-16, 1.000000000000000000, 0.000000000000000000 ) ) ;
#1942 = EDGE_LOOP ( 'NONE', ( #207, #3503, #4337, #4551, #734, #4588, #5616, #3913 ) ) ;
#1943 = CARTESIAN_POINT ( 'NONE',  ( 7.000000000000000000, -15.99999999999999289, -43.00000000000000000 ) ) ;
#1944 = ORIENTED_EDGE ( 'NONE', *, *, #5103, .T. ) ;
#1945 = EDGE_CURVE ( 'NONE', #1328, #442, #5333, .T. ) ;
#1946 = CARTESIAN_POINT ( 'NONE',  ( 1.225000000000000311, -14.49999999999999645, -31.59999999999999787 ) ) ;
#1947 = ORIENTED_EDGE ( 'NONE', *, *, #5599, .T. ) ;
#1948 = ORIENTED_EDGE ( 'NONE', *, *, #1962, .F. ) ;
#1949 = VECTOR ( 'NONE', #3092, 1000.000000000000000 ) ;
#1950 = AXIS2_PLACEMENT_3D ( 'NONE', #4367, #4895, #15 ) ;
#1951 = ORIENTED_EDGE ( 'NONE', *, *, #3982, .T. ) ;
#1952 = EDGE_CURVE ( 'NONE', #2120, #4709, #134, .T. ) ;
#1953 = DIRECTION ( 'NONE',  ( -5.606118275711214248E-17, 0.4524390022205841411, 0.8917953516752833432 ) ) ;
#1954 = ORIENTED_EDGE ( 'NONE', *, *, #4991, .F. ) ;
#1955 = CARTESIAN_POINT ( 'NONE',  ( 0.5000000000000018874, -18.20000000000000284, 18.34168760482228322 ) ) ;
#1956 = CIRCLE ( 'NONE', #5120, 1.650000000000002132 ) ;
#1957 = FACE_OUTER_BOUND ( 'NONE', #4269, .T. ) ;
#1958 = DIRECTION ( 'NONE',  ( -1.000000000000000000, 0.000000000000000000, -0.000000000000000000 ) ) ;
#1959 = ADVANCED_FACE ( 'NONE', ( #1453 ), #3188, .T. ) ;
#1960 = CARTESIAN_POINT ( 'NONE',  ( 4.000000000000000000, -10.76036283369648494, 35.09386066807927307 ) ) ;
#1961 = VECTOR ( 'NONE', #4260, 1000.000000000000000 ) ;
#1962 = EDGE_CURVE ( 'NONE', #5140, #2965, #3163, .T. ) ;
#1963 = DIRECTION ( 'NONE',  ( -1.000000000000000000, -3.252606517456513918E-17, 1.048466334442454337E-16 ) ) ;
#1964 = CARTESIAN_POINT ( 'NONE',  ( 1.000000000000000000, -16.96394253386069906, 25.65831239517770612 ) ) ;
#1965 = DIRECTION ( 'NONE',  ( 1.000000000000000000, 1.239088197126290570E-16, 0.000000000000000000 ) ) ;
#1966 = ORIENTED_EDGE ( 'NONE', *, *, #1445, .F. ) ;
#1967 = CARTESIAN_POINT ( 'NONE',  ( 0.5000000000000004441, -7.299999999999999822, 50.28776832031179822 ) ) ;
#1968 = AXIS2_PLACEMENT_3D ( 'NONE', #340, #2072, #1227 ) ;
#1969 = EDGE_LOOP ( 'NONE', ( #3080, #1853, #491, #3621 ) ) ;
#1970 = EDGE_CURVE ( 'NONE', #1182, #1246, #4904, .T. ) ;
#1971 = DIRECTION ( 'NONE',  ( 1.275531967630005245E-16, -1.000000000000000000, 0.000000000000000000 ) ) ;
#1972 = ORIENTED_EDGE ( 'NONE', *, *, #5606, .F. ) ;
#1973 = DIRECTION ( 'NONE',  ( 1.000000000000000000, -6.505213034913025371E-17, -0.000000000000000000 ) ) ;
#1974 = AXIS2_PLACEMENT_3D ( 'NONE', #460, #37, #2605 ) ;
#1975 = LINE ( 'NONE', #3675, #1108 ) ;
#1976 = CARTESIAN_POINT ( 'NONE',  ( 4.000000000000000000, -11.65374246116384782, 43.51643879716585417 ) ) ;
#1977 = ORIENTED_EDGE ( 'NONE', *, *, #3994, .F. ) ;
#1978 = ORIENTED_EDGE ( 'NONE', *, *, #2996, .T. ) ;
#1979 = ORIENTED_EDGE ( 'NONE', *, *, #2668, .F. ) ;
#1980 = ORIENTED_EDGE ( 'NONE', *, *, #1549, .T. ) ;
#1981 = VECTOR ( 'NONE', #1561, 1000.000000000000000 ) ;
#1982 = CARTESIAN_POINT ( 'NONE',  ( 2.999999999999999112, 1.494263266912956523, 67.00000000000000000 ) ) ;
#1983 = CARTESIAN_POINT ( 'NONE',  ( 1.000000000000000222, -10.93342069860755039, 14.01605135672935276 ) ) ;
#1984 = CARTESIAN_POINT ( 'NONE',  ( 0.5000000000000004441, -7.299999999999999822, 4.800000000000002487 ) ) ;
#1985 = LINE ( 'NONE', #4091, #4021 ) ;
#1986 = VECTOR ( 'NONE', #3068, 1000.000000000000000 ) ;
#1987 = EDGE_CURVE ( 'NONE', #4483, #5298, #2554, .T. ) ;
#1988 = CARTESIAN_POINT ( 'NONE',  ( 4.000000000000000000, -6.499999999999998224, 23.13299826867510589 ) ) ;
#1989 = AXIS2_PLACEMENT_3D ( 'NONE', #2278, #1486, #4933 ) ;
#1990 = DIRECTION ( 'NONE',  ( 1.057758217059028854E-16, -1.000000000000000000, 0.000000000000000000 ) ) ;
#1991 = AXIS2_PLACEMENT_3D ( 'NONE', #1193, #5558, #4176 ) ;
#1992 = CARTESIAN_POINT ( 'NONE',  ( 6.000000000000000000, -3.000000000000000444, 57.78260869565215785 ) ) ;
#1993 = CARTESIAN_POINT ( 'NONE',  ( 4.000000000000000000, -13.84625753883615040, 43.51643879716585417 ) ) ;
#1994 = AXIS2_PLACEMENT_3D ( 'NONE', #2025, #3725, #5481 ) ;
#1995 = LINE ( 'NONE', #1167, #595 ) ;
#1996 = ADVANCED_FACE ( 'NONE', ( #3976 ), #1476, .F. ) ;
#1997 = ORIENTED_EDGE ( 'NONE', *, *, #2412, .T. ) ;
#1998 = PLANE ( 'NONE',  #4579 ) ;
#1999 = CARTESIAN_POINT ( 'NONE',  ( 4.000000000000000000, -11.53650156772112467, 15.34168760482228500 ) ) ;
#2000 = EDGE_CURVE ( 'NONE', #4017, #2277, #3556, .T. ) ;
#2001 = VERTEX_POINT ( 'NONE', #4085 ) ;
#2002 = LINE ( 'NONE', #5455, #1083 ) ;
#2003 = ADVANCED_FACE ( 'NONE', ( #610 ), #2356, .T. ) ;
#2004 = VECTOR ( 'NONE', #2362, 1000.000000000000000 ) ;
#2005 = DIRECTION ( 'NONE',  ( 1.000000000000000000, 3.252606517456513918E-17, -0.000000000000000000 ) ) ;
#2006 = CYLINDRICAL_SURFACE ( 'NONE', #1895, 3.999999999999998224 ) ;
#2007 = EDGE_LOOP ( 'NONE', ( #2615, #4454 ) ) ;
#2008 = VERTEX_POINT ( 'NONE', #4953 ) ;
#2009 = ORIENTED_EDGE ( 'NONE', *, *, #741, .T. ) ;
#2010 = CARTESIAN_POINT ( 'NONE',  ( 3.999999999999999112, 1.322726650432315163E-16, 0.000000000000000000 ) ) ;
#2011 = LINE ( 'NONE', #2910, #970 ) ;
#2012 = FACE_OUTER_BOUND ( 'NONE', #777, .T. ) ;
#2013 = LINE ( 'NONE', #1129, #3928 ) ;
#2014 = CARTESIAN_POINT ( 'NONE',  ( 7.002000000000005109, -17.83804879822353584, 64.84983472897241086 ) ) ;
#2015 = DIRECTION ( 'NONE',  ( 1.000000000000000000, 0.000000000000000000, 0.000000000000000000 ) ) ;
#2016 = DIRECTION ( 'NONE',  ( 0.000000000000000000, -1.000000000000000000, 0.000000000000000000 ) ) ;
#2017 = ADVANCED_FACE ( 'NONE', ( #5414, #1427, #3236, #4977 ), #1097, .T. ) ;
#2018 = CARTESIAN_POINT ( 'NONE',  ( 0.4999999999999997780, -19.00000000000001066, 54.86700173132491898 ) ) ;
#2019 = DIRECTION ( 'NONE',  ( 1.000000000000000000, 1.239088197126290570E-16, 0.000000000000000000 ) ) ;
#2020 = ORIENTED_EDGE ( 'NONE', *, *, #2122, .T. ) ;
#2021 = DIRECTION ( 'NONE',  ( 0.000000000000000000, -1.000000000000000000, 0.000000000000000000 ) ) ;
#2022 = FACE_BOUND ( 'NONE', #1158, .T. ) ;
#2023 = CIRCLE ( 'NONE', #1935, 1.600000000000000755 ) ;
#2024 = EDGE_CURVE ( 'NONE', #5015, #952, #2270, .T. ) ;
#2025 = CARTESIAN_POINT ( 'NONE',  ( 21.41522322567242043, -5.299999999999997158, -4.800000000000000711 ) ) ;
#2026 = ADVANCED_FACE ( 'NONE', ( #2883 ), #4608, .T. ) ;
#2027 = VERTEX_POINT ( 'NONE', #723 ) ;
#2028 = CARTESIAN_POINT ( 'NONE',  ( 0.5000000000000009992, -10.95018283449971719, 59.65831239517768836 ) ) ;
#2029 = EDGE_CURVE ( 'NONE', #4181, #3478, #2465, .T. ) ;
#2030 = DIRECTION ( 'NONE',  ( -1.355252715606883008E-16, 1.000000000000000000, 0.000000000000000000 ) ) ;
#2031 = EDGE_LOOP ( 'NONE', ( #2486, #1385, #659, #1523, #5085 ) ) ;
#2032 = ORIENTED_EDGE ( 'NONE', *, *, #2602, .T. ) ;
#2033 = EDGE_CURVE ( 'NONE', #412, #4990, #2643, .T. ) ;
#2034 = CARTESIAN_POINT ( 'NONE',  ( 0.4999999999999988343, -10.71297600145975792, 43.17738353869633983 ) ) ;
#2035 = LINE ( 'NONE', #4577, #685 ) ;
#2036 = FACE_OUTER_BOUND ( 'NONE', #5194, .T. ) ;
#2037 = VERTEX_POINT ( 'NONE', #1125 ) ;
#2038 = DIRECTION ( 'NONE',  ( 1.000000000000000000, 0.000000000000000000, 0.000000000000000000 ) ) ;
#2039 = VERTEX_POINT ( 'NONE', #5122 ) ;
#2040 = CARTESIAN_POINT ( 'NONE',  ( 4.000000000000000000, -8.595291006435214598, 25.99736765364722046 ) ) ;
#2041 = CARTESIAN_POINT ( 'NONE',  ( 1.225000000000000089, 0.000000000000000000, 0.000000000000000000 ) ) ;
#2042 = FACE_OUTER_BOUND ( 'NONE', #3135, .T. ) ;
#2043 = AXIS2_PLACEMENT_3D ( 'NONE', #1468, #4941, #4534 ) ;
#2044 = DIRECTION ( 'NONE',  ( -0.000000000000000000, -7.647554475223040142E-17, -1.000000000000000000 ) ) ;
#2045 = CARTESIAN_POINT ( 'NONE',  ( 0.4999999999999988343, -10.99999999999999822, -24.20000000000000639 ) ) ;
#2046 = DIRECTION ( 'NONE',  ( 1.000000000000000000, 1.239088197126290570E-16, 0.000000000000000000 ) ) ;
#2047 = FACE_BOUND ( 'NONE', #4833, .T. ) ;
#2048 = CIRCLE ( 'NONE', #2775, 2.050000000000010036 ) ;
#2049 = DIRECTION ( 'NONE',  ( -1.000000000000000000, -3.252606517456513918E-17, 0.000000000000000000 ) ) ;
#2050 = CIRCLE ( 'NONE', #4110, 0.8000000000000003775 ) ;
#2051 = CARTESIAN_POINT ( 'NONE',  ( 1.000000000000000000, -7.299999999999998934, 61.52191394754550657 ) ) ;
#2052 = EDGE_CURVE ( 'NONE', #1246, #2209, #327, .T. ) ;
#2053 = EDGE_LOOP ( 'NONE', ( #1353, #4228, #4526, #2148, #130, #2325 ) ) ;
#2054 = CIRCLE ( 'NONE', #1708, 2.049999999999999822 ) ;
#2055 = DIRECTION ( 'NONE',  ( 0.000000000000000000, -0.000000000000000000, 1.000000000000000000 ) ) ;
#2056 = DIRECTION ( 'NONE',  ( -1.000000000000000000, -0.000000000000000000, -0.000000000000000000 ) ) ;
#2057 = VERTEX_POINT ( 'NONE', #749 ) ;
#2058 = EDGE_CURVE ( 'NONE', #910, #3734, #2085, .T. ) ;
#2059 = ORIENTED_EDGE ( 'NONE', *, *, #1382, .F. ) ;
#2060 = VERTEX_POINT ( 'NONE', #3708 ) ;
#2061 = CARTESIAN_POINT ( 'NONE',  ( 4.000000000000003553, -7.299999999999998934, 15.34168760482228500 ) ) ;
#2062 = CARTESIAN_POINT ( 'NONE',  ( 0.9999999999999993339, 1.494263266912956523, 67.00000000000000000 ) ) ;
#2063 = CARTESIAN_POINT ( 'NONE',  ( -64.14711903867025455, -19.00000000000000711, 27.71223167968819112 ) ) ;
#2064 = EDGE_CURVE ( 'NONE', #3393, #4162, #4229, .T. ) ;
#2065 = ORIENTED_EDGE ( 'NONE', *, *, #887, .F. ) ;
#2066 = DIRECTION ( 'NONE',  ( 1.000000000000000000, 3.252606517456513918E-17, 0.000000000000000000 ) ) ;
#2067 = PLANE ( 'NONE',  #1540 ) ;
#2068 = CARTESIAN_POINT ( 'NONE',  ( 0.000000000000000000, 0.000000000000000000, -43.00000000000000000 ) ) ;
#2069 = CARTESIAN_POINT ( 'NONE',  ( 0.5000000000000005551, -7.299999999999999822, 66.00000000000000000 ) ) ;
#2070 = DIRECTION ( 'NONE',  ( 0.000000000000000000, 0.000000000000000000, -1.000000000000000000 ) ) ;
#2071 = VERTEX_POINT ( 'NONE', #5549 ) ;
#2072 = DIRECTION ( 'NONE',  ( -1.000000000000000000, -1.239088197126290570E-16, 0.000000000000000000 ) ) ;
#2073 = CIRCLE ( 'NONE', #3419, 2.049999999999999822 ) ;
#2074 = AXIS2_PLACEMENT_3D ( 'NONE', #548, #3549, #4431 ) ;
#2075 = DIRECTION ( 'NONE',  ( 0.000000000000000000, -3.690901012716611636E-16, 1.000000000000000000 ) ) ;
#2076 = CARTESIAN_POINT ( 'NONE',  ( 0.4999999999999995559, -17.32982544119417057, 22.45831239517770328 ) ) ;
#2077 = DIRECTION ( 'NONE',  ( -1.355252715606879803E-16, 1.000000000000000000, 0.000000000000000000 ) ) ;
#2078 = ORIENTED_EDGE ( 'NONE', *, *, #2826, .F. ) ;
#2079 = CARTESIAN_POINT ( 'NONE',  ( 4.000000000000000000, -10.71297600145975792, 43.17738353869633983 ) ) ;
#2080 = DIRECTION ( 'NONE',  ( -1.000000000000000000, -3.252606517456513918E-17, 0.000000000000000000 ) ) ;
#2081 = ORIENTED_EDGE ( 'NONE', *, *, #247, .F. ) ;
#2082 = EDGE_CURVE ( 'NONE', #3122, #3234, #4140, .T. ) ;
#2083 = VECTOR ( 'NONE', #3793, 1000.000000000000000 ) ;
#2084 = EDGE_LOOP ( 'NONE', ( #2378, #2705, #1093, #3707 ) ) ;
#2085 = LINE ( 'NONE', #2034, #4153 ) ;
#2086 = LINE ( 'NONE', #783, #4769 ) ;
#2087 = EDGE_CURVE ( 'NONE', #745, #2938, #5175, .T. ) ;
#2088 = CARTESIAN_POINT ( 'NONE',  ( 7.002000000000005109, -12.75000000000000178, 37.52531412650260734 ) ) ;
#2089 = ORIENTED_EDGE ( 'NONE', *, *, #2408, .T. ) ;
#2090 = ORIENTED_EDGE ( 'NONE', *, *, #75, .F. ) ;
#2091 = EDGE_CURVE ( 'NONE', #4162, #3147, #914, .T. ) ;
#2092 = DIRECTION ( 'NONE',  ( 0.000000000000000000, 1.000000000000000000, 0.000000000000000000 ) ) ;
#2093 = FACE_OUTER_BOUND ( 'NONE', #2829, .T. ) ;
#2094 = CARTESIAN_POINT ( 'NONE',  ( 7.002000000000005109, -12.46362969077260630, 35.01026416338211078 ) ) ;
#2095 = ADVANCED_FACE ( 'NONE', ( #1672 ), #3317, .T. ) ;
#2096 = FACE_BOUND ( 'NONE', #3817, .T. ) ;
#2097 = CARTESIAN_POINT ( 'NONE',  ( 4.000000000000003553, -7.299999999999998934, 50.28776832031179822 ) ) ;
#2098 = ORIENTED_EDGE ( 'NONE', *, *, #5606, .T. ) ;
#2099 = DIRECTION ( 'NONE',  ( 1.000000000000000000, 1.239088197126290570E-16, 0.000000000000000000 ) ) ;
#2100 = VECTOR ( 'NONE', #1472, 1000.000000000000000 ) ;
#2101 = CARTESIAN_POINT ( 'NONE',  ( 4.000000000000000000, -13.00000000000000178, -4.800000000000000711 ) ) ;
#2102 = VERTEX_POINT ( 'NONE', #2909 ) ;
#2103 = EDGE_CURVE ( 'NONE', #2655, #1242, #3762, .T. ) ;
#2104 = CARTESIAN_POINT ( 'NONE',  ( 4.000000000000000000, -17.37825347598732506, 4.800000000000004263 ) ) ;
#2105 = CARTESIAN_POINT ( 'NONE',  ( 2.724999999999999201, -22.49999999999998579, -40.99999999999999289 ) ) ;
#2106 = ORIENTED_EDGE ( 'NONE', *, *, #1750, .F. ) ;
#2107 = AXIS2_PLACEMENT_3D ( 'NONE', #2682, #2282, #1377 ) ;
#2108 = DIRECTION ( 'NONE',  ( 1.000000000000000000, 1.239088197126290570E-16, 0.000000000000000000 ) ) ;
#2109 = VERTEX_POINT ( 'NONE', #1215 ) ;
#2110 = DIRECTION ( 'NONE',  ( 1.165692616471626712E-16, -0.9407664597040922283, 0.3390552584695133986 ) ) ;
#2111 = ORIENTED_EDGE ( 'NONE', *, *, #1121, .F. ) ;
#2112 = AXIS2_PLACEMENT_3D ( 'NONE', #4239, #1712, #1680 ) ;
#2113 = CIRCLE ( 'NONE', #2841, 0.8000000000000003775 ) ;
#2114 = EDGE_CURVE ( 'NONE', #2965, #5151, #4636, .T. ) ;
#2115 = VERTEX_POINT ( 'NONE', #3374 ) ;
#2116 = CIRCLE ( 'NONE', #2210, 0.8000000000000003775 ) ;
#2117 = ORIENTED_EDGE ( 'NONE', *, *, #814, .F. ) ;
#2118 = CARTESIAN_POINT ( 'NONE',  ( 4.000000000000000000, -16.57825347598732790, 4.800000000000004263 ) ) ;
#2119 = CARTESIAN_POINT ( 'NONE',  ( 3.999999999999999112, 1.322726650432315163E-16, 0.000000000000000000 ) ) ;
#2120 = VERTEX_POINT ( 'NONE', #5089 ) ;
#2121 = LINE ( 'NONE', #816, #1441 ) ;
#2122 = EDGE_CURVE ( 'NONE', #233, #1682, #265, .T. ) ;
#2123 = VECTOR ( 'NONE', #1658, 1000.000000000000000 ) ;
#2124 = DIRECTION ( 'NONE',  ( 0.000000000000000000, -1.000000000000000000, 0.000000000000000000 ) ) ;
#2125 = DIRECTION ( 'NONE',  ( 0.000000000000000000, -1.000000000000000000, 0.000000000000000000 ) ) ;
#2126 = DIRECTION ( 'NONE',  ( 1.000000000000000000, 1.239088197126290570E-16, -0.000000000000000000 ) ) ;
#2127 = ORIENTED_EDGE ( 'NONE', *, *, #2064, .T. ) ;
#2128 = LINE ( 'NONE', #2534, #5353 ) ;
#2129 = PRODUCT_DEFINITION_SHAPE ( 'NONE', 'NONE',  #3526 ) ;
#2130 = EDGE_CURVE ( 'NONE', #4146, #517, #1250, .T. ) ;
#2131 = CARTESIAN_POINT ( 'NONE',  ( 3.500000000000000000, -16.00000000000000711, 57.99999999999998579 ) ) ;
#2132 = EDGE_CURVE ( 'NONE', #721, #2277, #4519, .T. ) ;
#2133 = FACE_OUTER_BOUND ( 'NONE', #108, .T. ) ;
#2134 = EDGE_LOOP ( 'NONE', ( #383, #1436 ) ) ;
#2135 = CARTESIAN_POINT ( 'NONE',  ( 7.002000000000004221, -9.536057466139306271, 25.65831239517770612 ) ) ;
#2136 = LINE ( 'NONE', #5141, #574 ) ;
#2137 = FACE_OUTER_BOUND ( 'NONE', #4150, .T. ) ;
#2138 = VECTOR ( 'NONE', #4521, 1000.000000000000000 ) ;
#2139 = EDGE_CURVE ( 'NONE', #2981, #2693, #264, .T. ) ;
#2141 = ORIENTED_EDGE ( 'NONE', *, *, #5185, .F. ) ;
#2140 = AXIS2_PLACEMENT_3D ( 'NONE', #3618, #1939, #2790 ) ;
#2142 = LINE ( 'NONE', #771, #285 ) ;
#2143 = PLANE ( 'NONE',  #1843 ) ;
#2144 = VERTEX_POINT ( 'NONE', #3290 ) ;
#2145 = CARTESIAN_POINT ( 'NONE',  ( 1.000000000000000000, -18.20000000000000639, 64.93639844763217184 ) ) ;
#2146 = ORIENTED_EDGE ( 'NONE', *, *, #4991, .T. ) ;
#2147 = VECTOR ( 'NONE', #4983, 1000.000000000000000 ) ;
#2148 = ORIENTED_EDGE ( 'NONE', *, *, #1868, .T. ) ;
#2149 = CYLINDRICAL_SURFACE ( 'NONE', #1829, 0.8000000000000003775 ) ;
#2150 = DIRECTION ( 'NONE',  ( -3.469446951953612956E-17, 1.000000000000000000, -0.000000000000000000 ) ) ;
#2151 = VERTEX_POINT ( 'NONE', #1311 ) ;
#2152 = VECTOR ( 'NONE', #5538, 1000.000000000000000 ) ;
#2153 = VECTOR ( 'NONE', #4199, 1000.000000000000000 ) ;
#2154 = DIRECTION ( 'NONE',  ( 0.000000000000000000, -2.376333528735352191E-16, 1.000000000000000000 ) ) ;
#2155 = CIRCLE ( 'NONE', #5329, 0.9999999999999991118 ) ;
#2156 = DIRECTION ( 'NONE',  ( 1.000000000000000000, 1.239088197126290817E-16, -5.795650323787804553E-33 ) ) ;
#2157 = FACE_OUTER_BOUND ( 'NONE', #3632, .T. ) ;
#2158 = VERTEX_POINT ( 'NONE', #3942 ) ;
#2159 = LINE ( 'NONE', #3868, #2212 ) ;
#2160 = EDGE_CURVE ( 'NONE', #5321, #1205, #1758, .T. ) ;
#2161 = CARTESIAN_POINT ( 'NONE',  ( 1.999999999999999112, -0.5000000000000065503, 67.00000000000000000 ) ) ;
#2162 = DIRECTION ( 'NONE',  ( 1.000000000000000000, 1.239088197126290570E-16, 0.000000000000000000 ) ) ;
#2163 = VECTOR ( 'NONE', #2368, 1000.000000000000000 ) ;
#2164 = ORIENTED_EDGE ( 'NONE', *, *, #5452, .T. ) ;
#2165 = FACE_OUTER_BOUND ( 'NONE', #3020, .T. ) ;
#2166 = DIRECTION ( 'NONE',  ( 1.000000000000000000, 1.239088197126290570E-16, 0.000000000000000000 ) ) ;
#2167 = EDGE_CURVE ( 'NONE', #3076, #1010, #3916, .T. ) ;
#2168 = CARTESIAN_POINT ( 'NONE',  ( 7.001000000000008328, -12.15000000000000391, 71.00000000000000000 ) ) ;
#2169 = VERTEX_POINT ( 'NONE', #5221 ) ;
#2170 = ORIENTED_EDGE ( 'NONE', *, *, #3883, .T. ) ;
#2171 = LINE ( 'NONE', #518, #219 ) ;
#2172 = ADVANCED_FACE ( 'NONE', ( #3825 ), #812, .F. ) ;
#2173 = ORIENTED_EDGE ( 'NONE', *, *, #4235, .T. ) ;
#2174 = CIRCLE ( 'NONE', #256, 0.8000000000000003775 ) ;
#2175 = EDGE_CURVE ( 'NONE', #4458, #4813, #842, .T. ) ;
#2176 = PLANE ( 'NONE',  #4879 ) ;
#2177 = VERTEX_POINT ( 'NONE', #5247 ) ;
#2178 = VERTEX_POINT ( 'NONE', #2611 ) ;
#2179 = CARTESIAN_POINT ( 'NONE',  ( 0.5000000000000004441, -7.299999999999999822, 4.000000000000002665 ) ) ;
#2180 = CARTESIAN_POINT ( 'NONE',  ( 7.000000000000000000, 0.000000000000000000, 0.000000000000000000 ) ) ;
#2181 = ORIENTED_EDGE ( 'NONE', *, *, #1970, .T. ) ;
#2182 = DIRECTION ( 'NONE',  ( 0.000000000000000000, 1.000000000000000000, 2.376333528735352191E-16 ) ) ;
#2183 = CIRCLE ( 'NONE', #4978, 0.8000000000000003775 ) ;
#2184 = FACE_OUTER_BOUND ( 'NONE', #1878, .T. ) ;
#2185 = DIRECTION ( 'NONE',  ( 0.000000000000000000, 0.000000000000000000, -1.000000000000000000 ) ) ;
#2186 = VERTEX_POINT ( 'NONE', #2233 ) ;
#2187 = CIRCLE ( 'NONE', #3973, 0.8000000000000003775 ) ;
#2188 = CARTESIAN_POINT ( 'NONE',  ( 0.9999999999999995559, -9.251384209635093114, 53.34168760482229033 ) ) ;
#2189 = AXIS2_PLACEMENT_3D ( 'NONE', #4815, #932, #3523 ) ;
#2190 = FACE_OUTER_BOUND ( 'NONE', #4715, .T. ) ;
#2191 = CARTESIAN_POINT ( 'NONE',  ( 1.000000000000000000, -15.96394253386069728, 25.65831239517770612 ) ) ;
#2192 = EDGE_CURVE ( 'NONE', #2265, #1835, #3890, .T. ) ;
#2193 = CARTESIAN_POINT ( 'NONE',  ( 0.9999999999999995559, -6.500000000000000000, 4.000000000000000000 ) ) ;
#2194 = CARTESIAN_POINT ( 'NONE',  ( -4.501000000000010104, -10.99999999999999822, -31.59999999999999787 ) ) ;
#2195 = CARTESIAN_POINT ( 'NONE',  ( 7.002000000000004221, -8.170174558805832987, 55.54168760482228606 ) ) ;
#2196 = EDGE_LOOP ( 'NONE', ( #858, #3309, #54, #1687 ) ) ;
#2197 = EDGE_LOOP ( 'NONE', ( #3056, #4393, #2252, #2020, #1794, #519, #4286, #2660, #292 ) ) ;
#2198 = EDGE_CURVE ( 'NONE', #2358, #2060, #4372, .T. ) ;
#2199 = DIRECTION ( 'NONE',  ( 0.000000000000000000, -1.000000000000000000, 0.000000000000000000 ) ) ;
#2200 = AXIS2_PLACEMENT_3D ( 'NONE', #831, #2108, #5049 ) ;
#2201 = ORIENTED_EDGE ( 'NONE', *, *, #3471, .F. ) ;
#2202 = DIRECTION ( 'NONE',  ( -0.000000000000000000, 0.000000000000000000, 1.000000000000000000 ) ) ;
#2203 = ORIENTED_EDGE ( 'NONE', *, *, #5042, .F. ) ;
#2204 = EDGE_CURVE ( 'NONE', #2001, #3122, #3462, .T. ) ;
#2205 = EDGE_CURVE ( 'NONE', #3509, #5074, #1374, .T. ) ;
#2206 = DIRECTION ( 'NONE',  ( 1.000000000000000000, 3.252606517456513918E-17, -0.000000000000000000 ) ) ;
#2207 = AXIS2_PLACEMENT_3D ( 'NONE', #4043, #1515, #4586 ) ;
#2208 = CARTESIAN_POINT ( 'NONE',  ( 0.4999999999999970024, -12.20000000000000107, -18.40000000000000568 ) ) ;
#2209 = VERTEX_POINT ( 'NONE', #3021 ) ;
#2210 = AXIS2_PLACEMENT_3D ( 'NONE', #1044, #2303, #2779 ) ;
#2211 = ADVANCED_FACE ( 'NONE', ( #1336 ), #43, .F. ) ;
#2212 = VECTOR ( 'NONE', #2, 1000.000000000000000 ) ;
#2213 = CARTESIAN_POINT ( 'NONE',  ( 4.225000000000000533, -2.999999999999997335, -34.20000000000000284 ) ) ;
#2214 = CARTESIAN_POINT ( 'NONE',  ( 7.002000000000005109, -8.690625412120517979, 15.06732385291521759 ) ) ;
#2215 = DIRECTION ( 'NONE',  ( 0.000000000000000000, -1.577021341797097560E-16, 1.000000000000000000 ) ) ;
#2216 = VERTEX_POINT ( 'NONE', #5613 ) ;
#2217 = CARTESIAN_POINT ( 'NONE',  ( 7.002000000000005109, -13.03637030922739370, 42.98973583661788922 ) ) ;
#2218 = CARTESIAN_POINT ( 'NONE',  ( 0.5000000000000004441, -6.499999999999993783, 66.00000000000000000 ) ) ;
#2219 = DIRECTION ( 'NONE',  ( 0.000000000000000000, -1.000000000000000000, 0.000000000000000000 ) ) ;
#2220 = CARTESIAN_POINT ( 'NONE',  ( 7.002000000000005109, -15.07469763858625811, 35.74488389006606326 ) ) ;
#2221 = ORIENTED_EDGE ( 'NONE', *, *, #2289, .F. ) ;
#2222 = FACE_OUTER_BOUND ( 'NONE', #4429, .T. ) ;
#2223 = CARTESIAN_POINT ( 'NONE',  ( -4.501000000000007439, -17.00000000000000000, -15.30000000000000071 ) ) ;
#2224 = ORIENTED_EDGE ( 'NONE', *, *, #3224, .F. ) ;
#2225 = ORIENTED_EDGE ( 'NONE', *, *, #1892, .F. ) ;
#2226 = ORIENTED_EDGE ( 'NONE', *, *, #2402, .F. ) ;
#2227 = CARTESIAN_POINT ( 'NONE',  ( 1.000000000000000000, -8.318665654899099593, 17.01605135672935631 ) ) ;
#2228 = ORIENTED_EDGE ( 'NONE', *, *, #4999, .F. ) ;
#2229 = VERTEX_POINT ( 'NONE', #445 ) ;
#2230 = CARTESIAN_POINT ( 'NONE',  ( 2.725000000000000533, -0.9999999999999941158, -37.00000000000000000 ) ) ;
#2231 = EDGE_CURVE ( 'NONE', #1682, #5056, #902, .T. ) ;
#2232 = VERTEX_POINT ( 'NONE', #2640 ) ;
#2233 = CARTESIAN_POINT ( 'NONE',  ( 4.000000000000000000, -13.03637030922739370, 42.98973583661788211 ) ) ;
#2234 = VECTOR ( 'NONE', #621, 1000.000000000000000 ) ;
#2235 = DIRECTION ( 'NONE',  ( 0.000000000000000000, -1.577021341797097560E-16, -1.000000000000000000 ) ) ;
#2236 = ORIENTED_EDGE ( 'NONE', *, *, #3566, .T. ) ;
#2237 = ADVANCED_FACE ( 'NONE', ( #1784 ), #1811, .F. ) ;
#2238 = CIRCLE ( 'NONE', #1343, 1.649999999999998579 ) ;
#2239 = PLANE ( 'NONE',  #3786 ) ;
#2240 = CARTESIAN_POINT ( 'NONE',  ( 0.4999999999999995559, -17.44738683223673092, 27.44098747291256402 ) ) ;
#2241 = ADVANCED_FACE ( 'NONE', ( #2557 ), #3491, .T. ) ;
#2242 = FACE_OUTER_BOUND ( 'NONE', #3179, .T. ) ;
#2243 = VERTEX_POINT ( 'NONE', #1281 ) ;
#2244 = FACE_OUTER_BOUND ( 'NONE', #2354, .T. ) ;
#2245 = ADVANCED_FACE ( 'NONE', ( #389 ), #2149, .F. ) ;
#2246 = DIRECTION ( 'NONE',  ( -1.000000000000000000, -3.469446951953611107E-17, 0.000000000000000000 ) ) ;
#2247 = ORIENTED_EDGE ( 'NONE', *, *, #2132, .F. ) ;
#2248 = CARTESIAN_POINT ( 'NONE',  ( 7.001000000000005663, -10.69999999999999929, 2.510525938252073200E-16 ) ) ;
#2249 = EDGE_LOOP ( 'NONE', ( #172, #1239, #2181, #2803 ) ) ;
#2250 = DIRECTION ( 'NONE',  ( 1.000000000000000000, -0.000000000000000000, -0.000000000000000000 ) ) ;
#2251 = CARTESIAN_POINT ( 'NONE',  ( 5.999999999999999112, -17.00000000000000000, -13.25000000000000178 ) ) ;
#2252 = ORIENTED_EDGE ( 'NONE', *, *, #3939, .T. ) ;
#2253 = CIRCLE ( 'NONE', #1710, 0.8000000000000003775 ) ;
#2254 = CARTESIAN_POINT ( 'NONE',  ( -64.14711903867025455, -19.00000000000000711, 64.13639844763217468 ) ) ;
#2255 = DIRECTION ( 'NONE',  ( 1.000000000000000000, 1.239088197126290570E-16, 0.000000000000000000 ) ) ;
#2256 = VERTEX_POINT ( 'NONE', #4723 ) ;
#2257 = VERTEX_POINT ( 'NONE', #420 ) ;
#2258 = CARTESIAN_POINT ( 'NONE',  ( 0.4999999999999979461, -4.500000000000000000, -18.40000000000000568 ) ) ;
#2259 = EDGE_LOOP ( 'NONE', ( #5406, #4219, #349, #72 ) ) ;
#2260 = VECTOR ( 'NONE', #5398, 1000.000000000000000 ) ;
#2261 = LINE ( 'NONE', #5374, #4603 ) ;
#2262 = VECTOR ( 'NONE', #2202, 1000.000000000000000 ) ;
#2263 = EDGE_CURVE ( 'NONE', #5074, #2178, #3860, .T. ) ;
#2264 = DIRECTION ( 'NONE',  ( -1.000000000000000000, -1.239088197126290570E-16, 0.000000000000000000 ) ) ;
#2265 = VERTEX_POINT ( 'NONE', #4873 ) ;
#2266 = AXIS2_PLACEMENT_3D ( 'NONE', #2664, #4369, #495 ) ;
#2267 = VERTEX_POINT ( 'NONE', #3183 ) ;
#2268 = DIRECTION ( 'NONE',  ( -0.000000000000000000, -0.000000000000000000, -1.000000000000000000 ) ) ;
#2269 = EDGE_CURVE ( 'NONE', #97, #5449, #4923, .T. ) ;
#2270 = LINE ( 'NONE', #3138, #5526 ) ;
#2271 = VECTOR ( 'NONE', #4477, 1000.000000000000000 ) ;
#2272 = CARTESIAN_POINT ( 'NONE',  ( 2.724999999999999201, -14.49999999999999645, -31.09999999999999432 ) ) ;
#2273 = LINE ( 'NONE', #3141, #319 ) ;
#2274 = CARTESIAN_POINT ( 'NONE',  ( 0.4999999999999990563, -12.75000000000000000, 39.00000000000000000 ) ) ;
#2275 = EDGE_CURVE ( 'NONE', #1110, #4044, #1015, .T. ) ;
#2276 = AXIS2_PLACEMENT_3D ( 'NONE', #4818, #27, #1289 ) ;
#2277 = VERTEX_POINT ( 'NONE', #177 ) ;
#2278 = CARTESIAN_POINT ( 'NONE',  ( 7.002000000000005997, -16.57825347598732790, 4.800000000000004263 ) ) ;
#2279 = ADVANCED_FACE ( 'NONE', ( #1016 ), #3157, .F. ) ;
#2280 = ORIENTED_EDGE ( 'NONE', *, *, #1926, .F. ) ;
#2281 = DIRECTION ( 'NONE',  ( 0.000000000000000000, 1.000000000000000000, 0.000000000000000000 ) ) ;
#2282 = DIRECTION ( 'NONE',  ( -1.000000000000000000, -1.239088197126290817E-16, 0.000000000000000000 ) ) ;
#2283 = VECTOR ( 'NONE', #2971, 1000.000000000000000 ) ;
#2284 = ORIENTED_EDGE ( 'NONE', *, *, #1121, .T. ) ;
#2285 = CARTESIAN_POINT ( 'NONE',  ( 2.724999999999999201, -15.99999999999999289, -43.00000000000000000 ) ) ;
#2286 = LINE ( 'NONE', #3992, #3858 ) ;
#2287 = VERTEX_POINT ( 'NONE', #2377 ) ;
#2288 = ORIENTED_EDGE ( 'NONE', *, *, #660, .T. ) ;
#2289 = EDGE_CURVE ( 'NONE', #1701, #166, #2352, .T. ) ;
#2290 = LINE ( 'NONE', #954, #1507 ) ;
#2291 = ORIENTED_EDGE ( 'NONE', *, *, #4020, .F. ) ;
#2292 = ORIENTED_EDGE ( 'NONE', *, *, #3195, .F. ) ;
#2293 = LINE ( 'NONE', #4398, #5255 ) ;
#2294 = AXIS2_PLACEMENT_3D ( 'NONE', #1452, #3582, #4437 ) ;
#2295 = ORIENTED_EDGE ( 'NONE', *, *, #4795, .F. ) ;
#2296 = LINE ( 'NONE', #3999, #3009 ) ;
#2297 = VECTOR ( 'NONE', #4191, 1000.000000000000000 ) ;
#2298 = VECTOR ( 'NONE', #2268, 1000.000000000000000 ) ;
#2299 = AXIS2_PLACEMENT_3D ( 'NONE', #4434, #550, #3600 ) ;
#2300 = ORIENTED_EDGE ( 'NONE', *, *, #249, .T. ) ;
#2301 = CARTESIAN_POINT ( 'NONE',  ( 6.000000000000000000, 2.654351659482303116, 70.39040537556121535 ) ) ;
#2302 = FACE_OUTER_BOUND ( 'NONE', #2031, .T. ) ;
#2303 = DIRECTION ( 'NONE',  ( -1.000000000000000000, -3.469446951953612956E-17, 0.000000000000000000 ) ) ;
#2304 = CYLINDRICAL_SURFACE ( 'NONE', #4593, 0.7999999999999986011 ) ;
#2305 = AXIS2_PLACEMENT_3D ( 'NONE', #5253, #3112, #1766 ) ;
#2306 = DIRECTION ( 'NONE',  ( 0.000000000000000000, -1.000000000000000000, 0.000000000000000000 ) ) ;
#2307 = EDGE_CURVE ( 'NONE', #1296, #1726, #990, .T. ) ;
#2308 = CIRCLE ( 'NONE', #5467, 2.049999999999999822 ) ;
#2309 = LINE ( 'NONE', #4040, #2551 ) ;
#2310 = VERTEX_POINT ( 'NONE', #1840 ) ;
#2311 = DIRECTION ( 'NONE',  ( 1.000000000000000000, 3.252606517456513918E-17, 0.000000000000000000 ) ) ;
#2312 = LINE ( 'NONE', #2809, #4084 ) ;
#2313 = VERTEX_POINT ( 'NONE', #1946 ) ;
#2314 = DIRECTION ( 'NONE',  ( -1.000000000000000000, -1.239088197126290570E-16, -0.000000000000000000 ) ) ;
#2315 = DIRECTION ( 'NONE',  ( 0.000000000000000000, 1.000000000000000000, 0.000000000000000000 ) ) ;
#2316 = EDGE_CURVE ( 'NONE', #5115, #3651, #2771, .T. ) ;
#2317 = EDGE_LOOP ( 'NONE', ( #2701, #1277, #4692, #429, #5548, #1671, #3574, #2880, #4374, #760 ) ) ;
#2318 = DIRECTION ( 'NONE',  ( -1.000000000000000000, -1.239088197126290570E-16, 0.000000000000000000 ) ) ;
#2319 = CIRCLE ( 'NONE', #4387, 0.7999999999999986011 ) ;
#2320 = ORIENTED_EDGE ( 'NONE', *, *, #3358, .F. ) ;
#2321 = DIRECTION ( 'NONE',  ( -0.000000000000000000, 1.000000000000000000, 0.000000000000000000 ) ) ;
#2322 = ADVANCED_FACE ( 'NONE', ( #2323 ), #4056, .F. ) ;
#2323 = FACE_OUTER_BOUND ( 'NONE', #5409, .T. ) ;
#2324 = VECTOR ( 'NONE', #39, 1000.000000000000000 ) ;
#2325 = ORIENTED_EDGE ( 'NONE', *, *, #2263, .T. ) ;
#2326 = CIRCLE ( 'NONE', #3045, 2.049999999999999822 ) ;
#2327 = AXIS2_PLACEMENT_3D ( 'NONE', #4967, #4276, #5480 ) ;
#2328 = VERTEX_POINT ( 'NONE', #4462 ) ;
#2329 = DIRECTION ( 'NONE',  ( 0.000000000000000000, 0.000000000000000000, 1.000000000000000000 ) ) ;
#2330 = DIRECTION ( 'NONE',  ( -1.000000000000000000, -1.239088197126290570E-16, 0.000000000000000000 ) ) ;
#2331 = ORIENTED_EDGE ( 'NONE', *, *, #4060, .T. ) ;
#2332 = DIRECTION ( 'NONE',  ( -1.000000000000000000, -3.252606517456514535E-17, -4.636167053988475974E-17 ) ) ;
#2333 = DIRECTION ( 'NONE',  ( -0.000000000000000000, -0.000000000000000000, -1.000000000000000000 ) ) ;
#2334 = CARTESIAN_POINT ( 'NONE',  ( 0.4999999999999979461, -4.500000000000000000, -19.20000000000000639 ) ) ;
#2335 = EDGE_LOOP ( 'NONE', ( #864, #3238 ) ) ;
#2336 = CARTESIAN_POINT ( 'NONE',  ( 6.225000000000000533, 4.000000000000000000, 56.31534156157350424 ) ) ;
#2337 = CARTESIAN_POINT ( 'NONE',  ( -64.14711903867025455, -17.32982544119417767, 56.34168760482229033 ) ) ;
#2338 = EDGE_CURVE ( 'NONE', #1200, #1637, #2695, .T. ) ;
#2339 = ORIENTED_EDGE ( 'NONE', *, *, #394, .F. ) ;
#2340 = EDGE_LOOP ( 'NONE', ( #3637, #3249, #1797, #4785, #4604, #4356 ) ) ;
#2341 = CARTESIAN_POINT ( 'NONE',  ( 0.4999999999999989453, -12.21851846721101253, 39.00000000000000000 ) ) ;
#2342 = LINE ( 'NONE', #4452, #2344 ) ;
#2343 = ORIENTED_EDGE ( 'NONE', *, *, #3057, .T. ) ;
#2344 = VECTOR ( 'NONE', #1032, 1000.000000000000000 ) ;
#2345 = CARTESIAN_POINT ( 'NONE',  ( 0.4999999999999992784, -14.79999999999999893, 0.000000000000000000 ) ) ;
#2346 = EDGE_CURVE ( 'NONE', #4415, #92, #5377, .T. ) ;
#2347 = VERTEX_POINT ( 'NONE', #3207 ) ;
#2348 = CIRCLE ( 'NONE', #5505, 0.8000000000000003775 ) ;
#2349 = CARTESIAN_POINT ( 'NONE',  ( 5.000000000000000000, -3.000000000000000000, 57.78260869565215785 ) ) ;
#2350 = ADVANCED_FACE ( 'NONE', ( #1921 ), #1497, .T. ) ;
#2351 = ADVANCED_FACE ( 'NONE', ( #632 ), #577, .F. ) ;
#2352 = LINE ( 'NONE', #2748, #4251 ) ;
#2353 = ORIENTED_EDGE ( 'NONE', *, *, #997, .T. ) ;
#2354 = EDGE_LOOP ( 'NONE', ( #3901, #1951, #823, #1169, #1646, #1670, #5104, #5134, #2468, #492, #4397 ) ) ;
#2355 = ADVANCED_FACE ( 'NONE', ( #153 ), #1893, .F. ) ;
#2356 = PLANE ( 'NONE',  #5072 ) ;
#2357 = CARTESIAN_POINT ( 'NONE',  ( 7.002000000000005109, -12.75000000000000000, 39.00000000000000000 ) ) ;
#2358 = VERTEX_POINT ( 'NONE', #3647 ) ;
#2359 = DIRECTION ( 'NONE',  ( -1.000000000000000000, -3.252606517456513918E-17, 2.535569890667616456E-16 ) ) ;
#2360 = DIRECTION ( 'NONE',  ( -1.000000000000000000, -3.252606517456513918E-17, 0.000000000000000000 ) ) ;
#2361 = ORIENTED_EDGE ( 'NONE', *, *, #1685, .T. ) ;
#2362 = DIRECTION ( 'NONE',  ( -0.000000000000000000, -0.000000000000000000, -1.000000000000000000 ) ) ;
#2363 = CARTESIAN_POINT ( 'NONE',  ( -63.03173803727769808, -6.500000000000001776, 15.44526502967734416 ) ) ;
#2364 = CARTESIAN_POINT ( 'NONE',  ( 2.724999999999999201, -20.99999999999999645, -31.59999999999999787 ) ) ;
#2365 = CIRCLE ( 'NONE', #1282, 0.8000000000000003775 ) ;
#2366 = CARTESIAN_POINT ( 'NONE',  ( 1.000000000000000000, -12.75000000000000000, 40.47468587349739266 ) ) ;
#2367 = VECTOR ( 'NONE', #469, 1000.000000000000000 ) ;
#2368 = DIRECTION ( 'NONE',  ( 0.000000000000000000, -1.000000000000000000, 0.000000000000000000 ) ) ;
#2369 = EDGE_CURVE ( 'NONE', #3314, #5048, #2296, .T. ) ;
#2370 = CYLINDRICAL_SURFACE ( 'NONE', #417, 0.8000000000000020428 ) ;
#2371 = CARTESIAN_POINT ( 'NONE',  ( 0.4999999999999995559, -16.57825347598732790, 4.800000000000004263 ) ) ;
#2372 = EDGE_LOOP ( 'NONE', ( #5295, #124, #4855, #5621 ) ) ;
#2373 = DIRECTION ( 'NONE',  ( 0.000000000000000000, 1.000000000000000000, 0.000000000000000000 ) ) ;
#2374 = AXIS2_PLACEMENT_3D ( 'NONE', #1764, #2592, #4758 ) ;
#2375 = EDGE_CURVE ( 'NONE', #4315, #150, #131, .T. ) ;
#2376 = AXIS2_PLACEMENT_3D ( 'NONE', #1367, #3082, #2672 ) ;
#2377 = CARTESIAN_POINT ( 'NONE',  ( 0.4999999999999990563, -13.03637030922739370, 42.98973583661788211 ) ) ;
#2378 = ORIENTED_EDGE ( 'NONE', *, *, #1191, .F. ) ;
#2379 = ADVANCED_FACE ( 'NONE', ( #1393 ), #3107, .T. ) ;
#2380 = ADVANCED_FACE ( 'NONE', ( #744 ), #2006, .T. ) ;
#2381 = ORIENTED_EDGE ( 'NONE', *, *, #1617, .F. ) ;
#2382 = ORIENTED_EDGE ( 'NONE', *, *, #2405, .T. ) ;
#2383 = DIRECTION ( 'NONE',  ( 1.000000000000000000, 1.239088197126290570E-16, 0.000000000000000000 ) ) ;
#2384 = DIRECTION ( 'NONE',  ( 1.000000000000000000, -0.000000000000000000, -0.000000000000000000 ) ) ;
#2385 = DIRECTION ( 'NONE',  ( 1.000000000000000000, 3.252606517456513918E-17, -0.000000000000000000 ) ) ;
#2386 = CARTESIAN_POINT ( 'NONE',  ( 21.41522322567242043, -4.499999999999997335, -19.20000000000000639 ) ) ;
#2387 = EDGE_CURVE ( 'NONE', #1286, #2494, #5024, .T. ) ;
#2388 = CARTESIAN_POINT ( 'NONE',  ( 0.4999999999999996669, -18.12982544119417128, 22.45831239517770328 ) ) ;
#2389 = ORIENTED_EDGE ( 'NONE', *, *, #4145, .F. ) ;
#2390 = CARTESIAN_POINT ( 'NONE',  ( 0.9999999999999991118, 3.999999999999998224, 64.15000000000000568 ) ) ;
#2391 = DIRECTION ( 'NONE',  ( 1.000000000000000000, -0.000000000000000000, -0.000000000000000000 ) ) ;
#2392 = LINE ( 'NONE', #4095, #85 ) ;
#2393 = AXIS2_PLACEMENT_3D ( 'NONE', #1265, #1691, #1230 ) ;
#2394 = LINE ( 'NONE', #3642, #1337 ) ;
#2395 = ORIENTED_EDGE ( 'NONE', *, *, #3990, .F. ) ;
#2396 = CARTESIAN_POINT ( 'NONE',  ( 0.4999999999999989453, -12.20000000000000107, -19.20000000000000639 ) ) ;
#2397 = VERTEX_POINT ( 'NONE', #3702 ) ;
#2398 = CARTESIAN_POINT ( 'NONE',  ( 1.000000000000000888, -17.32982544119416701, 55.54168760482228606 ) ) ;
#2399 = CARTESIAN_POINT ( 'NONE',  ( 0.9999999999999997780, -15.50000000000000178, 64.00000000000000000 ) ) ;
#2400 = CARTESIAN_POINT ( 'NONE',  ( 4.000000000000000000, -19.00000000000000355, 14.54168760482228606 ) ) ;
#2401 = VERTEX_POINT ( 'NONE', #5459 ) ;
#2402 = EDGE_CURVE ( 'NONE', #1296, #3314, #4823, .T. ) ;
#2403 = ORIENTED_EDGE ( 'NONE', *, *, #149, .T. ) ;
#2404 = ORIENTED_EDGE ( 'NONE', *, *, #4015, .T. ) ;
#2405 = EDGE_CURVE ( 'NONE', #3537, #2144, #4973, .T. ) ;
#2406 = DIRECTION ( 'NONE',  ( -1.000000000000000000, -3.469446951953611107E-17, 0.000000000000000000 ) ) ;
#2407 = CARTESIAN_POINT ( 'NONE',  ( 0.5000000000000017764, -17.32982544119417057, 21.65831239517770612 ) ) ;
#2408 = EDGE_CURVE ( 'NONE', #19, #1146, #3257, .T. ) ;
#2409 = VECTOR ( 'NONE', #1884, 1000.000000000000000 ) ;
#2410 = DIRECTION ( 'NONE',  ( 0.000000000000000000, -1.000000000000000000, 0.000000000000000000 ) ) ;
#2411 = CARTESIAN_POINT ( 'NONE',  ( 4.000000000000000000, -8.087544543006945474, 15.34168760482228500 ) ) ;
#2412 = EDGE_CURVE ( 'NONE', #4719, #3519, #2823, .T. ) ;
#2413 = CARTESIAN_POINT ( 'NONE',  ( 3.000000000000006217, -22.50000000000001421, 75.00000000000000000 ) ) ;
#2414 = CYLINDRICAL_SURFACE ( 'NONE', #4424, 1.600000000000000089 ) ;
#2415 = DIRECTION ( 'NONE',  ( 0.000000000000000000, 0.000000000000000000, 1.000000000000000000 ) ) ;
#2416 = EDGE_CURVE ( 'NONE', #5015, #1891, #839, .T. ) ;
#2417 = CARTESIAN_POINT ( 'NONE',  ( 0.9999999999999991118, 3.999999999999998224, 60.85000000000000142 ) ) ;
#2418 = CARTESIAN_POINT ( 'NONE',  ( 1.999999999999999112, 4.000000000000000000, 62.50000000000000000 ) ) ;
#2419 = CIRCLE ( 'NONE', #1968, 3.999999999999998224 ) ;
#2420 = APPLICATION_CONTEXT ( 'automotive_design' ) ;
#2421 = ORIENTED_EDGE ( 'NONE', *, *, #2231, .F. ) ;
#2422 = ORIENTED_EDGE ( 'NONE', *, *, #4355, .F. ) ;
#2423 = DIRECTION ( 'NONE',  ( 1.355252715606881036E-16, -1.000000000000000000, 0.000000000000000000 ) ) ;
#2424 = VECTOR ( 'NONE', #433, 1000.000000000000000 ) ;
#2425 = VERTEX_POINT ( 'NONE', #2933 ) ;
#2426 = DIRECTION ( 'NONE',  ( 0.000000000000000000, 0.000000000000000000, -1.000000000000000000 ) ) ;
#2427 = CARTESIAN_POINT ( 'NONE',  ( 2.725000000000000089, -8.828427124746184518, -38.00000000000000000 ) ) ;
#2428 = PLANE ( 'NONE',  #4451 ) ;
#2429 = CIRCLE ( 'NONE', #5603, 0.8000000000000003775 ) ;
#2430 = VERTEX_POINT ( 'NONE', #1581 ) ;
#2431 = AXIS2_PLACEMENT_3D ( 'NONE', #1157, #3050, #3854 ) ;
#2432 = VERTEX_POINT ( 'NONE', #3285 ) ;
#2433 = CARTESIAN_POINT ( 'NONE',  ( 4.000000000000000000, -9.536057466139306271, 25.65831239517770612 ) ) ;
#2434 = DIRECTION ( 'NONE',  ( 1.000000000000000000, 1.239088197126290570E-16, 0.000000000000000000 ) ) ;
#2435 = PLANE ( 'NONE',  #3591 ) ;
#2436 = CARTESIAN_POINT ( 'NONE',  ( 1.225000000000000089, -22.49999999999998934, -31.59999999999999787 ) ) ;
#2437 = CIRCLE ( 'NONE', #3155, 0.8000000000000003775 ) ;
#2438 = EDGE_CURVE ( 'NONE', #3535, #3761, #1304, .T. ) ;
#2439 = DIRECTION ( 'NONE',  ( -1.000000000000000000, -1.239088197126290570E-16, 0.000000000000000000 ) ) ;
#2440 = DIRECTION ( 'NONE',  ( 0.000000000000000000, 0.000000000000000000, -1.000000000000000000 ) ) ;
#2441 = VECTOR ( 'NONE', #2532, 1000.000000000000000 ) ;
#2442 = DIRECTION ( 'NONE',  ( 1.000000000000000000, 0.000000000000000000, 0.000000000000000000 ) ) ;
#2443 = ORIENTED_EDGE ( 'NONE', *, *, #5110, .F. ) ;
#2444 = ORIENTED_EDGE ( 'NONE', *, *, #1062, .F. ) ;
#2445 = DIRECTION ( 'NONE',  ( 0.000000000000000000, 0.000000000000000000, 1.000000000000000000 ) ) ;
#2446 = CIRCLE ( 'NONE', #5520, 2.050000000000003375 ) ;
#2447 = EDGE_CURVE ( 'NONE', #5237, #1475, #3991, .T. ) ;
#2448 = CARTESIAN_POINT ( 'NONE',  ( 7.002000000000005109, -14.91176836727676402, 64.48656371865978087 ) ) ;
#2449 = ADVANCED_FACE ( 'NONE', ( #4220 ), #2428, .F. ) ;
#2450 = ORIENTED_EDGE ( 'NONE', *, *, #701, .T. ) ;
#2451 = DIRECTION ( 'NONE',  ( -9.340879835391208171E-17, 0.7538510863919694049, -0.6570453101161651821 ) ) ;
#2452 = FILL_AREA_STYLE ('',( #373 ) ) ;
#2453 = VERTEX_POINT ( 'NONE', #2400 ) ;
#2454 = VERTEX_POINT ( 'NONE', #4601 ) ;
#2455 = VECTOR ( 'NONE', #596, 1000.000000000000114 ) ;
#2456 = CARTESIAN_POINT ( 'NONE',  ( 5.000000000000000000, -2.000000000000002220, 57.78260869565215785 ) ) ;
#2457 = ORIENTED_EDGE ( 'NONE', *, *, #2897, .T. ) ;
#2458 = VECTOR ( 'NONE', #3347, 1000.000000000000000 ) ;
#2459 = DIRECTION ( 'NONE',  ( -1.355252715606883008E-16, 1.000000000000000000, 0.000000000000000000 ) ) ;
#2460 = CARTESIAN_POINT ( 'NONE',  ( 0.000000000000000000, 0.4148556835804986243, -29.19999999999999929 ) ) ;
#2461 = VECTOR ( 'NONE', #2092, 1000.000000000000000 ) ;
#2462 = VERTEX_POINT ( 'NONE', #2460 ) ;
#2463 = VECTOR ( 'NONE', #3831, 1000.000000000000000 ) ;
#2464 = ORIENTED_EDGE ( 'NONE', *, *, #3218, .T. ) ;
#2465 = LINE ( 'NONE', #4197, #3693 ) ;
#2466 = ORIENTED_EDGE ( 'NONE', *, *, #4122, .T. ) ;
#2467 = DIRECTION ( 'NONE',  ( -1.000000000000000000, -1.239088197126290570E-16, 0.000000000000000000 ) ) ;
#2468 = ORIENTED_EDGE ( 'NONE', *, *, #4151, .T. ) ;
#2469 = CARTESIAN_POINT ( 'NONE',  ( 1.999999999999999112, 5.384615384615381473, 58.21831338878165241 ) ) ;
#2470 = ORIENTED_EDGE ( 'NONE', *, *, #1308, .T. ) ;
#2471 = FACE_OUTER_BOUND ( 'NONE', #5256, .T. ) ;
#2472 = CIRCLE ( 'NONE', #4732, 0.8000000000000003775 ) ;
#2473 = DIRECTION ( 'NONE',  ( 1.000000000000000000, 0.000000000000000000, -0.000000000000000000 ) ) ;
#2474 = FACE_OUTER_BOUND ( 'NONE', #2665, .T. ) ;
#2475 = EDGE_LOOP ( 'NONE', ( #3960, #5592, #4820, #4127 ) ) ;
#2476 = CARTESIAN_POINT ( 'NONE',  ( -64.14711903867025455, -14.54981716550030413, 66.00000000000000000 ) ) ;
#2477 = DIRECTION ( 'NONE',  ( 1.000000000000000000, 1.239088197126290570E-16, 0.000000000000000000 ) ) ;
#2478 = ORIENTED_EDGE ( 'NONE', *, *, #957, .T. ) ;
#2479 = ORIENTED_EDGE ( 'NONE', *, *, #2614, .T. ) ;
#2480 = CARTESIAN_POINT ( 'NONE',  ( 4.000000000000000000, -16.90470899356478895, 25.99736765364722046 ) ) ;
#2481 = CARTESIAN_POINT ( 'NONE',  ( 4.000000000000000000, -8.498771041871817644, 52.27044339804668027 ) ) ;
#2482 = CARTESIAN_POINT ( 'NONE',  ( 0.5000000000000004441, -19.00000000000000355, 60.45831239517769262 ) ) ;
#2483 = EDGE_CURVE ( 'NONE', #494, #1701, #1118, .T. ) ;
#2484 = DIRECTION ( 'NONE',  ( 1.000000000000000000, -0.000000000000000000, -0.000000000000000000 ) ) ;
#2485 = VECTOR ( 'NONE', #1369, 1000.000000000000000 ) ;
#2486 = ORIENTED_EDGE ( 'NONE', *, *, #2966, .T. ) ;
#2487 = LINE ( 'NONE', #3783, #281 ) ;
#2488 = ORIENTED_EDGE ( 'NONE', *, *, #2516, .T. ) ;
#2489 = CARTESIAN_POINT ( 'NONE',  ( 2.724999999999999201, -15.99999999999999645, -31.09999999999999432 ) ) ;
#2490 = ORIENTED_EDGE ( 'NONE', *, *, #3132, .F. ) ;
#2491 = EDGE_CURVE ( 'NONE', #5565, #2027, #287, .T. ) ;
#2492 = ORIENTED_EDGE ( 'NONE', *, *, #1962, .T. ) ;
#2493 = VERTEX_POINT ( 'NONE', #322 ) ;
#2494 = VERTEX_POINT ( 'NONE', #1976 ) ;
#2495 = ORIENTED_EDGE ( 'NONE', *, *, #3844, .F. ) ;
#2496 = CARTESIAN_POINT ( 'NONE',  ( -63.03173803727769808, -4.500000000000001776, 4.000000000000000000 ) ) ;
#2497 = DIRECTION ( 'NONE',  ( -0.000000000000000000, -0.000000000000000000, 1.000000000000000000 ) ) ;
#2498 = VERTEX_POINT ( 'NONE', #5408 ) ;
#2499 =( GEOMETRIC_REPRESENTATION_CONTEXT ( 3 ) GLOBAL_UNCERTAINTY_ASSIGNED_CONTEXT ( ( #4734 ) ) GLOBAL_UNIT_ASSIGNED_CONTEXT ( ( #4710, #2708, #5207 ) ) REPRESENTATION_CONTEXT ( 'NONE', 'WORKASPACE' ) );
#2500 = FACE_OUTER_BOUND ( 'NONE', #4782, .T. ) ;
#2501 = CARTESIAN_POINT ( 'NONE',  ( 0.4999999999999990563, -13.00000000000000178, -19.20000000000000639 ) ) ;
#2502 = CARTESIAN_POINT ( 'NONE',  ( 7.002000000000004221, -7.417561391042561070, 22.72955660195331262 ) ) ;
#2503 = CIRCLE ( 'NONE', #1047, 3.999999999999998224 ) ;
#2504 = ORIENTED_EDGE ( 'NONE', *, *, #2438, .F. ) ;
#2505 = CARTESIAN_POINT ( 'NONE',  ( 3.500000000000000888, -15.99999999999998934, -15.95000000000000639 ) ) ;
#2506 = PLANE ( 'NONE',  #4301 ) ;
#2507 = AXIS2_PLACEMENT_3D ( 'NONE', #5059, #813, #2559 ) ;
#2508 = ORIENTED_EDGE ( 'NONE', *, *, #660, .F. ) ;
#2509 = DIRECTION ( 'NONE',  ( -1.000000000000000000, -3.469446951953611107E-17, 0.000000000000000000 ) ) ;
#2510 = EDGE_CURVE ( 'NONE', #757, #4646, #3729, .T. ) ;
#2511 = CARTESIAN_POINT ( 'NONE',  ( 2.725000000000000089, -8.828427124746184518, -38.00000000000000000 ) ) ;
#2512 = DIRECTION ( 'NONE',  ( -1.355252715606879803E-16, 1.000000000000000000, 0.000000000000000000 ) ) ;
#2513 = AXIS2_PLACEMENT_3D ( 'NONE', #761, #2509, #4625 ) ;
#2514 = LINE ( 'NONE', #2105, #1440 ) ;
#2515 = ORIENTED_EDGE ( 'NONE', *, *, #5000, .F. ) ;
#2516 = EDGE_CURVE ( 'NONE', #4646, #237, #5487, .T. ) ;
#2517 = CARTESIAN_POINT ( 'NONE',  ( 6.000000000000000000, 2.654351659482303116, 70.39040537556121535 ) ) ;
#2518 = AXIS2_PLACEMENT_3D ( 'NONE', #84, #2162, #888 ) ;
#2519 = DIRECTION ( 'NONE',  ( 0.000000000000000000, -2.376333528735352191E-16, 1.000000000000000000 ) ) ;
#2520 = ORIENTED_EDGE ( 'NONE', *, *, #2828, .T. ) ;
#2521 = ADVANCED_FACE ( 'NONE', ( #4106 ), #4135, .F. ) ;
#2522 = ORIENTED_EDGE ( 'NONE', *, *, #2694, .T. ) ;
#2523 = ORIENTED_EDGE ( 'NONE', *, *, #4655, .F. ) ;
#2524 = AXIS2_PLACEMENT_3D ( 'NONE', #570, #5320, #2315 ) ;
#2525 = DIRECTION ( 'NONE',  ( -1.000000000000000000, -3.469446951953612956E-17, 0.000000000000000000 ) ) ;
#2526 = LINE ( 'NONE', #4231, #1961 ) ;
#2527 = ORIENTED_EDGE ( 'NONE', *, *, #4875, .T. ) ;
#2528 = DIRECTION ( 'NONE',  ( 0.000000000000000000, -1.000000000000000000, 0.000000000000000000 ) ) ;
#2529 = ORIENTED_EDGE ( 'NONE', *, *, #1335, .T. ) ;
#2530 = EDGE_CURVE ( 'NONE', #5298, #3957, #1666, .T. ) ;
#2531 = CARTESIAN_POINT ( 'NONE',  ( 0.4999999999999978351, -3.499999999999999556, -24.20000000000000639 ) ) ;
#2532 = DIRECTION ( 'NONE',  ( 0.000000000000000000, 0.000000000000000000, 1.000000000000000000 ) ) ;
#2533 = CARTESIAN_POINT ( 'NONE',  ( 7.001000000000002110, -8.828427124746184518, -38.00000000000000000 ) ) ;
#2534 = CARTESIAN_POINT ( 'NONE',  ( 1.225000000000000311, -14.49999999999999645, -31.59999999999999787 ) ) ;
#2535 = DIRECTION ( 'NONE',  ( -1.000000000000000000, -3.252606517456513918E-17, -0.000000000000000000 ) ) ;
#2536 = ORIENTED_EDGE ( 'NONE', *, *, #3994, .T. ) ;
#2537 = CARTESIAN_POINT ( 'NONE',  ( 0.4999999999999996669, -18.08243860895744604, 22.72955660195331618 ) ) ;
#2538 = CIRCLE ( 'NONE', #1991, 0.8000000000000003775 ) ;
#2539 = VECTOR ( 'NONE', #4497, 1000.000000000000000 ) ;
#2540 = ORIENTED_EDGE ( 'NONE', *, *, #2346, .T. ) ;
#2541 = DIRECTION ( 'NONE',  ( 1.000000000000000000, 1.239088197126290570E-16, 1.904444227198434433E-33 ) ) ;
#2542 = ORIENTED_EDGE ( 'NONE', *, *, #2961, .F. ) ;
#2543 = DIRECTION ( 'NONE',  ( 0.000000000000000000, -1.000000000000000000, -2.168404344971010594E-16 ) ) ;
#2544 = DIRECTION ( 'NONE',  ( 0.000000000000000000, -1.000000000000000000, 0.000000000000000000 ) ) ;
#2545 = PRODUCT_RELATED_PRODUCT_CATEGORY ( 'part', '', ( #1733 ) ) ;
#2546 = EDGE_LOOP ( 'NONE', ( #3521, #113, #4404, #3235 ) ) ;
#2547 = DIRECTION ( 'NONE',  ( -1.000000000000000000, -3.252606517456513918E-17, 1.048466334442454337E-16 ) ) ;
#2548 = VERTEX_POINT ( 'NONE', #1855 ) ;
#2549 = DIRECTION ( 'NONE',  ( -1.000000000000000000, -3.469446951953611107E-17, 0.000000000000000000 ) ) ;
#2550 = VERTEX_POINT ( 'NONE', #3121 ) ;
#2551 = VECTOR ( 'NONE', #4496, 1000.000000000000000 ) ;
#2552 = EDGE_CURVE ( 'NONE', #441, #5546, #3626, .T. ) ;
#2553 = VERTEX_POINT ( 'NONE', #2737 ) ;
#2554 = CIRCLE ( 'NONE', #1739, 0.7999999999999986011 ) ;
#2555 = AXIS2_PLACEMENT_3D ( 'NONE', #4323, #2618, #76 ) ;
#2556 = EDGE_LOOP ( 'NONE', ( #5183, #1754, #3210, #2295 ) ) ;
#2557 = FACE_OUTER_BOUND ( 'NONE', #4087, .T. ) ;
#2558 = ADVANCED_FACE ( 'NONE', ( #1435 ), #2143, .T. ) ;
#2559 = DIRECTION ( 'NONE',  ( 0.000000000000000000, -1.000000000000000000, 0.000000000000000000 ) ) ;
#2560 = ADVANCED_FACE ( 'NONE', ( #3784 ), #802, .F. ) ;
#2561 = AXIS2_PLACEMENT_3D ( 'NONE', #4584, #2943, #2439 ) ;
#2562 = ORIENTED_EDGE ( 'NONE', *, *, #4371, .T. ) ;
#2563 = CARTESIAN_POINT ( 'NONE',  ( 7.002000000000005109, -14.80000000000000071, 39.00000000000000000 ) ) ;
#2564 = DIRECTION ( 'NONE',  ( 1.000000000000000000, 0.000000000000000000, 0.000000000000000000 ) ) ;
#2565 = LINE ( 'NONE', #5474, #567 ) ;
#2566 = ORIENTED_EDGE ( 'NONE', *, *, #4054, .T. ) ;
#2567 = ORIENTED_EDGE ( 'NONE', *, *, #1987, .T. ) ;
#2568 = FACE_BOUND ( 'NONE', #3344, .T. ) ;
#2569 = EDGE_CURVE ( 'NONE', #2277, #721, #120, .T. ) ;
#2570 = DIRECTION ( 'NONE',  ( -0.000000000000000000, 1.188166764367676095E-16, -1.000000000000000000 ) ) ;
#2571 = VECTOR ( 'NONE', #2725, 1000.000000000000000 ) ;
#2572 = CARTESIAN_POINT ( 'NONE',  ( 3.500000000000000000, -16.00000000000000711, 55.94999999999998153 ) ) ;
#2573 = DIRECTION ( 'NONE',  ( -1.000000000000000000, -3.252606517456513918E-17, 0.000000000000000000 ) ) ;
#2574 = ORIENTED_EDGE ( 'NONE', *, *, #5110, .T. ) ;
#2575 = PLANE ( 'NONE',  #4745 ) ;
#2576 = FACE_OUTER_BOUND ( 'NONE', #3340, .T. ) ;
#2577 = VERTEX_POINT ( 'NONE', #3959 ) ;
#2578 = DIRECTION ( 'NONE',  ( 1.000000000000000000, 0.000000000000000000, 0.000000000000000000 ) ) ;
#2579 = CARTESIAN_POINT ( 'NONE',  ( 0.5000000000000004441, -4.500000000000000000, 4.000000000000000000 ) ) ;
#2580 = EDGE_LOOP ( 'NONE', ( #5584, #4632, #4607, #5025 ) ) ;
#2581 = VECTOR ( 'NONE', #2126, 1000.000000000000000 ) ;
#2582 = FACE_OUTER_BOUND ( 'NONE', #1018, .T. ) ;
#2583 = ORIENTED_EDGE ( 'NONE', *, *, #3855, .F. ) ;
#2584 = VECTOR ( 'NONE', #3655, 1000.000000000000000 ) ;
#2585 = EDGE_LOOP ( 'NONE', ( #1081, #346, #634, #272 ) ) ;
#2586 = EDGE_CURVE ( 'NONE', #3790, #623, #978, .T. ) ;
#2587 = DIRECTION ( 'NONE',  ( 0.000000000000000000, -1.000000000000000000, 0.000000000000000000 ) ) ;
#2588 = DIRECTION ( 'NONE',  ( 4.818676322157792691E-17, -1.000000000000000000, 0.000000000000000000 ) ) ;
#2589 = LINE ( 'NONE', #5125, #2616 ) ;
#2590 = VERTEX_POINT ( 'NONE', #4448 ) ;
#2591 = EDGE_CURVE ( 'NONE', #3171, #2401, #3093, .T. ) ;
#2592 = DIRECTION ( 'NONE',  ( 1.000000000000000000, 0.000000000000000000, 0.000000000000000000 ) ) ;
#2593 = ADVANCED_FACE ( 'NONE', ( #565 ), #5541, .F. ) ;
#2594 = DIRECTION ( 'NONE',  ( 1.000000000000000000, 0.000000000000000000, 0.000000000000000000 ) ) ;
#2595 = DIRECTION ( 'NONE',  ( 0.000000000000000000, -1.000000000000000000, -2.168404344971010594E-16 ) ) ;
#2596 = ORIENTED_EDGE ( 'NONE', *, *, #3723, .F. ) ;
#2597 = EDGE_LOOP ( 'NONE', ( #730, #626 ) ) ;
#2598 = CARTESIAN_POINT ( 'NONE',  ( 0.4999999999999978351, -3.499999999999999556, -40.00100000000001188 ) ) ;
#2599 = CARTESIAN_POINT ( 'NONE',  ( 1.000000000000000000, -16.90470899356478895, 25.99736765364722046 ) ) ;
#2600 = EDGE_CURVE ( 'NONE', #2257, #4886, #4169, .T. ) ;
#2601 = DIRECTION ( 'NONE',  ( -1.000000000000000000, 6.505213034913025371E-17, 0.000000000000000000 ) ) ;
#2602 = EDGE_CURVE ( 'NONE', #2216, #544, #3185, .T. ) ;
#2603 = CARTESIAN_POINT ( 'NONE',  ( 6.000000000000000000, -22.50000000000001421, 75.00000000000000000 ) ) ;
#2604 = DIRECTION ( 'NONE',  ( 0.000000000000000000, -2.083751923095264516E-16, 1.000000000000000000 ) ) ;
#2605 = DIRECTION ( 'NONE',  ( 0.000000000000000000, -1.000000000000000000, 0.000000000000000000 ) ) ;
#2606 = ORIENTED_EDGE ( 'NONE', *, *, #4900, .T. ) ;
#2607 = LINE ( 'NONE', #5486, #4545 ) ;
#2608 = ORIENTED_EDGE ( 'NONE', *, *, #3065, .T. ) ;
#2609 = CARTESIAN_POINT ( 'NONE',  ( 0.4999999999999991673, -13.84625753883615040, 34.48356120283415294 ) ) ;
#2610 = VERTEX_POINT ( 'NONE', #1800 ) ;
#2611 = CARTESIAN_POINT ( 'NONE',  ( 0.4999999999999995559, -17.18133434510090396, 5.325636248092934899 ) ) ;
#2612 = ORIENTED_EDGE ( 'NONE', *, *, #290, .T. ) ;
#2613 = DIRECTION ( 'NONE',  ( 0.000000000000000000, -0.000000000000000000, 1.000000000000000000 ) ) ;
#2614 = EDGE_CURVE ( 'NONE', #1681, #2430, #472, .T. ) ;
#2615 = ORIENTED_EDGE ( 'NONE', *, *, #2984, .F. ) ;
#2616 = VECTOR ( 'NONE', #728, 1000.000000000000000 ) ;
#2617 = CARTESIAN_POINT ( 'NONE',  ( 7.001000000000002110, -0.9999999999999943379, -37.00000000000000000 ) ) ;
#2618 = DIRECTION ( 'NONE',  ( -1.000000000000000000, -3.469446951953611107E-17, 0.000000000000000000 ) ) ;
#2619 = DIRECTION ( 'NONE',  ( -1.000000000000000000, -1.239088197126290570E-16, 0.000000000000000000 ) ) ;
#2620 = DIRECTION ( 'NONE',  ( -1.355252715606883008E-16, 1.000000000000000000, 0.000000000000000000 ) ) ;
#2621 = PLANE ( 'NONE',  #4390 ) ;
#2622 = EDGE_CURVE ( 'NONE', #1636, #2115, #4359, .T. ) ;
#2623 = ORIENTED_EDGE ( 'NONE', *, *, #2870, .F. ) ;
#2624 = PLANE ( 'NONE',  #55 ) ;
#2625 = LINE ( 'NONE', #2220, #2719 ) ;
#2626 = CARTESIAN_POINT ( 'NONE',  ( 3.500000000000000444, -22.49999999999999289, -18.00000000000000711 ) ) ;
#2627 = CYLINDRICAL_SURFACE ( 'NONE', #4844, 0.8000000000000003775 ) ;
#2628 = EDGE_CURVE ( 'NONE', #1286, #5529, #5265, .T. ) ;
#2629 = AXIS2_PLACEMENT_3D ( 'NONE', #1461, #4984, #617 ) ;
#2630 = CIRCLE ( 'NONE', #1450, 2.050000000000003375 ) ;
#2631 = VERTEX_POINT ( 'NONE', #381 ) ;
#2632 = ORIENTED_EDGE ( 'NONE', *, *, #3665, .F. ) ;
#2633 = CARTESIAN_POINT ( 'NONE',  ( 0.5000000000000004441, -19.00000000000000355, 6.896422575144953271 ) ) ;
#2634 = ORIENTED_EDGE ( 'NONE', *, *, #2192, .F. ) ;
#2635 = ORIENTED_EDGE ( 'NONE', *, *, #3193, .T. ) ;
#2636 = CARTESIAN_POINT ( 'NONE',  ( -64.14711903867025455, -18.20000000000000639, 17.54168760482228606 ) ) ;
#2637 = ADVANCED_FACE ( 'NONE', ( #3820 ), #947, .T. ) ;
#2638 = AXIS2_PLACEMENT_3D ( 'NONE', #2398, #4102, #3046 ) ;
#2639 = VERTEX_POINT ( 'NONE', #88 ) ;
#2640 = CARTESIAN_POINT ( 'NONE',  ( 0.4999999999999987232, -10.58823163272325196, 61.17174867651791459 ) ) ;
#2641 = DIRECTION ( 'NONE',  ( 0.000000000000000000, 0.000000000000000000, 1.000000000000000000 ) ) ;
#2642 = ORIENTED_EDGE ( 'NONE', *, *, #1341, .T. ) ;
#2643 = CIRCLE ( 'NONE', #1288, 0.9999999999999991118 ) ;
#2644 = FACE_OUTER_BOUND ( 'NONE', #2585, .T. ) ;
#2645 = CARTESIAN_POINT ( 'NONE',  ( 7.002000000000005109, -18.20000000000000639, 64.93639844763217184 ) ) ;
#2646 = DIRECTION ( 'NONE',  ( -1.000000000000000000, -1.239088197126290817E-16, 0.000000000000000000 ) ) ;
#2647 = ORIENTED_EDGE ( 'NONE', *, *, #3692, .T. ) ;
#2648 = AXIS2_PLACEMENT_3D ( 'NONE', #702, #1132, #731 ) ;
#2649 = CARTESIAN_POINT ( 'NONE',  ( 4.000000000000000000, -8.052613167763274404, 27.44098747291258888 ) ) ;
#2650 = LINE ( 'NONE', #972, #1333 ) ;
#2651 = ORIENTED_EDGE ( 'NONE', *, *, #1084, .F. ) ;
#2652 = LINE ( 'NONE', #915, #61 ) ;
#2653 = LINE ( 'NONE', #2603, #5612 ) ;
#2654 = EDGE_CURVE ( 'NONE', #5241, #3651, #5149, .T. ) ;
#2655 = VERTEX_POINT ( 'NONE', #2579 ) ;
#2656 = DIRECTION ( 'NONE',  ( -1.000000000000000000, -3.469446951953611107E-17, 0.000000000000000000 ) ) ;
#2657 = DIRECTION ( 'NONE',  ( -1.000000000000000000, -1.239088197126290570E-16, 0.000000000000000000 ) ) ;
#2658 = EDGE_LOOP ( 'NONE', ( #582, #707, #900, #1378 ) ) ;
#2659 = ADVANCED_FACE ( 'NONE', ( #1406 ), #165, .T. ) ;
#2660 = ORIENTED_EDGE ( 'NONE', *, *, #1130, .T. ) ;
#2661 = DIRECTION ( 'NONE',  ( -1.000000000000000000, -0.000000000000000000, -0.000000000000000000 ) ) ;
#2662 = EDGE_CURVE ( 'NONE', #1248, #4859, #5444, .T. ) ;
#2663 = ORIENTED_EDGE ( 'NONE', *, *, #4340, .F. ) ;
#2664 = CARTESIAN_POINT ( 'NONE',  ( 7.001000000000005663, -12.75000000000000000, 0.000000000000000000 ) ) ;
#2665 = EDGE_LOOP ( 'NONE', ( #1017, #352, #5512, #3970 ) ) ;
#2666 = AXIS2_PLACEMENT_3D ( 'NONE', #5577, #3401, #511 ) ;
#2667 = VECTOR ( 'NONE', #1632, 1000.000000000000000 ) ;
#2668 = EDGE_CURVE ( 'NONE', #4542, #1861, #1541, .T. ) ;
#2669 = DIRECTION ( 'NONE',  ( 1.000000000000000000, 1.239088197126290570E-16, -0.000000000000000000 ) ) ;
#2670 = DIRECTION ( 'NONE',  ( -1.355252715606879803E-16, 1.000000000000000000, 0.000000000000000000 ) ) ;
#2671 = VECTOR ( 'NONE', #3891, 1000.000000000000000 ) ;
#2672 = DIRECTION ( 'NONE',  ( 0.000000000000000000, -1.000000000000000000, 0.000000000000000000 ) ) ;
#2673 = PLANE ( 'NONE',  #4712 ) ;
#2674 = FACE_OUTER_BOUND ( 'NONE', #951, .T. ) ;
#2675 = ORIENTED_EDGE ( 'NONE', *, *, #2000, .T. ) ;
#2676 = CARTESIAN_POINT ( 'NONE',  ( 7.001000000000008328, -8.849999999999999645, 71.00000000000000000 ) ) ;
#2677 = CARTESIAN_POINT ( 'NONE',  ( 0.4999999999999987232, -13.09364437107287493, 34.21231699605854004 ) ) ;
#2678 = ORIENTED_EDGE ( 'NONE', *, *, #4178, .T. ) ;
#2679 = PLANE ( 'NONE',  #509 ) ;
#2680 = ORIENTED_EDGE ( 'NONE', *, *, #2160, .T. ) ;
#2681 = FACE_OUTER_BOUND ( 'NONE', #1846, .T. ) ;
#2682 = CARTESIAN_POINT ( 'NONE',  ( -64.14711903867025455, -10.95018283449972607, 60.45831239517769262 ) ) ;
#2683 = VERTEX_POINT ( 'NONE', #142 ) ;
#2684 = CARTESIAN_POINT ( 'NONE',  ( 5.000000000000000000, -3.000000000000000000, 57.99999999999999289 ) ) ;
#2685 = DIRECTION ( 'NONE',  ( 1.000000000000000000, 0.000000000000000000, 0.000000000000000000 ) ) ;
#2686 = ADVANCED_FACE ( 'NONE', ( #192 ), #3245, .F. ) ;
#2687 = ORIENTED_EDGE ( 'NONE', *, *, #360, .F. ) ;
#2688 = AXIS2_PLACEMENT_3D ( 'NONE', #1442, #1807, #4808 ) ;
#2689 = ORIENTED_EDGE ( 'NONE', *, *, #181, .T. ) ;
#2690 = CARTESIAN_POINT ( 'NONE',  ( -64.14711903867025455, -7.300000000000001599, 65.20000000000000284 ) ) ;
#2691 = ORIENTED_EDGE ( 'NONE', *, *, #3727, .T. ) ;
#2692 = CYLINDRICAL_SURFACE ( 'NONE', #2074, 0.7999999999999986011 ) ;
#2693 = VERTEX_POINT ( 'NONE', #1964 ) ;
#2694 = EDGE_CURVE ( 'NONE', #5529, #2498, #1077, .T. ) ;
#2695 = LINE ( 'NONE', #3624, #4536 ) ;
#2696 = EDGE_CURVE ( 'NONE', #3734, #846, #847, .T. ) ;
#2697 = EDGE_CURVE ( 'NONE', #4282, #2328, #1488, .T. ) ;
#2698 = DIRECTION ( 'NONE',  ( 0.000000000000000000, 1.000000000000000000, 6.308085367188390241E-16 ) ) ;
#2699 = CARTESIAN_POINT ( 'NONE',  ( 4.000000000000000000, -6.499999999999999112, 15.34168760482228500 ) ) ;
#2700 = CARTESIAN_POINT ( 'NONE',  ( 3.500000000000000444, -15.99999999999998934, -18.00000000000000711 ) ) ;
#2701 = ORIENTED_EDGE ( 'NONE', *, *, #4310, .T. ) ;
#2702 = DIRECTION ( 'NONE',  ( -1.000000000000000000, -3.252606517456513918E-17, 0.000000000000000000 ) ) ;
#2703 = CARTESIAN_POINT ( 'NONE',  ( 1.000000000000000000, -18.20000000000000639, 15.34168760482228500 ) ) ;
#2704 = EDGE_CURVE ( 'NONE', #3524, #1839, #2763, .T. ) ;
#2705 = ORIENTED_EDGE ( 'NONE', *, *, #4969, .T. ) ;
#2706 = CYLINDRICAL_SURFACE ( 'NONE', #1989, 0.7999999999999986011 ) ;
#2707 = ORIENTED_EDGE ( 'NONE', *, *, #5144, .F. ) ;
#2708 =( NAMED_UNIT ( * ) PLANE_ANGLE_UNIT ( ) SI_UNIT ( $, .RADIAN. ) );
#2709 = CARTESIAN_POINT ( 'NONE',  ( -63.03173803727769808, -6.500000000000001776, 4.000000000000000000 ) ) ;
#2710 = ORIENTED_EDGE ( 'NONE', *, *, #169, .F. ) ;
#2711 = AXIS2_PLACEMENT_3D ( 'NONE', #980, #542, #4125 ) ;
#2712 = DIRECTION ( 'NONE',  ( 1.000000000000000000, 3.129951135296190967E-17, -0.000000000000000000 ) ) ;
#2713 = DIRECTION ( 'NONE',  ( -1.000000000000000000, -1.239088197126290570E-16, 0.000000000000000000 ) ) ;
#2714 = ORIENTED_EDGE ( 'NONE', *, *, #1199, .T. ) ;
#2715 = AXIS2_PLACEMENT_3D ( 'NONE', #4580, #698, #3167 ) ;
#2716 = CARTESIAN_POINT ( 'NONE',  ( 5.000000000000000000, 3.999999999999998224, 62.50000000000000000 ) ) ;
#2717 = ORIENTED_EDGE ( 'NONE', *, *, #3218, .F. ) ;
#2718 = LINE ( 'NONE', #3154, #252 ) ;
#2719 = VECTOR ( 'NONE', #918, 1000.000000000000000 ) ;
#2720 = VECTOR ( 'NONE', #3297, 1000.000000000000000 ) ;
#2721 = DIRECTION ( 'NONE',  ( 0.000000000000000000, 0.000000000000000000, 1.000000000000000000 ) ) ;
#2722 = EDGE_CURVE ( 'NONE', #3803, #1597, #746, .T. ) ;
#2723 = AXIS2_PLACEMENT_3D ( 'NONE', #2051, #2820, #2373 ) ;
#2724 = EDGE_CURVE ( 'NONE', #4709, #882, #673, .T. ) ;
#2725 = DIRECTION ( 'NONE',  ( 7.126126975354584245E-17, 1.000000000000000000, -0.000000000000000000 ) ) ;
#2726 = CARTESIAN_POINT ( 'NONE',  ( 6.000000000000000000, -1.644164868785977118, 75.00000000000000000 ) ) ;
#2727 = VECTOR ( 'NONE', #3719, 1000.000000000000114 ) ;
#2728 = CYLINDRICAL_SURFACE ( 'NONE', #35, 0.8000000000000003775 ) ;
#2729 = EDGE_CURVE ( 'NONE', #2493, #3761, #2312, .T. ) ;
#2730 = CARTESIAN_POINT ( 'NONE',  ( 4.000000000000000000, -19.00000000000001066, 24.65831239517770612 ) ) ;
#2731 = DIRECTION ( 'NONE',  ( 1.000000000000000000, 3.252606517456513918E-17, -0.000000000000000000 ) ) ;
#2732 = VECTOR ( 'NONE', #238, 1000.000000000000000 ) ;
#2733 = VERTEX_POINT ( 'NONE', #4986 ) ;
#2734 = CARTESIAN_POINT ( 'NONE',  ( 4.000000000000000000, -9.960362833696484230, 42.90613933192072693 ) ) ;
#2735 = ORIENTED_EDGE ( 'NONE', *, *, #1320, .F. ) ;
#2736 = CARTESIAN_POINT ( 'NONE',  ( 1.999999999999999556, -4.500000000000000000, 67.00000000000000000 ) ) ;
#2737 = CARTESIAN_POINT ( 'NONE',  ( 2.999999999999999112, -12.15000000000000391, 71.00000000000000000 ) ) ;
#2738 = AXIS2_PLACEMENT_3D ( 'NONE', #5009, #1648, #3296 ) ;
#2739 = ORIENTED_EDGE ( 'NONE', *, *, #1407, .T. ) ;
#2740 = EDGE_CURVE ( 'NONE', #2177, #5167, #245, .T. ) ;
#2741 = CARTESIAN_POINT ( 'NONE',  ( -64.14711903867025455, -6.500000000000000888, 59.65831239517768836 ) ) ;
#2742 = CARTESIAN_POINT ( 'NONE',  ( 0.9999999999999997780, -11.53650156772112467, 15.34168760482228500 ) ) ;
#2743 = ORIENTED_EDGE ( 'NONE', *, *, #1191, .T. ) ;
#2744 = CARTESIAN_POINT ( 'NONE',  ( 1.000000000000000000, -6.499999999999998224, 60.21897914350814318 ) ) ;
#2745 = VERTEX_POINT ( 'NONE', #1992 ) ;
#2746 = CARTESIAN_POINT ( 'NONE',  ( 4.000000000000000000, -18.20000000000000284, 51.08776832031181669 ) ) ;
#2747 = VECTOR ( 'NONE', #2519, 1000.000000000000000 ) ;
#2748 = CARTESIAN_POINT ( 'NONE',  ( 4.225000000000000533, -3.000000000000000888, -19.59999999999999787 ) ) ;
#2749 = ORIENTED_EDGE ( 'NONE', *, *, #737, .T. ) ;
#2750 = ORIENTED_EDGE ( 'NONE', *, *, #5042, .T. ) ;
#2751 = EDGE_CURVE ( 'NONE', #326, #3166, #3811, .T. ) ;
#2752 = CARTESIAN_POINT ( 'NONE',  ( 4.000000000000000000, -6.500000000000000000, 4.000000000000000000 ) ) ;
#2753 = CARTESIAN_POINT ( 'NONE',  ( 0.000000000000000000, -18.99999999999999645, -43.00000000000000000 ) ) ;
#2754 = FACE_OUTER_BOUND ( 'NONE', #1136, .T. ) ;
#2755 = ORIENTED_EDGE ( 'NONE', *, *, #3919, .F. ) ;
#2756 = DIRECTION ( 'NONE',  ( 0.000000000000000000, -1.000000000000000000, 0.000000000000000000 ) ) ;
#2757 = AXIS2_PLACEMENT_3D ( 'NONE', #2097, #1849, #507 ) ;
#2758 = DIRECTION ( 'NONE',  ( 0.000000000000000000, -1.000000000000000000, 0.000000000000000000 ) ) ;
#2759 = AXIS2_PLACEMENT_3D ( 'NONE', #1196, #2918, #4647 ) ;
#2760 = ADVANCED_FACE ( 'NONE', ( #4935 ), #1567, .F. ) ;
#2761 = DIRECTION ( 'NONE',  ( -1.000000000000000000, -1.678764654171104441E-15, -3.678684285661899333E-15 ) ) ;
#2762 = DIRECTION ( 'NONE',  ( 1.000000000000000000, 1.239088197126290570E-16, -0.000000000000000000 ) ) ;
#2763 = LINE ( 'NONE', #3662, #4461 ) ;
#2764 = LINE ( 'NONE', #2341, #4 ) ;
#2765 = CARTESIAN_POINT ( 'NONE',  ( 2.725000000000000533, -0.9999999999999941158, 75.00199999999998113 ) ) ;
#2766 = ADVANCED_FACE ( 'NONE', ( #5396 ), #593, .T. ) ;
#2767 = ORIENTED_EDGE ( 'NONE', *, *, #3763, .F. ) ;
#2768 = CARTESIAN_POINT ( 'NONE',  ( 0.9999999999999997780, -7.417561391042561070, 22.72955660195331262 ) ) ;
#2769 = ORIENTED_EDGE ( 'NONE', *, *, #997, .F. ) ;
#2770 = CARTESIAN_POINT ( 'NONE',  ( 21.41522322567242043, -5.299999999999997158, -18.40000000000000568 ) ) ;
#2771 = LINE ( 'NONE', #3969, #5543 ) ;
#2772 = CIRCLE ( 'NONE', #674, 2.049999999999999822 ) ;
#2773 = VERTEX_POINT ( 'NONE', #1910 ) ;
#2774 = AXIS2_PLACEMENT_3D ( 'NONE', #4831, #1354, #1857 ) ;
#2775 = AXIS2_PLACEMENT_3D ( 'NONE', #2131, #1293, #4741 ) ;
#2776 = ORIENTED_EDGE ( 'NONE', *, *, #3534, .T. ) ;
#2777 = DIRECTION ( 'NONE',  ( 0.000000000000000000, 1.000000000000000000, 0.000000000000000000 ) ) ;
#2778 = VECTOR ( 'NONE', #4351, 1000.000000000000000 ) ;
#2779 = DIRECTION ( 'NONE',  ( 0.000000000000000000, -1.000000000000000000, 0.000000000000000000 ) ) ;
#2780 = ORIENTED_EDGE ( 'NONE', *, *, #4413, .T. ) ;
#2781 = CARTESIAN_POINT ( 'NONE',  ( 19.72792206135787296, 6.000000000000000000, 56.31534156157350424 ) ) ;
#2782 = EDGE_CURVE ( 'NONE', #4275, #4053, #291, .T. ) ;
#2783 = LINE ( 'NONE', #1048, #1782 ) ;
#2784 = CIRCLE ( 'NONE', #5324, 0.7999999999999986011 ) ;
#2785 = LINE ( 'NONE', #2806, #3888 ) ;
#2786 = DIRECTION ( 'NONE',  ( 1.000000000000000000, 3.252606517456513918E-17, -0.000000000000000000 ) ) ;
#2787 = DIRECTION ( 'NONE',  ( -0.000000000000000000, 1.000000000000000000, 0.000000000000000000 ) ) ;
#2788 = DIRECTION ( 'NONE',  ( 0.000000000000000000, -1.000000000000000000, 0.000000000000000000 ) ) ;
#2789 = ADVANCED_FACE ( 'NONE', ( #3223 ), #4962, .F. ) ;
#2790 = DIRECTION ( 'NONE',  ( 0.000000000000000000, -1.000000000000000000, 0.000000000000000000 ) ) ;
#2791 = ORIENTED_EDGE ( 'NONE', *, *, #2510, .T. ) ;
#2792 = CARTESIAN_POINT ( 'NONE',  ( 0.4999999999999979461, -4.500000000000000000, -19.20000000000000639 ) ) ;
#2793 = ADVANCED_FACE ( 'NONE', ( #2474 ), #271, .F. ) ;
#2794 = EDGE_LOOP ( 'NONE', ( #1667, #5379, #2985, #3343 ) ) ;
#2795 = ADVANCED_FACE ( 'NONE', ( #2973 ), #5559, .F. ) ;
#2796 = DIRECTION ( 'NONE',  ( 3.252606517456513918E-17, -1.000000000000000000, 0.000000000000000000 ) ) ;
#2797 = DIRECTION ( 'NONE',  ( -1.000000000000000000, -3.252606517456513918E-17, -2.535569890667617442E-16 ) ) ;
#2798 = EDGE_LOOP ( 'NONE', ( #4057, #3843, #5145, #3264 ) ) ;
#2799 = ORIENTED_EDGE ( 'NONE', *, *, #3704, .F. ) ;
#2800 = ORIENTED_EDGE ( 'NONE', *, *, #1520, .T. ) ;
#2801 = DIRECTION ( 'NONE',  ( 1.000000000000000000, 1.678764654171104639E-15, 0.000000000000000000 ) ) ;
#2802 = CARTESIAN_POINT ( 'NONE',  ( 4.000000000000000000, -19.00000000000001066, 27.71223167968817336 ) ) ;
#2803 = ORIENTED_EDGE ( 'NONE', *, *, #2052, .T. ) ;
#2804 = CYLINDRICAL_SURFACE ( 'NONE', #1715, 2.000000000000000000 ) ;
#2805 = CARTESIAN_POINT ( 'NONE',  ( 1.000000000000000000, -19.00000000000000355, 59.65831239517768836 ) ) ;
#2806 = CARTESIAN_POINT ( 'NONE',  ( 1.999999999999999112, -0.5000000000000065503, 62.50000000000000000 ) ) ;
#2807 = AXIS2_PLACEMENT_3D ( 'NONE', #4916, #1031, #5397 ) ;
#2808 = DIRECTION ( 'NONE',  ( 1.000000000000000000, 0.000000000000000000, 0.000000000000000000 ) ) ;
#2809 = CARTESIAN_POINT ( 'NONE',  ( 7.002000000000005109, -10.42530236141373834, 42.25511610993393674 ) ) ;
#2810 = VECTOR ( 'NONE', #3612, 1000.000000000000000 ) ;
#2811 = AXIS2_PLACEMENT_3D ( 'NONE', #3755, #1092, #3676 ) ;
#2812 = LINE ( 'NONE', #1568, #622 ) ;
#2813 = AXIS2_PLACEMENT_3D ( 'NONE', #1532, #1953, #1873 ) ;
#2814 = CARTESIAN_POINT ( 'NONE',  ( 0.4999999999999989453, -12.20000000000000107, -4.000000000000000000 ) ) ;
#2815 = CIRCLE ( 'NONE', #715, 0.8000000000000003775 ) ;
#2816 = ORIENTED_EDGE ( 'NONE', *, *, #2569, .F. ) ;
#2817 = EDGE_CURVE ( 'NONE', #1124, #2037, #2023, .T. ) ;
#2818 = DIRECTION ( 'NONE',  ( 0.000000000000000000, -1.000000000000000000, 0.000000000000000000 ) ) ;
#2819 = EDGE_LOOP ( 'NONE', ( #3732, #4196 ) ) ;
#2820 = DIRECTION ( 'NONE',  ( -1.000000000000000000, -3.252606517456513918E-17, 0.000000000000000000 ) ) ;
#2821 = CIRCLE ( 'NONE', #374, 0.8000000000000003775 ) ;
#2822 = ADVANCED_FACE ( 'NONE', ( #1256 ), #399, .T. ) ;
#2823 = LINE ( 'NONE', #4997, #112 ) ;
#2824 = ORIENTED_EDGE ( 'NONE', *, *, #214, .F. ) ;
#2825 = VERTEX_POINT ( 'NONE', #822 ) ;
#2826 = EDGE_CURVE ( 'NONE', #3601, #2037, #2565, .T. ) ;
#2827 = VERTEX_POINT ( 'NONE', #755 ) ;
#2828 = EDGE_CURVE ( 'NONE', #1460, #1166, #4268, .T. ) ;
#2829 = EDGE_LOOP ( 'NONE', ( #557, #5607, #5411, #2755 ) ) ;
#2830 = DIRECTION ( 'NONE',  ( 1.000000000000000000, 0.000000000000000000, 0.000000000000000000 ) ) ;
#2831 = AXIS2_PLACEMENT_3D ( 'NONE', #5435, #688, #3339 ) ;
#2832 = CARTESIAN_POINT ( 'NONE',  ( 0.5000000000000004441, -6.499999999999992895, 59.65831239517768836 ) ) ;
#2833 = VECTOR ( 'NONE', #4104, 1000.000000000000114 ) ;
#2834 = ORIENTED_EDGE ( 'NONE', *, *, #2751, .T. ) ;
#2835 = CARTESIAN_POINT ( 'NONE',  ( 0.4999999999999970024, -5.299999999999999822, -19.20000000000000639 ) ) ;
#2836 = DIRECTION ( 'NONE',  ( 0.000000000000000000, -1.000000000000000000, -2.168404344971010594E-16 ) ) ;
#2837 = DIRECTION ( 'NONE',  ( -1.000000000000000000, -1.239088197126290570E-16, 0.000000000000000000 ) ) ;
#2838 = DIRECTION ( 'NONE',  ( 0.000000000000000000, 1.000000000000000000, 0.000000000000000000 ) ) ;
#2839 = DIRECTION ( 'NONE',  ( -1.000000000000000000, -1.239088197126290570E-16, 0.000000000000000000 ) ) ;
#2840 = CARTESIAN_POINT ( 'NONE',  ( 4.000000000000000000, -10.42530236141373834, 42.25511610993393674 ) ) ;
#2841 = AXIS2_PLACEMENT_3D ( 'NONE', #3409, #828, #2512 ) ;
#2842 = CARTESIAN_POINT ( 'NONE',  ( 4.000000000000000000, -6.499999999999999112, 24.65831239517770612 ) ) ;
#2843 = ORIENTED_EDGE ( 'NONE', *, *, #1088, .F. ) ;
#2844 = DIRECTION ( 'NONE',  ( -1.000000000000000000, -0.000000000000000000, -0.000000000000000000 ) ) ;
#2845 = ORIENTED_EDGE ( 'NONE', *, *, #3947, .T. ) ;
#2846 = CARTESIAN_POINT ( 'NONE',  ( 4.000000000000000000, -9.960362833696484230, 35.09386066807927307 ) ) ;
#2847 = EDGE_LOOP ( 'NONE', ( #4942, #4998, #3402, #3856 ) ) ;
#2848 = FACE_OUTER_BOUND ( 'NONE', #4097, .T. ) ;
#2849 = CARTESIAN_POINT ( 'NONE',  ( 7.000000000000000000, 0.000000000000000000, -20.00000000000000000 ) ) ;
#2850 = ORIENTED_EDGE ( 'NONE', *, *, #5300, .F. ) ;
#2851 = ADVANCED_FACE ( 'NONE', ( #5591 ), #5528, .F. ) ;
#2852 = ORIENTED_EDGE ( 'NONE', *, *, #3944, .T. ) ;
#2853 = AXIS2_PLACEMENT_3D ( 'NONE', #2076, #5210, #3780 ) ;
#2854 = ORIENTED_EDGE ( 'NONE', *, *, #768, .F. ) ;
#2855 = CARTESIAN_POINT ( 'NONE',  ( 1.000000000000000000, -9.536057466139306271, 25.65831239517770612 ) ) ;
#2856 = VERTEX_POINT ( 'NONE', #3298 ) ;
#2857 = DIRECTION ( 'NONE',  ( -1.000000000000000000, -3.252606517456513918E-17, 0.000000000000000000 ) ) ;
#2858 = CARTESIAN_POINT ( 'NONE',  ( 1.000000000000000888, -15.34981716550029596, 65.20000000000000284 ) ) ;
#2859 = EDGE_CURVE ( 'NONE', #2550, #2773, #5039, .T. ) ;
#2860 = CIRCLE ( 'NONE', #504, 5.499999999999998224 ) ;
#2861 = FACE_OUTER_BOUND ( 'NONE', #1264, .T. ) ;
#2862 = CIRCLE ( 'NONE', #226, 0.8000000000000003775 ) ;
#2863 = ORIENTED_EDGE ( 'NONE', *, *, #2530, .F. ) ;
#2864 = FACE_OUTER_BOUND ( 'NONE', #1969, .T. ) ;
#2865 = AXIS2_PLACEMENT_3D ( 'NONE', #3684, #2330, #158 ) ;
#2866 = CARTESIAN_POINT ( 'NONE',  ( 0.4999999999999995559, -17.00000000000000000, -13.25000000000000178 ) ) ;
#2867 = DIRECTION ( 'NONE',  ( 0.000000000000000000, 1.000000000000000000, 0.000000000000000000 ) ) ;
#2868 = ORIENTED_EDGE ( 'NONE', *, *, #5035, .T. ) ;
#2869 = CARTESIAN_POINT ( 'NONE',  ( 2.999999999999999112, -1.644164868785978006, 75.00000000000000000 ) ) ;
#2870 = EDGE_CURVE ( 'NONE', #693, #3322, #3414, .T. ) ;
#2871 = DIRECTION ( 'NONE',  ( -1.000000000000000000, -1.239088197126290570E-16, 0.000000000000000000 ) ) ;
#2872 = CARTESIAN_POINT ( 'NONE',  ( 4.000000000000000000, -11.53650156772112467, 14.54168760482228606 ) ) ;
#2873 = FACE_BOUND ( 'NONE', #2335, .T. ) ;
#2874 = VERTEX_POINT ( 'NONE', #5129 ) ;
#2875 = CYLINDRICAL_SURFACE ( 'NONE', #356, 2.049999999999999822 ) ;
#2876 = ORIENTED_EDGE ( 'NONE', *, *, #2552, .T. ) ;
#2877 = PLANE ( 'NONE',  #3102 ) ;
#2878 = CARTESIAN_POINT ( 'NONE',  ( 0.9999999999999997780, -15.50000000000000178, 64.00000000000000000 ) ) ;
#2879 = AXIS2_PLACEMENT_3D ( 'NONE', #1457, #4088, #212 ) ;
#2880 = ORIENTED_EDGE ( 'NONE', *, *, #2130, .T. ) ;
#2881 = ORIENTED_EDGE ( 'NONE', *, *, #1609, .T. ) ;
#2882 = EDGE_CURVE ( 'NONE', #2039, #1286, #1400, .T. ) ;
#2883 = FACE_OUTER_BOUND ( 'NONE', #1942, .T. ) ;
#2884 = LINE ( 'NONE', #4610, #3211 ) ;
#2885 = CARTESIAN_POINT ( 'NONE',  ( 4.000000000000000000, -6.499999999999999112, 24.65831239517770612 ) ) ;
#2886 = DIRECTION ( 'NONE',  ( 0.000000000000000000, 0.000000000000000000, 1.000000000000000000 ) ) ;
#2887 = AXIS2_PLACEMENT_3D ( 'NONE', #3520, #5350, #1838 ) ;
#2888 = DIRECTION ( 'NONE',  ( -1.000000000000000000, -3.252606517456513918E-17, -4.636167053988474742E-17 ) ) ;
#2889 = ADVANCED_FACE ( 'NONE', ( #367 ), #2891, .T. ) ;
#2890 = CARTESIAN_POINT ( 'NONE',  ( 4.000000000000000000, -13.00000000000000178, -18.40000000000000568 ) ) ;
#2891 = PLANE ( 'NONE',  #1489 ) ;
#2892 = ORIENTED_EDGE ( 'NONE', *, *, #852, .F. ) ;
#2893 = DIRECTION ( 'NONE',  ( 0.000000000000000000, 0.000000000000000000, -1.000000000000000000 ) ) ;
#2894 = VECTOR ( 'NONE', #1087, 1000.000000000000000 ) ;
#2895 = CARTESIAN_POINT ( 'NONE',  ( 0.000000000000000000, 4.000000000000000000, 4.000000000000003553 ) ) ;
#2896 = DIRECTION ( 'NONE',  ( -1.000000000000000000, -0.000000000000000000, -0.000000000000000000 ) ) ;
#2897 = EDGE_CURVE ( 'NONE', #4839, #4407, #304, .T. ) ;
#2898 = DIRECTION ( 'NONE',  ( 0.000000000000000000, 1.000000000000000000, 0.000000000000000000 ) ) ;
#2899 = VECTOR ( 'NONE', #2044, 1000.000000000000000 ) ;
#2900 = DIRECTION ( 'NONE',  ( -1.000000000000000000, -0.000000000000000000, -0.000000000000000000 ) ) ;
#2901 = ORIENTED_EDGE ( 'NONE', *, *, #2740, .F. ) ;
#2902 = CARTESIAN_POINT ( 'NONE',  ( 1.000000000000000000, -18.08243860895744604, 22.72955660195331618 ) ) ;
#2903 = CARTESIAN_POINT ( 'NONE',  ( 6.000000000000000000, -10.50000000000000178, 71.00000000000000000 ) ) ;
#2904 = VECTOR ( 'NONE', #243, 1000.000000000000000 ) ;
#2905 = ORIENTED_EDGE ( 'NONE', *, *, #2946, .F. ) ;
#2906 = ORIENTED_EDGE ( 'NONE', *, *, #3792, .T. ) ;
#2907 = ORIENTED_EDGE ( 'NONE', *, *, #5185, .T. ) ;
#2908 = EDGE_LOOP ( 'NONE', ( #4344, #4487 ) ) ;
#2909 = CARTESIAN_POINT ( 'NONE',  ( 1.000000000000000000, -17.32982544119417057, 21.65831239517770257 ) ) ;
#2910 = CARTESIAN_POINT ( 'NONE',  ( -64.14711903867026876, -19.00000000000000711, 50.28776832031179822 ) ) ;
#2911 = CARTESIAN_POINT ( 'NONE',  ( 19.72792206135787296, 3.999999999999999112, 62.50000000000000000 ) ) ;
#2912 = ADVANCED_FACE ( 'NONE', ( #2042 ), #3743, .T. ) ;
#2913 = ORIENTED_EDGE ( 'NONE', *, *, #4587, .T. ) ;
#2914 = CARTESIAN_POINT ( 'NONE',  ( 1.225000000000000089, -10.99999999999999822, -29.20000000000000284 ) ) ;
#2915 = CARTESIAN_POINT ( 'NONE',  ( 4.000000000000000000, -6.499999999999999112, 15.34168760482228500 ) ) ;
#2916 = DIRECTION ( 'NONE',  ( 1.000000000000000000, 0.000000000000000000, 0.000000000000000000 ) ) ;
#2917 = ORIENTED_EDGE ( 'NONE', *, *, #1549, .F. ) ;
#2918 = DIRECTION ( 'NONE',  ( -1.000000000000000000, -1.239088197126290570E-16, 0.000000000000000000 ) ) ;
#2919 = CARTESIAN_POINT ( 'NONE',  ( 4.225000000000000533, -14.49999999999999645, -32.59999999999999432 ) ) ;
#2920 = EDGE_CURVE ( 'NONE', #4166, #3393, #3355, .T. ) ;
#2921 = ORIENTED_EDGE ( 'NONE', *, *, #5178, .F. ) ;
#2922 = DIRECTION ( 'NONE',  ( 0.000000000000000000, -1.000000000000000000, 0.000000000000000000 ) ) ;
#2923 = CARTESIAN_POINT ( 'NONE',  ( 0.4999999999999968914, -4.500000000000000000, -4.800000000000000711 ) ) ;
#2924 = AXIS2_PLACEMENT_3D ( 'NONE', #5099, #3716, #4703 ) ;
#2925 = EDGE_CURVE ( 'NONE', #5051, #690, #4645, .T. ) ;
#2926 = DIRECTION ( 'NONE',  ( -3.252606517456513918E-17, 1.000000000000000000, 0.000000000000000000 ) ) ;
#2927 = DIRECTION ( 'NONE',  ( 1.000000000000000000, 1.239088197126290570E-16, 0.000000000000000000 ) ) ;
#2928 = EDGE_CURVE ( 'NONE', #2027, #1747, #5555, .T. ) ;
#2929 = AXIS2_PLACEMENT_3D ( 'NONE', #2357, #1477, #4007 ) ;
#2930 = ORIENTED_EDGE ( 'NONE', *, *, #5516, .F. ) ;
#2931 = DIRECTION ( 'NONE',  ( 1.000000000000000000, 0.000000000000000000, -0.000000000000000000 ) ) ;
#2932 = ORIENTED_EDGE ( 'NONE', *, *, #877, .T. ) ;
#2933 = CARTESIAN_POINT ( 'NONE',  ( 0.4999999999999996669, -18.08243860895743893, 55.27044339804667317 ) ) ;
#2934 = EDGE_LOOP ( 'NONE', ( #1954, #5580, #3062, #2339 ) ) ;
#2935 = ADVANCED_FACE ( 'NONE', ( #2157 ), #5228, .T. ) ;
#2936 = VERTEX_POINT ( 'NONE', #2272 ) ;
#2937 = VERTEX_POINT ( 'NONE', #4298 ) ;
#2938 = VERTEX_POINT ( 'NONE', #4410 ) ;
#2939 = CARTESIAN_POINT ( 'NONE',  ( 4.000000000000003553, -7.299999999999998934, 4.800000000000002487 ) ) ;
#2940 = CARTESIAN_POINT ( 'NONE',  ( 3.499999999999995559, -15.99999999999999645, 22.04999999999999716 ) ) ;
#2941 = FACE_OUTER_BOUND ( 'NONE', #386, .T. ) ;
#2942 = EDGE_LOOP ( 'NONE', ( #1502, #309, #1416, #4896 ) ) ;
#2943 = DIRECTION ( 'NONE',  ( -1.239088197126290570E-16, 1.000000000000000000, 0.000000000000000000 ) ) ;
#2944 = CARTESIAN_POINT ( 'NONE',  ( 4.225000000000000533, -3.000000000000000888, -19.59999999999999787 ) ) ;
#2945 = CARTESIAN_POINT ( 'NONE',  ( 0.000000000000000000, 0.000000000000000000, 0.000000000000000000 ) ) ;
#2946 = EDGE_CURVE ( 'NONE', #1530, #906, #909, .T. ) ;
#2947 = DIRECTION ( 'NONE',  ( 1.000000000000000000, 0.000000000000000000, 0.000000000000000000 ) ) ;
#2948 = DIRECTION ( 'NONE',  ( -1.000000000000000000, -3.252606517456513918E-17, 1.048466334442454337E-16 ) ) ;
#2949 = ORIENTED_EDGE ( 'NONE', *, *, #2204, .F. ) ;
#2950 = LINE ( 'NONE', #1601, #5590 ) ;
#2951 = LINE ( 'NONE', #279, #5013 ) ;
#2952 = EDGE_CURVE ( 'NONE', #4205, #288, #4364, .T. ) ;
#2953 = ORIENTED_EDGE ( 'NONE', *, *, #5095, .F. ) ;
#2954 = DIRECTION ( 'NONE',  ( 0.000000000000000000, 0.000000000000000000, -1.000000000000000000 ) ) ;
#2955 = CIRCLE ( 'NONE', #2518, 0.8000000000000003775 ) ;
#2956 = CARTESIAN_POINT ( 'NONE',  ( 1.000000000000000222, -14.91176836727676402, 64.48656371865978087 ) ) ;
#2957 = EDGE_CURVE ( 'NONE', #2548, #2827, #4350, .T. ) ;
#2958 = ORIENTED_EDGE ( 'NONE', *, *, #945, .T. ) ;
#2959 = CARTESIAN_POINT ( 'NONE',  ( 3.500000000000000000, -16.00000000000000711, 55.94999999999998153 ) ) ;
#2960 = EDGE_LOOP ( 'NONE', ( #4569, #7, #5488, #4167 ) ) ;
#2961 = EDGE_CURVE ( 'NONE', #2639, #2071, #106, .T. ) ;
#2962 = CARTESIAN_POINT ( 'NONE',  ( 6.000000000000000000, -12.75000000000000000, 0.000000000000000000 ) ) ;
#2963 = ORIENTED_EDGE ( 'NONE', *, *, #1719, .F. ) ;
#2964 = VERTEX_POINT ( 'NONE', #1398 ) ;
#2965 = VERTEX_POINT ( 'NONE', #3061 ) ;
#2966 = EDGE_CURVE ( 'NONE', #3122, #4694, #3923, .T. ) ;
#2967 = DIRECTION ( 'NONE',  ( 6.860550053034503961E-17, -0.7313537016191691276, -0.6819983600624999198 ) ) ;
#2968 = CARTESIAN_POINT ( 'NONE',  ( 1.225000000000000089, -22.49999999999998934, -24.20000000000000639 ) ) ;
#2969 = LINE ( 'NONE', #3377, #3494 ) ;
#2970 = ORIENTED_EDGE ( 'NONE', *, *, #3224, .T. ) ;
#2971 = DIRECTION ( 'NONE',  ( 1.000000000000000000, 1.239088197126290817E-16, -0.000000000000000000 ) ) ;
#2972 = CARTESIAN_POINT ( 'NONE',  ( 4.000000000000000000, -19.00000000000000355, 14.54168760482228606 ) ) ;
#2973 = FACE_OUTER_BOUND ( 'NONE', #4669, .T. ) ;
#2974 = ORIENTED_EDGE ( 'NONE', *, *, #2600, .F. ) ;
#2975 = FACE_BOUND ( 'NONE', #2007, .T. ) ;
#2976 = DIRECTION ( 'NONE',  ( 1.000000000000000000, 0.000000000000000000, -0.000000000000000000 ) ) ;
#2977 = CARTESIAN_POINT ( 'NONE',  ( 0.4999999999999990563, -12.75000000000000000, 40.47468587349739266 ) ) ;
#2978 = AXIS2_PLACEMENT_3D ( 'NONE', #2911, #1918, #1890 ) ;
#2979 = ORIENTED_EDGE ( 'NONE', *, *, #1756, .T. ) ;
#2980 = ORIENTED_EDGE ( 'NONE', *, *, #3384, .F. ) ;
#2981 = VERTEX_POINT ( 'NONE', #3030 ) ;
#2982 = DIRECTION ( 'NONE',  ( -1.000000000000000000, -3.252606517456513918E-17, 5.129429894497256509E-33 ) ) ;
#2983 = LINE ( 'NONE', #1721, #5244 ) ;
#2984 = EDGE_CURVE ( 'NONE', #3016, #1697, #1576, .T. ) ;
#2985 = ORIENTED_EDGE ( 'NONE', *, *, #129, .F. ) ;
#2986 = DIRECTION ( 'NONE',  ( 0.000000000000000000, 0.000000000000000000, -1.000000000000000000 ) ) ;
#2987 = DIRECTION ( 'NONE',  ( 0.000000000000000000, -1.000000000000000000, 0.000000000000000000 ) ) ;
#2988 = ORIENTED_EDGE ( 'NONE', *, *, #1180, .F. ) ;
#2989 = ADVANCED_FACE ( 'NONE', ( #2242 ), #3977, .F. ) ;
#2990 = AXIS2_PLACEMENT_3D ( 'NONE', #4880, #2830, #529 ) ;
#2991 = ADVANCED_FACE ( 'NONE', ( #2674 ), #4847, .F. ) ;
#2992 = ORIENTED_EDGE ( 'NONE', *, *, #3984, .F. ) ;
#2993 = ORIENTED_EDGE ( 'NONE', *, *, #103, .T. ) ;
#2994 = CARTESIAN_POINT ( 'NONE',  ( 7.002000000000005109, -18.20000000000000639, 64.13639844763217468 ) ) ;
#2995 = DIRECTION ( 'NONE',  ( 1.000000000000000000, 1.239088197126290570E-16, 0.000000000000000000 ) ) ;
#2996 = EDGE_CURVE ( 'NONE', #1205, #2169, #49, .T. ) ;
#2997 = ORIENTED_EDGE ( 'NONE', *, *, #4687, .F. ) ;
#2998 = ORIENTED_EDGE ( 'NONE', *, *, #3603, .F. ) ;
#2999 = FACE_OUTER_BOUND ( 'NONE', #5343, .T. ) ;
#3000 = DIRECTION ( 'NONE',  ( -1.000000000000000000, -3.252606517456513918E-17, 0.000000000000000000 ) ) ;
#3001 = DIRECTION ( 'NONE',  ( -1.000000000000000000, -1.239088197126290570E-16, 0.000000000000000000 ) ) ;
#3002 = VERTEX_POINT ( 'NONE', #3895 ) ;
#3003 = CARTESIAN_POINT ( 'NONE',  ( 4.000000000000000000, -6.500000000000000000, 4.000000000000000000 ) ) ;
#3004 = LINE ( 'NONE', #370, #5318 ) ;
#3005 = DIRECTION ( 'NONE',  ( -1.000000000000000000, -3.252606517456513918E-17, 0.000000000000000000 ) ) ;
#3006 = CYLINDRICAL_SURFACE ( 'NONE', #4699, 1.000000000000000888 ) ;
#3007 = VECTOR ( 'NONE', #4419, 1000.000000000000000 ) ;
#3008 = DIRECTION ( 'NONE',  ( 1.000000000000000000, 3.252606517456513918E-17, -0.000000000000000000 ) ) ;
#3009 = VECTOR ( 'NONE', #4081, 1000.000000000000000 ) ;
#3010 = DIRECTION ( 'NONE',  ( -1.000000000000000000, -1.239088197126290817E-16, 6.270397653133593184E-34 ) ) ;
#3011 = ORIENTED_EDGE ( 'NONE', *, *, #4578, .T. ) ;
#3012 = AXIS2_PLACEMENT_3D ( 'NONE', #1934, #1105, #647 ) ;
#3013 = ORIENTED_EDGE ( 'NONE', *, *, #2058, .F. ) ;
#3014 = PLANE ( 'NONE',  #4453 ) ;
#3015 = VERTEX_POINT ( 'NONE', #1792 ) ;
#3016 = VERTEX_POINT ( 'NONE', #4763 ) ;
#3017 = EDGE_CURVE ( 'NONE', #1584, #1124, #1817, .T. ) ;
#3018 = FACE_OUTER_BOUND ( 'NONE', #331, .T. ) ;
#3019 = ORIENTED_EDGE ( 'NONE', *, *, #729, .F. ) ;
#3020 = EDGE_LOOP ( 'NONE', ( #545, #3208, #4662, #975 ) ) ;
#3021 = CARTESIAN_POINT ( 'NONE',  ( 2.724999999999999201, -15.99999999999999289, -43.00000000000000000 ) ) ;
#3022 = ORIENTED_EDGE ( 'NONE', *, *, #3345, .F. ) ;
#3023 = CARTESIAN_POINT ( 'NONE',  ( -63.03173803727768387, -7.300000000000001599, 51.08776832031181669 ) ) ;
#3024 = EDGE_LOOP ( 'NONE', ( #5314, #3241, #3239, #1113 ) ) ;
#3025 = EDGE_CURVE ( 'NONE', #5565, #5233, #4090, .T. ) ;
#3026 = AXIS2_PLACEMENT_3D ( 'NONE', #941, #4008, #3979 ) ;
#3027 = EDGE_CURVE ( 'NONE', #2494, #3785, #1214, .T. ) ;
#3028 = CARTESIAN_POINT ( 'NONE',  ( 3.500000000000000000, -22.50000000000001066, 57.99999999999998579 ) ) ;
#3029 = CARTESIAN_POINT ( 'NONE',  ( 0.000000000000000000, -18.99999999999999645, -43.00000000000000000 ) ) ;
#3030 = CARTESIAN_POINT ( 'NONE',  ( 4.000000000000000000, -16.96394253386069906, 25.65831239517770612 ) ) ;
#3031 = ORIENTED_EDGE ( 'NONE', *, *, #3319, .T. ) ;
#3032 = ADVANCED_FACE ( 'NONE', ( #4819 ), #427, .T. ) ;
#3033 = CARTESIAN_POINT ( 'NONE',  ( 3.499999999999995115, -15.99999999999999645, 17.94999999999998863 ) ) ;
#3034 = LINE ( 'NONE', #2161, #5090 ) ;
#3035 = AXIS2_PLACEMENT_3D ( 'NONE', #2274, #5232, #3981 ) ;
#3036 = ORIENTED_EDGE ( 'NONE', *, *, #247, .T. ) ;
#3037 = DIRECTION ( 'NONE',  ( 0.000000000000000000, 0.000000000000000000, 1.000000000000000000 ) ) ;
#3038 = ORIENTED_EDGE ( 'NONE', *, *, #5595, .T. ) ;
#3039 = ORIENTED_EDGE ( 'NONE', *, *, #2724, .F. ) ;
#3040 = CARTESIAN_POINT ( 'NONE',  ( 7.002000000000005109, -13.03637030922739548, 35.01026416338211078 ) ) ;
#3041 = PRESENTATION_LAYER_ASSIGNMENT (  '', '', ( #580 ) ) ;
#3042 = EDGE_CURVE ( 'NONE', #3535, #919, #1741, .T. ) ;
#3043 = AXIS2_PLACEMENT_3D ( 'NONE', #2677, #913, #454 ) ;
#3044 = DIRECTION ( 'NONE',  ( 0.000000000000000000, 1.000000000000000000, 0.000000000000000000 ) ) ;
#3045 = AXIS2_PLACEMENT_3D ( 'NONE', #2626, #3989, #3148 ) ;
#3046 = DIRECTION ( 'NONE',  ( 0.000000000000000000, 1.000000000000000000, 0.000000000000000000 ) ) ;
#3047 = EDGE_LOOP ( 'NONE', ( #4173, #320, #2422, #795, #3100, #1174, #870, #3326, #4606, #2203, #3190, #2450 ) ) ;
#3048 = DIRECTION ( 'NONE',  ( 0.000000000000000000, -2.569960705150824412E-16, 1.000000000000000000 ) ) ;
#3049 = ORIENTED_EDGE ( 'NONE', *, *, #317, .T. ) ;
#3050 = DIRECTION ( 'NONE',  ( -1.000000000000000000, -1.239088197126290570E-16, 0.000000000000000000 ) ) ;
#3051 = ORIENTED_EDGE ( 'NONE', *, *, #1719, .T. ) ;
#3052 = ORIENTED_EDGE ( 'NONE', *, *, #2897, .F. ) ;
#3053 = CARTESIAN_POINT ( 'NONE',  ( 1.000000000000000888, -19.00000000000000355, 17.54168760482228606 ) ) ;
#3054 = CIRCLE ( 'NONE', #1974, 0.8000000000000003775 ) ;
#3055 = CARTESIAN_POINT ( 'NONE',  ( 3.999999999999999112, 1.322726650432315409E-16, 0.000000000000000000 ) ) ;
#3056 = ORIENTED_EDGE ( 'NONE', *, *, #1418, .T. ) ;
#3057 = EDGE_CURVE ( 'NONE', #1597, #5412, #450, .T. ) ;
#3058 = CARTESIAN_POINT ( 'NONE',  ( 7.002000000000005997, -18.08243860895743893, 55.27044339804667317 ) ) ;
#3059 = VECTOR ( 'NONE', #586, 1000.000000000000000 ) ;
#3060 = DIRECTION ( 'NONE',  ( 0.000000000000000000, 1.188166764367676095E-16, -1.000000000000000000 ) ) ;
#3061 = CARTESIAN_POINT ( 'NONE',  ( 0.4999999999999978351, -3.499999999999999556, -29.20000000000000284 ) ) ;
#3062 = ORIENTED_EDGE ( 'NONE', *, *, #4587, .F. ) ;
#3063 = LINE ( 'NONE', #2676, #4767 ) ;
#3064 = CARTESIAN_POINT ( 'NONE',  ( 1.000000000000000888, -18.20000000000000284, 60.45831239517769262 ) ) ;
#3065 = EDGE_CURVE ( 'NONE', #5532, #2177, #4064, .T. ) ;
#3066 = CARTESIAN_POINT ( 'NONE',  ( 7.001000000000000334, -15.99999999999999645, -33.60000000000000142 ) ) ;
#3067 = ORIENTED_EDGE ( 'NONE', *, *, #3974, .T. ) ;
#3068 = DIRECTION ( 'NONE',  ( 1.000000000000000000, -0.000000000000000000, -0.000000000000000000 ) ) ;
#3069 = DIRECTION ( 'NONE',  ( 0.000000000000000000, -1.000000000000000000, -2.168404344971010594E-16 ) ) ;
#3070 = FACE_OUTER_BOUND ( 'NONE', #324, .T. ) ;
#3071 = EDGE_CURVE ( 'NONE', #4044, #1681, #3584, .T. ) ;
#3072 = ORIENTED_EDGE ( 'NONE', *, *, #5148, .T. ) ;
#3073 = CARTESIAN_POINT ( 'NONE',  ( 4.000000000000000000, -18.33673903370881320, 4.000000000000002665 ) ) ;
#3074 = VERTEX_POINT ( 'NONE', #5360 ) ;
#3075 = DIRECTION ( 'NONE',  ( 1.165692616471626958E-16, -0.9407664597040923393, -0.3390552584695133431 ) ) ;
#3076 = VERTEX_POINT ( 'NONE', #1983 ) ;
#3077 = ORIENTED_EDGE ( 'NONE', *, *, #4538, .F. ) ;
#3078 = DIRECTION ( 'NONE',  ( 0.000000000000000000, 0.000000000000000000, 1.000000000000000000 ) ) ;
#3079 = CARTESIAN_POINT ( 'NONE',  ( 0.9999999999999991118, 3.999999999999998224, 62.50000000000000000 ) ) ;
#3080 = ORIENTED_EDGE ( 'NONE', *, *, #397, .T. ) ;
#3081 = VECTOR ( 'NONE', #2967, 1000.000000000000114 ) ;
#3082 = DIRECTION ( 'NONE',  ( -1.000000000000000000, -1.239088197126290570E-16, 0.000000000000000000 ) ) ;
#3083 = CARTESIAN_POINT ( 'NONE',  ( 0.5000000000000017764, -17.32982544119416701, 56.34168760482229033 ) ) ;
#3084 = CARTESIAN_POINT ( 'NONE',  ( 5.000000000000000000, 0.000000000000000000, 0.000000000000000000 ) ) ;
#3085 = ORIENTED_EDGE ( 'NONE', *, *, #2438, .T. ) ;
#3086 = VECTOR ( 'NONE', #1738, 1000.000000000000000 ) ;
#3087 = CARTESIAN_POINT ( 'NONE',  ( 0.4999999999999995559, -17.59691913088642323, 6.370786327052026188 ) ) ;
#3088 = EDGE_CURVE ( 'NONE', #2347, #3978, #1533, .T. ) ;
#3089 = CYLINDRICAL_SURFACE ( 'NONE', #5402, 5.499999999999998224 ) ;
#3090 = DIRECTION ( 'NONE',  ( 0.000000000000000000, -1.000000000000000000, -2.168404344971010594E-16 ) ) ;
#3091 = ORIENTED_EDGE ( 'NONE', *, *, #541, .T. ) ;
#3092 = DIRECTION ( 'NONE',  ( -1.000000000000000000, -1.239088197126290570E-16, 0.000000000000000000 ) ) ;
#3093 = LINE ( 'NONE', #4827, #4637 ) ;
#3094 = ORIENTED_EDGE ( 'NONE', *, *, #3577, .F. ) ;
#3095 = DIRECTION ( 'NONE',  ( -4.499821325281046023E-17, 0.3390552584695132321, 0.9407664597040923393 ) ) ;
#3096 = EDGE_CURVE ( 'NONE', #5140, #2462, #3606, .T. ) ;
#3097 = DIRECTION ( 'NONE',  ( -1.000000000000000000, -0.000000000000000000, -0.000000000000000000 ) ) ;
#3098 = VERTEX_POINT ( 'NONE', #3237 ) ;
#3099 = ORIENTED_EDGE ( 'NONE', *, *, #604, .F. ) ;
#3100 = ORIENTED_EDGE ( 'NONE', *, *, #5445, .F. ) ;
#3101 = DIRECTION ( 'NONE',  ( 0.000000000000000000, 0.000000000000000000, -1.000000000000000000 ) ) ;
#3102 = AXIS2_PLACEMENT_3D ( 'NONE', #2399, #2005, #133 ) ;
#3103 = ORIENTED_EDGE ( 'NONE', *, *, #4184, .T. ) ;
#3104 = ADVANCED_FACE ( 'NONE', ( #4550 ), #2728, .F. ) ;
#3105 = FACE_OUTER_BOUND ( 'NONE', #5517, .T. ) ;
#3106 = ORIENTED_EDGE ( 'NONE', *, *, #1447, .F. ) ;
#3107 = PLANE ( 'NONE',  #2811 ) ;
#3108 = AXIS2_PLACEMENT_3D ( 'NONE', #2945, #4676, #2185 ) ;
#3109 = EDGE_CURVE ( 'NONE', #2115, #1636, #3815, .T. ) ;
#3110 = CARTESIAN_POINT ( 'NONE',  ( 4.000000000000000000, -10.93342069860755039, 14.01605135672935276 ) ) ;
#3111 = DIRECTION ( 'NONE',  ( 0.000000000000000000, 1.000000000000000000, 0.000000000000000000 ) ) ;
#3112 = DIRECTION ( 'NONE',  ( -0.000000000000000000, 1.000000000000000000, 0.000000000000000000 ) ) ;
#3113 = DIRECTION ( 'NONE',  ( 1.000000000000000000, 1.239088197126290570E-16, 0.000000000000000000 ) ) ;
#3114 = CARTESIAN_POINT ( 'NONE',  ( 1.225000000000000089, -0.9999999999999950040, -34.20000000000000284 ) ) ;
#3115 = ORIENTED_EDGE ( 'NONE', *, *, #4015, .F. ) ;
#3116 = CARTESIAN_POINT ( 'NONE',  ( 3.000000000000006217, -22.50000000000001421, 75.00000000000000000 ) ) ;
#3117 = VERTEX_POINT ( 'NONE', #2802 ) ;
#3118 = EDGE_CURVE ( 'NONE', #3524, #4602, #2116, .T. ) ;
#3119 = ORIENTED_EDGE ( 'NONE', *, *, #1864, .F. ) ;
#3120 = DIRECTION ( 'NONE',  ( 0.000000000000000000, 0.000000000000000000, 1.000000000000000000 ) ) ;
#3121 = CARTESIAN_POINT ( 'NONE',  ( 1.000000000000000000, -8.170174558805832987, 21.65831239517770612 ) ) ;
#3122 = VERTEX_POINT ( 'NONE', #4979 ) ;
#3123 = CYLINDRICAL_SURFACE ( 'NONE', #2711, 1.600000000000000755 ) ;
#3124 = LINE ( 'NONE', #982, #699 ) ;
#3125 = ORIENTED_EDGE ( 'NONE', *, *, #1685, .F. ) ;
#3126 = ADVANCED_FACE ( 'NONE', ( #2754 ), #3630, .T. ) ;
#3127 = CARTESIAN_POINT ( 'NONE',  ( 7.002000000000005109, -7.163260966291185916, 18.34168760482228322 ) ) ;
#3128 = AXIS2_PLACEMENT_3D ( 'NONE', #588, #5389, #3658 ) ;
#3129 = VECTOR ( 'NONE', #4891, 1000.000000000000000 ) ;
#3130 = CARTESIAN_POINT ( 'NONE',  ( 4.225000000000000533, -0.9999999999999943379, -37.00000000000000000 ) ) ;
#3131 = ADVANCED_FACE ( 'NONE', ( #3189 ), #135, .F. ) ;
#3132 = EDGE_CURVE ( 'NONE', #906, #4458, #665, .T. ) ;
#3133 = DIRECTION ( 'NONE',  ( 0.000000000000000000, -1.000000000000000000, 0.000000000000000000 ) ) ;
#3134 = CIRCLE ( 'NONE', #2513, 1.000000000000000888 ) ;
#3135 = EDGE_LOOP ( 'NONE', ( #4107, #1728, #4083, #4131 ) ) ;
#3136 = ADVANCED_FACE ( 'NONE', ( #5334, #611, #1454 ), #1504, .T. ) ;
#3137 = CARTESIAN_POINT ( 'NONE',  ( 0.4999999999999990563, -12.75000000000000000, 39.00000000000000000 ) ) ;
#3138 = CARTESIAN_POINT ( 'NONE',  ( 0.5000000000000004441, -19.00000000000000355, 21.65831239517770612 ) ) ;
#3139 = CIRCLE ( 'NONE', #691, 0.8000000000000003775 ) ;
#3140 = CARTESIAN_POINT ( 'NONE',  ( 0.9999999999999995559, -6.499999999999999112, 53.34168760482229033 ) ) ;
#3141 = CARTESIAN_POINT ( 'NONE',  ( 7.002000000000006885, -17.44738683223673092, 27.44098747291256402 ) ) ;
#3142 = CYLINDRICAL_SURFACE ( 'NONE', #5375, 0.8000000000000003775 ) ;
#3143 = DIRECTION ( 'NONE',  ( -1.176334233040896899E-17, 0.3390552584695133431, -0.9407664597040923393 ) ) ;
#3144 = ORIENTED_EDGE ( 'NONE', *, *, #4842, .F. ) ;
#3145 = CARTESIAN_POINT ( 'NONE',  ( 7.002000000000005997, -15.96394253386069728, 25.65831239517770612 ) ) ;
#3146 = DIRECTION ( 'NONE',  ( 0.000000000000000000, -1.000000000000000000, -2.168404344971010594E-16 ) ) ;
#3147 = VERTEX_POINT ( 'NONE', #4905 ) ;
#3148 = DIRECTION ( 'NONE',  ( 0.000000000000000000, 0.000000000000000000, -1.000000000000000000 ) ) ;
#3149 = DIRECTION ( 'NONE',  ( -4.499821325281053418E-17, 0.3390552584695133986, 0.9407664597040923393 ) ) ;
#3150 = ORIENTED_EDGE ( 'NONE', *, *, #4842, .T. ) ;
#3151 = DIRECTION ( 'NONE',  ( 1.102813343475842874E-17, -0.3390552584695135652, -0.9407664597040922283 ) ) ;
#3152 = ORIENTED_EDGE ( 'NONE', *, *, #3984, .T. ) ;
#3153 = ORIENTED_EDGE ( 'NONE', *, *, #3025, .F. ) ;
#3154 = CARTESIAN_POINT ( 'NONE',  ( 4.000000000000000000, -4.499999999999998224, -19.20000000000000639 ) ) ;
#3155 = AXIS2_PLACEMENT_3D ( 'NONE', #1799, #3564, #4306 ) ;
#3156 = EDGE_CURVE ( 'NONE', #2328, #3509, #3475, .T. ) ;
#3157 = CYLINDRICAL_SURFACE ( 'NONE', #3980, 0.8000000000000020428 ) ;
#3158 = ORIENTED_EDGE ( 'NONE', *, *, #5270, .F. ) ;
#3159 = CIRCLE ( 'NONE', #1906, 0.8000000000000003775 ) ;
#3160 = EDGE_CURVE ( 'NONE', #1010, #1724, #210, .T. ) ;
#3161 = EDGE_LOOP ( 'NONE', ( #4069, #2606, #868, #4288 ) ) ;
#3162 = CARTESIAN_POINT ( 'NONE',  ( -64.14711903867025455, -17.32982544119417412, 55.54168760482228606 ) ) ;
#3163 = LINE ( 'NONE', #157, #1913 ) ;
#3164 = AXIS2_PLACEMENT_3D ( 'NONE', #4300, #3804, #3416 ) ;
#3165 = DIRECTION ( 'NONE',  ( 0.000000000000000000, 0.000000000000000000, 1.000000000000000000 ) ) ;
#3166 = VERTEX_POINT ( 'NONE', #2407 ) ;
#3167 = DIRECTION ( 'NONE',  ( 0.000000000000000000, 0.000000000000000000, -1.000000000000000000 ) ) ;
#3168 = ADVANCED_FACE ( 'NONE', ( #641 ), #239, .F. ) ;
#3169 = LINE ( 'NONE', #3560, #4291 ) ;
#3170 = AXIS2_PLACEMENT_3D ( 'NONE', #663, #5437, #3265 ) ;
#3171 = VERTEX_POINT ( 'NONE', #1955 ) ;
#3172 = CARTESIAN_POINT ( 'NONE',  ( 4.999999999999999112, -2.909747292418774833, 58.19777115052580996 ) ) ;
#3173 = CARTESIAN_POINT ( 'NONE',  ( 7.000000000000000000, 0.000000000000000000, 0.000000000000000000 ) ) ;
#3174 = CARTESIAN_POINT ( 'NONE',  ( -11.90479651964897911, 2.654351659482303116, 70.39040537556121535 ) ) ;
#3175 = DIRECTION ( 'NONE',  ( 0.000000000000000000, -2.168404344971010594E-16, 1.000000000000000000 ) ) ;
#3176 = CARTESIAN_POINT ( 'NONE',  ( 4.225000000000000533, -13.99999999999999645, -26.35000000000000142 ) ) ;
#3177 = ORIENTED_EDGE ( 'NONE', *, *, #1341, .F. ) ;
#3178 = DIRECTION ( 'NONE',  ( -1.000000000000000000, -1.239088197126290570E-16, 0.000000000000000000 ) ) ;
#3179 = EDGE_LOOP ( 'NONE', ( #853, #4722, #4924, #3669 ) ) ;
#3180 = DIRECTION ( 'NONE',  ( -1.000000000000000000, -1.239088197126290570E-16, 0.000000000000000000 ) ) ;
#3181 = VECTOR ( 'NONE', #5182, 1000.000000000000114 ) ;
#3182 = EDGE_CURVE ( 'NONE', #1166, #2550, #876, .T. ) ;
#3183 = CARTESIAN_POINT ( 'NONE',  ( 0.4999999999999990563, -12.46362969077260274, 42.98973583661788211 ) ) ;
#3184 = ORIENTED_EDGE ( 'NONE', *, *, #3974, .F. ) ;
#3185 = CIRCLE ( 'NONE', #5373, 0.8000000000000003775 ) ;
#3186 = ORIENTED_EDGE ( 'NONE', *, *, #4727, .T. ) ;
#3187 = VECTOR ( 'NONE', #4618, 1000.000000000000000 ) ;
#3188 = PLANE ( 'NONE',  #2813 ) ;
#3189 = FACE_OUTER_BOUND ( 'NONE', #871, .T. ) ;
#3190 = ORIENTED_EDGE ( 'NONE', *, *, #3807, .T. ) ;
#3191 = CARTESIAN_POINT ( 'NONE',  ( 0.4999999999999970024, -12.20000000000000107, -4.800000000000000711 ) ) ;
#3192 = CARTESIAN_POINT ( 'NONE',  ( 1.000000000000000000, -17.32982544119417057, 22.45831239517770328 ) ) ;
#3193 = EDGE_CURVE ( 'NONE', #1246, #4839, #3348, .T. ) ;
#3194 = DIRECTION ( 'NONE',  ( -1.000000000000000000, -3.252606517456513918E-17, 2.535569890667617442E-16 ) ) ;
#3195 = EDGE_CURVE ( 'NONE', #3147, #4204, #2086, .T. ) ;
#3196 = PLANE ( 'NONE',  #532 ) ;
#3197 = DIRECTION ( 'NONE',  ( -1.102813343475842258E-17, 0.3390552584695133986, 0.9407664597040922283 ) ) ;
#3198 = LINE ( 'NONE', #4530, #3316 ) ;
#3199 = CARTESIAN_POINT ( 'NONE',  ( 4.000000000000000000, -9.536057466139306271, 24.65831239517770612 ) ) ;
#3200 = VERTEX_POINT ( 'NONE', #2940 ) ;
#3201 = EDGE_CURVE ( 'NONE', #4773, #4205, #3741, .T. ) ;
#3202 = CARTESIAN_POINT ( 'NONE',  ( -4.501000000000010992, -20.99999999999999645, -31.59999999999999787 ) ) ;
#3203 = ORIENTED_EDGE ( 'NONE', *, *, #3160, .T. ) ;
#3204 = CYLINDRICAL_SURFACE ( 'NONE', #2266, 2.049999999999999822 ) ;
#3205 = AXIS2_PLACEMENT_3D ( 'NONE', #3476, #1771, #4743 ) ;
#3206 = VECTOR ( 'NONE', #3847, 1000.000000000000000 ) ;
#3207 = CARTESIAN_POINT ( 'NONE',  ( 1.000000000000000000, -16.24861579036490511, 53.34168760482229033 ) ) ;
#3208 = ORIENTED_EDGE ( 'NONE', *, *, #4020, .T. ) ;
#3209 = AXIS2_PLACEMENT_3D ( 'NONE', #1035, #4481, #4049 ) ;
#3210 = ORIENTED_EDGE ( 'NONE', *, *, #3628, .F. ) ;
#3211 = VECTOR ( 'NONE', #2467, 1000.000000000000000 ) ;
#3212 = DIRECTION ( 'NONE',  ( 3.252606517456513918E-17, -1.000000000000000000, 0.000000000000000000 ) ) ;
#3213 = DIRECTION ( 'NONE',  ( -1.000000000000000000, -0.000000000000000000, 0.000000000000000000 ) ) ;
#3214 = VECTOR ( 'NONE', #3332, 1000.000000000000000 ) ;
#3215 = ORIENTED_EDGE ( 'NONE', *, *, #24, .T. ) ;
#3216 = CARTESIAN_POINT ( 'NONE',  ( 7.002000000000005109, -9.960362833696484230, 35.09386066807927307 ) ) ;
#3217 = LINE ( 'NONE', #4581, #2147 ) ;
#3218 = EDGE_CURVE ( 'NONE', #2965, #1040, #2035, .T. ) ;
#3219 = VERTEX_POINT ( 'NONE', #2968 ) ;
#3220 = FACE_OUTER_BOUND ( 'NONE', #3405, .T. ) ;
#3221 = ORIENTED_EDGE ( 'NONE', *, *, #4655, .T. ) ;
#3222 = DIRECTION ( 'NONE',  ( 0.000000000000000000, -1.000000000000000000, 0.000000000000000000 ) ) ;
#3223 = FACE_OUTER_BOUND ( 'NONE', #714, .T. ) ;
#3224 = EDGE_CURVE ( 'NONE', #2071, #3171, #1642, .T. ) ;
#3225 = DIRECTION ( 'NONE',  ( -1.239088197126290570E-16, 1.000000000000000000, -0.000000000000000000 ) ) ;
#3226 = CARTESIAN_POINT ( 'NONE',  ( 7.002000000000005997, -11.53650156772112467, 14.54168760482228606 ) ) ;
#3227 = EDGE_CURVE ( 'NONE', #952, #4560, #2011, .T. ) ;
#3228 = DIRECTION ( 'NONE',  ( 0.000000000000000000, 0.000000000000000000, -1.000000000000000000 ) ) ;
#3229 = DIRECTION ( 'NONE',  ( 1.103085371411594793E-16, -0.8917953516752835652, 0.4524390022205836970 ) ) ;
#3230 = LINE ( 'NONE', #4971, #2894 ) ;
#3231 = EDGE_CURVE ( 'NONE', #3924, #2265, #1783, .T. ) ;
#3232 = DIRECTION ( 'NONE',  ( -1.000000000000000000, -1.239088197126290570E-16, 0.000000000000000000 ) ) ;
#3233 = ORIENTED_EDGE ( 'NONE', *, *, #3674, .T. ) ;
#3234 = VERTEX_POINT ( 'NONE', #2062 ) ;
#3235 = ORIENTED_EDGE ( 'NONE', *, *, #5573, .T. ) ;
#3236 = FACE_OUTER_BOUND ( 'NONE', #4212, .T. ) ;
#3237 = CARTESIAN_POINT ( 'NONE',  ( 6.000000000000000000, -15.99999999999999645, -26.35000000000000142 ) ) ;
#3238 = ORIENTED_EDGE ( 'NONE', *, *, #3625, .F. ) ;
#3239 = ORIENTED_EDGE ( 'NONE', *, *, #2826, .T. ) ;
#3240 = DIRECTION ( 'NONE',  ( 0.000000000000000000, 0.000000000000000000, 1.000000000000000000 ) ) ;
#3241 = ORIENTED_EDGE ( 'NONE', *, *, #1657, .T. ) ;
#3242 = CARTESIAN_POINT ( 'NONE',  ( -64.14711903867025455, -19.00000000000000711, 6.896422575144960376 ) ) ;
#3243 = LINE ( 'NONE', #1050, #3885 ) ;
#3244 = DIRECTION ( 'NONE',  ( -1.000000000000000000, -1.239088197126290570E-16, 0.000000000000000000 ) ) ;
#3245 = CYLINDRICAL_SURFACE ( 'NONE', #201, 0.8000000000000003775 ) ;
#3246 = CARTESIAN_POINT ( 'NONE',  ( 6.000000000000000000, -14.80000000000000071, 39.00000000000000000 ) ) ;
#3247 = LINE ( 'NONE', #3359, #1426 ) ;
#3248 = VECTOR ( 'NONE', #4912, 1000.000000000000000 ) ;
#3249 = ORIENTED_EDGE ( 'NONE', *, *, #1109, .F. ) ;
#3250 = LINE ( 'NONE', #5429, #413 ) ;
#3251 = ORIENTED_EDGE ( 'NONE', *, *, #438, .T. ) ;
#3252 = ADVANCED_FACE ( 'NONE', ( #5092 ), #3318, .F. ) ;
#3253 = CARTESIAN_POINT ( 'NONE',  ( -64.14711903867025455, -19.00000000000000711, 21.65831239517770612 ) ) ;
#3254 = ADVANCED_FACE ( 'NONE', ( #266 ), #5005, .T. ) ;
#3255 = CARTESIAN_POINT ( 'NONE',  ( 2.724999999999998312, -15.99999999999999645, -31.09999999999999432 ) ) ;
#3256 = EDGE_CURVE ( 'NONE', #940, #657, #3840, .T. ) ;
#3257 = LINE ( 'NONE', #1149, #384 ) ;
#3258 = EDGE_LOOP ( 'NONE', ( #851, #4221, #5463, #4721 ) ) ;
#3259 = ORIENTED_EDGE ( 'NONE', *, *, #3944, .F. ) ;
#3260 = VERTEX_POINT ( 'NONE', #1673 ) ;
#3261 = ORIENTED_EDGE ( 'NONE', *, *, #3652, .F. ) ;
#3262 = AXIS2_PLACEMENT_3D ( 'NONE', #4540, #4164, #2030 ) ;
#3263 = CIRCLE ( 'NONE', #3993, 0.7999999999999986011 ) ;
#3264 = ORIENTED_EDGE ( 'NONE', *, *, #468, .F. ) ;
#3265 = DIRECTION ( 'NONE',  ( 0.000000000000000000, 0.000000000000000000, -1.000000000000000000 ) ) ;
#3266 = DIRECTION ( 'NONE',  ( -1.000000000000000000, -3.469446951953611107E-17, 0.000000000000000000 ) ) ;
#3267 = VECTOR ( 'NONE', #4995, 1000.000000000000000 ) ;
#3268 = VECTOR ( 'NONE', #1417, 1000.000000000000000 ) ;
#3269 = CARTESIAN_POINT ( 'NONE',  ( 0.4999999999999982792, -7.661951201776465936, 60.80847766620527750 ) ) ;
#3270 = DIRECTION ( 'NONE',  ( -1.355252715606879803E-16, 1.000000000000000000, 0.000000000000000000 ) ) ;
#3271 = ORIENTED_EDGE ( 'NONE', *, *, #1479, .T. ) ;
#3272 = DIRECTION ( 'NONE',  ( 0.000000000000000000, 0.000000000000000000, -1.000000000000000000 ) ) ;
#3273 = CARTESIAN_POINT ( 'NONE',  ( 0.4999999999999970024, -5.299999999999999822, -4.800000000000000711 ) ) ;
#3274 = DIRECTION ( 'NONE',  ( 0.000000000000000000, 1.000000000000000000, 0.000000000000000000 ) ) ;
#3275 = CARTESIAN_POINT ( 'NONE',  ( 0.5000000000000004441, -7.299999999999999822, 50.28776832031179822 ) ) ;
#3276 = FACE_OUTER_BOUND ( 'NONE', #2475, .T. ) ;
#3277 = EDGE_LOOP ( 'NONE', ( #5470, #5518, #4664, #3307 ) ) ;
#3278 = DIRECTION ( 'NONE',  ( 1.000000000000000000, 3.252606517456513302E-17, -2.535569890667616456E-16 ) ) ;
#3279 = CARTESIAN_POINT ( 'NONE',  ( 1.000000000000000000, -19.00000000000000355, 64.13639844763217468 ) ) ;
#3280 = ORIENTED_EDGE ( 'NONE', *, *, #3697, .T. ) ;
#3281 = PLANE ( 'NONE',  #4428 ) ;
#3282 = EDGE_CURVE ( 'NONE', #2453, #3853, #1240, .T. ) ;
#3283 = CIRCLE ( 'NONE', #2327, 1.600000000000000755 ) ;
#3284 = DIRECTION ( 'NONE',  ( 0.000000000000000000, -1.000000000000000000, -6.938893903907228378E-15 ) ) ;
#3285 = CARTESIAN_POINT ( 'NONE',  ( 0.4999999999999983902, -8.052613167763274404, 27.44098747291258888 ) ) ;
#3286 = COLOUR_RGB ( '',0.7921568627450980005, 0.8196078431372548767, 0.9333333333333333481 ) ;
#3287 = EDGE_CURVE ( 'NONE', #3995, #4421, #2050, .T. ) ;
#3288 = AXIS2_PLACEMENT_3D ( 'NONE', #4714, #3397, #2077 ) ;
#3289 = ORIENTED_EDGE ( 'NONE', *, *, #464, .T. ) ;
#3290 = CARTESIAN_POINT ( 'NONE',  ( 4.000000000000000000, -6.499999999999999112, 27.71223167968819823 ) ) ;
#3291 = VECTOR ( 'NONE', #4414, 1000.000000000000000 ) ;
#3292 = FACE_OUTER_BOUND ( 'NONE', #4108, .T. ) ;
#3293 = CYLINDRICAL_SURFACE ( 'NONE', #2978, 4.500000000000004441 ) ;
#3294 = CARTESIAN_POINT ( 'NONE',  ( 1.224999999999999423, -0.9999999999999956701, -29.19999999999999929 ) ) ;
#3295 = EDGE_CURVE ( 'NONE', #3880, #1210, #2526, .T. ) ;
#3296 = DIRECTION ( 'NONE',  ( 0.000000000000000000, 0.000000000000000000, -1.000000000000000000 ) ) ;
#3297 = DIRECTION ( 'NONE',  ( 1.000000000000000000, 1.239088197126290817E-16, -6.270397653133596605E-34 ) ) ;
#3298 = CARTESIAN_POINT ( 'NONE',  ( 4.000000000000000000, -13.03637030922739548, 35.01026416338211789 ) ) ;
#3299 = EDGE_LOOP ( 'NONE', ( #3540, #1085, #4981, #424 ) ) ;
#3300 = ORIENTED_EDGE ( 'NONE', *, *, #3400, .T. ) ;
#3301 = PLANE ( 'NONE',  #206 ) ;
#3302 = CARTESIAN_POINT ( 'NONE',  ( 1.225000000000000089, -0.9999999999999935607, -44.31187420807833632 ) ) ;
#3303 = VECTOR ( 'NONE', #4210, 1000.000000000000000 ) ;
#3304 = ORIENTED_EDGE ( 'NONE', *, *, #5359, .F. ) ;
#3305 = CARTESIAN_POINT ( 'NONE',  ( 0.000000000000000000, 3.100000000000000089, -34.00000000000000000 ) ) ;
#3306 = LINE ( 'NONE', #3333, #5476 ) ;
#3307 = ORIENTED_EDGE ( 'NONE', *, *, #1459, .T. ) ;
#3308 = PLANE ( 'NONE',  #1366 ) ;
#3309 = ORIENTED_EDGE ( 'NONE', *, *, #2029, .T. ) ;
#3310 = FACE_OUTER_BOUND ( 'NONE', #5053, .T. ) ;
#3311 = EDGE_LOOP ( 'NONE', ( #1272, #1350, #4209, #5428 ) ) ;
#3312 = DIRECTION ( 'NONE',  ( 1.176334233040897053E-17, -0.3390552584695133986, -0.9407664597040922283 ) ) ;
#3313 = ADVANCED_FACE ( 'NONE', ( #3292 ), #5032, .T. ) ;
#3314 = VERTEX_POINT ( 'NONE', #5124 ) ;
#3315 = VERTEX_POINT ( 'NONE', #390 ) ;
#3316 = VECTOR ( 'NONE', #167, 1000.000000000000000 ) ;
#3317 = PLANE ( 'NONE',  #4343 ) ;
#3318 = PLANE ( 'NONE',  #503 ) ;
#3319 = EDGE_CURVE ( 'NONE', #1003, #2109, #2884, .T. ) ;
#3320 = CARTESIAN_POINT ( 'NONE',  ( 5.000000000000000000, -3.000000000000000000, 57.99999999999999289 ) ) ;
#3321 = DIRECTION ( 'NONE',  ( -1.000000000000000000, -3.252606517456513918E-17, -0.000000000000000000 ) ) ;
#3322 = VERTEX_POINT ( 'NONE', #4170 ) ;
#3323 = CARTESIAN_POINT ( 'NONE',  ( 0.4999999999999988343, -10.76036283369648494, 35.09386066807927307 ) ) ;
#3324 = CARTESIAN_POINT ( 'NONE',  ( 1.000000000000000888, -7.299999999999999822, 15.44526502967733705 ) ) ;
#3325 = CARTESIAN_POINT ( 'NONE',  ( 0.9999999999999995559, -6.499999999999999112, 15.34168760482228500 ) ) ;
#3326 = ORIENTED_EDGE ( 'NONE', *, *, #1787, .T. ) ;
#3327 = EDGE_CURVE ( 'NONE', #2401, #2639, #4638, .T. ) ;
#3328 = LINE ( 'NONE', #2505, #1009 ) ;
#3329 = CARTESIAN_POINT ( 'NONE',  ( 4.225000000000000533, -8.828427124746184518, -38.00000000000000000 ) ) ;
#3330 = AXIS2_PLACEMENT_3D ( 'NONE', #5424, #4074, #620 ) ;
#3331 = ORIENTED_EDGE ( 'NONE', *, *, #4575, .T. ) ;
#3332 = DIRECTION ( 'NONE',  ( -0.000000000000000000, -1.000000000000000000, -2.168404344971010840E-16 ) ) ;
#3333 = CARTESIAN_POINT ( 'NONE',  ( 1.000000000000000000, -18.20000000000000639, 15.34168760482228500 ) ) ;
#3334 = LINE ( 'NONE', #861, #1860 ) ;
#3335 = DIRECTION ( 'NONE',  ( 0.000000000000000000, 0.000000000000000000, -1.000000000000000000 ) ) ;
#3336 = EDGE_LOOP ( 'NONE', ( #2111, #958, #4188, #1757, #3648, #1652 ) ) ;
#3337 = CYLINDRICAL_SURFACE ( 'NONE', #1126, 0.7999999999999986011 ) ;
#3338 = ORIENTED_EDGE ( 'NONE', *, *, #5289, .T. ) ;
#3339 = DIRECTION ( 'NONE',  ( 0.000000000000000000, -1.000000000000000000, 0.000000000000000000 ) ) ;
#3340 = EDGE_LOOP ( 'NONE', ( #3506, #2444, #3643, #928 ) ) ;
#3341 = AXIS2_PLACEMENT_3D ( 'NONE', #5442, #1564, #3272 ) ;
#3342 = AXIS2_PLACEMENT_3D ( 'NONE', #4373, #44, #4725 ) ;
#3343 = ORIENTED_EDGE ( 'NONE', *, *, #3792, .F. ) ;
#3344 = EDGE_LOOP ( 'NONE', ( #4159, #3390, #1168, #3406, #170, #4877, #5162, #3782, #5608 ) ) ;
#3345 = EDGE_CURVE ( 'NONE', #2773, #3166, #5222, .T. ) ;
#3346 = ORIENTED_EDGE ( 'NONE', *, *, #3517, .F. ) ;
#3347 = DIRECTION ( 'NONE',  ( 1.000000000000000000, 3.252606517456513918E-17, -0.000000000000000000 ) ) ;
#3348 = LINE ( 'NONE', #1251, #4944 ) ;
#3349 = ORIENTED_EDGE ( 'NONE', *, *, #1609, .F. ) ;
#3350 = DIRECTION ( 'NONE',  ( 0.000000000000000000, 1.000000000000000000, 0.000000000000000000 ) ) ;
#3351 = ORIENTED_EDGE ( 'NONE', *, *, #4812, .F. ) ;
#3352 = EDGE_CURVE ( 'NONE', #5335, #984, #843, .T. ) ;
#3353 = CARTESIAN_POINT ( 'NONE',  ( 6.000000000000000000, -18.99999999999999645, -43.00000000000000000 ) ) ;
#3354 = CARTESIAN_POINT ( 'NONE',  ( 0.000000000000000000, 0.000000000000000000, 1.600000000000000089 ) ) ;
#3355 = LINE ( 'NONE', #3325, #479 ) ;
#3356 = ORIENTED_EDGE ( 'NONE', *, *, #2052, .F. ) ;
#3357 = CARTESIAN_POINT ( 'NONE',  ( 0.4999999999999979461, -4.499999999999999112, -40.00100000000001188 ) ) ;
#3358 = EDGE_CURVE ( 'NONE', #926, #289, #1089, .T. ) ;
#3359 = CARTESIAN_POINT ( 'NONE',  ( 0.4999999999999996669, -18.33673903370881320, 4.000000000000002665 ) ) ;
#3360 = ADVANCED_FACE ( 'NONE', ( #4755 ), #3861, .T. ) ;
#3361 = VERTEX_POINT ( 'NONE', #5157 ) ;
#3362 = CARTESIAN_POINT ( 'NONE',  ( 4.000000000000000000, -16.74999999999999645, 39.00000000000000000 ) ) ;
#3363 = LINE ( 'NONE', #713, #680 ) ;
#3364 = VECTOR ( 'NONE', #5422, 1000.000000000000000 ) ;
#3365 = LINE ( 'NONE', #5108, #490 ) ;
#3366 = LINE ( 'NONE', #1233, #890 ) ;
#3367 = ADVANCED_FACE ( 'NONE', ( #422 ), #1785, .F. ) ;
#3368 = CIRCLE ( 'NONE', #4004, 0.7999999999999986011 ) ;
#3369 = ORIENTED_EDGE ( 'NONE', *, *, #2416, .T. ) ;
#3370 = CARTESIAN_POINT ( 'NONE',  ( 0.4999999999999995559, -18.20000000000000639, 64.13639844763217468 ) ) ;
#3371 = CARTESIAN_POINT ( 'NONE',  ( 3.499999999999995115, -22.50000000000000000, 19.99999999999999289 ) ) ;
#3372 = ORIENTED_EDGE ( 'NONE', *, *, #3848, .F. ) ;
#3373 = EDGE_LOOP ( 'NONE', ( #1456, #5152, #3527, #1870 ) ) ;
#3374 = CARTESIAN_POINT ( 'NONE',  ( 6.000000000000000000, -14.79999999999999893, 0.000000000000000000 ) ) ;
#3375 = ORIENTED_EDGE ( 'NONE', *, *, #3809, .T. ) ;
#3376 = DIRECTION ( 'NONE',  ( -1.355252715606879803E-16, 1.000000000000000000, 0.000000000000000000 ) ) ;
#3377 = CARTESIAN_POINT ( 'NONE',  ( 4.000000000000000000, -19.00000000000000355, 4.000000000000000000 ) ) ;
#3378 = DIRECTION ( 'NONE',  ( 1.176334233040896899E-17, -0.3390552584695133431, 0.9407664597040923393 ) ) ;
#3379 = LINE ( 'NONE', #4202, #2720 ) ;
#3380 = DIRECTION ( 'NONE',  ( 0.000000000000000000, 0.000000000000000000, 1.000000000000000000 ) ) ;
#3381 = ORIENTED_EDGE ( 'NONE', *, *, #275, .T. ) ;
#3382 = CIRCLE ( 'NONE', #1695, 0.7999999999999986011 ) ;
#3383 = DIRECTION ( 'NONE',  ( -1.000000000000000000, -1.239088197126290570E-16, 0.000000000000000000 ) ) ;
#3384 = EDGE_CURVE ( 'NONE', #3537, #5206, #5248, .T. ) ;
#3385 = DIRECTION ( 'NONE',  ( 0.000000000000000000, 9.637352644315600666E-16, -1.000000000000000000 ) ) ;
#3386 = AXIS2_PLACEMENT_3D ( 'NONE', #328, #1127, #3794 ) ;
#3387 = ORIENTED_EDGE ( 'NONE', *, *, #4695, .T. ) ;
#3388 = DIRECTION ( 'NONE',  ( 0.000000000000000000, -7.096596038086940624E-15, 1.000000000000000000 ) ) ;
#3389 = ORIENTED_EDGE ( 'NONE', *, *, #3442, .F. ) ;
#3390 = ORIENTED_EDGE ( 'NONE', *, *, #5057, .T. ) ;
#3391 = CYLINDRICAL_SURFACE ( 'NONE', #5570, 0.9999999999999991118 ) ;
#3392 = EDGE_CURVE ( 'NONE', #3635, #1200, #2821, .T. ) ;
#3393 = VERTEX_POINT ( 'NONE', #4346 ) ;
#3394 = DIRECTION ( 'NONE',  ( -1.000000000000000000, -3.252606517456513918E-17, 0.000000000000000000 ) ) ;
#3395 = EDGE_CURVE ( 'NONE', #2229, #4192, #1338, .T. ) ;
#3396 = AXIS2_PLACEMENT_3D ( 'NONE', #2872, #4156, #2922 ) ;
#3397 = DIRECTION ( 'NONE',  ( 1.000000000000000000, 1.239088197126290570E-16, 0.000000000000000000 ) ) ;
#3398 = ORIENTED_EDGE ( 'NONE', *, *, #1892, .T. ) ;
#3399 = DIRECTION ( 'NONE',  ( -1.355252715606879803E-16, 1.000000000000000000, 0.000000000000000000 ) ) ;
#3400 = EDGE_CURVE ( 'NONE', #5368, #4810, #1364, .T. ) ;
#3401 = DIRECTION ( 'NONE',  ( -0.000000000000000000, 0.000000000000000000, -1.000000000000000000 ) ) ;
#3402 = ORIENTED_EDGE ( 'NONE', *, *, #1049, .F. ) ;
#3403 = EDGE_CURVE ( 'NONE', #2397, #183, #446, .T. ) ;
#3404 = ORIENTED_EDGE ( 'NONE', *, *, #4155, .F. ) ;
#3405 = EDGE_LOOP ( 'NONE', ( #4449, #2395, #5283, #4225 ) ) ;
#3406 = ORIENTED_EDGE ( 'NONE', *, *, #332, .T. ) ;
#3407 = EDGE_LOOP ( 'NONE', ( #2843, #5235, #827, #3516, #3381, #4217, #4353 ) ) ;
#3408 = DIRECTION ( 'NONE',  ( -1.000000000000000000, -3.252606517456514535E-17, 2.535569890667616456E-16 ) ) ;
#3409 = CARTESIAN_POINT ( 'NONE',  ( 0.5000000000000004441, -10.95018283449971719, 60.45831239517769262 ) ) ;
#3410 = AXIS2_PLACEMENT_3D ( 'NONE', #5014, #4154, #4559 ) ;
#3411 = DIRECTION ( 'NONE',  ( 2.551925094855734528E-17, -1.000000000000000000, 0.000000000000000000 ) ) ;
#3412 = FACE_OUTER_BOUND ( 'NONE', #4797, .T. ) ;
#3413 = FACE_OUTER_BOUND ( 'NONE', #3821, .T. ) ;
#3414 = LINE ( 'NONE', #2094, #3187 ) ;
#3415 = ORIENTED_EDGE ( 'NONE', *, *, #989, .F. ) ;
#3416 = DIRECTION ( 'NONE',  ( 0.000000000000000000, -1.000000000000000000, 0.000000000000000000 ) ) ;
#3417 = PLANE ( 'NONE',  #683 ) ;
#3418 = CARTESIAN_POINT ( 'NONE',  ( 4.000000000000000000, -6.500000000000000000, 4.800000000000002487 ) ) ;
#3419 = AXIS2_PLACEMENT_3D ( 'NONE', #244, #5421, #1990 ) ;
#3420 = EDGE_CURVE ( 'NONE', #294, #1210, #1850, .T. ) ;
#3421 = CARTESIAN_POINT ( 'NONE',  ( 1.225000000000000089, -10.99999999999999822, -24.20000000000000639 ) ) ;
#3422 = LINE ( 'NONE', #4685, #2152 ) ;
#3423 = EDGE_LOOP ( 'NONE', ( #934, #1510, #3545, #3590 ) ) ;
#3424 = VERTEX_POINT ( 'NONE', #5614 ) ;
#3425 = ADVANCED_FACE ( 'NONE', ( #1735 ), #3943, .F. ) ;
#3426 = CARTESIAN_POINT ( 'NONE',  ( 4.225000000000000533, -14.49999999999999645, -31.09999999999999432 ) ) ;
#3427 = ORIENTED_EDGE ( 'NONE', *, *, #3628, .T. ) ;
#3428 = EDGE_LOOP ( 'NONE', ( #3515, #3184, #4705, #1655 ) ) ;
#3429 = FACE_OUTER_BOUND ( 'NONE', #5403, .T. ) ;
#3430 = CIRCLE ( 'NONE', #5173, 0.8000000000000003775 ) ;
#3431 = EDGE_CURVE ( 'NONE', #1547, #4658, #874, .T. ) ;
#3432 = ORIENTED_EDGE ( 'NONE', *, *, #2082, .T. ) ;
#3433 = VECTOR ( 'NONE', #4518, 1000.000000000000227 ) ;
#3434 = ADVANCED_FACE ( 'NONE', ( #71 ), #1812, .F. ) ;
#3435 = ORIENTED_EDGE ( 'NONE', *, *, #1313, .F. ) ;
#3436 = ORIENTED_EDGE ( 'NONE', *, *, #1020, .T. ) ;
#3437 = CARTESIAN_POINT ( 'NONE',  ( 1.000000000000000888, -18.20000000000000284, 59.65831239517768836 ) ) ;
#3438 = ORIENTED_EDGE ( 'NONE', *, *, #4048, .T. ) ;
#3439 = CARTESIAN_POINT ( 'NONE',  ( 1.225000000000000089, -10.99999999999999822, -24.20000000000000639 ) ) ;
#3440 = ORIENTED_EDGE ( 'NONE', *, *, #859, .F. ) ;
#3441 = ORIENTED_EDGE ( 'NONE', *, *, #3384, .T. ) ;
#3442 = EDGE_CURVE ( 'NONE', #906, #2232, #2113, .T. ) ;
#3443 = DIRECTION ( 'NONE',  ( 0.000000000000000000, 0.000000000000000000, -1.000000000000000000 ) ) ;
#3444 = CARTESIAN_POINT ( 'NONE',  ( 4.000000000000000000, -12.20000000000000107, -18.40000000000000568 ) ) ;
#3445 = CARTESIAN_POINT ( 'NONE',  ( 1.000000000000000000, -3.145898033750298861, 18.34168760482228677 ) ) ;
#3446 = ORIENTED_EDGE ( 'NONE', *, *, #3773, .T. ) ;
#3447 = ORIENTED_EDGE ( 'NONE', *, *, #4628, .F. ) ;
#3448 = CARTESIAN_POINT ( 'NONE',  ( 4.000000000000000000, -17.00122895812818058, 52.27044339804668027 ) ) ;
#3449 = CARTESIAN_POINT ( 'NONE',  ( 0.000000000000000000, -3.499999999999999556, -29.20000000000000284 ) ) ;
#3450 = LINE ( 'NONE', #1322, #4583 ) ;
#3451 = PLANE ( 'NONE',  #5342 ) ;
#3452 = DIRECTION ( 'NONE',  ( 0.000000000000000000, -1.000000000000000000, 0.000000000000000000 ) ) ;
#3453 = CARTESIAN_POINT ( 'NONE',  ( 5.000000000000000000, -0.9999999999999941158, -29.20000000000000284 ) ) ;
#3454 = ORIENTED_EDGE ( 'NONE', *, *, #4570, .F. ) ;
#3455 = AXIS2_PLACEMENT_3D ( 'NONE', #1463, #217, #5341 ) ;
#3456 = ORIENTED_EDGE ( 'NONE', *, *, #1109, .T. ) ;
#3457 = DIRECTION ( 'NONE',  ( 3.942553354492745133E-17, -1.000000000000000000, -7.885106708985490266E-17 ) ) ;
#3458 = ORIENTED_EDGE ( 'NONE', *, *, #520, .T. ) ;
#3459 = AXIS2_PLACEMENT_3D ( 'NONE', #1902, #4881, #1068 ) ;
#3460 = DIRECTION ( 'NONE',  ( 1.000000000000000000, 0.000000000000000000, -0.000000000000000000 ) ) ;
#3461 = ADVANCED_FACE ( 'NONE', ( #313 ), #796, .F. ) ;
#3462 = LINE ( 'NONE', #4318, #3081 ) ;
#3463 = DIRECTION ( 'NONE',  ( 0.000000000000000000, -1.000000000000000000, 0.000000000000000000 ) ) ;
#3464 = ORIENTED_EDGE ( 'NONE', *, *, #3809, .F. ) ;
#3465 = EDGE_CURVE ( 'NONE', #2548, #4542, #395, .T. ) ;
#3466 = CARTESIAN_POINT ( 'NONE',  ( 6.000000000000000000, -2.909747292418769948, 58.19777115052581706 ) ) ;
#3467 = DIRECTION ( 'NONE',  ( 0.000000000000000000, 0.7071067811865500152, 0.7071067811865451302 ) ) ;
#3468 = DIRECTION ( 'NONE',  ( 2.168404344971009854E-16, -1.000000000000000000, 0.000000000000000000 ) ) ;
#3469 = EDGE_LOOP ( 'NONE', ( #2574, #3304, #4620, #4619, #66, #4342, #2958, #2780, #5100, #4305 ) ) ;
#3470 = CARTESIAN_POINT ( 'NONE',  ( 0.4999999999999995559, -18.20000000000000284, 50.28776832031181243 ) ) ;
#3471 = EDGE_CURVE ( 'NONE', #3219, #2397, #5508, .T. ) ;
#3472 = DIRECTION ( 'NONE',  ( 0.000000000000000000, 1.000000000000000000, 0.000000000000000000 ) ) ;
#3473 = ORIENTED_EDGE ( 'NONE', *, *, #3652, .T. ) ;
#3474 = DIRECTION ( 'NONE',  ( 0.000000000000000000, 1.000000000000000000, -0.000000000000000000 ) ) ;
#3475 = CIRCLE ( 'NONE', #1424, 0.7999999999999986011 ) ;
#3476 = CARTESIAN_POINT ( 'NONE',  ( 21.41522322567242398, -12.19999999999999929, -18.40000000000000568 ) ) ;
#3477 = VECTOR ( 'NONE', #94, 1000.000000000000000 ) ;
#3478 = VERTEX_POINT ( 'NONE', #4684 ) ;
#3479 = DIRECTION ( 'NONE',  ( 0.000000000000000000, -1.000000000000000000, 0.000000000000000000 ) ) ;
#3480 = DIRECTION ( 'NONE',  ( -1.000000000000000000, -1.239088197126290570E-16, 0.000000000000000000 ) ) ;
#3481 = VECTOR ( 'NONE', #5492, 1000.000000000000000 ) ;
#3482 = ORIENTED_EDGE ( 'NONE', *, *, #3797, .F. ) ;
#3483 = ORIENTED_EDGE ( 'NONE', *, *, #1231, .F. ) ;
#3484 = CARTESIAN_POINT ( 'NONE',  ( 0.000000000000000000, 1.959434878635768681E-16, -21.60000000000000142 ) ) ;
#3485 = AXIS2_PLACEMENT_3D ( 'NONE', #3953, #81, #971 ) ;
#3486 = ORIENTED_EDGE ( 'NONE', *, *, #3839, .T. ) ;
#3487 = DIRECTION ( 'NONE',  ( 0.000000000000000000, 0.000000000000000000, 1.000000000000000000 ) ) ;
#3488 = ORIENTED_EDGE ( 'NONE', *, *, #4956, .F. ) ;
#3489 = ORIENTED_EDGE ( 'NONE', *, *, #2600, .T. ) ;
#3490 = ADVANCED_FACE ( 'NONE', ( #5176 ), #4775, .F. ) ;
#3491 = PLANE ( 'NONE',  #2189 ) ;
#3492 = DIRECTION ( 'NONE',  ( -1.000000000000000000, -0.000000000000000000, -0.000000000000000000 ) ) ;
#3493 = EDGE_LOOP ( 'NONE', ( #1498, #4336, #4028, #144 ) ) ;
#3494 = VECTOR ( 'NONE', #5587, 1000.000000000000000 ) ;
#3495 = LINE ( 'NONE', #3058, #637 ) ;
#3496 = ADVANCED_FACE ( 'NONE', ( #4248 ), #2575, .F. ) ;
#3497 = PLANE ( 'NONE',  #2276 ) ;
#3498 = DIRECTION ( 'NONE',  ( 1.057758217059027868E-16, -1.000000000000000000, 0.000000000000000000 ) ) ;
#3499 = CARTESIAN_POINT ( 'NONE',  ( 2.725000000000000533, -0.9999999999999941158, -37.00000000000000000 ) ) ;
#3500 = LINE ( 'NONE', #5258, #3291 ) ;
#3501 = CIRCLE ( 'NONE', #2715, 1.600000000000000089 ) ;
#3502 = EDGE_CURVE ( 'NONE', #2008, #2158, #2308, .T. ) ;
#3503 = ORIENTED_EDGE ( 'NONE', *, *, #4724, .T. ) ;
#3504 = CARTESIAN_POINT ( 'NONE',  ( 0.4999999999999987232, -8.921746524012673873, 17.54168760482228606 ) ) ;
#3505 = EDGE_CURVE ( 'NONE', #5167, #1352, #2136, .T. ) ;
#3506 = ORIENTED_EDGE ( 'NONE', *, *, #332, .F. ) ;
#3507 = DIRECTION ( 'NONE',  ( 0.000000000000000000, -1.000000000000000000, -1.734723475976807883E-15 ) ) ;
#3508 = DIRECTION ( 'NONE',  ( -3.252606517456513918E-17, 1.000000000000000000, 0.000000000000000000 ) ) ;
#3509 = VERTEX_POINT ( 'NONE', #2104 ) ;
#3510 = LINE ( 'NONE', #1380, #4492 ) ;
#3511 = DIRECTION ( 'NONE',  ( 1.000000000000000000, 1.239088197126290570E-16, -0.000000000000000000 ) ) ;
#3512 = CIRCLE ( 'NONE', #1896, 0.8000000000000003775 ) ;
#3513 = CIRCLE ( 'NONE', #5275, 1.000000000000000888 ) ;
#3514 = AXIS2_PLACEMENT_3D ( 'NONE', #3884, #3487, #3460 ) ;
#3515 = ORIENTED_EDGE ( 'NONE', *, *, #4724, .F. ) ;
#3516 = ORIENTED_EDGE ( 'NONE', *, *, #5155, .F. ) ;
#3517 = EDGE_CURVE ( 'NONE', #3171, #5321, #3720, .T. ) ;
#3518 = CARTESIAN_POINT ( 'NONE',  ( -5.585385069297325700, -14.49999999999999645, -32.59999999999999432 ) ) ;
#3519 = VERTEX_POINT ( 'NONE', #2482 ) ;
#3520 = CARTESIAN_POINT ( 'NONE',  ( 7.000000000000151879, -1.999999999999998668, 57.78260869565216495 ) ) ;
#3521 = ORIENTED_EDGE ( 'NONE', *, *, #2024, .T. ) ;
#3522 = ORIENTED_EDGE ( 'NONE', *, *, #4216, .T. ) ;
#3523 = DIRECTION ( 'NONE',  ( 0.000000000000000000, 0.3390552584695133986, 0.9407664597040922283 ) ) ;
#3524 = VERTEX_POINT ( 'NONE', #4185 ) ;
#3525 = AXIS2_PLACEMENT_3D ( 'NONE', #2939, #2525, #3682 ) ;
#3526 = PRODUCT_DEFINITION ( 'æœ', '', #4133, #1791 ) ;
#3527 = ORIENTED_EDGE ( 'NONE', *, *, #3227, .F. ) ;
#3528 = CARTESIAN_POINT ( 'NONE',  ( 6.000000000000000000, -13.99999999999999822, -19.59999999999999787 ) ) ;
#3529 = DIRECTION ( 'NONE',  ( -1.239088197126290570E-16, 1.000000000000000000, -1.577021341797097560E-16 ) ) ;
#3530 = DIRECTION ( 'NONE',  ( -1.000000000000000000, -3.469446951953611107E-17, 0.000000000000000000 ) ) ;
#3531 = ORIENTED_EDGE ( 'NONE', *, *, #3800, .T. ) ;
#3532 = CARTESIAN_POINT ( 'NONE',  ( 7.002000000000004221, -8.536057466139308048, 25.65831239517770612 ) ) ;
#3533 = FACE_OUTER_BOUND ( 'NONE', #1813, .T. ) ;
#3534 = EDGE_CURVE ( 'NONE', #910, #801, #3365, .T. ) ;
#3535 = VERTEX_POINT ( 'NONE', #1203 ) ;
#3536 = DIRECTION ( 'NONE',  ( -1.355252715606883008E-16, 1.000000000000000000, 0.000000000000000000 ) ) ;
#3537 = VERTEX_POINT ( 'NONE', #343 ) ;
#3538 = CYLINDRICAL_SURFACE ( 'NONE', #3205, 0.8000000000000003775 ) ;
#3539 = CARTESIAN_POINT ( 'NONE',  ( 0.4999999999999988343, -13.84625753883615040, 43.51643879716585417 ) ) ;
#3540 = ORIENTED_EDGE ( 'NONE', *, *, #2957, .F. ) ;
#3541 = EDGE_CURVE ( 'NONE', #2827, #2425, #3368, .T. ) ;
#3542 = DIRECTION ( 'NONE',  ( 0.000000000000000000, 0.000000000000000000, -1.000000000000000000 ) ) ;
#3543 = DIRECTION ( 'NONE',  ( -1.355252715606879803E-16, 1.000000000000000000, 0.000000000000000000 ) ) ;
#3544 = EDGE_CURVE ( 'NONE', #3703, #2001, #3845, .T. ) ;
#3545 = ORIENTED_EDGE ( 'NONE', *, *, #464, .F. ) ;
#3546 = ORIENTED_EDGE ( 'NONE', *, *, #2483, .F. ) ;
#3547 = LINE ( 'NONE', #1777, #4757 ) ;
#3548 = ORIENTED_EDGE ( 'NONE', *, *, #5400, .F. ) ;
#3549 = DIRECTION ( 'NONE',  ( -1.000000000000000000, -1.239088197126290570E-16, 0.000000000000000000 ) ) ;
#3550 = ADVANCED_FACE ( 'NONE', ( #5080 ), #5600, .F. ) ;
#3551 = DIRECTION ( 'NONE',  ( 0.000000000000000000, 0.000000000000000000, 1.000000000000000000 ) ) ;
#3552 = AXIS2_PLACEMENT_3D ( 'NONE', #2700, #2595, #5310 ) ;
#3553 = AXIS2_PLACEMENT_3D ( 'NONE', #3084, #3950, #4324 ) ;
#3554 = CIRCLE ( 'NONE', #3026, 0.7999999999999986011 ) ;
#3555 = CARTESIAN_POINT ( 'NONE',  ( 0.4999999999999988343, -10.76036283369648494, 42.90613933192072693 ) ) ;
#3556 = LINE ( 'NONE', #5309, #629 ) ;
#3557 = DIRECTION ( 'NONE',  ( 0.000000000000000000, -1.000000000000000000, 0.000000000000000000 ) ) ;
#3558 = ORIENTED_EDGE ( 'NONE', *, *, #628, .T. ) ;
#3559 = DIRECTION ( 'NONE',  ( 0.000000000000000000, 0.000000000000000000, -1.000000000000000000 ) ) ;
#3560 = CARTESIAN_POINT ( 'NONE',  ( 7.002000000000004221, -7.417561391042559293, 55.27044339804668027 ) ) ;
#3561 = ORIENTED_EDGE ( 'NONE', *, *, #1952, .T. ) ;
#3562 = LINE ( 'NONE', #3636, #5522 ) ;
#3563 = ORIENTED_EDGE ( 'NONE', *, *, #119, .T. ) ;
#3564 = DIRECTION ( 'NONE',  ( -1.000000000000000000, -3.252606517456513918E-17, 0.000000000000000000 ) ) ;
#3565 = CARTESIAN_POINT ( 'NONE',  ( 7.002000000000005109, -12.75000000000000000, 40.47468587349739266 ) ) ;
#3566 = EDGE_CURVE ( 'NONE', #5030, #3098, #3334, .T. ) ;
#3567 = EDGE_LOOP ( 'NONE', ( #2907, #4264, #1235, #780 ) ) ;
#3568 = CARTESIAN_POINT ( 'NONE',  ( 1.999999999999999112, -0.5000000000000065503, 62.50000000000000000 ) ) ;
#3569 = LINE ( 'NONE', #3721, #3759 ) ;
#3570 = ORIENTED_EDGE ( 'NONE', *, *, #457, .T. ) ;
#3571 = ADVANCED_FACE ( 'NONE', ( #764 ), #10, .F. ) ;
#3572 = LINE ( 'NONE', #1327, #4194 ) ;
#3573 = EDGE_CURVE ( 'NONE', #150, #326, #1772, .T. ) ;
#3574 = ORIENTED_EDGE ( 'NONE', *, *, #5516, .T. ) ;
#3575 = CIRCLE ( 'NONE', #1245, 0.8000000000000003775 ) ;
#3576 = FACE_OUTER_BOUND ( 'NONE', #3706, .T. ) ;
#3577 = EDGE_CURVE ( 'NONE', #955, #1179, #1324, .T. ) ;
#3578 = EDGE_CURVE ( 'NONE', #1534, #1612, #5267, .T. ) ;
#3579 = DIRECTION ( 'NONE',  ( 0.000000000000000000, 0.000000000000000000, -1.000000000000000000 ) ) ;
#3580 = ORIENTED_EDGE ( 'NONE', *, *, #3256, .F. ) ;
#3581 = ORIENTED_EDGE ( 'NONE', *, *, #966, .T. ) ;
#3582 = DIRECTION ( 'NONE',  ( 1.000000000000000000, 1.239088197126290570E-16, 0.000000000000000000 ) ) ;
#3583 = CARTESIAN_POINT ( 'NONE',  ( 2.999999999999999112, 9.635164170209216955E-17, 0.000000000000000000 ) ) ;
#3584 = LINE ( 'NONE', #4928, #2584 ) ;
#3585 = CARTESIAN_POINT ( 'NONE',  ( 0.000000000000000000, -3.499999999999999556, 4.000000000000003553 ) ) ;
#3586 = DIRECTION ( 'NONE',  ( 0.000000000000000000, 0.000000000000000000, -1.000000000000000000 ) ) ;
#3587 = DIRECTION ( 'NONE',  ( -1.000000000000000000, -3.469446951953611107E-17, 0.000000000000000000 ) ) ;
#3588 = CARTESIAN_POINT ( 'NONE',  ( 2.724999999999999201, -22.49999999999998934, -31.59999999999999787 ) ) ;
#3589 = CARTESIAN_POINT ( 'NONE',  ( 1.000000000000000000, -12.75000000000000000, 40.47468587349739266 ) ) ;
#3590 = ORIENTED_EDGE ( 'NONE', *, *, #5193, .T. ) ;
#3591 = AXIS2_PLACEMENT_3D ( 'NONE', #1876, #4908, #41 ) ;
#3592 = CARTESIAN_POINT ( 'NONE',  ( -4.501000000000010104, -10.99999999999999822, -34.20000000000000284 ) ) ;
#3593 = CARTESIAN_POINT ( 'NONE',  ( 2.724999999999999645, -10.99999999999999822, -31.59999999999999787 ) ) ;
#3594 = ADVANCED_FACE ( 'NONE', ( #892 ), #145, .T. ) ;
#3595 = ORIENTED_EDGE ( 'NONE', *, *, #3704, .T. ) ;
#3596 = CARTESIAN_POINT ( 'NONE',  ( 5.000000000000000000, -3.000000000000000000, -37.00000000000000000 ) ) ;
#3597 = ORIENTED_EDGE ( 'NONE', *, *, #2928, .F. ) ;
#3598 = CARTESIAN_POINT ( 'NONE',  ( 6.000000000000000000, -20.99999999999999645, -40.99999999999999289 ) ) ;
#3599 = EDGE_CURVE ( 'NONE', #5048, #2151, #568, .T. ) ;
#3600 = DIRECTION ( 'NONE',  ( 1.000000000000000000, 0.000000000000000000, 0.000000000000000000 ) ) ;
#3601 = VERTEX_POINT ( 'NONE', #513 ) ;
#3602 = AXIS2_PLACEMENT_3D ( 'NONE', #938, #1765, #1368 ) ;
#3603 = EDGE_CURVE ( 'NONE', #2209, #5532, #1007, .T. ) ;
#3604 = ORIENTED_EDGE ( 'NONE', *, *, #4370, .T. ) ;
#3605 = CARTESIAN_POINT ( 'NONE',  ( 4.000000000000000000, -18.20000000000000284, 50.28776832031181243 ) ) ;
#3606 = LINE ( 'NONE', #185, #296 ) ;
#3607 = ORIENTED_EDGE ( 'NONE', *, *, #1180, .T. ) ;
#3608 = DIRECTION ( 'NONE',  ( 1.000000000000000000, 1.239088197126290570E-16, 0.000000000000000000 ) ) ;
#3609 = DIRECTION ( 'NONE',  ( 1.000000000000000000, -0.000000000000000000, -0.000000000000000000 ) ) ;
#3610 = EDGE_CURVE ( 'NONE', #4990, #745, #60, .T. ) ;
#3611 = VECTOR ( 'NONE', #4439, 1000.000000000000000 ) ;
#3612 = DIRECTION ( 'NONE',  ( -1.000000000000000000, -1.239088197126290324E-16, 1.954068531237048912E-32 ) ) ;
#3613 = FACE_OUTER_BOUND ( 'NONE', #3874, .T. ) ;
#3614 = DIRECTION ( 'NONE',  ( -1.000000000000000000, -3.252606517456513918E-17, 0.000000000000000000 ) ) ;
#3615 = VECTOR ( 'NONE', #3378, 1000.000000000000000 ) ;
#3616 = ORIENTED_EDGE ( 'NONE', *, *, #3231, .F. ) ;
#3617 = CARTESIAN_POINT ( 'NONE',  ( 0.5000000000000004441, -7.299999999999999822, 15.44526502967733705 ) ) ;
#3618 = CARTESIAN_POINT ( 'NONE',  ( 4.000000000000003553, -7.299999999999998934, 50.28776832031179822 ) ) ;
#3619 = ORIENTED_EDGE ( 'NONE', *, *, #1028, .T. ) ;
#3620 = CARTESIAN_POINT ( 'NONE',  ( 6.000000000000000000, -12.75000000000000000, 39.00000000000000000 ) ) ;
#3621 = ORIENTED_EDGE ( 'NONE', *, *, #1320, .T. ) ;
#3622 = DIRECTION ( 'NONE',  ( 0.000000000000000000, -1.000000000000000000, -2.168404344971010594E-16 ) ) ;
#3623 = VECTOR ( 'NONE', #2698, 1000.000000000000000 ) ;
#3624 = CARTESIAN_POINT ( 'NONE',  ( 4.000000000000000000, -12.20000000000000107, -19.20000000000000639 ) ) ;
#3625 = EDGE_CURVE ( 'NONE', #1706, #724, #2326, .T. ) ;
#3626 = CIRCLE ( 'NONE', #4272, 2.049999999999999822 ) ;
#3627 = ORIENTED_EDGE ( 'NONE', *, *, #4366, .T. ) ;
#3628 = EDGE_CURVE ( 'NONE', #2553, #1856, #5582, .T. ) ;
#3629 = DIRECTION ( 'NONE',  ( -1.000000000000000000, -3.252606517456513918E-17, -2.535569890667617442E-16 ) ) ;
#3630 = CYLINDRICAL_SURFACE ( 'NONE', #2929, 3.999999999999998224 ) ;
#3631 = EDGE_CURVE ( 'NONE', #2981, #33, #3737, .T. ) ;
#3632 = EDGE_LOOP ( 'NONE', ( #2300, #3945 ) ) ;
#3633 = FACE_OUTER_BOUND ( 'NONE', #1496, .T. ) ;
#3634 = DIRECTION ( 'NONE',  ( -1.000000000000000000, -3.252606517456513918E-17, 1.048466334442454091E-16 ) ) ;
#3635 = VERTEX_POINT ( 'NONE', #1830 ) ;
#3636 = CARTESIAN_POINT ( 'NONE',  ( 1.000000000000000888, -7.299999999999999822, 66.00000000000000000 ) ) ;
#3637 = ORIENTED_EDGE ( 'NONE', *, *, #4543, .T. ) ;
#3638 = PLANE ( 'NONE',  #1273 ) ;
#3639 = DIRECTION ( 'NONE',  ( -3.252606517456513918E-17, 1.000000000000000000, 0.000000000000000000 ) ) ;
#3640 = EDGE_CURVE ( 'NONE', #1317, #294, #3962, .T. ) ;
#3641 = LINE ( 'NONE', #4590, #1284 ) ;
#3642 = CARTESIAN_POINT ( 'NONE',  ( 6.000000000000000000, -2.909747292418770392, 58.19777115052581706 ) ) ;
#3643 = ORIENTED_EDGE ( 'NONE', *, *, #3027, .F. ) ;
#3644 = LINE ( 'NONE', #1522, #872 ) ;
#3645 = EDGE_LOOP ( 'NONE', ( #3726, #2127, #4950, #2739 ) ) ;
#3646 = CYLINDRICAL_SURFACE ( 'NONE', #1994, 0.8000000000000003775 ) ;
#3647 = CARTESIAN_POINT ( 'NONE',  ( 0.4999999999999992784, -14.78702399854024385, 43.17738353869633983 ) ) ;
#3648 = ORIENTED_EDGE ( 'NONE', *, *, #1802, .F. ) ;
#3649 = AXIS2_PLACEMENT_3D ( 'NONE', #1625, #3, #3385 ) ;
#3650 = AXIS2_PLACEMENT_3D ( 'NONE', #3736, #2434, #3709 ) ;
#3651 = VERTEX_POINT ( 'NONE', #5299 ) ;
#3652 = EDGE_CURVE ( 'NONE', #3361, #4859, #4360, .T. ) ;
#3653 = ORIENTED_EDGE ( 'NONE', *, *, #2029, .F. ) ;
#3654 = DIRECTION ( 'NONE',  ( -1.000000000000000000, -3.129951135296190967E-17, 0.000000000000000000 ) ) ;
#3655 = DIRECTION ( 'NONE',  ( 1.000000000000000000, 3.252606517456513918E-17, -1.048466334442454091E-16 ) ) ;
#3656 = VECTOR ( 'NONE', #56, 1000.000000000000000 ) ;
#3657 = DIRECTION ( 'NONE',  ( 0.000000000000000000, 1.000000000000000000, 0.000000000000000000 ) ) ;
#3658 = DIRECTION ( 'NONE',  ( -0.000000000000000000, 0.000000000000000000, -1.000000000000000000 ) ) ;
#3659 = ADVANCED_FACE ( 'NONE', ( #4014 ), #5238, .F. ) ;
#3660 = CARTESIAN_POINT ( 'NONE',  ( 7.002000000000006885, -18.20000000000000284, 50.28776832031181243 ) ) ;
#3661 = CARTESIAN_POINT ( 'NONE',  ( 2.724999999999999201, -22.49999999999998579, -40.99999999999999289 ) ) ;
#3662 = CARTESIAN_POINT ( 'NONE',  ( 4.000000000000000000, -4.499999999999999112, -19.20000000000000639 ) ) ;
#3663 = DIRECTION ( 'NONE',  ( 3.469446951953612956E-17, -1.000000000000000000, 0.000000000000000000 ) ) ;
#3664 = DIRECTION ( 'NONE',  ( -1.355252715606879803E-16, 1.000000000000000000, 0.000000000000000000 ) ) ;
#3665 = EDGE_CURVE ( 'NONE', #4503, #166, #487, .T. ) ;
#3666 = EDGE_LOOP ( 'NONE', ( #2930, #2623, #2495, #23 ) ) ;
#3667 = CARTESIAN_POINT ( 'NONE',  ( 6.000000000000000000, -18.99999999999999645, -43.00000000000000000 ) ) ;
#3668 = VECTOR ( 'NONE', #3225, 1000.000000000000000 ) ;
#3669 = ORIENTED_EDGE ( 'NONE', *, *, #3403, .F. ) ;
#3670 = VECTOR ( 'NONE', #4592, 1000.000000000000000 ) ;
#3671 = CARTESIAN_POINT ( 'NONE',  ( 0.9999999999999995559, -17.32982544119416701, 56.34168760482229743 ) ) ;
#3672 = VECTOR ( 'NONE', #4854, 1000.000000000000000 ) ;
#3673 = AXIS2_PLACEMENT_3D ( 'NONE', #1984, #3608, #5336 ) ;
#3674 = EDGE_CURVE ( 'NONE', #2454, #5115, #1437, .T. ) ;
#3675 = CARTESIAN_POINT ( 'NONE',  ( 5.000000000000000888, 2.654351659482303116, 70.39040537556121535 ) ) ;
#3676 = DIRECTION ( 'NONE',  ( 3.469446951953612956E-17, -1.000000000000000000, 0.000000000000000000 ) ) ;
#3677 = VERTEX_POINT ( 'NONE', #3568 ) ;
#3678 = ORIENTED_EDGE ( 'NONE', *, *, #1868, .F. ) ;
#3679 = VECTOR ( 'NONE', #2808, 1000.000000000000000 ) ;
#3680 = ORIENTED_EDGE ( 'NONE', *, *, #2925, .F. ) ;
#3681 = EDGE_LOOP ( 'NONE', ( #1, #231 ) ) ;
#3682 = DIRECTION ( 'NONE',  ( 0.000000000000000000, -1.000000000000000000, 0.000000000000000000 ) ) ;
#3683 = VECTOR ( 'NONE', #257, 1000.000000000000000 ) ;
#3684 = CARTESIAN_POINT ( 'NONE',  ( 7.002000000000005997, -17.32982544119417057, 22.45831239517770328 ) ) ;
#3685 = CARTESIAN_POINT ( 'NONE',  ( 1.000000000000000000, -3.145898033750298861, 21.65831239517770612 ) ) ;
#3686 = ADVANCED_FACE ( 'NONE', ( #2222 ), #5319, .F. ) ;
#3687 = CARTESIAN_POINT ( 'NONE',  ( 31.65336144876025770, -1.644164868785977118, 75.00000000000000000 ) ) ;
#3688 = DIRECTION ( 'NONE',  ( 0.000000000000000000, -1.000000000000000000, 0.000000000000000000 ) ) ;
#3689 = LINE ( 'NONE', #366, #4980 ) ;
#3690 = CARTESIAN_POINT ( 'NONE',  ( 0.9999999999999991118, 3.999999999999998224, 62.50000000000000000 ) ) ;
#3691 = LINE ( 'NONE', #4988, #2271 ) ;
#3692 = EDGE_CURVE ( 'NONE', #1835, #4542, #3932, .T. ) ;
#3693 = VECTOR ( 'NONE', #5519, 1000.000000000000000 ) ;
#3694 = LINE ( 'NONE', #1598, #2260 ) ;
#3695 = LINE ( 'NONE', #1201, #4948 ) ;
#3696 = CARTESIAN_POINT ( 'NONE',  ( -63.03173803727769808, -7.300000000000001599, 16.24526502967734132 ) ) ;
#3697 = EDGE_CURVE ( 'NONE', #1891, #139, #3510, .T. ) ;
#3698 = EDGE_LOOP ( 'NONE', ( #1448, #1851, #2504, #4253 ) ) ;
#3699 = ADVANCED_FACE ( 'NONE', ( #1409 ), #3123, .F. ) ;
#3700 = DIRECTION ( 'NONE',  ( 0.000000000000000000, -1.000000000000000000, 0.000000000000000000 ) ) ;
#3701 = CARTESIAN_POINT ( 'NONE',  ( 1.999999999999998224, 5.999999999999999112, 56.31534156157350424 ) ) ;
#3702 = CARTESIAN_POINT ( 'NONE',  ( 1.225000000000000089, -10.99999999999999822, -24.20000000000000639 ) ) ;
#3703 = VERTEX_POINT ( 'NONE', #2869 ) ;
#3704 = EDGE_CURVE ( 'NONE', #4365, #380, #4501, .T. ) ;
#3705 = ORIENTED_EDGE ( 'NONE', *, *, #4119, .T. ) ;
#3706 = EDGE_LOOP ( 'NONE', ( #4966, #1006, #2523, #5542 ) ) ;
#3707 = ORIENTED_EDGE ( 'NONE', *, *, #3395, .T. ) ;
#3708 = CARTESIAN_POINT ( 'NONE',  ( 4.000000000000000000, -14.78702399854024208, 43.17738353869633983 ) ) ;
#3709 = DIRECTION ( 'NONE',  ( -1.057758217059028854E-16, 1.000000000000000000, 0.000000000000000000 ) ) ;
#3710 = CARTESIAN_POINT ( 'NONE',  ( 6.000000000000000000, -22.49999999999998579, -40.99999999999999289 ) ) ;
#3711 = DIRECTION ( 'NONE',  ( 1.000000000000000000, 1.239088197126290570E-16, 0.000000000000000000 ) ) ;
#3712 = AXIS2_PLACEMENT_3D ( 'NONE', #1654, #2948, #4678 ) ;
#3713 = VECTOR ( 'NONE', #1429, 1000.000000000000000 ) ;
#3714 = CARTESIAN_POINT ( 'NONE',  ( 7.002000000000005109, -9.960362833696484230, 42.90613933192072693 ) ) ;
#3715 = DIRECTION ( 'NONE',  ( -1.000000000000000000, -1.239088197126290570E-16, 0.000000000000000000 ) ) ;
#3716 = DIRECTION ( 'NONE',  ( -6.505213034913026604E-17, -1.000000000000000000, 0.000000000000000000 ) ) ;
#3717 = ORIENTED_EDGE ( 'NONE', *, *, #3420, .T. ) ;
#3718 = ORIENTED_EDGE ( 'NONE', *, *, #3327, .T. ) ;
#3719 = DIRECTION ( 'NONE',  ( 4.499821325281046023E-17, -0.3390552584695132321, 0.9407664597040923393 ) ) ;
#3720 = CIRCLE ( 'NONE', #298, 0.7999999999999986011 ) ;
#3721 = CARTESIAN_POINT ( 'NONE',  ( 7.002000000000005997, -18.12982544119417128, 22.45831239517770328 ) ) ;
#3722 = LINE ( 'NONE', #2572, #3214 ) ;
#3723 = EDGE_CURVE ( 'NONE', #3002, #5394, #5249, .T. ) ;
#3724 = PLANE ( 'NONE',  #860 ) ;
#3725 = DIRECTION ( 'NONE',  ( 1.000000000000000000, 1.239088197126290570E-16, 0.000000000000000000 ) ) ;
#3726 = ORIENTED_EDGE ( 'NONE', *, *, #2920, .T. ) ;
#3727 = EDGE_CURVE ( 'NONE', #4503, #2745, #3198, .T. ) ;
#3728 = DIRECTION ( 'NONE',  ( -1.000000000000000000, 0.000000000000000000, 0.000000000000000000 ) ) ;
#3729 = LINE ( 'NONE', #2489, #3805 ) ;
#3730 = EDGE_LOOP ( 'NONE', ( #159, #1775, #3150, #199 ) ) ;
#3731 = ORIENTED_EDGE ( 'NONE', *, *, #5144, .T. ) ;
#3732 = ORIENTED_EDGE ( 'NONE', *, *, #4222, .T. ) ;
#3733 = EDGE_CURVE ( 'NONE', #452, #4768, #4788, .T. ) ;
#3734 = VERTEX_POINT ( 'NONE', #1079 ) ;
#3735 = DIRECTION ( 'NONE',  ( -1.000000000000000000, -3.252606517456513918E-17, -0.000000000000000000 ) ) ;
#3736 = CARTESIAN_POINT ( 'NONE',  ( 0.4999999999999995559, -17.00000000000000000, -13.25000000000000178 ) ) ;
#3737 = CIRCLE ( 'NONE', #1334, 1.000000000000000888 ) ;
#3738 = LINE ( 'NONE', #2885, #4136 ) ;
#3739 = APPLICATION_PROTOCOL_DEFINITION ( 'draft international standard', 'automotive_design', 1998, #977 ) ;
#3740 = LINE ( 'NONE', #2014, #5076 ) ;
#3741 = CIRCLE ( 'NONE', #3386, 0.8000000000000003775 ) ;
#3742 = CYLINDRICAL_SURFACE ( 'NONE', #4605, 0.8000000000000003775 ) ;
#3743 = PLANE ( 'NONE',  #393 ) ;
#3744 = FACE_OUTER_BOUND ( 'NONE', #3336, .T. ) ;
#3745 = FACE_OUTER_BOUND ( 'NONE', #1736, .T. ) ;
#3746 = AXIS2_PLACEMENT_3D ( 'NONE', #3305, #1170, #3388 ) ;
#3747 = ORIENTED_EDGE ( 'NONE', *, *, #3071, .T. ) ;
#3748 = CARTESIAN_POINT ( 'NONE',  ( 1.000000000000000000, -18.12982544119417128, 22.45831239517770328 ) ) ;
#3749 = CARTESIAN_POINT ( 'NONE',  ( 5.000000000000000888, 6.563277878031141377, 66.19859520899437655 ) ) ;
#3750 = CARTESIAN_POINT ( 'NONE',  ( -63.03173803727769808, -7.300000000000001599, 4.800000000000002487 ) ) ;
#3751 = DIRECTION ( 'NONE',  ( 0.000000000000000000, 0.3390552584695135652, 0.9407664597040922283 ) ) ;
#3752 = EDGE_CURVE ( 'NONE', #1122, #3260, #5446, .T. ) ;
#3753 = ORIENTED_EDGE ( 'NONE', *, *, #4906, .T. ) ;
#3754 = CYLINDRICAL_SURFACE ( 'NONE', #3899, 2.050000000000003375 ) ;
#3755 = CARTESIAN_POINT ( 'NONE',  ( 3.999999999999999112, 1.322726650432315409E-16, 0.000000000000000000 ) ) ;
#3756 = ORIENTED_EDGE ( 'NONE', *, *, #3876, .F. ) ;
#3757 = CIRCLE ( 'NONE', #2879, 0.7999999999999986011 ) ;
#3758 = ADVANCED_FACE ( 'NONE', ( #5369 ), #1137, .F. ) ;
#3759 = VECTOR ( 'NONE', #2871, 1000.000000000000000 ) ;
#3760 = AXIS2_PLACEMENT_3D ( 'NONE', #1348, #1824, #3536 ) ;
#3761 = VERTEX_POINT ( 'NONE', #2840 ) ;
#3762 = LINE ( 'NONE', #2496, #2458 ) ;
#3763 = EDGE_CURVE ( 'NONE', #2874, #294, #2812, .T. ) ;
#3764 = DIRECTION ( 'NONE',  ( 1.239088197126290570E-16, -1.000000000000000000, 0.000000000000000000 ) ) ;
#3765 = EDGE_CURVE ( 'NONE', #1279, #3314, #2392, .T. ) ;
#3766 = AXIS2_PLACEMENT_3D ( 'NONE', #1134, #2015, #2440 ) ;
#3767 = EDGE_LOOP ( 'NONE', ( #5195, #4480, #5069, #255 ) ) ;
#3768 = ORIENTED_EDGE ( 'NONE', *, *, #4884, .T. ) ;
#3769 = CARTESIAN_POINT ( 'NONE',  ( -64.14711903867025455, -19.00000000000000711, 59.65831239517768836 ) ) ;
#3770 = CARTESIAN_POINT ( 'NONE',  ( 4.000000000000000000, -9.960362833696484230, 42.90613933192072693 ) ) ;
#3771 = DIRECTION ( 'NONE',  ( 0.000000000000000000, -0.3390552584695133431, -0.9407664597040923393 ) ) ;
#3772 = DIRECTION ( 'NONE',  ( -1.239088197126290570E-16, 1.000000000000000000, 0.000000000000000000 ) ) ;
#3773 = EDGE_CURVE ( 'NONE', #139, #2057, #4430, .T. ) ;
#3774 = CYLINDRICAL_SURFACE ( 'NONE', #3712, 0.7999999999999986011 ) ;
#3775 = VECTOR ( 'NONE', #3383, 1000.000000000000000 ) ;
#3776 = LINE ( 'NONE', #1656, #4675 ) ;
#3777 = LINE ( 'NONE', #5535, #4857 ) ;
#3778 = ORIENTED_EDGE ( 'NONE', *, *, #756, .T. ) ;
#3779 = VECTOR ( 'NONE', #3735, 1000.000000000000000 ) ;
#3780 = DIRECTION ( 'NONE',  ( -1.355252715606883008E-16, 1.000000000000000000, 0.000000000000000000 ) ) ;
#3781 = CARTESIAN_POINT ( 'NONE',  ( 0.4999999999999988343, -10.99999999999999822, -40.00100000000001188 ) ) ;
#3782 = ORIENTED_EDGE ( 'NONE', *, *, #781, .T. ) ;
#3783 = CARTESIAN_POINT ( 'NONE',  ( 2.725000000000000533, -0.9999999999999941158, -29.20000000000000284 ) ) ;
#3784 = FACE_OUTER_BOUND ( 'NONE', #2196, .T. ) ;
#3785 = VERTEX_POINT ( 'NONE', #1542 ) ;
#3786 = AXIS2_PLACEMENT_3D ( 'NONE', #878, #3864, #4817 ) ;
#3787 = VECTOR ( 'NONE', #2613, 1000.000000000000000 ) ;
#3788 = VERTEX_POINT ( 'NONE', #3246 ) ;
#3789 = ORIENTED_EDGE ( 'NONE', *, *, #4864, .F. ) ;
#3790 = VERTEX_POINT ( 'NONE', #1993 ) ;
#3791 = EDGE_LOOP ( 'NONE', ( #5147, #273, #2750, #4869 ) ) ;
#3792 = EDGE_CURVE ( 'NONE', #984, #3886, #1086, .T. ) ;
#3793 = DIRECTION ( 'NONE',  ( 1.000000000000000000, 3.252606517456513918E-17, -0.000000000000000000 ) ) ;
#3794 = DIRECTION ( 'NONE',  ( 0.000000000000000000, 1.000000000000000000, 0.000000000000000000 ) ) ;
#3795 = FACE_OUTER_BOUND ( 'NONE', #5305, .T. ) ;
#3796 = ORIENTED_EDGE ( 'NONE', *, *, #5390, .T. ) ;
#3797 = EDGE_CURVE ( 'NONE', #964, #1883, #1596, .T. ) ;
#3798 = CARTESIAN_POINT ( 'NONE',  ( 4.000000000000000000, -17.44738683223673092, 27.44098747291256402 ) ) ;
#3799 = VECTOR ( 'NONE', #687, 1000.000000000000000 ) ;
#3800 = EDGE_CURVE ( 'NONE', #2610, #5220, #3691, .T. ) ;
#3801 = CARTESIAN_POINT ( 'NONE',  ( 0.4999999999999988343, -10.69999999999999751, 39.00000000000000000 ) ) ;
#3802 = CARTESIAN_POINT ( 'NONE',  ( 0.000000000000000000, -20.99999999999998224, -40.99999999999999289 ) ) ;
#3803 = VERTEX_POINT ( 'NONE', #2417 ) ;
#3804 = DIRECTION ( 'NONE',  ( -1.000000000000000000, -3.469446951953611107E-17, 0.000000000000000000 ) ) ;
#3805 = VECTOR ( 'NONE', #1528, 1000.000000000000000 ) ;
#3806 = DIRECTION ( 'NONE',  ( 3.469446951953612956E-17, -1.000000000000000000, 0.000000000000000000 ) ) ;
#3807 = EDGE_CURVE ( 'NONE', #2454, #3361, #3641, .T. ) ;
#3808 = DIRECTION ( 'NONE',  ( -1.355252715606879803E-16, 1.000000000000000000, 0.000000000000000000 ) ) ;
#3809 = EDGE_CURVE ( 'NONE', #2874, #3234, #5475, .T. ) ;
#3810 = SURFACE_STYLE_USAGE ( .BOTH. , #4157 ) ;
#3811 = CIRCLE ( 'NONE', #3012, 0.7999999999999986011 ) ;
#3812 = EDGE_LOOP ( 'NONE', ( #5287, #2280, #2632, #2691 ) ) ;
#3813 = CARTESIAN_POINT ( 'NONE',  ( 2.999999999999999112, -1.644164868785978006, 75.00000000000000000 ) ) ;
#3814 = DIRECTION ( 'NONE',  ( 0.000000000000000000, 0.000000000000000000, -1.000000000000000000 ) ) ;
#3815 = CIRCLE ( 'NONE', #3459, 2.049999999999999378 ) ;
#3816 = CIRCLE ( 'NONE', #2759, 2.050000000000001599 ) ;
#3817 = EDGE_LOOP ( 'NONE', ( #4035, #4101, #305, #2743, #5279, #1633, #5219 ) ) ;
#3818 = DIRECTION ( 'NONE',  ( 0.000000000000000000, 0.6819983600625023623, -0.7313537016191669071 ) ) ;
#3819 = ORIENTED_EDGE ( 'NONE', *, *, #4578, .F. ) ;
#3820 = FACE_OUTER_BOUND ( 'NONE', #1924, .T. ) ;
#3821 = EDGE_LOOP ( 'NONE', ( #4974, #154, #4657, #5040 ) ) ;
#3822 = ORIENTED_EDGE ( 'NONE', *, *, #3327, .F. ) ;
#3823 = VERTEX_POINT ( 'NONE', #1936 ) ;
#3824 = ORIENTED_EDGE ( 'NONE', *, *, #1275, .T. ) ;
#3825 = FACE_OUTER_BOUND ( 'NONE', #1276, .T. ) ;
#3826 = DIRECTION ( 'NONE',  ( -4.599880250050105158E-17, -0.7071067811865451302, 0.7071067811865500152 ) ) ;
#3827 = VERTEX_POINT ( 'NONE', #1490 ) ;
#3828 = CARTESIAN_POINT ( 'NONE',  ( 0.000000000000000000, -3.499999999999999556, -40.00100000000001188 ) ) ;
#3829 = VECTOR ( 'NONE', #5236, 1000.000000000000000 ) ;
#3830 = CIRCLE ( 'NONE', #2688, 3.999999999999998224 ) ;
#3831 = DIRECTION ( 'NONE',  ( 0.000000000000000000, -1.000000000000000000, 0.000000000000000000 ) ) ;
#3832 = CIRCLE ( 'NONE', #676, 0.7999999999999986011 ) ;
#3833 = DIRECTION ( 'NONE',  ( 0.000000000000000000, -1.000000000000000000, -1.188166764367676095E-16 ) ) ;
#3834 = CARTESIAN_POINT ( 'NONE',  ( 0.000000000000000000, 0.000000000000000000, -20.00000000000000000 ) ) ;
#3835 = ORIENTED_EDGE ( 'NONE', *, *, #3088, .T. ) ;
#3836 = ORIENTED_EDGE ( 'NONE', *, *, #921, .F. ) ;
#3837 = FACE_BOUND ( 'NONE', #810, .T. ) ;
#3838 = CYLINDRICAL_SURFACE ( 'NONE', #1516, 0.8000000000000003775 ) ;
#3839 = EDGE_CURVE ( 'NONE', #2358, #3957, #274, .T. ) ;
#3840 = CIRCLE ( 'NONE', #3650, 2.049999999999999822 ) ;
#3841 = LINE ( 'NONE', #1716, #992 ) ;
#3842 = DIRECTION ( 'NONE',  ( 0.000000000000000000, 1.000000000000000000, 0.000000000000000000 ) ) ;
#3843 = ORIENTED_EDGE ( 'NONE', *, *, #601, .F. ) ;
#3844 = EDGE_CURVE ( 'NONE', #2733, #693, #4059, .T. ) ;
#3845 = LINE ( 'NONE', #3813, #5568 ) ;
#3846 = CIRCLE ( 'NONE', #4488, 0.9999999999999991118 ) ;
#3847 = DIRECTION ( 'NONE',  ( -1.000000000000000000, 0.000000000000000000, 0.000000000000000000 ) ) ;
#3848 = EDGE_CURVE ( 'NONE', #3886, #3734, #2764, .T. ) ;
#3849 = ORIENTED_EDGE ( 'NONE', *, *, #211, .T. ) ;
#3850 = DIRECTION ( 'NONE',  ( 1.000000000000000000, 1.239088197126290570E-16, 0.000000000000000000 ) ) ;
#3851 = DIRECTION ( 'NONE',  ( 0.000000000000000000, -0.3390552584695133986, -0.9407664597040922283 ) ) ;
#3852 = ORIENTED_EDGE ( 'NONE', *, *, #3839, .F. ) ;
#3853 = VERTEX_POINT ( 'NONE', #1517 ) ;
#3854 = DIRECTION ( 'NONE',  ( 2.168404344971009854E-16, -1.000000000000000000, 0.000000000000000000 ) ) ;
#3855 = EDGE_CURVE ( 'NONE', #3601, #1584, #4432, .T. ) ;
#3856 = ORIENTED_EDGE ( 'NONE', *, *, #4876, .F. ) ;
#3857 = EDGE_LOOP ( 'NONE', ( #536, #3892, #5453, #1208, #4683, #5174, #4799 ) ) ;
#3858 = VECTOR ( 'NONE', #1438, 1000.000000000000000 ) ;
#3859 = EDGE_LOOP ( 'NONE', ( #1119, #1907, #2288, #5087, #925, #2868 ) ) ;
#3860 = LINE ( 'NONE', #1732, #5180 ) ;
#3861 = PLANE ( 'NONE',  #924 ) ;
#3862 =( NAMED_UNIT ( * ) SI_UNIT ( $, .STERADIAN. ) SOLID_ANGLE_UNIT ( ) );
#3863 = ORIENTED_EDGE ( 'NONE', *, *, #2269, .F. ) ;
#3864 = DIRECTION ( 'NONE',  ( 1.000000000000000000, 3.252606517456513918E-17, -0.000000000000000000 ) ) ;
#3865 = CARTESIAN_POINT ( 'NONE',  ( 0.4999999999999981681, -6.499999999999999112, 23.13299826867510589 ) ) ;
#3866 = CARTESIAN_POINT ( 'NONE',  ( 7.002000000000005109, -12.75000000000000000, 39.00000000000000000 ) ) ;
#3867 = VERTEX_POINT ( 'NONE', #2069 ) ;
#3868 = CARTESIAN_POINT ( 'NONE',  ( 5.000000000000000000, 4.000000000000000888, -28.57413601349979260 ) ) ;
#3869 = DIRECTION ( 'NONE',  ( -0.000000000000000000, -1.000000000000000000, -2.168404344971010840E-16 ) ) ;
#3870 = ORIENTED_EDGE ( 'NONE', *, *, #4112, .T. ) ;
#3871 = DIRECTION ( 'NONE',  ( -1.355252715606879803E-16, 1.000000000000000000, 0.000000000000000000 ) ) ;
#3872 = CIRCLE ( 'NONE', #3972, 2.049999999999999822 ) ;
#3873 = ORIENTED_EDGE ( 'NONE', *, *, #325, .T. ) ;
#3874 = EDGE_LOOP ( 'NONE', ( #2488, #2478, #4660, #2791 ) ) ;
#3875 = DIRECTION ( 'NONE',  ( 1.000000000000000000, 1.239088197126290570E-16, 0.000000000000000000 ) ) ;
#3876 = EDGE_CURVE ( 'NONE', #2008, #1706, #3328, .T. ) ;
#3877 = DIRECTION ( 'NONE',  ( -2.713479250253470220E-17, 0.6819983600625021403, -0.7313537016191670181 ) ) ;
#3878 = CYLINDRICAL_SURFACE ( 'NONE', #1611, 0.8000000000000003775 ) ;
#3879 = VERTEX_POINT ( 'NONE', #5594 ) ;
#3880 = VERTEX_POINT ( 'NONE', #4677 ) ;
#3881 = DIRECTION ( 'NONE',  ( 0.000000000000000000, -0.000000000000000000, -1.000000000000000000 ) ) ;
#3882 = ORIENTED_EDGE ( 'NONE', *, *, #3156, .F. ) ;
#3883 = EDGE_CURVE ( 'NONE', #380, #2655, #854, .T. ) ;
#3884 = CARTESIAN_POINT ( 'NONE',  ( -64.14711903867025455, -6.500000000000001776, 66.00000000000000000 ) ) ;
#3885 = VECTOR ( 'NONE', #5338, 1000.000000000000000 ) ;
#3886 = VERTEX_POINT ( 'NONE', #5561 ) ;
#3887 = VECTOR ( 'NONE', #2206, 1000.000000000000000 ) ;
#3888 = VECTOR ( 'NONE', #4525, 1000.000000000000000 ) ;
#3889 = ADVANCED_FACE ( 'NONE', ( #5101, #4206, #1223, #2568, #4271, #1624, #2096, #789, #2975, #337, #3837, #1165, #1713 ), #4706, .F. ) ;
#3890 = LINE ( 'NONE', #5281, #4809 ) ;
#3891 = DIRECTION ( 'NONE',  ( 1.000000000000000000, 3.252606517456513918E-17, 4.636167053988480905E-17 ) ) ;
#3892 = ORIENTED_EDGE ( 'NONE', *, *, #1518, .T. ) ;
#3893 = LINE ( 'NONE', #396, #5082 ) ;
#3894 = DIRECTION ( 'NONE',  ( -1.000000000000000000, 0.000000000000000000, 0.000000000000000000 ) ) ;
#3895 = CARTESIAN_POINT ( 'NONE',  ( 4.000000000000000000, -8.690625412120517979, 15.06732385291522114 ) ) ;
#3896 = ORIENTED_EDGE ( 'NONE', *, *, #1278, .F. ) ;
#3897 = LINE ( 'NONE', #3499, #1232 ) ;
#3898 = DIRECTION ( 'NONE',  ( -1.000000000000000000, -1.239088197126290817E-16, 0.000000000000000000 ) ) ;
#3899 = AXIS2_PLACEMENT_3D ( 'NONE', #379, #5605, #2986 ) ;
#3900 = DIRECTION ( 'NONE',  ( 1.000000000000000000, 1.239088197126290570E-16, 0.000000000000000000 ) ) ;
#3901 = ORIENTED_EDGE ( 'NONE', *, *, #4187, .T. ) ;
#3902 = CYLINDRICAL_SURFACE ( 'NONE', #4889, 0.9999999999999991118 ) ;
#3903 = ORIENTED_EDGE ( 'NONE', *, *, #4575, .F. ) ;
#3904 = AXIS2_PLACEMENT_3D ( 'NONE', #2849, #4568, #4888 ) ;
#3905 = DIRECTION ( 'NONE',  ( 0.000000000000000000, -1.000000000000000000, 0.000000000000000000 ) ) ;
#3906 = CARTESIAN_POINT ( 'NONE',  ( 7.002000000000005997, -16.57825347598732790, 4.800000000000004263 ) ) ;
#3907 = EDGE_CURVE ( 'NONE', #4023, #4411, #5269, .T. ) ;
#3908 = ORIENTED_EDGE ( 'NONE', *, *, #1787, .F. ) ;
#3909 = VERTEX_POINT ( 'NONE', #5530 ) ;
#3910 = CARTESIAN_POINT ( 'NONE',  ( 0.4999999999999978351, -3.499999999999999556, 4.000000000000003553 ) ) ;
#3911 = ORIENTED_EDGE ( 'NONE', *, *, #2307, .F. ) ;
#3912 = CYLINDRICAL_SURFACE ( 'NONE', #2431, 3.999999999999998224 ) ;
#3913 = ORIENTED_EDGE ( 'NONE', *, *, #3027, .T. ) ;
#3914 = AXIS2_PLACEMENT_3D ( 'NONE', #1705, #1760, #3463 ) ;
#3915 = EDGE_CURVE ( 'NONE', #4415, #2313, #2128, .T. ) ;
#3916 = LINE ( 'NONE', #497, #176 ) ;
#3917 = DIRECTION ( 'NONE',  ( 1.239088197126290570E-16, -1.000000000000000000, 0.000000000000000000 ) ) ;
#3918 = ADVANCED_FACE ( 'NONE', ( #4621 ), #1683, .F. ) ;
#3919 = EDGE_CURVE ( 'NONE', #288, #3995, #735, .T. ) ;
#3920 = AXIS2_PLACEMENT_3D ( 'NONE', #4307, #1748, #3452 ) ;
#3921 = CARTESIAN_POINT ( 'NONE',  ( 0.4999999999999990563, -12.46362969077260630, 35.01026416338211789 ) ) ;
#3922 = FACE_OUTER_BOUND ( 'NONE', #4624, .T. ) ;
#3923 = LINE ( 'NONE', #28, #4000 ) ;
#3924 = VERTEX_POINT ( 'NONE', #824 ) ;
#3925 = DIRECTION ( 'NONE',  ( 1.000000000000000000, 1.239088197126290570E-16, -0.000000000000000000 ) ) ;
#3926 = CARTESIAN_POINT ( 'NONE',  ( 4.000000000000000000, -18.20000000000000284, 50.28776832031181243 ) ) ;
#3927 = DIRECTION ( 'NONE',  ( -6.505213034913025371E-17, -1.000000000000000000, 0.000000000000000000 ) ) ;
#3928 = VECTOR ( 'NONE', #1562, 1000.000000000000000 ) ;
#3929 = LINE ( 'NONE', #456, #3829 ) ;
#3930 = CLOSED_SHELL ( 'NONE', ( #1474, #1527, #4532, #4828, #569, #4161, #561, #2380, #351, #1000, #3168, #2322, #6, #774, #2237, #1722, #2521, #1577, #3758, #4505, #1449, #5432, #4720, #189, #1820, #4401, #5562, #4029, #912, #4024, #1224, #638, #2889, #1833, #1373, #3659, #2637, #1156, #1887, #4433, #664, #4838, #5130, #496, #4375, #2991, #3367, #3699, #5322, #1511, #1034, #2795, #208, #5383, #1675, #489, #630, #179, #3131, #3254, #2026, #1786, #3550, #1731, #3594, #4096, #2449, #3496, #3918, #2560, #3425, #3461, #3952, #804, #3136, #1923, #5139, #4554, #4964, #2355, #2989, #2760, #2003, #1647, #3889, #4615, #1762, #5188, #4517, #2789, #3686, #587, #4334, #1823, #2379, #4479, #2095, #1078, #42, #5547, #4546, #2912, #4270, #2766, #2558, #2241, #3313, #1959, #4226, #3104, #525, #4158, #1116, #2279, #2593, #2686, #1831, #4443, #4663, #2211, #357, #432, #1937, #695, #2245, #4329, #4105, #1572, #3490, #5225, #5216, #5077, #1996, #4681, #1702, #2350, #3032, #4265, #3126, #4753, #2793, #3571, #4805, #4871, #5118, #1238, #2351, #5458, #571, #4975, #3252, #3360, #2172, #1415, #4438, #4623, #2659, #2822, #1262, #712, #4295, #929, #1543, #2851, #2935, #5556, #1579, #3434, #1349, #2017, #4129, #597 ) ) ;
#3931 = EDGE_LOOP ( 'NONE', ( #3483, #1676, #1915, #1257 ) ) ;
#3932 = LINE ( 'NONE', #90, #1254 ) ;
#3933 = VECTOR ( 'NONE', #1399, 1000.000000000000000 ) ;
#3934 = CARTESIAN_POINT ( 'NONE',  ( 7.002000000000005109, -12.40635562892712329, 43.78768300394145996 ) ) ;
#3936 = ORIENTED_EDGE ( 'NONE', *, *, #1750, .T. ) ;
#3935 = AXIS2_PLACEMENT_3D ( 'NONE', #1967, #2019, #3664 ) ;
#3937 = ORIENTED_EDGE ( 'NONE', *, *, #1727, .T. ) ;
#3938 = DIRECTION ( 'NONE',  ( 0.000000000000000000, -0.6570453101161654041, -0.7538510863919691829 ) ) ;
#3939 = EDGE_CURVE ( 'NONE', #3147, #233, #1292, .T. ) ;
#3940 = CARTESIAN_POINT ( 'NONE',  ( 3.499999999999995115, -15.99999999999999645, 19.99999999999999289 ) ) ;
#3941 = ORIENTED_EDGE ( 'NONE', *, *, #2628, .F. ) ;
#3942 = CARTESIAN_POINT ( 'NONE',  ( 3.500000000000000444, -15.99999999999998934, -20.05000000000000426 ) ) ;
#3943 = PLANE ( 'NONE',  #5209 ) ;
#3944 = EDGE_CURVE ( 'NONE', #289, #4886, #4738, .T. ) ;
#3945 = ORIENTED_EDGE ( 'NONE', *, *, #3502, .T. ) ;
#3946 = VECTOR ( 'NONE', #3411, 1000.000000000000000 ) ;
#3947 = EDGE_CURVE ( 'NONE', #1303, #4294, #2159, .T. ) ;
#3948 = CARTESIAN_POINT ( 'NONE',  ( 1.225000000000000311, -20.99999999999999645, -31.59999999999999787 ) ) ;
#3949 = FACE_OUTER_BOUND ( 'NONE', #204, .T. ) ;
#3950 = DIRECTION ( 'NONE',  ( 1.000000000000000000, 0.000000000000000000, 0.000000000000000000 ) ) ;
#3951 = ORIENTED_EDGE ( 'NONE', *, *, #2175, .T. ) ;
#3952 = ADVANCED_FACE ( 'NONE', ( #3744 ), #3301, .F. ) ;
#3953 = CARTESIAN_POINT ( 'NONE',  ( 0.9999999999999997780, -15.50000000000000178, 64.00000000000000000 ) ) ;
#3954 = CARTESIAN_POINT ( 'NONE',  ( 4.000000000000003553, -7.299999999999998934, 51.08776832031180248 ) ) ;
#3955 = ORIENTED_EDGE ( 'NONE', *, *, #1858, .F. ) ;
#3956 = CARTESIAN_POINT ( 'NONE',  ( 3.500000000000000444, -16.00000000000000711, 60.04999999999999716 ) ) ;
#3957 = VERTEX_POINT ( 'NONE', #5071 ) ;
#3958 = LINE ( 'NONE', #4826, #4420 ) ;
#3959 = CARTESIAN_POINT ( 'NONE',  ( 2.725000000000000089, -7.828427124746198729, -37.00000000000000000 ) ) ;
#3960 = ORIENTED_EDGE ( 'NONE', *, *, #3765, .T. ) ;
#3961 = EDGE_CURVE ( 'NONE', #1697, #3016, #3816, .T. ) ;
#3962 = LINE ( 'NONE', #121, #3129 ) ;
#3963 = DIRECTION ( 'NONE',  ( 1.000000000000000000, 3.252606517456513918E-17, -0.000000000000000000 ) ) ;
#3964 = AXIS2_PLACEMENT_3D ( 'NONE', #4123, #2311, #2838 ) ;
#3965 = ORIENTED_EDGE ( 'NONE', *, *, #5489, .F. ) ;
#3966 = LINE ( 'NONE', #1012, #2324 ) ;
#3967 = ORIENTED_EDGE ( 'NONE', *, *, #508, .T. ) ;
#3968 = LINE ( 'NONE', #4921, #5293 ) ;
#3969 = CARTESIAN_POINT ( 'NONE',  ( 2.725000000000000533, -0.9999999999999941158, -34.20000000000000284 ) ) ;
#3970 = ORIENTED_EDGE ( 'NONE', *, *, #2198, .F. ) ;
#3971 = AXIS2_PLACEMENT_3D ( 'NONE', #3583, #3654, #4927 ) ;
#3972 = AXIS2_PLACEMENT_3D ( 'NONE', #2866, #1650, #5010 ) ;
#3973 = AXIS2_PLACEMENT_3D ( 'NONE', #4959, #4911, #1074 ) ;
#3974 = EDGE_CURVE ( 'NONE', #2287, #2186, #5231, .T. ) ;
#3975 = LINE ( 'NONE', #3528, #3623 ) ;
#3976 = FACE_OUTER_BOUND ( 'NONE', #5246, .T. ) ;
#3977 = PLANE ( 'NONE',  #2305 ) ;
#3978 = VERTEX_POINT ( 'NONE', #2188 ) ;
#3979 = DIRECTION ( 'NONE',  ( 0.000000000000000000, 1.000000000000000000, 0.000000000000000000 ) ) ;
#3980 = AXIS2_PLACEMENT_3D ( 'NONE', #4400, #4898, #3551 ) ;
#3981 = DIRECTION ( 'NONE',  ( 1.355252715606881036E-16, -1.000000000000000000, 0.000000000000000000 ) ) ;
#3982 = EDGE_CURVE ( 'NONE', #2102, #65, #3554, .T. ) ;
#3983 = ORIENTED_EDGE ( 'NONE', *, *, #4509, .F. ) ;
#3984 = EDGE_CURVE ( 'NONE', #1835, #2498, #1495, .T. ) ;
#3985 = CARTESIAN_POINT ( 'NONE',  ( 4.000000000000000000, -8.536057466139308048, 25.65831239517770612 ) ) ;
#3986 = CARTESIAN_POINT ( 'NONE',  ( 6.000000000000000000, -8.849999999999999645, 71.00000000000000000 ) ) ;
#3987 = CARTESIAN_POINT ( 'NONE',  ( 4.000000000000000000, -15.53963716630351222, 35.09386066807927307 ) ) ;
#3988 = ORIENTED_EDGE ( 'NONE', *, *, #3096, .T. ) ;
#3989 = DIRECTION ( 'NONE',  ( 0.000000000000000000, -1.000000000000000000, -2.168404344971010594E-16 ) ) ;
#3990 = EDGE_CURVE ( 'NONE', #1891, #524, #2273, .T. ) ;
#3991 = CIRCLE ( 'NONE', #555, 1.649999999999998579 ) ;
#3992 = CARTESIAN_POINT ( 'NONE',  ( 4.000000000000000000, -9.251384209635093114, 53.34168760482229033 ) ) ;
#3993 = AXIS2_PLACEMENT_3D ( 'NONE', #5023, #528, #2459 ) ;
#3994 = EDGE_CURVE ( 'NONE', #2577, #4460, #3897, .T. ) ;
#3995 = VERTEX_POINT ( 'NONE', #505 ) ;
#3996 = DIRECTION ( 'NONE',  ( 1.000000000000000000, 1.239088197126290570E-16, -6.270397653133597461E-34 ) ) ;
#3997 = ORIENTED_EDGE ( 'NONE', *, *, #4648, .T. ) ;
#3998 = DIRECTION ( 'NONE',  ( -3.469446951953612956E-17, 1.000000000000000000, 0.000000000000000000 ) ) ;
#3999 = CARTESIAN_POINT ( 'NONE',  ( 0.5000000000000004441, -12.20000000000000107, -4.000000000000000000 ) ) ;
#4000 = VECTOR ( 'NONE', #4736, 1000.000000000000000 ) ;
#4001 = VECTOR ( 'NONE', #1312, 1000.000000000000000 ) ;
#4002 = AXIS2_PLACEMENT_3D ( 'NONE', #850, #3530, #3557 ) ;
#4003 = VERTEX_POINT ( 'NONE', #558 ) ;
#4004 = AXIS2_PLACEMENT_3D ( 'NONE', #1629, #2166, #406 ) ;
#4005 = DIRECTION ( 'NONE',  ( -1.000000000000000000, -1.239088197126290570E-16, 0.000000000000000000 ) ) ;
#4006 = CARTESIAN_POINT ( 'NONE',  ( 0.4999999999999994449, -14.78702399854023852, 34.82261646130366017 ) ) ;
#4007 = DIRECTION ( 'NONE',  ( 2.168404344971009854E-16, -1.000000000000000000, 0.000000000000000000 ) ) ;
#4008 = DIRECTION ( 'NONE',  ( -1.000000000000000000, -3.252606517456513918E-17, 0.000000000000000000 ) ) ;
#4009 = CARTESIAN_POINT ( 'NONE',  ( 7.002000000000005109, -8.921746524012673873, 17.54168760482228606 ) ) ;
#4010 = DIRECTION ( 'NONE',  ( -1.355252715606879803E-16, 1.000000000000000000, 0.000000000000000000 ) ) ;
#4011 = DIRECTION ( 'NONE',  ( 0.000000000000000000, -0.000000000000000000, 1.000000000000000000 ) ) ;
#4012 = CARTESIAN_POINT ( 'NONE',  ( 4.225000000000000533, -8.828427124746184518, -38.00000000000000000 ) ) ;
#4013 = ORIENTED_EDGE ( 'NONE', *, *, #5564, .T. ) ;
#4014 = FACE_OUTER_BOUND ( 'NONE', #4363, .T. ) ;
#4015 = EDGE_CURVE ( 'NONE', #1856, #2553, #1956, .T. ) ;
#4016 = DIRECTION ( 'NONE',  ( 0.000000000000000000, -1.000000000000000000, 0.000000000000000000 ) ) ;
#4017 = VERTEX_POINT ( 'NONE', #3033 ) ;
#4018 = VECTOR ( 'NONE', #3151, 1000.000000000000114 ) ;
#4019 = LINE ( 'NONE', #4077, #315 ) ;
#4020 = EDGE_CURVE ( 'NONE', #2938, #412, #1795, .T. ) ;
#4021 = VECTOR ( 'NONE', #4038, 1000.000000000000000 ) ;
#4022 = VECTOR ( 'NONE', #4803, 1000.000000000000000 ) ;
#4023 = VERTEX_POINT ( 'NONE', #3448 ) ;
#4024 = ADVANCED_FACE ( 'NONE', ( #5288 ), #999, .F. ) ;
#4025 = VECTOR ( 'NONE', #5078, 1000.000000000000000 ) ;
#4026 = CYLINDRICAL_SURFACE ( 'NONE', #2887, 1.000000000000000888 ) ;
#4027 = CARTESIAN_POINT ( 'NONE',  ( 7.002000000000005109, -12.40635562892712684, 34.21231699605854004 ) ) ;
#4028 = ORIENTED_EDGE ( 'NONE', *, *, #3573, .F. ) ;
#4029 = ADVANCED_FACE ( 'NONE', ( #453 ), #5257, .T. ) ;
#4030 = AXIS2_PLACEMENT_3D ( 'NONE', #5566, #2099, #3808 ) ;
#4031 = ORIENTED_EDGE ( 'NONE', *, *, #169, .T. ) ;
#4032 = ORIENTED_EDGE ( 'NONE', *, *, #1793, .T. ) ;
#4033 = CARTESIAN_POINT ( 'NONE',  ( 5.000000000000000888, -2.999999999999998668, 57.99999999999999289 ) ) ;
#4034 = DIRECTION ( 'NONE',  ( -1.000000000000000000, -3.469446951953612956E-17, 0.000000000000000000 ) ) ;
#4035 = ORIENTED_EDGE ( 'NONE', *, *, #5363, .F. ) ;
#4036 = CYLINDRICAL_SURFACE ( 'NONE', #523, 0.8000000000000003775 ) ;
#4037 = VECTOR ( 'NONE', #1266, 1000.000000000000000 ) ;
#4038 = DIRECTION ( 'NONE',  ( -0.000000000000000000, 0.000000000000000000, 1.000000000000000000 ) ) ;
#4039 = VECTOR ( 'NONE', #5205, 1000.000000000000000 ) ;
#4040 = CARTESIAN_POINT ( 'NONE',  ( -4.501000000000007439, 0.4148556835804999565, -29.19999999999999929 ) ) ;
#4041 = DIRECTION ( 'NONE',  ( -0.000000000000000000, 1.000000000000000000, 0.000000000000000000 ) ) ;
#4042 = VECTOR ( 'NONE', #3511, 1000.000000000000000 ) ;
#4043 = CARTESIAN_POINT ( 'NONE',  ( 7.002000000000005109, -12.75000000000000000, 40.47468587349739266 ) ) ;
#4044 = VERTEX_POINT ( 'NONE', #3087 ) ;
#4045 = DIRECTION ( 'NONE',  ( 1.000000000000000000, -0.000000000000000000, -0.000000000000000000 ) ) ;
#4046 = CARTESIAN_POINT ( 'NONE',  ( 0.4999999999999990563, -12.75000000000000000, 0.000000000000000000 ) ) ;
#4047 = ORIENTED_EDGE ( 'NONE', *, *, #2696, .T. ) ;
#4048 = EDGE_CURVE ( 'NONE', #3117, #4560, #1345, .T. ) ;
#4049 = DIRECTION ( 'NONE',  ( 0.000000000000000000, -1.000000000000000000, 0.000000000000000000 ) ) ;
#4050 = ORIENTED_EDGE ( 'NONE', *, *, #1020, .F. ) ;
#4051 = VECTOR ( 'NONE', #901, 1000.000000000000000 ) ;
#4052 = DIRECTION ( 'NONE',  ( -1.000000000000000000, 0.000000000000000000, -0.000000000000000000 ) ) ;
#4053 = VERTEX_POINT ( 'NONE', #5201 ) ;
#4054 = EDGE_CURVE ( 'NONE', #4282, #5056, #477, .T. ) ;
#4055 = VECTOR ( 'NONE', #5589, 1000.000000000000000 ) ;
#4056 = CYLINDRICAL_SURFACE ( 'NONE', #1392, 0.8000000000000020428 ) ;
#4057 = ORIENTED_EDGE ( 'NONE', *, *, #45, .F. ) ;
#4058 = ORIENTED_EDGE ( 'NONE', *, *, #3848, .T. ) ;
#4059 = CIRCLE ( 'NONE', #2807, 0.8000000000000003775 ) ;
#4060 = EDGE_CURVE ( 'NONE', #342, #952, #5028, .T. ) ;
#4061 = ORIENTED_EDGE ( 'NONE', *, *, #1501, .F. ) ;
#4062 = CARTESIAN_POINT ( 'NONE',  ( 1.999999999999999112, 3.999999999999998224, 62.50000000000000000 ) ) ;
#4063 = VECTOR ( 'NONE', #5190, 1000.000000000000000 ) ;
#4064 = LINE ( 'NONE', #4114, #5007 ) ;
#4065 = ORIENTED_EDGE ( 'NONE', *, *, #4500, .F. ) ;
#4066 = DIRECTION ( 'NONE',  ( -1.000000000000000000, -3.252606517456513918E-17, 0.000000000000000000 ) ) ;
#4067 = CARTESIAN_POINT ( 'NONE',  ( 5.999999999999999112, -17.00000000000000000, -15.30000000000000071 ) ) ;
#4068 = AXIS2_PLACEMENT_3D ( 'NONE', #2994, #1363, #3078 ) ;
#4069 = ORIENTED_EDGE ( 'NONE', *, *, #807, .T. ) ;
#4070 = LINE ( 'NONE', #1433, #5355 ) ;
#4071 = LINE ( 'NONE', #2336, #3248 ) ;
#4072 = CARTESIAN_POINT ( 'NONE',  ( 7.000000000000002665, -16.57825347598732790, 4.000000000000003553 ) ) ;
#4073 = VECTOR ( 'NONE', #3579, 1000.000000000000000 ) ;
#4074 = DIRECTION ( 'NONE',  ( 1.000000000000000000, 1.239088197126290570E-16, 0.000000000000000000 ) ) ;
#4075 = LINE ( 'NONE', #3302, #5123 ) ;
#4076 = DIRECTION ( 'NONE',  ( 0.000000000000000000, 0.000000000000000000, 1.000000000000000000 ) ) ;
#4077 = CARTESIAN_POINT ( 'NONE',  ( 0.4999999999999981681, -6.499999999999999112, 60.21897914350814318 ) ) ;
#4078 = ORIENTED_EDGE ( 'NONE', *, *, #249, .F. ) ;
#4079 = CARTESIAN_POINT ( 'NONE',  ( 6.000000000000000000, -22.49999999999998579, -40.99999999999999289 ) ) ;
#4080 = EDGE_CURVE ( 'NONE', #1475, #1856, #3063, .T. ) ;
#4081 = DIRECTION ( 'NONE',  ( -1.000000000000000000, -1.239088197126290570E-16, 0.000000000000000000 ) ) ;
#4082 = VERTEX_POINT ( 'NONE', #2649 ) ;
#4083 = ORIENTED_EDGE ( 'NONE', *, *, #3697, .F. ) ;
#4084 = VECTOR ( 'NONE', #4124, 1000.000000000000000 ) ;
#4085 = CARTESIAN_POINT ( 'NONE',  ( 2.999999999999999112, 3.805842560179955480, 69.15558256377492796 ) ) ;
#4086 = DIRECTION ( 'NONE',  ( 0.000000000000000000, -1.000000000000000000, 0.000000000000000000 ) ) ;
#4087 = EDGE_LOOP ( 'NONE', ( #5083, #4312, #3372, #5387 ) ) ;
#4088 = DIRECTION ( 'NONE',  ( 1.000000000000000000, 1.239088197126290570E-16, 0.000000000000000000 ) ) ;
#4089 = EDGE_CURVE ( 'NONE', #2610, #2964, #4381, .T. ) ;
#4090 = CIRCLE ( 'NONE', #3553, 1.600000000000000089 ) ;
#4091 = CARTESIAN_POINT ( 'NONE',  ( 0.5000000000000004441, -19.00000000000000355, 59.65831239517768836 ) ) ;
#4092 = FACE_OUTER_BOUND ( 'NONE', #1306, .T. ) ;
#4093 = DIRECTION ( 'NONE',  ( 1.000000000000000000, 0.000000000000000000, -0.000000000000000000 ) ) ;
#4094 = DIRECTION ( 'NONE',  ( 0.000000000000000000, 0.000000000000000000, 1.000000000000000000 ) ) ;
#4095 = CARTESIAN_POINT ( 'NONE',  ( 4.000000000000000000, -4.499999999999998224, -4.000000000000000000 ) ) ;
#4096 = ADVANCED_FACE ( 'NONE', ( #2244 ), #4765, .F. ) ;
#4097 = EDGE_LOOP ( 'NONE', ( #3717, #4943, #29, #3464, #1743 ) ) ;
#4098 = DIRECTION ( 'NONE',  ( 1.000000000000000000, 3.252606517456513918E-17, -0.000000000000000000 ) ) ;
#4099 = ORIENTED_EDGE ( 'NONE', *, *, #3505, .F. ) ;
#4100 = FACE_OUTER_BOUND ( 'NONE', #2259, .T. ) ;
#4101 = ORIENTED_EDGE ( 'NONE', *, *, #3287, .T. ) ;
#4102 = DIRECTION ( 'NONE',  ( -1.000000000000000000, -3.252606517456513918E-17, 0.000000000000000000 ) ) ;
#4103 = AXIS2_PLACEMENT_3D ( 'NONE', #920, #2712, #3479 ) ;
#4104 = DIRECTION ( 'NONE',  ( 1.176334233040897669E-17, -0.3390552584695135652, 0.9407664597040922283 ) ) ;
#4105 = ADVANCED_FACE ( 'NONE', ( #883 ), #2304, .F. ) ;
#4106 = FACE_OUTER_BOUND ( 'NONE', #132, .T. ) ;
#4107 = ORIENTED_EDGE ( 'NONE', *, *, #4471, .F. ) ;
#4108 = EDGE_LOOP ( 'NONE', ( #2225, #2642, #590, #1443 ) ) ;
#4109 = ORIENTED_EDGE ( 'NONE', *, *, #3947, .F. ) ;
#4110 = AXIS2_PLACEMENT_3D ( 'NONE', #1588, #4141, #3376 ) ;
#4111 = VERTEX_POINT ( 'NONE', #4982 ) ;
#4112 = EDGE_CURVE ( 'NONE', #1861, #2265, #1100, .T. ) ;
#4113 = DIRECTION ( 'NONE',  ( -1.000000000000000000, -1.239088197126290324E-16, -1.088984143364317812E-32 ) ) ;
#4114 = CARTESIAN_POINT ( 'NONE',  ( 7.000000000000000000, -15.99999999999999289, -38.00000000000000000 ) ) ;
#4115 = CIRCLE ( 'NONE', #1340, 3.999999999999998224 ) ;
#4116 = AXIS2_PLACEMENT_3D ( 'NONE', #1261, #1686, #2021 ) ;
#4117 = DIRECTION ( 'NONE',  ( 0.000000000000000000, 0.000000000000000000, 1.000000000000000000 ) ) ;
#4118 = LINE ( 'NONE', #3687, #589 ) ;
#4119 = EDGE_CURVE ( 'NONE', #1040, #690, #136, .T. ) ;
#4120 = ORIENTED_EDGE ( 'NONE', *, *, #4787, .T. ) ;
#4121 = FACE_OUTER_BOUND ( 'NONE', #3791, .T. ) ;
#4122 = EDGE_CURVE ( 'NONE', #4602, #4111, #4955, .T. ) ;
#4123 = CARTESIAN_POINT ( 'NONE',  ( -63.03173803727769808, -7.300000000000001599, 14.54168760482228606 ) ) ;
#4124 = DIRECTION ( 'NONE',  ( 1.000000000000000000, 1.239088197126290570E-16, -0.000000000000000000 ) ) ;
#4125 = DIRECTION ( 'NONE',  ( 0.000000000000000000, 0.000000000000000000, 1.000000000000000000 ) ) ;
#4126 = CARTESIAN_POINT ( 'NONE',  ( 0.5000000000000004441, -19.00000000000000355, 27.71223167968817336 ) ) ;
#4127 = ORIENTED_EDGE ( 'NONE', *, *, #214, .T. ) ;
#4128 = VERTEX_POINT ( 'NONE', #1024 ) ;
#4129 = ADVANCED_FACE ( 'NONE', ( #5417 ), #2804, .F. ) ;
#4130 = LINE ( 'NONE', #1111, #1229 ) ;
#4131 = ORIENTED_EDGE ( 'NONE', *, *, #3990, .T. ) ;
#4132 = CARTESIAN_POINT ( 'NONE',  ( 5.000000000000000888, 5.999999999999999112, 56.31534156157350424 ) ) ;
#4133 = PRODUCT_DEFINITION_FORMATION_WITH_SPECIFIED_SOURCE ( 'ä»', '', #1733, .NOT_KNOWN. ) ;
#4134 = DIRECTION ( 'NONE',  ( -1.000000000000000000, 0.000000000000000000, 0.000000000000000000 ) ) ;
#4135 = CYLINDRICAL_SURFACE ( 'NONE', #3904, 1.600000000000000755 ) ;
#4136 = VECTOR ( 'NONE', #4639, 1000.000000000000000 ) ;
#4137 = EDGE_LOOP ( 'NONE', ( #2492, #2464, #3705, #1875 ) ) ;
#4138 = ORIENTED_EDGE ( 'NONE', *, *, #5419, .F. ) ;
#4139 = EDGE_LOOP ( 'NONE', ( #1039, #3731, #5054, #948 ) ) ;
#4140 = LINE ( 'NONE', #1982, #3779 ) ;
#4141 = DIRECTION ( 'NONE',  ( 1.000000000000000000, 1.239088197126290570E-16, 0.000000000000000000 ) ) ;
#4142 = CARTESIAN_POINT ( 'NONE',  ( 3.499999999999995115, -15.99999999999999645, 19.99999999999999289 ) ) ;
#4143 = ORIENTED_EDGE ( 'NONE', *, *, #4653, .T. ) ;
#4144 = DIRECTION ( 'NONE',  ( -1.000000000000000000, -3.252606517456514535E-17, 0.000000000000000000 ) ) ;
#4145 = EDGE_CURVE ( 'NONE', #5048, #1586, #2253, .T. ) ;
#4146 = VERTEX_POINT ( 'NONE', #1506 ) ;
#4147 = CARTESIAN_POINT ( 'NONE',  ( -64.14711903867025455, -18.20000000000000639, 60.45831239517769262 ) ) ;
#4148 = DIRECTION ( 'NONE',  ( 1.000000000000000000, 3.252606517456513918E-17, -0.000000000000000000 ) ) ;
#4149 = DIRECTION ( 'NONE',  ( 1.000000000000000000, 0.000000000000000000, -0.000000000000000000 ) ) ;
#4150 = EDGE_LOOP ( 'NONE', ( #2992, #2634, #3616, #118 ) ) ;
#4151 = EDGE_CURVE ( 'NONE', #2938, #1801, #2155, .T. ) ;
#4152 = CARTESIAN_POINT ( 'NONE',  ( 0.9999999999999991118, 3.805842560179955480, 69.15558256377492796 ) ) ;
#4153 = VECTOR ( 'NONE', #4113, 1000.000000000000000 ) ;
#4154 = DIRECTION ( 'NONE',  ( -0.000000000000000000, 0.000000000000000000, 1.000000000000000000 ) ) ;
#4155 = EDGE_CURVE ( 'NONE', #1242, #1555, #4930, .T. ) ;
#4156 = DIRECTION ( 'NONE',  ( -1.000000000000000000, -3.469446951953612956E-17, 0.000000000000000000 ) ) ;
#4157 = SURFACE_SIDE_STYLE ('',( #1688 ) ) ;
#4158 = ADVANCED_FACE ( 'NONE', ( #3633 ), #4552, .F. ) ;
#4159 = ORIENTED_EDGE ( 'NONE', *, *, #175, .T. ) ;
#4160 = PLANE ( 'NONE',  #4609 ) ;
#4161 = ADVANCED_FACE ( 'NONE', ( #1904 ), #4036, .F. ) ;
#4162 = VERTEX_POINT ( 'NONE', #4494 ) ;
#4163 = CARTESIAN_POINT ( 'NONE',  ( 4.000000000000000000, -8.052613167763272628, 50.55901252708741822 ) ) ;
#4164 = DIRECTION ( 'NONE',  ( 1.000000000000000000, 1.239088197126290570E-16, 0.000000000000000000 ) ) ;
#4165 = EDGE_LOOP ( 'NONE', ( #1033, #1734, #778, #2292 ) ) ;
#4166 = VERTEX_POINT ( 'NONE', #240 ) ;
#4167 = ORIENTED_EDGE ( 'NONE', *, *, #5483, .F. ) ;
#4168 = DIRECTION ( 'NONE',  ( -1.000000000000000000, -3.469446951953611107E-17, 0.000000000000000000 ) ) ;
#4169 = CIRCLE ( 'NONE', #1485, 2.050000000000010036 ) ;
#4170 = CARTESIAN_POINT ( 'NONE',  ( 4.000000000000000000, -12.46362969077260630, 35.01026416338211789 ) ) ;
#4171 = DIRECTION ( 'NONE',  ( 4.336808689942017736E-17, 1.000000000000000000, 0.000000000000000000 ) ) ;
#4172 = CYLINDRICAL_SURFACE ( 'NONE', #4781, 1.650000000000002132 ) ;
#4173 = ORIENTED_EDGE ( 'NONE', *, *, #3915, .F. ) ;
#4174 = AXIS2_PLACEMENT_3D ( 'NONE', #1290, #3001, #2016 ) ;
#4175 = FACE_OUTER_BOUND ( 'NONE', #4139, .T. ) ;
#4176 = DIRECTION ( 'NONE',  ( 0.000000000000000000, 1.000000000000000000, 0.000000000000000000 ) ) ;
#4177 = DIRECTION ( 'NONE',  ( -1.000000000000000000, 0.000000000000000000, 0.000000000000000000 ) ) ;
#4178 = EDGE_CURVE ( 'NONE', #5056, #1122, #4596, .T. ) ;
#4179 = CARTESIAN_POINT ( 'NONE',  ( 3.500000000000000444, -16.00000000000000711, 60.04999999999999716 ) ) ;
#4180 = DIRECTION ( 'NONE',  ( -1.355252715606879803E-16, 1.000000000000000000, 0.000000000000000000 ) ) ;
#4181 = VERTEX_POINT ( 'NONE', #614 ) ;
#4182 = DIRECTION ( 'NONE',  ( -1.000000000000000000, -3.469446951953611107E-17, 0.000000000000000000 ) ) ;
#4183 = DIRECTION ( 'NONE',  ( -0.000000000000000000, 1.000000000000000000, 3.690901012716611636E-16 ) ) ;
#4184 = EDGE_CURVE ( 'NONE', #3823, #5206, #5362, .T. ) ;
#4185 = CARTESIAN_POINT ( 'NONE',  ( 4.000000000000000000, -4.499999999999999112, -18.40000000000000568 ) ) ;
#4186 = DIRECTION ( 'NONE',  ( 0.000000000000000000, 0.7313537016191691276, 0.6819983600624999198 ) ) ;
#4187 = EDGE_CURVE ( 'NONE', #2550, #2102, #642, .T. ) ;
#4188 = ORIENTED_EDGE ( 'NONE', *, *, #2925, .T. ) ;
#4189 = CARTESIAN_POINT ( 'NONE',  ( 0.4999999999999990563, -12.75000000000000178, 37.52531412650260734 ) ) ;
#4190 = EDGE_CURVE ( 'NONE', #2347, #1883, #5332, .T. ) ;
#4191 = DIRECTION ( 'NONE',  ( 5.782411586589358625E-16, 1.000000000000000000, 0.000000000000000000 ) ) ;
#4192 = VERTEX_POINT ( 'NONE', #3269 ) ;
#4193 = VECTOR ( 'NONE', #857, 1000.000000000000000 ) ;
#4194 = VECTOR ( 'NONE', #3048, 1000.000000000000000 ) ;
#4195 = ORIENTED_EDGE ( 'NONE', *, *, #844, .F. ) ;
#4196 = ORIENTED_EDGE ( 'NONE', *, *, #2928, .T. ) ;
#4197 = CARTESIAN_POINT ( 'NONE',  ( 0.5000000000000004441, -6.500000000000000000, 65.20000000000000284 ) ) ;
#4198 = DIRECTION ( 'NONE',  ( -1.355252715606879803E-16, 1.000000000000000000, 0.000000000000000000 ) ) ;
#4199 = DIRECTION ( 'NONE',  ( -0.000000000000000000, -0.000000000000000000, 1.000000000000000000 ) ) ;
#4200 = CIRCLE ( 'NONE', #1234, 1.600000000000000089 ) ;
#4201 = DIRECTION ( 'NONE',  ( 3.252606517456513918E-17, -1.000000000000000000, 0.000000000000000000 ) ) ;
#4202 = CARTESIAN_POINT ( 'NONE',  ( 4.000000000000000000, -13.84625753883614863, 34.48356120283415294 ) ) ;
#4203 = CARTESIAN_POINT ( 'NONE',  ( 0.000000000000000000, 6.499999999999996447, 4.000000000000000000 ) ) ;
#4204 = VERTEX_POINT ( 'NONE', #1128 ) ;
#4205 = VERTEX_POINT ( 'NONE', #2858 ) ;
#4206 = FACE_BOUND ( 'NONE', #4914, .T. ) ;
#4207 = CARTESIAN_POINT ( 'NONE',  ( 2.999999999999999112, 1.494263266912956523, 67.00000000000000000 ) ) ;
#4208 = VECTOR ( 'NONE', #4651, 1000.000000000000000 ) ;
#4209 = ORIENTED_EDGE ( 'NONE', *, *, #552, .F. ) ;
#4210 = DIRECTION ( 'NONE',  ( -1.000000000000000000, -3.252606517456513918E-17, -0.000000000000000000 ) ) ;
#4211 = CARTESIAN_POINT ( 'NONE',  ( 4.225000000000000533, -13.99999999999999822, -19.59999999999999787 ) ) ;
#4212 = EDGE_LOOP ( 'NONE', ( #1388, #2913, #4599, #2562, #89, #4065, #613, #5427, #2845, #1120, #5490, #5126 ) ) ;
#4213 = DIRECTION ( 'NONE',  ( -1.176334233040897053E-17, 0.3390552584695133986, 0.9407664597040922283 ) ) ;
#4214 = CARTESIAN_POINT ( 'NONE',  ( 1.000000000000000000, -19.00000000000000355, 60.45831239517769262 ) ) ;
#4215 = AXIS2_PLACEMENT_3D ( 'NONE', #1832, #1885, #4361 ) ;
#4216 = EDGE_CURVE ( 'NONE', #3957, #342, #3757, .T. ) ;
#4217 = ORIENTED_EDGE ( 'NONE', *, *, #1412, .F. ) ;
#4218 = LINE ( 'NONE', #4716, #1478 ) ;
#4219 = ORIENTED_EDGE ( 'NONE', *, *, #4787, .F. ) ;
#4220 = FACE_OUTER_BOUND ( 'NONE', #4801, .T. ) ;
#4221 = ORIENTED_EDGE ( 'NONE', *, *, #1150, .T. ) ;
#4222 = EDGE_CURVE ( 'NONE', #1747, #2027, #3501, .T. ) ;
#4223 = AXIS2_PLACEMENT_3D ( 'NONE', #1106, #4963, #2788 ) ;
#4224 = AXIS2_PLACEMENT_3D ( 'NONE', #4142, #1781, #5217 ) ;
#4225 = ORIENTED_EDGE ( 'NONE', *, *, #5573, .F. ) ;
#4226 = ADVANCED_FACE ( 'NONE', ( #1957 ), #2435, .T. ) ;
#4227 = ORIENTED_EDGE ( 'NONE', *, *, #388, .F. ) ;
#4228 = ORIENTED_EDGE ( 'NONE', *, *, #959, .T. ) ;
#4229 = LINE ( 'NONE', #2061, #2083 ) ;
#4230 = ORIENTED_EDGE ( 'NONE', *, *, #3752, .T. ) ;
#4231 = CARTESIAN_POINT ( 'NONE',  ( 0.9999999999999993339, -0.5000000000000065503, 62.50000000000000000 ) ) ;
#4232 = ORIENTED_EDGE ( 'NONE', *, *, #4155, .T. ) ;
#4233 = DIRECTION ( 'NONE',  ( 0.000000000000000000, -1.000000000000000000, -2.168404344971010840E-16 ) ) ;
#4234 = AXIS2_PLACEMENT_3D ( 'NONE', #672, #1075, #5339 ) ;
#4235 = EDGE_CURVE ( 'NONE', #4859, #5115, #443, .T. ) ;
#4236 = ORIENTED_EDGE ( 'NONE', *, *, #2996, .F. ) ;
#4237 = DIRECTION ( 'NONE',  ( 1.239088197126290570E-16, -1.000000000000000000, 0.000000000000000000 ) ) ;
#4238 = DIRECTION ( 'NONE',  ( 1.000000000000000000, 0.000000000000000000, 0.000000000000000000 ) ) ;
#4239 = CARTESIAN_POINT ( 'NONE',  ( 3.500000000000000000, -16.00000000000000711, 57.99999999999998579 ) ) ;
#4240 = ORIENTED_EDGE ( 'NONE', *, *, #2192, .T. ) ;
#4241 = CARTESIAN_POINT ( 'NONE',  ( 0.9999999999999997780, -15.50000000000000178, 64.00000000000000000 ) ) ;
#4242 = CARTESIAN_POINT ( 'NONE',  ( 2.724999999999999645, -15.99999999999999645, -31.59999999999999787 ) ) ;
#4243 = DIRECTION ( 'NONE',  ( 0.000000000000000000, -1.000000000000000000, 0.000000000000000000 ) ) ;
#4244 = VERTEX_POINT ( 'NONE', #2469 ) ;
#4245 = CARTESIAN_POINT ( 'NONE',  ( 4.000000000000000000, -5.299999999999998934, -4.000000000000000000 ) ) ;
#4246 = ORIENTED_EDGE ( 'NONE', *, *, #2729, .F. ) ;
#4247 = VECTOR ( 'NONE', #4697, 1000.000000000000000 ) ;
#4248 = FACE_OUTER_BOUND ( 'NONE', #1370, .T. ) ;
#4249 = FACE_OUTER_BOUND ( 'NONE', #235, .T. ) ;
#4250 = ORIENTED_EDGE ( 'NONE', *, *, #3065, .F. ) ;
#4251 = VECTOR ( 'NONE', #1038, 1000.000000000000000 ) ;
#4252 = CARTESIAN_POINT ( 'NONE',  ( 0.5000000000000004441, -7.299999999999999822, 65.20000000000000284 ) ) ;
#4253 = ORIENTED_EDGE ( 'NONE', *, *, #3042, .T. ) ;
#4254 = DIRECTION ( 'NONE',  ( 0.000000000000000000, 0.000000000000000000, -1.000000000000000000 ) ) ;
#4255 = ORIENTED_EDGE ( 'NONE', *, *, #1694, .F. ) ;
#4256 = AXIS2_PLACEMENT_3D ( 'NONE', #3028, #4296, #3443 ) ;
#4257 = EDGE_LOOP ( 'NONE', ( #3482, #4143, #4541, #1467, #3152, #4280, #16, #5510, #742 ) ) ;
#4258 = ORIENTED_EDGE ( 'NONE', *, *, #1197, .T. ) ;
#4259 = DIRECTION ( 'NONE',  ( -2.137109857948075935E-17, 0.6570453101161654041, 0.7538510863919691829 ) ) ;
#4260 = DIRECTION ( 'NONE',  ( -0.000000000000000000, -0.000000000000000000, -1.000000000000000000 ) ) ;
#4261 = EDGE_CURVE ( 'NONE', #3076, #4810, #1718, .T. ) ;
#4262 = AXIS2_PLACEMENT_3D ( 'NONE', #3137, #1842, #5331 ) ;
#4263 =( NAMED_UNIT ( * ) PLANE_ANGLE_UNIT ( ) SI_UNIT ( $, .RADIAN. ) );
#4264 = ORIENTED_EDGE ( 'NONE', *, *, #2491, .T. ) ;
#4265 = ADVANCED_FACE ( 'NONE', ( #2036 ), #3912, .T. ) ;
#4266 = DIRECTION ( 'NONE',  ( -1.000000000000000000, 6.505213034913025371E-17, -0.000000000000000000 ) ) ;
#4267 = PLANE ( 'NONE',  #5159 ) ;
#4268 = LINE ( 'NONE', #2502, #2581 ) ;
#4269 = EDGE_LOOP ( 'NONE', ( #5093, #3091, #1703, #203 ) ) ;
#4270 = ADVANCED_FACE ( 'NONE', ( #2582 ), #2176, .T. ) ;
#4271 = FACE_BOUND ( 'NONE', #636, .T. ) ;
#4272 = AXIS2_PLACEMENT_3D ( 'NONE', #2251, #1699, #1005 ) ;
#4273 = DIRECTION ( 'NONE',  ( -1.000000000000000000, 0.000000000000000000, -0.000000000000000000 ) ) ;
#4274 = DIRECTION ( 'NONE',  ( -3.469446951953612956E-17, 1.000000000000000000, -0.000000000000000000 ) ) ;
#4275 = VERTEX_POINT ( 'NONE', #2145 ) ;
#4276 = DIRECTION ( 'NONE',  ( 1.000000000000000000, 0.000000000000000000, 0.000000000000000000 ) ) ;
#4277 = AXIS2_PLACEMENT_3D ( 'NONE', #4791, #939, #77 ) ;
#4278 = CARTESIAN_POINT ( 'NONE',  ( 0.5000000000000004441, -18.20000000000000284, 17.54168760482228606 ) ) ;
#4279 = DIRECTION ( 'NONE',  ( 0.000000000000000000, -0.000000000000000000, 1.000000000000000000 ) ) ;
#4280 = ORIENTED_EDGE ( 'NONE', *, *, #2694, .F. ) ;
#4281 = LINE ( 'NONE', #1725, #3181 ) ;
#4282 = VERTEX_POINT ( 'NONE', #5611 ) ;
#4283 = DIRECTION ( 'NONE',  ( 0.000000000000000000, -1.000000000000000000, 0.000000000000000000 ) ) ;
#4284 = EDGE_LOOP ( 'NONE', ( #2201, #3965, #418, #4899 ) ) ;
#4285 = CARTESIAN_POINT ( 'NONE',  ( 4.225000000000000533, -13.99999999999999645, -26.35000000000000142 ) ) ;
#4286 = ORIENTED_EDGE ( 'NONE', *, *, #2205, .T. ) ;
#4287 = VERTEX_POINT ( 'NONE', #4285 ) ;
#4288 = ORIENTED_EDGE ( 'NONE', *, *, #3610, .T. ) ;
#4289 = CARTESIAN_POINT ( 'NONE',  ( -64.14711903867025455, -8.170174558805841869, 22.45831239517770328 ) ) ;
#4290 = CARTESIAN_POINT ( 'NONE',  ( 0.9999999999999995559, -6.499999999999999112, 15.34168760482228500 ) ) ;
#4291 = VECTOR ( 'NONE', #1877, 1000.000000000000000 ) ;
#4292 = LINE ( 'NONE', #4614, #3946 ) ;
#4293 = CIRCLE ( 'NONE', #3288, 0.8000000000000003775 ) ;
#4294 = VERTEX_POINT ( 'NONE', #4341 ) ;
#4295 = ADVANCED_FACE ( 'NONE', ( #4751 ), #1730, .T. ) ;
#4296 = DIRECTION ( 'NONE',  ( 0.000000000000000000, -1.000000000000000000, -2.168404344971010594E-16 ) ) ;
#4297 = FACE_OUTER_BOUND ( 'NONE', #1073, .T. ) ;
#4298 = CARTESIAN_POINT ( 'NONE',  ( 1.000000000000000000, -10.58823163272325019, 61.17174867651791459 ) ) ;
#4299 = ORIENTED_EDGE ( 'NONE', *, *, #2139, .F. ) ;
#4300 = CARTESIAN_POINT ( 'NONE',  ( 4.000000000000000000, -16.24861579036490511, 52.54168760482228606 ) ) ;
#4301 = AXIS2_PLACEMENT_3D ( 'NONE', #4207, #1259, #431 ) ;
#4302 = DIRECTION ( 'NONE',  ( 1.000000000000000000, -0.000000000000000000, -0.000000000000000000 ) ) ;
#4303 = EDGE_CURVE ( 'NONE', #5233, #1747, #930, .T. ) ;
#4304 = DIRECTION ( 'NONE',  ( 0.000000000000000000, 1.000000000000000000, 0.000000000000000000 ) ) ;
#4305 = ORIENTED_EDGE ( 'NONE', *, *, #1359, .T. ) ;
#4306 = DIRECTION ( 'NONE',  ( 0.000000000000000000, 1.000000000000000000, 0.000000000000000000 ) ) ;
#4307 = CARTESIAN_POINT ( 'NONE',  ( 7.002000000000005109, -13.09364437107287316, 43.78768300394146706 ) ) ;
#4308 = CIRCLE ( 'NONE', #1247, 1.000000000000000888 ) ;
#4309 = LINE ( 'NONE', #3781, #4957 ) ;
#4310 = EDGE_CURVE ( 'NONE', #4990, #3827, #3738, .T. ) ;
#4311 = ORIENTED_EDGE ( 'NONE', *, *, #989, .T. ) ;
#4312 = ORIENTED_EDGE ( 'NONE', *, *, #2058, .T. ) ;
#4313 = LINE ( 'NONE', #5084, #840 ) ;
#4314 = VERTEX_POINT ( 'NONE', #3710 ) ;
#4315 = VERTEX_POINT ( 'NONE', #2609 ) ;
#4316 = CARTESIAN_POINT ( 'NONE',  ( 2.725000000000000533, -0.9999999999999941158, 75.00199999999998113 ) ) ;
#4317 = AXIS2_PLACEMENT_3D ( 'NONE', #1046, #2332, #4117 ) ;
#4318 = CARTESIAN_POINT ( 'NONE',  ( 2.999999999999999112, 3.805842560179955480, 69.15558256377492796 ) ) ;
#4319 = DIRECTION ( 'NONE',  ( -1.000000000000000000, -3.252606517456514535E-17, 2.535569890667616456E-16 ) ) ;
#4320 = VECTOR ( 'NONE', #5060, 1000.000000000000000 ) ;
#4321 = AXIS2_PLACEMENT_3D ( 'NONE', #4622, #1491, #4965 ) ;
#4322 = PLANE ( 'NONE',  #99 ) ;
#4323 = CARTESIAN_POINT ( 'NONE',  ( 3.999999999999999112, 1.322726650432315163E-16, 0.000000000000000000 ) ) ;
#4324 = DIRECTION ( 'NONE',  ( 0.000000000000000000, 0.000000000000000000, -1.000000000000000000 ) ) ;
#4325 = ORIENTED_EDGE ( 'NONE', *, *, #111, .T. ) ;
#4326 = CIRCLE ( 'NONE', #1898, 3.999999999999998224 ) ;
#4327 = ORIENTED_EDGE ( 'NONE', *, *, #3797, .T. ) ;
#4328 = DIRECTION ( 'NONE',  ( 1.000000000000000000, 1.239088197126290570E-16, 0.000000000000000000 ) ) ;
#4329 = ADVANCED_FACE ( 'NONE', ( #3429 ), #5186, .F. ) ;
#4330 = LINE ( 'NONE', #82, #138 ) ;
#4331 = CARTESIAN_POINT ( 'NONE',  ( 0.9999999999999997780, -15.50000000000000178, 64.00000000000000000 ) ) ;
#4332 = CARTESIAN_POINT ( 'NONE',  ( 6.000000000000000000, -13.99999999999999822, -19.59999999999999787 ) ) ;
#4333 = CARTESIAN_POINT ( 'NONE',  ( 0.4999999999999979461, -4.500000000000000000, -4.000000000000000000 ) ) ;
#4334 = ADVANCED_FACE ( 'NONE', ( #3018 ), #869, .F. ) ;
#4335 = DIRECTION ( 'NONE',  ( 0.000000000000000000, -1.000000000000000000, 0.000000000000000000 ) ) ;
#4336 = ORIENTED_EDGE ( 'NONE', *, *, #4947, .T. ) ;
#4337 = ORIENTED_EDGE ( 'NONE', *, *, #859, .T. ) ;
#4338 = CYLINDRICAL_SURFACE ( 'NONE', #4940, 0.7999999999999994893 ) ;
#4339 = EDGE_LOOP ( 'NONE', ( #4890, #2824, #2106, #2735 ) ) ;
#4340 = EDGE_CURVE ( 'NONE', #1534, #5220, #5245, .T. ) ;
#4341 = CARTESIAN_POINT ( 'NONE',  ( 5.000000000000000000, 4.000000000000000000, 56.31534156157346871 ) ) ;
#4342 = ORIENTED_EDGE ( 'NONE', *, *, #2740, .T. ) ;
#4343 = AXIS2_PLACEMENT_3D ( 'NONE', #5058, #2406, #1183 ) ;
#4344 = ORIENTED_EDGE ( 'NONE', *, *, #2722, .F. ) ;
#4345 = DIRECTION ( 'NONE',  ( 0.000000000000000000, 1.000000000000000000, 0.000000000000000000 ) ) ;
#4346 = CARTESIAN_POINT ( 'NONE',  ( 0.9999999999999995559, -7.299999999999998934, 15.34168760482228500 ) ) ;
#4347 = ORIENTED_EDGE ( 'NONE', *, *, #5452, .F. ) ;
#4348 = LINE ( 'NONE', #471, #5534 ) ;
#4349 = PLANE ( 'NONE',  #4611 ) ;
#4350 = LINE ( 'NONE', #5198, #1848 ) ;
#4351 = DIRECTION ( 'NONE',  ( 0.000000000000000000, -1.000000000000000000, 0.000000000000000000 ) ) ;
#4352 = DIRECTION ( 'NONE',  ( 0.000000000000000000, 1.000000000000000000, 0.000000000000000000 ) ) ;
#4353 = ORIENTED_EDGE ( 'NONE', *, *, #4628, .T. ) ;
#4354 = DIRECTION ( 'NONE',  ( -1.000000000000000000, -3.469446951953611107E-17, 0.000000000000000000 ) ) ;
#4355 = EDGE_CURVE ( 'NONE', #2610, #3879, #300, .T. ) ;
#4356 = ORIENTED_EDGE ( 'NONE', *, *, #3915, .T. ) ;
#4357 = DIRECTION ( 'NONE',  ( 0.000000000000000000, 2.392722035830078972E-16, -1.000000000000000000 ) ) ;
#4358 = EDGE_LOOP ( 'NONE', ( #3085, #1480, #3873, #2776, #1582, #353, #1770, #3036, #147, #1600, #5536 ) ) ;
#4359 = CIRCLE ( 'NONE', #1931, 2.049999999999999378 ) ;
#4360 = LINE ( 'NONE', #2194, #1692 ) ;
#4361 = DIRECTION ( 'NONE',  ( 0.000000000000000000, 0.000000000000000000, -1.000000000000000000 ) ) ;
#4362 = ORIENTED_EDGE ( 'NONE', *, *, #468, .T. ) ;
#4363 = EDGE_LOOP ( 'NONE', ( #3903, #339, #5560, #2457 ) ) ;
#4364 = CIRCLE ( 'NONE', #4277, 0.8000000000000003775 ) ;
#4365 = VERTEX_POINT ( 'NONE', #1616 ) ;
#4366 = EDGE_CURVE ( 'NONE', #3651, #4460, #267, .T. ) ;
#4367 = CARTESIAN_POINT ( 'NONE',  ( 4.000000000000000000, -12.75000000000000000, 39.00000000000000000 ) ) ;
#4368 = ORIENTED_EDGE ( 'NONE', *, *, #3395, .F. ) ;
#4369 = DIRECTION ( 'NONE',  ( -1.000000000000000000, -1.239088197126290570E-16, -0.000000000000000000 ) ) ;
#4370 = EDGE_CURVE ( 'NONE', #1122, #233, #18, .T. ) ;
#4371 = EDGE_CURVE ( 'NONE', #166, #1146, #4811, .T. ) ;
#4372 = LINE ( 'NONE', #21, #2367 ) ;
#4373 = CARTESIAN_POINT ( 'NONE',  ( 3.500000000000000000, -16.00000000000000711, 57.99999999999998579 ) ) ;
#4374 = ORIENTED_EDGE ( 'NONE', *, *, #152, .T. ) ;
#4375 = ADVANCED_FACE ( 'NONE', ( #2012 ), #3293, .T. ) ;
#4376 = CIRCLE ( 'NONE', #5574, 1.650000000000002132 ) ;
#4377 = LINE ( 'NONE', #3948, #2463 ) ;
#4378 = LINE ( 'NONE', #1816, #1552 ) ;
#4379 = CARTESIAN_POINT ( 'NONE',  ( 7.000000000000000000, 1.959434878635767449E-16, -21.60000000000000142 ) ) ;
#4380 = EDGE_LOOP ( 'NONE', ( #101, #631, #1070, #3597 ) ) ;
#4381 = LINE ( 'NONE', #4849, #2778 ) ;
#4382 = DIRECTION ( 'NONE',  ( 0.000000000000000000, 1.000000000000000000, 0.000000000000000000 ) ) ;
#4383 = EDGE_LOOP ( 'NONE', ( #1178, #2876 ) ) ;
#4384 = LINE ( 'NONE', #944, #2424 ) ;
#4385 = ORIENTED_EDGE ( 'NONE', *, *, #3109, .T. ) ;
#4386 = DIRECTION ( 'NONE',  ( 0.000000000000000000, -0.000000000000000000, -1.000000000000000000 ) ) ;
#4387 = AXIS2_PLACEMENT_3D ( 'NONE', #2371, #197, #1941 ) ;
#4388 = CARTESIAN_POINT ( 'NONE',  ( 4.000000000000003553, -18.20000000000000284, 6.896422575144953271 ) ) ;
#4389 = ORIENTED_EDGE ( 'NONE', *, *, #4184, .F. ) ;
#4390 = AXIS2_PLACEMENT_3D ( 'NONE', #5073, #825, #4273 ) ;
#4391 = DIRECTION ( 'NONE',  ( 1.000000000000000000, -6.505213034913026604E-17, 0.000000000000000000 ) ) ;
#4392 = LINE ( 'NONE', #922, #4042 ) ;
#4393 = ORIENTED_EDGE ( 'NONE', *, *, #2091, .T. ) ;
#4394 = ORIENTED_EDGE ( 'NONE', *, *, #3256, .T. ) ;
#4395 = LINE ( 'NONE', #4837, #5112 ) ;
#4396 = AXIS2_PLACEMENT_3D ( 'NONE', #2386, #1537, #1958 ) ;
#4397 = ORIENTED_EDGE ( 'NONE', *, *, #3182, .T. ) ;
#4398 = CARTESIAN_POINT ( 'NONE',  ( 7.002000000000005109, -10.76036283369648494, 42.90613933192072693 ) ) ;
#4399 = EDGE_CURVE ( 'NONE', #3200, #4017, #2630, .T. ) ;
#4400 = CARTESIAN_POINT ( 'NONE',  ( 7.002000000000004221, -7.299999999999998934, 61.52191394754550657 ) ) ;
#4401 = ADVANCED_FACE ( 'NONE', ( #3105 ), #988, .T. ) ;
#4402 = AXIS2_PLACEMENT_3D ( 'NONE', #5160, #1644, #1218 ) ;
#4403 = ORIENTED_EDGE ( 'NONE', *, *, #2722, .T. ) ;
#4404 = ORIENTED_EDGE ( 'NONE', *, *, #4048, .F. ) ;
#4405 = EDGE_CURVE ( 'NONE', #1637, #4602, #2718, .T. ) ;
#4406 = CIRCLE ( 'NONE', #894, 2.049999999999999822 ) ;
#4407 = VERTEX_POINT ( 'NONE', #3598 ) ;
#4408 = CARTESIAN_POINT ( 'NONE',  ( 2.724999999999999201, -15.99999999999999645, -31.09999999999999432 ) ) ;
#4409 = CARTESIAN_POINT ( 'NONE',  ( 2.999999999999999112, -8.849999999999999645, 71.00000000000000000 ) ) ;
#4410 = CARTESIAN_POINT ( 'NONE',  ( 1.000000000000000000, -8.536057466139308048, 25.65831239517770612 ) ) ;
#4411 = VERTEX_POINT ( 'NONE', #4870 ) ;
#4412 = DIRECTION ( 'NONE',  ( 1.000000000000000000, 3.252606517456513918E-17, 0.000000000000000000 ) ) ;
#4413 = EDGE_CURVE ( 'NONE', #1570, #494, #4459, .T. ) ;
#4414 = DIRECTION ( 'NONE',  ( 1.102813343475841796E-17, -0.3390552584695132876, 0.9407664597040923393 ) ) ;
#4415 = VERTEX_POINT ( 'NONE', #4840 ) ;
#4416 = DIRECTION ( 'NONE',  ( 1.000000000000000000, 1.239088197126290570E-16, 0.000000000000000000 ) ) ;
#4417 = ORIENTED_EDGE ( 'NONE', *, *, #1761, .T. ) ;
#4418 = DIRECTION ( 'NONE',  ( 0.000000000000000000, -1.000000000000000000, 0.000000000000000000 ) ) ;
#4419 = DIRECTION ( 'NONE',  ( -1.000000000000000000, -1.239088197126290817E-16, -6.270397653133596605E-34 ) ) ;
#4420 = VECTOR ( 'NONE', #2250, 1000.000000000000000 ) ;
#4421 = VERTEX_POINT ( 'NONE', #4945 ) ;
#4422 = DIRECTION ( 'NONE',  ( 0.000000000000000000, 3.690901012716612129E-16, -1.000000000000000000 ) ) ;
#4423 = DIRECTION ( 'NONE',  ( 1.057758217059028854E-16, -1.000000000000000000, 0.000000000000000000 ) ) ;
#4424 = AXIS2_PLACEMENT_3D ( 'NONE', #3173, #1909, #164 ) ;
#4425 = ORIENTED_EDGE ( 'NONE', *, *, #2859, .T. ) ;
#4426 = ORIENTED_EDGE ( 'NONE', *, *, #844, .T. ) ;
#4427 = LINE ( 'NONE', #5323, #3477 ) ;
#4428 = AXIS2_PLACEMENT_3D ( 'NONE', #5021, #2796, #283 ) ;
#4429 = EDGE_LOOP ( 'NONE', ( #4476, #3951, #4629, #1806 ) ) ;
#4430 = CIRCLE ( 'NONE', #3330, 0.8000000000000003775 ) ;
#4431 = DIRECTION ( 'NONE',  ( 0.000000000000000000, -1.000000000000000000, 0.000000000000000000 ) ) ;
#4432 = CIRCLE ( 'NONE', #5170, 1.600000000000000755 ) ;
#4433 = ADVANCED_FACE ( 'NONE', ( #576 ), #4026, .F. ) ;
#4434 = CARTESIAN_POINT ( 'NONE',  ( 1.225000000000000089, -10.99999999999999822, -24.20000000000000639 ) ) ;
#4435 = VECTOR ( 'NONE', #2761, 1000.000000000000000 ) ;
#4436 = VECTOR ( 'NONE', #355, 1000.000000000000000 ) ;
#4437 = DIRECTION ( 'NONE',  ( -1.355252715606883008E-16, 1.000000000000000000, 0.000000000000000000 ) ) ;
#4438 = ADVANCED_FACE ( 'NONE', ( #3576 ), #5326, .F. ) ;
#4439 = DIRECTION ( 'NONE',  ( -1.000000000000000000, -1.239088197126290570E-16, 1.904444227198434433E-33 ) ) ;
#4440 = DIRECTION ( 'NONE',  ( -3.469446951953611107E-17, 1.000000000000000000, -0.000000000000000000 ) ) ;
#4441 = CARTESIAN_POINT ( 'NONE',  ( 0.4999999999999978351, -3.499999999999992895, 4.000000000000003553 ) ) ;
#4442 = CARTESIAN_POINT ( 'NONE',  ( 5.000000000000000000, 0.000000000000000000, 1.600000000000000089 ) ) ;
#4443 = ADVANCED_FACE ( 'NONE', ( #5278 ), #2692, .F. ) ;
#4444 = DIRECTION ( 'NONE',  ( -1.355252715606879803E-16, 1.000000000000000000, 0.000000000000000000 ) ) ;
#4445 = EDGE_CURVE ( 'NONE', #2825, #846, #2293, .T. ) ;
#4446 = ORIENTED_EDGE ( 'NONE', *, *, #5523, .T. ) ;
#4447 = CARTESIAN_POINT ( 'NONE',  ( 0.4999999999999990563, -13.00000000000000178, -4.800000000000000711 ) ) ;
#4448 = CARTESIAN_POINT ( 'NONE',  ( 0.4999999999999996669, -17.83804879822353939, 64.84983472897241086 ) ) ;
#4449 = ORIENTED_EDGE ( 'NONE', *, *, #181, .F. ) ;
#4450 = CARTESIAN_POINT ( 'NONE',  ( 2.724999999999999201, -22.49999999999998934, -31.59999999999999787 ) ) ;
#4451 = AXIS2_PLACEMENT_3D ( 'NONE', #2878, #4661, #656 ) ;
#4452 = CARTESIAN_POINT ( 'NONE',  ( 0.000000000000000000, 4.000000000000000000, 99.53303044828378177 ) ) ;
#4453 = AXIS2_PLACEMENT_3D ( 'NONE', #1270, #2055, #2931 ) ;
#4454 = ORIENTED_EDGE ( 'NONE', *, *, #3961, .F. ) ;
#4455 = ADVANCED_BREP_SHAPE_REPRESENTATION ( '\X2\53f34fa7677f\X0\-\X2\4e0b534a\X0\', ( #1403, #1357 ), #608 ) ;
#4456 = CARTESIAN_POINT ( 'NONE',  ( 1.000000000000000000, -19.00000000000000355, 17.54168760482228606 ) ) ;
#4457 = VECTOR ( 'NONE', #230, 1000.000000000000000 ) ;
#4458 = VERTEX_POINT ( 'NONE', #521 ) ;
#4459 = LINE ( 'NONE', #3130, #5515 ) ;
#4460 = VERTEX_POINT ( 'NONE', #2230 ) ;
#4461 = VECTOR ( 'NONE', #2415, 1000.000000000000000 ) ;
#4462 = CARTESIAN_POINT ( 'NONE',  ( 4.000000000000000000, -16.57825347598732790, 4.000000000000000000 ) ) ;
#4463 = VECTOR ( 'NONE', #5439, 1000.000000000000000 ) ;
#4464 = EDGE_LOOP ( 'NONE', ( #4493, #280, #3039, #2932, #1623, #2767, #4635, #467 ) ) ;
#4465 = CARTESIAN_POINT ( 'NONE',  ( 0.9999999999999995559, -6.499999999999999112, 24.65831239517770612 ) ) ;
#4466 = DIRECTION ( 'NONE',  ( 0.000000000000000000, -1.000000000000000000, 0.000000000000000000 ) ) ;
#4467 = DIRECTION ( 'NONE',  ( 0.000000000000000000, -1.000000000000000000, 0.000000000000000000 ) ) ;
#4468 = ORIENTED_EDGE ( 'NONE', *, *, #1858, .T. ) ;
#4469 = DIRECTION ( 'NONE',  ( 0.000000000000000000, 1.000000000000000000, 0.000000000000000000 ) ) ;
#4470 = CARTESIAN_POINT ( 'NONE',  ( 1.000000000000000000, -18.20000000000000639, 64.13639844763217468 ) ) ;
#4471 = EDGE_CURVE ( 'NONE', #544, #524, #2261, .T. ) ;
#4472 = CARTESIAN_POINT ( 'NONE',  ( 7.002000000000005997, -17.37825347598732506, 4.800000000000004263 ) ) ;
#4473 = ORIENTED_EDGE ( 'NONE', *, *, #1639, .T. ) ;
#4474 = FACE_OUTER_BOUND ( 'NONE', #4165, .T. ) ;
#4475 = DIRECTION ( 'NONE',  ( -1.000000000000000000, -3.252606517456513918E-17, 0.000000000000000000 ) ) ;
#4476 = ORIENTED_EDGE ( 'NONE', *, *, #3132, .T. ) ;
#4477 = DIRECTION ( 'NONE',  ( 1.000000000000000000, 0.000000000000000000, 0.000000000000000000 ) ) ;
#4478 = DIRECTION ( 'NONE',  ( -0.000000000000000000, 1.000000000000000000, 0.000000000000000000 ) ) ;
#4479 = ADVANCED_FACE ( 'NONE', ( #128 ), #1865, .F. ) ;
#4480 = ORIENTED_EDGE ( 'NONE', *, *, #1459, .F. ) ;
#4481 = DIRECTION ( 'NONE',  ( -1.000000000000000000, -3.469446951953612956E-17, 0.000000000000000000 ) ) ;
#4482 = VECTOR ( 'NONE', #2333, 1000.000000000000000 ) ;
#4483 = VERTEX_POINT ( 'NONE', #2746 ) ;
#4484 = DIRECTION ( 'NONE',  ( 1.176334233040896899E-17, -0.3390552584695133431, -0.9407664597040923393 ) ) ;
#4485 = EDGE_CURVE ( 'NONE', #2397, #5215, #3968, .T. ) ;
#4486 = CARTESIAN_POINT ( 'NONE',  ( 7.002000000000005997, -16.74999999999999645, 39.00000000000000000 ) ) ;
#4487 = ORIENTED_EDGE ( 'NONE', *, *, #1390, .F. ) ;
#4488 = AXIS2_PLACEMENT_3D ( 'NONE', #4708, #4182, #4243 ) ;
#4489 = ORIENTED_EDGE ( 'NONE', *, *, #3193, .F. ) ;
#4490 = DIRECTION ( 'NONE',  ( -0.000000000000000000, -1.000000000000000000, -2.168404344971010840E-16 ) ) ;
#4491 = DIRECTION ( 'NONE',  ( 1.000000000000000000, 0.000000000000000000, 0.000000000000000000 ) ) ;
#4492 = VECTOR ( 'NONE', #3095, 1000.000000000000114 ) ;
#4493 = ORIENTED_EDGE ( 'NONE', *, *, #5426, .F. ) ;
#4494 = CARTESIAN_POINT ( 'NONE',  ( 4.000000000000000000, -7.299999999999998934, 15.34168760482228500 ) ) ;
#4495 = CARTESIAN_POINT ( 'NONE',  ( 5.000000000000000000, 3.999999999999998224, 64.15000000000000568 ) ) ;
#4496 = DIRECTION ( 'NONE',  ( -1.000000000000000000, 0.000000000000000000, 0.000000000000000000 ) ) ;
#4497 = DIRECTION ( 'NONE',  ( -2.496518160328463930E-17, 2.282530889443167022E-16, -1.000000000000000000 ) ) ;
#4498 = VECTOR ( 'NONE', #488, 1000.000000000000000 ) ;
#4499 = CARTESIAN_POINT ( 'NONE',  ( -4.501000000000010992, -20.99999999999999645, -31.59999999999999787 ) ) ;
#4500 = EDGE_CURVE ( 'NONE', #4748, #19, #1494, .T. ) ;
#4501 = LINE ( 'NONE', #220, #3668 ) ;
#4502 = FACE_OUTER_BOUND ( 'NONE', #2798, .T. ) ;
#4503 = VERTEX_POINT ( 'NONE', #2349 ) ;
#4504 = FACE_OUTER_BOUND ( 'NONE', #3311, .T. ) ;
#4505 = ADVANCED_FACE ( 'NONE', ( #173 ), #3204, .F. ) ;
#4506 = ORIENTED_EDGE ( 'NONE', *, *, #2447, .F. ) ;
#4507 = VECTOR ( 'NONE', #4171, 1000.000000000000000 ) ;
#4508 = DIRECTION ( 'NONE',  ( -0.000000000000000000, 0.7071067811865426878, 0.7071067811865524577 ) ) ;
#4509 = EDGE_CURVE ( 'NONE', #4017, #3200, #2446, .T. ) ;
#4510 = EDGE_CURVE ( 'NONE', #2209, #5030, #228, .T. ) ;
#4511 = DIRECTION ( 'NONE',  ( -1.000000000000000000, -1.239088197126290324E-16, 2.160786715520886256E-32 ) ) ;
#4512 = ORIENTED_EDGE ( 'NONE', *, *, #3578, .T. ) ;
#4513 = ORIENTED_EDGE ( 'NONE', *, *, #4695, .F. ) ;
#4514 = CIRCLE ( 'NONE', #1821, 0.7999999999999986011 ) ;
#4515 = ORIENTED_EDGE ( 'NONE', *, *, #2375, .F. ) ;
#4516 = VERTEX_POINT ( 'NONE', #1604 ) ;
#4517 = ADVANCED_FACE ( 'NONE', ( #5509 ), #3308, .F. ) ;
#4518 = DIRECTION ( 'NONE',  ( -0.000000000000000000, 0.4151624548736461140, 0.9097472924187725019 ) ) ;
#4519 = CIRCLE ( 'NONE', #3170, 2.050000000000003375 ) ;
#4520 = VECTOR ( 'NONE', #4319, 1000.000000000000000 ) ;
#4521 = DIRECTION ( 'NONE',  ( -1.000000000000000000, -1.239088197126290817E-16, -3.024003079802225056E-33 ) ) ;
#4522 = CARTESIAN_POINT ( 'NONE',  ( -63.03173803727768387, -6.500000000000001776, 50.28776832031181243 ) ) ;
#4523 = CARTESIAN_POINT ( 'NONE',  ( 0.4999999999999995559, -16.74999999999999645, 39.00000000000000000 ) ) ;
#4524 = EDGE_LOOP ( 'NONE', ( #5615, #5161, #4109, #1263, #3351, #4779 ) ) ;
#4525 = DIRECTION ( 'NONE',  ( -0.000000000000000000, -0.000000000000000000, -1.000000000000000000 ) ) ;
#4526 = ORIENTED_EDGE ( 'NONE', *, *, #935, .T. ) ;
#4527 = LINE ( 'NONE', #564, #2539 ) ;
#4528 = CARTESIAN_POINT ( 'NONE',  ( -64.14711903867025455, -6.500000000000000888, 56.34168760482229033 ) ) ;
#4529 = CIRCLE ( 'NONE', #4256, 2.050000000000010036 ) ;
#4530 = CARTESIAN_POINT ( 'NONE',  ( 7.000000000000000888, -2.999999999999998668, 57.78260869565216495 ) ) ;
#4531 = CARTESIAN_POINT ( 'NONE',  ( 1.000000000000000000, -8.087544543006945474, 14.54168760482228606 ) ) ;
#4532 = ADVANCED_FACE ( 'NONE', ( #1550 ), #2875, .F. ) ;
#4533 = ORIENTED_EDGE ( 'NONE', *, *, #1057, .T. ) ;
#4534 = DIRECTION ( 'NONE',  ( 1.000000000000000000, 1.678764654171104639E-15, 0.000000000000000000 ) ) ;
#4535 = ORIENTED_EDGE ( 'NONE', *, *, #1970, .F. ) ;
#4536 = VECTOR ( 'NONE', #1446, 1000.000000000000000 ) ;
#4537 = DIRECTION ( 'NONE',  ( -0.000000000000000000, -1.000000000000000000, -2.168404344971010840E-16 ) ) ;
#4538 = EDGE_CURVE ( 'NONE', #408, #3535, #3159, .T. ) ;
#4539 = AXIS2_PLACEMENT_3D ( 'NONE', #5306, #4897, #4052 ) ;
#4540 = CARTESIAN_POINT ( 'NONE',  ( 0.5000000000000004441, -18.20000000000000284, 27.71223167968817336 ) ) ;
#4541 = ORIENTED_EDGE ( 'NONE', *, *, #3465, .T. ) ;
#4542 = VERTEX_POINT ( 'NONE', #3671 ) ;
#4543 = EDGE_CURVE ( 'NONE', #2313, #1248, #1524, .T. ) ;
#4544 = VECTOR ( 'NONE', #1882, 1000.000000000000000 ) ;
#4545 = VECTOR ( 'NONE', #1236, 1000.000000000000114 ) ;
#4546 = ADVANCED_FACE ( 'NONE', ( #1145 ), #4160, .T. ) ;
#4547 = ORIENTED_EDGE ( 'NONE', *, *, #1779, .F. ) ;
#4548 = AXIS2_PLACEMENT_3D ( 'NONE', #733, #1622, #5166 ) ;
#4549 = CARTESIAN_POINT ( 'NONE',  ( 4.000000000000000000, -12.75000000000000178, 37.52531412650260734 ) ) ;
#4550 = FACE_OUTER_BOUND ( 'NONE', #2942, .T. ) ;
#4551 = ORIENTED_EDGE ( 'NONE', *, *, #3907, .T. ) ;
#4552 = CYLINDRICAL_SURFACE ( 'NONE', #4317, 0.7999999999999951594 ) ;
#4553 = LINE ( 'NONE', #3242, #1056 ) ;
#4554 = ADVANCED_FACE ( 'NONE', ( #1172 ), #5431, .F. ) ;
#4555 = DIRECTION ( 'NONE',  ( 0.000000000000000000, 0.000000000000000000, -1.000000000000000000 ) ) ;
#4556 = LINE ( 'NONE', #646, #79 ) ;
#4557 = DIRECTION ( 'NONE',  ( 0.000000000000000000, -1.000000000000000000, 0.000000000000000000 ) ) ;
#4558 = DIRECTION ( 'NONE',  ( -1.355252715606879803E-16, 1.000000000000000000, 0.000000000000000000 ) ) ;
#4559 = DIRECTION ( 'NONE',  ( 1.000000000000000000, 0.000000000000000000, 0.000000000000000000 ) ) ;
#4560 = VERTEX_POINT ( 'NONE', #627 ) ;
#4561 = DIRECTION ( 'NONE',  ( 0.000000000000000000, 0.000000000000000000, -1.000000000000000000 ) ) ;
#4562 = ORIENTED_EDGE ( 'NONE', *, *, #703, .T. ) ;
#4563 = CARTESIAN_POINT ( 'NONE',  ( 2.999999999999999112, 3.805842560179955480, 69.15558256377492796 ) ) ;
#4564 = VECTOR ( 'NONE', #8, 1000.000000000000000 ) ;
#4565 = CIRCLE ( 'NONE', #1421, 2.050000000000003375 ) ;
#4566 = LINE ( 'NONE', #2427, #2571 ) ;
#4567 = ORIENTED_EDGE ( 'NONE', *, *, #258, .T. ) ;
#4568 = DIRECTION ( 'NONE',  ( -1.000000000000000000, -0.000000000000000000, -0.000000000000000000 ) ) ;
#4569 = ORIENTED_EDGE ( 'NONE', *, *, #2614, .F. ) ;
#4570 = EDGE_CURVE ( 'NONE', #4294, #993, #535, .T. ) ;
#4571 = CIRCLE ( 'NONE', #2140, 0.8000000000000003775 ) ;
#4572 = ORIENTED_EDGE ( 'NONE', *, *, #655, .F. ) ;
#4573 = ORIENTED_EDGE ( 'NONE', *, *, #5327, .F. ) ;
#4574 = ORIENTED_EDGE ( 'NONE', *, *, #1814, .F. ) ;
#4575 = EDGE_CURVE ( 'NONE', #4314, #4407, #654, .T. ) ;
#4576 = DIRECTION ( 'NONE',  ( -1.000000000000000000, -3.469446951953612956E-17, 0.000000000000000000 ) ) ;
#4577 = CARTESIAN_POINT ( 'NONE',  ( 0.4999999999999978351, -3.499999999999999556, -40.00100000000001188 ) ) ;
#4578 = EDGE_CURVE ( 'NONE', #1352, #2577, #2002, .T. ) ;
#4579 = AXIS2_PLACEMENT_3D ( 'NONE', #4331, #481, #5262 ) ;
#4580 = CARTESIAN_POINT ( 'NONE',  ( 0.000000000000000000, 0.000000000000000000, 0.000000000000000000 ) ) ;
#4581 = CARTESIAN_POINT ( 'NONE',  ( 0.5000000000000000000, -22.49999999999998934, -24.20000000000000639 ) ) ;
#4582 = ORIENTED_EDGE ( 'NONE', *, *, #1926, .T. ) ;
#4583 = VECTOR ( 'NONE', #4274, 1000.000000000000000 ) ;
#4584 = CARTESIAN_POINT ( 'NONE',  ( 21.41522322567242043, -4.499999999999997335, -19.20000000000000639 ) ) ;
#4585 = CARTESIAN_POINT ( 'NONE',  ( 1.999999999999999112, 3.999999999999998224, 62.50000000000000000 ) ) ;
#4586 = DIRECTION ( 'NONE',  ( 0.000000000000000000, -0.3390552584695135652, 0.9407664597040922283 ) ) ;
#4587 = EDGE_CURVE ( 'NONE', #2120, #4503, #1274, .T. ) ;
#4588 = ORIENTED_EDGE ( 'NONE', *, *, #2882, .T. ) ;
#4589 = AXIS2_PLACEMENT_3D ( 'NONE', #2088, #5094, #845 ) ;
#4590 = CARTESIAN_POINT ( 'NONE',  ( 1.225000000000000311, -10.99999999999999822, -34.20000000000000284 ) ) ;
#4591 = ORIENTED_EDGE ( 'NONE', *, *, #4812, .T. ) ;
#4592 = DIRECTION ( 'NONE',  ( 1.000000000000000000, 1.239088197126290570E-16, -0.000000000000000000 ) ) ;
#4593 = AXIS2_PLACEMENT_3D ( 'NONE', #1818, #4412, #533 ) ;
#4594 = LINE ( 'NONE', #1627, #4208 ) ;
#4595 = DIRECTION ( 'NONE',  ( -1.000000000000000000, -3.252606517456513918E-17, 0.000000000000000000 ) ) ;
#4596 = CIRCLE ( 'NONE', #3673, 0.8000000000000003775 ) ;
#4597 = ORIENTED_EDGE ( 'NONE', *, *, #369, .T. ) ;
#4598 = DIRECTION ( 'NONE',  ( -1.000000000000000000, -3.469446951953611107E-17, 0.000000000000000000 ) ) ;
#4599 = ORIENTED_EDGE ( 'NONE', *, *, #3665, .T. ) ;
#4600 = CARTESIAN_POINT ( 'NONE',  ( 3.000000000000000000, -22.50000000000001066, 67.00000000000000000 ) ) ;
#4601 = CARTESIAN_POINT ( 'NONE',  ( 1.225000000000000089, -11.00000000000000178, -34.20000000000000284 ) ) ;
#4602 = VERTEX_POINT ( 'NONE', #1575 ) ;
#4603 = VECTOR ( 'NONE', #4484, 1000.000000000000000 ) ;
#4604 = ORIENTED_EDGE ( 'NONE', *, *, #2346, .F. ) ;
#4605 = AXIS2_PLACEMENT_3D ( 'NONE', #1221, #5067, #787 ) ;
#4606 = ORIENTED_EDGE ( 'NONE', *, *, #5035, .F. ) ;
#4607 = ORIENTED_EDGE ( 'NONE', *, *, #1447, .T. ) ;
#4608 = PLANE ( 'NONE',  #5065 ) ;
#4609 = AXIS2_PLACEMENT_3D ( 'NONE', #5047, #4627, #3751 ) ;
#4610 = CARTESIAN_POINT ( 'NONE',  ( 7.002000000000005109, -15.07469763858626521, 42.25511610993392964 ) ) ;
#4611 = AXIS2_PLACEMENT_3D ( 'NONE', #3029, #3467, #3894 ) ;
#4612 = VECTOR ( 'NONE', #648, 1000.000000000000000 ) ;
#4613 = DIRECTION ( 'NONE',  ( 0.000000000000000000, 1.000000000000000000, 0.000000000000000000 ) ) ;
#4614 = CARTESIAN_POINT ( 'NONE',  ( 0.9999999999999993339, 1.494263266912956523, 67.00000000000000000 ) ) ;
#4615 = ADVANCED_FACE ( 'NONE', ( #200 ), #3281, .F. ) ;
#4616 = CARTESIAN_POINT ( 'NONE',  ( 7.002000000000005997, -10.93342069860755039, 14.01605135672935454 ) ) ;
#4617 = CYLINDRICAL_SURFACE ( 'NONE', #4970, 0.8000000000000003775 ) ;
#4618 = DIRECTION ( 'NONE',  ( 1.000000000000000000, 1.239088197126290570E-16, -0.000000000000000000 ) ) ;
#4619 = ORIENTED_EDGE ( 'NONE', *, *, #2516, .F. ) ;
#4620 = ORIENTED_EDGE ( 'NONE', *, *, #5107, .T. ) ;
#4621 = FACE_OUTER_BOUND ( 'NONE', #3407, .T. ) ;
#4622 = CARTESIAN_POINT ( 'NONE',  ( 6.000000000000000000, -1.999999999999998668, 57.78260869565216495 ) ) ;
#4623 = ADVANCED_FACE ( 'NONE', ( #1630 ), #3646, .F. ) ;
#4624 = EDGE_LOOP ( 'NONE', ( #38, #689, #3561, #5604 ) ) ;
#4625 = DIRECTION ( 'NONE',  ( 0.000000000000000000, -1.000000000000000000, 0.000000000000000000 ) ) ;
#4626 = LINE ( 'NONE', #2923, #2123 ) ;
#4627 = DIRECTION ( 'NONE',  ( -1.165692616471626958E-16, 0.9407664597040922283, -0.3390552584695135652 ) ) ;
#4628 = EDGE_CURVE ( 'NONE', #4658, #2229, #5163, .T. ) ;
#4629 = ORIENTED_EDGE ( 'NONE', *, *, #5564, .F. ) ;
#4630 = CARTESIAN_POINT ( 'NONE',  ( 7.000000000000000000, 4.000000000000000000, 4.000000000000000000 ) ) ;
#4631 = DIRECTION ( 'NONE',  ( 0.000000000000000000, -1.000000000000000000, 0.000000000000000000 ) ) ;
#4632 = ORIENTED_EDGE ( 'NONE', *, *, #1390, .T. ) ;
#4633 = ORIENTED_EDGE ( 'NONE', *, *, #3855, .T. ) ;
#4634 = CIRCLE ( 'NONE', #2200, 0.8000000000000003775 ) ;
#4635 = ORIENTED_EDGE ( 'NONE', *, *, #111, .F. ) ;
#4636 = LINE ( 'NONE', #782, #2732 ) ;
#4637 = VECTOR ( 'NONE', #539, 1000.000000000000000 ) ;
#4638 = LINE ( 'NONE', #358, #773 ) ;
#4639 = DIRECTION ( 'NONE',  ( 3.469446951953611107E-17, -1.000000000000000000, 0.000000000000000000 ) ) ;
#4640 = ORIENTED_EDGE ( 'NONE', *, *, #2103, .F. ) ;
#4641 = AXIS2_PLACEMENT_3D ( 'NONE', #3064, #534, #4382 ) ;
#4642 = AXIS2_PLACEMENT_3D ( 'NONE', #3690, #4913, #3274 ) ;
#4643 = FACE_OUTER_BOUND ( 'NONE', #1058, .T. ) ;
#4644 = DIRECTION ( 'NONE',  ( 0.000000000000000000, -1.000000000000000000, 0.000000000000000000 ) ) ;
#4645 = LINE ( 'NONE', #4203, #1212 ) ;
#4646 = VERTEX_POINT ( 'NONE', #5405 ) ;
#4647 = DIRECTION ( 'NONE',  ( 1.057758217059027868E-16, -1.000000000000000000, 0.000000000000000000 ) ) ;
#4648 = EDGE_CURVE ( 'NONE', #4411, #2347, #3230, .T. ) ;
#4649 = VECTOR ( 'NONE', #2150, 1000.000000000000000 ) ;
#4650 = CARTESIAN_POINT ( 'NONE',  ( 7.001000000000002110, -0.9999999999999943379, -37.00000000000000000 ) ) ;
#4651 = DIRECTION ( 'NONE',  ( -1.000000000000000000, -1.239088197126290570E-16, 0.000000000000000000 ) ) ;
#4652 = CARTESIAN_POINT ( 'NONE',  ( 4.000000000000000000, -10.71297600145975615, 34.82261646130366017 ) ) ;
#4653 = EDGE_CURVE ( 'NONE', #964, #2548, #1173, .T. ) ;
#4654 = DIRECTION ( 'NONE',  ( -0.000000000000000000, 1.000000000000000000, -0.000000000000000000 ) ) ;
#4655 = EDGE_CURVE ( 'NONE', #4111, #1065, #2365, .T. ) ;
#4656 = DIRECTION ( 'NONE',  ( -1.000000000000000000, -1.239088197126290570E-16, 0.000000000000000000 ) ) ;
#4657 = ORIENTED_EDGE ( 'NONE', *, *, #3907, .F. ) ;
#4658 = VERTEX_POINT ( 'NONE', #1325 ) ;
#4659 = LINE ( 'NONE', #4630, #391 ) ;
#4660 = ORIENTED_EDGE ( 'NONE', *, *, #4994, .T. ) ;
#4661 = DIRECTION ( 'NONE',  ( 1.000000000000000000, 3.252606517456513918E-17, -0.000000000000000000 ) ) ;
#4662 = ORIENTED_EDGE ( 'NONE', *, *, #152, .F. ) ;
#4663 = ADVANCED_FACE ( 'NONE', ( #2137 ), #2627, .F. ) ;
#4664 = ORIENTED_EDGE ( 'NONE', *, *, #1197, .F. ) ;
#4665 = VECTOR ( 'NONE', #110, 1000.000000000000000 ) ;
#4666 = ORIENTED_EDGE ( 'NONE', *, *, #4089, .F. ) ;
#4667 = AXIS2_PLACEMENT_3D ( 'NONE', #5017, #3178, #4919 ) ;
#4668 = ORIENTED_EDGE ( 'NONE', *, *, #4405, .T. ) ;
#4669 = EDGE_LOOP ( 'NONE', ( #4250, #2009, #4099, #2901 ) ) ;
#4670 = DIRECTION ( 'NONE',  ( 0.000000000000000000, 1.000000000000000000, 0.000000000000000000 ) ) ;
#4671 = DIRECTION ( 'NONE',  ( 0.000000000000000000, -0.3390552584695133431, 0.9407664597040923393 ) ) ;
#4672 = CARTESIAN_POINT ( 'NONE',  ( 7.001000000000008328, -10.50000000000000178, 71.00000000000000000 ) ) ;
#4673 = CARTESIAN_POINT ( 'NONE',  ( 0.000000000000000000, 7.885106708985487062E-16, -34.20000000000000284 ) ) ;
#4674 = DIRECTION ( 'NONE',  ( -1.000000000000000000, -1.239088197126290570E-16, 0.000000000000000000 ) ) ;
#4675 = VECTOR ( 'NONE', #5105, 1000.000000000000000 ) ;
#4676 = DIRECTION ( 'NONE',  ( 1.000000000000000000, 0.000000000000000000, 0.000000000000000000 ) ) ;
#4677 = CARTESIAN_POINT ( 'NONE',  ( 0.9999999999999993339, -0.5000000000000065503, 67.00000000000000000 ) ) ;
#4678 = DIRECTION ( 'NONE',  ( 0.000000000000000000, 0.000000000000000000, 1.000000000000000000 ) ) ;
#4679 = ORIENTED_EDGE ( 'NONE', *, *, #2205, .F. ) ;
#4680 = CARTESIAN_POINT ( 'NONE',  ( 6.000000000000000000, -10.50000000000000178, 71.00000000000000000 ) ) ;
#4681 = ADVANCED_FACE ( 'NONE', ( #4249 ), #11, .F. ) ;
#4682 = LINE ( 'NONE', #4652, #1602 ) ;
#4683 = ORIENTED_EDGE ( 'NONE', *, *, #4915, .T. ) ;
#4684 = CARTESIAN_POINT ( 'NONE',  ( 0.4999999999999981681, -6.499999999999999112, 65.20000000000000284 ) ) ;
#4685 = CARTESIAN_POINT ( 'NONE',  ( 7.002000000000005109, -10.58823163272324841, 61.17174867651791459 ) ) ;
#4686 = VERTEX_POINT ( 'NONE', #765 ) ;
#4687 = EDGE_CURVE ( 'NONE', #846, #2493, #4293, .T. ) ;
#4688 = CARTESIAN_POINT ( 'NONE',  ( -63.03173803727769808, -7.300000000000001599, 15.44526502967734416 ) ) ;
#4689 = EDGE_LOOP ( 'NONE', ( #1413, #5029, #3389, #2905 ) ) ;
#4690 = DIRECTION ( 'NONE',  ( -1.000000000000000000, -0.000000000000000000, -0.000000000000000000 ) ) ;
#4691 = ORIENTED_EDGE ( 'NONE', *, *, #3982, .F. ) ;
#4692 = ORIENTED_EDGE ( 'NONE', *, *, #3631, .T. ) ;
#4693 = AXIS2_PLACEMENT_3D ( 'NONE', #677, #1139, #4989 ) ;
#4694 = VERTEX_POINT ( 'NONE', #437 ) ;
#4695 = EDGE_CURVE ( 'NONE', #442, #560, #862, .T. ) ;
#4696 = ORIENTED_EDGE ( 'NONE', *, *, #1585, .F. ) ;
#4697 = DIRECTION ( 'NONE',  ( -1.000000000000000000, -3.252606517456513918E-17, 5.129429894497256509E-33 ) ) ;
#4698 = CARTESIAN_POINT ( 'NONE',  ( 0.4999999999999987232, -8.170174558805832987, 55.54168760482228606 ) ) ;
#4699 = AXIS2_PLACEMENT_3D ( 'NONE', #3145, #3244, #3222 ) ;
#4700 = ORIENTED_EDGE ( 'NONE', *, *, #5423, .T. ) ;
#4701 = CARTESIAN_POINT ( 'NONE',  ( 0.4999999999999991673, -13.84625753883615040, 43.51643879716585417 ) ) ;
#4702 = CARTESIAN_POINT ( 'NONE',  ( -64.14711903867025455, -14.54981716550030413, 65.20000000000000284 ) ) ;
#4703 = DIRECTION ( 'NONE',  ( 1.000000000000000000, -6.505213034913026604E-17, 0.000000000000000000 ) ) ;
#4704 = ORIENTED_EDGE ( 'NONE', *, *, #1379, .T. ) ;
#4705 = ORIENTED_EDGE ( 'NONE', *, *, #5057, .F. ) ;
#4706 = PLANE ( 'NONE',  #1737 ) ;
#4707 = CARTESIAN_POINT ( 'NONE',  ( 3.499999999999995559, -15.99999999999999645, 22.04999999999999716 ) ) ;
#4708 = CARTESIAN_POINT ( 'NONE',  ( 4.000000000000000000, -9.536057466139306271, 25.65831239517770612 ) ) ;
#4709 = VERTEX_POINT ( 'NONE', #377 ) ;
#4710 =( LENGTH_UNIT ( ) NAMED_UNIT ( * ) SI_UNIT ( .MILLI., .METRE. ) );
#4711 = VECTOR ( 'NONE', #1901, 1000.000000000000000 ) ;
#4712 = AXIS2_PLACEMENT_3D ( 'NONE', #2699, #449, #2594 ) ;
#4713 = DIRECTION ( 'NONE',  ( 0.000000000000000000, -1.000000000000000000, 0.000000000000000000 ) ) ;
#4714 = CARTESIAN_POINT ( 'NONE',  ( 0.4999999999999987232, -9.960362833696484230, 42.90613933192072693 ) ) ;
#4715 = EDGE_LOOP ( 'NONE', ( #1310, #3822, #1889, #666 ) ) ;
#4716 = CARTESIAN_POINT ( 'NONE',  ( 4.225000000000000533, -7.828427124746198729, -37.00000000000000000 ) ) ;
#4717 = CARTESIAN_POINT ( 'NONE',  ( 1.225000000000000089, -0.9999999999999950040, -34.20000000000000284 ) ) ;
#4718 = ORIENTED_EDGE ( 'NONE', *, *, #2622, .T. ) ;
#4719 = VERTEX_POINT ( 'NONE', #4214 ) ;
#4720 = ADVANCED_FACE ( 'NONE', ( #893 ), #5177, .F. ) ;
#4721 = ORIENTED_EDGE ( 'NONE', *, *, #624, .F. ) ;
#4722 = ORIENTED_EDGE ( 'NONE', *, *, #4727, .F. ) ;
#4723 = CARTESIAN_POINT ( 'NONE',  ( 0.4999999999999990563, -13.03637030922739548, 35.01026416338211789 ) ) ;
#4724 = EDGE_CURVE ( 'NONE', #2186, #3790, #3054, .T. ) ;
#4725 = DIRECTION ( 'NONE',  ( 0.000000000000000000, 0.000000000000000000, -1.000000000000000000 ) ) ;
#4726 = AXIS2_PLACEMENT_3D ( 'NONE', #3162, #4005, #5434 ) ;
#4727 = EDGE_CURVE ( 'NONE', #5151, #5215, #4309, .T. ) ;
#4728 = CARTESIAN_POINT ( 'NONE',  ( 0.9999999999999995559, -3.145898033750309075, 59.65831239517769546 ) ) ;
#4729 = EDGE_LOOP ( 'NONE', ( #3259, #2320, #2993, #3489 ) ) ;
#4730 = DIRECTION ( 'NONE',  ( -4.599880250050153229E-17, -0.7071067811865524577, 0.7071067811865426878 ) ) ;
#4731 = AXIS2_PLACEMENT_3D ( 'NONE', #2709, #3508, #4858 ) ;
#4732 = AXIS2_PLACEMENT_3D ( 'NONE', #4252, #3850, #3399 ) ;
#4733 = PLANE ( 'NONE',  #78 ) ;
#4734 = UNCERTAINTY_MEASURE_WITH_UNIT (LENGTH_MEASURE( 1.000000000000000082E-05 ), #4710, 'distance_accuracy_value', 'NONE');
#4735 = AXIS2_PLACEMENT_3D ( 'NONE', #4949, #2264, #1420 ) ;
#4736 = DIRECTION ( 'NONE',  ( 2.551925094855734528E-17, -1.000000000000000000, 0.000000000000000000 ) ) ;
#4737 = ORIENTED_EDGE ( 'NONE', *, *, #205, .F. ) ;
#4738 = LINE ( 'NONE', #4179, #1661 ) ;
#4739 = EDGE_CURVE ( 'NONE', #1612, #4839, #2514, .T. ) ;
#4740 = AXIS2_PLACEMENT_3D ( 'NONE', #4528, #4094, #4149 ) ;
#4741 = DIRECTION ( 'NONE',  ( 0.000000000000000000, 0.000000000000000000, -1.000000000000000000 ) ) ;
#4742 = CARTESIAN_POINT ( 'NONE',  ( 1.225000000000000089, -10.99999999999999467, -29.20000000000000284 ) ) ;
#4743 = DIRECTION ( 'NONE',  ( 0.000000000000000000, 1.000000000000000000, 0.000000000000000000 ) ) ;
#4744 = AXIS2_PLACEMENT_3D ( 'NONE', #5286, #530, #3498 ) ;
#4745 = AXIS2_PLACEMENT_3D ( 'NONE', #1720, #5571, #3394 ) ;
#4746 = CARTESIAN_POINT ( 'NONE',  ( 3.500000000000000444, -15.99999999999998934, -18.00000000000000711 ) ) ;
#4747 = CARTESIAN_POINT ( 'NONE',  ( 6.000000000000000000, -12.75000000000000000, 39.00000000000000000 ) ) ;
#4748 = VERTEX_POINT ( 'NONE', #3453 ) ;
#4749 = DIRECTION ( 'NONE',  ( 1.000000000000000000, 3.252606517456516384E-17, -1.048466334442454337E-16 ) ) ;
#4750 = EDGE_LOOP ( 'NONE', ( #174, #4691, #5410, #1318 ) ) ;
#4751 = FACE_OUTER_BOUND ( 'NONE', #3681, .T. ) ;
#4752 = ORIENTED_EDGE ( 'NONE', *, *, #14, .F. ) ;
#4753 = ADVANCED_FACE ( 'NONE', ( #1299 ), #1774, .F. ) ;
#4754 = DIRECTION ( 'NONE',  ( 1.000000000000000000, 1.239088197126290570E-16, 0.000000000000000000 ) ) ;
#4755 = FACE_OUTER_BOUND ( 'NONE', #1190, .T. ) ;
#4756 = ORIENTED_EDGE ( 'NONE', *, *, #1243, .T. ) ;
#4757 = VECTOR ( 'NONE', #5214, 1000.000000000000000 ) ;
#4758 = DIRECTION ( 'NONE',  ( 0.000000000000000000, 0.000000000000000000, -1.000000000000000000 ) ) ;
#4759 = CIRCLE ( 'NONE', #1138, 0.8000000000000003775 ) ;
#4760 = EDGE_CURVE ( 'NONE', #2232, #2937, #3422, .T. ) ;
#4761 = VECTOR ( 'NONE', #459, 1000.000000000000000 ) ;
#4762 = DIRECTION ( 'NONE',  ( -1.355252715606883008E-16, 1.000000000000000000, 0.000000000000000000 ) ) ;
#4763 = CARTESIAN_POINT ( 'NONE',  ( 0.4999999999999992784, -14.80000000000000071, 39.00000000000000000 ) ) ;
#4764 = ORIENTED_EDGE ( 'NONE', *, *, #218, .F. ) ;
#4765 = PLANE ( 'NONE',  #3485 ) ;
#4766 = DIRECTION ( 'NONE',  ( -1.000000000000000000, -1.239088197126290570E-16, 0.000000000000000000 ) ) ;
#4767 = VECTOR ( 'NONE', #911, 1000.000000000000000 ) ;
#4768 = VERTEX_POINT ( 'NONE', #1662 ) ;
#4769 = VECTOR ( 'NONE', #1185, 1000.000000000000000 ) ;
#4770 = VECTOR ( 'NONE', #5045, 1000.000000000000000 ) ;
#4771 = CARTESIAN_POINT ( 'NONE',  ( 4.000000000000003553, -18.20000000000000284, 27.71223167968817336 ) ) ;
#4772 = EDGE_CURVE ( 'NONE', #33, #5137, #3366, .T. ) ;
#4773 = VERTEX_POINT ( 'NONE', #2956 ) ;
#4774 = CYLINDRICAL_SURFACE ( 'NONE', #253, 2.050000000000001599 ) ;
#4775 = CYLINDRICAL_SURFACE ( 'NONE', #5380, 0.7999999999999994893 ) ;
#4776 = DIRECTION ( 'NONE',  ( 0.000000000000000000, -1.000000000000000000, 0.000000000000000000 ) ) ;
#4777 = ORIENTED_EDGE ( 'NONE', *, *, #5192, .T. ) ;
#4778 = CARTESIAN_POINT ( 'NONE',  ( 5.999999999999999112, -17.00000000000000000, -13.25000000000000178 ) ) ;
#4779 = ORIENTED_EDGE ( 'NONE', *, *, #991, .F. ) ;
#4780 = CARTESIAN_POINT ( 'NONE',  ( 7.002000000000005997, -19.00000000000001066, 54.86700173132491898 ) ) ;
#4781 = AXIS2_PLACEMENT_3D ( 'NONE', #4672, #3321, #2528 ) ;
#4782 = EDGE_LOOP ( 'NONE', ( #5349, #4567, #2146, #1886, #2749, #5294, #1177, #3331, #4311, #3458, #2236, #2098, #5119 ) ) ;
#4783 = VECTOR ( 'NONE', #1355, 1000.000000000000000 ) ;
#4784 = DIRECTION ( 'NONE',  ( 0.000000000000000000, 0.000000000000000000, 1.000000000000000000 ) ) ;
#4785 = ORIENTED_EDGE ( 'NONE', *, *, #5107, .F. ) ;
#4786 = DIRECTION ( 'NONE',  ( 0.000000000000000000, 0.000000000000000000, -1.000000000000000000 ) ) ;
#4787 = EDGE_CURVE ( 'NONE', #3788, #4686, #5413, .T. ) ;
#4788 = CIRCLE ( 'NONE', #4972, 0.8000000000000003775 ) ;
#4789 = CARTESIAN_POINT ( 'NONE',  ( 4.000000000000000888, -11.53650156772112467, 15.34168760482228500 ) ) ;
#4790 = LINE ( 'NONE', #5197, #96 ) ;
#4791 = CARTESIAN_POINT ( 'NONE',  ( 1.000000000000000888, -14.54981716550029525, 65.20000000000000284 ) ) ;
#4792 = VECTOR ( 'NONE', #1589, 1000.000000000000000 ) ;
#4793 = CARTESIAN_POINT ( 'NONE',  ( 31.65336144876025770, 6.563277878031139601, 66.19859520899437655 ) ) ;
#4794 = DIRECTION ( 'NONE',  ( -1.000000000000000000, -3.252606517456513918E-17, -0.000000000000000000 ) ) ;
#4795 = EDGE_CURVE ( 'NONE', #5237, #2553, #1693, .T. ) ;
#4796 = FACE_OUTER_BOUND ( 'NONE', #5055, .T. ) ;
#4797 = EDGE_LOOP ( 'NONE', ( #1356, #3011, #3158, #792 ) ) ;
#4798 = AXIS2_PLACEMENT_3D ( 'NONE', #675, #4045, #708 ) ;
#4799 = ORIENTED_EDGE ( 'NONE', *, *, #5095, .T. ) ;
#4800 = CARTESIAN_POINT ( 'NONE',  ( 7.002000000000005109, -12.75000000000000000, 39.00000000000000000 ) ) ;
#4801 = EDGE_LOOP ( 'NONE', ( #4236, #4704, #2542, #4032, #306, #1505, #682, #547 ) ) ;
#4802 = EDGE_CURVE ( 'NONE', #4146, #2733, #2983, .T. ) ;
#4803 = DIRECTION ( 'NONE',  ( -0.000000000000000000, -0.000000000000000000, 1.000000000000000000 ) ) ;
#4804 = CARTESIAN_POINT ( 'NONE',  ( 3.500000000000000444, -22.50000000000001066, 60.04999999999999716 ) ) ;
#4805 = ADVANCED_FACE ( 'NONE', ( #2576 ), #3878, .F. ) ;
#4806 = ORIENTED_EDGE ( 'NONE', *, *, #756, .F. ) ;
#4807 = VERTEX_POINT ( 'NONE', #4917 ) ;
#4808 = DIRECTION ( 'NONE',  ( 0.000000000000000000, -1.000000000000000000, 0.000000000000000000 ) ) ;
#4809 = VECTOR ( 'NONE', #2669, 1000.000000000000000 ) ;
#4810 = VERTEX_POINT ( 'NONE', #2742 ) ;
#4811 = LINE ( 'NONE', #3320, #5052 ) ;
#4812 = EDGE_CURVE ( 'NONE', #5051, #917, #2342, .T. ) ;
#4813 = VERTEX_POINT ( 'NONE', #1381 ) ;
#4814 = CIRCLE ( 'NONE', #2648, 0.8000000000000003775 ) ;
#4815 = CARTESIAN_POINT ( 'NONE',  ( 7.002000000000005109, -12.21851846721101253, 39.00000000000000000 ) ) ;
#4816 = DIRECTION ( 'NONE',  ( -1.000000000000000000, -3.469446951953612956E-17, 0.000000000000000000 ) ) ;
#4817 = DIRECTION ( 'NONE',  ( -3.252606517456513918E-17, 1.000000000000000000, 0.000000000000000000 ) ) ;
#4818 = CARTESIAN_POINT ( 'NONE',  ( -11.90479651964897911, -2.999999999999998668, 57.99999999999999289 ) ) ;
#4819 = FACE_OUTER_BOUND ( 'NONE', #3698, .T. ) ;
#4820 = ORIENTED_EDGE ( 'NONE', *, *, #3599, .T. ) ;
#4821 = DIRECTION ( 'NONE',  ( 0.000000000000000000, 0.000000000000000000, 1.000000000000000000 ) ) ;
#4822 = LINE ( 'NONE', #31, #5020 ) ;
#4823 = CIRCLE ( 'NONE', #2831, 0.8000000000000003775 ) ;
#4824 = DIRECTION ( 'NONE',  ( -1.000000000000000000, -3.469446951953611107E-17, 0.000000000000000000 ) ) ;
#4825 = ORIENTED_EDGE ( 'NONE', *, *, #4925, .F. ) ;
#4826 = CARTESIAN_POINT ( 'NONE',  ( -4.501000000000007439, -17.00000000000000000, -11.20000000000000107 ) ) ;
#4827 = CARTESIAN_POINT ( 'NONE',  ( 0.5000000000000004441, -6.499999999999992895, 18.34168760482228322 ) ) ;
#4828 = ADVANCED_FACE ( 'NONE', ( #146 ), #514, .F. ) ;
#4829 = ORIENTED_EDGE ( 'NONE', *, *, #2387, .F. ) ;
#4830 = AXIS2_PLACEMENT_3D ( 'NONE', #4499, #619, #1135 ) ;
#4831 = CARTESIAN_POINT ( 'NONE',  ( 3.999999999999999112, 1.322726650432315409E-16, 0.000000000000000000 ) ) ;
#4832 = DIRECTION ( 'NONE',  ( 0.000000000000000000, 0.000000000000000000, -1.000000000000000000 ) ) ;
#4833 = EDGE_LOOP ( 'NONE', ( #2816, #2247 ) ) ;
#4834 = VECTOR ( 'NONE', #1161, 1000.000000000000000 ) ;
#4835 = EDGE_CURVE ( 'NONE', #5368, #2169, #1064, .T. ) ;
#4836 = ORIENTED_EDGE ( 'NONE', *, *, #5229, .T. ) ;
#4837 = CARTESIAN_POINT ( 'NONE',  ( -64.14711903867025455, -17.32982544119417767, 21.65831239517770612 ) ) ;
#4838 = ADVANCED_FACE ( 'NONE', ( #1804 ), #5301, .T. ) ;
#4839 = VERTEX_POINT ( 'NONE', #598 ) ;
#4840 = CARTESIAN_POINT ( 'NONE',  ( 1.225000000000000311, -14.49999999999999645, -26.35000000000000142 ) ) ;
#4841 = EDGE_LOOP ( 'NONE', ( #1928, #2421, #1291, #1439 ) ) ;
#4842 = EDGE_CURVE ( 'NONE', #2683, #1152, #4406, .T. ) ;
#4843 = CARTESIAN_POINT ( 'NONE',  ( 1.225000000000000311, -14.49999999999999645, -26.35000000000000142 ) ) ;
#4844 = AXIS2_PLACEMENT_3D ( 'NONE', #2195, #4656, #2544 ) ;
#4845 = DIRECTION ( 'NONE',  ( 1.000000000000000000, 3.252606517456513918E-17, -0.000000000000000000 ) ) ;
#4846 = CARTESIAN_POINT ( 'NONE',  ( 4.225000000000000533, -13.99999999999999645, -34.20000000000000284 ) ) ;
#4847 = PLANE ( 'NONE',  #5462 ) ;
#4848 = ORIENTED_EDGE ( 'NONE', *, *, #360, .T. ) ;
#4849 = CARTESIAN_POINT ( 'NONE',  ( 1.225000000000000311, -20.99999999999999645, -31.59999999999999787 ) ) ;
#4850 = CARTESIAN_POINT ( 'NONE',  ( 0.5000000000000004441, -8.170174558805832987, 22.45831239517770328 ) ) ;
#4851 = CIRCLE ( 'NONE', #3043, 0.8000000000000003775 ) ;
#4852 = ORIENTED_EDGE ( 'NONE', *, *, #5483, .T. ) ;
#4853 = AXIS2_PLACEMENT_3D ( 'NONE', #1465, #3175, #3069 ) ;
#4854 = DIRECTION ( 'NONE',  ( -7.589415207398536955E-16, 4.336808689942021187E-16, -1.000000000000000000 ) ) ;
#4855 = ORIENTED_EDGE ( 'NONE', *, *, #5229, .F. ) ;
#4856 = FACE_OUTER_BOUND ( 'NONE', #4524, .T. ) ;
#4857 = VECTOR ( 'NONE', #5106, 1000.000000000000000 ) ;
#4858 = DIRECTION ( 'NONE',  ( -1.000000000000000000, -3.252606517456513918E-17, 0.000000000000000000 ) ) ;
#4859 = VERTEX_POINT ( 'NONE', #3593 ) ;
#4860 = AXIS2_PLACEMENT_3D ( 'NONE', #1569, #2477, #4180 ) ;
#4861 = CARTESIAN_POINT ( 'NONE',  ( 4.000000000000000000, -15.96394253386069728, 25.65831239517770612 ) ) ;
#4862 = LINE ( 'NONE', #2223, #4783 ) ;
#4863 = AXIS2_PLACEMENT_3D ( 'NONE', #4698, #1560, #4198 ) ;
#4864 = EDGE_CURVE ( 'NONE', #2158, #724, #5345, .T. ) ;
#4865 = ORIENTED_EDGE ( 'NONE', *, *, #2447, .T. ) ;
#4866 = EDGE_LOOP ( 'NONE', ( #2117, #3099, #186, #931, #4582 ) ) ;
#4867 = LINE ( 'NONE', #3073, #1595 ) ;
#4868 = CIRCLE ( 'NONE', #4030, 0.8000000000000003775 ) ;
#4869 = ORIENTED_EDGE ( 'NONE', *, *, #2654, .T. ) ;
#4870 = CARTESIAN_POINT ( 'NONE',  ( 4.000000000000000000, -16.24861579036490511, 53.34168760482229033 ) ) ;
#4871 = ADVANCED_FACE ( 'NONE', ( #3070 ), #1410, .F. ) ;
#4872 = AXIS2_PLACEMENT_3D ( 'NONE', #5171, #3090, #856 ) ;
#4873 = CARTESIAN_POINT ( 'NONE',  ( 0.5000000000000006661, -8.170174558805832987, 56.34168760482229033 ) ) ;
#4874 = AXIS2_PLACEMENT_3D ( 'NONE', #5036, #4931, #2758 ) ;
#4875 = EDGE_CURVE ( 'NONE', #4287, #3909, #1466, .T. ) ;
#4876 = EDGE_CURVE ( 'NONE', #940, #5546, #4862, .T. ) ;
#4877 = ORIENTED_EDGE ( 'NONE', *, *, #3231, .T. ) ;
#4878 = CARTESIAN_POINT ( 'NONE',  ( 4.000000000000000000, -12.75000000000000000, 40.47468587349739266 ) ) ;
#4879 = AXIS2_PLACEMENT_3D ( 'NONE', #4780, #3075, #5034 ) ;
#4880 = CARTESIAN_POINT ( 'NONE',  ( 5.000000000000000000, 3.100000000000000089, -34.00000000000000000 ) ) ;
#4881 = DIRECTION ( 'NONE',  ( -1.000000000000000000, -0.000000000000000000, -0.000000000000000000 ) ) ;
#4882 = DIRECTION ( 'NONE',  ( 0.000000000000000000, -1.000000000000000000, 0.000000000000000000 ) ) ;
#4883 = DIRECTION ( 'NONE',  ( -1.355252715606879803E-16, 1.000000000000000000, 0.000000000000000000 ) ) ;
#4884 = EDGE_CURVE ( 'NONE', #2109, #2358, #2348, .T. ) ;
#4885 = FACE_OUTER_BOUND ( 'NONE', #3373, .T. ) ;
#4886 = VERTEX_POINT ( 'NONE', #4804 ) ;
#4887 = CARTESIAN_POINT ( 'NONE',  ( 0.4999999999999982792, -7.163260966291186804, 18.34168760482228322 ) ) ;
#4888 = DIRECTION ( 'NONE',  ( 0.000000000000000000, 0.000000000000000000, 1.000000000000000000 ) ) ;
#4889 = AXIS2_PLACEMENT_3D ( 'NONE', #538, #3875, #2281 ) ;
#4890 = ORIENTED_EDGE ( 'NONE', *, *, #1243, .F. ) ;
#4891 = DIRECTION ( 'NONE',  ( -1.000000000000000000, -3.252606517456514535E-17, 0.000000000000000000 ) ) ;
#4892 = DIRECTION ( 'NONE',  ( 0.000000000000000000, -0.000000000000000000, 1.000000000000000000 ) ) ;
#4893 = CIRCLE ( 'NONE', #3766, 1.600000000000000755 ) ;
#4894 = ORIENTED_EDGE ( 'NONE', *, *, #2082, .F. ) ;
#4895 = DIRECTION ( 'NONE',  ( 1.000000000000000000, 3.469446951953611107E-17, -0.000000000000000000 ) ) ;
#4896 = ORIENTED_EDGE ( 'NONE', *, *, #953, .F. ) ;
#4897 = DIRECTION ( 'NONE',  ( 0.000000000000000000, 0.000000000000000000, -1.000000000000000000 ) ) ;
#4898 = DIRECTION ( 'NONE',  ( -1.000000000000000000, -3.252606517456513302E-17, -4.636167053988480905E-17 ) ) ;
#4899 = ORIENTED_EDGE ( 'NONE', *, *, #4485, .F. ) ;
#4900 = EDGE_CURVE ( 'NONE', #3315, #3827, #4392, .T. ) ;
#4901 = AXIS2_PLACEMENT_3D ( 'NONE', #5491, #4576, #1614 ) ;
#4902 = ORIENTED_EDGE ( 'NONE', *, *, #703, .F. ) ;
#4903 = FACE_OUTER_BOUND ( 'NONE', #1922, .T. ) ;
#4904 = LINE ( 'NONE', #2753, #4711 ) ;
#4905 = CARTESIAN_POINT ( 'NONE',  ( 4.000000000000000000, -6.499999999999999112, 14.54168760482228606 ) ) ;
#4906 = EDGE_CURVE ( 'NONE', #5412, #2310, #5143, .T. ) ;
#4907 = EDGE_LOOP ( 'NONE', ( #579, #1326, #2850, #1060 ) ) ;
#4908 = DIRECTION ( 'NONE',  ( 5.606118275711208085E-17, -0.4524390022205836415, -0.8917953516752835652 ) ) ;
#4909 = CARTESIAN_POINT ( 'NONE',  ( 6.000000000000000000, -12.15000000000000391, 71.00000000000000000 ) ) ;
#4910 = ORIENTED_EDGE ( 'NONE', *, *, #325, .F. ) ;
#4911 = DIRECTION ( 'NONE',  ( -1.000000000000000000, -3.469446951953611107E-17, 0.000000000000000000 ) ) ;
#4912 = DIRECTION ( 'NONE',  ( 1.000000000000000000, -0.000000000000000000, -0.000000000000000000 ) ) ;
#4913 = DIRECTION ( 'NONE',  ( -1.000000000000000000, -3.252606517456513918E-17, 0.000000000000000000 ) ) ;
#4914 = EDGE_LOOP ( 'NONE', ( #2381, #3144 ) ) ;
#4915 = EDGE_CURVE ( 'NONE', #4204, #3393, #2429, .T. ) ;
#4916 = CARTESIAN_POINT ( 'NONE',  ( 0.4999999999999987232, -12.40635562892712684, 34.21231699605854004 ) ) ;
#4917 = CARTESIAN_POINT ( 'NONE',  ( 0.4999999999999996669, -17.37825347598732506, 4.800000000000004263 ) ) ;
#4918 = ORIENTED_EDGE ( 'NONE', *, *, #5193, .F. ) ;
#4919 = DIRECTION ( 'NONE',  ( 0.000000000000000000, -1.000000000000000000, 0.000000000000000000 ) ) ;
#4920 = EDGE_LOOP ( 'NONE', ( #2490, #1631, #3824, #3581, #2612, #4138, #4929 ) ) ;
#4921 = CARTESIAN_POINT ( 'NONE',  ( 1.225000000000000089, -10.99999999999999822, -24.20000000000000639 ) ) ;
#4922 = AXIS2_PLACEMENT_3D ( 'NONE', #5011, #3614, #2867 ) ;
#4923 = LINE ( 'NONE', #4486, #180 ) ;
#4924 = ORIENTED_EDGE ( 'NONE', *, *, #531, .F. ) ;
#4925 = EDGE_CURVE ( 'NONE', #408, #572, #3124, .T. ) ;
#4926 = ORIENTED_EDGE ( 'NONE', *, *, #4687, .T. ) ;
#4927 = DIRECTION ( 'NONE',  ( 3.129951135296190967E-17, -1.000000000000000000, 0.000000000000000000 ) ) ;
#4928 = CARTESIAN_POINT ( 'NONE',  ( 7.002000000000004221, -17.59691913088642679, 6.370786327052024411 ) ) ;
#4929 = ORIENTED_EDGE ( 'NONE', *, *, #763, .T. ) ;
#4930 = LINE ( 'NONE', #1071, #435 ) ;
#4931 = DIRECTION ( 'NONE',  ( -1.000000000000000000, -3.469446951953611107E-17, 0.000000000000000000 ) ) ;
#4932 = EDGE_CURVE ( 'NONE', #3978, #2039, #2286, .T. ) ;
#4933 = DIRECTION ( 'NONE',  ( 0.000000000000000000, -1.000000000000000000, 0.000000000000000000 ) ) ;
#4934 = CARTESIAN_POINT ( 'NONE',  ( 0.4999999999999981681, -6.499999999999999112, 61.52191394754549947 ) ) ;
#4935 = FACE_OUTER_BOUND ( 'NONE', #3423, .T. ) ;
#4936 = DIRECTION ( 'NONE',  ( -1.801837981502991651E-17, 0.6819983600625021403, -0.7313537016191671292 ) ) ;
#4937 = DIRECTION ( 'NONE',  ( -0.000000000000000000, -0.000000000000000000, -1.000000000000000000 ) ) ;
#4938 = EDGE_CURVE ( 'NONE', #5583, #3924, #122, .T. ) ;
#4939 = FACE_OUTER_BOUND ( 'NONE', #1828, .T. ) ;
#4940 = AXIS2_PLACEMENT_3D ( 'NONE', #2690, #440, #2199 ) ;
#4941 = DIRECTION ( 'NONE',  ( 1.678764654171104639E-15, -1.000000000000000000, 0.000000000000000000 ) ) ;
#4942 = ORIENTED_EDGE ( 'NONE', *, *, #1756, .F. ) ;
#4943 = ORIENTED_EDGE ( 'NONE', *, *, #3295, .F. ) ;
#4944 = VECTOR ( 'NONE', #3826, 1000.000000000000114 ) ;
#4945 = CARTESIAN_POINT ( 'NONE',  ( 0.5000000000000005551, -15.34981716550029596, 65.20000000000000284 ) ) ;
#4946 = ORIENTED_EDGE ( 'NONE', *, *, #388, .T. ) ;
#4947 = EDGE_CURVE ( 'NONE', #65, #326, #3569, .T. ) ;
#4948 = VECTOR ( 'NONE', #2046, 1000.000000000000000 ) ;
#4949 = CARTESIAN_POINT ( 'NONE',  ( 7.002000000000005109, -12.75000000000000000, 39.00000000000000000 ) ) ;
#4950 = ORIENTED_EDGE ( 'NONE', *, *, #1418, .F. ) ;
#4951 = ORIENTED_EDGE ( 'NONE', *, *, #4216, .F. ) ;
#4952 = CIRCLE ( 'NONE', #1526, 0.7999999999999986011 ) ;
#4953 = CARTESIAN_POINT ( 'NONE',  ( 3.500000000000000888, -15.99999999999998934, -15.95000000000000639 ) ) ;
#4954 = CARTESIAN_POINT ( 'NONE',  ( 7.002000000000005109, -8.318665654899097817, 17.01605135672935631 ) ) ;
#4955 = LINE ( 'NONE', #2835, #791 ) ;
#4956 = EDGE_CURVE ( 'NONE', #3823, #2144, #248, .T. ) ;
#4957 = VECTOR ( 'NONE', #4279, 1000.000000000000000 ) ;
#4958 = FACE_OUTER_BOUND ( 'NONE', #2847, .T. ) ;
#4959 = CARTESIAN_POINT ( 'NONE',  ( 4.000000000000000000, -15.53963716630351577, 42.90613933192071983 ) ) ;
#4960 = CARTESIAN_POINT ( 'NONE',  ( 0.9999999999999995559, -10.95018283449971719, 59.65831239517769546 ) ) ;
#4961 = VECTOR ( 'NONE', #2685, 1000.000000000000000 ) ;
#4962 = PLANE ( 'NONE',  #4740 ) ;
#4963 = DIRECTION ( 'NONE',  ( -1.000000000000000000, -3.469446951953612956E-17, 0.000000000000000000 ) ) ;
#4964 = ADVANCED_FACE ( 'NONE', ( #1080 ), #5477, .F. ) ;
#4965 = DIRECTION ( 'NONE',  ( 0.000000000000000000, 0.000000000000000000, -1.000000000000000000 ) ) ;
#4966 = ORIENTED_EDGE ( 'NONE', *, *, #3118, .F. ) ;
#4967 = CARTESIAN_POINT ( 'NONE',  ( 0.000000000000000000, 0.000000000000000000, -20.00000000000000000 ) ) ;
#4968 = EDGE_CURVE ( 'NONE', #2115, #1152, #3694, .T. ) ;
#4969 = EDGE_CURVE ( 'NONE', #4516, #4773, #1055, .T. ) ;
#4970 = AXIS2_PLACEMENT_3D ( 'NONE', #4702, #3715, #821 ) ;
#4971 = CARTESIAN_POINT ( 'NONE',  ( 4.000000000000000888, -16.24861579036490511, 53.34168760482229033 ) ) ;
#4972 = AXIS2_PLACEMENT_3D ( 'NONE', #3617, #1965, #5012 ) ;
#4973 = LINE ( 'NONE', #1635, #194 ) ;
#4974 = ORIENTED_EDGE ( 'NONE', *, *, #4190, .F. ) ;
#4975 = ADVANCED_FACE ( 'NONE', ( #3276 ), #709, .F. ) ;
#4976 = ORIENTED_EDGE ( 'NONE', *, *, #4235, .F. ) ;
#4977 = FACE_BOUND ( 'NONE', #5204, .T. ) ;
#4978 = AXIS2_PLACEMENT_3D ( 'NONE', #3444, #209, #996 ) ;
#4979 = CARTESIAN_POINT ( 'NONE',  ( 2.999999999999999112, 1.494263266912956523, 67.00000000000000000 ) ) ;
#4980 = VECTOR ( 'NONE', #4674, 1000.000000000000000 ) ;
#4981 = ORIENTED_EDGE ( 'NONE', *, *, #628, .F. ) ;
#4982 = CARTESIAN_POINT ( 'NONE',  ( 0.4999999999999980571, -5.299999999999999822, -19.20000000000000639 ) ) ;
#4983 = DIRECTION ( 'NONE',  ( 1.000000000000000000, 0.000000000000000000, 0.000000000000000000 ) ) ;
#4984 = DIRECTION ( 'NONE',  ( 1.000000000000000000, 1.239088197126290570E-16, 0.000000000000000000 ) ) ;
#4985 = CARTESIAN_POINT ( 'NONE',  ( 0.000000000000000000, 0.000000000000000000, -31.09999999999999432 ) ) ;
#4986 = CARTESIAN_POINT ( 'NONE',  ( 0.4999999999999989453, -11.65374246116385137, 34.48356120283414583 ) ) ;
#4987 = VECTOR ( 'NONE', #4266, 1000.000000000000000 ) ;
#4988 = CARTESIAN_POINT ( 'NONE',  ( -4.501000000000010992, -15.99999999999999645, -31.59999999999999787 ) ) ;
#4989 = DIRECTION ( 'NONE',  ( 1.000000000000000000, 3.252606517456513918E-17, 0.000000000000000000 ) ) ;
#4990 = VERTEX_POINT ( 'NONE', #3199 ) ;
#4991 = EDGE_CURVE ( 'NONE', #2745, #684, #5609, .T. ) ;
#4992 = DIRECTION ( 'NONE',  ( 1.000000000000000000, 1.239088197126290570E-16, -0.000000000000000000 ) ) ;
#4993 = DIRECTION ( 'NONE',  ( 3.252606517456513918E-17, -1.000000000000000000, 0.000000000000000000 ) ) ;
#4994 = EDGE_CURVE ( 'NONE', #2936, #757, #1914, .T. ) ;
#4995 = DIRECTION ( 'NONE',  ( 3.469446951953611107E-17, -1.000000000000000000, 0.000000000000000000 ) ) ;
#4996 = ORIENTED_EDGE ( 'NONE', *, *, #3566, .F. ) ;
#4997 = CARTESIAN_POINT ( 'NONE',  ( 0.5000000000000004441, -19.00000000000000355, 60.45831239517769262 ) ) ;
#4998 = ORIENTED_EDGE ( 'NONE', *, *, #1445, .T. ) ;
#4999 = EDGE_CURVE ( 'NONE', #3015, #2631, #276, .T. ) ;
#5000 = EDGE_CURVE ( 'NONE', #5206, #984, #1696, .T. ) ;
#5001 = ORIENTED_EDGE ( 'NONE', *, *, #1123, .F. ) ;
#5002 = AXIS2_PLACEMENT_3D ( 'NONE', #1053, #3639, #4475 ) ;
#5003 = DIRECTION ( 'NONE',  ( 3.469446951953611107E-17, -1.000000000000000000, 0.000000000000000000 ) ) ;
#5004 = VECTOR ( 'NONE', #4654, 1000.000000000000000 ) ;
#5005 = PLANE ( 'NONE',  #5404 ) ;
#5006 = DIRECTION ( 'NONE',  ( -1.000000000000000000, -1.239088197126290570E-16, 0.000000000000000000 ) ) ;
#5007 = VECTOR ( 'NONE', #2384, 1000.000000000000000 ) ;
#5008 = CARTESIAN_POINT ( 'NONE',  ( -4.501000000000007439, -17.00000000000000000, -13.25000000000000178 ) ) ;
#5009 = CARTESIAN_POINT ( 'NONE',  ( -4.501000000000007439, 3.999999999999998224, 62.50000000000000000 ) ) ;
#5010 = DIRECTION ( 'NONE',  ( -1.057758217059028854E-16, 1.000000000000000000, 0.000000000000000000 ) ) ;
#5011 = CARTESIAN_POINT ( 'NONE',  ( 1.000000000000000000, -18.20000000000000639, 64.13639844763217468 ) ) ;
#5012 = DIRECTION ( 'NONE',  ( -1.355252715606879803E-16, 1.000000000000000000, 0.000000000000000000 ) ) ;
#5013 = VECTOR ( 'NONE', #341, 1000.000000000000000 ) ;
#5014 = CARTESIAN_POINT ( 'NONE',  ( 21.41522322567242043, -4.499999999999997335, -4.000000000000000000 ) ) ;
#5015 = VERTEX_POINT ( 'NONE', #4126 ) ;
#5016 = CARTESIAN_POINT ( 'NONE',  ( 0.4999999999999992784, -14.78702399854024030, 34.82261646130366017 ) ) ;
#5017 = CARTESIAN_POINT ( 'NONE',  ( 7.002000000000005109, -13.09364437107287493, 34.21231699605854004 ) ) ;
#5018 = ORIENTED_EDGE ( 'NONE', *, *, #5601, .F. ) ;
#5019 = ORIENTED_EDGE ( 'NONE', *, *, #2662, .T. ) ;
#5020 = VECTOR ( 'NONE', #5290, 1000.000000000000000 ) ;
#5021 = CARTESIAN_POINT ( 'NONE',  ( -64.14711903867025455, -19.00000000000000711, 4.000000000000002665 ) ) ;
#5022 = ORIENTED_EDGE ( 'NONE', *, *, #1419, .T. ) ;
#5023 = CARTESIAN_POINT ( 'NONE',  ( 0.5000000000000004441, -18.20000000000000284, 60.45831239517769262 ) ) ;
#5024 = LINE ( 'NONE', #1608, #444 ) ;
#5025 = ORIENTED_EDGE ( 'NONE', *, *, #4906, .F. ) ;
#5026 = VECTOR ( 'NONE', #3806, 1000.000000000000000 ) ;
#5027 = EDGE_CURVE ( 'NONE', #684, #882, #2394, .T. ) ;
#5028 = CIRCLE ( 'NONE', #1428, 0.7999999999999986011 ) ;
#5029 = ORIENTED_EDGE ( 'NONE', *, *, #4760, .F. ) ;
#5030 = VERTEX_POINT ( 'NONE', #736 ) ;
#5031 = DIRECTION ( 'NONE',  ( -0.000000000000000000, 0.000000000000000000, 1.000000000000000000 ) ) ;
#5032 = PLANE ( 'NONE',  #1051 ) ;
#5033 = AXIS2_PLACEMENT_3D ( 'NONE', #3504, #3900, #3871 ) ;
#5034 = DIRECTION ( 'NONE',  ( 0.000000000000000000, 0.3390552584695133431, -0.9407664597040923393 ) ) ;
#5035 = EDGE_CURVE ( 'NONE', #5241, #5500, #4075, .T. ) ;
#5036 = CARTESIAN_POINT ( 'NONE',  ( 4.000000000000000000, -12.40635562892712684, 34.21231699605854004 ) ) ;
#5037 = CARTESIAN_POINT ( 'NONE',  ( 4.225000000000001421, -2.999999999999996447, -37.00000000000000000 ) ) ;
#5038 = FACE_OUTER_BOUND ( 'NONE', #1903, .T. ) ;
#5039 = LINE ( 'NONE', #788, #4834 ) ;
#5040 = ORIENTED_EDGE ( 'NONE', *, *, #5261, .F. ) ;
#5041 = CARTESIAN_POINT ( 'NONE',  ( 7.000000000000000000, 6.499999999999996447, 4.000000000000000000 ) ) ;
#5042 = EDGE_CURVE ( 'NONE', #2454, #5241, #1995, .T. ) ;
#5043 = DIRECTION ( 'NONE',  ( -0.000000000000000000, -1.577021341797097560E-16, 1.000000000000000000 ) ) ;
#5044 = ORIENTED_EDGE ( 'NONE', *, *, #4932, .T. ) ;
#5045 = DIRECTION ( 'NONE',  ( -1.000000000000000000, -3.252606517456513302E-17, -2.535569890667617935E-16 ) ) ;
#5046 = CARTESIAN_POINT ( 'NONE',  ( 3.000000000000000000, -15.50000000000000178, 75.00000000000000000 ) ) ;
#5047 = CARTESIAN_POINT ( 'NONE',  ( 7.002000000000005997, -18.46851846721101964, 21.65831239517770612 ) ) ;
#5048 = VERTEX_POINT ( 'NONE', #2814 ) ;
#5049 = DIRECTION ( 'NONE',  ( -1.355252715606879803E-16, 1.000000000000000000, 0.000000000000000000 ) ) ;
#5050 = DIRECTION ( 'NONE',  ( 0.000000000000000000, -1.000000000000000000, 0.000000000000000000 ) ) ;
#5051 = VERTEX_POINT ( 'NONE', #2895 ) ;
#5052 = VECTOR ( 'NONE', #1331, 1000.000000000000000 ) ;
#5053 = EDGE_LOOP ( 'NONE', ( #2707, #3983, #2675, #653 ) ) ;
#5054 = ORIENTED_EDGE ( 'NONE', *, *, #2132, .T. ) ;
#5055 = EDGE_LOOP ( 'NONE', ( #1211, #2892, #1808, #3456, #5019, #2173, #1189, #3627, #1977, #3819, #5136, #2998, #3356, #2635, #301, #769 ) ) ;
#5056 = VERTEX_POINT ( 'NONE', #195 ) ;
#5057 = EDGE_CURVE ( 'NONE', #623, #2287, #52, .T. ) ;
#5058 = CARTESIAN_POINT ( 'NONE',  ( 3.999999999999999112, 1.322726650432315163E-16, 0.000000000000000000 ) ) ;
#5059 = CARTESIAN_POINT ( 'NONE',  ( 4.000000000000000000, -18.20000000000000639, 14.54168760482228606 ) ) ;
#5060 = DIRECTION ( 'NONE',  ( -0.000000000000000000, -0.000000000000000000, -1.000000000000000000 ) ) ;
#5061 = ORIENTED_EDGE ( 'NONE', *, *, #3807, .F. ) ;
#5062 = CARTESIAN_POINT ( 'NONE',  ( 0.000000000000000000, 0.000000000000000000, 0.000000000000000000 ) ) ;
#5063 = ORIENTED_EDGE ( 'NONE', *, *, #5000, .T. ) ;
#5064 = LINE ( 'NONE', #3353, #2461 ) ;
#5065 = AXIS2_PLACEMENT_3D ( 'NONE', #2010, #1154, #5003 ) ;
#5066 = EDGE_CURVE ( 'NONE', #801, #5335, #4571, .T. ) ;
#5067 = DIRECTION ( 'NONE',  ( -1.000000000000000000, -3.252606517456513918E-17, 1.048466334442454091E-16 ) ) ;
#5068 = DIRECTION ( 'NONE',  ( -0.000000000000000000, 0.000000000000000000, -1.000000000000000000 ) ) ;
#5069 = ORIENTED_EDGE ( 'NONE', *, *, #3773, .F. ) ;
#5070 = ORIENTED_EDGE ( 'NONE', *, *, #5445, .T. ) ;
#5071 = CARTESIAN_POINT ( 'NONE',  ( 0.4999999999999995559, -17.44738683223673092, 50.55901252708742533 ) ) ;
#5072 = AXIS2_PLACEMENT_3D ( 'NONE', #4062, #1925, #3212 ) ;
#5073 = CARTESIAN_POINT ( 'NONE',  ( -64.14711903867025455, -6.500000000000000888, 21.65831239517770612 ) ) ;
#5074 = VERTEX_POINT ( 'NONE', #221 ) ;
#5075 = FACE_OUTER_BOUND ( 'NONE', #2053, .T. ) ;
#5076 = VECTOR ( 'NONE', #2888, 1000.000000000000000 ) ;
#5077 = ADVANCED_FACE ( 'NONE', ( #4502 ), #5425, .F. ) ;
#5078 = DIRECTION ( 'NONE',  ( -3.129951135296190967E-17, 1.000000000000000000, 0.000000000000000000 ) ) ;
#5079 = ORIENTED_EDGE ( 'NONE', *, *, #2369, .F. ) ;
#5080 = FACE_OUTER_BOUND ( 'NONE', #3857, .T. ) ;
#5081 = DIRECTION ( 'NONE',  ( -1.000000000000000000, -1.239088197126290570E-16, 0.000000000000000000 ) ) ;
#5082 = VECTOR ( 'NONE', #25, 1000.000000000000000 ) ;
#5083 = ORIENTED_EDGE ( 'NONE', *, *, #3534, .F. ) ;
#5084 = CARTESIAN_POINT ( 'NONE',  ( 4.000000000000000000, -6.499999999999999112, 53.34168760482229033 ) ) ;
#5085 = ORIENTED_EDGE ( 'NONE', *, *, #2204, .T. ) ;
#5086 = DIRECTION ( 'NONE',  ( 1.000000000000000000, 3.469446951953611107E-17, -0.000000000000000000 ) ) ;
#5087 = ORIENTED_EDGE ( 'NONE', *, *, #4366, .F. ) ;
#5088 = ORIENTED_EDGE ( 'NONE', *, *, #4802, .T. ) ;
#5089 = CARTESIAN_POINT ( 'NONE',  ( 5.000000000000000888, -2.909747292418774389, 58.19777115052580996 ) ) ;
#5090 = VECTOR ( 'NONE', #2535, 1000.000000000000000 ) ;
#5091 = VECTOR ( 'NONE', #5297, 1000.000000000000000 ) ;
#5092 = FACE_OUTER_BOUND ( 'NONE', #1141, .T. ) ;
#5093 = ORIENTED_EDGE ( 'NONE', *, *, #123, .T. ) ;
#5094 = DIRECTION ( 'NONE',  ( 1.165692616471626958E-16, -0.9407664597040923393, -0.3390552584695132876 ) ) ;
#5095 = EDGE_CURVE ( 'NONE', #4166, #5436, #2862, .T. ) ;
#5096 = VECTOR ( 'NONE', #3197, 1000.000000000000114 ) ;
#5097 = CYLINDRICAL_SURFACE ( 'NONE', #182, 0.8000000000000003775 ) ;
#5098 = DIRECTION ( 'NONE',  ( -1.000000000000000000, -3.252606517456513918E-17, 0.000000000000000000 ) ) ;
#5099 = CARTESIAN_POINT ( 'NONE',  ( -4.501000000000010104, -10.99999999999999822, -34.20000000000000284 ) ) ;
#5100 = ORIENTED_EDGE ( 'NONE', *, *, #2483, .T. ) ;
#5101 = FACE_BOUND ( 'NONE', #1610, .T. ) ;
#5102 = CARTESIAN_POINT ( 'NONE',  ( 0.9999999999999995559, -6.500000000000000000, 66.00000000000000000 ) ) ;
#5103 = EDGE_CURVE ( 'NONE', #4768, #2178, #3247, .T. ) ;
#5104 = ORIENTED_EDGE ( 'NONE', *, *, #807, .F. ) ;
#5105 = DIRECTION ( 'NONE',  ( 2.900659373096451418E-17, -0.8917953516752835652, 0.4524390022205836415 ) ) ;
#5106 = DIRECTION ( 'NONE',  ( -1.000000000000000000, 0.000000000000000000, 0.000000000000000000 ) ) ;
#5107 = EDGE_CURVE ( 'NONE', #92, #237, #5596, .T. ) ;
#5108 = CARTESIAN_POINT ( 'NONE',  ( 4.000000000000000000, -12.21851846721101253, 39.00000000000000000 ) ) ;
#5109 = CARTESIAN_POINT ( 'NONE',  ( 7.002000000000005109, -15.53963716630351222, 35.09386066807927307 ) ) ;
#5110 = EDGE_CURVE ( 'NONE', #3424, #4287, #3004, .T. ) ;
#5111 = EDGE_LOOP ( 'NONE', ( #4299, #2090, #5184, #4696 ) ) ;
#5112 = VECTOR ( 'NONE', #5273, 1000.000000000000000 ) ;
#5113 = DIRECTION ( 'NONE',  ( 1.000000000000000000, 1.239088197126290570E-16, 0.000000000000000000 ) ) ;
#5114 = DIRECTION ( 'NONE',  ( 0.000000000000000000, 0.000000000000000000, -1.000000000000000000 ) ) ;
#5115 = VERTEX_POINT ( 'NONE', #1745 ) ;
#5116 = VECTOR ( 'NONE', #1753, 1000.000000000000000 ) ;
#5117 = ORIENTED_EDGE ( 'NONE', *, *, #3733, .T. ) ;
#5118 = ADVANCED_FACE ( 'NONE', ( #5563 ), #3838, .F. ) ;
#5119 = ORIENTED_EDGE ( 'NONE', *, *, #1026, .T. ) ;
#5120 = AXIS2_PLACEMENT_3D ( 'NONE', #1744, #1319, #4882 ) ;
#5121 = ORIENTED_EDGE ( 'NONE', *, *, #836, .F. ) ;
#5122 = CARTESIAN_POINT ( 'NONE',  ( 4.000000000000000000, -9.251384209635093114, 53.34168760482229033 ) ) ;
#5123 = VECTOR ( 'NONE', #5043, 1000.000000000000000 ) ;
#5124 = CARTESIAN_POINT ( 'NONE',  ( 4.000000000000000000, -12.20000000000000107, -4.000000000000000000 ) ) ;
#5125 = CARTESIAN_POINT ( 'NONE',  ( 6.000000000000000000, -15.99999999999999645, -26.35000000000000142 ) ) ;
#5126 = ORIENTED_EDGE ( 'NONE', *, *, #877, .F. ) ;
#5127 = FACE_BOUND ( 'NONE', #4383, .T. ) ;
#5128 = CARTESIAN_POINT ( 'NONE',  ( 4.000000000000000000, -17.59691913088643034, 6.370786327052022635 ) ) ;
#5129 = CARTESIAN_POINT ( 'NONE',  ( 0.9999999999999991118, 3.805842560179955480, 69.15558256377492796 ) ) ;
#5130 = ADVANCED_FACE ( 'NONE', ( #1684 ), #3417, .F. ) ;
#5131 = ORIENTED_EDGE ( 'NONE', *, *, #5601, .T. ) ;
#5132 = DIRECTION ( 'NONE',  ( 0.000000000000000000, -0.000000000000000000, -1.000000000000000000 ) ) ;
#5133 = DIRECTION ( 'NONE',  ( 8.425613936988277506E-17, -0.6570453101161651821, -0.7538510863919692939 ) ) ;
#5134 = ORIENTED_EDGE ( 'NONE', *, *, #2087, .T. ) ;
#5135 = LINE ( 'NONE', #2977, #426 ) ;
#5136 = ORIENTED_EDGE ( 'NONE', *, *, #741, .F. ) ;
#5137 = VERTEX_POINT ( 'NONE', #2599 ) ;
#5138 = CARTESIAN_POINT ( 'NONE',  ( 1.000000000000000888, -18.20000000000000284, 17.54168760482228606 ) ) ;
#5139 = ADVANCED_FACE ( 'NONE', ( #3745 ), #2506, .F. ) ;
#5140 = VERTEX_POINT ( 'NONE', #3449 ) ;
#5141 = CARTESIAN_POINT ( 'NONE',  ( 7.001000000000002110, -8.828427124746184518, -38.00000000000000000 ) ) ;
#5142 = DIRECTION ( 'NONE',  ( -1.000000000000000000, -3.252606517456513918E-17, -0.000000000000000000 ) ) ;
#5143 = CIRCLE ( 'NONE', #1618, 1.649999999999998579 ) ;
#5144 = EDGE_CURVE ( 'NONE', #3200, #721, #5169, .T. ) ;
#5145 = ORIENTED_EDGE ( 'NONE', *, *, #4261, .F. ) ;
#5146 = FACE_OUTER_BOUND ( 'NONE', #4866, .T. ) ;
#5147 = ORIENTED_EDGE ( 'NONE', *, *, #2316, .F. ) ;
#5148 = EDGE_CURVE ( 'NONE', #1317, #993, #506, .T. ) ;
#5149 = LINE ( 'NONE', #4717, #198 ) ;
#5150 = ORIENTED_EDGE ( 'NONE', *, *, #5300, .T. ) ;
#5151 = VERTEX_POINT ( 'NONE', #5531 ) ;
#5152 = ORIENTED_EDGE ( 'NONE', *, *, #5330, .F. ) ;
#5153 = AXIS2_PLACEMENT_3D ( 'NONE', #1389, #605, #1444 ) ;
#5154 = ORIENTED_EDGE ( 'NONE', *, *, #317, .F. ) ;
#5155 = EDGE_CURVE ( 'NONE', #1663, #288, #790, .T. ) ;
#5156 = DIRECTION ( 'NONE',  ( 0.000000000000000000, -1.000000000000000000, 0.000000000000000000 ) ) ;
#5157 = CARTESIAN_POINT ( 'NONE',  ( 1.225000000000000311, -10.99999999999999822, -31.59999999999999787 ) ) ;
#5158 = ORIENTED_EDGE ( 'NONE', *, *, #2696, .F. ) ;
#5159 = AXIS2_PLACEMENT_3D ( 'NONE', #2915, #5473, #4238 ) ;
#5160 = CARTESIAN_POINT ( 'NONE',  ( 3.500000000000000444, -15.99999999999998934, -18.00000000000000711 ) ) ;
#5161 = ORIENTED_EDGE ( 'NONE', *, *, #1605, .T. ) ;
#5162 = ORIENTED_EDGE ( 'NONE', *, *, #4112, .F. ) ;
#5163 = CIRCLE ( 'NONE', #2723, 0.8000000000000003775 ) ;
#5164 = PLANE ( 'NONE',  #1391 ) ;
#5165 = LINE ( 'NONE', #2214, #364 ) ;
#5166 = DIRECTION ( 'NONE',  ( 0.000000000000000000, -1.000000000000000000, 0.000000000000000000 ) ) ;
#5167 = VERTEX_POINT ( 'NONE', #3329 ) ;
#5168 = DIRECTION ( 'NONE',  ( -3.252606517456513918E-17, 1.000000000000000000, 0.000000000000000000 ) ) ;
#5169 = LINE ( 'NONE', #4707, #1872 ) ;
#5170 = AXIS2_PLACEMENT_3D ( 'NONE', #758, #2947, #1653 ) ;
#5171 = CARTESIAN_POINT ( 'NONE',  ( 3.500000000000000444, -15.99999999999998934, -18.00000000000000711 ) ) ;
#5172 = FACE_OUTER_BOUND ( 'NONE', #5325, .T. ) ;
#5173 = AXIS2_PLACEMENT_3D ( 'NONE', #163, #4416, #4010 ) ;
#5174 = ORIENTED_EDGE ( 'NONE', *, *, #2920, .F. ) ;
#5175 = CIRCLE ( 'NONE', #1184, 0.9999999999999991118 ) ;
#5176 = FACE_OUTER_BOUND ( 'NONE', #4841, .T. ) ;
#5177 = CYLINDRICAL_SURFACE ( 'NONE', #1153, 1.650000000000002132 ) ;
#5178 = EDGE_CURVE ( 'NONE', #289, #926, #2048, .T. ) ;
#5179 = ORIENTED_EDGE ( 'NONE', *, *, #3573, .T. ) ;
#5180 = VECTOR ( 'NONE', #4511, 1000.000000000000000 ) ;
#5181 = ORIENTED_EDGE ( 'NONE', *, *, #2882, .F. ) ;
#5182 = DIRECTION ( 'NONE',  ( 2.137109857948075318E-17, -0.6570453101161650711, -0.7538510863919692939 ) ) ;
#5183 = ORIENTED_EDGE ( 'NONE', *, *, #149, .F. ) ;
#5184 = ORIENTED_EDGE ( 'NONE', *, *, #4900, .F. ) ;
#5185 = EDGE_CURVE ( 'NONE', #5233, #5565, #4200, .T. ) ;
#5186 = CYLINDRICAL_SURFACE ( 'NONE', #1267, 0.7999999999999986011 ) ;
#5187 = ORIENTED_EDGE ( 'NONE', *, *, #311, .T. ) ;
#5188 = ADVANCED_FACE ( 'NONE', ( #1225 ), #2621, .F. ) ;
#5189 = ORIENTED_EDGE ( 'NONE', *, *, #5351, .T. ) ;
#5190 = DIRECTION ( 'NONE',  ( 1.000000000000000000, 3.252606517456513918E-17, 0.000000000000000000 ) ) ;
#5191 = CARTESIAN_POINT ( 'NONE',  ( 7.000000000000000000, 6.499999999999996447, 4.000000000000000000 ) ) ;
#5192 = EDGE_CURVE ( 'NONE', #917, #1303, #1714, .T. ) ;
#5193 = EDGE_CURVE ( 'NONE', #2243, #3880, #3034, .T. ) ;
#5194 = EDGE_LOOP ( 'NONE', ( #3019, #3067, #889, #718 ) ) ;
#5195 = ORIENTED_EDGE ( 'NONE', *, *, #2602, .F. ) ;
#5196 = LINE ( 'NONE', #4789, #2283 ) ;
#5197 = CARTESIAN_POINT ( 'NONE',  ( 0.4999999999999978351, -3.499999999999992895, 4.000000000000003553 ) ) ;
#5198 = CARTESIAN_POINT ( 'NONE',  ( -64.14711903867025455, -18.12982544119417483, 55.54168760482228606 ) ) ;
#5199 = VERTEX_POINT ( 'NONE', #884 ) ;
#5200 = ORIENTED_EDGE ( 'NONE', *, *, #1269, .F. ) ;
#5201 = CARTESIAN_POINT ( 'NONE',  ( 1.000000000000000444, -17.83804879822353584, 64.84983472897241086 ) ) ;
#5202 = VECTOR ( 'NONE', #2916, 1000.000000000000000 ) ;
#5203 = DIRECTION ( 'NONE',  ( 1.000000000000000000, 0.000000000000000000, 0.000000000000000000 ) ) ;
#5204 = EDGE_LOOP ( 'NONE', ( #3436, #3753 ) ) ;
#5205 = DIRECTION ( 'NONE',  ( -1.000000000000000000, -1.239088197126290570E-16, -0.000000000000000000 ) ) ;
#5206 = VERTEX_POINT ( 'NONE', #308 ) ;
#5207 =( NAMED_UNIT ( * ) SI_UNIT ( $, .STERADIAN. ) SOLID_ANGLE_UNIT ( ) );
#5208 = ORIENTED_EDGE ( 'NONE', *, *, #242, .T. ) ;
#5209 = AXIS2_PLACEMENT_3D ( 'NONE', #5191, #2235, #5586 ) ;
#5210 = DIRECTION ( 'NONE',  ( 1.000000000000000000, 1.239088197126290570E-16, 0.000000000000000000 ) ) ;
#5211 = DIRECTION ( 'NONE',  ( -1.355252715606879803E-16, 1.000000000000000000, 0.000000000000000000 ) ) ;
#5212 = EDGE_LOOP ( 'NONE', ( #3863, #1574, #3031, #330 ) ) ;
#5213 = ORIENTED_EDGE ( 'NONE', *, *, #275, .F. ) ;
#5214 = DIRECTION ( 'NONE',  ( -1.000000000000000000, 0.000000000000000000, 0.000000000000000000 ) ) ;
#5215 = VERTEX_POINT ( 'NONE', #2045 ) ;
#5216 = ADVANCED_FACE ( 'NONE', ( #338 ), #3774, .F. ) ;
#5217 = DIRECTION ( 'NONE',  ( 0.000000000000000000, 2.168404344971010594E-16, -1.000000000000000000 ) ) ;
#5218 = EDGE_LOOP ( 'NONE', ( #3375, #4894, #2949, #4325 ) ) ;
#5219 = ORIENTED_EDGE ( 'NONE', *, *, #895, .T. ) ;
#5220 = VERTEX_POINT ( 'NONE', #4242 ) ;
#5221 = CARTESIAN_POINT ( 'NONE',  ( 1.000000000000000000, -19.00000000000000355, 14.54168760482228606 ) ) ;
#5222 = LINE ( 'NONE', #903, #1469 ) ;
#5223 = EDGE_CURVE ( 'NONE', #5335, #3823, #1396, .T. ) ;
#5224 = AXIS2_PLACEMENT_3D ( 'NONE', #681, #573, #2818 ) ;
#5225 = ADVANCED_FACE ( 'NONE', ( #2190 ), #3142, .F. ) ;
#5226 = CARTESIAN_POINT ( 'NONE',  ( 0.000000000000000000, -3.499999999999998668, 4.000000000000001776 ) ) ;
#5227 = LINE ( 'NONE', #3865, #819 ) ;
#5228 = PLANE ( 'NONE',  #3552 ) ;
#5229 = EDGE_CURVE ( 'NONE', #4813, #4719, #478, .T. ) ;
#5230 = ORIENTED_EDGE ( 'NONE', *, *, #5250, .T. ) ;
#5231 = LINE ( 'NONE', #2217, #486 ) ;
#5232 = DIRECTION ( 'NONE',  ( -1.000000000000000000, -1.239088197126290570E-16, 0.000000000000000000 ) ) ;
#5233 = VERTEX_POINT ( 'NONE', #4442 ) ;
#5234 = DIRECTION ( 'NONE',  ( 2.279583848477946554E-17, -0.6570453101161654041, -0.7538510863919691829 ) ) ;
#5235 = ORIENTED_EDGE ( 'NONE', *, *, #3201, .T. ) ;
#5236 = DIRECTION ( 'NONE',  ( -1.000000000000000000, -1.239088197126290570E-16, -0.000000000000000000 ) ) ;
#5237 = VERTEX_POINT ( 'NONE', #4909 ) ;
#5238 = PLANE ( 'NONE',  #4853 ) ;
#5239 = DIRECTION ( 'NONE',  ( -1.000000000000000000, -1.239088197126290570E-16, 0.000000000000000000 ) ) ;
#5240 = EDGE_LOOP ( 'NONE', ( #2228, #2284, #4232, #4562, #3289, #1841, #4426 ) ) ;
#5241 = VERTEX_POINT ( 'NONE', #3114 ) ;
#5242 = DIRECTION ( 'NONE',  ( 9.340879835391206939E-17, -0.7538510863919691829, 0.6570453101161654041 ) ) ;
#5243 = ORIENTED_EDGE ( 'NONE', *, *, #4864, .T. ) ;
#5244 = VECTOR ( 'NONE', #829, 1000.000000000000000 ) ;
#5245 = LINE ( 'NONE', #727, #4507 ) ;
#5246 = EDGE_LOOP ( 'NONE', ( #2953, #5347, #2596, #3678 ) ) ;
#5247 = CARTESIAN_POINT ( 'NONE',  ( 4.224999999999999645, -15.99999999999999645, -38.00000000000000000 ) ) ;
#5248 = LINE ( 'NONE', #933, #3787 ) ;
#5249 = CIRCLE ( 'NONE', #4223, 0.8000000000000003775 ) ;
#5250 = EDGE_CURVE ( 'NONE', #2498, #3924, #3169, .T. ) ;
#5251 = CYLINDRICAL_SURFACE ( 'NONE', #2376, 0.7999999999999986011 ) ;
#5252 = LINE ( 'NONE', #2645, #4055 ) ;
#5253 = CARTESIAN_POINT ( 'NONE',  ( 1.225000000000000089, -10.99999999999999822, -24.20000000000000639 ) ) ;
#5254 = AXIS2_PLACEMENT_3D ( 'NONE', #4585, #4148, #4644 ) ;
#5255 = VECTOR ( 'NONE', #3180, 1000.000000000000000 ) ;
#5256 = EDGE_LOOP ( 'NONE', ( #4910, #747, #5158, #3013 ) ) ;
#5257 = PLANE ( 'NONE',  #1140 ) ;
#5258 = CARTESIAN_POINT ( 'NONE',  ( 1.000000000000000000, -12.75000000000000178, 37.52531412650260734 ) ) ;
#5259 = EDGE_CURVE ( 'NONE', #5449, #2109, #671, .T. ) ;
#5260 = ORIENTED_EDGE ( 'NONE', *, *, #3939, .F. ) ;
#5261 = EDGE_CURVE ( 'NONE', #1883, #4023, #4822, .T. ) ;
#5262 = DIRECTION ( 'NONE',  ( -3.252606517456513918E-17, 1.000000000000000000, 0.000000000000000000 ) ) ;
#5263 = ORIENTED_EDGE ( 'NONE', *, *, #3017, .T. ) ;
#5264 = CARTESIAN_POINT ( 'NONE',  ( 0.9999999999999995559, -6.500000000000000000, 4.000000000000000000 ) ) ;
#5265 = LINE ( 'NONE', #117, #5091 ) ;
#5266 = ORIENTED_EDGE ( 'NONE', *, *, #2338, .F. ) ;
#5267 = LINE ( 'NONE', #4450, #222 ) ;
#5268 = CARTESIAN_POINT ( 'NONE',  ( 5.000000000000000000, 3.999999999999998224, 62.50000000000000000 ) ) ;
#5269 = CIRCLE ( 'NONE', #3164, 0.7999999999999986011 ) ;
#5270 = EDGE_CURVE ( 'NONE', #1570, #2577, #137, .T. ) ;
#5271 = ORIENTED_EDGE ( 'NONE', *, *, #5376, .T. ) ;
#5272 = VERTEX_POINT ( 'NONE', #5337 ) ;
#5273 = DIRECTION ( 'NONE',  ( 1.000000000000000000, 1.239088197126290570E-16, -0.000000000000000000 ) ) ;
#5274 = AXIS2_PLACEMENT_3D ( 'NONE', #2118, #70, #2587 ) ;
#5275 = AXIS2_PLACEMENT_3D ( 'NONE', #592, #2786, #141 ) ;
#5276 = ORIENTED_EDGE ( 'NONE', *, *, #2338, .T. ) ;
#5277 = ORIENTED_EDGE ( 'NONE', *, *, #1802, .T. ) ;
#5278 = FACE_OUTER_BOUND ( 'NONE', #3299, .T. ) ;
#5279 = ORIENTED_EDGE ( 'NONE', *, *, #205, .T. ) ;
#5280 = AXIS2_PLACEMENT_3D ( 'NONE', #423, #936, #2124 ) ;
#5281 = CARTESIAN_POINT ( 'NONE',  ( -64.14711903867025455, -8.170174558805841869, 56.34168760482229033 ) ) ;
#5282 = ORIENTED_EDGE ( 'NONE', *, *, #397, .F. ) ;
#5283 = ORIENTED_EDGE ( 'NONE', *, *, #2416, .F. ) ;
#5284 = CARTESIAN_POINT ( 'NONE',  ( 4.000000000000000000, -13.84625753883614685, 34.48356120283416004 ) ) ;
#5285 = DIRECTION ( 'NONE',  ( -1.000000000000000000, -3.469446951953611107E-17, 0.000000000000000000 ) ) ;
#5286 = CARTESIAN_POINT ( 'NONE',  ( 0.4999999999999990563, -12.75000000000000000, 39.00000000000000000 ) ) ;
#5287 = ORIENTED_EDGE ( 'NONE', *, *, #258, .F. ) ;
#5288 = FACE_OUTER_BOUND ( 'NONE', #1297, .T. ) ;
#5289 = EDGE_CURVE ( 'NONE', #2493, #919, #1133, .T. ) ;
#5290 = DIRECTION ( 'NONE',  ( 1.000000000000000000, 1.239088197126290817E-16, 6.270397653133593184E-34 ) ) ;
#5291 = CIRCLE ( 'NONE', #385, 2.000000000000000000 ) ;
#5292 = CARTESIAN_POINT ( 'NONE',  ( 0.9999999999999991118, 6.563277878031138712, 66.19859520899437655 ) ) ;
#5293 = VECTOR ( 'NONE', #1037, 1000.000000000000000 ) ;
#5294 = ORIENTED_EDGE ( 'NONE', *, *, #1945, .T. ) ;
#5295 = ORIENTED_EDGE ( 'NONE', *, *, #763, .F. ) ;
#5296 = CARTESIAN_POINT ( 'NONE',  ( 4.000000000000000000, -6.499999999999999112, 15.34168760482228500 ) ) ;
#5297 = DIRECTION ( 'NONE',  ( -1.000000000000000000, -1.239088197126290570E-16, 6.270397653133600026E-34 ) ) ;
#5298 = VERTEX_POINT ( 'NONE', #1768 ) ;
#5299 = CARTESIAN_POINT ( 'NONE',  ( 2.725000000000000533, -0.9999999999999941158, -34.20000000000000995 ) ) ;
#5300 = EDGE_CURVE ( 'NONE', #2773, #1460, #963, .T. ) ;
#5301 = PLANE ( 'NONE',  #516 ) ;
#5302 = ORIENTED_EDGE ( 'NONE', *, *, #2530, .T. ) ;
#5303 = EDGE_LOOP ( 'NONE', ( #752, #4468, #354, #1556 ) ) ;
#5304 = PLANE ( 'NONE',  #961 ) ;
#5305 = EDGE_LOOP ( 'NONE', ( #447, #4506, #1164, #3115 ) ) ;
#5306 = CARTESIAN_POINT ( 'NONE',  ( 4.000000000000000000, -6.499999999999999112, 24.65831239517770612 ) ) ;
#5307 = DIRECTION ( 'NONE',  ( -1.355252715606883008E-16, 1.000000000000000000, 0.000000000000000000 ) ) ;
#5308 = LINE ( 'NONE', #4408, #2298 ) ;
#5309 = CARTESIAN_POINT ( 'NONE',  ( 3.499999999999995115, -15.99999999999999645, 17.94999999999998863 ) ) ;
#5310 = DIRECTION ( 'NONE',  ( 0.000000000000000000, 2.168404344971010594E-16, -1.000000000000000000 ) ) ;
#5311 = CARTESIAN_POINT ( 'NONE',  ( 1.000000000000000000, -8.170174558805832987, 55.54168760482228606 ) ) ;
#5312 = DIRECTION ( 'NONE',  ( 1.355252715606881036E-16, -1.000000000000000000, 0.000000000000000000 ) ) ;
#5313 = LINE ( 'NONE', #4472, #2810 ) ;
#5314 = ORIENTED_EDGE ( 'NONE', *, *, #3017, .F. ) ;
#5315 = FACE_OUTER_BOUND ( 'NONE', #3567, .T. ) ;
#5316 = CARTESIAN_POINT ( 'NONE',  ( 7.002000000000006885, -17.44738683223673448, 50.55901252708742533 ) ) ;
#5317 = ORIENTED_EDGE ( 'NONE', *, *, #2628, .T. ) ;
#5318 = VECTOR ( 'NONE', #2570, 1000.000000000000000 ) ;
#5319 = PLANE ( 'NONE',  #1347 ) ;
#5320 = DIRECTION ( 'NONE',  ( 1.000000000000000000, 3.252606517456513918E-17, -0.000000000000000000 ) ) ;
#5321 = VERTEX_POINT ( 'NONE', #1819 ) ;
#5322 = ADVANCED_FACE ( 'NONE', ( #3533 ), #3089, .F. ) ;
#5323 = CARTESIAN_POINT ( 'NONE',  ( 7.002000000000005109, -12.46362969077260097, 42.98973583661788922 ) ) ;
#5324 = AXIS2_PLACEMENT_3D ( 'NONE', #4771, #4824, #2219 ) ;
#5325 = EDGE_LOOP ( 'NONE', ( #4061, #3387, #5187, #3778, #1980, #1042, #5070, #4700, #4512, #5371 ) ) ;
#5326 = CYLINDRICAL_SURFACE ( 'NONE', #5340, 0.8000000000000003775 ) ;
#5327 = EDGE_CURVE ( 'NONE', #5529, #3978, #4759, .T. ) ;
#5328 = CARTESIAN_POINT ( 'NONE',  ( 0.5000000000000004441, -18.20000000000000284, 6.896422575144953271 ) ) ;
#5329 = AXIS2_PLACEMENT_3D ( 'NONE', #1929, #1535, #4469 ) ;
#5330 = EDGE_CURVE ( 'NONE', #4560, #4483, #1690, .T. ) ;
#5331 = DIRECTION ( 'NONE',  ( 1.355252715606881036E-16, -1.000000000000000000, 0.000000000000000000 ) ) ;
#5332 = CIRCLE ( 'NONE', #156, 0.8000000000000003775 ) ;
#5333 = LINE ( 'NONE', #2726, #1551 ) ;
#5334 = FACE_OUTER_BOUND ( 'NONE', #5416, .T. ) ;
#5335 = VERTEX_POINT ( 'NONE', #3954 ) ;
#5336 = DIRECTION ( 'NONE',  ( -1.355252715606879803E-16, 1.000000000000000000, 0.000000000000000000 ) ) ;
#5337 = CARTESIAN_POINT ( 'NONE',  ( 4.000000000000000000, -10.71297600145975792, 34.82261646130366017 ) ) ;
#5338 = DIRECTION ( 'NONE',  ( -1.000000000000000000, -1.239088197126290817E-16, 6.270397653133593184E-34 ) ) ;
#5339 = DIRECTION ( 'NONE',  ( 0.000000000000000000, 2.168404344971010594E-16, -1.000000000000000000 ) ) ;
#5340 = AXIS2_PLACEMENT_3D ( 'NONE', #2770, #1471, #956 ) ;
#5341 = DIRECTION ( 'NONE',  ( -1.355252715606879803E-16, 1.000000000000000000, 0.000000000000000000 ) ) ;
#5342 = AXIS2_PLACEMENT_3D ( 'NONE', #1826, #976, #4386 ) ;
#5343 = EDGE_LOOP ( 'NONE', ( #5001, #1863, #2221, #3546 ) ) ;
#5344 = DIRECTION ( 'NONE',  ( -1.000000000000000000, 0.000000000000000000, -0.000000000000000000 ) ) ;
#5345 = LINE ( 'NONE', #62, #4498 ) ;
#5346 = AXIS2_PLACEMENT_3D ( 'NONE', #968, #3000, #3111 ) ;
#5347 = ORIENTED_EDGE ( 'NONE', *, *, #1407, .F. ) ;
#5348 = CARTESIAN_POINT ( 'NONE',  ( 1.999999999999999556, -4.500000000000000000, 4.000000000000000000 ) ) ;
#5349 = ORIENTED_EDGE ( 'NONE', *, *, #814, .T. ) ;
#5350 = DIRECTION ( 'NONE',  ( -1.000000000000000000, -1.678764654171104441E-15, -3.678684285661899333E-15 ) ) ;
#5351 = EDGE_CURVE ( 'NONE', #3677, #1210, #4330, .T. ) ;
#5352 = AXIS2_PLACEMENT_3D ( 'NONE', #3660, #215, #562 ) ;
#5353 = VECTOR ( 'NONE', #5132, 1000.000000000000000 ) ;
#5354 = CARTESIAN_POINT ( 'NONE',  ( 0.4999999999999996669, -18.46851846721101964, 21.65831239517770612 ) ) ;
#5355 = VECTOR ( 'NONE', #114, 1000.000000000000000 ) ;
#5356 = ORIENTED_EDGE ( 'NONE', *, *, #1096, .T. ) ;
#5357 = EDGE_CURVE ( 'NONE', #2256, #4315, #4851, .T. ) ;
#5358 = DIRECTION ( 'NONE',  ( 0.000000000000000000, -1.000000000000000000, 0.000000000000000000 ) ) ;
#5359 = EDGE_CURVE ( 'NONE', #92, #4287, #2650, .T. ) ;
#5360 = CARTESIAN_POINT ( 'NONE',  ( 0.9999999999999995559, -7.903080869113575879, 15.97090127777026858 ) ) ;
#5361 = EDGE_LOOP ( 'NONE', ( #2141, #3153 ) ) ;
#5362 = LINE ( 'NONE', #4522, #5507 ) ;
#5363 = EDGE_CURVE ( 'NONE', #3995, #3867, #480, .T. ) ;
#5364 = CARTESIAN_POINT ( 'NONE',  ( 0.9999999999999997780, -8.498771041871817644, 52.27044339804668027 ) ) ;
#5365 = CYLINDRICAL_SURFACE ( 'NONE', #5352, 0.8000000000000020428 ) ;
#5366 = FACE_OUTER_BOUND ( 'NONE', #2134, .T. ) ;
#5367 = CARTESIAN_POINT ( 'NONE',  ( 7.002000000000004221, -9.251384209635093114, 52.54168760482228606 ) ) ;
#5368 = VERTEX_POINT ( 'NONE', #2703 ) ;
#5369 = FACE_OUTER_BOUND ( 'NONE', #515, .T. ) ;
#5370 = CARTESIAN_POINT ( 'NONE',  ( 2.724999999999999201, -14.49999999999999645, -31.09999999999999432 ) ) ;
#5371 = ORIENTED_EDGE ( 'NONE', *, *, #1583, .T. ) ;
#5372 = FACE_OUTER_BOUND ( 'NONE', #5569, .T. ) ;
#5373 = AXIS2_PLACEMENT_3D ( 'NONE', #3987, #2549, #4283 ) ;
#5374 = CARTESIAN_POINT ( 'NONE',  ( 4.000000000000000000, -19.00000000000001066, 23.13299826867507036 ) ) ;
#5375 = AXIS2_PLACEMENT_3D ( 'NONE', #4009, #3898, #2306 ) ;
#5376 = EDGE_CURVE ( 'NONE', #1166, #1801, #3500, .T. ) ;
#5377 = LINE ( 'NONE', #4843, #2100 ) ;
#5378 = AXIS2_PLACEMENT_3D ( 'NONE', #1874, #1098, #4491 ) ;
#5379 = ORIENTED_EDGE ( 'NONE', *, *, #5066, .F. ) ;
#5380 = AXIS2_PLACEMENT_3D ( 'NONE', #3750, #2982, #4713 ) ;
#5381 = ORIENTED_EDGE ( 'NONE', *, *, #4405, .F. ) ;
#5382 = ORIENTED_EDGE ( 'NONE', *, *, #369, .F. ) ;
#5383 = ADVANCED_FACE ( 'NONE', ( #1372 ), #943, .T. ) ;
#5384 = FACE_OUTER_BOUND ( 'NONE', #1484, .T. ) ;
#5385 = AXIS2_PLACEMENT_3D ( 'NONE', #2716, #2661, #927 ) ;
#5386 = DIRECTION ( 'NONE',  ( 1.239088197126290570E-16, -1.000000000000000000, 0.000000000000000000 ) ) ;
#5387 = ORIENTED_EDGE ( 'NONE', *, *, #129, .T. ) ;
#5388 = DIRECTION ( 'NONE',  ( 1.000000000000000000, 1.239088197126290570E-16, 0.000000000000000000 ) ) ;
#5389 = DIRECTION ( 'NONE',  ( 1.000000000000000000, 0.000000000000000000, -0.000000000000000000 ) ) ;
#5390 = EDGE_CURVE ( 'NONE', #2177, #4646, #2783, .T. ) ;
#5391 = CIRCLE ( 'NONE', #5385, 1.649999999999998579 ) ;
#5392 = CARTESIAN_POINT ( 'NONE',  ( 6.000000000000000000, -22.50000000000001421, 75.00000000000000000 ) ) ;
#5393 = EDGE_CURVE ( 'NONE', #65, #986, #3832, .T. ) ;
#5394 = VERTEX_POINT ( 'NONE', #2411 ) ;
#5395 = LINE ( 'NONE', #2972, #1822 ) ;
#5396 = FACE_OUTER_BOUND ( 'NONE', #387, .T. ) ;
#5397 = DIRECTION ( 'NONE',  ( -1.355252715606879803E-16, 1.000000000000000000, 0.000000000000000000 ) ) ;
#5398 = DIRECTION ( 'NONE',  ( -1.000000000000000000, -1.239088197126290570E-16, -0.000000000000000000 ) ) ;
#5399 = CARTESIAN_POINT ( 'NONE',  ( 5.000000000000000000, 3.100000000000000089, -34.00000000000000000 ) ) ;
#5400 = EDGE_CURVE ( 'NONE', #1179, #4719, #268, .T. ) ;
#5401 = CARTESIAN_POINT ( 'NONE',  ( 2.724999999999999201, -18.99999999999999645, -43.00000000000000000 ) ) ;
#5402 = AXIS2_PLACEMENT_3D ( 'NONE', #1025, #1001, #3586 ) ;
#5403 = EDGE_LOOP ( 'NONE', ( #3346, #2224, #1411, #1451 ) ) ;
#5404 = AXIS2_PLACEMENT_3D ( 'NONE', #2119, #3266, #697 ) ;
#5405 = CARTESIAN_POINT ( 'NONE',  ( 4.224999999999999645, -15.99999999999999645, -31.09999999999999432 ) ) ;
#5406 = ORIENTED_EDGE ( 'NONE', *, *, #1150, .F. ) ;
#5407 = ORIENTED_EDGE ( 'NONE', *, *, #3096, .F. ) ;
#5408 = CARTESIAN_POINT ( 'NONE',  ( 0.9999999999999997780, -7.417561391042557517, 55.27044339804668027 ) ) ;
#5409 = EDGE_LOOP ( 'NONE', ( #563, #1834, #4951, #2863 ) ) ;
#5410 = ORIENTED_EDGE ( 'NONE', *, *, #1028, .F. ) ;
#5411 = ORIENTED_EDGE ( 'NONE', *, *, #3287, .F. ) ;
#5412 = VERTEX_POINT ( 'NONE', #4495 ) ;
#5413 = CIRCLE ( 'NONE', #67, 2.050000000000003375 ) ;
#5414 = FACE_BOUND ( 'NONE', #5361, .T. ) ;
#5415 = CARTESIAN_POINT ( 'NONE',  ( -4.501000000000007439, 3.999999999999998224, 64.15000000000000568 ) ) ;
#5416 = EDGE_LOOP ( 'NONE', ( #4591, #439, #5407, #1947, #3680 ) ) ;
#5417 = FACE_OUTER_BOUND ( 'NONE', #1013, .T. ) ;
#5418 = DIRECTION ( 'NONE',  ( -1.000000000000000000, -3.252606517456513918E-17, 0.000000000000000000 ) ) ;
#5419 = EDGE_CURVE ( 'NONE', #3519, #955, #1985, .T. ) ;
#5420 = LINE ( 'NONE', #4616, #2904 ) ;
#5421 = DIRECTION ( 'NONE',  ( -1.000000000000000000, -1.239088197126290570E-16, 0.000000000000000000 ) ) ;
#5422 = DIRECTION ( 'NONE',  ( 1.000000000000000000, 1.239088197126290324E-16, -1.954068531237048912E-32 ) ) ;
#5423 = EDGE_CURVE ( 'NONE', #2964, #1534, #1508, .T. ) ;
#5424 = CARTESIAN_POINT ( 'NONE',  ( 0.4999999999999995559, -15.53963716630351222, 35.09386066807927307 ) ) ;
#5425 = CYLINDRICAL_SURFACE ( 'NONE', #500, 0.8000000000000003775 ) ;
#5426 = EDGE_CURVE ( 'NONE', #1328, #3703, #4118, .T. ) ;
#5427 = ORIENTED_EDGE ( 'NONE', *, *, #14, .T. ) ;
#5428 = ORIENTED_EDGE ( 'NONE', *, *, #1761, .F. ) ;
#5429 = CARTESIAN_POINT ( 'NONE',  ( 7.002000000000005109, -10.69999999999999751, 39.00000000000000000 ) ) ;
#5430 = ORIENTED_EDGE ( 'NONE', *, *, #2130, .F. ) ;
#5431 = PLANE ( 'NONE',  #259 ) ;
#5432 = ADVANCED_FACE ( 'NONE', ( #4958 ), #1072, .F. ) ;
#5433 = VECTOR ( 'NONE', #2484, 1000.000000000000000 ) ;
#5434 = DIRECTION ( 'NONE',  ( 0.000000000000000000, -1.000000000000000000, 0.000000000000000000 ) ) ;
#5435 = CARTESIAN_POINT ( 'NONE',  ( 4.000000000000000000, -12.20000000000000107, -4.800000000000000711 ) ) ;
#5436 = VERTEX_POINT ( 'NONE', #5441 ) ;
#5437 = DIRECTION ( 'NONE',  ( 0.000000000000000000, -1.000000000000000000, -2.168404344971010594E-16 ) ) ;
#5438 = VECTOR ( 'NONE', #2801, 1000.000000000000000 ) ;
#5439 = DIRECTION ( 'NONE',  ( 1.000000000000000000, -0.000000000000000000, -0.000000000000000000 ) ) ;
#5440 = DIRECTION ( 'NONE',  ( -1.000000000000000000, -1.239088197126290570E-16, 0.000000000000000000 ) ) ;
#5441 = CARTESIAN_POINT ( 'NONE',  ( 0.9999999999999997780, -8.690625412120519755, 15.06732385291521759 ) ) ;
#5442 = CARTESIAN_POINT ( 'NONE',  ( 3.499999999999995115, -15.99999999999999645, 19.99999999999999289 ) ) ;
#5443 = FACE_OUTER_BOUND ( 'NONE', #3645, .T. ) ;
#5444 = LINE ( 'NONE', #2364, #4544 ) ;
#5445 = EDGE_CURVE ( 'NONE', #3219, #2964, #2013, .T. ) ;
#5446 = LINE ( 'NONE', #246, #4612 ) ;
#5447 = DIRECTION ( 'NONE',  ( 0.000000000000000000, 0.4151624548736462250, 0.9097472924187725019 ) ) ;
#5448 = VECTOR ( 'NONE', #1395, 1000.000000000000114 ) ;
#5449 = VERTEX_POINT ( 'NONE', #4523 ) ;
#5450 = DIRECTION ( 'NONE',  ( 0.000000000000000000, 0.6570453101161650711, 0.7538510863919692939 ) ) ;
#5451 = FACE_OUTER_BOUND ( 'NONE', #3812, .T. ) ;
#5452 = EDGE_CURVE ( 'NONE', #2432, #3537, #3575, .T. ) ;
#5453 = ORIENTED_EDGE ( 'NONE', *, *, #1694, .T. ) ;
#5454 = VECTOR ( 'NONE', #719, 1000.000000000000000 ) ;
#5455 = CARTESIAN_POINT ( 'NONE',  ( 2.725000000000000089, -7.828427124746198729, -37.00000000000000000 ) ) ;
#5456 = FACE_BOUND ( 'NONE', #2908, .T. ) ;
#5457 = AXIS2_PLACEMENT_3D ( 'NONE', #4027, #100, #3133 ) ;
#5458 = ADVANCED_FACE ( 'NONE', ( #2861 ), #643, .F. ) ;
#5459 = CARTESIAN_POINT ( 'NONE',  ( 0.5000000000000007772, -8.921746524012673873, 18.34168760482228322 ) ) ;
#5460 = ORIENTED_EDGE ( 'NONE', *, *, #601, .T. ) ;
#5461 = EDGE_LOOP ( 'NONE', ( #512, #635, #4829, #5317, #2522, #5230 ) ) ;
#5462 = AXIS2_PLACEMENT_3D ( 'NONE', #475, #2215, #969 ) ;
#5463 = ORIENTED_EDGE ( 'NONE', *, *, #3961, .T. ) ;
#5464 = EDGE_LOOP ( 'NONE', ( #3531, #2663, #1300, #4666 ) ) ;
#5465 = EDGE_CURVE ( 'NONE', #3785, #2186, #4115, .T. ) ;
#5466 = CARTESIAN_POINT ( 'NONE',  ( 7.002000000000005997, -16.96394253386069906, 25.65831239517770612 ) ) ;
#5467 = AXIS2_PLACEMENT_3D ( 'NONE', #4746, #2543, #2954 ) ;
#5468 = DIRECTION ( 'NONE',  ( 0.000000000000000000, 1.000000000000000000, 4.336808689942015369E-15 ) ) ;
#5469 = CARTESIAN_POINT ( 'NONE',  ( 1.000000000000000000, -11.53650156772112467, 14.54168760482228606 ) ) ;
#5470 = ORIENTED_EDGE ( 'NONE', *, *, #1057, .F. ) ;
#5471 = CARTESIAN_POINT ( 'NONE',  ( 4.000000000000000000, -12.75000000000000000, 39.00000000000000000 ) ) ;
#5472 = LINE ( 'NONE', #2914, #1188 ) ;
#5473 = DIRECTION ( 'NONE',  ( -0.000000000000000000, 0.000000000000000000, 1.000000000000000000 ) ) ;
#5474 = CARTESIAN_POINT ( 'NONE',  ( 7.000000000000000000, 0.000000000000000000, -18.39999999999999858 ) ) ;
#5475 = LINE ( 'NONE', #4152, #2455 ) ;
#5476 = VECTOR ( 'NONE', #2573, 1000.000000000000000 ) ;
#5477 = PLANE ( 'NONE',  #4693 ) ;
#5478 = AXIS2_PLACEMENT_3D ( 'NONE', #5311, #2702, #1430 ) ;
#5479 = LINE ( 'NONE', #310, #3303 ) ;
#5480 = DIRECTION ( 'NONE',  ( 0.000000000000000000, 0.000000000000000000, -1.000000000000000000 ) ) ;
#5481 = DIRECTION ( 'NONE',  ( 0.000000000000000000, 1.000000000000000000, 0.000000000000000000 ) ) ;
#5482 = VECTOR ( 'NONE', #1971, 1000.000000000000000 ) ;
#5483 = EDGE_CURVE ( 'NONE', #2430, #1110, #4553, .T. ) ;
#5485 = ORIENTED_EDGE ( 'NONE', *, *, #2087, .F. ) ;
#5484 = AXIS2_PLACEMENT_3D ( 'NONE', #3926, #2246, #1346 ) ;
#5486 = CARTESIAN_POINT ( 'NONE',  ( 6.000000000000000000, -20.99999999999999645, -40.99999999999999289 ) ) ;
#5487 = LINE ( 'NONE', #1176, #2297 ) ;
#5488 = ORIENTED_EDGE ( 'NONE', *, *, #2275, .F. ) ;
#5489 = EDGE_CURVE ( 'NONE', #4128, #3219, #3217, .T. ) ;
#5490 = ORIENTED_EDGE ( 'NONE', *, *, #5148, .F. ) ;
#5491 = CARTESIAN_POINT ( 'NONE',  ( 4.000000000000003553, -7.299999999999998934, 14.54168760482228606 ) ) ;
#5492 = DIRECTION ( 'NONE',  ( -1.000000000000000000, -3.252606517456513918E-17, 0.000000000000000000 ) ) ;
#5493 = AXIS2_PLACEMENT_3D ( 'NONE', #5533, #2451, #5450 ) ;
#5494 = CARTESIAN_POINT ( 'NONE',  ( 1.225000000000000311, -15.99999999999999645, -33.60000000000000142 ) ) ;
#5495 = PRODUCT_CONTEXT ( 'NONE', #977, 'mechanical' ) ;
#5496 = EDGE_CURVE ( 'NONE', #724, #1706, #2054, .T. ) ;
#5497 = DIRECTION ( 'NONE',  ( 0.000000000000000000, -1.000000000000000000, 0.000000000000000000 ) ) ;
#5498 = DIRECTION ( 'NONE',  ( 1.000000000000000000, 3.252606517456513918E-17, -0.000000000000000000 ) ) ;
#5499 = DIRECTION ( 'NONE',  ( 1.165692616471626958E-16, -0.9407664597040923393, 0.3390552584695133431 ) ) ;
#5500 = VERTEX_POINT ( 'NONE', #3294 ) ;
#5501 = DIRECTION ( 'NONE',  ( 0.000000000000000000, 1.000000000000000000, -1.577021341797097560E-16 ) ) ;
#5502 = DIRECTION ( 'NONE',  ( -0.000000000000000000, -0.000000000000000000, -1.000000000000000000 ) ) ;
#5503 = ORIENTED_EDGE ( 'NONE', *, *, #290, .F. ) ;
#5504 = CARTESIAN_POINT ( 'NONE',  ( 7.002000000000003332, -8.052613167763274404, 27.44098747291259244 ) ) ;
#5505 = AXIS2_PLACEMENT_3D ( 'NONE', #543, #2255, #3543 ) ;
#5506 = LINE ( 'NONE', #4211, #224 ) ;
#5507 = VECTOR ( 'NONE', #2359, 1000.000000000000000 ) ;
#5508 = LINE ( 'NONE', #3421, #5004 ) ;
#5509 = FACE_OUTER_BOUND ( 'NONE', #2546, .T. ) ;
#5510 = ORIENTED_EDGE ( 'NONE', *, *, #3088, .F. ) ;
#5511 = FACE_OUTER_BOUND ( 'NONE', #1244, .T. ) ;
#5512 = ORIENTED_EDGE ( 'NONE', *, *, #457, .F. ) ;
#5513 = DIRECTION ( 'NONE',  ( 2.168404344971009854E-16, -1.000000000000000000, 0.000000000000000000 ) ) ;
#5514 = EDGE_LOOP ( 'NONE', ( #4394, #2979 ) ) ;
#5515 = VECTOR ( 'NONE', #2321, 1000.000000000000000 ) ;
#5516 = EDGE_CURVE ( 'NONE', #3322, #4146, #1613, .T. ) ;
#5517 = EDGE_LOOP ( 'NONE', ( #4513, #316, #551, #3435 ) ) ;
#5518 = ORIENTED_EDGE ( 'NONE', *, *, #2269, .T. ) ;
#5519 = DIRECTION ( 'NONE',  ( -1.000000000000000000, -3.252606517456513918E-17, -0.000000000000000000 ) ) ;
#5520 = AXIS2_PLACEMENT_3D ( 'NONE', #3940, #68, #1809 ) ;
#5521 = DIRECTION ( 'NONE',  ( 1.000000000000000000, 1.239088197126290570E-16, 0.000000000000000000 ) ) ;
#5522 = VECTOR ( 'NONE', #1002, 1000.000000000000000 ) ;
#5523 = EDGE_CURVE ( 'NONE', #1179, #4275, #4952, .T. ) ;
#5524 = VECTOR ( 'NONE', #202, 999.9999999999998863 ) ;
#5525 = FACE_BOUND ( 'NONE', #40, .T. ) ;
#5526 = VECTOR ( 'NONE', #5031, 1000.000000000000000 ) ;
#5527 = DIRECTION ( 'NONE',  ( 0.000000000000000000, 0.000000000000000000, 1.000000000000000000 ) ) ;
#5528 = CYLINDRICAL_SURFACE ( 'NONE', #2112, 2.050000000000010036 ) ;
#5529 = VERTEX_POINT ( 'NONE', #5364 ) ;
#5530 = CARTESIAN_POINT ( 'NONE',  ( 6.000000000000000000, -13.99999999999999645, -26.35000000000000142 ) ) ;
#5531 = CARTESIAN_POINT ( 'NONE',  ( 0.4999999999999988343, -10.99999999999999822, -29.20000000000000284 ) ) ;
#5532 = VERTEX_POINT ( 'NONE', #1483 ) ;
#5533 = CARTESIAN_POINT ( 'NONE',  ( 7.002000000000005997, -18.33673903370881320, 4.000000000000002665 ) ) ;
#5534 = VECTOR ( 'NONE', #499, 1000.000000000000000 ) ;
#5535 = CARTESIAN_POINT ( 'NONE',  ( 7.000000000000000000, -15.99999999999999645, -26.35000000000000142 ) ) ;
#5536 = ORIENTED_EDGE ( 'NONE', *, *, #4538, .T. ) ;
#5537 = DIRECTION ( 'NONE',  ( 1.000000000000000000, 1.239088197126290570E-16, 0.000000000000000000 ) ) ;
#5538 = DIRECTION ( 'NONE',  ( 1.000000000000000000, 1.239088197126290570E-16, -4.573417855559660030E-33 ) ) ;
#5539 = EDGE_LOOP ( 'NONE', ( #4120, #2714 ) ) ;
#5540 = CARTESIAN_POINT ( 'NONE',  ( 0.4999999999999995559, -17.00000000000000000, -15.30000000000000071 ) ) ;
#5541 = CYLINDRICAL_SURFACE ( 'NONE', #2107, 0.8000000000000003775 ) ;
#5542 = ORIENTED_EDGE ( 'NONE', *, *, #4122, .F. ) ;
#5543 = VECTOR ( 'NONE', #960, 1000.000000000000000 ) ;
#5544 = EDGE_LOOP ( 'NONE', ( #3280, #3446, #4258, #232, #3768, #3486, #3522, #2331, #594, #3369 ) ) ;
#5545 = VECTOR ( 'NONE', #1117, 1000.000000000000000 ) ;
#5546 = VERTEX_POINT ( 'NONE', #4067 ) ;
#5547 = ADVANCED_FACE ( 'NONE', ( #1930 ), #1252, .T. ) ;
#5548 = ORIENTED_EDGE ( 'NONE', *, *, #552, .T. ) ;
#5549 = CARTESIAN_POINT ( 'NONE',  ( 1.000000000000000000, -18.20000000000000284, 18.34168760482228322 ) ) ;
#5550 = VECTOR ( 'NONE', #2839, 1000.000000000000000 ) ;
#5551 = CARTESIAN_POINT ( 'NONE',  ( 1.000000000000000888, -8.170174558805832987, 22.45831239517770328 ) ) ;
#5552 = LINE ( 'NONE', #2063, #694 ) ;
#5553 = EDGE_LOOP ( 'NONE', ( #1751, #3203, #93, #3747, #979, #4362 ) ) ;
#5554 = ORIENTED_EDGE ( 'NONE', *, *, #5330, .T. ) ;
#5555 = CIRCLE ( 'NONE', #3108, 1.600000000000000089 ) ;
#5556 = ADVANCED_FACE ( 'NONE', ( #2941 ), #785, .F. ) ;
#5557 = DIRECTION ( 'NONE',  ( -1.000000000000000000, -3.252606517456513918E-17, 0.000000000000000000 ) ) ;
#5558 = DIRECTION ( 'NONE',  ( -1.000000000000000000, -3.252606517456513918E-17, 0.000000000000000000 ) ) ;
#5559 = PLANE ( 'NONE',  #1668 ) ;
#5560 = ORIENTED_EDGE ( 'NONE', *, *, #4739, .T. ) ;
#5561 = CARTESIAN_POINT ( 'NONE',  ( 0.4999999999999983902, -8.052613167763272628, 50.55901252708741822 ) ) ;
#5562 = ADVANCED_FACE ( 'NONE', ( #3795 ), #4172, .F. ) ;
#5563 = FACE_OUTER_BOUND ( 'NONE', #223, .T. ) ;
#5564 = EDGE_CURVE ( 'NONE', #1530, #4813, #1707, .T. ) ;
#5565 = VERTEX_POINT ( 'NONE', #361 ) ;
#5566 = CARTESIAN_POINT ( 'NONE',  ( 0.4999999999999987232, -9.960362833696484230, 35.09386066807927307 ) ) ;
#5567 = PRESENTATION_STYLE_ASSIGNMENT (( #3810 ) ) ;
#5568 = VECTOR ( 'NONE', #3877, 1000.000000000000114 ) ;
#5569 = EDGE_LOOP ( 'NONE', ( #1358, #1752, #1742, #3473 ) ) ;
#5570 = AXIS2_PLACEMENT_3D ( 'NONE', #2135, #762, #2898 ) ;
#5571 = DIRECTION ( 'NONE',  ( -3.252606517456513918E-17, 1.000000000000000000, 0.000000000000000000 ) ) ;
#5572 = CARTESIAN_POINT ( 'NONE',  ( 0.4999999999999970024, -5.299999999999999822, -18.40000000000000568 ) ) ;
#5573 = EDGE_CURVE ( 'NONE', #3117, #5015, #5552, .T. ) ;
#5574 = AXIS2_PLACEMENT_3D ( 'NONE', #1228, #4595, #1717 ) ;
#5575 = ORIENTED_EDGE ( 'NONE', *, *, #2957, .T. ) ;
#5576 = CARTESIAN_POINT ( 'NONE',  ( 0.5000000000000004441, -19.00000000000000355, 64.13639844763217468 ) ) ;
#5577 = CARTESIAN_POINT ( 'NONE',  ( 0.000000000000000000, 0.000000000000000000, -26.35000000000000142 ) ) ;
#5578 = ORIENTED_EDGE ( 'NONE', *, *, #3844, .T. ) ;
#5579 = MECHANICAL_DESIGN_GEOMETRIC_PRESENTATION_REPRESENTATION (  '', ( #580 ), #2499 ) ;
#5580 = ORIENTED_EDGE ( 'NONE', *, *, #3727, .F. ) ;
#5581 = VECTOR ( 'NONE', #53, 1000.000000000000000 ) ;
#5582 = CIRCLE ( 'NONE', #4103, 1.650000000000002132 ) ;
#5583 = VERTEX_POINT ( 'NONE', #392 ) ;
#5584 = ORIENTED_EDGE ( 'NONE', *, *, #3057, .F. ) ;
#5585 = CARTESIAN_POINT ( 'NONE',  ( -63.03173803727768387, -7.300000000000001599, 50.28776832031181243 ) ) ;
#5586 = DIRECTION ( 'NONE',  ( 0.000000000000000000, 1.000000000000000000, -1.577021341797097560E-16 ) ) ;
#5587 = DIRECTION ( 'NONE',  ( 0.000000000000000000, 0.000000000000000000, 1.000000000000000000 ) ) ;
#5588 = FACE_BOUND ( 'NONE', #1195, .T. ) ;
#5589 = DIRECTION ( 'NONE',  ( -1.000000000000000000, -3.252606517456514535E-17, -4.636167053988475974E-17 ) ) ;
#5590 = VECTOR ( 'NONE', #3278, 1000.000000000000000 ) ;
#5591 = FACE_OUTER_BOUND ( 'NONE', #4729, .T. ) ;
#5592 = ORIENTED_EDGE ( 'NONE', *, *, #2369, .T. ) ;
#5593 = ORIENTED_EDGE ( 'NONE', *, *, #5270, .T. ) ;
#5594 = CARTESIAN_POINT ( 'NONE',  ( 1.225000000000000311, -15.99999999999999645, -26.35000000000000142 ) ) ;
#5595 = EDGE_CURVE ( 'NONE', #3879, #4415, #2121, .T. ) ;
#5596 = LINE ( 'NONE', #2919, #421 ) ;
#5597 = CARTESIAN_POINT ( 'NONE',  ( 2.725000000000000533, -0.9999999999999941158, 75.00199999999998113 ) ) ;
#5598 = CARTESIAN_POINT ( 'NONE',  ( 6.000000000000000000, -1.644164868785977118, 75.00000000000000000 ) ) ;
#5599 = EDGE_CURVE ( 'NONE', #5140, #690, #1674, .T. ) ;
#5600 = PLANE ( 'NONE',  #1677 ) ;
#5601 = EDGE_CURVE ( 'NONE', #2430, #2453, #2969, .T. ) ;
#5602 = DIRECTION ( 'NONE',  ( -0.000000000000000000, 1.000000000000000000, 2.168404344971010594E-16 ) ) ;
#5603 = AXIS2_PLACEMENT_3D ( 'NONE', #950, #3963, #91 ) ;
#5604 = ORIENTED_EDGE ( 'NONE', *, *, #2724, .T. ) ;
#5605 = DIRECTION ( 'NONE',  ( -0.000000000000000000, -1.000000000000000000, -2.168404344971010840E-16 ) ) ;
#5606 = EDGE_CURVE ( 'NONE', #3098, #3909, #2589, .T. ) ;
#5607 = ORIENTED_EDGE ( 'NONE', *, *, #69, .T. ) ;
#5608 = ORIENTED_EDGE ( 'NONE', *, *, #3541, .T. ) ;
#5609 = CIRCLE ( 'NONE', #4321, 1.000000000000000888 ) ;
#5610 = EDGE_CURVE ( 'NONE', #3234, #3880, #4292, .T. ) ;
#5611 = CARTESIAN_POINT ( 'NONE',  ( 0.4999999999999994449, -16.57825347598732790, 4.000000000000005329 ) ) ;
#5612 = VECTOR ( 'NONE', #4357, 1000.000000000000000 ) ;
#5613 = CARTESIAN_POINT ( 'NONE',  ( 4.000000000000000000, -15.07469763858625811, 35.74488389006606326 ) ) ;
#5614 = CARTESIAN_POINT ( 'NONE',  ( 4.225000000000000533, -13.99999999999999822, -19.59999999999999787 ) ) ;
#5615 = ORIENTED_EDGE ( 'NONE', *, *, #4999, .T. ) ;
#5616 = ORIENTED_EDGE ( 'NONE', *, *, #2387, .T. ) ;
#5617 = VECTOR ( 'NONE', #1973, 1000.000000000000000 ) ;
#5618 = LINE ( 'NONE', #2563, #3086 ) ;
#5619 = PLANE ( 'NONE',  #2555 ) ;
#5620 = DIRECTION ( 'NONE',  ( -1.000000000000000000, -1.239088197126290570E-16, 0.000000000000000000 ) ) ;
#5621 = ORIENTED_EDGE ( 'NONE', *, *, #2175, .F. ) ;
ENDSEC;
END-ISO-10303-21;
