ISO-10303-21;
HEADER;
FILE_DESCRIPTION (( 'STEP AP214' ),
    '1' );
FILE_NAME ('ÓÒ²à°å-ÏÂ°ë-´øÂÝÎÆ.STEP',
    '2026-03-23T05:35:05',
    ( '' ),
    ( '' ),
    'SwSTEP 2.0',
    'SolidWorks 2023',
    '' );
FILE_SCHEMA (( 'AUTOMOTIVE_DESIGN' ));
ENDSEC;

DATA;
#1 = CARTESIAN_POINT ( 'NONE',  ( 0.9999999999999995559, -6.499999999999999112, 24.65831239517770612 ) ) ;
#2 = AXIS2_PLACEMENT_3D ( 'NONE', #1676, #1300, #5156 ) ;
#3 = CARTESIAN_POINT ( 'NONE',  ( 1.000000000000000000, -19.00000000000000355, 59.65831239517768836 ) ) ;
#4 = EDGE_CURVE ( 'NONE', #2023, #5270, #2049, .T. ) ;
#5 = ORIENTED_EDGE ( 'NONE', *, *, #2462, .T. ) ;
#6 = EDGE_LOOP ( 'NONE', ( #1620, #1078, #1948, #3731 ) ) ;
#7 = CARTESIAN_POINT ( 'NONE',  ( 1.000000000000000222, -17.00122895812818058, 52.27044339804668027 ) ) ;
#8 = PLANE ( 'NONE',  #498 ) ;
#9 = CARTESIAN_POINT ( 'NONE',  ( 5.000000000000000000, -0.9999999999999941158, -29.20000000000000284 ) ) ;
#10 = CARTESIAN_POINT ( 'NONE',  ( 1.999999999999999112, 4.000000000000000000, 62.50000000000000000 ) ) ;
#11 = EDGE_CURVE ( 'NONE', #1860, #634, #4950, .T. ) ;
#12 = VERTEX_POINT ( 'NONE', #3727 ) ;
#13 = ORIENTED_EDGE ( 'NONE', *, *, #339, .F. ) ;
#14 = FACE_OUTER_BOUND ( 'NONE', #5425, .T. ) ;
#15 = FACE_BOUND ( 'NONE', #3214, .T. ) ;
#16 = AXIS2_PLACEMENT_3D ( 'NONE', #5013, #2513, #772 ) ;
#17 = DIRECTION ( 'NONE',  ( 0.000000000000000000, -1.000000000000000000, 0.000000000000000000 ) ) ;
#18 = ORIENTED_EDGE ( 'NONE', *, *, #1799, .T. ) ;
#19 = EDGE_LOOP ( 'NONE', ( #4260, #3267, #4937, #1238, #18, #4001, #2704, #1017 ) ) ;
#20 = DIRECTION ( 'NONE',  ( 1.000000000000000000, 3.252606517456513918E-17, -0.000000000000000000 ) ) ;
#21 = CARTESIAN_POINT ( 'NONE',  ( 0.4999999999999987232, -7.299999999999998934, 27.71223167968819823 ) ) ;
#22 =( NAMED_UNIT ( * ) PLANE_ANGLE_UNIT ( ) SI_UNIT ( $, .RADIAN. ) );
#23 = ORIENTED_EDGE ( 'NONE', *, *, #1351, .F. ) ;
#24 = DIRECTION ( 'NONE',  ( -1.000000000000000000, -0.000000000000000000, -0.000000000000000000 ) ) ;
#25 = LINE ( 'NONE', #4308, #427 ) ;
#26 = DIRECTION ( 'NONE',  ( 1.000000000000000000, 0.000000000000000000, -0.000000000000000000 ) ) ;
#27 = ORIENTED_EDGE ( 'NONE', *, *, #1394, .F. ) ;
#28 = ORIENTED_EDGE ( 'NONE', *, *, #1928, .F. ) ;
#29 = EDGE_CURVE ( 'NONE', #3690, #4121, #1567, .T. ) ;
#30 = FACE_OUTER_BOUND ( 'NONE', #4203, .T. ) ;
#31 = EDGE_CURVE ( 'NONE', #2681, #785, #3341, .T. ) ;
#32 = FACE_BOUND ( 'NONE', #69, .T. ) ;
#33 = VECTOR ( 'NONE', #3401, 1000.000000000000000 ) ;
#34 = LINE ( 'NONE', #508, #4024 ) ;
#35 = ORIENTED_EDGE ( 'NONE', *, *, #1451, .F. ) ;
#36 = AXIS2_PLACEMENT_3D ( 'NONE', #5068, #1163, #1051 ) ;
#37 = ORIENTED_EDGE ( 'NONE', *, *, #717, .T. ) ;
#38 = EDGE_CURVE ( 'NONE', #3851, #1926, #5027, .T. ) ;
#39 = CARTESIAN_POINT ( 'NONE',  ( 0.9999999999999993339, -0.5000000000000065503, 62.50000000000000000 ) ) ;
#40 = CIRCLE ( 'NONE', #942, 0.7999999999999986011 ) ;
#41 = DIRECTION ( 'NONE',  ( -1.000000000000000000, -0.000000000000000000, -0.000000000000000000 ) ) ;
#42 = ORIENTED_EDGE ( 'NONE', *, *, #862, .F. ) ;
#43 = ORIENTED_EDGE ( 'NONE', *, *, #3370, .F. ) ;
#44 = VECTOR ( 'NONE', #4288, 1000.000000000000000 ) ;
#45 = DIRECTION ( 'NONE',  ( 1.000000000000000000, 1.239088197126290570E-16, -0.000000000000000000 ) ) ;
#46 = EDGE_CURVE ( 'NONE', #3784, #1088, #2793, .T. ) ;
#47 = AXIS2_PLACEMENT_3D ( 'NONE', #3615, #1455, #3174 ) ;
#48 = DIRECTION ( 'NONE',  ( 0.000000000000000000, 0.3390552584695135652, 0.9407664597040922283 ) ) ;
#49 = VECTOR ( 'NONE', #1886, 1000.000000000000000 ) ;
#50 = APPLICATION_PROTOCOL_DEFINITION ( 'draft international standard', 'automotive_design', 1998, #2797 ) ;
#51 = ORIENTED_EDGE ( 'NONE', *, *, #4090, .F. ) ;
#52 = VECTOR ( 'NONE', #4757, 1000.000000000000000 ) ;
#53 = CIRCLE ( 'NONE', #1045, 1.649999999999998579 ) ;
#54 = VECTOR ( 'NONE', #2662, 1000.000000000000000 ) ;
#55 = DIRECTION ( 'NONE',  ( -1.000000000000000000, -3.469446951953611107E-17, 0.000000000000000000 ) ) ;
#56 = CARTESIAN_POINT ( 'NONE',  ( 5.000000000000000888, 5.384615384615379696, 58.21831338878165951 ) ) ;
#57 = CIRCLE ( 'NONE', #3237, 0.8000000000000003775 ) ;
#58 = VECTOR ( 'NONE', #918, 1000.000000000000000 ) ;
#59 = PLANE ( 'NONE',  #536 ) ;
#60 = VECTOR ( 'NONE', #3382, 1000.000000000000114 ) ;
#61 = ORIENTED_EDGE ( 'NONE', *, *, #4589, .F. ) ;
#62 = ORIENTED_EDGE ( 'NONE', *, *, #165, .F. ) ;
#63 = AXIS2_PLACEMENT_3D ( 'NONE', #1097, #4601, #4629 ) ;
#64 = FACE_OUTER_BOUND ( 'NONE', #4776, .T. ) ;
#65 = DIRECTION ( 'NONE',  ( 0.000000000000000000, 0.000000000000000000, 1.000000000000000000 ) ) ;
#66 = DIRECTION ( 'NONE',  ( -1.000000000000000000, 0.000000000000000000, 0.000000000000000000 ) ) ;
#67 = ORIENTED_EDGE ( 'NONE', *, *, #2400, .T. ) ;
#68 = EDGE_CURVE ( 'NONE', #4118, #436, #4469, .T. ) ;
#69 = EDGE_LOOP ( 'NONE', ( #2167, #258 ) ) ;
#70 = ADVANCED_FACE ( 'NONE', ( #1625 ), #4727, .F. ) ;
#71 = CIRCLE ( 'NONE', #3968, 1.250000000000007994 ) ;
#72 = CARTESIAN_POINT ( 'NONE',  ( 2.724999999999999201, -22.49999999999998579, -40.99999999999999289 ) ) ;
#73 = CARTESIAN_POINT ( 'NONE',  ( 0.5000000000000004441, -17.32982544119416701, 55.54168760482228606 ) ) ;
#74 = LINE ( 'NONE', #4487, #5314 ) ;
#75 = ORIENTED_EDGE ( 'NONE', *, *, #611, .F. ) ;
#76 = ORIENTED_EDGE ( 'NONE', *, *, #4090, .T. ) ;
#77 = EDGE_CURVE ( 'NONE', #880, #3910, #4658, .T. ) ;
#78 = DIRECTION ( 'NONE',  ( 1.000000000000000000, -0.000000000000000000, -0.000000000000000000 ) ) ;
#79 = DIRECTION ( 'NONE',  ( 0.000000000000000000, -1.577021341797097560E-16, -1.000000000000000000 ) ) ;
#80 = CARTESIAN_POINT ( 'NONE',  ( 0.9999999999999997780, -15.50000000000000178, 64.00000000000000000 ) ) ;
#81 = ADVANCED_FACE ( 'NONE', ( #769 ), #401, .F. ) ;
#82 = ORIENTED_EDGE ( 'NONE', *, *, #3504, .F. ) ;
#83 = CARTESIAN_POINT ( 'NONE',  ( 4.224999999999999645, -15.99999999999999645, -38.00000000000000000 ) ) ;
#84 = CARTESIAN_POINT ( 'NONE',  ( 7.000000000000000000, -11.49999999999999467, 39.00000000000000000 ) ) ;
#85 = AXIS2_PLACEMENT_3D ( 'NONE', #2375, #4105, #610 ) ;
#86 = CARTESIAN_POINT ( 'NONE',  ( 5.000000000000000000, -0.9999999999999941158, -37.00000000000000000 ) ) ;
#87 = EDGE_LOOP ( 'NONE', ( #1989, #987, #1268, #157 ) ) ;
#88 = ORIENTED_EDGE ( 'NONE', *, *, #5377, .F. ) ;
#89 = AXIS2_PLACEMENT_3D ( 'NONE', #4460, #5294, #1021 ) ;
#90 = DIRECTION ( 'NONE',  ( -1.355252715606879803E-16, 1.000000000000000000, 0.000000000000000000 ) ) ;
#91 = CARTESIAN_POINT ( 'NONE',  ( 1.000000000000000888, -7.299999999999999822, 15.44526502967733705 ) ) ;
#92 = DIRECTION ( 'NONE',  ( 1.000000000000000000, 1.239088197126290570E-16, 0.000000000000000000 ) ) ;
#93 = CARTESIAN_POINT ( 'NONE',  ( 1.000000000000000222, -14.91176836727676402, 64.48656371865978087 ) ) ;
#94 = ORIENTED_EDGE ( 'NONE', *, *, #3719, .F. ) ;
#95 = CIRCLE ( 'NONE', #819, 3.999999999999998224 ) ;
#96 = ORIENTED_EDGE ( 'NONE', *, *, #3249, .F. ) ;
#97 = CARTESIAN_POINT ( 'NONE',  ( 4.225000000000000533, -2.999999999999997335, -34.20000000000000284 ) ) ;
#98 = DIRECTION ( 'NONE',  ( 0.000000000000000000, 0.000000000000000000, -1.000000000000000000 ) ) ;
#99 = DIRECTION ( 'NONE',  ( 0.000000000000000000, -1.000000000000000000, -1.734723475976807883E-15 ) ) ;
#100 = ORIENTED_EDGE ( 'NONE', *, *, #237, .F. ) ;
#101 = ORIENTED_EDGE ( 'NONE', *, *, #1104, .T. ) ;
#102 = CARTESIAN_POINT ( 'NONE',  ( -11.90479651964897911, 2.654351659482303116, 70.39040537556121535 ) ) ;
#103 = FACE_OUTER_BOUND ( 'NONE', #2825, .T. ) ;
#104 = ADVANCED_FACE ( 'NONE', ( #433 ), #4661, .F. ) ;
#105 = ADVANCED_FACE ( 'NONE', ( #832 ), #5186, .F. ) ;
#106 = CARTESIAN_POINT ( 'NONE',  ( 7.000000000000000000, -1.999999999999998668, 57.78260869565216495 ) ) ;
#107 = ORIENTED_EDGE ( 'NONE', *, *, #4067, .T. ) ;
#108 = DIRECTION ( 'NONE',  ( -3.469446951953612956E-17, 1.000000000000000000, -0.000000000000000000 ) ) ;
#109 = EDGE_CURVE ( 'NONE', #1860, #3092, #4845, .T. ) ;
#110 = CARTESIAN_POINT ( 'NONE',  ( 0.9999999999999991118, 6.563277878031138712, 66.19859520899437655 ) ) ;
#111 = DIRECTION ( 'NONE',  ( 0.000000000000000000, 0.000000000000000000, 1.000000000000000000 ) ) ;
#112 = ORIENTED_EDGE ( 'NONE', *, *, #5185, .F. ) ;
#113 = VERTEX_POINT ( 'NONE', #4698 ) ;
#114 = CARTESIAN_POINT ( 'NONE',  ( 31.65336144876025770, 6.563277878031139601, 66.19859520899437655 ) ) ;
#115 = CARTESIAN_POINT ( 'NONE',  ( 4.000000000000000000, -12.20000000000000107, -4.000000000000000000 ) ) ;
#116 = DIRECTION ( 'NONE',  ( 1.355252715606881036E-16, -1.000000000000000000, 0.000000000000000000 ) ) ;
#117 = ORIENTED_EDGE ( 'NONE', *, *, #202, .T. ) ;
#118 = ORIENTED_EDGE ( 'NONE', *, *, #1444, .T. ) ;
#119 = SURFACE_SIDE_STYLE ('',( #5266 ) ) ;
#120 = VECTOR ( 'NONE', #1237, 1000.000000000000000 ) ;
#121 = FACE_BOUND ( 'NONE', #4400, .T. ) ;
#122 = VECTOR ( 'NONE', #5573, 1000.000000000000000 ) ;
#123 = DIRECTION ( 'NONE',  ( -1.000000000000000000, -3.252606517456513302E-17, -2.535569890667617935E-16 ) ) ;
#124 = ORIENTED_EDGE ( 'NONE', *, *, #4700, .T. ) ;
#125 = ORIENTED_EDGE ( 'NONE', *, *, #3039, .T. ) ;
#126 = DIRECTION ( 'NONE',  ( -1.355252715606879803E-16, 1.000000000000000000, 0.000000000000000000 ) ) ;
#127 = DIRECTION ( 'NONE',  ( -1.000000000000000000, -3.252606517456513918E-17, 0.000000000000000000 ) ) ;
#128 = CARTESIAN_POINT ( 'NONE',  ( 4.225000000000000533, -13.99999999999999645, -26.35000000000000142 ) ) ;
#129 = CARTESIAN_POINT ( 'NONE',  ( 21.41522322567242043, -4.499999999999997335, -19.20000000000000639 ) ) ;
#130 = VECTOR ( 'NONE', #4370, 1000.000000000000000 ) ;
#131 = EDGE_CURVE ( 'NONE', #5182, #1903, #2184, .T. ) ;
#132 = ORIENTED_EDGE ( 'NONE', *, *, #2996, .F. ) ;
#133 = ADVANCED_FACE ( 'NONE', ( #1258 ), #1285, .F. ) ;
#134 = FACE_OUTER_BOUND ( 'NONE', #3223, .T. ) ;
#135 = AXIS2_PLACEMENT_3D ( 'NONE', #3960, #4326, #3530 ) ;
#136 = LINE ( 'NONE', #192, #2685 ) ;
#137 = DIRECTION ( 'NONE',  ( -0.000000000000000000, 1.000000000000000000, 0.000000000000000000 ) ) ;
#138 = AXIS2_PLACEMENT_3D ( 'NONE', #3721, #702, #1069 ) ;
#139 = VERTEX_POINT ( 'NONE', #5547 ) ;
#140 = VECTOR ( 'NONE', #5281, 1000.000000000000114 ) ;
#141 = EDGE_CURVE ( 'NONE', #5366, #523, #4290, .T. ) ;
#142 = CYLINDRICAL_SURFACE ( 'NONE', #3491, 5.499999999999998224 ) ;
#143 = CARTESIAN_POINT ( 'NONE',  ( -4.501000000000007439, 4.000000000000000000, -28.57413601349979260 ) ) ;
#144 = VECTOR ( 'NONE', #596, 1000.000000000000000 ) ;
#145 = VECTOR ( 'NONE', #650, 1000.000000000000000 ) ;
#146 = VECTOR ( 'NONE', #45, 1000.000000000000000 ) ;
#147 = AXIS2_PLACEMENT_3D ( 'NONE', #1403, #1855, #3207 ) ;
#148 = CARTESIAN_POINT ( 'NONE',  ( 31.65336144876025770, 6.563277878031139601, 66.19859520899437655 ) ) ;
#149 = VERTEX_POINT ( 'NONE', #3367 ) ;
#150 = ORIENTED_EDGE ( 'NONE', *, *, #4801, .T. ) ;
#151 = EDGE_CURVE ( 'NONE', #4151, #1217, #4753, .T. ) ;
#152 = VECTOR ( 'NONE', #983, 1000.000000000000000 ) ;
#153 = DIRECTION ( 'NONE',  ( -0.000000000000000000, -7.647554475223040142E-17, -1.000000000000000000 ) ) ;
#154 = CARTESIAN_POINT ( 'NONE',  ( 7.000000000000000000, -15.99999999999999645, -33.60000000000000142 ) ) ;
#155 = DIRECTION ( 'NONE',  ( 0.000000000000000000, -1.000000000000000000, 0.000000000000000000 ) ) ;
#156 = ORIENTED_EDGE ( 'NONE', *, *, #251, .F. ) ;
#157 = ORIENTED_EDGE ( 'NONE', *, *, #3546, .F. ) ;
#158 = CARTESIAN_POINT ( 'NONE',  ( 3.499999999999995115, -22.50000000000000000, 21.24999999999999289 ) ) ;
#159 = DIRECTION ( 'NONE',  ( 1.000000000000000000, 1.239088197126290570E-16, 0.000000000000000000 ) ) ;
#160 = DIRECTION ( 'NONE',  ( 0.000000000000000000, -1.000000000000000000, -2.168404344971010840E-16 ) ) ;
#161 = DIRECTION ( 'NONE',  ( 0.000000000000000000, 0.000000000000000000, -1.000000000000000000 ) ) ;
#162 = ORIENTED_EDGE ( 'NONE', *, *, #4766, .F. ) ;
#163 = LINE ( 'NONE', #1864, #2418 ) ;
#164 = CARTESIAN_POINT ( 'NONE',  ( 4.000000000000000000, -6.499999999999999112, 15.34168760482228500 ) ) ;
#165 = EDGE_CURVE ( 'NONE', #3119, #1610, #5097, .T. ) ;
#166 = EDGE_CURVE ( 'NONE', #4501, #1800, #2509, .T. ) ;
#167 = LINE ( 'NONE', #4971, #3011 ) ;
#168 = ORIENTED_EDGE ( 'NONE', *, *, #2920, .T. ) ;
#169 = ORIENTED_EDGE ( 'NONE', *, *, #4755, .T. ) ;
#170 = LINE ( 'NONE', #4425, #4032 ) ;
#171 = DIRECTION ( 'NONE',  ( 1.000000000000000000, 3.252606517456513918E-17, -0.000000000000000000 ) ) ;
#172 = EDGE_CURVE ( 'NONE', #5012, #453, #3874, .T. ) ;
#173 = AXIS2_PLACEMENT_3D ( 'NONE', #184, #2173, #208 ) ;
#174 = EDGE_CURVE ( 'NONE', #3850, #1089, #2077, .T. ) ;
#175 = LINE ( 'NONE', #2879, #4076 ) ;
#176 = VERTEX_POINT ( 'NONE', #4238 ) ;
#177 = VERTEX_POINT ( 'NONE', #2159 ) ;
#178 = VECTOR ( 'NONE', #4866, 1000.000000000000000 ) ;
#179 = LINE ( 'NONE', #3220, #2876 ) ;
#180 = EDGE_CURVE ( 'NONE', #3396, #857, #3901, .T. ) ;
#181 = AXIS2_PLACEMENT_3D ( 'NONE', #851, #1649, #5120 ) ;
#182 = FACE_OUTER_BOUND ( 'NONE', #201, .T. ) ;
#183 = VERTEX_POINT ( 'NONE', #4996 ) ;
#184 = CARTESIAN_POINT ( 'NONE',  ( 0.000000000000000000, 0.000000000000000000, 0.000000000000000000 ) ) ;
#185 = ORIENTED_EDGE ( 'NONE', *, *, #2737, .F. ) ;
#186 = CARTESIAN_POINT ( 'NONE',  ( 7.002000000000005997, -15.96394253386069728, 25.65831239517770612 ) ) ;
#187 = DIRECTION ( 'NONE',  ( 0.000000000000000000, 1.000000000000000000, 0.000000000000000000 ) ) ;
#188 = DIRECTION ( 'NONE',  ( -1.000000000000000000, -1.239088197126290570E-16, 0.000000000000000000 ) ) ;
#189 = DIRECTION ( 'NONE',  ( -1.000000000000000000, 0.000000000000000000, -0.000000000000000000 ) ) ;
#190 = ORIENTED_EDGE ( 'NONE', *, *, #4532, .T. ) ;
#191 = LINE ( 'NONE', #3239, #5407 ) ;
#192 = CARTESIAN_POINT ( 'NONE',  ( 0.000000000000000000, 4.000000000000000000, 99.53303044828378177 ) ) ;
#193 = CARTESIAN_POINT ( 'NONE',  ( 0.4999999999999970024, -5.299999999999999822, -19.20000000000000639 ) ) ;
#194 = CARTESIAN_POINT ( 'NONE',  ( 6.999999999999999112, -22.50000000000001421, 75.00000000000000000 ) ) ;
#195 = ORIENTED_EDGE ( 'NONE', *, *, #4680, .T. ) ;
#196 = ORIENTED_EDGE ( 'NONE', *, *, #5555, .F. ) ;
#197 = DIRECTION ( 'NONE',  ( 0.000000000000000000, 0.000000000000000000, -1.000000000000000000 ) ) ;
#198 = DIRECTION ( 'NONE',  ( 0.000000000000000000, 1.000000000000000000, 0.000000000000000000 ) ) ;
#199 = DIRECTION ( 'NONE',  ( -1.000000000000000000, -0.000000000000000000, 0.000000000000000000 ) ) ;
#200 = ORIENTED_EDGE ( 'NONE', *, *, #3958, .F. ) ;
#201 = EDGE_LOOP ( 'NONE', ( #313, #4199, #263, #5460 ) ) ;
#202 = EDGE_CURVE ( 'NONE', #2449, #620, #34, .T. ) ;
#203 = ADVANCED_FACE ( 'NONE', ( #5423 ), #3651, .F. ) ;
#204 = CARTESIAN_POINT ( 'NONE',  ( 7.002000000000005109, -14.00000000000000355, 39.00000000000000000 ) ) ;
#205 = VERTEX_POINT ( 'NONE', #3925 ) ;
#206 = DIRECTION ( 'NONE',  ( -1.355252715606883008E-16, 1.000000000000000000, 0.000000000000000000 ) ) ;
#207 = ORIENTED_EDGE ( 'NONE', *, *, #4752, .T. ) ;
#208 = DIRECTION ( 'NONE',  ( 1.000000000000000000, 0.000000000000000000, 0.000000000000000000 ) ) ;
#209 = ORIENTED_EDGE ( 'NONE', *, *, #2010, .T. ) ;
#210 = EDGE_CURVE ( 'NONE', #205, #706, #4758, .T. ) ;
#211 = DIRECTION ( 'NONE',  ( 0.000000000000000000, -1.000000000000000000, 0.000000000000000000 ) ) ;
#212 = DIRECTION ( 'NONE',  ( -1.000000000000000000, -3.469446951953611107E-17, 0.000000000000000000 ) ) ;
#213 = FACE_OUTER_BOUND ( 'NONE', #3895, .T. ) ;
#214 = DIRECTION ( 'NONE',  ( 0.000000000000000000, -1.000000000000000000, 0.000000000000000000 ) ) ;
#215 = ORIENTED_EDGE ( 'NONE', *, *, #862, .T. ) ;
#216 = EDGE_CURVE ( 'NONE', #4777, #2922, #966, .T. ) ;
#217 = CARTESIAN_POINT ( 'NONE',  ( -64.14711903867025455, -15.34981716550030484, 65.20000000000000284 ) ) ;
#218 = DIRECTION ( 'NONE',  ( -1.000000000000000000, -0.000000000000000000, -0.000000000000000000 ) ) ;
#219 = CARTESIAN_POINT ( 'NONE',  ( 4.225000000000000533, -13.99999999999999822, -19.59999999999999787 ) ) ;
#220 = LINE ( 'NONE', #5022, #3176 ) ;
#221 = EDGE_LOOP ( 'NONE', ( #1024, #4610, #1367, #5511 ) ) ;
#222 = VERTEX_POINT ( 'NONE', #1337 ) ;
#223 = CIRCLE ( 'NONE', #2206, 0.7999999999999986011 ) ;
#224 = LINE ( 'NONE', #5427, #1035 ) ;
#225 = DIRECTION ( 'NONE',  ( -1.000000000000000000, -3.469446951953611107E-17, 0.000000000000000000 ) ) ;
#226 = CIRCLE ( 'NONE', #4479, 1.250000000000004663 ) ;
#227 = DIRECTION ( 'NONE',  ( 0.000000000000000000, 0.000000000000000000, 1.000000000000000000 ) ) ;
#228 = EDGE_LOOP ( 'NONE', ( #2978, #4399, #3617, #3838 ) ) ;
#229 = VERTEX_POINT ( 'NONE', #2239 ) ;
#230 = AXIS2_PLACEMENT_3D ( 'NONE', #4486, #4873, #2360 ) ;
#231 = AXIS2_PLACEMENT_3D ( 'NONE', #1605, #2517, #3705 ) ;
#232 = VECTOR ( 'NONE', #1436, 1000.000000000000000 ) ;
#233 = CYLINDRICAL_SURFACE ( 'NONE', #230, 1.000000000000000888 ) ;
#234 = ORIENTED_EDGE ( 'NONE', *, *, #484, .T. ) ;
#235 = ADVANCED_FACE ( 'NONE', ( #4397 ), #5235, .T. ) ;
#236 = CARTESIAN_POINT ( 'NONE',  ( 7.000000000000000888, -2.999999999999998668, 57.78260869565216495 ) ) ;
#237 = EDGE_CURVE ( 'NONE', #4121, #3964, #40, .T. ) ;
#238 = VERTEX_POINT ( 'NONE', #664 ) ;
#239 = CARTESIAN_POINT ( 'NONE',  ( 0.9999999999999997780, -11.53650156772112467, 15.34168760482228500 ) ) ;
#240 = AXIS2_PLACEMENT_3D ( 'NONE', #559, #1501, #2292 ) ;
#241 = VECTOR ( 'NONE', #5473, 1000.000000000000000 ) ;
#242 = ORIENTED_EDGE ( 'NONE', *, *, #1130, .F. ) ;
#243 = AXIS2_PLACEMENT_3D ( 'NONE', #4594, #2006, #3737 ) ;
#244 = VECTOR ( 'NONE', #2309, 1000.000000000000000 ) ;
#245 = CARTESIAN_POINT ( 'NONE',  ( 0.4999999999999970024, -12.20000000000000107, -4.800000000000000711 ) ) ;
#246 = CARTESIAN_POINT ( 'NONE',  ( 0.000000000000000000, -3.499999999999999556, -40.00100000000001188 ) ) ;
#247 = AXIS2_PLACEMENT_3D ( 'NONE', #1588, #3333, #4196 ) ;
#248 = AXIS2_PLACEMENT_3D ( 'NONE', #5175, #2036, #3331 ) ;
#249 = FACE_OUTER_BOUND ( 'NONE', #1966, .T. ) ;
#250 = CARTESIAN_POINT ( 'NONE',  ( 7.000000000000000000, -2.999999999999998668, 99.53303044828378177 ) ) ;
#251 = EDGE_CURVE ( 'NONE', #5530, #722, #5261, .T. ) ;
#252 = ORIENTED_EDGE ( 'NONE', *, *, #321, .F. ) ;
#253 = CARTESIAN_POINT ( 'NONE',  ( 0.5000000000000004441, -6.499999999999993783, 66.00000000000000000 ) ) ;
#254 = FACE_OUTER_BOUND ( 'NONE', #5543, .T. ) ;
#255 = EDGE_CURVE ( 'NONE', #1346, #2551, #1579, .T. ) ;
#256 = CARTESIAN_POINT ( 'NONE',  ( 0.4999999999999987232, -12.40635562892712329, 43.78768300394145996 ) ) ;
#257 = ORIENTED_EDGE ( 'NONE', *, *, #1826, .T. ) ;
#258 = ORIENTED_EDGE ( 'NONE', *, *, #1532, .F. ) ;
#259 = CARTESIAN_POINT ( 'NONE',  ( 7.000000000000000000, -12.15000000000000391, 71.00000000000000000 ) ) ;
#260 = LINE ( 'NONE', #5458, #691 ) ;
#261 = DIRECTION ( 'NONE',  ( 1.000000000000000000, 1.239088197126290570E-16, 0.000000000000000000 ) ) ;
#262 = ORIENTED_EDGE ( 'NONE', *, *, #4502, .F. ) ;
#263 = ORIENTED_EDGE ( 'NONE', *, *, #5617, .T. ) ;
#264 = CIRCLE ( 'NONE', #2997, 5.499999999999998224 ) ;
#265 = CARTESIAN_POINT ( 'NONE',  ( 7.002000000000005997, -17.37825347598732506, 4.800000000000004263 ) ) ;
#266 = LINE ( 'NONE', #2020, #3453 ) ;
#267 = EDGE_LOOP ( 'NONE', ( #3729, #1997, #535, #4222 ) ) ;
#268 = LINE ( 'NONE', #295, #1646 ) ;
#269 = AXIS2_PLACEMENT_3D ( 'NONE', #320, #1052, #4204 ) ;
#270 = ORIENTED_EDGE ( 'NONE', *, *, #4622, .T. ) ;
#271 = DIRECTION ( 'NONE',  ( 1.000000000000000000, -6.505213034913025371E-17, -0.000000000000000000 ) ) ;
#272 = CARTESIAN_POINT ( 'NONE',  ( 0.4999999999999978351, -3.499999999999992895, 4.000000000000003553 ) ) ;
#273 = CIRCLE ( 'NONE', #4813, 0.8000000000000003775 ) ;
#274 = DIRECTION ( 'NONE',  ( 2.279583848477946554E-17, -0.6570453101161654041, -0.7538510863919691829 ) ) ;
#275 = ORIENTED_EDGE ( 'NONE', *, *, #4903, .F. ) ;
#276 = CIRCLE ( 'NONE', #3893, 3.999999999999998224 ) ;
#277 = EDGE_CURVE ( 'NONE', #792, #2023, #2347, .T. ) ;
#278 = CARTESIAN_POINT ( 'NONE',  ( 4.000000000000000000, -13.84625753883614685, 34.48356120283416004 ) ) ;
#279 = EDGE_CURVE ( 'NONE', #4335, #2534, #1364, .T. ) ;
#280 = DIRECTION ( 'NONE',  ( -1.275531967630005245E-16, 1.000000000000000000, -0.000000000000000000 ) ) ;
#281 = CARTESIAN_POINT ( 'NONE',  ( 1.000000000000000000, -18.20000000000000639, 64.93639844763217184 ) ) ;
#282 = ORIENTED_EDGE ( 'NONE', *, *, #2958, .F. ) ;
#283 = ORIENTED_EDGE ( 'NONE', *, *, #4794, .F. ) ;
#284 = CARTESIAN_POINT ( 'NONE',  ( 0.5000000000000004441, -18.20000000000000284, 18.34168760482228322 ) ) ;
#285 = EDGE_CURVE ( 'NONE', #3517, #3290, #5388, .T. ) ;
#286 = DIRECTION ( 'NONE',  ( 0.000000000000000000, 1.000000000000000000, 0.000000000000000000 ) ) ;
#287 = DIRECTION ( 'NONE',  ( -0.000000000000000000, -1.000000000000000000, -2.168404344971010840E-16 ) ) ;
#288 = CARTESIAN_POINT ( 'NONE',  ( 3.499999999999995115, -15.99999999999999645, 18.74999999999999289 ) ) ;
#289 = ORIENTED_EDGE ( 'NONE', *, *, #5253, .T. ) ;
#290 = VERTEX_POINT ( 'NONE', #1527 ) ;
#291 = DIRECTION ( 'NONE',  ( 0.000000000000000000, 0.000000000000000000, -1.000000000000000000 ) ) ;
#292 = ORIENTED_EDGE ( 'NONE', *, *, #3241, .T. ) ;
#293 = FACE_OUTER_BOUND ( 'NONE', #3512, .T. ) ;
#294 = VERTEX_POINT ( 'NONE', #1919 ) ;
#295 = CARTESIAN_POINT ( 'NONE',  ( -63.03173803727769808, -6.500000000000001776, 15.44526502967734416 ) ) ;
#296 = ORIENTED_EDGE ( 'NONE', *, *, #2889, .F. ) ;
#297 = CARTESIAN_POINT ( 'NONE',  ( 7.002000000000005109, -12.21851846721101253, 39.00000000000000000 ) ) ;
#298 = FACE_OUTER_BOUND ( 'NONE', #1155, .T. ) ;
#299 = PLANE ( 'NONE',  #3417 ) ;
#300 = EDGE_LOOP ( 'NONE', ( #681, #4043, #4746, #1851, #2457, #2243, #3221, #2887 ) ) ;
#301 = CARTESIAN_POINT ( 'NONE',  ( -4.501000000000010104, -10.99999999999999822, -31.59999999999999787 ) ) ;
#302 = LINE ( 'NONE', #1152, #1683 ) ;
#303 = ADVANCED_FACE ( 'NONE', ( #5288 ), #4104, .F. ) ;
#304 = CARTESIAN_POINT ( 'NONE',  ( 2.999999999999999112, 1.494263266912956523, 67.00000000000000000 ) ) ;
#305 = ADVANCED_FACE ( 'NONE', ( #3499 ), #1492, .F. ) ;
#306 = ORIENTED_EDGE ( 'NONE', *, *, #68, .T. ) ;
#307 = ORIENTED_EDGE ( 'NONE', *, *, #2765, .T. ) ;
#308 = DIRECTION ( 'NONE',  ( -1.000000000000000000, -3.252606517456513918E-17, 0.000000000000000000 ) ) ;
#309 = DIRECTION ( 'NONE',  ( 1.000000000000000000, 1.239088197126290570E-16, 0.000000000000000000 ) ) ;
#310 = DIRECTION ( 'NONE',  ( -1.000000000000000000, -3.252606517456513918E-17, 1.048466334442454091E-16 ) ) ;
#311 = DIRECTION ( 'NONE',  ( 1.000000000000000000, -0.000000000000000000, -0.000000000000000000 ) ) ;
#312 = EDGE_CURVE ( 'NONE', #229, #3527, #223, .T. ) ;
#313 = ORIENTED_EDGE ( 'NONE', *, *, #1897, .F. ) ;
#314 = AXIS2_PLACEMENT_3D ( 'NONE', #114, #2668, #3165 ) ;
#315 = EDGE_LOOP ( 'NONE', ( #2545, #4844, #3219, #2595 ) ) ;
#316 = AXIS2_PLACEMENT_3D ( 'NONE', #5375, #4011, #915 ) ;
#317 = DIRECTION ( 'NONE',  ( -0.000000000000000000, -1.000000000000000000, -2.168404344971010840E-16 ) ) ;
#318 = CIRCLE ( 'NONE', #2493, 0.8000000000000003775 ) ;
#319 = VERTEX_POINT ( 'NONE', #2806 ) ;
#320 = CARTESIAN_POINT ( 'NONE',  ( -64.14711903867025455, -6.500000000000000888, 59.65831239517768836 ) ) ;
#321 = EDGE_CURVE ( 'NONE', #4287, #3799, #4533, .T. ) ;
#322 = VERTEX_POINT ( 'NONE', #2211 ) ;
#323 = LINE ( 'NONE', #3259, #5277 ) ;
#324 = EDGE_LOOP ( 'NONE', ( #1529, #2192, #3793, #3329 ) ) ;
#325 = VECTOR ( 'NONE', #2983, 1000.000000000000000 ) ;
#326 = PLANE ( 'NONE',  #4822 ) ;
#327 = DIRECTION ( 'NONE',  ( 1.000000000000000000, 0.000000000000000000, 0.000000000000000000 ) ) ;
#328 = AXIS2_PLACEMENT_3D ( 'NONE', #1223, #3231, #5417 ) ;
#329 = DIRECTION ( 'NONE',  ( -1.000000000000000000, -3.469446951953611107E-17, 0.000000000000000000 ) ) ;
#330 = VERTEX_POINT ( 'NONE', #1341 ) ;
#331 = AXIS2_PLACEMENT_3D ( 'NONE', #5063, #5091, #2875 ) ;
#332 = COLOUR_RGB ( '',0.7921568627450980005, 0.8196078431372548767, 0.9333333333333333481 ) ;
#333 = CARTESIAN_POINT ( 'NONE',  ( 7.002000000000004221, -6.499999999999998224, 60.21897914350814318 ) ) ;
#334 = DIRECTION ( 'NONE',  ( 0.000000000000000000, 1.000000000000000000, 0.000000000000000000 ) ) ;
#335 = CARTESIAN_POINT ( 'NONE',  ( 21.41522322567242398, -13.00000000000000000, -19.20000000000000639 ) ) ;
#336 = EDGE_LOOP ( 'NONE', ( #742, #1296, #3069, #3803, #740, #487, #1704, #2914, #3190, #4378, #4588, #3965, #3459, #1825, #4027, #2955 ) ) ;
#337 = ORIENTED_EDGE ( 'NONE', *, *, #3352, .T. ) ;
#338 = DIRECTION ( 'NONE',  ( -1.000000000000000000, -1.239088197126290570E-16, 0.000000000000000000 ) ) ;
#339 = EDGE_CURVE ( 'NONE', #2044, #1109, #3879, .T. ) ;
#340 = CARTESIAN_POINT ( 'NONE',  ( 7.002000000000006885, -17.44738683223673448, 50.55901252708742533 ) ) ;
#341 = EDGE_CURVE ( 'NONE', #1433, #2071, #4731, .T. ) ;
#342 = CARTESIAN_POINT ( 'NONE',  ( 0.4999999999999982792, -7.417561391042563734, 22.72955660195331973 ) ) ;
#343 = CYLINDRICAL_SURFACE ( 'NONE', #2, 0.8000000000000020428 ) ;
#344 = VERTEX_POINT ( 'NONE', #4815 ) ;
#345 = ORIENTED_EDGE ( 'NONE', *, *, #3636, .F. ) ;
#346 = EDGE_CURVE ( 'NONE', #2844, #3451, #937, .T. ) ;
#347 = EDGE_CURVE ( 'NONE', #562, #294, #4756, .T. ) ;
#348 = CARTESIAN_POINT ( 'NONE',  ( 4.000000000000000000, -7.299999999999998934, 27.71223167968819823 ) ) ;
#349 = CARTESIAN_POINT ( 'NONE',  ( 1.000000000000000222, -18.08243860895744248, 55.27044339804668027 ) ) ;
#350 = CARTESIAN_POINT ( 'NONE',  ( 7.000000000000000000, 0.000000000000000000, -20.00000000000000000 ) ) ;
#351 = CARTESIAN_POINT ( 'NONE',  ( 1.000000000000000000, -8.170174558805832987, 21.65831239517770612 ) ) ;
#352 = VERTEX_POINT ( 'NONE', #2599 ) ;
#353 = CARTESIAN_POINT ( 'NONE',  ( 0.4999999999999981681, -6.499999999999999112, 50.28776832031179822 ) ) ;
#354 = ORIENTED_EDGE ( 'NONE', *, *, #994, .F. ) ;
#355 = LINE ( 'NONE', #3317, #1594 ) ;
#356 = EDGE_CURVE ( 'NONE', #4754, #5246, #488, .T. ) ;
#357 = DIRECTION ( 'NONE',  ( -1.355252715606883008E-16, 1.000000000000000000, 0.000000000000000000 ) ) ;
#358 = AXIS2_PLACEMENT_3D ( 'NONE', #1702, #1669, #5172 ) ;
#359 = FACE_OUTER_BOUND ( 'NONE', #5000, .T. ) ;
#360 = ORIENTED_EDGE ( 'NONE', *, *, #2257, .F. ) ;
#361 = CIRCLE ( 'NONE', #2544, 0.7999999999999986011 ) ;
#362 = CARTESIAN_POINT ( 'NONE',  ( 4.000000000000000888, -15.96394253386069728, 24.65831239517770612 ) ) ;
#363 = CARTESIAN_POINT ( 'NONE',  ( 2.999999999999999112, 3.805842560179955480, 69.15558256377492796 ) ) ;
#364 = VECTOR ( 'NONE', #1709, 1000.000000000000000 ) ;
#365 = LINE ( 'NONE', #1182, #4339 ) ;
#366 = ORIENTED_EDGE ( 'NONE', *, *, #165, .T. ) ;
#367 = LINE ( 'NONE', #4627, #1693 ) ;
#368 = DIRECTION ( 'NONE',  ( -1.000000000000000000, -1.239088197126290570E-16, 6.270397653133600026E-34 ) ) ;
#369 = DIRECTION ( 'NONE',  ( 0.000000000000000000, -1.000000000000000000, 0.000000000000000000 ) ) ;
#370 = DIRECTION ( 'NONE',  ( -1.000000000000000000, 0.000000000000000000, 0.000000000000000000 ) ) ;
#371 = ORIENTED_EDGE ( 'NONE', *, *, #2744, .T. ) ;
#372 = ORIENTED_EDGE ( 'NONE', *, *, #1413, .T. ) ;
#373 = CARTESIAN_POINT ( 'NONE',  ( -63.03173803727769808, -4.500000000000001776, 4.000000000000000000 ) ) ;
#374 = CARTESIAN_POINT ( 'NONE',  ( 3.500000000000000444, -22.49999999999999289, -18.00000000000000711 ) ) ;
#375 = DIRECTION ( 'NONE',  ( -1.000000000000000000, -1.239088197126290570E-16, -0.000000000000000000 ) ) ;
#376 = DIRECTION ( 'NONE',  ( -1.000000000000000000, -1.239088197126290570E-16, 0.000000000000000000 ) ) ;
#377 = CARTESIAN_POINT ( 'NONE',  ( 7.000000000000000000, -12.75000000000000000, 0.000000000000000000 ) ) ;
#378 = ORIENTED_EDGE ( 'NONE', *, *, #2670, .F. ) ;
#379 = EDGE_CURVE ( 'NONE', #3527, #4649, #1032, .T. ) ;
#380 = ORIENTED_EDGE ( 'NONE', *, *, #4432, .F. ) ;
#381 = ADVANCED_FACE ( 'NONE', ( #3115, #437 ), #4352, .F. ) ;
#382 = CARTESIAN_POINT ( 'NONE',  ( 7.002000000000005109, -12.75000000000000000, 39.00000000000000000 ) ) ;
#383 = LINE ( 'NONE', #2108, #1949 ) ;
#384 = DIRECTION ( 'NONE',  ( -1.000000000000000000, -1.239088197126290570E-16, 0.000000000000000000 ) ) ;
#385 = ORIENTED_EDGE ( 'NONE', *, *, #5617, .F. ) ;
#386 = EDGE_CURVE ( 'NONE', #613, #1837, #1741, .T. ) ;
#387 = ORIENTED_EDGE ( 'NONE', *, *, #1532, .T. ) ;
#388 = FACE_OUTER_BOUND ( 'NONE', #865, .T. ) ;
#389 = CARTESIAN_POINT ( 'NONE',  ( 7.000000000000000000, -15.99999999999999645, -26.35000000000000142 ) ) ;
#390 = CARTESIAN_POINT ( 'NONE',  ( 5.000000000000000000, 1.959434878635765230E-16, -1.600000000000000089 ) ) ;
#391 = ORIENTED_EDGE ( 'NONE', *, *, #3955, .F. ) ;
#392 = AXIS2_PLACEMENT_3D ( 'NONE', #2087, #3463, #813 ) ;
#393 = CARTESIAN_POINT ( 'NONE',  ( 0.4999999999999988343, -10.71297600145975792, 43.17738353869633983 ) ) ;
#394 = LINE ( 'NONE', #2687, #2676 ) ;
#395 = DIRECTION ( 'NONE',  ( 1.000000000000000000, 3.469446951953611107E-17, -0.000000000000000000 ) ) ;
#396 = CARTESIAN_POINT ( 'NONE',  ( 0.4999999999999995559, -17.18133434510090396, 5.325636248092934899 ) ) ;
#397 = EDGE_LOOP ( 'NONE', ( #3798, #1094, #345, #3699 ) ) ;
#398 = EDGE_LOOP ( 'NONE', ( #124, #4140, #4383, #2837 ) ) ;
#399 = LINE ( 'NONE', #2202, #5216 ) ;
#400 = DIRECTION ( 'NONE',  ( 0.000000000000000000, 0.7071067811865426878, 0.7071067811865524577 ) ) ;
#401 = CYLINDRICAL_SURFACE ( 'NONE', #3847, 0.7999999999999986011 ) ;
#402 = CARTESIAN_POINT ( 'NONE',  ( 0.9999999999999997780, -15.50000000000000178, 64.00000000000000000 ) ) ;
#403 = ORIENTED_EDGE ( 'NONE', *, *, #4331, .T. ) ;
#404 = ORIENTED_EDGE ( 'NONE', *, *, #3713, .F. ) ;
#405 = AXIS2_PLACEMENT_3D ( 'NONE', #3481, #4840, #4786 ) ;
#406 = CARTESIAN_POINT ( 'NONE',  ( 0.9999999999999995559, -18.20000000000000284, 59.65831239517769546 ) ) ;
#407 = ADVANCED_FACE ( 'NONE', ( #14 ), #5267, .T. ) ;
#408 = EDGE_CURVE ( 'NONE', #4681, #1018, #1369, .T. ) ;
#409 = CARTESIAN_POINT ( 'NONE',  ( 1.000000000000000888, -8.170174558805832987, 22.45831239517770328 ) ) ;
#410 = ORIENTED_EDGE ( 'NONE', *, *, #2644, .T. ) ;
#411 = AXIS2_PLACEMENT_3D ( 'NONE', #3302, #3332, #4195 ) ;
#412 = ORIENTED_EDGE ( 'NONE', *, *, #2361, .F. ) ;
#413 = CIRCLE ( 'NONE', #2310, 0.8000000000000003775 ) ;
#414 = CYLINDRICAL_SURFACE ( 'NONE', #2870, 0.7999999999999986011 ) ;
#415 = AXIS2_PLACEMENT_3D ( 'NONE', #3096, #4820, #2220 ) ;
#416 = AXIS2_PLACEMENT_3D ( 'NONE', #4796, #3830, #3407 ) ;
#417 = EDGE_CURVE ( 'NONE', #3295, #3850, #888, .T. ) ;
#418 = FACE_OUTER_BOUND ( 'NONE', #1476, .T. ) ;
#419 = DIRECTION ( 'NONE',  ( -2.137109857948075935E-17, 0.6570453101161654041, 0.7538510863919691829 ) ) ;
#420 = VECTOR ( 'NONE', #3476, 1000.000000000000000 ) ;
#421 = AXIS2_PLACEMENT_3D ( 'NONE', #4558, #1009, #2283 ) ;
#422 = VERTEX_POINT ( 'NONE', #5604 ) ;
#423 = CYLINDRICAL_SURFACE ( 'NONE', #594, 0.9999999999999991118 ) ;
#424 = DIRECTION ( 'NONE',  ( 1.000000000000000000, 1.239088197126290570E-16, 0.000000000000000000 ) ) ;
#425 = EDGE_CURVE ( 'NONE', #429, #2935, #2563, .T. ) ;
#426 = DIRECTION ( 'NONE',  ( 1.000000000000000000, 1.239088197126290817E-16, -0.000000000000000000 ) ) ;
#427 = VECTOR ( 'NONE', #5252, 1000.000000000000000 ) ;
#428 = LINE ( 'NONE', #3390, #3814 ) ;
#429 = VERTEX_POINT ( 'NONE', #4747 ) ;
#430 = ORIENTED_EDGE ( 'NONE', *, *, #1703, .F. ) ;
#431 = CYLINDRICAL_SURFACE ( 'NONE', #5130, 0.7999999999999986011 ) ;
#432 = PLANE ( 'NONE',  #780 ) ;
#433 = FACE_OUTER_BOUND ( 'NONE', #87, .T. ) ;
#434 = CARTESIAN_POINT ( 'NONE',  ( 0.4999999999999987232, -10.71297600145975792, 34.82261646130366017 ) ) ;
#435 = EDGE_LOOP ( 'NONE', ( #5039, #23 ) ) ;
#436 = VERTEX_POINT ( 'NONE', #854 ) ;
#437 = FACE_OUTER_BOUND ( 'NONE', #2675, .T. ) ;
#438 = CARTESIAN_POINT ( 'NONE',  ( 4.000000000000000000, -10.42530236141373834, 35.74488389006606326 ) ) ;
#439 = CARTESIAN_POINT ( 'NONE',  ( 4.000000000000000000, -9.536057466139306271, 24.65831239517770612 ) ) ;
#440 = VERTEX_POINT ( 'NONE', #7 ) ;
#441 = VERTEX_POINT ( 'NONE', #3002 ) ;
#442 = DIRECTION ( 'NONE',  ( 1.275531967630005245E-16, -1.000000000000000000, 0.000000000000000000 ) ) ;
#443 = DIRECTION ( 'NONE',  ( -1.000000000000000000, -1.239088197126290570E-16, 0.000000000000000000 ) ) ;
#444 = CARTESIAN_POINT ( 'NONE',  ( -64.14711903867025455, -17.32982544119417767, 56.34168760482229033 ) ) ;
#445 = EDGE_CURVE ( 'NONE', #1511, #2236, #456, .T. ) ;
#446 = EDGE_LOOP ( 'NONE', ( #1772, #3464, #61, #1904 ) ) ;
#447 = AXIS2_PLACEMENT_3D ( 'NONE', #2214, #1397, #3144 ) ;
#448 = EDGE_CURVE ( 'NONE', #5014, #1067, #907, .T. ) ;
#449 = DIRECTION ( 'NONE',  ( -1.000000000000000000, -3.469446951953611107E-17, 0.000000000000000000 ) ) ;
#450 = CARTESIAN_POINT ( 'NONE',  ( 7.002000000000005109, -14.91176836727676402, 64.48656371865978087 ) ) ;
#451 = CIRCLE ( 'NONE', #3624, 0.8000000000000003775 ) ;
#452 = DIRECTION ( 'NONE',  ( 2.168404344971009854E-16, -1.000000000000000000, 0.000000000000000000 ) ) ;
#453 = VERTEX_POINT ( 'NONE', #2101 ) ;
#454 = EDGE_LOOP ( 'NONE', ( #3275, #430, #886, #2830 ) ) ;
#455 = ADVANCED_FACE ( 'NONE', ( #1713 ), #431, .F. ) ;
#456 = LINE ( 'NONE', #3840, #1760 ) ;
#457 = CARTESIAN_POINT ( 'NONE',  ( -5.585385069297325700, -14.49999999999999645, -32.59999999999999432 ) ) ;
#458 = CARTESIAN_POINT ( 'NONE',  ( 7.002000000000005997, -16.57825347598732790, 4.800000000000004263 ) ) ;
#459 = ORIENTED_EDGE ( 'NONE', *, *, #4500, .T. ) ;
#460 = ORIENTED_EDGE ( 'NONE', *, *, #4191, .F. ) ;
#461 = EDGE_CURVE ( 'NONE', #3813, #5183, #1789, .T. ) ;
#462 = LINE ( 'NONE', #4294, #2964 ) ;
#463 = CARTESIAN_POINT ( 'NONE',  ( 4.225000000000000533, -2.999999999999997335, -34.20000000000000284 ) ) ;
#464 = ORIENTED_EDGE ( 'NONE', *, *, #5384, .F. ) ;
#465 = ORIENTED_EDGE ( 'NONE', *, *, #3268, .F. ) ;
#466 = CARTESIAN_POINT ( 'NONE',  ( 0.4999999999999995559, -18.20000000000000639, 64.93639844763217184 ) ) ;
#467 = DIRECTION ( 'NONE',  ( 1.000000000000000000, -0.000000000000000000, -0.000000000000000000 ) ) ;
#468 = ORIENTED_EDGE ( 'NONE', *, *, #5518, .T. ) ;
#469 = LINE ( 'NONE', #922, #3781 ) ;
#470 = CARTESIAN_POINT ( 'NONE',  ( 0.5000000000000004441, -6.499999999999992895, 21.65831239517770612 ) ) ;
#471 = EDGE_CURVE ( 'NONE', #1191, #1274, #4368, .T. ) ;
#472 = ADVANCED_FACE ( 'NONE', ( #30 ), #3474, .F. ) ;
#473 = CARTESIAN_POINT ( 'NONE',  ( 0.4999999999999988343, -10.99999999999999822, -24.20000000000000639 ) ) ;
#474 = VERTEX_POINT ( 'NONE', #4695 ) ;
#475 = DIRECTION ( 'NONE',  ( -1.000000000000000000, -3.252606517456513918E-17, -2.535569890667617442E-16 ) ) ;
#476 = CARTESIAN_POINT ( 'NONE',  ( 4.225000000000000533, -13.99999999999999645, -34.20000000000000284 ) ) ;
#477 = CIRCLE ( 'NONE', #3038, 0.8000000000000003775 ) ;
#478 = EDGE_CURVE ( 'NONE', #3175, #3875, #1400, .T. ) ;
#479 = DIRECTION ( 'NONE',  ( 0.000000000000000000, -1.000000000000000000, 0.000000000000000000 ) ) ;
#480 = DIRECTION ( 'NONE',  ( 0.000000000000000000, -1.000000000000000000, 0.000000000000000000 ) ) ;
#481 = ORIENTED_EDGE ( 'NONE', *, *, #3719, .T. ) ;
#482 = VERTEX_POINT ( 'NONE', #2645 ) ;
#483 = DIRECTION ( 'NONE',  ( 2.551925094855734528E-17, -1.000000000000000000, 0.000000000000000000 ) ) ;
#484 = EDGE_CURVE ( 'NONE', #5408, #3640, #399, .T. ) ;
#485 = DIRECTION ( 'NONE',  ( 1.000000000000000000, 3.252606517456516384E-17, -1.048466334442454337E-16 ) ) ;
#486 = VERTEX_POINT ( 'NONE', #4780 ) ;
#487 = ORIENTED_EDGE ( 'NONE', *, *, #2430, .T. ) ;
#488 = CIRCLE ( 'NONE', #3661, 1.250000000000001110 ) ;
#489 = CARTESIAN_POINT ( 'NONE',  ( 7.002000000000004221, -6.499999999999998224, 23.13299826867510589 ) ) ;
#490 = DIRECTION ( 'NONE',  ( 0.000000000000000000, 0.000000000000000000, 1.000000000000000000 ) ) ;
#491 = VECTOR ( 'NONE', #3248, 1000.000000000000000 ) ;
#492 = ORIENTED_EDGE ( 'NONE', *, *, #1877, .F. ) ;
#493 = CIRCLE ( 'NONE', #2869, 0.8000000000000003775 ) ;
#494 = VECTOR ( 'NONE', #656, 1000.000000000000000 ) ;
#495 = VECTOR ( 'NONE', #1810, 1000.000000000000000 ) ;
#496 = LINE ( 'NONE', #951, #152 ) ;
#497 = CYLINDRICAL_SURFACE ( 'NONE', #1405, 0.8000000000000003775 ) ;
#498 = AXIS2_PLACEMENT_3D ( 'NONE', #5605, #1714, #908 ) ;
#499 = DIRECTION ( 'NONE',  ( 0.000000000000000000, -1.000000000000000000, 0.000000000000000000 ) ) ;
#500 = ORIENTED_EDGE ( 'NONE', *, *, #1379, .T. ) ;
#501 = CIRCLE ( 'NONE', #3428, 2.000000000000000000 ) ;
#502 = VERTEX_POINT ( 'NONE', #5571 ) ;
#503 = EDGE_CURVE ( 'NONE', #1749, #4501, #2972, .T. ) ;
#504 = VECTOR ( 'NONE', #2152, 1000.000000000000000 ) ;
#506 = DIRECTION ( 'NONE',  ( -1.000000000000000000, 0.000000000000000000, 0.000000000000000000 ) ) ;
#505 = CIRCLE ( 'NONE', #248, 0.9999999999999991118 ) ;
#507 = CARTESIAN_POINT ( 'NONE',  ( 0.4999999999999992784, -14.78702399854024385, 43.17738353869633983 ) ) ;
#508 = CARTESIAN_POINT ( 'NONE',  ( 4.000000000000000000, -12.75000000000000000, 40.47468587349739266 ) ) ;
#509 = DIRECTION ( 'NONE',  ( -2.279583848477945630E-17, 0.6570453101161650711, 0.7538510863919692939 ) ) ;
#510 = EDGE_LOOP ( 'NONE', ( #2643, #1313, #2587, #5291, #2099, #2019, #2453 ) ) ;
#511 = ORIENTED_EDGE ( 'NONE', *, *, #4678, .F. ) ;
#512 = EDGE_CURVE ( 'NONE', #1262, #3254, #3045, .T. ) ;
#513 = EDGE_CURVE ( 'NONE', #4551, #4867, #2126, .T. ) ;
#514 = LINE ( 'NONE', #39, #2314 ) ;
#515 = DIRECTION ( 'NONE',  ( -0.000000000000000000, -0.000000000000000000, 1.000000000000000000 ) ) ;
#516 = ORIENTED_EDGE ( 'NONE', *, *, #2324, .T. ) ;
#517 = ORIENTED_EDGE ( 'NONE', *, *, #5557, .F. ) ;
#518 = EDGE_CURVE ( 'NONE', #1819, #2901, #4852, .T. ) ;
#519 = DIRECTION ( 'NONE',  ( 0.000000000000000000, -1.000000000000000000, 0.000000000000000000 ) ) ;
#520 = LINE ( 'NONE', #3022, #4579 ) ;
#521 = LINE ( 'NONE', #5299, #232 ) ;
#522 = LINE ( 'NONE', #1406, #1504 ) ;
#523 = VERTEX_POINT ( 'NONE', #4808 ) ;
#524 = VECTOR ( 'NONE', #4489, 1000.000000000000000 ) ;
#525 = DIRECTION ( 'NONE',  ( 0.000000000000000000, -1.000000000000000000, 0.000000000000000000 ) ) ;
#526 = CARTESIAN_POINT ( 'NONE',  ( 0.4999999999999987232, -12.40635562892712684, 34.21231699605854004 ) ) ;
#527 = VECTOR ( 'NONE', #3753, 1000.000000000000000 ) ;
#528 = DIRECTION ( 'NONE',  ( 0.000000000000000000, 2.168404344971010594E-16, -1.000000000000000000 ) ) ;
#529 = ORIENTED_EDGE ( 'NONE', *, *, #2421, .F. ) ;
#530 = ORIENTED_EDGE ( 'NONE', *, *, #2841, .F. ) ;
#531 = AXIS2_PLACEMENT_3D ( 'NONE', #3894, #4231, #3837 ) ;
#532 = CARTESIAN_POINT ( 'NONE',  ( 4.000000000000000000, -7.299999999999998934, 15.34168760482228500 ) ) ;
#533 = DIRECTION ( 'NONE',  ( 0.000000000000000000, -1.000000000000000000, -2.168404344971010594E-16 ) ) ;
#534 = LINE ( 'NONE', #4371, #898 ) ;
#535 = ORIENTED_EDGE ( 'NONE', *, *, #1712, .F. ) ;
#536 = AXIS2_PLACEMENT_3D ( 'NONE', #2698, #1813, #1441 ) ;
#537 = ORIENTED_EDGE ( 'NONE', *, *, #1828, .F. ) ;
#538 = DIRECTION ( 'NONE',  ( 0.000000000000000000, 0.6570453101161650711, 0.7538510863919692939 ) ) ;
#539 = PLANE ( 'NONE',  #4131 ) ;
#540 = ADVANCED_FACE ( 'NONE', ( #4940 ), #4477, .T. ) ;
#541 = CARTESIAN_POINT ( 'NONE',  ( 0.4999999999999978351, -3.499999999999999556, -40.00100000000001188 ) ) ;
#542 = EDGE_CURVE ( 'NONE', #2968, #482, #4004, .T. ) ;
#543 = ORIENTED_EDGE ( 'NONE', *, *, #3704, .F. ) ;
#544 = VERTEX_POINT ( 'NONE', #532 ) ;
#545 = CARTESIAN_POINT ( 'NONE',  ( 7.001000000000002110, -7.828427124746200505, -37.00000000000000000 ) ) ;
#546 = DIRECTION ( 'NONE',  ( 1.000000000000000000, 3.129951135296190967E-17, -0.000000000000000000 ) ) ;
#547 = DIRECTION ( 'NONE',  ( 0.000000000000000000, 1.000000000000000000, -1.577021341797097560E-16 ) ) ;
#548 = DIRECTION ( 'NONE',  ( -1.239088197126290570E-16, 1.000000000000000000, 0.000000000000000000 ) ) ;
#549 = ADVANCED_FACE ( 'NONE', ( #585 ), #4058, .F. ) ;
#550 = AXIS2_PLACEMENT_3D ( 'NONE', #5040, #4241, #4550 ) ;
#551 = ORIENTED_EDGE ( 'NONE', *, *, #3989, .F. ) ;
#552 = FACE_OUTER_BOUND ( 'NONE', #2235, .T. ) ;
#553 = FACE_OUTER_BOUND ( 'NONE', #3320, .T. ) ;
#554 = EDGE_CURVE ( 'NONE', #722, #1191, #1841, .T. ) ;
#555 = DIRECTION ( 'NONE',  ( 0.000000000000000000, -1.000000000000000000, 0.000000000000000000 ) ) ;
#556 = ORIENTED_EDGE ( 'NONE', *, *, #4297, .F. ) ;
#557 = VERTEX_POINT ( 'NONE', #2753 ) ;
#558 = DIRECTION ( 'NONE',  ( 0.000000000000000000, 0.000000000000000000, -1.000000000000000000 ) ) ;
#559 = CARTESIAN_POINT ( 'NONE',  ( -63.03173803727769808, -7.300000000000001599, 15.44526502967734416 ) ) ;
#560 = DIRECTION ( 'NONE',  ( 0.000000000000000000, 1.000000000000000000, 0.000000000000000000 ) ) ;
#561 = ORIENTED_EDGE ( 'NONE', *, *, #657, .F. ) ;
#562 = VERTEX_POINT ( 'NONE', #929 ) ;
#563 = LINE ( 'NONE', #4871, #2695 ) ;
#564 = DIRECTION ( 'NONE',  ( 1.000000000000000000, 0.000000000000000000, 0.000000000000000000 ) ) ;
#565 = VECTOR ( 'NONE', #3005, 1000.000000000000000 ) ;
#566 = DIRECTION ( 'NONE',  ( 0.000000000000000000, 1.000000000000000000, 0.000000000000000000 ) ) ;
#567 = ORIENTED_EDGE ( 'NONE', *, *, #2807, .T. ) ;
#568 = ORIENTED_EDGE ( 'NONE', *, *, #695, .T. ) ;
#569 = EDGE_CURVE ( 'NONE', #814, #1968, #1014, .T. ) ;
#570 = LINE ( 'NONE', #2304, #1950 ) ;
#571 = EDGE_CURVE ( 'NONE', #2820, #3641, #170, .T. ) ;
#572 = LINE ( 'NONE', #4046, #3943 ) ;
#573 = FACE_OUTER_BOUND ( 'NONE', #2790, .T. ) ;
#574 = DIRECTION ( 'NONE',  ( -1.355252715606879803E-16, 1.000000000000000000, 0.000000000000000000 ) ) ;
#575 = VECTOR ( 'NONE', #2571, 1000.000000000000000 ) ;
#576 = ORIENTED_EDGE ( 'NONE', *, *, #1181, .F. ) ;
#577 = DIRECTION ( 'NONE',  ( -1.000000000000000000, -3.469446951953611107E-17, 0.000000000000000000 ) ) ;
#578 = ADVANCED_FACE ( 'NONE', ( #1874 ), #2237, .T. ) ;
#579 = CIRCLE ( 'NONE', #4389, 0.7999999999999986011 ) ;
#580 = CYLINDRICAL_SURFACE ( 'NONE', #2308, 3.999999999999998224 ) ;
#581 = CARTESIAN_POINT ( 'NONE',  ( 3.500000000000000444, -15.99999999999998934, -16.75000000000000355 ) ) ;
#582 = EDGE_LOOP ( 'NONE', ( #1373, #2175, #959, #3691, #567, #746, #1184, #1754, #1419, #721, #673, #3014, #2009 ) ) ;
#583 = VERTEX_POINT ( 'NONE', #4453 ) ;
#584 = ADVANCED_FACE ( 'NONE', ( #1422 ), #3976, .T. ) ;
#585 = FACE_OUTER_BOUND ( 'NONE', #454, .T. ) ;
#586 = DIRECTION ( 'NONE',  ( -1.000000000000000000, -3.469446951953611107E-17, 0.000000000000000000 ) ) ;
#587 = VECTOR ( 'NONE', #2158, 1000.000000000000000 ) ;
#588 = AXIS2_PLACEMENT_3D ( 'NONE', #382, #1545, #3291 ) ;
#589 = CIRCLE ( 'NONE', #4223, 1.250000000000001110 ) ;
#590 = DIRECTION ( 'NONE',  ( -1.000000000000000000, -3.252606517456513918E-17, 0.000000000000000000 ) ) ;
#591 = VERTEX_POINT ( 'NONE', #3215 ) ;
#592 = VERTEX_POINT ( 'NONE', #5312 ) ;
#593 = CIRCLE ( 'NONE', #3064, 1.600000000000000755 ) ;
#594 = AXIS2_PLACEMENT_3D ( 'NONE', #1750, #4362, #3971 ) ;
#595 = DIRECTION ( 'NONE',  ( 0.000000000000000000, -1.000000000000000000, -2.168404344971010840E-16 ) ) ;
#596 = DIRECTION ( 'NONE',  ( -0.000000000000000000, -1.000000000000000000, -2.168404344971010840E-16 ) ) ;
#597 = ORIENTED_EDGE ( 'NONE', *, *, #1356, .F. ) ;
#598 = ORIENTED_EDGE ( 'NONE', *, *, #4466, .F. ) ;
#599 = CIRCLE ( 'NONE', #3789, 3.999999999999998224 ) ;
#600 = CARTESIAN_POINT ( 'NONE',  ( -63.03173803727769808, -6.500000000000001776, 4.000000000000000000 ) ) ;
#601 = CARTESIAN_POINT ( 'NONE',  ( 3.499999999999995115, -22.50000000000000000, 18.74999999999999289 ) ) ;
#602 = CARTESIAN_POINT ( 'NONE',  ( 0.9999999999999991118, 6.563277878031138712, 66.19859520899437655 ) ) ;
#603 = LINE ( 'NONE', #1437, #3154 ) ;
#604 = ADVANCED_FACE ( 'NONE', ( #5286 ), #4890, .T. ) ;
#605 = ORIENTED_EDGE ( 'NONE', *, *, #3368, .F. ) ;
#606 = PLANE ( 'NONE',  #3425 ) ;
#607 = LINE ( 'NONE', #4853, #3142 ) ;
#608 = CARTESIAN_POINT ( 'NONE',  ( 0.4999999999999995559, -17.32982544119417057, 22.45831239517770328 ) ) ;
#609 = EDGE_CURVE ( 'NONE', #2817, #562, #859, .T. ) ;
#610 = DIRECTION ( 'NONE',  ( -1.355252715606879803E-16, 1.000000000000000000, 0.000000000000000000 ) ) ;
#611 = EDGE_CURVE ( 'NONE', #1066, #1878, #2299, .T. ) ;
#612 = ORIENTED_EDGE ( 'NONE', *, *, #5118, .F. ) ;
#613 = VERTEX_POINT ( 'NONE', #4030 ) ;
#614 = DIRECTION ( 'NONE',  ( 0.000000000000000000, -1.000000000000000000, 0.000000000000000000 ) ) ;
#615 = CARTESIAN_POINT ( 'NONE',  ( 0.4999999999999989453, -11.65374246116384782, 43.51643879716585417 ) ) ;
#616 = CIRCLE ( 'NONE', #2249, 0.7999999999999986011 ) ;
#617 = DIRECTION ( 'NONE',  ( 0.000000000000000000, -1.000000000000000000, 0.000000000000000000 ) ) ;
#618 = ADVANCED_FACE ( 'NONE', ( #1469 ), #142, .F. ) ;
#619 = VERTEX_POINT ( 'NONE', #5342 ) ;
#620 = VERTEX_POINT ( 'NONE', #1388 ) ;
#621 = VECTOR ( 'NONE', #5187, 1000.000000000000000 ) ;
#622 = FACE_BOUND ( 'NONE', #19, .T. ) ;
#623 = ORIENTED_EDGE ( 'NONE', *, *, #3339, .T. ) ;
#624 = AXIS2_PLACEMENT_3D ( 'NONE', #1925, #3657, #3695 ) ;
#625 = CARTESIAN_POINT ( 'NONE',  ( 0.5000000000000018874, -18.20000000000000284, 18.34168760482228322 ) ) ;
#626 = EDGE_CURVE ( 'NONE', #4945, #661, #4860, .T. ) ;
#627 = VERTEX_POINT ( 'NONE', #3191 ) ;
#628 = CARTESIAN_POINT ( 'NONE',  ( 3.500000000000000000, -16.00000000000000711, 56.74999999999998579 ) ) ;
#629 = ORIENTED_EDGE ( 'NONE', *, *, #2116, .T. ) ;
#630 = DIRECTION ( 'NONE',  ( -1.000000000000000000, -3.469446951953612956E-17, 0.000000000000000000 ) ) ;
#631 = FACE_OUTER_BOUND ( 'NONE', #5284, .T. ) ;
#632 = CARTESIAN_POINT ( 'NONE',  ( -64.14711903867025455, -18.20000000000000639, 60.45831239517769262 ) ) ;
#633 = DIRECTION ( 'NONE',  ( 0.000000000000000000, -1.000000000000000000, -2.168404344971010594E-16 ) ) ;
#634 = VERTEX_POINT ( 'NONE', #1923 ) ;
#635 = DIRECTION ( 'NONE',  ( -1.000000000000000000, -3.469446951953612956E-17, 0.000000000000000000 ) ) ;
#636 = CARTESIAN_POINT ( 'NONE',  ( 0.5000000000000004441, -14.54981716550029525, 65.20000000000000284 ) ) ;
#637 = AXIS2_PLACEMENT_3D ( 'NONE', #5406, #741, #1601 ) ;
#638 = CARTESIAN_POINT ( 'NONE',  ( 7.001000000000006551, -12.75000000000000000, 0.000000000000000000 ) ) ;
#639 = CARTESIAN_POINT ( 'NONE',  ( 7.000000000000000000, 0.000000000000000000, 0.000000000000000000 ) ) ;
#640 = ORIENTED_EDGE ( 'NONE', *, *, #1254, .T. ) ;
#641 = VERTEX_POINT ( 'NONE', #4832 ) ;
#642 = EDGE_CURVE ( 'NONE', #3403, #5385, #4768, .T. ) ;
#643 = LINE ( 'NONE', #3359, #3411 ) ;
#644 = EDGE_CURVE ( 'NONE', #1054, #176, #866, .T. ) ;
#645 = CARTESIAN_POINT ( 'NONE',  ( 2.724999999999999201, -22.49999999999998579, -40.99999999999999289 ) ) ;
#646 = FACE_OUTER_BOUND ( 'NONE', #582, .T. ) ;
#647 = ORIENTED_EDGE ( 'NONE', *, *, #3376, .F. ) ;
#648 = ORIENTED_EDGE ( 'NONE', *, *, #1458, .F. ) ;
#649 = ADVANCED_FACE ( 'NONE', ( #5002 ), #731, .T. ) ;
#650 = DIRECTION ( 'NONE',  ( 2.900659373096451418E-17, -0.8917953516752835652, 0.4524390022205836415 ) ) ;
#651 = ORIENTED_EDGE ( 'NONE', *, *, #1036, .T. ) ;
#652 = CARTESIAN_POINT ( 'NONE',  ( 0.4999999999999995559, -17.00000000000000000, -13.25000000000000178 ) ) ;
#653 = ORIENTED_EDGE ( 'NONE', *, *, #3338, .F. ) ;
#654 = CARTESIAN_POINT ( 'NONE',  ( 5.000000000000000000, 0.000000000000000000, 0.000000000000000000 ) ) ;
#655 = ORIENTED_EDGE ( 'NONE', *, *, #3376, .T. ) ;
#656 = DIRECTION ( 'NONE',  ( 1.000000000000000000, 1.239088197126290817E-16, 6.270397653133593184E-34 ) ) ;
#657 = EDGE_CURVE ( 'NONE', #4335, #2616, #5480, .T. ) ;
#658 = DIRECTION ( 'NONE',  ( 1.000000000000000000, 1.239088197126290570E-16, 0.000000000000000000 ) ) ;
#659 = LINE ( 'NONE', #2395, #5409 ) ;
#660 = CARTESIAN_POINT ( 'NONE',  ( -64.14711903867025455, -18.20000000000000639, 17.54168760482228606 ) ) ;
#661 = VERTEX_POINT ( 'NONE', #4537 ) ;
#662 = DIRECTION ( 'NONE',  ( 0.000000000000000000, -1.000000000000000000, 0.000000000000000000 ) ) ;
#663 = FACE_OUTER_BOUND ( 'NONE', #2881, .T. ) ;
#664 = CARTESIAN_POINT ( 'NONE',  ( 7.000000000000000000, -11.49999999999999822, 1.530808498934192557E-16 ) ) ;
#665 = CARTESIAN_POINT ( 'NONE',  ( 1.000000000000000888, -17.32982544119416701, 55.54168760482228606 ) ) ;
#666 = EDGE_LOOP ( 'NONE', ( #380, #4259, #1927, #576 ) ) ;
#667 = ORIENTED_EDGE ( 'NONE', *, *, #4761, .F. ) ;
#668 = AXIS2_PLACEMENT_3D ( 'NONE', #1680, #3872, #3083 ) ;
#669 = DIRECTION ( 'NONE',  ( 0.000000000000000000, -0.000000000000000000, 1.000000000000000000 ) ) ;
#670 = CARTESIAN_POINT ( 'NONE',  ( 2.724999999999999201, -15.99999999999999289, -43.00000000000000000 ) ) ;
#671 = AXIS2_PLACEMENT_3D ( 'NONE', #4628, #4141, #1533 ) ;
#672 = FACE_BOUND ( 'NONE', #3058, .T. ) ;
#673 = ORIENTED_EDGE ( 'NONE', *, *, #279, .F. ) ;
#674 = ORIENTED_EDGE ( 'NONE', *, *, #3581, .T. ) ;
#675 = VECTOR ( 'NONE', #2709, 1000.000000000000000 ) ;
#676 = VECTOR ( 'NONE', #1659, 1000.000000000000000 ) ;
#677 = VECTOR ( 'NONE', #4711, 1000.000000000000114 ) ;
#678 = CARTESIAN_POINT ( 'NONE',  ( 4.000000000000000000, -19.00000000000000355, 14.54168760482228606 ) ) ;
#679 = EDGE_LOOP ( 'NONE', ( #4819, #1665, #1386, #2484, #2088, #1537, #551, #4367, #1074 ) ) ;
#680 = DIRECTION ( 'NONE',  ( 0.000000000000000000, -1.000000000000000000, 0.000000000000000000 ) ) ;
#681 = ORIENTED_EDGE ( 'NONE', *, *, #3999, .T. ) ;
#682 = FACE_OUTER_BOUND ( 'NONE', #3113, .T. ) ;
#683 = CIRCLE ( 'NONE', #3869, 0.8000000000000003775 ) ;
#684 = EDGE_CURVE ( 'NONE', #1739, #1926, #643, .T. ) ;
#685 = AXIS2_PLACEMENT_3D ( 'NONE', #3210, #1062, #4909 ) ;
#686 = ORIENTED_EDGE ( 'NONE', *, *, #5518, .F. ) ;
#687 = EDGE_CURVE ( 'NONE', #1926, #2236, #224, .T. ) ;
#688 = AXIS2_PLACEMENT_3D ( 'NONE', #4907, #2340, #2281 ) ;
#689 = DIRECTION ( 'NONE',  ( -3.469446951953612956E-17, 1.000000000000000000, -0.000000000000000000 ) ) ;
#690 = LINE ( 'NONE', #2428, #4395 ) ;
#691 = VECTOR ( 'NONE', #3303, 1000.000000000000000 ) ;
#692 = AXIS2_PLACEMENT_3D ( 'NONE', #1488, #1524, #4933 ) ;
#693 = DIRECTION ( 'NONE',  ( 1.678764654171104639E-15, -1.000000000000000000, 0.000000000000000000 ) ) ;
#694 = ORIENTED_EDGE ( 'NONE', *, *, #3823, .F. ) ;
#695 = EDGE_CURVE ( 'NONE', #3784, #4431, #2378, .T. ) ;
#696 = ORIENTED_EDGE ( 'NONE', *, *, #4825, .F. ) ;
#697 = DIRECTION ( 'NONE',  ( 1.000000000000000000, -6.505213034913026604E-17, 0.000000000000000000 ) ) ;
#698 = CARTESIAN_POINT ( 'NONE',  ( 0.4999999999999990563, -12.75000000000000000, 39.00000000000000000 ) ) ;
#699 = FACE_OUTER_BOUND ( 'NONE', #1487, .T. ) ;
#700 = ORIENTED_EDGE ( 'NONE', *, *, #478, .F. ) ;
#701 = ORIENTED_EDGE ( 'NONE', *, *, #3241, .F. ) ;
#702 = DIRECTION ( 'NONE',  ( -1.000000000000000000, -3.469446951953611107E-17, 0.000000000000000000 ) ) ;
#703 = PLANE ( 'NONE',  #3244 ) ;
#704 = CARTESIAN_POINT ( 'NONE',  ( 4.000000000000000000, -12.20000000000000107, -4.800000000000000711 ) ) ;
#705 = EDGE_LOOP ( 'NONE', ( #4557, #5321 ) ) ;
#706 = VERTEX_POINT ( 'NONE', #259 ) ;
#707 = AXIS2_PLACEMENT_3D ( 'NONE', #256, #1528, #3274 ) ;
#708 = DIRECTION ( 'NONE',  ( 6.860550053034503961E-17, -0.7313537016191691276, -0.6819983600624999198 ) ) ;
#709 = ORIENTED_EDGE ( 'NONE', *, *, #5202, .T. ) ;
#710 = LINE ( 'NONE', #2450, #2443 ) ;
#711 = ORIENTED_EDGE ( 'NONE', *, *, #3004, .F. ) ;
#712 = DIRECTION ( 'NONE',  ( -1.102813343475842258E-17, 0.3390552584695133986, 0.9407664597040922283 ) ) ;
#713 = VECTOR ( 'NONE', #3369, 1000.000000000000000 ) ;
#714 = VERTEX_POINT ( 'NONE', #1983 ) ;
#715 = PLANE ( 'NONE',  #2315 ) ;
#716 = CYLINDRICAL_SURFACE ( 'NONE', #5399, 0.8000000000000003775 ) ;
#717 = EDGE_CURVE ( 'NONE', #3265, #4859, #5513, .T. ) ;
#718 = CIRCLE ( 'NONE', #3715, 1.250000000000001110 ) ;
#719 = ADVANCED_FACE ( 'NONE', ( #5090 ), #5393, .T. ) ;
#720 = DIRECTION ( 'NONE',  ( -0.000000000000000000, 0.000000000000000000, -1.000000000000000000 ) ) ;
#721 = ORIENTED_EDGE ( 'NONE', *, *, #1451, .T. ) ;
#722 = VERTEX_POINT ( 'NONE', #1096 ) ;
#723 = LINE ( 'NONE', #2461, #1415 ) ;
#724 = EDGE_CURVE ( 'NONE', #3479, #3964, #3279, .T. ) ;
#725 = CYLINDRICAL_SURFACE ( 'NONE', #3675, 0.8000000000000003775 ) ;
#726 = PLANE ( 'NONE',  #3978 ) ;
#727 = EDGE_LOOP ( 'NONE', ( #3433, #1872, #1047, #3350 ) ) ;
#728 = ORIENTED_EDGE ( 'NONE', *, *, #2111, .T. ) ;
#729 = FACE_OUTER_BOUND ( 'NONE', #2034, .T. ) ;
#730 = AXIS2_PLACEMENT_3D ( 'NONE', #3759, #4613, #2454 ) ;
#731 = PLANE ( 'NONE',  #5581 ) ;
#732 = EDGE_CURVE ( 'NONE', #2479, #4089, #3763, .T. ) ;
#733 = DIRECTION ( 'NONE',  ( -0.000000000000000000, -0.000000000000000000, 1.000000000000000000 ) ) ;
#734 = CARTESIAN_POINT ( 'NONE',  ( 0.5000000000000004441, -19.00000000000000355, 60.45831239517769262 ) ) ;
#735 = ORIENTED_EDGE ( 'NONE', *, *, #4129, .T. ) ;
#736 = EDGE_LOOP ( 'NONE', ( #2016, #404, #1137, #112 ) ) ;
#737 = DIRECTION ( 'NONE',  ( 1.000000000000000000, 1.239088197126290570E-16, 0.000000000000000000 ) ) ;
#738 = EDGE_LOOP ( 'NONE', ( #941, #3246, #4507, #4424 ) ) ;
#739 = CARTESIAN_POINT ( 'NONE',  ( 6.999999999999999112, -22.50000000000001421, 75.00000000000000000 ) ) ;
#740 = ORIENTED_EDGE ( 'NONE', *, *, #1812, .T. ) ;
#741 = DIRECTION ( 'NONE',  ( 1.000000000000000000, 3.252606517456513918E-17, 0.000000000000000000 ) ) ;
#742 = ORIENTED_EDGE ( 'NONE', *, *, #5371, .T. ) ;
#743 = CARTESIAN_POINT ( 'NONE',  ( 4.000000000000000000, -4.499999999999999112, -19.20000000000000639 ) ) ;
#744 = CARTESIAN_POINT ( 'NONE',  ( 5.000000000000000888, 2.654351659482301784, 70.39040537556121535 ) ) ;
#745 = CARTESIAN_POINT ( 'NONE',  ( 1.000000000000000000, -18.46851846721101964, 21.65831239517770612 ) ) ;
#746 = ORIENTED_EDGE ( 'NONE', *, *, #3137, .F. ) ;
#747 = EDGE_CURVE ( 'NONE', #3762, #113, #4565, .T. ) ;
#748 = ORIENTED_EDGE ( 'NONE', *, *, #2324, .F. ) ;
#749 = EDGE_CURVE ( 'NONE', #4992, #1161, #4212, .T. ) ;
#750 = CARTESIAN_POINT ( 'NONE',  ( 5.000000000000000000, -0.9999999999999941158, -29.20000000000000284 ) ) ;
#751 = DIRECTION ( 'NONE',  ( -1.000000000000000000, -1.239088197126290570E-16, 0.000000000000000000 ) ) ;
#752 = VECTOR ( 'NONE', #3477, 1000.000000000000000 ) ;
#753 = DIRECTION ( 'NONE',  ( 1.000000000000000000, 3.252606517456513918E-17, -0.000000000000000000 ) ) ;
#754 = ORIENTED_EDGE ( 'NONE', *, *, #3738, .T. ) ;
#755 = EDGE_CURVE ( 'NONE', #3589, #1048, #5135, .T. ) ;
#756 = ORIENTED_EDGE ( 'NONE', *, *, #1028, .F. ) ;
#757 = EDGE_CURVE ( 'NONE', #453, #1040, #318, .T. ) ;
#758 = CARTESIAN_POINT ( 'NONE',  ( -64.14711903867025455, -19.00000000000000711, 27.71223167968819112 ) ) ;
#759 = CARTESIAN_POINT ( 'NONE',  ( 0.5000000000000004441, -7.299999999999999822, 16.24526502967733421 ) ) ;
#760 = DIRECTION ( 'NONE',  ( 1.165692616471626958E-16, -0.9407664597040923393, -0.3390552584695133431 ) ) ;
#761 = CARTESIAN_POINT ( 'NONE',  ( 0.4999999999999987232, -10.42530236141373834, 35.74488389006606326 ) ) ;
#762 = ORIENTED_EDGE ( 'NONE', *, *, #4930, .T. ) ;
#763 = AXIS2_PLACEMENT_3D ( 'NONE', #2780, #2647, #4505 ) ;
#764 = ORIENTED_EDGE ( 'NONE', *, *, #2242, .F. ) ;
#765 = ADVANCED_FACE ( 'NONE', ( #1617 ), #5028, .F. ) ;
#766 = DIRECTION ( 'NONE',  ( 0.000000000000000000, -1.000000000000000000, 0.000000000000000000 ) ) ;
#767 = CIRCLE ( 'NONE', #4041, 0.7999999999999986011 ) ;
#768 = CARTESIAN_POINT ( 'NONE',  ( 7.001000000000006551, -12.75000000000000000, 0.000000000000000000 ) ) ;
#769 = FACE_OUTER_BOUND ( 'NONE', #3982, .T. ) ;
#770 = LINE ( 'NONE', #3478, #621 ) ;
#771 = VERTEX_POINT ( 'NONE', #2931 ) ;
#772 = DIRECTION ( 'NONE',  ( 2.168404344971009854E-16, -1.000000000000000000, 0.000000000000000000 ) ) ;
#773 = VECTOR ( 'NONE', #5418, 1000.000000000000000 ) ;
#774 = EDGE_LOOP ( 'NONE', ( #2287, #2113, #3031, #4604 ) ) ;
#775 = CIRCLE ( 'NONE', #5047, 1.250000000000001110 ) ;
#776 = CIRCLE ( 'NONE', #4042, 0.8000000000000003775 ) ;
#777 = CIRCLE ( 'NONE', #1498, 3.999999999999998224 ) ;
#778 = CARTESIAN_POINT ( 'NONE',  ( 0.000000000000000000, -3.499999999999999556, 4.000000000000003553 ) ) ;
#779 = CARTESIAN_POINT ( 'NONE',  ( 0.5000000000000004441, -19.00000000000000355, 6.896422575144953271 ) ) ;
#780 = AXIS2_PLACEMENT_3D ( 'NONE', #457, #4726, #2564 ) ;
#781 = VECTOR ( 'NONE', #1666, 1000.000000000000000 ) ;
#782 = VECTOR ( 'NONE', #2634, 1000.000000000000000 ) ;
#783 = DIRECTION ( 'NONE',  ( -8.673617379884028076E-17, 1.000000000000000000, 0.000000000000000000 ) ) ;
#784 = AXIS2_PLACEMENT_3D ( 'NONE', #3235, #4019, #3543 ) ;
#785 = VERTEX_POINT ( 'NONE', #759 ) ;
#786 = AXIS2_PLACEMENT_3D ( 'NONE', #5567, #4771, #4363 ) ;
#787 = CIRCLE ( 'NONE', #3689, 0.8000000000000003775 ) ;
#788 = DIRECTION ( 'NONE',  ( 0.000000000000000000, -1.000000000000000000, 0.000000000000000000 ) ) ;
#789 = CARTESIAN_POINT ( 'NONE',  ( 7.000000000000000000, -17.00000000000000000, -12.00000000000000178 ) ) ;
#790 = DIRECTION ( 'NONE',  ( -1.000000000000000000, -0.000000000000000000, -0.000000000000000000 ) ) ;
#791 = EDGE_LOOP ( 'NONE', ( #2107, #4889, #2112, #2188 ) ) ;
#792 = VERTEX_POINT ( 'NONE', #2495 ) ;
#793 = PLANE ( 'NONE',  #1782 ) ;
#794 = CARTESIAN_POINT ( 'NONE',  ( 0.4999999999999970024, -12.20000000000000107, -18.40000000000000568 ) ) ;
#795 = DIRECTION ( 'NONE',  ( 1.000000000000000000, 3.252606517456513918E-17, -0.000000000000000000 ) ) ;
#796 = EDGE_CURVE ( 'NONE', #5538, #4701, #4225, .T. ) ;
#797 = EDGE_CURVE ( 'NONE', #1067, #183, #2813, .T. ) ;
#798 = CARTESIAN_POINT ( 'NONE',  ( -64.14711903867025455, -10.95018283449972607, 59.65831239517768836 ) ) ;
#799 = ORIENTED_EDGE ( 'NONE', *, *, #2786, .F. ) ;
#800 = ORIENTED_EDGE ( 'NONE', *, *, #5455, .F. ) ;
#801 = CARTESIAN_POINT ( 'NONE',  ( 1.000000000000000000, -11.53650156772112467, 14.54168760482228606 ) ) ;
#802 = CARTESIAN_POINT ( 'NONE',  ( 0.9999999999999991118, 3.805842560179955480, 69.15558256377492796 ) ) ;
#803 = EDGE_CURVE ( 'NONE', #4918, #3654, #226, .T. ) ;
#804 = DIRECTION ( 'NONE',  ( -1.000000000000000000, 0.000000000000000000, -0.000000000000000000 ) ) ;
#805 = DIRECTION ( 'NONE',  ( -3.469446951953612956E-17, 1.000000000000000000, -0.000000000000000000 ) ) ;
#806 = ORIENTED_EDGE ( 'NONE', *, *, #1203, .T. ) ;
#807 = CARTESIAN_POINT ( 'NONE',  ( 4.000000000000000000, -6.499999999999999112, 15.34168760482228500 ) ) ;
#808 = EDGE_LOOP ( 'NONE', ( #1643, #4830, #2756, #42 ) ) ;
#809 = DIRECTION ( 'NONE',  ( 1.000000000000000000, 0.000000000000000000, 0.000000000000000000 ) ) ;
#810 = DIRECTION ( 'NONE',  ( 0.000000000000000000, -1.000000000000000000, -2.168404344971010594E-16 ) ) ;
#811 = ADVANCED_FACE ( 'NONE', ( #3150 ), #978, .F. ) ;
#812 = VECTOR ( 'NONE', #1655, 1000.000000000000000 ) ;
#813 = DIRECTION ( 'NONE',  ( 1.000000000000000000, 0.000000000000000000, 0.000000000000000000 ) ) ;
#814 = VERTEX_POINT ( 'NONE', #823 ) ;
#815 = VERTEX_POINT ( 'NONE', #4443 ) ;
#816 = VECTOR ( 'NONE', #3526, 1000.000000000000000 ) ;
#817 = DIRECTION ( 'NONE',  ( -1.000000000000000000, -1.239088197126290817E-16, -3.024003079802225056E-33 ) ) ;
#818 = CARTESIAN_POINT ( 'NONE',  ( 4.000000000000000000, -15.53963716630351577, 42.90613933192071983 ) ) ;
#819 = AXIS2_PLACEMENT_3D ( 'NONE', #2267, #932, #116 ) ;
#820 = CARTESIAN_POINT ( 'NONE',  ( 0.4999999999999992784, -14.78702399854024030, 34.82261646130366017 ) ) ;
#821 = ORIENTED_EDGE ( 'NONE', *, *, #5106, .T. ) ;
#822 = DIRECTION ( 'NONE',  ( -1.000000000000000000, -3.469446951953612956E-17, 0.000000000000000000 ) ) ;
#823 = CARTESIAN_POINT ( 'NONE',  ( 1.000000000000000888, -18.12982544119416772, 55.54168760482228606 ) ) ;
#824 = LINE ( 'NONE', #2559, #504 ) ;
#825 = PLANE ( 'NONE',  #3537 ) ;
#826 = ORIENTED_EDGE ( 'NONE', *, *, #4432, .T. ) ;
#827 = EDGE_LOOP ( 'NONE', ( #3070, #5168, #568, #4270 ) ) ;
#828 = EDGE_CURVE ( 'NONE', #2901, #3568, #520, .T. ) ;
#829 = EDGE_CURVE ( 'NONE', #917, #583, #2307, .T. ) ;
#830 = CARTESIAN_POINT ( 'NONE',  ( 1.000000000000000888, -18.20000000000000284, 60.45831239517769262 ) ) ;
#831 = DIRECTION ( 'NONE',  ( 0.000000000000000000, 0.000000000000000000, -1.000000000000000000 ) ) ;
#832 = FACE_OUTER_BOUND ( 'NONE', #727, .T. ) ;
#833 = DIRECTION ( 'NONE',  ( -1.000000000000000000, -1.239088197126290570E-16, 0.000000000000000000 ) ) ;
#834 = ORIENTED_EDGE ( 'NONE', *, *, #471, .F. ) ;
#835 = EDGE_LOOP ( 'NONE', ( #3209, #2999, #911, #2542 ) ) ;
#836 = EDGE_CURVE ( 'NONE', #502, #4693, #2303, .T. ) ;
#837 = DIRECTION ( 'NONE',  ( -0.000000000000000000, 1.000000000000000000, 2.168404344971010594E-16 ) ) ;
#838 = DIRECTION ( 'NONE',  ( -1.355252715606879803E-16, 1.000000000000000000, 0.000000000000000000 ) ) ;
#839 = DIRECTION ( 'NONE',  ( 0.000000000000000000, -1.000000000000000000, 0.000000000000000000 ) ) ;
#840 = EDGE_LOOP ( 'NONE', ( #5376, #5066, #4462, #3933 ) ) ;
#841 = ORIENTED_EDGE ( 'NONE', *, *, #926, .F. ) ;
#842 = EDGE_CURVE ( 'NONE', #4293, #3265, #394, .T. ) ;
#843 = CARTESIAN_POINT ( 'NONE',  ( 0.5000000000000018874, -18.20000000000000284, 59.65831239517768836 ) ) ;
#844 = DIRECTION ( 'NONE',  ( 0.000000000000000000, -1.000000000000000000, 0.000000000000000000 ) ) ;
#845 = FACE_OUTER_BOUND ( 'NONE', #2773, .T. ) ;
#846 = ORIENTED_EDGE ( 'NONE', *, *, #1283, .T. ) ;
#847 = VECTOR ( 'NONE', #41, 1000.000000000000000 ) ;
#848 = CARTESIAN_POINT ( 'NONE',  ( 0.000000000000000000, -20.99999999999998224, -40.99999999999999289 ) ) ;
#849 = PLANE ( 'NONE',  #5489 ) ;
#850 = DIRECTION ( 'NONE',  ( -1.355252715606879803E-16, 1.000000000000000000, 0.000000000000000000 ) ) ;
#851 = CARTESIAN_POINT ( 'NONE',  ( 7.002000000000005109, -12.75000000000000000, 39.00000000000000000 ) ) ;
#852 = VERTEX_POINT ( 'NONE', #2253 ) ;
#853 = ORIENTED_EDGE ( 'NONE', *, *, #2174, .T. ) ;
#854 = CARTESIAN_POINT ( 'NONE',  ( 0.000000000000000000, 0.000000000000000000, 1.600000000000000089 ) ) ;
#855 = DIRECTION ( 'NONE',  ( 1.103085371411594793E-16, -0.8917953516752835652, 0.4524390022205836970 ) ) ;
#856 = CARTESIAN_POINT ( 'NONE',  ( 1.999999999999999112, -0.5000000000000065503, 62.50000000000000000 ) ) ;
#857 = VERTEX_POINT ( 'NONE', #4847 ) ;
#858 = ORIENTED_EDGE ( 'NONE', *, *, #5343, .T. ) ;
#859 = CIRCLE ( 'NONE', #4762, 0.8000000000000003775 ) ;
#860 = DIRECTION ( 'NONE',  ( -0.000000000000000000, 0.4151624548736461140, 0.9097472924187725019 ) ) ;
#861 = CARTESIAN_POINT ( 'NONE',  ( 0.9999999999999995559, -10.95018283449971719, 59.65831239517769546 ) ) ;
#862 = EDGE_CURVE ( 'NONE', #3690, #3451, #4416, .T. ) ;
#863 = CARTESIAN_POINT ( 'NONE',  ( -64.14711903867025455, -17.32982544119417412, 55.54168760482228606 ) ) ;
#864 = ADVANCED_FACE ( 'NONE', ( #103, #3861 ), #849, .T. ) ;
#865 = EDGE_LOOP ( 'NONE', ( #207, #1083, #3599, #2475, #2381, #3410 ) ) ;
#866 = CIRCLE ( 'NONE', #1589, 3.999999999999998224 ) ;
#867 = VECTOR ( 'NONE', #4157, 1000.000000000000114 ) ;
#868 = DIRECTION ( 'NONE',  ( 0.000000000000000000, -0.3390552584695133431, 0.9407664597040923393 ) ) ;
#869 = AXIS2_PLACEMENT_3D ( 'NONE', #2678, #3035, #98 ) ;
#870 = AXIS2_PLACEMENT_3D ( 'NONE', #489, #1747, #868 ) ;
#871 = VECTOR ( 'NONE', #2691, 1000.000000000000000 ) ;
#872 = DIRECTION ( 'NONE',  ( 0.000000000000000000, 0.000000000000000000, -1.000000000000000000 ) ) ;
#873 = EDGE_CURVE ( 'NONE', #4200, #319, #2584, .T. ) ;
#874 = VECTOR ( 'NONE', #3900, 1000.000000000000000 ) ;
#875 = ORIENTED_EDGE ( 'NONE', *, *, #4372, .T. ) ;
#876 = AXIS2_PLACEMENT_3D ( 'NONE', #4715, #822, #1211 ) ;
#877 = DIRECTION ( 'NONE',  ( 3.469446951953611107E-17, -1.000000000000000000, 0.000000000000000000 ) ) ;
#878 = DIRECTION ( 'NONE',  ( 0.000000000000000000, 0.000000000000000000, 1.000000000000000000 ) ) ;
#879 = CARTESIAN_POINT ( 'NONE',  ( 6.225000000000000533, 4.000000000000000000, 56.31534156157350424 ) ) ;
#880 = VERTEX_POINT ( 'NONE', #3415 ) ;
#881 = VERTEX_POINT ( 'NONE', #4717 ) ;
#882 = DIRECTION ( 'NONE',  ( 0.000000000000000000, 0.000000000000000000, -1.000000000000000000 ) ) ;
#883 = CARTESIAN_POINT ( 'NONE',  ( 0.000000000000000000, 6.500000000000000000, -29.19999999999999929 ) ) ;
#884 = CARTESIAN_POINT ( 'NONE',  ( -4.501000000000007439, 3.999999999999998224, 62.50000000000000000 ) ) ;
#885 = CYLINDRICAL_SURFACE ( 'NONE', #4619, 0.8000000000000003775 ) ;
#886 = ORIENTED_EDGE ( 'NONE', *, *, #5202, .F. ) ;
#887 = EDGE_LOOP ( 'NONE', ( #4631, #2263, #800, #2043 ) ) ;
#888 = LINE ( 'NONE', #2189, #3758 ) ;
#889 = CARTESIAN_POINT ( 'NONE',  ( 5.000000000000000000, 0.000000000000000000, -18.39999999999999858 ) ) ;
#890 = CARTESIAN_POINT ( 'NONE',  ( 1.000000000000000000, -17.32982544119417057, 22.45831239517770328 ) ) ;
#891 = ORIENTED_EDGE ( 'NONE', *, *, #996, .F. ) ;
#892 = VERTEX_POINT ( 'NONE', #5152 ) ;
#893 = EDGE_CURVE ( 'NONE', #422, #2666, #2764, .T. ) ;
#894 = DIRECTION ( 'NONE',  ( 0.000000000000000000, -1.577021341797097560E-16, -1.000000000000000000 ) ) ;
#895 = ADVANCED_FACE ( 'NONE', ( #5597 ), #5176, .T. ) ;
#896 = CARTESIAN_POINT ( 'NONE',  ( 3.500000000000000444, -22.49999999999999289, -16.75000000000000355 ) ) ;
#897 = VERTEX_POINT ( 'NONE', #3388 ) ;
#898 = VECTOR ( 'NONE', #66, 1000.000000000000000 ) ;
#899 = LINE ( 'NONE', #3997, #2413 ) ;
#900 = ADVANCED_FACE ( 'NONE', ( #5117 ), #3121, .F. ) ;
#901 = DIRECTION ( 'NONE',  ( 1.000000000000000000, 0.000000000000000000, 0.000000000000000000 ) ) ;
#902 = VECTOR ( 'NONE', #955, 1000.000000000000000 ) ;
#903 = FACE_OUTER_BOUND ( 'NONE', #4643, .T. ) ;
#904 = EDGE_LOOP ( 'NONE', ( #5019, #2642, #3903, #629 ) ) ;
#905 = EDGE_LOOP ( 'NONE', ( #5, #1627, #5001, #2359 ) ) ;
#906 = EDGE_CURVE ( 'NONE', #974, #2726, #4943, .T. ) ;
#907 = LINE ( 'NONE', #373, #2487 ) ;
#908 = DIRECTION ( 'NONE',  ( -6.505213034913025371E-17, -1.000000000000000000, 0.000000000000000000 ) ) ;
#909 = DIRECTION ( 'NONE',  ( 2.551925094855734528E-17, -1.000000000000000000, 0.000000000000000000 ) ) ;
#910 = CARTESIAN_POINT ( 'NONE',  ( 0.4999999999999990563, -12.75000000000000000, 39.00000000000000000 ) ) ;
#911 = ORIENTED_EDGE ( 'NONE', *, *, #1351, .T. ) ;
#912 = ORIENTED_EDGE ( 'NONE', *, *, #3004, .T. ) ;
#913 = CARTESIAN_POINT ( 'NONE',  ( 0.4999999999999990563, -12.75000000000000000, 0.000000000000000000 ) ) ;
#914 = FACE_OUTER_BOUND ( 'NONE', #5109, .T. ) ;
#915 = DIRECTION ( 'NONE',  ( 0.000000000000000000, 0.000000000000000000, -1.000000000000000000 ) ) ;
#916 = ORIENTED_EDGE ( 'NONE', *, *, #180, .T. ) ;
#917 = VERTEX_POINT ( 'NONE', #2528 ) ;
#918 = DIRECTION ( 'NONE',  ( 1.102813343475841796E-17, -0.3390552584695132876, 0.9407664597040923393 ) ) ;
#919 = CARTESIAN_POINT ( 'NONE',  ( 7.000000000000000000, 6.499999999999996447, 4.000000000000000000 ) ) ;
#920 = EDGE_CURVE ( 'NONE', #5354, #4269, #3495, .T. ) ;
#921 = ORIENTED_EDGE ( 'NONE', *, *, #796, .F. ) ;
#922 = CARTESIAN_POINT ( 'NONE',  ( 7.000000000000000000, -22.49999999999998579, -40.99999999999999289 ) ) ;
#923 = LINE ( 'NONE', #4886, #54 ) ;
#924 = EDGE_CURVE ( 'NONE', #344, #1763, #3583, .T. ) ;
#925 = CARTESIAN_POINT ( 'NONE',  ( 7.002000000000005109, -9.960362833696484230, 35.09386066807927307 ) ) ;
#926 = EDGE_CURVE ( 'NONE', #3762, #557, #3292, .T. ) ;
#927 = ORIENTED_EDGE ( 'NONE', *, *, #1743, .T. ) ;
#928 = EDGE_LOOP ( 'NONE', ( #4088, #1361, #3438, #385 ) ) ;
#929 = CARTESIAN_POINT ( 'NONE',  ( 0.4999999999999990563, -13.03637030922739370, 42.98973583661788211 ) ) ;
#930 = DIRECTION ( 'NONE',  ( 0.000000000000000000, -3.690901012716611636E-16, 1.000000000000000000 ) ) ;
#931 = DIRECTION ( 'NONE',  ( 0.000000000000000000, -1.000000000000000000, 0.000000000000000000 ) ) ;
#932 = DIRECTION ( 'NONE',  ( -1.000000000000000000, -1.239088197126290570E-16, 0.000000000000000000 ) ) ;
#933 = ADVANCED_FACE ( 'NONE', ( #1854 ), #2799, .F. ) ;
#934 = ORIENTED_EDGE ( 'NONE', *, *, #2839, .F. ) ;
#935 = ORIENTED_EDGE ( 'NONE', *, *, #5034, .F. ) ;
#936 = CARTESIAN_POINT ( 'NONE',  ( 2.724999999999999201, -14.49999999999999645, -31.59999999999999787 ) ) ;
#937 = LINE ( 'NONE', #3844, #5576 ) ;
#938 = LINE ( 'NONE', #1718, #3673 ) ;
#939 = CARTESIAN_POINT ( 'NONE',  ( 7.000000000000000000, -17.00000000000000000, -14.50000000000000000 ) ) ;
#940 = ORIENTED_EDGE ( 'NONE', *, *, #312, .T. ) ;
#941 = ORIENTED_EDGE ( 'NONE', *, *, #2058, .F. ) ;
#942 = AXIS2_PLACEMENT_3D ( 'NONE', #608, #1946, #3134 ) ;
#943 = FACE_OUTER_BOUND ( 'NONE', #3882, .T. ) ;
#944 = DIRECTION ( 'NONE',  ( 1.000000000000000000, 1.239088197126290570E-16, -0.000000000000000000 ) ) ;
#945 = FACE_OUTER_BOUND ( 'NONE', #2377, .T. ) ;
#946 = VECTOR ( 'NONE', #2993, 1000.000000000000000 ) ;
#947 = LINE ( 'NONE', #3597, #2692 ) ;
#948 = ORIENTED_EDGE ( 'NONE', *, *, #255, .T. ) ;
#949 = CIRCLE ( 'NONE', #5315, 1.650000000000002132 ) ;
#950 = AXIS2_PLACEMENT_3D ( 'NONE', #186, #1911, #4523 ) ;
#951 = CARTESIAN_POINT ( 'NONE',  ( 3.000000000000000000, -15.50000000000000178, 75.00000000000000000 ) ) ;
#952 = DIRECTION ( 'NONE',  ( 0.000000000000000000, 0.7313537016191691276, 0.6819983600624999198 ) ) ;
#953 = CIRCLE ( 'NONE', #1866, 1.600000000000000089 ) ;
#954 = VECTOR ( 'NONE', #5139, 1000.000000000000000 ) ;
#955 = DIRECTION ( 'NONE',  ( 0.000000000000000000, 1.000000000000000000, 0.000000000000000000 ) ) ;
#956 = AXIS2_PLACEMENT_3D ( 'NONE', #3413, #2467, #4651 ) ;
#957 = ORIENTED_EDGE ( 'NONE', *, *, #417, .T. ) ;
#958 = VECTOR ( 'NONE', #1082, 1000.000000000000000 ) ;
#959 = ORIENTED_EDGE ( 'NONE', *, *, #3637, .F. ) ;
#960 = CIRCLE ( 'NONE', #3687, 3.999999999999998224 ) ;
#961 = EDGE_CURVE ( 'NONE', #3118, #2424, #3049, .T. ) ;
#963 = DIRECTION ( 'NONE',  ( 0.000000000000000000, -1.000000000000000000, 0.000000000000000000 ) ) ;
#962 = CIRCLE ( 'NONE', #4409, 0.7999999999999986011 ) ;
#964 = EDGE_CURVE ( 'NONE', #591, #1591, #3706, .T. ) ;
#965 = CARTESIAN_POINT ( 'NONE',  ( 4.000000000000000000, -13.09364437107287316, 43.78768300394146706 ) ) ;
#966 = LINE ( 'NONE', #4810, #2295 ) ;
#967 = LINE ( 'NONE', #2207, #816 ) ;
#968 = VERTEX_POINT ( 'NONE', #1519 ) ;
#969 = ORIENTED_EDGE ( 'NONE', *, *, #2212, .F. ) ;
#970 = DIRECTION ( 'NONE',  ( 0.000000000000000000, 0.000000000000000000, -1.000000000000000000 ) ) ;
#971 = EDGE_CURVE ( 'NONE', #3299, #486, #572, .T. ) ;
#972 = DIRECTION ( 'NONE',  ( -1.000000000000000000, -1.239088197126290570E-16, 0.000000000000000000 ) ) ;
#973 = CARTESIAN_POINT ( 'NONE',  ( 4.000000000000000000, -12.75000000000000178, 37.52531412650260734 ) ) ;
#974 = VERTEX_POINT ( 'NONE', #1111 ) ;
#975 = ORIENTED_EDGE ( 'NONE', *, *, #1516, .T. ) ;
#976 = LINE ( 'NONE', #3149, #5048 ) ;
#977 = EDGE_CURVE ( 'NONE', #634, #2820, #579, .T. ) ;
#978 = PLANE ( 'NONE',  #3322 ) ;
#979 = CARTESIAN_POINT ( 'NONE',  ( 7.002000000000005109, -8.318665654899097817, 17.01605135672935631 ) ) ;
#980 = CARTESIAN_POINT ( 'NONE',  ( 1.999999999999998224, 5.999999999999999112, 56.31534156157350424 ) ) ;
#981 = EDGE_LOOP ( 'NONE', ( #1988, #289, #5208, #648, #5453, #1178 ) ) ;
#982 = VECTOR ( 'NONE', #3384, 1000.000000000000000 ) ;
#983 = DIRECTION ( 'NONE',  ( -3.129951135296190967E-17, 1.000000000000000000, 0.000000000000000000 ) ) ;
#984 = CARTESIAN_POINT ( 'NONE',  ( 7.002000000000005109, -12.40635562892712684, 34.21231699605854004 ) ) ;
#985 = VECTOR ( 'NONE', #2821, 1000.000000000000000 ) ;
#986 = DIRECTION ( 'NONE',  ( 1.000000000000000000, 1.239088197126290570E-16, -0.000000000000000000 ) ) ;
#987 = ORIENTED_EDGE ( 'NONE', *, *, #1260, .T. ) ;
#988 = EDGE_LOOP ( 'NONE', ( #2362, #5052, #3316, #1541, #4207, #5215, #3857 ) ) ;
#989 = VECTOR ( 'NONE', #5515, 1000.000000000000000 ) ;
#990 = DIRECTION ( 'NONE',  ( -1.000000000000000000, -3.252606517456513918E-17, 0.000000000000000000 ) ) ;
#991 = PLANE ( 'NONE',  #2222 ) ;
#992 = DIRECTION ( 'NONE',  ( 1.355252715606881036E-16, -1.000000000000000000, 0.000000000000000000 ) ) ;
#993 = EDGE_LOOP ( 'NONE', ( #67, #2556, #4549, #1733 ) ) ;
#994 = EDGE_CURVE ( 'NONE', #5385, #3668, #4305, .T. ) ;
#995 = EDGE_LOOP ( 'NONE', ( #728, #1916, #1280, #1992 ) ) ;
#996 = EDGE_CURVE ( 'NONE', #1380, #294, #1857, .T. ) ;
#997 = PLANE ( 'NONE',  #5415 ) ;
#998 = DIRECTION ( 'NONE',  ( 1.000000000000000000, 0.000000000000000000, 0.000000000000000000 ) ) ;
#999 = DIRECTION ( 'NONE',  ( -1.355252715606879803E-16, 1.000000000000000000, 0.000000000000000000 ) ) ;
#1000 = ORIENTED_EDGE ( 'NONE', *, *, #1554, .F. ) ;
#1001 = ORIENTED_EDGE ( 'NONE', *, *, #3450, .F. ) ;
#1002 = EDGE_CURVE ( 'NONE', #1801, #3568, #4960, .T. ) ;
#1003 = DIRECTION ( 'NONE',  ( 1.000000000000000000, 0.000000000000000000, -0.000000000000000000 ) ) ;
#1004 = CARTESIAN_POINT ( 'NONE',  ( -64.14711903867025455, -19.00000000000000711, 21.65831239517770612 ) ) ;
#1005 = LINE ( 'NONE', #2742, #871 ) ;
#1006 = DIRECTION ( 'NONE',  ( -1.000000000000000000, -1.239088197126290570E-16, 0.000000000000000000 ) ) ;
#1007 = ADVANCED_FACE ( 'NONE', ( #3180 ), #1085, .F. ) ;
#1008 = ORIENTED_EDGE ( 'NONE', *, *, #1343, .F. ) ;
#1009 = DIRECTION ( 'NONE',  ( 1.000000000000000000, 1.239088197126290570E-16, 0.000000000000000000 ) ) ;
#1010 = DIRECTION ( 'NONE',  ( 2.168404344971009854E-16, -1.000000000000000000, 0.000000000000000000 ) ) ;
#1011 = CARTESIAN_POINT ( 'NONE',  ( 1.000000000000000000, -3.145898033750298861, 18.34168760482228677 ) ) ;
#1012 = ORIENTED_EDGE ( 'NONE', *, *, #4539, .T. ) ;
#1013 = ORIENTED_EDGE ( 'NONE', *, *, #4607, .T. ) ;
#1014 = LINE ( 'NONE', #5367, #2124 ) ;
#1015 = DIRECTION ( 'NONE',  ( 0.000000000000000000, -1.000000000000000000, 0.000000000000000000 ) ) ;
#1016 = LINE ( 'NONE', #148, #178 ) ;
#1017 = ORIENTED_EDGE ( 'NONE', *, *, #977, .T. ) ;
#1018 = VERTEX_POINT ( 'NONE', #2827 ) ;
#1019 = CARTESIAN_POINT ( 'NONE',  ( 0.4999999999999979461, -4.500000000000000000, -18.40000000000000568 ) ) ;
#1020 = LINE ( 'NONE', #4065, #2319 ) ;
#1021 = DIRECTION ( 'NONE',  ( 0.000000000000000000, 0.000000000000000000, 1.000000000000000000 ) ) ;
#1022 = ORIENTED_EDGE ( 'NONE', *, *, #2601, .T. ) ;
#1023 = PRODUCT_CONTEXT ( 'NONE', #3558, 'mechanical' ) ;
#1024 = ORIENTED_EDGE ( 'NONE', *, *, #3677, .F. ) ;
#1025 = VECTOR ( 'NONE', #2593, 1000.000000000000000 ) ;
#1026 = CYLINDRICAL_SURFACE ( 'NONE', #950, 1.000000000000000888 ) ;
#1027 = CARTESIAN_POINT ( 'NONE',  ( 0.4999999999999987232, -9.960362833696484230, 35.09386066807927307 ) ) ;
#1028 = EDGE_CURVE ( 'NONE', #620, #1511, #767, .T. ) ;
#1029 = ADVANCED_FACE ( 'NONE', ( #631 ), #1460, .F. ) ;
#1030 = DIRECTION ( 'NONE',  ( -1.000000000000000000, -1.239088197126290817E-16, -3.024003079802225056E-33 ) ) ;
#1031 = CARTESIAN_POINT ( 'NONE',  ( 5.000000000000000000, -3.000000000000000000, -37.00000000000000000 ) ) ;
#1032 = CIRCLE ( 'NONE', #135, 0.7999999999999986011 ) ;
#1033 = ORIENTED_EDGE ( 'NONE', *, *, #1867, .F. ) ;
#1034 = FACE_BOUND ( 'NONE', #4174, .T. ) ;
#1035 = VECTOR ( 'NONE', #1586, 1000.000000000000000 ) ;
#1036 = EDGE_CURVE ( 'NONE', #4056, #4981, #5358, .T. ) ;
#1037 = DIRECTION ( 'NONE',  ( 1.000000000000000000, 3.252606517456513918E-17, -1.048466334442454091E-16 ) ) ;
#1038 = DIRECTION ( 'NONE',  ( -1.000000000000000000, -0.000000000000000000, -0.000000000000000000 ) ) ;
#1039 = ORIENTED_EDGE ( 'NONE', *, *, #277, .T. ) ;
#1040 = VERTEX_POINT ( 'NONE', #4927 ) ;
#1041 = CARTESIAN_POINT ( 'NONE',  ( 0.4999999999999987232, -13.09364437107287316, 43.78768300394146706 ) ) ;
#1042 = EDGE_CURVE ( 'NONE', #5158, #2525, #5500, .T. ) ;
#1043 = LINE ( 'NONE', #143, #3772 ) ;
#1044 = AXIS2_PLACEMENT_3D ( 'NONE', #3167, #171, #3251 ) ;
#1045 = AXIS2_PLACEMENT_3D ( 'NONE', #5613, #3120, #2607 ) ;
#1046 = CARTESIAN_POINT ( 'NONE',  ( 1.999999999999999112, 5.384615384615381473, 58.21831338878165241 ) ) ;
#1047 = ORIENTED_EDGE ( 'NONE', *, *, #2601, .F. ) ;
#1048 = VERTEX_POINT ( 'NONE', #601 ) ;
#1049 = VECTOR ( 'NONE', #287, 1000.000000000000000 ) ;
#1050 = CARTESIAN_POINT ( 'NONE',  ( 0.5000000000000004441, -8.170174558805832987, 22.45831239517770328 ) ) ;
#1051 = DIRECTION ( 'NONE',  ( 0.000000000000000000, 1.000000000000000000, 0.000000000000000000 ) ) ;
#1052 = DIRECTION ( 'NONE',  ( 0.000000000000000000, 0.000000000000000000, -1.000000000000000000 ) ) ;
#1053 = ORIENTED_EDGE ( 'NONE', *, *, #174, .T. ) ;
#1054 = VERTEX_POINT ( 'NONE', #2338 ) ;
#1055 = CARTESIAN_POINT ( 'NONE',  ( 4.000000000000000000, -5.299999999999998934, -18.40000000000000568 ) ) ;
#1056 = DIRECTION ( 'NONE',  ( -1.000000000000000000, -3.252606517456513918E-17, 1.048466334442454337E-16 ) ) ;
#1057 = DIRECTION ( 'NONE',  ( -1.000000000000000000, -3.252606517456513918E-17, 0.000000000000000000 ) ) ;
#1058 = CARTESIAN_POINT ( 'NONE',  ( 4.000000000000000000, -10.71297600145975792, 43.17738353869633983 ) ) ;
#1059 = ADVANCED_FACE ( 'NONE', ( #4125 ), #1970, .F. ) ;
#1060 = ORIENTED_EDGE ( 'NONE', *, *, #2058, .T. ) ;
#1061 = EDGE_CURVE ( 'NONE', #2739, #814, #2770, .T. ) ;
#1062 = DIRECTION ( 'NONE',  ( 0.000000000000000000, -0.000000000000000000, 1.000000000000000000 ) ) ;
#1063 = DIRECTION ( 'NONE',  ( -1.000000000000000000, -1.239088197126290570E-16, 1.904444227198434433E-33 ) ) ;
#1064 = DIRECTION ( 'NONE',  ( 1.000000000000000000, 3.252606517456513918E-17, 4.636167053988480905E-17 ) ) ;
#1065 = DIRECTION ( 'NONE',  ( 1.000000000000000000, 3.469446951953611107E-17, -0.000000000000000000 ) ) ;
#1066 = VERTEX_POINT ( 'NONE', #1233 ) ;
#1067 = VERTEX_POINT ( 'NONE', #4614 ) ;
#1068 = ADVANCED_FACE ( 'NONE', ( #1660 ), #3733, .T. ) ;
#1069 = DIRECTION ( 'NONE',  ( 0.000000000000000000, -1.000000000000000000, 0.000000000000000000 ) ) ;
#1070 = CARTESIAN_POINT ( 'NONE',  ( 4.225000000000001421, -2.999999999999996447, -37.00000000000000000 ) ) ;
#1071 = VECTOR ( 'NONE', #1093, 1000.000000000000000 ) ;
#1072 = DIRECTION ( 'NONE',  ( -1.000000000000000000, -3.469446951953611107E-17, 0.000000000000000000 ) ) ;
#1073 = ORIENTED_EDGE ( 'NONE', *, *, #4966, .F. ) ;
#1074 = ORIENTED_EDGE ( 'NONE', *, *, #1281, .T. ) ;
#1075 = EDGE_CURVE ( 'NONE', #881, #2656, #5132, .T. ) ;
#1076 = VECTOR ( 'NONE', #1542, 1000.000000000000000 ) ;
#1077 = DIRECTION ( 'NONE',  ( 8.673617379884028076E-17, -1.000000000000000000, 0.000000000000000000 ) ) ;
#1078 = ORIENTED_EDGE ( 'NONE', *, *, #5285, .T. ) ;
#1079 = AXIS2_PLACEMENT_3D ( 'NONE', #2327, #1425, #4060 ) ;
#1080 = DIRECTION ( 'NONE',  ( -1.000000000000000000, -1.239088197126290570E-16, 0.000000000000000000 ) ) ;
#1081 = ORIENTED_EDGE ( 'NONE', *, *, #4716, .T. ) ;
#1082 = DIRECTION ( 'NONE',  ( -0.000000000000000000, -1.000000000000000000, -2.168404344971010840E-16 ) ) ;
#1083 = ORIENTED_EDGE ( 'NONE', *, *, #5185, .T. ) ;
#1084 = PLANE ( 'NONE',  #3674 ) ;
#1085 = CYLINDRICAL_SURFACE ( 'NONE', #1944, 0.7999999999999986011 ) ;
#1086 = CARTESIAN_POINT ( 'NONE',  ( 1.225000000000000311, -20.99999999999999645, -31.59999999999999787 ) ) ;
#1087 = CARTESIAN_POINT ( 'NONE',  ( 4.000000000000000000, -12.20000000000000107, -18.40000000000000568 ) ) ;
#1088 = VERTEX_POINT ( 'NONE', #5470 ) ;
#1089 = VERTEX_POINT ( 'NONE', #1172 ) ;
#1090 = LINE ( 'NONE', #3296, #4402 ) ;
#1091 = DIRECTION ( 'NONE',  ( 0.000000000000000000, -1.000000000000000000, -2.168404344971010594E-16 ) ) ;
#1092 = CARTESIAN_POINT ( 'NONE',  ( 7.000000000000000000, -10.50000000000000178, 71.00000000000000000 ) ) ;
#1093 = DIRECTION ( 'NONE',  ( 4.336808689942017736E-17, 1.000000000000000000, 0.000000000000000000 ) ) ;
#1094 = ORIENTED_EDGE ( 'NONE', *, *, #2748, .F. ) ;
#1095 = VERTEX_POINT ( 'NONE', #3318 ) ;
#1096 = CARTESIAN_POINT ( 'NONE',  ( 3.000000000000000000, -22.50000000000001066, 67.00000000000000000 ) ) ;
#1097 = CARTESIAN_POINT ( 'NONE',  ( 3.499999999999995115, -15.99999999999999645, 19.99999999999999289 ) ) ;
#1098 = EDGE_CURVE ( 'NONE', #2986, #3213, #2596, .T. ) ;
#1099 = EDGE_CURVE ( 'NONE', #5537, #3812, #4182, .T. ) ;
#1100 = LINE ( 'NONE', #5484, #4350 ) ;
#1101 = ORIENTED_EDGE ( 'NONE', *, *, #3450, .T. ) ;
#1102 = ORIENTED_EDGE ( 'NONE', *, *, #2956, .F. ) ;
#1103 = CYLINDRICAL_SURFACE ( 'NONE', #1414, 0.8000000000000003775 ) ;
#1104 = EDGE_CURVE ( 'NONE', #2141, #3654, #1199, .T. ) ;
#1105 = ORIENTED_EDGE ( 'NONE', *, *, #542, .F. ) ;
#1106 = CARTESIAN_POINT ( 'NONE',  ( 4.000000000000000000, -12.20000000000000107, -19.20000000000000639 ) ) ;
#1107 = ORIENTED_EDGE ( 'NONE', *, *, #1281, .F. ) ;
#1108 = FACE_OUTER_BOUND ( 'NONE', #4812, .T. ) ;
#1109 = VERTEX_POINT ( 'NONE', #744 ) ;
#1110 = CARTESIAN_POINT ( 'NONE',  ( -63.03173803727769808, -4.500000000000001776, 4.000000000000000000 ) ) ;
#1111 = CARTESIAN_POINT ( 'NONE',  ( 0.4999999999999990563, -13.00000000000000178, -18.40000000000000568 ) ) ;
#1112 = CARTESIAN_POINT ( 'NONE',  ( 0.4999999999999996669, -18.08243860895744604, 22.72955660195331618 ) ) ;
#1113 = ORIENTED_EDGE ( 'NONE', *, *, #5462, .F. ) ;
#1114 = ORIENTED_EDGE ( 'NONE', *, *, #5379, .F. ) ;
#1115 = DIRECTION ( 'NONE',  ( -1.000000000000000000, -1.239088197126290817E-16, -6.270397653133596605E-34 ) ) ;
#1116 = CARTESIAN_POINT ( 'NONE',  ( 5.000000000000000000, -2.000000000000002220, 57.78260869565215785 ) ) ;
#1117 = CARTESIAN_POINT ( 'NONE',  ( 0.9999999999999991118, 3.999999999999998224, 64.15000000000000568 ) ) ;
#1118 = ORIENTED_EDGE ( 'NONE', *, *, #4201, .T. ) ;
#1119 = ORIENTED_EDGE ( 'NONE', *, *, #4999, .T. ) ;
#1120 = VECTOR ( 'NONE', #2835, 1000.000000000000000 ) ;
#1121 = LINE ( 'NONE', #4599, #3066 ) ;
#1122 = CARTESIAN_POINT ( 'NONE',  ( 1.225000000000000089, -20.99999999999999645, -34.20000000000000284 ) ) ;
#1123 = LINE ( 'NONE', #2905, #1049 ) ;
#1124 = AXIS2_PLACEMENT_3D ( 'NONE', #2469, #5457, #1560 ) ;
#1125 = CARTESIAN_POINT ( 'NONE',  ( 1.000000000000000000, -10.58823163272325019, 61.17174867651791459 ) ) ;
#1126 = AXIS2_PLACEMENT_3D ( 'NONE', #4216, #4969, #334 ) ;
#1127 = ORIENTED_EDGE ( 'NONE', *, *, #346, .F. ) ;
#1128 = ORIENTED_EDGE ( 'NONE', *, *, #684, .F. ) ;
#1129 = AXIS2_PLACEMENT_3D ( 'NONE', #660, #2921, #3708 ) ;
#1130 = EDGE_CURVE ( 'NONE', #4850, #2044, #2085, .T. ) ;
#1131 = EDGE_CURVE ( 'NONE', #4388, #1591, #4862, .T. ) ;
#1132 = CIRCLE ( 'NONE', #4310, 1.600000000000000755 ) ;
#1133 = VECTOR ( 'NONE', #442, 1000.000000000000000 ) ;
#1134 = DIRECTION ( 'NONE',  ( 6.351109282876333741E-17, 1.000000000000000000, -0.000000000000000000 ) ) ;
#1135 = CARTESIAN_POINT ( 'NONE',  ( -63.03173803727769808, -7.300000000000001599, 16.24526502967734132 ) ) ;
#1136 = CARTESIAN_POINT ( 'NONE',  ( 1.225000000000000089, -22.49999999999998934, -24.20000000000000639 ) ) ;
#1137 = ORIENTED_EDGE ( 'NONE', *, *, #1621, .F. ) ;
#1138 = CARTESIAN_POINT ( 'NONE',  ( 1.225000000000000089, -10.99999999999999467, -29.20000000000000284 ) ) ;
#1139 = VECTOR ( 'NONE', #2419, 1000.000000000000000 ) ;
#1140 = CIRCLE ( 'NONE', #4317, 0.8000000000000003775 ) ;
#1141 = VERTEX_POINT ( 'NONE', #1607 ) ;
#1142 = CIRCLE ( 'NONE', #4133, 1.249999999999999334 ) ;
#1143 = EDGE_CURVE ( 'NONE', #5014, #3868, #2057, .T. ) ;
#1144 = CARTESIAN_POINT ( 'NONE',  ( 4.000000000000000000, -6.499999999999999112, 27.71223167968819823 ) ) ;
#1145 = CARTESIAN_POINT ( 'NONE',  ( 21.41522322567242398, -12.19999999999999929, -18.40000000000000568 ) ) ;
#1146 = AXIS2_PLACEMENT_3D ( 'NONE', #2470, #760, #3745 ) ;
#1147 = CARTESIAN_POINT ( 'NONE',  ( 4.000000000000000000, -19.00000000000001066, 27.71223167968817336 ) ) ;
#1148 = ORIENTED_EDGE ( 'NONE', *, *, #749, .T. ) ;
#1149 = ORIENTED_EDGE ( 'NONE', *, *, #38, .F. ) ;
#1150 = ADVANCED_FACE ( 'NONE', ( #298 ), #5554, .T. ) ;
#1151 = CARTESIAN_POINT ( 'NONE',  ( 0.9999999999999995559, -3.145898033750309075, 59.65831239517769546 ) ) ;
#1152 = CARTESIAN_POINT ( 'NONE',  ( 0.4999999999999994449, -14.78702399854023852, 34.82261646130366017 ) ) ;
#1153 = DIRECTION ( 'NONE',  ( 0.000000000000000000, -1.000000000000000000, 0.000000000000000000 ) ) ;
#1154 = ORIENTED_EDGE ( 'NONE', *, *, #1621, .T. ) ;
#1155 = EDGE_LOOP ( 'NONE', ( #1148, #1572 ) ) ;
#1156 = DIRECTION ( 'NONE',  ( 3.469446951953611107E-17, -1.000000000000000000, 0.000000000000000000 ) ) ;
#1157 = CARTESIAN_POINT ( 'NONE',  ( 0.4999999999999970024, -5.299999999999999822, -4.800000000000000711 ) ) ;
#1158 = DIRECTION ( 'NONE',  ( 0.000000000000000000, 0.000000000000000000, 1.000000000000000000 ) ) ;
#1159 = DIRECTION ( 'NONE',  ( -1.000000000000000000, -1.239088197126290570E-16, 0.000000000000000000 ) ) ;
#1160 = ORIENTED_EDGE ( 'NONE', *, *, #386, .F. ) ;
#1161 = VERTEX_POINT ( 'NONE', #2893 ) ;
#1162 = CARTESIAN_POINT ( 'NONE',  ( 0.4999999999999987232, -9.960362833696484230, 42.90613933192072693 ) ) ;
#1163 = DIRECTION ( 'NONE',  ( 1.000000000000000000, 3.252606517456513918E-17, -0.000000000000000000 ) ) ;
#1164 = EDGE_CURVE ( 'NONE', #3544, #627, #5045, .T. ) ;
#1165 = CARTESIAN_POINT ( 'NONE',  ( 4.000000000000000000, -16.57825347598732790, 4.800000000000004263 ) ) ;
#1166 = ADVANCED_FACE ( 'NONE', ( #3400 ), #716, .F. ) ;
#1167 = ORIENTED_EDGE ( 'NONE', *, *, #4085, .T. ) ;
#1168 = FACE_OUTER_BOUND ( 'NONE', #928, .T. ) ;
#1169 = AXIS2_PLACEMENT_3D ( 'NONE', #1994, #1512, #206 ) ;
#1170 = EDGE_LOOP ( 'NONE', ( #5495, #3461, #846, #4292, #5335, #459, #3371, #1374, #292, #1695, #76 ) ) ;
#1171 = LINE ( 'NONE', #4272, #3418 ) ;
#1172 = CARTESIAN_POINT ( 'NONE',  ( 1.224999999999999423, -0.9999999999999956701, -29.19999999999999929 ) ) ;
#1173 = AXIS2_PLACEMENT_3D ( 'NONE', #2471, #5396, #2815 ) ;
#1174 = EDGE_CURVE ( 'NONE', #1467, #4293, #383, .T. ) ;
#1175 = CARTESIAN_POINT ( 'NONE',  ( 7.001000000000008328, -12.15000000000000391, 71.00000000000000000 ) ) ;
#1176 = ADVANCED_FACE ( 'NONE', ( #5528 ), #3796, .F. ) ;
#1177 = ORIENTED_EDGE ( 'NONE', *, *, #2855, .F. ) ;
#1178 = ORIENTED_EDGE ( 'NONE', *, *, #2072, .T. ) ;
#1179 = LINE ( 'NONE', #3829, #241 ) ;
#1180 = CARTESIAN_POINT ( 'NONE',  ( 21.41522322567242043, -5.299999999999997158, -4.800000000000000711 ) ) ;
#1181 = EDGE_CURVE ( 'NONE', #3093, #1183, #2025, .T. ) ;
#1182 = CARTESIAN_POINT ( 'NONE',  ( 4.000000000000000000, -6.499999999999999112, 24.65831239517770612 ) ) ;
#1183 = VERTEX_POINT ( 'NONE', #779 ) ;
#1184 = ORIENTED_EDGE ( 'NONE', *, *, #3094, .T. ) ;
#1185 = CYLINDRICAL_SURFACE ( 'NONE', #4318, 1.650000000000002132 ) ;
#1186 = AXIS2_PLACEMENT_3D ( 'NONE', #654, #3756, #5494 ) ;
#1187 = DIRECTION ( 'NONE',  ( 0.000000000000000000, -1.188166764367676095E-16, 1.000000000000000000 ) ) ;
#1188 = DIRECTION ( 'NONE',  ( 1.000000000000000000, 3.252606517456513918E-17, -0.000000000000000000 ) ) ;
#1189 = CARTESIAN_POINT ( 'NONE',  ( 4.000000000000000000, -8.498771041871817644, 52.27044339804668027 ) ) ;
#1190 = ORIENTED_EDGE ( 'NONE', *, *, #1705, .F. ) ;
#1191 = VERTEX_POINT ( 'NONE', #3010 ) ;
#1192 = FACE_OUTER_BOUND ( 'NONE', #3082, .T. ) ;
#1193 = CARTESIAN_POINT ( 'NONE',  ( 0.5000000000000005551, -13.00000000000000178, -18.40000000000000568 ) ) ;
#1194 = DIRECTION ( 'NONE',  ( -1.000000000000000000, -3.252606517456513918E-17, -0.000000000000000000 ) ) ;
#1195 = ORIENTED_EDGE ( 'NONE', *, *, #2631, .F. ) ;
#1196 = DIRECTION ( 'NONE',  ( -0.000000000000000000, 0.000000000000000000, 1.000000000000000000 ) ) ;
#1197 = ORIENTED_EDGE ( 'NONE', *, *, #4644, .F. ) ;
#1198 = CARTESIAN_POINT ( 'NONE',  ( 1.999999999999999112, 3.999999999999998224, 62.50000000000000000 ) ) ;
#1199 = LINE ( 'NONE', #5499, #4584 ) ;
#1200 = DIRECTION ( 'NONE',  ( 0.000000000000000000, -1.000000000000000000, 0.000000000000000000 ) ) ;
#1201 = ORIENTED_EDGE ( 'NONE', *, *, #3889, .F. ) ;
#1202 = ORIENTED_EDGE ( 'NONE', *, *, #216, .F. ) ;
#1203 = EDGE_CURVE ( 'NONE', #5283, #722, #690, .T. ) ;
#1204 = CARTESIAN_POINT ( 'NONE',  ( 7.002000000000005109, -13.09364437107287493, 34.21231699605854004 ) ) ;
#1205 = EDGE_CURVE ( 'NONE', #1217, #880, #1999, .T. ) ;
#1206 = LINE ( 'NONE', #5195, #3330 ) ;
#1207 = CLOSED_SHELL ( 'NONE', ( #1059, #3663, #5274, #3887, #1245, #305, #5249, #4055, #5191, #4120, #5210, #1736, #4581, #5159, #1220, #3482, #5011, #3284, #2346, #2995, #2355, #5526, #4855, #4366, #5242, #70, #4974, #104, #604, #2679, #5357, #133, #618, #3404, #3204, #1632, #2663, #3754, #1674, #2651, #1523, #719, #1424, #4789, #3164, #1936, #578, #3073, #1806, #2145, #649, #811, #3516, #5236, #4053, #3614, #2576, #3846, #3473, #381, #5531, #4957, #3304, #540, #864, #2664, #2186, #3785, #2949, #5180, #3266, #1977, #1755, #3779, #933, #1349, #2501, #3821, #5519, #1029, #5217, #4570, #3346, #2104, #2313, #3569, #4472, #3027, #1068, #2816, #1642, #2608, #4935, #1971, #584, #895, #3786, #3540, #3311, #1587, #2048, #2707, #1984, #303, #203, #3917, #1176, #4795, #4295, #2272, #2636, #2244, #3541, #472, #81, #1485, #4154, #455, #3897, #1477, #549, #1007, #765, #3033, #105, #1912, #3777, #2203, #235, #5305, #3862, #5145, #2435, #4271, #5428, #4263, #3166, #3443, #2150, #2714, #4014, #2896, #4333, #5583, #2932, #1730, #1166, #5490, #2356, #2535, #4959, #407, #3575, #4230, #1941, #1729, #1840, #1150, #1900, #3986, #4465, #5280, #1585, #5272, #3630, #1381, #3129, #4184, #2547, #2735, #900, #2392 ) ) ;
#1208 = LINE ( 'NONE', #3856, #5254 ) ;
#1209 = ORIENTED_EDGE ( 'NONE', *, *, #3208, .T. ) ;
#1210 = ORIENTED_EDGE ( 'NONE', *, *, #5350, .T. ) ;
#1211 = DIRECTION ( 'NONE',  ( 3.469446951953612956E-17, -1.000000000000000000, 0.000000000000000000 ) ) ;
#1212 = EDGE_CURVE ( 'NONE', #4101, #1800, #514, .T. ) ;
#1213 = AXIS2_PLACEMENT_3D ( 'NONE', #1092, #2374, #3110 ) ;
#1214 = DIRECTION ( 'NONE',  ( 0.000000000000000000, -1.000000000000000000, -2.168404344971010594E-16 ) ) ;
#1215 = CYLINDRICAL_SURFACE ( 'NONE', #63, 1.250000000000001110 ) ;
#1216 = LINE ( 'NONE', #798, #4993 ) ;
#1217 = VERTEX_POINT ( 'NONE', #889 ) ;
#1218 = AXIS2_PLACEMENT_3D ( 'NONE', #1795, #3062, #5211 ) ;
#1219 = ORIENTED_EDGE ( 'NONE', *, *, #2221, .F. ) ;
#1220 = ADVANCED_FACE ( 'NONE', ( #2213 ), #1796, .F. ) ;
#1221 = CARTESIAN_POINT ( 'NONE',  ( 0.4999999999999987232, -10.71297600145975792, 43.17738353869633983 ) ) ;
#1222 = AXIS2_PLACEMENT_3D ( 'NONE', #246, #1483, #5381 ) ;
#1223 = CARTESIAN_POINT ( 'NONE',  ( -11.90479651964897911, -2.999999999999998668, 57.99999999999999289 ) ) ;
#1224 = DIRECTION ( 'NONE',  ( 0.000000000000000000, -1.000000000000000000, 0.000000000000000000 ) ) ;
#1225 = CARTESIAN_POINT ( 'NONE',  ( 0.4999999999999995559, -18.20000000000000284, 50.28776832031181243 ) ) ;
#1226 = VERTEX_POINT ( 'NONE', #4353 ) ;
#1227 = LINE ( 'NONE', #4702, #2974 ) ;
#1228 = CIRCLE ( 'NONE', #2860, 0.8000000000000003775 ) ;
#1229 = ORIENTED_EDGE ( 'NONE', *, *, #4571, .T. ) ;
#1230 = AXIS2_PLACEMENT_3D ( 'NONE', #5165, #810, #5076 ) ;
#1231 = AXIS2_PLACEMENT_3D ( 'NONE', #5508, #4559, #2403 ) ;
#1232 = DIRECTION ( 'NONE',  ( 3.252606517456513918E-17, -1.000000000000000000, 0.000000000000000000 ) ) ;
#1233 = CARTESIAN_POINT ( 'NONE',  ( 3.500000000000000000, -22.50000000000001066, 56.74999999999998579 ) ) ;
#1234 = AXIS2_PLACEMENT_3D ( 'NONE', #348, #3751, #2911 ) ;
#1235 = VECTOR ( 'NONE', #5507, 1000.000000000000000 ) ;
#1236 = AXIS2_PLACEMENT_3D ( 'NONE', #4906, #4380, #804 ) ;
#1237 = DIRECTION ( 'NONE',  ( 1.000000000000000000, -0.000000000000000000, -0.000000000000000000 ) ) ;
#1238 = ORIENTED_EDGE ( 'NONE', *, *, #5203, .T. ) ;
#1239 = VECTOR ( 'NONE', #5383, 1000.000000000000000 ) ;
#1240 = VERTEX_POINT ( 'NONE', #3985 ) ;
#1241 = CIRCLE ( 'NONE', #4408, 0.8000000000000003775 ) ;
#1242 = CIRCLE ( 'NONE', #3871, 0.8000000000000003775 ) ;
#1243 = FACE_OUTER_BOUND ( 'NONE', #4092, .T. ) ;
#1244 = CYLINDRICAL_SURFACE ( 'NONE', #2872, 0.8000000000000003775 ) ;
#1245 = ADVANCED_FACE ( 'NONE', ( #914 ), #3531, .F. ) ;
#1246 = DIRECTION ( 'NONE',  ( 1.000000000000000000, -0.000000000000000000, -0.000000000000000000 ) ) ;
#1247 = EDGE_CURVE ( 'NONE', #4139, #5308, #1396, .T. ) ;
#1248 = CIRCLE ( 'NONE', #5240, 1.250000000000007994 ) ;
#1249 = ORIENTED_EDGE ( 'NONE', *, *, #1205, .T. ) ;
#1250 = DIRECTION ( 'NONE',  ( -0.000000000000000000, -0.000000000000000000, -1.000000000000000000 ) ) ;
#1251 = DIRECTION ( 'NONE',  ( -1.000000000000000000, -3.469446951953612956E-17, 0.000000000000000000 ) ) ;
#1252 = LINE ( 'NONE', #450, #4324 ) ;
#1253 = CARTESIAN_POINT ( 'NONE',  ( 4.000000000000000000, -8.595291006435214598, 25.99736765364722046 ) ) ;
#1254 = EDGE_CURVE ( 'NONE', #5385, #3527, #462, .T. ) ;
#1255 = ORIENTED_EDGE ( 'NONE', *, *, #513, .F. ) ;
#1256 = ORIENTED_EDGE ( 'NONE', *, *, #5118, .T. ) ;
#1257 = DIRECTION ( 'NONE',  ( 0.000000000000000000, 1.000000000000000000, 0.000000000000000000 ) ) ;
#1258 = FACE_OUTER_BOUND ( 'NONE', #4116, .T. ) ;
#1259 = DIRECTION ( 'NONE',  ( 1.000000000000000000, 1.239088197126290570E-16, 1.904444227198434433E-33 ) ) ;
#1260 = EDGE_CURVE ( 'NONE', #5390, #852, #949, .T. ) ;
#1261 = VERTEX_POINT ( 'NONE', #2653 ) ;
#1262 = VERTEX_POINT ( 'NONE', #406 ) ;
#1263 = VECTOR ( 'NONE', #4137, 1000.000000000000000 ) ;
#1264 = DIRECTION ( 'NONE',  ( 0.000000000000000000, -1.000000000000000000, 0.000000000000000000 ) ) ;
#1265 = VECTOR ( 'NONE', #1259, 1000.000000000000000 ) ;
#1266 = PLANE ( 'NONE',  #2288 ) ;
#1267 = ORIENTED_EDGE ( 'NONE', *, *, #961, .T. ) ;
#1268 = ORIENTED_EDGE ( 'NONE', *, *, #2529, .T. ) ;
#1269 = VECTOR ( 'NONE', #4172, 1000.000000000000000 ) ;
#1270 = CARTESIAN_POINT ( 'NONE',  ( 7.000000000000000000, 6.499999999999996447, 4.000000000000000000 ) ) ;
#1271 = LINE ( 'NONE', #3017, #60 ) ;
#1272 = VECTOR ( 'NONE', #986, 1000.000000000000000 ) ;
#1273 = DIRECTION ( 'NONE',  ( 0.000000000000000000, 0.000000000000000000, -1.000000000000000000 ) ) ;
#1274 = VERTEX_POINT ( 'NONE', #3508 ) ;
#1275 = DIRECTION ( 'NONE',  ( 1.000000000000000000, 0.000000000000000000, 0.000000000000000000 ) ) ;
#1276 = CARTESIAN_POINT ( 'NONE',  ( 7.002000000000005109, -12.75000000000000000, 40.47468587349739266 ) ) ;
#1277 = CARTESIAN_POINT ( 'NONE',  ( 4.000000000000000000, -12.75000000000000000, 39.00000000000000000 ) ) ;
#1278 = DIRECTION ( 'NONE',  ( 1.000000000000000000, 1.239088197126290570E-16, 0.000000000000000000 ) ) ;
#1279 = ORIENTED_EDGE ( 'NONE', *, *, #829, .T. ) ;
#1280 = ORIENTED_EDGE ( 'NONE', *, *, #2644, .F. ) ;
#1281 = EDGE_CURVE ( 'NONE', #1968, #5582, #2498, .T. ) ;
#1282 = CARTESIAN_POINT ( 'NONE',  ( 4.000000000000000000, -6.499999999999998224, 23.13299826867510589 ) ) ;
#1283 = EDGE_CURVE ( 'NONE', #4824, #3586, #493, .T. ) ;
#1284 = DIRECTION ( 'NONE',  ( 0.000000000000000000, 0.000000000000000000, -1.000000000000000000 ) ) ;
#1285 = CYLINDRICAL_SURFACE ( 'NONE', #3309, 1.600000000000000755 ) ;
#1286 = DIRECTION ( 'NONE',  ( 1.000000000000000000, 1.239088197126290570E-16, 0.000000000000000000 ) ) ;
#1287 = ORIENTED_EDGE ( 'NONE', *, *, #2072, .F. ) ;
#1288 = ORIENTED_EDGE ( 'NONE', *, *, #2083, .T. ) ;
#1289 = CARTESIAN_POINT ( 'NONE',  ( 5.000000000000000888, -2.999999999999998668, 57.99999999999999289 ) ) ;
#1290 = EDGE_CURVE ( 'NONE', #2802, #1346, #1314, .T. ) ;
#1291 = DIRECTION ( 'NONE',  ( 0.000000000000000000, 0.000000000000000000, -1.000000000000000000 ) ) ;
#1292 = CARTESIAN_POINT ( 'NONE',  ( 1.225000000000000311, -14.49999999999999645, -26.35000000000000142 ) ) ;
#1293 = EDGE_LOOP ( 'NONE', ( #209, #2567, #517, #2431 ) ) ;
#1294 = DIRECTION ( 'NONE',  ( 0.000000000000000000, 1.000000000000000000, -1.577021341797097560E-16 ) ) ;
#1295 = CARTESIAN_POINT ( 'NONE',  ( 5.000000000000000000, 3.100000000000000089, -34.00000000000000000 ) ) ;
#1296 = ORIENTED_EDGE ( 'NONE', *, *, #3924, .F. ) ;
#1297 = CARTESIAN_POINT ( 'NONE',  ( 7.002000000000004221, -8.498771041871819421, 52.27044339804668027 ) ) ;
#1298 = CARTESIAN_POINT ( 'NONE',  ( 0.4999999999999995559, -15.53963716630351577, 42.90613933192071983 ) ) ;
#1299 = VECTOR ( 'NONE', #3312, 999.9999999999998863 ) ;
#1300 = DIRECTION ( 'NONE',  ( -1.000000000000000000, -3.252606517456513918E-17, -2.535569890667617442E-16 ) ) ;
#1301 = ORIENTED_EDGE ( 'NONE', *, *, #2178, .T. ) ;
#1302 = ORIENTED_EDGE ( 'NONE', *, *, #4391, .T. ) ;
#1303 = DIRECTION ( 'NONE',  ( -1.000000000000000000, -0.000000000000000000, -0.000000000000000000 ) ) ;
#1304 = DIRECTION ( 'NONE',  ( 0.000000000000000000, 0.000000000000000000, -1.000000000000000000 ) ) ;
#1305 = ORIENTED_EDGE ( 'NONE', *, *, #445, .T. ) ;
#1306 = EDGE_CURVE ( 'NONE', #3256, #1995, #3588, .T. ) ;
#1307 = ORIENTED_EDGE ( 'NONE', *, *, #3277, .T. ) ;
#1308 = EDGE_CURVE ( 'NONE', #4859, #1467, #4841, .T. ) ;
#1309 = AXIS2_PLACEMENT_3D ( 'NONE', #2120, #546, #2962 ) ;
#1310 = DIRECTION ( 'NONE',  ( 8.673617379884028076E-17, -1.000000000000000000, 0.000000000000000000 ) ) ;
#1311 = DIRECTION ( 'NONE',  ( -1.000000000000000000, -3.252606517456514535E-17, 2.535569890667616456E-16 ) ) ;
#1312 = CARTESIAN_POINT ( 'NONE',  ( 1.000000000000000000, -18.20000000000000639, 15.34168760482228500 ) ) ;
#1313 = ORIENTED_EDGE ( 'NONE', *, *, #2279, .T. ) ;
#1314 = CIRCLE ( 'NONE', #4484, 0.8000000000000003775 ) ;
#1315 = EDGE_LOOP ( 'NONE', ( #4656, #4879, #3357, #282 ) ) ;
#1316 = AXIS2_PLACEMENT_3D ( 'NONE', #1865, #4052, #3601 ) ;
#1317 = EDGE_CURVE ( 'NONE', #771, #4101, #938, .T. ) ;
#1318 = CIRCLE ( 'NONE', #4309, 1.250000000000001110 ) ;
#1319 = LINE ( 'NONE', #4846, #58 ) ;
#1320 = CIRCLE ( 'NONE', #4869, 1.250000000000001110 ) ;
#1321 = VECTOR ( 'NONE', #4070, 1000.000000000000227 ) ;
#1322 = AXIS2_PLACEMENT_3D ( 'NONE', #1653, #4554, #5124 ) ;
#1323 = LINE ( 'NONE', #1748, #4313 ) ;
#1324 = DIRECTION ( 'NONE',  ( -1.000000000000000000, -0.000000000000000000, -0.000000000000000000 ) ) ;
#1325 = EDGE_CURVE ( 'NONE', #3910, #880, #1132, .T. ) ;
#1326 = VECTOR ( 'NONE', #1751, 1000.000000000000000 ) ;
#1327 = ORIENTED_EDGE ( 'NONE', *, *, #3383, .T. ) ;
#1328 =( GEOMETRIC_REPRESENTATION_CONTEXT ( 3 ) GLOBAL_UNCERTAINTY_ASSIGNED_CONTEXT ( ( #2230 ) ) GLOBAL_UNIT_ASSIGNED_CONTEXT ( ( #5292, #3301, #1880 ) ) REPRESENTATION_CONTEXT ( 'NONE', 'WORKASPACE' ) );
#1329 = UNCERTAINTY_MEASURE_WITH_UNIT (LENGTH_MEASURE( 1.000000000000000082E-05 ), #2659, 'distance_accuracy_value', 'NONE');
#1330 = DIRECTION ( 'NONE',  ( -0.000000000000000000, 1.000000000000000000, 2.168404344971010594E-16 ) ) ;
#1331 = CARTESIAN_POINT ( 'NONE',  ( -4.501000000000010992, -15.99999999999999645, -31.59999999999999787 ) ) ;
#1332 = VECTOR ( 'NONE', #4817, 1000.000000000000000 ) ;
#1333 = CARTESIAN_POINT ( 'NONE',  ( 0.4999999999999989453, -11.49999999999999822, 1.530808498934192557E-16 ) ) ;
#1334 = EDGE_LOOP ( 'NONE', ( #1494, #612 ) ) ;
#1335 = DIRECTION ( 'NONE',  ( 8.425613936988277506E-17, -0.6570453101161651821, -0.7538510863919692939 ) ) ;
#1336 = CARTESIAN_POINT ( 'NONE',  ( 1.999999999999999556, -4.500000000000000000, 67.00000000000000000 ) ) ;
#1337 = CARTESIAN_POINT ( 'NONE',  ( 0.4999999999999995559, -17.44738683223673092, 27.44098747291256402 ) ) ;
#1338 = CARTESIAN_POINT ( 'NONE',  ( 7.000000000000000000, -18.99999999999999645, -43.00000000000000000 ) ) ;
#1339 = ORIENTED_EDGE ( 'NONE', *, *, #2767, .T. ) ;
#1340 = VERTEX_POINT ( 'NONE', #861 ) ;
#1341 = CARTESIAN_POINT ( 'NONE',  ( 4.000000000000000000, -16.96394253386069906, 25.65831239517770612 ) ) ;
#1342 = CARTESIAN_POINT ( 'NONE',  ( 4.224999999999981881, -3.000000000000004441, -19.59999999999999787 ) ) ;
#1343 = EDGE_CURVE ( 'NONE', #3640, #1787, #2600, .T. ) ;
#1344 = EDGE_CURVE ( 'NONE', #2616, #1787, #4327, .T. ) ;
#1345 = DIRECTION ( 'NONE',  ( 0.000000000000000000, -1.000000000000000000, 0.000000000000000000 ) ) ;
#1346 = VERTEX_POINT ( 'NONE', #438 ) ;
#1347 = ORIENTED_EDGE ( 'NONE', *, *, #5178, .F. ) ;
#1348 = DIRECTION ( 'NONE',  ( 0.000000000000000000, -1.000000000000000000, 0.000000000000000000 ) ) ;
#1349 = ADVANCED_FACE ( 'NONE', ( #2164, #3907, #15, #1742, #3483, #1881, #1963, #3143, #4010, #622, #121, #4545, #4980 ), #3613, .F. ) ;
#1350 = VECTOR ( 'NONE', #4280, 1000.000000000000000 ) ;
#1351 = EDGE_CURVE ( 'NONE', #5246, #4754, #775, .T. ) ;
#1352 = FACE_OUTER_BOUND ( 'NONE', #5437, .T. ) ;
#1353 = EDGE_LOOP ( 'NONE', ( #4304, #2757, #3472, #4707 ) ) ;
#1354 = AXIS2_PLACEMENT_3D ( 'NONE', #2240, #2755, #480 ) ;
#1355 = CARTESIAN_POINT ( 'NONE',  ( 7.002000000000005109, -9.960362833696484230, 35.09386066807927307 ) ) ;
#1356 = EDGE_CURVE ( 'NONE', #5007, #3668, #4435, .T. ) ;
#1357 = DIRECTION ( 'NONE',  ( 1.000000000000000000, 1.239088197126290570E-16, 0.000000000000000000 ) ) ;
#1358 = CIRCLE ( 'NONE', #5352, 0.8000000000000003775 ) ;
#1359 = FACE_OUTER_BOUND ( 'NONE', #3260, .T. ) ;
#1360 = ORIENTED_EDGE ( 'NONE', *, *, #3966, .F. ) ;
#1361 = ORIENTED_EDGE ( 'NONE', *, *, #1897, .T. ) ;
#1362 = CARTESIAN_POINT ( 'NONE',  ( 0.4999999999999978351, -3.500000000000001332, -29.20000000000000284 ) ) ;
#1363 = FACE_OUTER_BOUND ( 'NONE', #3444, .T. ) ;
#1364 = LINE ( 'NONE', #4079, #2858 ) ;
#1365 = DIRECTION ( 'NONE',  ( 1.000000000000000000, 1.239088197126290570E-16, 0.000000000000000000 ) ) ;
#1366 = EDGE_LOOP ( 'NONE', ( #2193, #3025, #1149, #3951 ) ) ;
#1367 = ORIENTED_EDGE ( 'NONE', *, *, #2384, .F. ) ;
#1368 = LINE ( 'NONE', #5456, #2138 ) ;
#1369 = LINE ( 'NONE', #5577, #4385 ) ;
#1370 = CARTESIAN_POINT ( 'NONE',  ( 4.000000000000000000, -9.960362833696484230, 35.09386066807927307 ) ) ;
#1371 = VECTOR ( 'NONE', #712, 1000.000000000000114 ) ;
#1372 = CARTESIAN_POINT ( 'NONE',  ( 4.000000000000000000, -6.499999999999999112, 24.65831239517770612 ) ) ;
#1373 = ORIENTED_EDGE ( 'NONE', *, *, #2180, .F. ) ;
#1374 = ORIENTED_EDGE ( 'NONE', *, *, #2468, .T. ) ;
#1375 = DIRECTION ( 'NONE',  ( 1.000000000000000000, 1.239088197126290570E-16, 0.000000000000000000 ) ) ;
#1376 = CARTESIAN_POINT ( 'NONE',  ( 2.999999999999999112, 9.635164170209216955E-17, 0.000000000000000000 ) ) ;
#1377 = CARTESIAN_POINT ( 'NONE',  ( 4.000000000000000000, -10.42530236141373834, 42.25511610993393674 ) ) ;
#1378 = CARTESIAN_POINT ( 'NONE',  ( 0.5000000000000004441, -7.299999999999999822, 50.28776832031179822 ) ) ;
#1379 = EDGE_CURVE ( 'NONE', #4356, #3119, #2271, .T. ) ;
#1380 = VERTEX_POINT ( 'NONE', #4091 ) ;
#1381 = ADVANCED_FACE ( 'NONE', ( #1848 ), #233, .F. ) ;
#1382 = CARTESIAN_POINT ( 'NONE',  ( 1.000000000000000222, -10.93342069860755039, 14.01605135672935276 ) ) ;
#1383 = DIRECTION ( 'NONE',  ( -2.218272310833941514E-17, 0.6819983600624999198, -0.7313537016191691276 ) ) ;
#1384 = CARTESIAN_POINT ( 'NONE',  ( 3.500000000000000444, -15.99999999999998934, -18.00000000000000711 ) ) ;
#1385 = VERTEX_POINT ( 'NONE', #1906 ) ;
#1386 = ORIENTED_EDGE ( 'NONE', *, *, #5005, .T. ) ;
#1387 = EDGE_CURVE ( 'NONE', #1089, #3396, #2332, .T. ) ;
#1388 = CARTESIAN_POINT ( 'NONE',  ( 4.000000000000000000, -17.00122895812818058, 52.27044339804668027 ) ) ;
#1389 = DIRECTION ( 'NONE',  ( 0.000000000000000000, -2.168404344971010594E-16, 1.000000000000000000 ) ) ;
#1390 = CARTESIAN_POINT ( 'NONE',  ( 7.002000000000005997, -19.00000000000001066, 23.13299826867507036 ) ) ;
#1391 = VERTEX_POINT ( 'NONE', #5434 ) ;
#1392 = AXIS2_PLACEMENT_3D ( 'NONE', #1654, #4267, #1224 ) ;
#1393 = EDGE_LOOP ( 'NONE', ( #4095, #4299, #1687, #4438 ) ) ;
#1394 = EDGE_CURVE ( 'NONE', #4481, #4918, #4459, .T. ) ;
#1395 = DIRECTION ( 'NONE',  ( -1.000000000000000000, -3.252606517456513918E-17, 0.000000000000000000 ) ) ;
#1396 = LINE ( 'NONE', #3961, #5586 ) ;
#1397 = DIRECTION ( 'NONE',  ( -1.000000000000000000, -3.252606517456513918E-17, 0.000000000000000000 ) ) ;
#1398 = ORIENTED_EDGE ( 'NONE', *, *, #5557, .T. ) ;
#1399 = VERTEX_POINT ( 'NONE', #3255 ) ;
#1400 = CIRCLE ( 'NONE', #3408, 0.8000000000000003775 ) ;
#1401 = CARTESIAN_POINT ( 'NONE',  ( 1.000000000000000000, -18.20000000000000284, 18.34168760482228322 ) ) ;
#1402 = DIRECTION ( 'NONE',  ( 0.000000000000000000, -1.000000000000000000, 0.000000000000000000 ) ) ;
#1403 = CARTESIAN_POINT ( 'NONE',  ( -63.03173803727768387, -7.300000000000001599, 50.28776832031181243 ) ) ;
#1404 = AXIS2_PLACEMENT_3D ( 'NONE', #1500, #2012, #3778 ) ;
#1405 = AXIS2_PLACEMENT_3D ( 'NONE', #984, #2344, #2232 ) ;
#1406 = CARTESIAN_POINT ( 'NONE',  ( 4.000000000000000000, -12.75000000000000000, 40.47468587349739266 ) ) ;
#1407 = ORIENTED_EDGE ( 'NONE', *, *, #1387, .F. ) ;
#1408 = AXIS2_PLACEMENT_3D ( 'NONE', #2135, #3116, #3880 ) ;
#1409 = CIRCLE ( 'NONE', #4775, 0.8000000000000003775 ) ;
#1410 = DIRECTION ( 'NONE',  ( 0.000000000000000000, -1.000000000000000000, 0.000000000000000000 ) ) ;
#1411 = LINE ( 'NONE', #4934, #4769 ) ;
#1412 = EDGE_CURVE ( 'NONE', #3550, #1871, #1688, .T. ) ;
#1413 = EDGE_CURVE ( 'NONE', #4829, #4390, #1475, .T. ) ;
#1414 = AXIS2_PLACEMENT_3D ( 'NONE', #2847, #1566, #766 ) ;
#1415 = VECTOR ( 'NONE', #4709, 1000.000000000000000 ) ;
#1416 = DIRECTION ( 'NONE',  ( -0.000000000000000000, -1.000000000000000000, -2.168404344971010840E-16 ) ) ;
#1417 = AXIS2_PLACEMENT_3D ( 'NONE', #1783, #24, #3044 ) ;
#1418 = ORIENTED_EDGE ( 'NONE', *, *, #1569, .T. ) ;
#1419 = ORIENTED_EDGE ( 'NONE', *, *, #626, .F. ) ;
#1420 = CIRCLE ( 'NONE', #4227, 0.8000000000000003775 ) ;
#1422 = FACE_OUTER_BOUND ( 'NONE', #2100, .T. ) ;
#1421 = AXIS2_PLACEMENT_3D ( 'NONE', #2661, #1809, #5279 ) ;
#1423 = DIRECTION ( 'NONE',  ( -4.599880250050105158E-17, -0.7071067811865451302, 0.7071067811865500152 ) ) ;
#1424 = ADVANCED_FACE ( 'NONE', ( #1454 ), #539, .F. ) ;
#1425 = DIRECTION ( 'NONE',  ( -1.000000000000000000, -3.252606517456513918E-17, 0.000000000000000000 ) ) ;
#1426 = ORIENTED_EDGE ( 'NONE', *, *, #1812, .F. ) ;
#1427 = ORIENTED_EDGE ( 'NONE', *, *, #4999, .F. ) ;
#1428 = DIRECTION ( 'NONE',  ( 1.000000000000000000, 1.239088197126290570E-16, -0.000000000000000000 ) ) ;
#1429 = DIRECTION ( 'NONE',  ( 1.000000000000000000, 1.239088197126290570E-16, 0.000000000000000000 ) ) ;
#1430 = EDGE_CURVE ( 'NONE', #1433, #5391, #5402, .T. ) ;
#1431 = LINE ( 'NONE', #541, #2862 ) ;
#1432 = ORIENTED_EDGE ( 'NONE', *, *, #4732, .T. ) ;
#1433 = VERTEX_POINT ( 'NONE', #1510 ) ;
#1434 = DIRECTION ( 'NONE',  ( -1.000000000000000000, -3.252606517456513918E-17, 0.000000000000000000 ) ) ;
#1435 = DIRECTION ( 'NONE',  ( 0.000000000000000000, -1.000000000000000000, 0.000000000000000000 ) ) ;
#1436 = DIRECTION ( 'NONE',  ( 1.000000000000000000, 3.252606517456513302E-17, -2.535569890667617935E-16 ) ) ;
#1437 = CARTESIAN_POINT ( 'NONE',  ( -4.501000000000007439, 0.4148556835804999565, -29.19999999999999929 ) ) ;
#1438 = ORIENTED_EDGE ( 'NONE', *, *, #749, .F. ) ;
#1439 = LINE ( 'NONE', #5420, #4876 ) ;
#1440 = CARTESIAN_POINT ( 'NONE',  ( 4.000000000000000000, -18.20000000000000639, 14.54168760482228606 ) ) ;
#1441 = DIRECTION ( 'NONE',  ( -1.000000000000000000, 0.000000000000000000, 0.000000000000000000 ) ) ;
#1442 = EDGE_LOOP ( 'NONE', ( #948, #4082, #5018, #2967, #1716, #4598, #3610, #2845, #5193, #2079, #4219 ) ) ;
#1443 = ORIENTED_EDGE ( 'NONE', *, *, #3603, .F. ) ;
#1444 = EDGE_CURVE ( 'NONE', #3718, #5100, #2298, .T. ) ;
#1445 = VECTOR ( 'NONE', #2153, 1000.000000000000114 ) ;
#1446 = CARTESIAN_POINT ( 'NONE',  ( 7.000000000000000000, -15.99999999999999289, -43.00000000000000000 ) ) ;
#1447 = CARTESIAN_POINT ( 'NONE',  ( 0.5000000000000004441, -7.299999999999999822, 15.44526502967733705 ) ) ;
#1448 = DIRECTION ( 'NONE',  ( 0.000000000000000000, -0.3390552584695133431, -0.9407664597040923393 ) ) ;
#1449 = ORIENTED_EDGE ( 'NONE', *, *, #4186, .F. ) ;
#1450 = ORIENTED_EDGE ( 'NONE', *, *, #3197, .T. ) ;
#1451 = EDGE_CURVE ( 'NONE', #4945, #2534, #3199, .T. ) ;
#1452 = EDGE_CURVE ( 'NONE', #1819, #4149, #1020, .T. ) ;
#1453 = LINE ( 'NONE', #97, #4497 ) ;
#1454 = FACE_OUTER_BOUND ( 'NONE', #2451, .T. ) ;
#1455 = DIRECTION ( 'NONE',  ( -1.000000000000000000, -3.252606517456513918E-17, 0.000000000000000000 ) ) ;
#1456 = ORIENTED_EDGE ( 'NONE', *, *, #836, .T. ) ;
#1457 = ORIENTED_EDGE ( 'NONE', *, *, #210, .F. ) ;
#1458 = EDGE_CURVE ( 'NONE', #5525, #2008, #179, .T. ) ;
#1459 = DIRECTION ( 'NONE',  ( 0.000000000000000000, -1.000000000000000000, -2.168404344971010594E-16 ) ) ;
#1460 = PLANE ( 'NONE',  #2132 ) ;
#1461 = DIRECTION ( 'NONE',  ( 1.000000000000000000, 1.239088197126290324E-16, -1.954068531237048912E-32 ) ) ;
#1462 = LINE ( 'NONE', #4074, #244 ) ;
#1463 = ORIENTED_EDGE ( 'NONE', *, *, #4921, .T. ) ;
#1464 = FACE_OUTER_BOUND ( 'NONE', #3757, .T. ) ;
#1465 = LINE ( 'NONE', #3211, #3234 ) ;
#1466 = CARTESIAN_POINT ( 'NONE',  ( 4.000000000000000000, -19.00000000000001066, 50.28776832031181243 ) ) ;
#1467 = VERTEX_POINT ( 'NONE', #2792 ) ;
#1468 = ORIENTED_EDGE ( 'NONE', *, *, #3097, .T. ) ;
#1469 = FACE_OUTER_BOUND ( 'NONE', #887, .T. ) ;
#1470 = PLANE ( 'NONE',  #1044 ) ;
#1471 = DIRECTION ( 'NONE',  ( -1.000000000000000000, -3.469446951953612956E-17, 0.000000000000000000 ) ) ;
#1472 = EDGE_LOOP ( 'NONE', ( #1418, #748, #2818, #1549 ) ) ;
#1473 = ORIENTED_EDGE ( 'NONE', *, *, #2330, .F. ) ;
#1474 = AXIS2_PLACEMENT_3D ( 'NONE', #409, #2628, #3067 ) ;
#1475 = LINE ( 'NONE', #3660, #675 ) ;
#1476 = EDGE_LOOP ( 'NONE', ( #3437, #4176, #529, #5093 ) ) ;
#1477 = ADVANCED_FACE ( 'NONE', ( #1192 ), #4572, .F. ) ;
#1478 = CARTESIAN_POINT ( 'NONE',  ( 1.000000000000000000, -7.661951201776465936, 60.80847766620527750 ) ) ;
#1479 = EDGE_CURVE ( 'NONE', #4569, #2008, #5035, .T. ) ;
#1480 = EDGE_LOOP ( 'NONE', ( #2064, #3735, #2154, #96 ) ) ;
#1481 = EDGE_LOOP ( 'NONE', ( #4012, #5209, #4556, #4562 ) ) ;
#1482 = DIRECTION ( 'NONE',  ( -1.000000000000000000, -3.252606517456513918E-17, 0.000000000000000000 ) ) ;
#1483 = DIRECTION ( 'NONE',  ( -0.000000000000000000, 1.000000000000000000, 0.000000000000000000 ) ) ;
#1484 = LINE ( 'NONE', #2076, #2055 ) ;
#1485 = ADVANCED_FACE ( 'NONE', ( #4659 ), #1103, .F. ) ;
#1486 = AXIS2_PLACEMENT_3D ( 'NONE', #3272, #1791, #479 ) ;
#1487 = EDGE_LOOP ( 'NONE', ( #4536, #3364, #5550, #511 ) ) ;
#1488 = CARTESIAN_POINT ( 'NONE',  ( 7.001000000000000334, -15.99999999999999645, -33.60000000000000142 ) ) ;
#1489 = VECTOR ( 'NONE', #669, 1000.000000000000000 ) ;
#1490 = DIRECTION ( 'NONE',  ( -1.000000000000000000, -1.239088197126290570E-16, 0.000000000000000000 ) ) ;
#1491 = EDGE_CURVE ( 'NONE', #1576, #4013, #3310, .T. ) ;
#1492 = CYLINDRICAL_SURFACE ( 'NONE', #4939, 1.250000000000001110 ) ;
#1493 = CARTESIAN_POINT ( 'NONE',  ( 4.000000000000000000, -12.75000000000000000, 39.00000000000000000 ) ) ;
#1494 = ORIENTED_EDGE ( 'NONE', *, *, #803, .F. ) ;
#1495 = VECTOR ( 'NONE', #972, 1000.000000000000000 ) ;
#1496 = VECTOR ( 'NONE', #1482, 1000.000000000000000 ) ;
#1497 = ORIENTED_EDGE ( 'NONE', *, *, #994, .T. ) ;
#1498 = AXIS2_PLACEMENT_3D ( 'NONE', #698, #3768, #2926 ) ;
#1499 = VECTOR ( 'NONE', #4100, 1000.000000000000000 ) ;
#1500 = CARTESIAN_POINT ( 'NONE',  ( 7.002000000000005997, -11.53650156772112467, 14.54168760482228606 ) ) ;
#1501 = DIRECTION ( 'NONE',  ( -1.000000000000000000, -3.252606517456513918E-17, 1.048466334442454337E-16 ) ) ;
#1502 = CIRCLE ( 'NONE', #4682, 1.649999999999998579 ) ;
#1503 = AXIS2_PLACEMENT_3D ( 'NONE', #2225, #2658, #4498 ) ;
#1504 = VECTOR ( 'NONE', #5334, 1000.000000000000114 ) ;
#1505 = CARTESIAN_POINT ( 'NONE',  ( -4.501000000000010104, -10.99999999999999822, -34.20000000000000284 ) ) ;
#1506 = ORIENTED_EDGE ( 'NONE', *, *, #1705, .T. ) ;
#1507 = ORIENTED_EDGE ( 'NONE', *, *, #755, .T. ) ;
#1508 = CIRCLE ( 'NONE', #786, 0.8000000000000003775 ) ;
#1509 = AXIS2_PLACEMENT_3D ( 'NONE', #2440, #4009, #970 ) ;
#1510 = CARTESIAN_POINT ( 'NONE',  ( 2.724999999999999201, -22.49999999999998579, -40.99999999999999289 ) ) ;
#1511 = VERTEX_POINT ( 'NONE', #1624 ) ;
#1512 = DIRECTION ( 'NONE',  ( 1.000000000000000000, 1.239088197126290570E-16, 0.000000000000000000 ) ) ;
#1513 = EDGE_LOOP ( 'NONE', ( #3170, #5230, #4547, #3485 ) ) ;
#1514 = CARTESIAN_POINT ( 'NONE',  ( 2.724999999999999201, -15.99999999999999645, -31.09999999999999432 ) ) ;
#1515 = ORIENTED_EDGE ( 'NONE', *, *, #1203, .F. ) ;
#1516 = EDGE_CURVE ( 'NONE', #1399, #2438, #3340, .T. ) ;
#1517 = FACE_OUTER_BOUND ( 'NONE', #2711, .T. ) ;
#1518 = EDGE_CURVE ( 'NONE', #3812, #429, #5227, .T. ) ;
#1519 = CARTESIAN_POINT ( 'NONE',  ( 0.4999999999999990563, -13.03637030922739548, 35.01026416338211789 ) ) ;
#1520 = CARTESIAN_POINT ( 'NONE',  ( 3.500000000000000000, -16.00000000000000711, 56.74999999999998579 ) ) ;
#1521 = FACE_OUTER_BOUND ( 'NONE', #4377, .T. ) ;
#1522 = ORIENTED_EDGE ( 'NONE', *, *, #4509, .T. ) ;
#1523 = ADVANCED_FACE ( 'NONE', ( #1540 ), #2884, .F. ) ;
#1524 = DIRECTION ( 'NONE',  ( 0.000000000000000000, 1.000000000000000000, -0.000000000000000000 ) ) ;
#1525 = EDGE_CURVE ( 'NONE', #5485, #4617, #953, .T. ) ;
#1526 = LINE ( 'NONE', #2463, #5136 ) ;
#1527 = CARTESIAN_POINT ( 'NONE',  ( 0.4999999999999993339, -15.07469763858625811, 35.74488389006606326 ) ) ;
#1528 = DIRECTION ( 'NONE',  ( 1.000000000000000000, 1.239088197126290570E-16, 0.000000000000000000 ) ) ;
#1529 = ORIENTED_EDGE ( 'NONE', *, *, #5072, .F. ) ;
#1530 = ORIENTED_EDGE ( 'NONE', *, *, #1343, .T. ) ;
#1531 = CIRCLE ( 'NONE', #707, 0.8000000000000003775 ) ;
#1532 = EDGE_CURVE ( 'NONE', #2424, #3118, #1954, .T. ) ;
#1533 = DIRECTION ( 'NONE',  ( -1.000000000000000000, 0.000000000000000000, -0.000000000000000000 ) ) ;
#1534 = CARTESIAN_POINT ( 'NONE',  ( 0.9999999999999995559, -7.299999999999998934, 15.34168760482228500 ) ) ;
#1535 = AXIS2_PLACEMENT_3D ( 'NONE', #1165, #4982, #680 ) ;
#1536 = CYLINDRICAL_SURFACE ( 'NONE', #2549, 0.7999999999999951594 ) ;
#1537 = ORIENTED_EDGE ( 'NONE', *, *, #4825, .T. ) ;
#1538 = ORIENTED_EDGE ( 'NONE', *, *, #3352, .F. ) ;
#1539 = VECTOR ( 'NONE', #5338, 1000.000000000000000 ) ;
#1540 = FACE_OUTER_BOUND ( 'NONE', #1614, .T. ) ;
#1541 = ORIENTED_EDGE ( 'NONE', *, *, #3930, .F. ) ;
#1542 = DIRECTION ( 'NONE',  ( -1.000000000000000000, -1.239088197126290324E-16, 2.160786715520886256E-32 ) ) ;
#1543 = ORIENTED_EDGE ( 'NONE', *, *, #3458, .T. ) ;
#1544 = ORIENTED_EDGE ( 'NONE', *, *, #4228, .F. ) ;
#1545 = DIRECTION ( 'NONE',  ( -1.000000000000000000, -1.239088197126290570E-16, 0.000000000000000000 ) ) ;
#1546 = DIRECTION ( 'NONE',  ( 1.000000000000000000, 3.252606517456513918E-17, -5.129429894497256509E-33 ) ) ;
#1547 = DIRECTION ( 'NONE',  ( -8.425613936988278739E-17, 0.6570453101161651821, 0.7538510863919691829 ) ) ;
#1548 = DIRECTION ( 'NONE',  ( -1.000000000000000000, -3.469446951953611107E-17, 0.000000000000000000 ) ) ;
#1549 = ORIENTED_EDGE ( 'NONE', *, *, #2460, .T. ) ;
#1550 = VERTEX_POINT ( 'NONE', #4202 ) ;
#1551 = DIRECTION ( 'NONE',  ( 1.000000000000000000, 0.000000000000000000, 0.000000000000000000 ) ) ;
#1552 = DIRECTION ( 'NONE',  ( 0.000000000000000000, 0.000000000000000000, -1.000000000000000000 ) ) ;
#1553 = AXIS2_PLACEMENT_3D ( 'NONE', #4637, #2425, #4150 ) ;
#1554 = EDGE_CURVE ( 'NONE', #4008, #2561, #5095, .T. ) ;
#1555 = CARTESIAN_POINT ( 'NONE',  ( 0.000000000000000000, 3.100000000000000089, -34.00000000000000000 ) ) ;
#1556 = EDGE_CURVE ( 'NONE', #4089, #441, #1991, .T. ) ;
#1557 = ORIENTED_EDGE ( 'NONE', *, *, #828, .T. ) ;
#1558 = ORIENTED_EDGE ( 'NONE', *, *, #5585, .F. ) ;
#1559 = CARTESIAN_POINT ( 'NONE',  ( 0.5000000000000009992, -10.95018283449971719, 59.65831239517768836 ) ) ;
#1560 = DIRECTION ( 'NONE',  ( 0.000000000000000000, 0.000000000000000000, -1.000000000000000000 ) ) ;
#1561 = CARTESIAN_POINT ( 'NONE',  ( 0.000000000000000000, -18.99999999999999645, -43.00000000000000000 ) ) ;
#1562 = DIRECTION ( 'NONE',  ( 0.000000000000000000, 0.000000000000000000, 1.000000000000000000 ) ) ;
#1563 = EDGE_CURVE ( 'NONE', #1564, #4824, #57, .T. ) ;
#1564 = VERTEX_POINT ( 'NONE', #1221 ) ;
#1565 = ORIENTED_EDGE ( 'NONE', *, *, #4752, .F. ) ;
#1566 = DIRECTION ( 'NONE',  ( -1.000000000000000000, -1.239088197126290570E-16, 0.000000000000000000 ) ) ;
#1567 = LINE ( 'NONE', #5037, #1299 ) ;
#1568 = CARTESIAN_POINT ( 'NONE',  ( 4.000000000000000000, -11.65374246116384960, 43.51643879716585417 ) ) ;
#1569 = EDGE_CURVE ( 'NONE', #2629, #771, #2474, .T. ) ;
#1570 = VERTEX_POINT ( 'NONE', #2538 ) ;
#1571 = CARTESIAN_POINT ( 'NONE',  ( 0.4999999999999978351, -3.499999999999999556, 4.000000000000003553 ) ) ;
#1572 = ORIENTED_EDGE ( 'NONE', *, *, #2361, .T. ) ;
#1573 = CARTESIAN_POINT ( 'NONE',  ( 1.000000000000000000, -18.08243860895744604, 22.72955660195331618 ) ) ;
#1574 = CARTESIAN_POINT ( 'NONE',  ( 7.002000000000005109, -8.690625412120517979, 15.06732385291521759 ) ) ;
#1575 = LINE ( 'NONE', #4669, #3324 ) ;
#1576 = VERTEX_POINT ( 'NONE', #3366 ) ;
#1577 = CARTESIAN_POINT ( 'NONE',  ( 6.225000000000000533, 4.000000000000000000, 99.53303044828378177 ) ) ;
#1578 = CARTESIAN_POINT ( 'NONE',  ( 7.002000000000005997, -18.08243860895744604, 22.72955660195331618 ) ) ;
#1579 = CIRCLE ( 'NONE', #1486, 3.999999999999998224 ) ;
#1580 = CARTESIAN_POINT ( 'NONE',  ( 2.724999999999999201, -20.99999999999999645, -31.59999999999999787 ) ) ;
#1581 = ORIENTED_EDGE ( 'NONE', *, *, #4440, .T. ) ;
#1582 = EDGE_LOOP ( 'NONE', ( #2763, #2248, #653, #2130 ) ) ;
#1583 = AXIS2_PLACEMENT_3D ( 'NONE', #3576, #2728, #963 ) ;
#1584 = DIRECTION ( 'NONE',  ( 0.000000000000000000, -1.000000000000000000, 0.000000000000000000 ) ) ;
#1585 = ADVANCED_FACE ( 'NONE', ( #4175 ), #2448, .F. ) ;
#1586 = DIRECTION ( 'NONE',  ( 1.000000000000000000, 1.239088197126290570E-16, -0.000000000000000000 ) ) ;
#1587 = ADVANCED_FACE ( 'NONE', ( #3285 ), #2018, .T. ) ;
#1588 = CARTESIAN_POINT ( 'NONE',  ( -4.501000000000007439, -17.00000000000000000, -13.25000000000000178 ) ) ;
#1589 = AXIS2_PLACEMENT_3D ( 'NONE', #4600, #1952, #3744 ) ;
#1590 = DIRECTION ( 'NONE',  ( -1.000000000000000000, -3.252606517456513918E-17, -0.000000000000000000 ) ) ;
#1591 = VERTEX_POINT ( 'NONE', #2047 ) ;
#1592 = ORIENTED_EDGE ( 'NONE', *, *, #478, .T. ) ;
#1593 = AXIS2_PLACEMENT_3D ( 'NONE', #1027, #658, #2768 ) ;
#1594 = VECTOR ( 'NONE', #271, 1000.000000000000000 ) ;
#1595 = VECTOR ( 'NONE', #3912, 1000.000000000000000 ) ;
#1596 = EDGE_CURVE ( 'NONE', #183, #1749, #3787, .T. ) ;
#1597 = DIRECTION ( 'NONE',  ( 0.000000000000000000, 0.8917953516752835652, -0.4524390022205836415 ) ) ;
#1598 = VERTEX_POINT ( 'NONE', #507 ) ;
#1599 = CARTESIAN_POINT ( 'NONE',  ( 0.5000000000000004441, -19.00000000000000355, 64.13639844763217468 ) ) ;
#1600 = ORIENTED_EDGE ( 'NONE', *, *, #2201, .F. ) ;
#1601 = DIRECTION ( 'NONE',  ( 0.000000000000000000, 1.000000000000000000, 0.000000000000000000 ) ) ;
#1602 = AXIS2_PLACEMENT_3D ( 'NONE', #5344, #5287, #1015 ) ;
#1603 = ORIENTED_EDGE ( 'NONE', *, *, #964, .F. ) ;
#1604 = VECTOR ( 'NONE', #1395, 1000.000000000000000 ) ;
#1605 = CARTESIAN_POINT ( 'NONE',  ( 7.000000000000000000, -17.00000000000000000, -13.25000000000000178 ) ) ;
#1606 = EDGE_CURVE ( 'NONE', #3148, #892, #4781, .T. ) ;
#1607 = CARTESIAN_POINT ( 'NONE',  ( 1.000000000000000000, -8.318665654899099593, 17.01605135672935631 ) ) ;
#1608 = DIRECTION ( 'NONE',  ( -1.000000000000000000, 0.000000000000000000, 0.000000000000000000 ) ) ;
#1609 = ORIENTED_EDGE ( 'NONE', *, *, #425, .F. ) ;
#1610 = VERTEX_POINT ( 'NONE', #3084 ) ;
#1611 = LINE ( 'NONE', #1151, #4132 ) ;
#1612 = FACE_OUTER_BOUND ( 'NONE', #5419, .T. ) ;
#1613 = FACE_OUTER_BOUND ( 'NONE', #995, .T. ) ;
#1614 = EDGE_LOOP ( 'NONE', ( #3308, #4247, #2895, #4670, #3741, #1101, #957, #1053, #1287, #2060, #2502, #371 ) ) ;
#1615 = EDGE_LOOP ( 'NONE', ( #5609, #4784, #4625, #2897 ) ) ;
#1616 = DIRECTION ( 'NONE',  ( 0.000000000000000000, 1.000000000000000000, 0.000000000000000000 ) ) ;
#1617 = FACE_OUTER_BOUND ( 'NONE', #1793, .T. ) ;
#1618 = CARTESIAN_POINT ( 'NONE',  ( 0.5000000000000005551, -18.12982544119416772, 55.54168760482228606 ) ) ;
#1619 = CARTESIAN_POINT ( 'NONE',  ( 1.000000000000000000, -18.33673903370881320, 4.000000000000002665 ) ) ;
#1620 = ORIENTED_EDGE ( 'NONE', *, *, #3513, .T. ) ;
#1621 = EDGE_CURVE ( 'NONE', #523, #1995, #5144, .T. ) ;
#1622 = ORIENTED_EDGE ( 'NONE', *, *, #4029, .T. ) ;
#1623 = VECTOR ( 'NONE', #3212, 1000.000000000000000 ) ;
#1624 = CARTESIAN_POINT ( 'NONE',  ( 4.000000000000000000, -16.24861579036490511, 53.34168760482229033 ) ) ;
#1625 = FACE_OUTER_BOUND ( 'NONE', #5238, .T. ) ;
#1626 = LINE ( 'NONE', #739, #985 ) ;
#1627 = ORIENTED_EDGE ( 'NONE', *, *, #2430, .F. ) ;
#1628 = LINE ( 'NONE', #3792, #4405 ) ;
#1629 = EDGE_CURVE ( 'NONE', #1217, #4151, #593, .T. ) ;
#1630 = CIRCLE ( 'NONE', #447, 0.8000000000000003775 ) ;
#1631 = ORIENTED_EDGE ( 'NONE', *, *, #828, .F. ) ;
#1632 = ADVANCED_FACE ( 'NONE', ( #5205 ), #432, .T. ) ;
#1633 = PLANE ( 'NONE',  #730 ) ;
#1634 = DIRECTION ( 'NONE',  ( -1.000000000000000000, -1.239088197126290570E-16, 0.000000000000000000 ) ) ;
#1635 = LINE ( 'NONE', #3264, #773 ) ;
#1636 = VERTEX_POINT ( 'NONE', #5184 ) ;
#1637 = EDGE_CURVE ( 'NONE', #2838, #3511, #4809, .T. ) ;
#1638 = ORIENTED_EDGE ( 'NONE', *, *, #151, .F. ) ;
#1639 = CARTESIAN_POINT ( 'NONE',  ( 0.5000000000000017764, -17.32982544119416701, 56.34168760482229033 ) ) ;
#1640 = CARTESIAN_POINT ( 'NONE',  ( 2.724999999999999201, -15.99999999999999289, -43.00000000000000000 ) ) ;
#1641 = CARTESIAN_POINT ( 'NONE',  ( 0.4999999999999981681, -6.499999999999999112, 27.71223167968819823 ) ) ;
#1642 = ADVANCED_FACE ( 'NONE', ( #64 ), #2619, .T. ) ;
#1643 = ORIENTED_EDGE ( 'NONE', *, *, #4716, .F. ) ;
#1644 = EDGE_LOOP ( 'NONE', ( #4355, #296, #2432, #764, #3184, #3026 ) ) ;
#1645 = LINE ( 'NONE', #393, #5324 ) ;
#1646 = VECTOR ( 'NONE', #5524, 1000.000000000000000 ) ;
#1647 = CARTESIAN_POINT ( 'NONE',  ( 7.002000000000005109, -12.46362969077260630, 35.01026416338211078 ) ) ;
#1648 = DIRECTION ( 'NONE',  ( 1.000000000000000000, 3.252606517456513918E-17, -0.000000000000000000 ) ) ;
#1649 = DIRECTION ( 'NONE',  ( -1.000000000000000000, -1.239088197126290570E-16, 0.000000000000000000 ) ) ;
#1650 = EDGE_LOOP ( 'NONE', ( #5114, #4836, #3131, #5510 ) ) ;
#1651 = ORIENTED_EDGE ( 'NONE', *, *, #3172, .T. ) ;
#1652 = DIRECTION ( 'NONE',  ( -1.000000000000000000, -3.252606517456513918E-17, 5.129429894497256509E-33 ) ) ;
#1653 = CARTESIAN_POINT ( 'NONE',  ( 7.000000000000000000, 6.500000000000000000, -29.19999999999999929 ) ) ;
#1654 = CARTESIAN_POINT ( 'NONE',  ( 4.000000000000000000, -16.57825347598732790, 4.800000000000004263 ) ) ;
#1655 = DIRECTION ( 'NONE',  ( 0.000000000000000000, 0.000000000000000000, 1.000000000000000000 ) ) ;
#1656 = ORIENTED_EDGE ( 'NONE', *, *, #3710, .T. ) ;
#1657 = CARTESIAN_POINT ( 'NONE',  ( 0.4999999999999996669, -18.12982544119417128, 22.45831239517770328 ) ) ;
#1658 = ORIENTED_EDGE ( 'NONE', *, *, #5111, .F. ) ;
#1659 = DIRECTION ( 'NONE',  ( -1.000000000000000000, 0.000000000000000000, 0.000000000000000000 ) ) ;
#1660 = FACE_OUTER_BOUND ( 'NONE', #2123, .T. ) ;
#1661 = EDGE_CURVE ( 'NONE', #2810, #641, #2183, .T. ) ;
#1662 = EDGE_CURVE ( 'NONE', #3799, #2623, #2238, .T. ) ;
#1663 = DIRECTION ( 'NONE',  ( 0.000000000000000000, 1.000000000000000000, 0.000000000000000000 ) ) ;
#1664 = EDGE_LOOP ( 'NONE', ( #4349, #2622, #3169, #1951, #4412, #1229 ) ) ;
#1665 = ORIENTED_EDGE ( 'NONE', *, *, #609, .T. ) ;
#1666 = DIRECTION ( 'NONE',  ( 1.000000000000000000, 3.252606517456513918E-17, -0.000000000000000000 ) ) ;
#1667 = EDGE_CURVE ( 'NONE', #1610, #5439, #4748, .T. ) ;
#1668 = DIRECTION ( 'NONE',  ( -1.000000000000000000, -3.252606517456513918E-17, -0.000000000000000000 ) ) ;
#1669 = DIRECTION ( 'NONE',  ( 0.000000000000000000, 0.000000000000000000, 1.000000000000000000 ) ) ;
#1670 = EDGE_LOOP ( 'NONE', ( #3081, #2574, #4657, #3605 ) ) ;
#1671 = CARTESIAN_POINT ( 'NONE',  ( 1.000000000000000888, -7.299999999999999822, 65.20000000000000284 ) ) ;
#1672 = VECTOR ( 'NONE', #3456, 1000.000000000000000 ) ;
#1673 = DIRECTION ( 'NONE',  ( -1.000000000000000000, -3.129951135296190967E-17, 0.000000000000000000 ) ) ;
#1674 = ADVANCED_FACE ( 'NONE', ( #3052 ), #8, .T. ) ;
#1675 = CARTESIAN_POINT ( 'NONE',  ( -64.14711903867025455, -14.54981716550030413, 65.20000000000000284 ) ) ;
#1676 = CARTESIAN_POINT ( 'NONE',  ( 7.002000000000006885, -18.20000000000000284, 50.28776832031181243 ) ) ;
#1677 = ORIENTED_EDGE ( 'NONE', *, *, #5449, .F. ) ;
#1678 = VECTOR ( 'NONE', #5233, 1000.000000000000000 ) ;
#1679 = ORIENTED_EDGE ( 'NONE', *, *, #3208, .F. ) ;
#1680 = CARTESIAN_POINT ( 'NONE',  ( 1.000000000000000000, -8.170174558805832987, 55.54168760482228606 ) ) ;
#1681 = CYLINDRICAL_SURFACE ( 'NONE', #5053, 0.8000000000000003775 ) ;
#1682 = AXIS2_PLACEMENT_3D ( 'NONE', #794, #424, #2151 ) ;
#1683 = VECTOR ( 'NONE', #1063, 1000.000000000000000 ) ;
#1684 = CARTESIAN_POINT ( 'NONE',  ( 5.000000000000000000, 0.000000000000000000, -20.00000000000000000 ) ) ;
#1685 = CARTESIAN_POINT ( 'NONE',  ( 0.5000000000000004441, -10.95018283449971719, 60.45831239517769262 ) ) ;
#1686 = ORIENTED_EDGE ( 'NONE', *, *, #2400, .F. ) ;
#1687 = ORIENTED_EDGE ( 'NONE', *, *, #1036, .F. ) ;
#1688 = CIRCLE ( 'NONE', #2406, 0.8000000000000003775 ) ;
#1689 = AXIS2_PLACEMENT_3D ( 'NONE', #106, #3122, #490 ) ;
#1690 = CARTESIAN_POINT ( 'NONE',  ( -63.03173803727769808, -6.500000000000001776, 27.71223167968818046 ) ) ;
#1691 = CIRCLE ( 'NONE', #1602, 0.7999999999999986011 ) ;
#1692 = VECTOR ( 'NONE', #2861, 1000.000000000000000 ) ;
#1693 = VECTOR ( 'NONE', #1250, 1000.000000000000000 ) ;
#1694 = DIRECTION ( 'NONE',  ( -1.000000000000000000, -1.239088197126290570E-16, 0.000000000000000000 ) ) ;
#1695 = ORIENTED_EDGE ( 'NONE', *, *, #5384, .T. ) ;
#1696 = VECTOR ( 'NONE', #2771, 1000.000000000000000 ) ;
#1697 = ORIENTED_EDGE ( 'NONE', *, *, #4678, .T. ) ;
#1698 = CIRCLE ( 'NONE', #2142, 0.7999999999999986011 ) ;
#1699 = VECTOR ( 'NONE', #2259, 1000.000000000000000 ) ;
#1700 = CARTESIAN_POINT ( 'NONE',  ( 4.000000000000000000, -11.65374246116385137, 34.48356120283414583 ) ) ;
#1701 = LINE ( 'NONE', #363, #677 ) ;
#1702 = CARTESIAN_POINT ( 'NONE',  ( 31.65336144876025770, -1.644164868785977118, 75.00000000000000000 ) ) ;
#1703 = EDGE_CURVE ( 'NONE', #1018, #4411, #3109, .T. ) ;
#1704 = ORIENTED_EDGE ( 'NONE', *, *, #4898, .T. ) ;
#1705 = EDGE_CURVE ( 'NONE', #3628, #4514, #1502, .T. ) ;
#1706 = CARTESIAN_POINT ( 'NONE',  ( 4.225000000000000533, -14.49999999999999645, -26.35000000000000142 ) ) ;
#1707 = CARTESIAN_POINT ( 'NONE',  ( 0.4999999999999990563, -12.75000000000000000, 39.00000000000000000 ) ) ;
#1708 = CARTESIAN_POINT ( 'NONE',  ( 5.000000000000000888, -2.909747292418774389, 58.19777115052580996 ) ) ;
#1709 = DIRECTION ( 'NONE',  ( 1.000000000000000000, 1.239088197126290570E-16, -4.573417855559660030E-33 ) ) ;
#1710 = ORIENTED_EDGE ( 'NONE', *, *, #797, .F. ) ;
#1711 = ORIENTED_EDGE ( 'NONE', *, *, #2488, .F. ) ;
#1712 = EDGE_CURVE ( 'NONE', #1385, #229, #1790, .T. ) ;
#1713 = FACE_OUTER_BOUND ( 'NONE', #2051, .T. ) ;
#1714 = DIRECTION ( 'NONE',  ( -1.000000000000000000, 6.505213034913025371E-17, 0.000000000000000000 ) ) ;
#1715 = DIRECTION ( 'NONE',  ( 1.000000000000000000, -0.000000000000000000, -0.000000000000000000 ) ) ;
#1716 = ORIENTED_EDGE ( 'NONE', *, *, #5585, .T. ) ;
#1717 = VERTEX_POINT ( 'NONE', #3923 ) ;
#1718 = CARTESIAN_POINT ( 'NONE',  ( 0.9999999999999993339, 1.494263266912956523, 67.00000000000000000 ) ) ;
#1719 = CIRCLE ( 'NONE', #5532, 0.8000000000000003775 ) ;
#1720 = CARTESIAN_POINT ( 'NONE',  ( 7.002000000000005109, -9.960362833696484230, 42.90613933192072693 ) ) ;
#1721 = EDGE_LOOP ( 'NONE', ( #5330, #5127, #2365, #4626 ) ) ;
#1722 = CIRCLE ( 'NONE', #2632, 0.7999999999999986011 ) ;
#1723 = CARTESIAN_POINT ( 'NONE',  ( 0.5000000000000006661, -8.170174558805832987, 21.65831239517770612 ) ) ;
#1724 = FACE_OUTER_BOUND ( 'NONE', #2650, .T. ) ;
#1725 = DIRECTION ( 'NONE',  ( -1.000000000000000000, -3.469446951953611107E-17, 0.000000000000000000 ) ) ;
#1726 = ORIENTED_EDGE ( 'NONE', *, *, #2839, .T. ) ;
#1727 = CARTESIAN_POINT ( 'NONE',  ( 4.000000000000000000, -17.18133434510090396, 5.325636248092934899 ) ) ;
#1728 = DIRECTION ( 'NONE',  ( 1.000000000000000000, 1.239088197126290570E-16, -0.000000000000000000 ) ) ;
#1729 = ADVANCED_FACE ( 'NONE', ( #1363, #32, #1758, #3497 ), #5234, .F. ) ;
#1730 = ADVANCED_FACE ( 'NONE', ( #2669 ), #1681, .F. ) ;
#1731 = LINE ( 'NONE', #1619, #1445 ) ;
#1732 = ORIENTED_EDGE ( 'NONE', *, *, #964, .T. ) ;
#1733 = ORIENTED_EDGE ( 'NONE', *, *, #172, .T. ) ;
#1734 = CARTESIAN_POINT ( 'NONE',  ( 0.4999999999999978351, -3.499999999999999556, 67.00000000000000000 ) ) ;
#1735 = CARTESIAN_POINT ( 'NONE',  ( 5.000000000000000000, 3.999999999999998224, 62.50000000000000000 ) ) ;
#1736 = ADVANCED_FACE ( 'NONE', ( #4861 ), #4454, .F. ) ;
#1737 = DIRECTION ( 'NONE',  ( 1.000000000000000000, 0.000000000000000000, -0.000000000000000000 ) ) ;
#1738 = DIRECTION ( 'NONE',  ( 0.000000000000000000, -1.000000000000000000, 0.000000000000000000 ) ) ;
#1739 = VERTEX_POINT ( 'NONE', #3977 ) ;
#1740 = VERTEX_POINT ( 'NONE', #115 ) ;
#1741 = LINE ( 'NONE', #2163, #4208 ) ;
#1742 = FACE_BOUND ( 'NONE', #679, .T. ) ;
#1743 = EDGE_CURVE ( 'NONE', #5222, #5182, #3577, .T. ) ;
#1744 = CARTESIAN_POINT ( 'NONE',  ( 7.002000000000005109, -13.09364437107287316, 43.78768300394146706 ) ) ;
#1745 = ORIENTED_EDGE ( 'NONE', *, *, #4191, .T. ) ;
#1746 = ORIENTED_EDGE ( 'NONE', *, *, #4609, .F. ) ;
#1747 = DIRECTION ( 'NONE',  ( -1.165692616471626958E-16, 0.9407664597040923393, 0.3390552584695133431 ) ) ;
#1748 = CARTESIAN_POINT ( 'NONE',  ( 1.225000000000000089, -10.99999999999999822, -24.20000000000000639 ) ) ;
#1749 = VERTEX_POINT ( 'NONE', #2788 ) ;
#1750 = CARTESIAN_POINT ( 'NONE',  ( 7.002000000000004221, -9.536057466139306271, 25.65831239517770612 ) ) ;
#1751 = DIRECTION ( 'NONE',  ( -2.496518160328463930E-17, 2.282530889443167022E-16, -1.000000000000000000 ) ) ;
#1752 = CARTESIAN_POINT ( 'NONE',  ( -63.03173803727769808, -6.500000000000001776, 4.000000000000000000 ) ) ;
#1753 = ORIENTED_EDGE ( 'NONE', *, *, #4838, .F. ) ;
#1754 = ORIENTED_EDGE ( 'NONE', *, *, #4823, .T. ) ;
#1755 = ADVANCED_FACE ( 'NONE', ( #4426 ), #991, .F. ) ;
#1756 = EDGE_CURVE ( 'NONE', #3139, #5366, #1043, .T. ) ;
#1757 = DIRECTION ( 'NONE',  ( -1.000000000000000000, -3.252606517456513918E-17, 0.000000000000000000 ) ) ;
#1758 = FACE_BOUND ( 'NONE', #1935, .T. ) ;
#1759 = CARTESIAN_POINT ( 'NONE',  ( -63.03173803727769808, -6.500000000000001776, 61.52191394754551368 ) ) ;
#1760 = VECTOR ( 'NONE', #2590, 1000.000000000000000 ) ;
#1761 = DIRECTION ( 'NONE',  ( 0.000000000000000000, 1.000000000000000000, 0.000000000000000000 ) ) ;
#1762 = VERTEX_POINT ( 'NONE', #4005 ) ;
#1763 = VERTEX_POINT ( 'NONE', #4511 ) ;
#1764 = EDGE_CURVE ( 'NONE', #5308, #322, #1691, .T. ) ;
#1765 = EDGE_CURVE ( 'NONE', #1763, #344, #1320, .T. ) ;
#1766 = AXIS2_PLACEMENT_3D ( 'NONE', #1803, #3539, #2305 ) ;
#1767 = DIRECTION ( 'NONE',  ( -1.000000000000000000, -3.252606517456514535E-17, -4.636167053988475974E-17 ) ) ;
#1768 = VECTOR ( 'NONE', #1940, 1000.000000000000000 ) ;
#1769 = DIRECTION ( 'NONE',  ( 0.000000000000000000, 0.000000000000000000, 1.000000000000000000 ) ) ;
#1770 = ORIENTED_EDGE ( 'NONE', *, *, #3202, .F. ) ;
#1771 = AXIS2_PLACEMENT_3D ( 'NONE', #5212, #1311, #2246 ) ;
#1772 = ORIENTED_EDGE ( 'NONE', *, *, #1491, .F. ) ;
#1773 = AXIS2_PLACEMENT_3D ( 'NONE', #164, #4023, #2260 ) ;
#1774 = EDGE_CURVE ( 'NONE', #714, #2071, #1875, .T. ) ;
#1775 = FACE_OUTER_BOUND ( 'NONE', #3549, .T. ) ;
#1776 = VECTOR ( 'NONE', #4320, 1000.000000000000000 ) ;
#1777 = VECTOR ( 'NONE', #5546, 1000.000000000000000 ) ;
#1778 = PLANE ( 'NONE',  #4403 ) ;
#1779 = SHAPE_DEFINITION_REPRESENTATION ( #2950, #4250 ) ;
#1780 = AXIS2_PLACEMENT_3D ( 'NONE', #645, #1389, #1817 ) ;
#1781 = ORIENTED_EDGE ( 'NONE', *, *, #2257, .T. ) ;
#1782 = AXIS2_PLACEMENT_3D ( 'NONE', #5151, #3387, #1156 ) ;
#1783 = CARTESIAN_POINT ( 'NONE',  ( 5.000000000000000000, 3.100000000000000089, -34.00000000000000000 ) ) ;
#1784 = DIRECTION ( 'NONE',  ( 0.000000000000000000, -1.000000000000000000, 0.000000000000000000 ) ) ;
#1785 = VECTOR ( 'NONE', #2482, 1000.000000000000114 ) ;
#1786 = FACE_OUTER_BOUND ( 'NONE', #4002, .T. ) ;
#1787 = VERTEX_POINT ( 'NONE', #4478 ) ;
#1788 = ORIENTED_EDGE ( 'NONE', *, *, #1797, .T. ) ;
#1789 = LINE ( 'NONE', #4724, #4573 ) ;
#1790 = LINE ( 'NONE', #4346, #5590 ) ;
#1791 = DIRECTION ( 'NONE',  ( 1.000000000000000000, 3.469446951953611107E-17, -0.000000000000000000 ) ) ;
#1792 = CARTESIAN_POINT ( 'NONE',  ( 0.4999999999999990563, -12.75000000000000000, 40.47468587349739266 ) ) ;
#1793 = EDGE_LOOP ( 'NONE', ( #2296, #2399, #700, #605 ) ) ;
#1794 = ORIENTED_EDGE ( 'NONE', *, *, #5462, .T. ) ;
#1795 = CARTESIAN_POINT ( 'NONE',  ( 0.9999999999999997780, -15.50000000000000178, 64.00000000000000000 ) ) ;
#1796 = CYLINDRICAL_SURFACE ( 'NONE', #1771, 0.8000000000000020428 ) ;
#1797 = EDGE_CURVE ( 'NONE', #294, #2449, #683, .T. ) ;
#1798 = CARTESIAN_POINT ( 'NONE',  ( 0.4999999999999987232, -9.960362833696484230, 35.09386066807927307 ) ) ;
#1799 = EDGE_CURVE ( 'NONE', #785, #3813, #2045, .T. ) ;
#1800 = VERTEX_POINT ( 'NONE', #5394 ) ;
#1801 = VERTEX_POINT ( 'NONE', #615 ) ;
#1802 = CARTESIAN_POINT ( 'NONE',  ( 0.5000000000000000000, -22.49999999999998934, -24.20000000000000639 ) ) ;
#1803 = CARTESIAN_POINT ( 'NONE',  ( 3.500000000000000444, -15.99999999999998934, -18.00000000000000711 ) ) ;
#1804 = LINE ( 'NONE', #979, #5317 ) ;
#1805 = CARTESIAN_POINT ( 'NONE',  ( 4.000000000000000000, -17.44738683223673092, 27.44098747291256402 ) ) ;
#1806 = ADVANCED_FACE ( 'NONE', ( #4059 ), #1470, .F. ) ;
#1807 = ORIENTED_EDGE ( 'NONE', *, *, #4228, .T. ) ;
#1808 = AXIS2_PLACEMENT_3D ( 'NONE', #2703, #5262, #4893 ) ;
#1809 = DIRECTION ( 'NONE',  ( 1.000000000000000000, 3.129951135296190967E-17, -0.000000000000000000 ) ) ;
#1810 = DIRECTION ( 'NONE',  ( 0.000000000000000000, 3.690901012716612129E-16, -1.000000000000000000 ) ) ;
#1811 = AXIS2_PLACEMENT_3D ( 'NONE', #2615, #137, #2199 ) ;
#1812 = EDGE_CURVE ( 'NONE', #2848, #1095, #1901, .T. ) ;
#1813 = DIRECTION ( 'NONE',  ( -0.000000000000000000, 0.000000000000000000, -1.000000000000000000 ) ) ;
#1814 = ORIENTED_EDGE ( 'NONE', *, *, #5483, .F. ) ;
#1815 = ORIENTED_EDGE ( 'NONE', *, *, #3475, .F. ) ;
#1816 = DIRECTION ( 'NONE',  ( 0.000000000000000000, -1.000000000000000000, -2.168404344971010594E-16 ) ) ;
#1817 = DIRECTION ( 'NONE',  ( 0.000000000000000000, -1.000000000000000000, -2.168404344971010594E-16 ) ) ;
#1818 = LINE ( 'NONE', #1792, #5258 ) ;
#1819 = VERTEX_POINT ( 'NONE', #3216 ) ;
#1820 = ORIENTED_EDGE ( 'NONE', *, *, #4083, .T. ) ;
#1821 = CARTESIAN_POINT ( 'NONE',  ( 4.000000000000000000, -10.76036283369648494, 35.09386066807927307 ) ) ;
#1822 = DIRECTION ( 'NONE',  ( 0.000000000000000000, 0.000000000000000000, 1.000000000000000000 ) ) ;
#1823 = CARTESIAN_POINT ( 'NONE',  ( 7.000000000000000000, -14.00000000000000355, 39.00000000000000000 ) ) ;
#1824 = ORIENTED_EDGE ( 'NONE', *, *, #4723, .F. ) ;
#1825 = ORIENTED_EDGE ( 'NONE', *, *, #1774, .T. ) ;
#1826 = EDGE_CURVE ( 'NONE', #4649, #3403, #4891, .T. ) ;
#1827 = CARTESIAN_POINT ( 'NONE',  ( 4.000000000000000000, -5.299999999999998934, -19.20000000000000639 ) ) ;
#1828 = EDGE_CURVE ( 'NONE', #2681, #1636, #1420, .T. ) ;
#1829 = DIRECTION ( 'NONE',  ( 0.000000000000000000, 0.000000000000000000, -1.000000000000000000 ) ) ;
#1830 = CARTESIAN_POINT ( 'NONE',  ( 7.000000000000000000, -13.99999999999999822, -19.59999999999999787 ) ) ;
#1831 = LINE ( 'NONE', #3646, #1239 ) ;
#1832 = EDGE_LOOP ( 'NONE', ( #410, #3307, #4190, #4482, #2389, #3157, #2322, #2923, #4423, #1815, #403 ) ) ;
#1833 = FACE_OUTER_BOUND ( 'NONE', #4113, .T. ) ;
#1834 = EDGE_CURVE ( 'NONE', #440, #620, #3133, .T. ) ;
#1835 = LINE ( 'NONE', #5304, #495 ) ;
#1836 = CARTESIAN_POINT ( 'NONE',  ( 7.002000000000005997, -16.57825347598732790, 4.800000000000004263 ) ) ;
#1837 = VERTEX_POINT ( 'NONE', #1070 ) ;
#1838 = CIRCLE ( 'NONE', #1474, 0.8000000000000003775 ) ;
#1839 = ORIENTED_EDGE ( 'NONE', *, *, #3713, .T. ) ;
#1840 = ADVANCED_FACE ( 'NONE', ( #2814 ), #4538, .F. ) ;
#1841 = LINE ( 'NONE', #2701, #3135 ) ;
#1842 = CARTESIAN_POINT ( 'NONE',  ( 1.999999999999999112, -0.5000000000000065503, 62.50000000000000000 ) ) ;
#1843 = CARTESIAN_POINT ( 'NONE',  ( 7.000000000000000000, -15.99999999999999289, -43.00000000000000000 ) ) ;
#1844 = ORIENTED_EDGE ( 'NONE', *, *, #2172, .T. ) ;
#1845 = VECTOR ( 'NONE', #4147, 1000.000000000000000 ) ;
#1846 = ORIENTED_EDGE ( 'NONE', *, *, #642, .F. ) ;
#1847 = CARTESIAN_POINT ( 'NONE',  ( 4.000000000000000000, -16.90470899356478895, 25.99736765364722046 ) ) ;
#1848 = FACE_OUTER_BOUND ( 'NONE', #1582, .T. ) ;
#1849 = CARTESIAN_POINT ( 'NONE',  ( 1.000000000000000000, -7.299999999999998934, 61.52191394754550657 ) ) ;
#1850 = EDGE_LOOP ( 'NONE', ( #4026, #2264 ) ) ;
#1851 = ORIENTED_EDGE ( 'NONE', *, *, #2143, .T. ) ;
#1852 = VECTOR ( 'NONE', #3899, 1000.000000000000000 ) ;
#1853 = CARTESIAN_POINT ( 'NONE',  ( 5.000000000000000000, -3.000000000000000000, -19.60000000000000497 ) ) ;
#1854 = FACE_OUTER_BOUND ( 'NONE', #3764, .T. ) ;
#1855 = DIRECTION ( 'NONE',  ( -1.000000000000000000, -3.252606517456514535E-17, 2.535569890667616456E-16 ) ) ;
#1856 = AXIS2_PLACEMENT_3D ( 'NONE', #1798, #2680, #999 ) ;
#1857 = CIRCLE ( 'NONE', #3141, 3.999999999999998224 ) ;
#1858 = DIRECTION ( 'NONE',  ( 1.000000000000000000, 1.239088197126290570E-16, 0.000000000000000000 ) ) ;
#1859 = EDGE_CURVE ( 'NONE', #3953, #330, #3876, .T. ) ;
#1860 = VERTEX_POINT ( 'NONE', #3360 ) ;
#1861 = AXIS2_PLACEMENT_3D ( 'NONE', #5578, #2518, #4273 ) ;
#1862 = CIRCLE ( 'NONE', #4585, 0.7999999999999986011 ) ;
#1863 = VECTOR ( 'NONE', #4963, 1000.000000000000000 ) ;
#1864 = CARTESIAN_POINT ( 'NONE',  ( 0.5000000000000004441, -19.00000000000000355, 4.000000000000002665 ) ) ;
#1865 = CARTESIAN_POINT ( 'NONE',  ( 7.002000000000006885, -18.20000000000000284, 50.28776832031181243 ) ) ;
#1866 = AXIS2_PLACEMENT_3D ( 'NONE', #3726, #5520, #2075 ) ;
#1867 = EDGE_CURVE ( 'NONE', #3258, #792, #2417, .T. ) ;
#1868 = CYLINDRICAL_SURFACE ( 'NONE', #2812, 0.7999999999999986011 ) ;
#1869 = VECTOR ( 'NONE', #338, 1000.000000000000000 ) ;
#1870 = EDGE_CURVE ( 'NONE', #706, #205, #5154, .T. ) ;
#1871 = VERTEX_POINT ( 'NONE', #342 ) ;
#1872 = ORIENTED_EDGE ( 'NONE', *, *, #4607, .F. ) ;
#1873 = AXIS2_PLACEMENT_3D ( 'NONE', #3552, #3780, #4654 ) ;
#1874 = FACE_OUTER_BOUND ( 'NONE', #2003, .T. ) ;
#1875 = LINE ( 'NONE', #5368, #4490 ) ;
#1876 = LINE ( 'NONE', #4455, #2447 ) ;
#1877 = EDGE_CURVE ( 'NONE', #4501, #4978, #2693, .T. ) ;
#1878 = VERTEX_POINT ( 'NONE', #2068 ) ;
#1879 = ORIENTED_EDGE ( 'NONE', *, *, #2765, .F. ) ;
#1880 =( NAMED_UNIT ( * ) SI_UNIT ( $, .STERADIAN. ) SOLID_ANGLE_UNIT ( ) );
#1881 = FACE_BOUND ( 'NONE', #3385, .T. ) ;
#1882 = LINE ( 'NONE', #4066, #2959 ) ;
#1883 = ORIENTED_EDGE ( 'NONE', *, *, #3665, .F. ) ;
#1884 = VERTEX_POINT ( 'NONE', #5003 ) ;
#1885 = CARTESIAN_POINT ( 'NONE',  ( 1.000000000000000000, -18.20000000000000639, 14.54168760482228606 ) ) ;
#1886 = DIRECTION ( 'NONE',  ( -0.000000000000000000, 0.000000000000000000, 1.000000000000000000 ) ) ;
#1887 = CARTESIAN_POINT ( 'NONE',  ( 4.000000000000000000, -19.00000000000000355, 14.54168760482228606 ) ) ;
#1888 = CARTESIAN_POINT ( 'NONE',  ( 0.9999999999999993339, -0.5000000000000065503, 67.00000000000000000 ) ) ;
#1889 = ORIENTED_EDGE ( 'NONE', *, *, #3305, .T. ) ;
#1890 = AXIS2_PLACEMENT_3D ( 'NONE', #5113, #1725, #1153 ) ;
#1891 = CYLINDRICAL_SURFACE ( 'NONE', #2689, 0.8000000000000003775 ) ;
#1892 = DIRECTION ( 'NONE',  ( 0.000000000000000000, -1.000000000000000000, 0.000000000000000000 ) ) ;
#1893 = CIRCLE ( 'NONE', #5082, 0.8000000000000003775 ) ;
#1894 = CARTESIAN_POINT ( 'NONE',  ( 4.000000000000000000, -8.536057466139308048, 25.65831239517770612 ) ) ;
#1895 = ORIENTED_EDGE ( 'NONE', *, *, #1308, .F. ) ;
#1896 = EDGE_LOOP ( 'NONE', ( #1302, #2745, #1190, #5137 ) ) ;
#1897 = EDGE_CURVE ( 'NONE', #422, #1878, #1123, .T. ) ;
#1898 = CIRCLE ( 'NONE', #624, 3.999999999999998224 ) ;
#1899 = DIRECTION ( 'NONE',  ( -1.239088197126290570E-16, 1.000000000000000000, -1.577021341797097560E-16 ) ) ;
#1900 = ADVANCED_FACE ( 'NONE', ( #5119 ), #1215, .F. ) ;
#1901 = LINE ( 'NONE', #2702, #4590 ) ;
#1902 = LINE ( 'NONE', #2414, #3278 ) ;
#1903 = VERTEX_POINT ( 'NONE', #1534 ) ;
#1904 = ORIENTED_EDGE ( 'NONE', *, *, #2568, .T. ) ;
#1905 = EDGE_CURVE ( 'NONE', #5487, #4356, #2842, .T. ) ;
#1906 = CARTESIAN_POINT ( 'NONE',  ( 0.4999999999999987232, -10.58823163272325196, 61.17174867651791459 ) ) ;
#1907 = DIRECTION ( 'NONE',  ( -1.000000000000000000, -3.252606517456513918E-17, 0.000000000000000000 ) ) ;
#1908 = ORIENTED_EDGE ( 'NONE', *, *, #3945, .F. ) ;
#1909 = EDGE_LOOP ( 'NONE', ( #1922, #132, #1814, #2491 ) ) ;
#1910 = VECTOR ( 'NONE', #4206, 1000.000000000000000 ) ;
#1911 = DIRECTION ( 'NONE',  ( -1.000000000000000000, -1.239088197126290570E-16, 0.000000000000000000 ) ) ;
#1912 = ADVANCED_FACE ( 'NONE', ( #1953 ), #1985, .F. ) ;
#1913 = DIRECTION ( 'NONE',  ( 0.000000000000000000, 1.000000000000000000, 0.000000000000000000 ) ) ;
#1914 = DIRECTION ( 'NONE',  ( -1.000000000000000000, -1.239088197126290570E-16, 0.000000000000000000 ) ) ;
#1915 = FACE_OUTER_BOUND ( 'NONE', #4938, .T. ) ;
#1916 = ORIENTED_EDGE ( 'NONE', *, *, #1972, .T. ) ;
#1917 = DIRECTION ( 'NONE',  ( -1.239088197126290570E-16, 1.000000000000000000, 0.000000000000000000 ) ) ;
#1918 = DIRECTION ( 'NONE',  ( -0.000000000000000000, -0.000000000000000000, -1.000000000000000000 ) ) ;
#1919 = CARTESIAN_POINT ( 'NONE',  ( 4.000000000000000000, -13.03637030922739370, 42.98973583661788211 ) ) ;
#1920 = CARTESIAN_POINT ( 'NONE',  ( 4.000000000000000000, -4.499999999999998224, -19.20000000000000639 ) ) ;
#1921 = ORIENTED_EDGE ( 'NONE', *, *, #569, .T. ) ;
#1922 = ORIENTED_EDGE ( 'NONE', *, *, #5482, .F. ) ;
#1923 = CARTESIAN_POINT ( 'NONE',  ( 0.4999999999999996669, -17.37825347598732506, 4.800000000000004263 ) ) ;
#1924 = CARTESIAN_POINT ( 'NONE',  ( 7.002000000000005997, -17.00122895812818058, 52.27044339804667317 ) ) ;
#1925 = CARTESIAN_POINT ( 'NONE',  ( 0.4999999999999990563, -12.75000000000000000, 39.00000000000000000 ) ) ;
#1926 = VERTEX_POINT ( 'NONE', #4566 ) ;
#1927 = ORIENTED_EDGE ( 'NONE', *, *, #3853, .F. ) ;
#1928 = EDGE_CURVE ( 'NONE', #5182, #881, #5413, .T. ) ;
#1929 = DIRECTION ( 'NONE',  ( -1.355252715606879803E-16, 1.000000000000000000, 0.000000000000000000 ) ) ;
#1930 = ORIENTED_EDGE ( 'NONE', *, *, #4391, .F. ) ;
#1931 = DIRECTION ( 'NONE',  ( -1.000000000000000000, -1.239088197126290570E-16, 0.000000000000000000 ) ) ;
#1932 = EDGE_LOOP ( 'NONE', ( #4192, #4597, #4634, #1039 ) ) ;
#1933 = LINE ( 'NONE', #3667, #1371 ) ;
#1934 = EDGE_CURVE ( 'NONE', #1391, #2008, #2442, .T. ) ;
#1935 = EDGE_LOOP ( 'NONE', ( #3771, #4888 ) ) ;
#1936 = ADVANCED_FACE ( 'NONE', ( #2379 ), #703, .T. ) ;
#1937 = DIRECTION ( 'NONE',  ( 0.000000000000000000, 1.000000000000000000, 0.000000000000000000 ) ) ;
#1938 = DIRECTION ( 'NONE',  ( 3.252606517456513918E-17, -1.000000000000000000, 0.000000000000000000 ) ) ;
#1939 = LINE ( 'NONE', #3816, #1863 ) ;
#1940 = DIRECTION ( 'NONE',  ( 0.000000000000000000, 0.000000000000000000, -1.000000000000000000 ) ) ;
#1941 = ADVANCED_FACE ( 'NONE', ( #2013 ), #3722, .F. ) ;
#1942 = ORIENTED_EDGE ( 'NONE', *, *, #2775, .T. ) ;
#1943 = FACE_OUTER_BOUND ( 'NONE', #3580, .T. ) ;
#1944 = AXIS2_PLACEMENT_3D ( 'NONE', #4905, #1056, #3619 ) ;
#1945 = DIRECTION ( 'NONE',  ( 0.000000000000000000, 0.000000000000000000, 1.000000000000000000 ) ) ;
#1946 = DIRECTION ( 'NONE',  ( 1.000000000000000000, 1.239088197126290570E-16, 0.000000000000000000 ) ) ;
#1947 = DIRECTION ( 'NONE',  ( 0.000000000000000000, 1.000000000000000000, 0.000000000000000000 ) ) ;
#1948 = ORIENTED_EDGE ( 'NONE', *, *, #5449, .T. ) ;
#1949 = VECTOR ( 'NONE', #2945, 1000.000000000000000 ) ;
#1950 = VECTOR ( 'NONE', #5356, 1000.000000000000000 ) ;
#1951 = ORIENTED_EDGE ( 'NONE', *, *, #1075, .T. ) ;
#1952 = DIRECTION ( 'NONE',  ( -1.000000000000000000, -1.239088197126290570E-16, 0.000000000000000000 ) ) ;
#1953 = FACE_OUTER_BOUND ( 'NONE', #666, .T. ) ;
#1954 = CIRCLE ( 'NONE', #3334, 1.250000000000001110 ) ;
#1955 = AXIS2_PLACEMENT_3D ( 'NONE', #4471, #577, #662 ) ;
#1956 = CIRCLE ( 'NONE', #243, 0.8000000000000003775 ) ;
#1957 = AXIS2_PLACEMENT_3D ( 'NONE', #5360, #633, #5300 ) ;
#1958 = CARTESIAN_POINT ( 'NONE',  ( 7.002000000000005109, -15.07469763858626521, 42.25511610993392964 ) ) ;
#1959 = ORIENTED_EDGE ( 'NONE', *, *, #321, .T. ) ;
#1960 = ORIENTED_EDGE ( 'NONE', *, *, #172, .F. ) ;
#1961 = VECTOR ( 'NONE', #2038, 1000.000000000000000 ) ;
#1962 = VECTOR ( 'NONE', #188, 1000.000000000000000 ) ;
#1963 = FACE_BOUND ( 'NONE', #510, .T. ) ;
#1964 = EDGE_LOOP ( 'NONE', ( #5574, #5378, #5196, #4952 ) ) ;
#1965 = DIRECTION ( 'NONE',  ( 0.000000000000000000, -1.000000000000000000, 0.000000000000000000 ) ) ;
#1966 = EDGE_LOOP ( 'NONE', ( #3088, #1407, #4298, #5256, #1105, #1770, #5310, #2512 ) ) ;
#1967 = DIRECTION ( 'NONE',  ( 1.000000000000000000, 1.239088197126290570E-16, 0.000000000000000000 ) ) ;
#1968 = VERTEX_POINT ( 'NONE', #1618 ) ;
#1969 = DIRECTION ( 'NONE',  ( 1.000000000000000000, 1.239088197126290570E-16, 0.000000000000000000 ) ) ;
#1970 = CYLINDRICAL_SURFACE ( 'NONE', #3059, 0.9999999999999991118 ) ;
#1971 = ADVANCED_FACE ( 'NONE', ( #5429 ), #3280, .T. ) ;
#1972 = EDGE_CURVE ( 'NONE', #5094, #4185, #260, .T. ) ;
#1973 = CARTESIAN_POINT ( 'NONE',  ( 0.4999999999999982792, -7.163260966291186804, 18.34168760482228322 ) ) ;
#1974 = CARTESIAN_POINT ( 'NONE',  ( 0.4999999999999990563, -12.75000000000000178, 37.52531412650260734 ) ) ;
#1975 = VERTEX_POINT ( 'NONE', #2496 ) ;
#1976 = DIRECTION ( 'NONE',  ( 1.000000000000000000, 3.252606517456513918E-17, -0.000000000000000000 ) ) ;
#1977 = ADVANCED_FACE ( 'NONE', ( #4226 ), #5481, .F. ) ;
#1978 = DIRECTION ( 'NONE',  ( 0.000000000000000000, 1.000000000000000000, 0.000000000000000000 ) ) ;
#1979 = DIRECTION ( 'NONE',  ( 0.000000000000000000, -1.000000000000000000, -2.168404344971010840E-16 ) ) ;
#1980 = ORIENTED_EDGE ( 'NONE', *, *, #1667, .T. ) ;
#1981 = ORIENTED_EDGE ( 'NONE', *, *, #2073, .T. ) ;
#1982 = VECTOR ( 'NONE', #3042, 1000.000000000000000 ) ;
#1983 = CARTESIAN_POINT ( 'NONE',  ( 2.724999999999999201, -18.99999999999999645, -43.00000000000000000 ) ) ;
#1984 = ADVANCED_FACE ( 'NONE', ( #3023 ), #3940, .F. ) ;
#1985 = CYLINDRICAL_SURFACE ( 'NONE', #2882, 0.8000000000000003775 ) ;
#1986 = VECTOR ( 'NONE', #4518, 1000.000000000000000 ) ;
#1987 = DIRECTION ( 'NONE',  ( -1.355252715606879803E-16, 1.000000000000000000, 0.000000000000000000 ) ) ;
#1988 = ORIENTED_EDGE ( 'NONE', *, *, #1387, .T. ) ;
#1989 = ORIENTED_EDGE ( 'NONE', *, *, #4360, .F. ) ;
#1990 = CIRCLE ( 'NONE', #531, 1.250000000000004663 ) ;
#1991 = LINE ( 'NONE', #5463, #4316 ) ;
#1992 = ORIENTED_EDGE ( 'NONE', *, *, #2969, .T. ) ;
#1993 = VECTOR ( 'NONE', #1979, 1000.000000000000000 ) ;
#1994 = CARTESIAN_POINT ( 'NONE',  ( 0.5000000000000004441, -17.32982544119416701, 55.54168760482228606 ) ) ;
#1995 = VERTEX_POINT ( 'NONE', #56 ) ;
#1996 = CARTESIAN_POINT ( 'NONE',  ( 0.9999999999999997780, -8.498771041871817644, 52.27044339804668027 ) ) ;
#1997 = ORIENTED_EDGE ( 'NONE', *, *, #5026, .T. ) ;
#1998 = CYLINDRICAL_SURFACE ( 'NONE', #588, 1.250000000000004663 ) ;
#1999 = LINE ( 'NONE', #5241, #3498 ) ;
#2000 = LINE ( 'NONE', #4615, #1499 ) ;
#2001 = ORIENTED_EDGE ( 'NONE', *, *, #1075, .F. ) ;
#2002 = EDGE_CURVE ( 'NONE', #1570, #1380, #1508, .T. ) ;
#2003 = EDGE_LOOP ( 'NONE', ( #3253, #1788, #117, #2371, #1305, #4476, #1622, #5575 ) ) ;
#2004 = EDGE_CURVE ( 'NONE', #4708, #319, #960, .T. ) ;
#2005 = CARTESIAN_POINT ( 'NONE',  ( 1.000000000000000888, -19.00000000000000355, 17.54168760482228606 ) ) ;
#2006 = DIRECTION ( 'NONE',  ( 1.000000000000000000, 1.239088197126290570E-16, 0.000000000000000000 ) ) ;
#2007 = DIRECTION ( 'NONE',  ( -1.000000000000000000, -3.252606517456513918E-17, -0.000000000000000000 ) ) ;
#2008 = VERTEX_POINT ( 'NONE', #5598 ) ;
#2009 = ORIENTED_EDGE ( 'NONE', *, *, #1344, .T. ) ;
#2010 = EDGE_CURVE ( 'NONE', #139, #4694, #3078, .T. ) ;
#2011 = DIRECTION ( 'NONE',  ( 0.000000000000000000, 1.000000000000000000, 0.000000000000000000 ) ) ;
#2012 = DIRECTION ( 'NONE',  ( -1.000000000000000000, -1.239088197126290817E-16, 0.000000000000000000 ) ) ;
#2013 = FACE_OUTER_BOUND ( 'NONE', #1615, .T. ) ;
#2014 = CARTESIAN_POINT ( 'NONE',  ( 7.000000000000000000, 0.000000000000000000, 0.000000000000000000 ) ) ;
#2015 = ORIENTED_EDGE ( 'NONE', *, *, #4129, .F. ) ;
#2016 = ORIENTED_EDGE ( 'NONE', *, *, #4016, .F. ) ;
#2017 = EDGE_CURVE ( 'NONE', #2209, #5397, #2177, .T. ) ;
#2018 = PLANE ( 'NONE',  #2774 ) ;
#2019 = ORIENTED_EDGE ( 'NONE', *, *, #2040, .T. ) ;
#2020 = CARTESIAN_POINT ( 'NONE',  ( 0.4999999999999997780, -19.00000000000001066, 23.13299826867507036 ) ) ;
#2021 = ORIENTED_EDGE ( 'NONE', *, *, #1764, .T. ) ;
#2022 = LINE ( 'NONE', #2942, #3913 ) ;
#2023 = VERTEX_POINT ( 'NONE', #4718 ) ;
#2024 = CARTESIAN_POINT ( 'NONE',  ( 0.9999999999999995559, -6.499999999999999112, 15.34168760482228500 ) ) ;
#2025 = LINE ( 'NONE', #3760, #3864 ) ;
#2026 = LINE ( 'NONE', #2894, #1768 ) ;
#2027 = ORIENTED_EDGE ( 'NONE', *, *, #2251, .T. ) ;
#2028 = ORIENTED_EDGE ( 'NONE', *, *, #1934, .F. ) ;
#2029 = DIRECTION ( 'NONE',  ( 1.000000000000000000, 3.252606517456513918E-17, 0.000000000000000000 ) ) ;
#2030 = CYLINDRICAL_SURFACE ( 'NONE', #2690, 2.000000000000000000 ) ;
#2031 = VECTOR ( 'NONE', #614, 1000.000000000000000 ) ;
#2032 = CYLINDRICAL_SURFACE ( 'NONE', #2712, 1.600000000000000089 ) ;
#2033 = EDGE_LOOP ( 'NONE', ( #4901, #5263, #2282, #3666 ) ) ;
#2034 = EDGE_LOOP ( 'NONE', ( #28, #2268, #5559, #2001 ) ) ;
#2035 = AXIS2_PLACEMENT_3D ( 'NONE', #3993, #1214, #1829 ) ;
#2036 = DIRECTION ( 'NONE',  ( 1.000000000000000000, 3.252606517456513918E-17, -0.000000000000000000 ) ) ;
#2037 = DIRECTION ( 'NONE',  ( -1.355252715606879803E-16, 1.000000000000000000, 0.000000000000000000 ) ) ;
#2038 = DIRECTION ( 'NONE',  ( -1.000000000000000000, 6.505213034913025371E-17, -0.000000000000000000 ) ) ;
#2039 = EDGE_CURVE ( 'NONE', #3875, #917, #2121, .T. ) ;
#2040 = EDGE_CURVE ( 'NONE', #792, #2131, #824, .T. ) ;
#2041 = CARTESIAN_POINT ( 'NONE',  ( 0.5000000000000004441, -7.299999999999998934, 51.08776832031180248 ) ) ;
#2042 = CIRCLE ( 'NONE', #4485, 0.7999999999999986011 ) ;
#2043 = ORIENTED_EDGE ( 'NONE', *, *, #1756, .T. ) ;
#2044 = VERTEX_POINT ( 'NONE', #1708 ) ;
#2045 = CIRCLE ( 'NONE', #3505, 0.8000000000000003775 ) ;
#2046 = AXIS2_PLACEMENT_3D ( 'NONE', #818, #4764, #4358 ) ;
#2047 = CARTESIAN_POINT ( 'NONE',  ( 0.5000000000000004441, -19.00000000000000355, 50.28776832031181243 ) ) ;
#2048 = ADVANCED_FACE ( 'NONE', ( #3447 ), #3492, .F. ) ;
#2049 = LINE ( 'NONE', #3788, #1845 ) ;
#2050 = LINE ( 'NONE', #2476, #1076 ) ;
#2051 = EDGE_LOOP ( 'NONE', ( #4508, #1000, #3421, #1883 ) ) ;
#2052 = DIRECTION ( 'NONE',  ( 0.000000000000000000, 0.000000000000000000, 1.000000000000000000 ) ) ;
#2053 = VECTOR ( 'NONE', #901, 1000.000000000000000 ) ;
#2054 = ORIENTED_EDGE ( 'NONE', *, *, #4923, .T. ) ;
#2055 = VECTOR ( 'NONE', #1914, 1000.000000000000000 ) ;
#2056 = CARTESIAN_POINT ( 'NONE',  ( 0.4999999999999983902, -7.903080869113575879, 15.97090127777026858 ) ) ;
#2057 = LINE ( 'NONE', #272, #2216 ) ;
#2058 = EDGE_CURVE ( 'NONE', #4985, #3511, #1698, .T. ) ;
#2059 = LINE ( 'NONE', #3676, #2497 ) ;
#2060 = ORIENTED_EDGE ( 'NONE', *, *, #695, .F. ) ;
#2061 = PLANE ( 'NONE',  #5591 ) ;
#2062 = DIRECTION ( 'NONE',  ( -1.000000000000000000, -1.239088197126290817E-16, 6.270397653133593184E-34 ) ) ;
#2063 = DIRECTION ( 'NONE',  ( 1.239088197126290570E-16, -1.000000000000000000, 0.000000000000000000 ) ) ;
#2064 = ORIENTED_EDGE ( 'NONE', *, *, #1797, .F. ) ;
#2065 = ORIENTED_EDGE ( 'NONE', *, *, #3795, .F. ) ;
#2066 = CARTESIAN_POINT ( 'NONE',  ( 7.001000000000008328, -10.50000000000000178, 71.00000000000000000 ) ) ;
#2067 = DIRECTION ( 'NONE',  ( 0.000000000000000000, 1.000000000000000000, 0.000000000000000000 ) ) ;
#2068 = CARTESIAN_POINT ( 'NONE',  ( 3.500000000000000000, -22.50000000000001066, 59.24999999999999289 ) ) ;
#2069 = DIRECTION ( 'NONE',  ( 0.000000000000000000, -1.000000000000000000, 0.000000000000000000 ) ) ;
#2070 = ORIENTED_EDGE ( 'NONE', *, *, #5285, .F. ) ;
#2071 = VERTEX_POINT ( 'NONE', #3469 ) ;
#2072 = EDGE_CURVE ( 'NONE', #4431, #1089, #25, .T. ) ;
#2073 = EDGE_CURVE ( 'NONE', #3213, #4829, #1252, .T. ) ;
#2074 = AXIS2_PLACEMENT_3D ( 'NONE', #5058, #2580, #4648 ) ;
#2075 = DIRECTION ( 'NONE',  ( 0.000000000000000000, 0.000000000000000000, -1.000000000000000000 ) ) ;
#2076 = CARTESIAN_POINT ( 'NONE',  ( -64.14711903867025455, -14.54981716550030413, 66.00000000000000000 ) ) ;
#2077 = LINE ( 'NONE', #4749, #1025 ) ;
#2078 = CARTESIAN_POINT ( 'NONE',  ( 0.4999999999999987232, -13.09364437107287493, 34.21231699605854004 ) ) ;
#2079 = ORIENTED_EDGE ( 'NONE', *, *, #4261, .T. ) ;
#2080 = CARTESIAN_POINT ( 'NONE',  ( 1.225000000000000311, -14.49999999999999645, -31.59999999999999787 ) ) ;
#2081 = AXIS2_PLACEMENT_3D ( 'NONE', #1685, #5607, #3926 ) ;
#2082 = EDGE_LOOP ( 'NONE', ( #1160, #460, #360, #799 ) ) ;
#2083 = EDGE_CURVE ( 'NONE', #176, #1598, #1241, .T. ) ;
#2084 = LINE ( 'NONE', #5527, #4773 ) ;
#2085 = LINE ( 'NONE', #3825, #4674 ) ;
#2086 = AXIS2_PLACEMENT_3D ( 'NONE', #3941, #111, #26 ) ;
#2087 = CARTESIAN_POINT ( 'NONE',  ( 21.41522322567242043, -4.499999999999997335, -4.000000000000000000 ) ) ;
#2088 = ORIENTED_EDGE ( 'NONE', *, *, #1002, .T. ) ;
#2089 = EDGE_CURVE ( 'NONE', #1191, #3544, #4338, .T. ) ;
#2090 = DIRECTION ( 'NONE',  ( 3.252606517456513918E-17, -1.000000000000000000, 0.000000000000000000 ) ) ;
#2091 = DIRECTION ( 'NONE',  ( -0.000000000000000000, 1.000000000000000000, -0.000000000000000000 ) ) ;
#2092 = CARTESIAN_POINT ( 'NONE',  ( 2.724999999999999201, -15.99999999999999289, -43.00000000000000000 ) ) ;
#2093 = VERTEX_POINT ( 'NONE', #3892 ) ;
#2094 = CYLINDRICAL_SURFACE ( 'NONE', #4138, 0.8000000000000003775 ) ;
#2095 = CIRCLE ( 'NONE', #1186, 1.600000000000000089 ) ;
#2096 = CARTESIAN_POINT ( 'NONE',  ( 1.999999999999999556, -4.500000000000000000, 4.000000000000000000 ) ) ;
#2097 = CARTESIAN_POINT ( 'NONE',  ( 0.4999999999999981681, -6.499999999999999112, 65.20000000000000284 ) ) ;
#2098 = DIRECTION ( 'NONE',  ( 0.000000000000000000, -1.000000000000000000, 0.000000000000000000 ) ) ;
#2099 = ORIENTED_EDGE ( 'NONE', *, *, #1867, .T. ) ;
#2100 = EDGE_LOOP ( 'NONE', ( #3496, #5503, #5432, #4111, #4419, #4351 ) ) ;
#2101 = CARTESIAN_POINT ( 'NONE',  ( 0.4999999999999979461, -4.500000000000000000, -4.800000000000000711 ) ) ;
#2102 = DIRECTION ( 'NONE',  ( 0.000000000000000000, 0.000000000000000000, -1.000000000000000000 ) ) ;
#2103 = DIRECTION ( 'NONE',  ( -1.000000000000000000, -0.000000000000000000, -0.000000000000000000 ) ) ;
#2104 = ADVANCED_FACE ( 'NONE', ( #5226 ), #5198, .F. ) ;
#2105 = DIRECTION ( 'NONE',  ( 1.000000000000000000, 0.000000000000000000, -0.000000000000000000 ) ) ;
#2106 = ORIENTED_EDGE ( 'NONE', *, *, #5086, .T. ) ;
#2107 = ORIENTED_EDGE ( 'NONE', *, *, #2488, .T. ) ;
#2108 = CARTESIAN_POINT ( 'NONE',  ( 4.225000000000000533, -14.49999999999999645, -31.09999999999999432 ) ) ;
#2109 = EDGE_CURVE ( 'NONE', #4740, #2350, #2614, .T. ) ;
#2110 = DIRECTION ( 'NONE',  ( 0.000000000000000000, -1.000000000000000000, 0.000000000000000000 ) ) ;
#2111 = EDGE_CURVE ( 'NONE', #3550, #5094, #2640, .T. ) ;
#2112 = ORIENTED_EDGE ( 'NONE', *, *, #4364, .F. ) ;
#2113 = ORIENTED_EDGE ( 'NONE', *, *, #3094, .F. ) ;
#2114 = CARTESIAN_POINT ( 'NONE',  ( 4.224999999999997868, -15.99999999999999289, -45.71844603017288478 ) ) ;
#2115 = DIRECTION ( 'NONE',  ( -0.000000000000000000, 0.7071067811865426878, 0.7071067811865524577 ) ) ;
#2116 = EDGE_CURVE ( 'NONE', #1511, #1739, #2198, .T. ) ;
#2117 = CARTESIAN_POINT ( 'NONE',  ( 1.000000000000000000, -7.163260966291186804, 18.34168760482228322 ) ) ;
#2118 = ORIENTED_EDGE ( 'NONE', *, *, #971, .F. ) ;
#2119 = CARTESIAN_POINT ( 'NONE',  ( 0.4999999999999983902, -8.052613167763274404, 27.44098747291258888 ) ) ;
#2120 = CARTESIAN_POINT ( 'NONE',  ( 2.999999999999999112, -10.50000000000000178, 71.00000000000000000 ) ) ;
#2121 = LINE ( 'NONE', #3416, #2227 ) ;
#2122 = LINE ( 'NONE', #879, #2910 ) ;
#2123 = EDGE_LOOP ( 'NONE', ( #468, #4913, #2364, #2660, #5601, #3659 ) ) ;
#2124 = VECTOR ( 'NONE', #3606, 1000.000000000000000 ) ;
#2125 = ORIENTED_EDGE ( 'NONE', *, *, #836, .F. ) ;
#2126 = LINE ( 'NONE', #4264, #1678 ) ;
#2127 = CARTESIAN_POINT ( 'NONE',  ( 7.002000000000005109, -12.75000000000000178, 37.52531412650260734 ) ) ;
#2128 = CARTESIAN_POINT ( 'NONE',  ( 4.225000000000000533, -8.828427124746186294, -38.00000000000000000 ) ) ;
#2129 = CARTESIAN_POINT ( 'NONE',  ( 4.000000000000003553, -7.299999999999998934, 4.800000000000002487 ) ) ;
#2130 = ORIENTED_EDGE ( 'NONE', *, *, #3230, .F. ) ;
#2131 = VERTEX_POINT ( 'NONE', #2097 ) ;
#2132 = AXIS2_PLACEMENT_3D ( 'NONE', #1004, #1938, #4464 ) ;
#2133 = AXIS2_PLACEMENT_3D ( 'NONE', #4880, #1459, #3261 ) ;
#2134 = AXIS2_PLACEMENT_3D ( 'NONE', #2306, #4882, #3153 ) ;
#2135 = CARTESIAN_POINT ( 'NONE',  ( 5.000000000000000888, 3.999999999999998224, 62.50000000000000000 ) ) ;
#2136 = AXIS2_PLACEMENT_3D ( 'NONE', #5067, #1652, #4235 ) ;
#2137 = AXIS2_PLACEMENT_3D ( 'NONE', #5450, #635, #4134 ) ;
#2138 = VECTOR ( 'NONE', #2270, 1000.000000000000000 ) ;
#2139 = DIRECTION ( 'NONE',  ( 1.000000000000000000, 0.000000000000000000, -0.000000000000000000 ) ) ;
#2140 = ORIENTED_EDGE ( 'NONE', *, *, #131, .T. ) ;
#2141 = VERTEX_POINT ( 'NONE', #84 ) ;
#2142 = AXIS2_PLACEMENT_3D ( 'NONE', #5177, #5153, #4743 ) ;
#2143 = EDGE_CURVE ( 'NONE', #1274, #5014, #607, .T. ) ;
#2144 = CARTESIAN_POINT ( 'NONE',  ( -64.14711903867025455, -18.20000000000000639, 27.71223167968819112 ) ) ;
#2145 = ADVANCED_FACE ( 'NONE', ( #4078 ), #4421, .F. ) ;
#2146 = CARTESIAN_POINT ( 'NONE',  ( 4.000000000000000000, -10.76036283369648494, 42.90613933192072693 ) ) ;
#2147 = LINE ( 'NONE', #4712, #1350 ) ;
#2148 = EDGE_LOOP ( 'NONE', ( #4492, #2015, #3697, #1895, #3970, #366, #1980, #3742, #4730, #1959 ) ) ;
#2149 = PLANE ( 'NONE',  #4779 ) ;
#2150 = ADVANCED_FACE ( 'NONE', ( #2747 ), #497, .F. ) ;
#2151 = DIRECTION ( 'NONE',  ( -1.355252715606879803E-16, 1.000000000000000000, 0.000000000000000000 ) ) ;
#2152 = DIRECTION ( 'NONE',  ( 0.000000000000000000, -0.000000000000000000, 1.000000000000000000 ) ) ;
#2153 = DIRECTION ( 'NONE',  ( 2.137109857948075318E-17, -0.6570453101161650711, -0.7538510863919692939 ) ) ;
#2154 = ORIENTED_EDGE ( 'NONE', *, *, #609, .F. ) ;
#2155 = ORIENTED_EDGE ( 'NONE', *, *, #3441, .T. ) ;
#2156 = EDGE_CURVE ( 'NONE', #815, #2162, #4386, .T. ) ;
#2157 = DIRECTION ( 'NONE',  ( 0.000000000000000000, 1.000000000000000000, 0.000000000000000000 ) ) ;
#2158 = DIRECTION ( 'NONE',  ( 1.000000000000000000, 1.239088197126290570E-16, -0.000000000000000000 ) ) ;
#2159 = CARTESIAN_POINT ( 'NONE',  ( 0.4999999999999995559, -17.00000000000000000, -14.50000000000000000 ) ) ;
#2160 = LINE ( 'NONE', #3457, #3983 ) ;
#2161 = ORIENTED_EDGE ( 'NONE', *, *, #842, .T. ) ;
#2162 = VERTEX_POINT ( 'NONE', #3998 ) ;
#2163 = CARTESIAN_POINT ( 'NONE',  ( 7.001000000000002110, -2.999999999999996447, -37.00000000000000000 ) ) ;
#2164 = FACE_BOUND ( 'NONE', #4144, .T. ) ;
#2165 = CIRCLE ( 'NONE', #1354, 0.8000000000000003775 ) ;
#2166 = LINE ( 'NONE', #1292, #33 ) ;
#2167 = ORIENTED_EDGE ( 'NONE', *, *, #961, .F. ) ;
#2168 = ORIENTED_EDGE ( 'NONE', *, *, #3710, .F. ) ;
#2169 = CIRCLE ( 'NONE', #1079, 0.8000000000000003775 ) ;
#2170 = CARTESIAN_POINT ( 'NONE',  ( 0.4999999999999982792, -7.417561391042558405, 55.27044339804668027 ) ) ;
#2171 = CARTESIAN_POINT ( 'NONE',  ( 0.4999999999999979461, -4.500000000000000000, -19.20000000000000639 ) ) ;
#2172 = EDGE_CURVE ( 'NONE', #4981, #1433, #1835, .T. ) ;
#2173 = DIRECTION ( 'NONE',  ( 0.000000000000000000, 0.000000000000000000, 1.000000000000000000 ) ) ;
#2174 = EDGE_CURVE ( 'NONE', #2629, #2655, #3547, .T. ) ;
#2175 = ORIENTED_EDGE ( 'NONE', *, *, #2631, .T. ) ;
#2176 = DIRECTION ( 'NONE',  ( 1.000000000000000000, 3.252606517456513302E-17, -2.535569890667616456E-16 ) ) ;
#2177 = LINE ( 'NONE', #3863, #4689 ) ;
#2178 = EDGE_CURVE ( 'NONE', #4551, #3139, #136, .T. ) ;
#2179 = PLANE ( 'NONE',  #1811 ) ;
#2180 = EDGE_CURVE ( 'NONE', #5188, #1787, #3187, .T. ) ;
#2181 = ORIENTED_EDGE ( 'NONE', *, *, #5178, .T. ) ;
#2182 = ORIENTED_EDGE ( 'NONE', *, *, #571, .F. ) ;
#2183 = LINE ( 'NONE', #4369, #587 ) ;
#2184 = LINE ( 'NONE', #2565, #2849 ) ;
#2185 = DIRECTION ( 'NONE',  ( -1.355252715606879803E-16, 1.000000000000000000, 0.000000000000000000 ) ) ;
#2186 = ADVANCED_FACE ( 'NONE', ( #4449 ), #3571, .F. ) ;
#2187 = ORIENTED_EDGE ( 'NONE', *, *, #2891, .F. ) ;
#2188 = ORIENTED_EDGE ( 'NONE', *, *, #417, .F. ) ;
#2189 = CARTESIAN_POINT ( 'NONE',  ( 1.225000000000000089, -10.99999999999999822, -24.20000000000000639 ) ) ;
#2190 = CARTESIAN_POINT ( 'NONE',  ( 0.4999999999999987232, -9.960362833696484230, 42.90613933192072693 ) ) ;
#2191 = DIRECTION ( 'NONE',  ( 0.000000000000000000, 1.000000000000000000, 2.376333528735352191E-16 ) ) ;
#2192 = ORIENTED_EDGE ( 'NONE', *, *, #5319, .F. ) ;
#2193 = ORIENTED_EDGE ( 'NONE', *, *, #4170, .F. ) ;
#2194 = LINE ( 'NONE', #3992, #4948 ) ;
#2195 = LINE ( 'NONE', #2171, #3681 ) ;
#2196 = ORIENTED_EDGE ( 'NONE', *, *, #2778, .F. ) ;
#2197 = FACE_OUTER_BOUND ( 'NONE', #3755, .T. ) ;
#2198 = LINE ( 'NONE', #2530, #5042 ) ;
#2199 = DIRECTION ( 'NONE',  ( 0.000000000000000000, -0.000000000000000000, 1.000000000000000000 ) ) ;
#2200 = ORIENTED_EDGE ( 'NONE', *, *, #4022, .F. ) ;
#2201 = EDGE_CURVE ( 'NONE', #5487, #4945, #1411, .T. ) ;
#2202 = CARTESIAN_POINT ( 'NONE',  ( 5.000000000000000000, -3.000000000000000000, 57.99999999999999289 ) ) ;
#2203 = ADVANCED_FACE ( 'NONE', ( #2285 ), #580, .T. ) ;
#2204 = DIRECTION ( 'NONE',  ( -1.000000000000000000, -0.000000000000000000, -0.000000000000000000 ) ) ;
#2205 = DIRECTION ( 'NONE',  ( 0.000000000000000000, -1.000000000000000000, 0.000000000000000000 ) ) ;
#2206 = AXIS2_PLACEMENT_3D ( 'NONE', #3979, #92, #4970 ) ;
#2207 = CARTESIAN_POINT ( 'NONE',  ( 0.4999999999999986122, -11.65374246116385137, 34.48356120283414583 ) ) ;
#2208 = ORIENTED_EDGE ( 'NONE', *, *, #3677, .T. ) ;
#2209 = VERTEX_POINT ( 'NONE', #4827 ) ;
#2210 = VECTOR ( 'NONE', #944, 1000.000000000000000 ) ;
#2211 = CARTESIAN_POINT ( 'NONE',  ( 4.000000000000000000, -18.20000000000000284, 51.08776832031181669 ) ) ;
#2212 = EDGE_CURVE ( 'NONE', #1975, #4200, #4580, .T. ) ;
#2213 = FACE_OUTER_BOUND ( 'NONE', #2336, .T. ) ;
#2214 = CARTESIAN_POINT ( 'NONE',  ( 1.000000000000000888, -7.299999999999999822, 15.44526502967733705 ) ) ;
#2215 = ORIENTED_EDGE ( 'NONE', *, *, #109, .T. ) ;
#2216 = VECTOR ( 'NONE', #3375, 1000.000000000000000 ) ;
#2217 = AXIS2_PLACEMENT_3D ( 'NONE', #5297, #2826, #1937 ) ;
#2218 = ORIENTED_EDGE ( 'NONE', *, *, #4186, .T. ) ;
#2219 = AXIS2_PLACEMENT_3D ( 'NONE', #636, #2486, #5056 ) ;
#2220 = DIRECTION ( 'NONE',  ( 3.469446951953612956E-17, -1.000000000000000000, 0.000000000000000000 ) ) ;
#2221 = EDGE_CURVE ( 'NONE', #1240, #1054, #923, .T. ) ;
#2222 = AXIS2_PLACEMENT_3D ( 'NONE', #1842, #2729, #5313 ) ;
#2223 = CIRCLE ( 'NONE', #1955, 0.7999999999999986011 ) ;
#2224 = VECTOR ( 'NONE', #3293, 1000.000000000000114 ) ;
#2225 = CARTESIAN_POINT ( 'NONE',  ( 4.225000000000000533, 0.000000000000000000, 0.000000000000000000 ) ) ;
#2226 = AXIS2_PLACEMENT_3D ( 'NONE', #1378, #1858, #4468 ) ;
#2227 = VECTOR ( 'NONE', #426, 1000.000000000000000 ) ;
#2228 = ORIENTED_EDGE ( 'NONE', *, *, #4343, .T. ) ;
#2229 = STYLED_ITEM ( 'NONE', ( #2708 ), #2833 ) ;
#2230 = UNCERTAINTY_MEASURE_WITH_UNIT (LENGTH_MEASURE( 1.000000000000000082E-05 ), #5292, 'distance_accuracy_value', 'NONE');
#2231 = CARTESIAN_POINT ( 'NONE',  ( 4.000000000000000000, -6.499999999999999112, 53.34168760482229033 ) ) ;
#2232 = DIRECTION ( 'NONE',  ( 0.000000000000000000, -1.000000000000000000, 0.000000000000000000 ) ) ;
#2233 = AXIS2_PLACEMENT_3D ( 'NONE', #863, #2573, #1345 ) ;
#2234 = FACE_OUTER_BOUND ( 'NONE', #981, .T. ) ;
#2235 = EDGE_LOOP ( 'NONE', ( #196, #252, #1781, #1530, #2713 ) ) ;
#2236 = VERTEX_POINT ( 'NONE', #2779 ) ;
#2237 = PLANE ( 'NONE',  #5303 ) ;
#2238 = LINE ( 'NONE', #476, #874 ) ;
#2239 = CARTESIAN_POINT ( 'NONE',  ( 0.4999999999999996669, -17.83804879822353939, 64.84983472897241086 ) ) ;
#2240 = CARTESIAN_POINT ( 'NONE',  ( 4.000000000000000000, -5.299999999999998934, -4.800000000000000711 ) ) ;
#2241 = ORIENTED_EDGE ( 'NONE', *, *, #1712, .T. ) ;
#2242 = EDGE_CURVE ( 'NONE', #2941, #1467, #4504, .T. ) ;
#2243 = ORIENTED_EDGE ( 'NONE', *, *, #4446, .F. ) ;
#2244 = ADVANCED_FACE ( 'NONE', ( #553 ), #2318, .F. ) ;
#2245 = CARTESIAN_POINT ( 'NONE',  ( 1.999999999999999112, -0.5000000000000065503, 67.00000000000000000 ) ) ;
#2246 = DIRECTION ( 'NONE',  ( 0.000000000000000000, 0.000000000000000000, 1.000000000000000000 ) ) ;
#2247 = CYLINDRICAL_SURFACE ( 'NONE', #316, 1.250000000000001110 ) ;
#2248 = ORIENTED_EDGE ( 'NONE', *, *, #1859, .F. ) ;
#2249 = AXIS2_PLACEMENT_3D ( 'NONE', #665, #3298, #1947 ) ;
#2250 = ORIENTED_EDGE ( 'NONE', *, *, #279, .T. ) ;
#2251 = EDGE_CURVE ( 'NONE', #2561, #3629, #2042, .T. ) ;
#2252 = CARTESIAN_POINT ( 'NONE',  ( 7.000000000000000000, -20.99999999999999645, -40.99999999999999289 ) ) ;
#2253 = CARTESIAN_POINT ( 'NONE',  ( 0.9999999999999991118, 3.999999999999998224, 60.85000000000000142 ) ) ;
#2254 = AXIS2_PLACEMENT_3D ( 'NONE', #910, #4398, #992 ) ;
#2255 = DIRECTION ( 'NONE',  ( 0.000000000000000000, -0.000000000000000000, 1.000000000000000000 ) ) ;
#2256 = CYLINDRICAL_SURFACE ( 'NONE', #5594, 0.8000000000000003775 ) ;
#2257 = EDGE_CURVE ( 'NONE', #4287, #3640, #1465, .T. ) ;
#2258 = ORIENTED_EDGE ( 'NONE', *, *, #4616, .T. ) ;
#2259 = DIRECTION ( 'NONE',  ( 1.000000000000000000, -0.000000000000000000, -0.000000000000000000 ) ) ;
#2260 = DIRECTION ( 'NONE',  ( 1.000000000000000000, 0.000000000000000000, 0.000000000000000000 ) ) ;
#2261 = AXIS2_PLACEMENT_3D ( 'NONE', #1384, #1416, #3520 ) ;
#2262 = CARTESIAN_POINT ( 'NONE',  ( 4.000000000000000000, -12.20000000000000107, -19.20000000000000639 ) ) ;
#2263 = ORIENTED_EDGE ( 'NONE', *, *, #4061, .T. ) ;
#2264 = ORIENTED_EDGE ( 'NONE', *, *, #1765, .T. ) ;
#2265 = CARTESIAN_POINT ( 'NONE',  ( 3.999999999999999112, 1.322726650432315163E-16, 0.000000000000000000 ) ) ;
#2266 = DIRECTION ( 'NONE',  ( 0.000000000000000000, 0.000000000000000000, -1.000000000000000000 ) ) ;
#2267 = CARTESIAN_POINT ( 'NONE',  ( 0.4999999999999990563, -12.75000000000000000, 39.00000000000000000 ) ) ;
#2268 = ORIENTED_EDGE ( 'NONE', *, *, #1743, .F. ) ;
#2269 = ORIENTED_EDGE ( 'NONE', *, *, #3602, .F. ) ;
#2270 = DIRECTION ( 'NONE',  ( -1.000000000000000000, -1.239088197126290570E-16, 0.000000000000000000 ) ) ;
#2271 = LINE ( 'NONE', #4516, #3327 ) ;
#2272 = ADVANCED_FACE ( 'NONE', ( #1612 ), #725, .F. ) ;
#2273 = CARTESIAN_POINT ( 'NONE',  ( 4.000000000000000000, -12.75000000000000000, 39.00000000000000000 ) ) ;
#2274 = ORIENTED_EDGE ( 'NONE', *, *, #1308, .T. ) ;
#2275 = ORIENTED_EDGE ( 'NONE', *, *, #2748, .T. ) ;
#2276 = DIRECTION ( 'NONE',  ( 1.000000000000000000, 3.252606517456513918E-17, -0.000000000000000000 ) ) ;
#2277 = DIRECTION ( 'NONE',  ( 0.000000000000000000, 0.000000000000000000, -1.000000000000000000 ) ) ;
#2278 = EDGE_CURVE ( 'NONE', #4200, #968, #777, .T. ) ;
#2279 = EDGE_CURVE ( 'NONE', #2667, #2986, #4675, .T. ) ;
#2280 = DIRECTION ( 'NONE',  ( -1.000000000000000000, -3.252606517456513918E-17, 0.000000000000000000 ) ) ;
#2281 = DIRECTION ( 'NONE',  ( 0.000000000000000000, -1.000000000000000000, 0.000000000000000000 ) ) ;
#2282 = ORIENTED_EDGE ( 'NONE', *, *, #2073, .F. ) ;
#2283 = DIRECTION ( 'NONE',  ( -1.355252715606879803E-16, 1.000000000000000000, 0.000000000000000000 ) ) ;
#2284 = EDGE_CURVE ( 'NONE', #5007, #1340, #2864, .T. ) ;
#2285 = FACE_OUTER_BOUND ( 'NONE', #3494, .T. ) ;
#2286 = CARTESIAN_POINT ( 'NONE',  ( 7.002000000000005109, -12.75000000000000000, 39.00000000000000000 ) ) ;
#2287 = ORIENTED_EDGE ( 'NONE', *, *, #2925, .T. ) ;
#2288 = AXIS2_PLACEMENT_3D ( 'NONE', #463, #2191, #5192 ) ;
#2289 = ORIENTED_EDGE ( 'NONE', *, *, #141, .T. ) ;
#2290 = AXIS2_PLACEMENT_3D ( 'NONE', #1684, #3054, #3429 ) ;
#2291 = DIRECTION ( 'NONE',  ( 3.469446951953611107E-17, -1.000000000000000000, 0.000000000000000000 ) ) ;
#2292 = DIRECTION ( 'NONE',  ( 0.000000000000000000, 0.000000000000000000, 1.000000000000000000 ) ) ;
#2293 = CARTESIAN_POINT ( 'NONE',  ( 4.000000000000000000, -18.33673903370881320, 4.000000000000002665 ) ) ;
#2294 = ORIENTED_EDGE ( 'NONE', *, *, #4083, .F. ) ;
#2295 = VECTOR ( 'NONE', #3553, 1000.000000000000114 ) ;
#2296 = ORIENTED_EDGE ( 'NONE', *, *, #829, .F. ) ;
#2297 = CARTESIAN_POINT ( 'NONE',  ( 21.41522322567242043, -4.499999999999997335, -19.20000000000000639 ) ) ;
#2298 = LINE ( 'NONE', #3638, #2603 ) ;
#2299 = CIRCLE ( 'NONE', #5486, 1.250000000000001110 ) ;
#2300 = CARTESIAN_POINT ( 'NONE',  ( 5.000000000000000000, 3.999999999999998224, 64.15000000000000568 ) ) ;
#2301 = ORIENTED_EDGE ( 'NONE', *, *, #3889, .T. ) ;
#2302 = EDGE_LOOP ( 'NONE', ( #3286, #5024, #5088, #711 ) ) ;
#2303 = CIRCLE ( 'NONE', #1309, 1.650000000000002132 ) ;
#2304 = CARTESIAN_POINT ( 'NONE',  ( 4.000000000000000000, -13.00000000000000178, -19.20000000000000639 ) ) ;
#2305 = DIRECTION ( 'NONE',  ( 0.000000000000000000, 0.000000000000000000, -1.000000000000000000 ) ) ;
#2306 = CARTESIAN_POINT ( 'NONE',  ( 1.000000000000000888, -7.299999999999999822, 14.54168760482228606 ) ) ;
#2307 = CIRCLE ( 'NONE', #4765, 0.8000000000000003775 ) ;
#2308 = AXIS2_PLACEMENT_3D ( 'NONE', #2697, #1490, #1010 ) ;
#2309 = DIRECTION ( 'NONE',  ( 1.239088197126290570E-16, -1.000000000000000000, 0.000000000000000000 ) ) ;
#2310 = AXIS2_PLACEMENT_3D ( 'NONE', #3566, #3123, #574 ) ;
#2311 = EDGE_CURVE ( 'NONE', #3724, #4121, #4621, .T. ) ;
#2312 = ORIENTED_EDGE ( 'NONE', *, *, #2969, .F. ) ;
#2313 = ADVANCED_FACE ( 'NONE', ( #3801 ), #5534, .F. ) ;
#2314 = VECTOR ( 'NONE', #5293, 1000.000000000000000 ) ;
#2315 = AXIS2_PLACEMENT_3D ( 'NONE', #3374, #4667, #5440 ) ;
#2316 = VECTOR ( 'NONE', #467, 1000.000000000000000 ) ;
#2317 = DIRECTION ( 'NONE',  ( 0.000000000000000000, -1.000000000000000000, 0.000000000000000000 ) ) ;
#2318 = CYLINDRICAL_SURFACE ( 'NONE', #1316, 0.8000000000000020428 ) ;
#2319 = VECTOR ( 'NONE', #595, 1000.000000000000000 ) ;
#2320 = DIRECTION ( 'NONE',  ( -1.000000000000000000, -1.239088197126290570E-16, 0.000000000000000000 ) ) ;
#2321 = VECTOR ( 'NONE', #2331, 1000.000000000000000 ) ;
#2322 = ORIENTED_EDGE ( 'NONE', *, *, #2010, .F. ) ;
#2323 = ORIENTED_EDGE ( 'NONE', *, *, #38, .T. ) ;
#2324 = EDGE_CURVE ( 'NONE', #5530, #771, #1526, .T. ) ;
#2325 = DIRECTION ( 'NONE',  ( 1.239088197126290570E-16, -1.000000000000000000, -1.577021341797097560E-16 ) ) ;
#2326 = DIRECTION ( 'NONE',  ( -1.355252715606879803E-16, 1.000000000000000000, 0.000000000000000000 ) ) ;
#2327 = CARTESIAN_POINT ( 'NONE',  ( 1.000000000000000888, -14.54981716550029525, 65.20000000000000284 ) ) ;
#2328 = ORIENTED_EDGE ( 'NONE', *, *, #757, .F. ) ;
#2329 = ORIENTED_EDGE ( 'NONE', *, *, #5005, .F. ) ;
#2330 = EDGE_CURVE ( 'NONE', #2044, #5408, #2677, .T. ) ;
#2331 = DIRECTION ( 'NONE',  ( 0.000000000000000000, -1.000000000000000000, 0.000000000000000000 ) ) ;
#2332 = LINE ( 'NONE', #3698, #4127 ) ;
#2333 = DIRECTION ( 'NONE',  ( 0.000000000000000000, 1.000000000000000000, 0.000000000000000000 ) ) ;
#2334 = VERTEX_POINT ( 'NONE', #2834 ) ;
#2335 = LINE ( 'NONE', #628, #1982 ) ;
#2336 = EDGE_LOOP ( 'NONE', ( #1443, #4069, #464, #4618 ) ) ;
#2337 = DIRECTION ( 'NONE',  ( 0.000000000000000000, -0.7071067811865426878, -0.7071067811865524577 ) ) ;
#2338 = CARTESIAN_POINT ( 'NONE',  ( 0.4999999999999995559, -16.74999999999999645, 39.00000000000000000 ) ) ;
#2339 = CARTESIAN_POINT ( 'NONE',  ( 4.000000000000000000, -8.690625412120517979, 15.06732385291522114 ) ) ;
#2340 = DIRECTION ( 'NONE',  ( -1.000000000000000000, -3.469446951953611107E-17, 0.000000000000000000 ) ) ;
#2341 = ORIENTED_EDGE ( 'NONE', *, *, #5350, .F. ) ;
#2342 = CIRCLE ( 'NONE', #1890, 0.8000000000000003775 ) ;
#2343 = CARTESIAN_POINT ( 'NONE',  ( 0.000000000000000000, 0.000000000000000000, 0.000000000000000000 ) ) ;
#2344 = DIRECTION ( 'NONE',  ( -1.000000000000000000, -1.239088197126290570E-16, 0.000000000000000000 ) ) ;
#2345 = EDGE_CURVE ( 'NONE', #1576, #5516, #302, .T. ) ;
#2346 = ADVANCED_FACE ( 'NONE', ( #663 ), #4135, .F. ) ;
#2347 = LINE ( 'NONE', #1759, #3939 ) ;
#2348 = CIRCLE ( 'NONE', #2081, 0.8000000000000003775 ) ;
#2349 = DIRECTION ( 'NONE',  ( 0.000000000000000000, -1.000000000000000000, 0.000000000000000000 ) ) ;
#2350 = VERTEX_POINT ( 'NONE', #5084 ) ;
#2351 = VERTEX_POINT ( 'NONE', #3271 ) ;
#2352 = VECTOR ( 'NONE', #1159, 1000.000000000000000 ) ;
#2353 = CARTESIAN_POINT ( 'NONE',  ( 3.500000000000000000, -22.50000000000001066, 57.99999999999998579 ) ) ;
#2354 = DIRECTION ( 'NONE',  ( 1.000000000000000000, 3.252606517456513918E-17, 4.636167053988475974E-17 ) ) ;
#2355 = ADVANCED_FACE ( 'NONE', ( #4103 ), #3714, .F. ) ;
#2356 = ADVANCED_FACE ( 'NONE', ( #254 ), #5422, .F. ) ;
#2357 = PLANE ( 'NONE',  #5442 ) ;
#2358 = ORIENTED_EDGE ( 'NONE', *, *, #1247, .T. ) ;
#2359 = ORIENTED_EDGE ( 'NONE', *, *, #46, .F. ) ;
#2360 = DIRECTION ( 'NONE',  ( 0.000000000000000000, -1.000000000000000000, 0.000000000000000000 ) ) ;
#2361 = EDGE_CURVE ( 'NONE', #1161, #4992, #589, .T. ) ;
#2362 = ORIENTED_EDGE ( 'NONE', *, *, #5105, .F. ) ;
#2363 = CARTESIAN_POINT ( 'NONE',  ( 4.000000000000000000, -4.499999999999998224, -4.000000000000000000 ) ) ;
#2364 = ORIENTED_EDGE ( 'NONE', *, *, #2706, .F. ) ;
#2365 = ORIENTED_EDGE ( 'NONE', *, *, #503, .F. ) ;
#2366 = AXIS2_PLACEMENT_3D ( 'NONE', #4664, #1967, #2390 ) ;
#2367 = CARTESIAN_POINT ( 'NONE',  ( 1.000000000000000000, -16.24861579036490511, 52.54168760482228606 ) ) ;
#2368 = CARTESIAN_POINT ( 'NONE',  ( 1.000000000000000888, -17.32982544119416701, 55.54168760482228606 ) ) ;
#2369 = DIRECTION ( 'NONE',  ( 1.000000000000000000, 1.239088197126290570E-16, -0.000000000000000000 ) ) ;
#2370 = PLANE ( 'NONE',  #3683 ) ;
#2371 = ORIENTED_EDGE ( 'NONE', *, *, #1028, .T. ) ;
#2372 = FACE_OUTER_BOUND ( 'NONE', #4745, .T. ) ;
#2373 = DIRECTION ( 'NONE',  ( 0.000000000000000000, 0.000000000000000000, -1.000000000000000000 ) ) ;
#2374 = DIRECTION ( 'NONE',  ( 1.000000000000000000, 0.000000000000000000, -0.000000000000000000 ) ) ;
#2375 = CARTESIAN_POINT ( 'NONE',  ( 0.5000000000000004441, -7.299999999999999822, 50.28776832031179822 ) ) ;
#2376 = ORIENTED_EDGE ( 'NONE', *, *, #4864, .T. ) ;
#2377 = EDGE_LOOP ( 'NONE', ( #43, #1558, #3752, #51 ) ) ;
#2378 = LINE ( 'NONE', #1122, #3858 ) ;
#2379 = FACE_OUTER_BOUND ( 'NONE', #1442, .T. ) ;
#2380 = CARTESIAN_POINT ( 'NONE',  ( 7.001000000000008328, -10.50000000000000178, 71.00000000000000000 ) ) ;
#2381 = ORIENTED_EDGE ( 'NONE', *, *, #2178, .F. ) ;
#2382 = ORIENTED_EDGE ( 'NONE', *, *, #4794, .T. ) ;
#2383 = EDGE_CURVE ( 'NONE', #4578, #1040, #3297, .T. ) ;
#2384 = EDGE_CURVE ( 'NONE', #3290, #2810, #1956, .T. ) ;
#2385 = DIRECTION ( 'NONE',  ( 1.000000000000000000, 1.239088197126290570E-16, 0.000000000000000000 ) ) ;
#2386 = DIRECTION ( 'NONE',  ( -1.000000000000000000, -1.239088197126290324E-16, 1.954068531237048912E-32 ) ) ;
#2387 = AXIS2_PLACEMENT_3D ( 'NONE', #458, #5125, #2540 ) ;
#2388 = DIRECTION ( 'NONE',  ( 0.000000000000000000, 0.000000000000000000, -1.000000000000000000 ) ) ;
#2389 = ORIENTED_EDGE ( 'NONE', *, *, #3685, .T. ) ;
#2390 = DIRECTION ( 'NONE',  ( -1.355252715606883008E-16, 1.000000000000000000, 0.000000000000000000 ) ) ;
#2391 = EDGE_LOOP ( 'NONE', ( #4107, #3177, #2738, #150, #694, #2208, #1677, #1807 ) ) ;
#2392 = ADVANCED_FACE ( 'NONE', ( #4163 ), #2030, .F. ) ;
#2393 = DIRECTION ( 'NONE',  ( 0.000000000000000000, 1.000000000000000000, 0.000000000000000000 ) ) ;
#2394 = CARTESIAN_POINT ( 'NONE',  ( 1.225000000000000089, -22.49999999999998934, -31.59999999999999787 ) ) ;
#2395 = CARTESIAN_POINT ( 'NONE',  ( 4.225000000000000533, -13.99999999999999645, -26.35000000000000142 ) ) ;
#2396 = CARTESIAN_POINT ( 'NONE',  ( 0.9999999999999995559, -17.32982544119416701, 56.34168760482229743 ) ) ;
#2397 = ORIENTED_EDGE ( 'NONE', *, *, #1596, .F. ) ;
#2398 = VECTOR ( 'NONE', #2325, 1000.000000000000000 ) ;
#2399 = ORIENTED_EDGE ( 'NONE', *, *, #2039, .F. ) ;
#2400 = EDGE_CURVE ( 'NONE', #453, #2810, #2195, .T. ) ;
#2401 = DIRECTION ( 'NONE',  ( -1.000000000000000000, -1.239088197126290570E-16, 0.000000000000000000 ) ) ;
#2402 = VECTOR ( 'NONE', #4108, 1000.000000000000000 ) ;
#2403 = DIRECTION ( 'NONE',  ( 1.000000000000000000, 0.000000000000000000, 0.000000000000000000 ) ) ;
#2404 = LINE ( 'NONE', #4080, #1263 ) ;
#2405 = ORIENTED_EDGE ( 'NONE', *, *, #747, .F. ) ;
#2406 = AXIS2_PLACEMENT_3D ( 'NONE', #1050, #1429, #1929 ) ;
#2407 = AXIS2_PLACEMENT_3D ( 'NONE', #2657, #1375, #4737 ) ;
#2408 = ORIENTED_EDGE ( 'NONE', *, *, #1099, .F. ) ;
#2409 = DIRECTION ( 'NONE',  ( -1.000000000000000000, -3.469446951953612956E-17, 0.000000000000000000 ) ) ;
#2410 = DIRECTION ( 'NONE',  ( 0.000000000000000000, 0.000000000000000000, 1.000000000000000000 ) ) ;
#2411 = AXIS2_PLACEMENT_3D ( 'NONE', #4833, #5572, #930 ) ;
#2412 = VECTOR ( 'NONE', #4161, 1000.000000000000000 ) ;
#2413 = VECTOR ( 'NONE', #108, 1000.000000000000000 ) ;
#2414 = CARTESIAN_POINT ( 'NONE',  ( -63.03173803727769808, -4.500000000000001776, 67.00000000000000000 ) ) ;
#2415 = ORIENTED_EDGE ( 'NONE', *, *, #4874, .T. ) ;
#2416 = ORIENTED_EDGE ( 'NONE', *, *, #5044, .F. ) ;
#2417 = CIRCLE ( 'NONE', #331, 0.8000000000000003775 ) ;
#2418 = VECTOR ( 'NONE', #5336, 1000.000000000000000 ) ;
#2419 = DIRECTION ( 'NONE',  ( 1.176334233040896899E-17, -0.3390552584695133431, -0.9407664597040923393 ) ) ;
#2420 = ORIENTED_EDGE ( 'NONE', *, *, #1826, .F. ) ;
#2421 = EDGE_CURVE ( 'NONE', #3528, #2785, #4956, .T. ) ;
#2422 = LINE ( 'NONE', #3728, #4807 ) ;
#2423 = EDGE_CURVE ( 'NONE', #5006, #4569, #4301, .T. ) ;
#2424 = VERTEX_POINT ( 'NONE', #896 ) ;
#2425 = DIRECTION ( 'NONE',  ( -3.252606517456513918E-17, 1.000000000000000000, 0.000000000000000000 ) ) ;
#2426 = ORIENTED_EDGE ( 'NONE', *, *, #2706, .T. ) ;
#2427 = CARTESIAN_POINT ( 'NONE',  ( 4.225000000000000533, -13.99999999999999822, -19.59999999999999787 ) ) ;
#2428 = CARTESIAN_POINT ( 'NONE',  ( 3.000000000000006217, -22.50000000000001421, 75.00000000000000000 ) ) ;
#2429 = LINE ( 'NONE', #1974, #867 ) ;
#2430 = EDGE_CURVE ( 'NONE', #1095, #4924, #3854, .T. ) ;
#2431 = ORIENTED_EDGE ( 'NONE', *, *, #5483, .T. ) ;
#2432 = ORIENTED_EDGE ( 'NONE', *, *, #1174, .F. ) ;
#2433 = DIRECTION ( 'NONE',  ( -1.000000000000000000, -1.239088197126290570E-16, 0.000000000000000000 ) ) ;
#2434 = CARTESIAN_POINT ( 'NONE',  ( 3.499999999999995115, -15.99999999999999645, 19.99999999999999289 ) ) ;
#2435 = ADVANCED_FACE ( 'NONE', ( #418 ), #1244, .F. ) ;
#2436 = CARTESIAN_POINT ( 'NONE',  ( 0.5000000000000004441, -6.500000000000000000, 65.20000000000000284 ) ) ;
#2437 = ORIENTED_EDGE ( 'NONE', *, *, #503, .T. ) ;
#2438 = VERTEX_POINT ( 'NONE', #789 ) ;
#2439 = VECTOR ( 'NONE', #3099, 1000.000000000000000 ) ;
#2440 = CARTESIAN_POINT ( 'NONE',  ( 3.500000000000000000, -22.50000000000001066, 57.99999999999998579 ) ) ;
#2441 = CARTESIAN_POINT ( 'NONE',  ( 0.4999999999999981681, -6.499999999999999112, -40.00100000000001188 ) ) ;
#2442 = LINE ( 'NONE', #4688, #1961 ) ;
#2443 = VECTOR ( 'NONE', #1965, 1000.000000000000000 ) ;
#2444 = PLANE ( 'NONE',  #5179 ) ;
#2445 = ORIENTED_EDGE ( 'NONE', *, *, #4029, .F. ) ;
#2446 = ORIENTED_EDGE ( 'NONE', *, *, #5596, .T. ) ;
#2447 = VECTOR ( 'NONE', #4835, 1000.000000000000000 ) ;
#2448 = CYLINDRICAL_SURFACE ( 'NONE', #5322, 1.250000000000001110 ) ;
#2449 = VERTEX_POINT ( 'NONE', #5588 ) ;
#2450 = CARTESIAN_POINT ( 'NONE',  ( 1.225000000000000311, -20.99999999999999645, -31.59999999999999787 ) ) ;
#2451 = EDGE_LOOP ( 'NONE', ( #1327, #3431, #3877, #4522, #1497, #597, #3480 ) ) ;
#2452 = FACE_OUTER_BOUND ( 'NONE', #5346, .T. ) ;
#2453 = ORIENTED_EDGE ( 'NONE', *, *, #5072, .T. ) ;
#2454 = DIRECTION ( 'NONE',  ( 1.000000000000000000, 0.000000000000000000, -0.000000000000000000 ) ) ;
#2455 = DIRECTION ( 'NONE',  ( 1.000000000000000000, 1.239088197126290570E-16, 0.000000000000000000 ) ) ;
#2456 = CARTESIAN_POINT ( 'NONE',  ( 0.000000000000000000, 0.000000000000000000, 0.000000000000000000 ) ) ;
#2457 = ORIENTED_EDGE ( 'NONE', *, *, #1143, .T. ) ;
#2458 = CIRCLE ( 'NONE', #2366, 0.7999999999999986011 ) ;
#2459 = ORIENTED_EDGE ( 'NONE', *, *, #2421, .T. ) ;
#2460 = EDGE_CURVE ( 'NONE', #1762, #2629, #1206, .T. ) ;
#2461 = CARTESIAN_POINT ( 'NONE',  ( 7.000000000000000000, 1.959434878635765230E-16, -1.600000000000000089 ) ) ;
#2462 = EDGE_CURVE ( 'NONE', #3784, #4924, #2523, .T. ) ;
#2463 = CARTESIAN_POINT ( 'NONE',  ( 2.999999999999999112, 1.494263266912956523, 67.00000000000000000 ) ) ;
#2464 = DIRECTION ( 'NONE',  ( 1.000000000000000000, 0.000000000000000000, -0.000000000000000000 ) ) ;
#2465 = ORIENTED_EDGE ( 'NONE', *, *, #5044, .T. ) ;
#2466 = ORIENTED_EDGE ( 'NONE', *, *, #3832, .T. ) ;
#2467 = DIRECTION ( 'NONE',  ( -0.000000000000000000, 0.000000000000000000, 1.000000000000000000 ) ) ;
#2468 = EDGE_CURVE ( 'NONE', #2922, #5537, #1409, .T. ) ;
#2469 = CARTESIAN_POINT ( 'NONE',  ( 3.499999999999995115, -15.99999999999999645, 19.99999999999999289 ) ) ;
#2470 = CARTESIAN_POINT ( 'NONE',  ( 7.002000000000005997, -19.00000000000001066, 54.86700173132491898 ) ) ;
#2471 = CARTESIAN_POINT ( 'NONE',  ( 4.000000000000000000, -9.960362833696484230, 42.90613933192072693 ) ) ;
#2472 = ORIENTED_EDGE ( 'NONE', *, *, #2846, .F. ) ;
#2473 = ORIENTED_EDGE ( 'NONE', *, *, #1174, .T. ) ;
#2474 = LINE ( 'NONE', #802, #2970 ) ;
#2475 = ORIENTED_EDGE ( 'NONE', *, *, #1756, .F. ) ;
#2476 = CARTESIAN_POINT ( 'NONE',  ( 7.002000000000005997, -17.18133434510090396, 5.325636248092934899 ) ) ;
#2477 = EDGE_LOOP ( 'NONE', ( #1339, #3050, #1450, #2674 ) ) ;
#2478 = LINE ( 'NONE', #1514, #1910 ) ;
#2479 = VERTEX_POINT ( 'NONE', #2146 ) ;
#2480 = FACE_OUTER_BOUND ( 'NONE', #4159, .T. ) ;
#2481 = DIRECTION ( 'NONE',  ( -1.000000000000000000, -1.239088197126290570E-16, 0.000000000000000000 ) ) ;
#2482 = DIRECTION ( 'NONE',  ( 1.102813343475842874E-17, -0.3390552584695135652, -0.9407664597040922283 ) ) ;
#2483 = EDGE_LOOP ( 'NONE', ( #2341, #4857, #5405, #4062 ) ) ;
#2484 = ORIENTED_EDGE ( 'NONE', *, *, #5421, .T. ) ;
#2485 = CARTESIAN_POINT ( 'NONE',  ( 1.000000000000000000, -19.00000000000000355, 64.13639844763217468 ) ) ;
#2486 = DIRECTION ( 'NONE',  ( 1.000000000000000000, 1.239088197126290570E-16, 0.000000000000000000 ) ) ;
#2487 = VECTOR ( 'NONE', #3947, 1000.000000000000000 ) ;
#2488 = EDGE_CURVE ( 'NONE', #3295, #5296, #1323, .T. ) ;
#2489 = PLANE ( 'NONE',  #2624 ) ;
#2490 = EDGE_CURVE ( 'NONE', #1762, #5530, #1701, .T. ) ;
#2491 = ORIENTED_EDGE ( 'NONE', *, *, #920, .F. ) ;
#2492 = ORIENTED_EDGE ( 'NONE', *, *, #5244, .T. ) ;
#2493 = AXIS2_PLACEMENT_3D ( 'NONE', #1157, #309, #2037 ) ;
#2494 = LINE ( 'NONE', #2557, #3509 ) ;
#2495 = CARTESIAN_POINT ( 'NONE',  ( 0.4999999999999981681, -6.499999999999999112, 61.52191394754549947 ) ) ;
#2496 = CARTESIAN_POINT ( 'NONE',  ( 0.4999999999999989453, -11.65374246116385137, 34.48356120283414583 ) ) ;
#2497 = VECTOR ( 'NONE', #274, 1000.000000000000000 ) ;
#2498 = CIRCLE ( 'NONE', #3766, 0.7999999999999986011 ) ;
#2499 = CIRCLE ( 'NONE', #2407, 0.7999999999999986011 ) ;
#2500 = FACE_OUTER_BOUND ( 'NONE', #4050, .T. ) ;
#2501 = ADVANCED_FACE ( 'NONE', ( #3488 ), #3072, .F. ) ;
#2502 = ORIENTED_EDGE ( 'NONE', *, *, #46, .T. ) ;
#2503 = EDGE_LOOP ( 'NONE', ( #82, #3037, #4075, #3194, #5569, #3345, #2118, #3398 ) ) ;
#2504 = VECTOR ( 'NONE', #5123, 1000.000000000000000 ) ;
#2505 = AXIS2_PLACEMENT_3D ( 'NONE', #1270, #894, #1294 ) ;
#2506 = VECTOR ( 'NONE', #2091, 1000.000000000000000 ) ;
#2507 = DIRECTION ( 'NONE',  ( 1.000000000000000000, -0.000000000000000000, -0.000000000000000000 ) ) ;
#2508 = DIRECTION ( 'NONE',  ( 3.469446951953612956E-17, -1.000000000000000000, 0.000000000000000000 ) ) ;
#2509 = LINE ( 'NONE', #856, #5126 ) ;
#2510 = DIRECTION ( 'NONE',  ( -1.355252715606883008E-16, 1.000000000000000000, 0.000000000000000000 ) ) ;
#2511 = EDGE_CURVE ( 'NONE', #714, #5487, #3885, .T. ) ;
#2512 = ORIENTED_EDGE ( 'NONE', *, *, #4061, .F. ) ;
#2513 = DIRECTION ( 'NONE',  ( -1.000000000000000000, -1.239088197126290570E-16, 0.000000000000000000 ) ) ;
#2514 = AXIS2_PLACEMENT_3D ( 'NONE', #5541, #1648, #2963 ) ;
#2515 = ORIENTED_EDGE ( 'NONE', *, *, #3107, .F. ) ;
#2516 = VECTOR ( 'NONE', #3358, 1000.000000000000000 ) ;
#2517 = DIRECTION ( 'NONE',  ( 1.000000000000000000, 0.000000000000000000, 0.000000000000000000 ) ) ;
#2518 = DIRECTION ( 'NONE',  ( 9.340879835391206939E-17, -0.7538510863919691829, 0.6570453101161654041 ) ) ;
#2519 = CIRCLE ( 'NONE', #3250, 0.8000000000000003775 ) ;
#2520 = DIRECTION ( 'NONE',  ( 0.000000000000000000, 0.000000000000000000, 1.000000000000000000 ) ) ;
#2521 = ORIENTED_EDGE ( 'NONE', *, *, #5414, .T. ) ;
#2522 = CARTESIAN_POINT ( 'NONE',  ( 1.225000000000000089, -10.99999999999999822, -24.20000000000000639 ) ) ;
#2523 = LINE ( 'NONE', #2952, #1595 ) ;
#2524 = DIRECTION ( 'NONE',  ( 0.000000000000000000, 0.000000000000000000, 1.000000000000000000 ) ) ;
#2525 = VERTEX_POINT ( 'NONE', #5142 ) ;
#2526 = EDGE_LOOP ( 'NONE', ( #3616, #101, #1256, #27 ) ) ;
#2527 = FACE_OUTER_BOUND ( 'NONE', #2391, .T. ) ;
#2528 = CARTESIAN_POINT ( 'NONE',  ( 4.000000000000000000, -11.53650156772112467, 15.34168760482228500 ) ) ;
#2529 = EDGE_CURVE ( 'NONE', #852, #3628, #2554, .T. ) ;
#2530 = CARTESIAN_POINT ( 'NONE',  ( 4.000000000000000888, -16.24861579036490511, 53.34168760482229033 ) ) ;
#2531 =( GEOMETRIC_REPRESENTATION_CONTEXT ( 3 ) GLOBAL_UNCERTAINTY_ASSIGNED_CONTEXT ( ( #1329 ) ) GLOBAL_UNIT_ASSIGNED_CONTEXT ( ( #2659, #22, #4797 ) ) REPRESENTATION_CONTEXT ( 'NONE', 'WORKASPACE' ) );
#2532 = CYLINDRICAL_SURFACE ( 'NONE', #4623, 0.8000000000000003775 ) ;
#2533 = ORIENTED_EDGE ( 'NONE', *, *, #2004, .T. ) ;
#2534 = VERTEX_POINT ( 'NONE', #389 ) ;
#2535 = ADVANCED_FACE ( 'NONE', ( #3440 ), #2579, .T. ) ;
#2536 = CARTESIAN_POINT ( 'NONE',  ( 1.999999999999999112, -0.5000000000000065503, 62.50000000000000000 ) ) ;
#2537 = EDGE_CURVE ( 'NONE', #1598, #4701, #1271, .T. ) ;
#2538 = CARTESIAN_POINT ( 'NONE',  ( 4.000000000000000000, -11.65374246116384782, 43.51643879716585417 ) ) ;
#2539 = DIRECTION ( 'NONE',  ( 0.000000000000000000, -1.000000000000000000, 0.000000000000000000 ) ) ;
#2540 = DIRECTION ( 'NONE',  ( 0.000000000000000000, -1.000000000000000000, 0.000000000000000000 ) ) ;
#2541 = CARTESIAN_POINT ( 'NONE',  ( 4.000000000000000000, -14.78702399854024208, 43.17738353869633983 ) ) ;
#2542 = ORIENTED_EDGE ( 'NONE', *, *, #4622, .F. ) ;
#2543 = LINE ( 'NONE', #807, #5150 ) ;
#2544 = AXIS2_PLACEMENT_3D ( 'NONE', #4783, #2977, #4699 ) ;
#2545 = ORIENTED_EDGE ( 'NONE', *, *, #109, .F. ) ;
#2546 = CARTESIAN_POINT ( 'NONE',  ( 0.5000000000000004441, -19.00000000000000355, 59.65831239517768836 ) ) ;
#2547 = ADVANCED_FACE ( 'NONE', ( #4738, #5614, #1724, #5112 ), #3466, .T. ) ;
#2548 = DIRECTION ( 'NONE',  ( 0.000000000000000000, 1.000000000000000000, 0.000000000000000000 ) ) ;
#2549 = AXIS2_PLACEMENT_3D ( 'NONE', #3281, #4567, #1562 ) ;
#2550 = CYLINDRICAL_SURFACE ( 'NONE', #2984, 0.8000000000000003775 ) ;
#2551 = VERTEX_POINT ( 'NONE', #1377 ) ;
#2552 = ORIENTED_EDGE ( 'NONE', *, *, #5482, .T. ) ;
#2553 = DIRECTION ( 'NONE',  ( 0.000000000000000000, -0.8917953516752833432, 0.4524390022205841411 ) ) ;
#2554 = LINE ( 'NONE', #4676, #2316 ) ;
#2555 = CARTESIAN_POINT ( 'NONE',  ( 2.725000000000000533, -0.9999999999999941158, -34.20000000000000995 ) ) ;
#2556 = ORIENTED_EDGE ( 'NONE', *, *, #1661, .T. ) ;
#2557 = CARTESIAN_POINT ( 'NONE',  ( 5.000000000000000888, 2.654351659482303116, 70.39040537556121535 ) ) ;
#2558 = DIRECTION ( 'NONE',  ( 3.129951135296190967E-17, -1.000000000000000000, 0.000000000000000000 ) ) ;
#2559 = CARTESIAN_POINT ( 'NONE',  ( 0.4999999999999981681, -6.499999999999999112, -40.00100000000001188 ) ) ;
#2560 = CARTESIAN_POINT ( 'NONE',  ( 0.5000000000000017764, -17.32982544119417057, 21.65831239517770612 ) ) ;
#2561 = VERTEX_POINT ( 'NONE', #1887 ) ;
#2562 = ORIENTED_EDGE ( 'NONE', *, *, #29, .F. ) ;
#2563 = LINE ( 'NONE', #1282, #1852 ) ;
#2564 = DIRECTION ( 'NONE',  ( 0.000000000000000000, -0.000000000000000000, -1.000000000000000000 ) ) ;
#2565 = CARTESIAN_POINT ( 'NONE',  ( 0.9999999999999995559, -6.499999999999999112, 15.34168760482228500 ) ) ;
#2566 = FACE_OUTER_BOUND ( 'NONE', #2880, .T. ) ;
#2567 = ORIENTED_EDGE ( 'NONE', *, *, #3338, .T. ) ;
#2568 = EDGE_CURVE ( 'NONE', #222, #4013, #521, .T. ) ;
#2569 = ORIENTED_EDGE ( 'NONE', *, *, #1905, .T. ) ;
#2570 = EDGE_CURVE ( 'NONE', #3254, #4985, #5333, .T. ) ;
#2571 = DIRECTION ( 'NONE',  ( 1.000000000000000000, 1.239088197126290570E-16, -0.000000000000000000 ) ) ;
#2572 = DIRECTION ( 'NONE',  ( 0.000000000000000000, -1.000000000000000000, 0.000000000000000000 ) ) ;
#2573 = DIRECTION ( 'NONE',  ( -1.000000000000000000, -1.239088197126290570E-16, 0.000000000000000000 ) ) ;
#2574 = ORIENTED_EDGE ( 'NONE', *, *, #1525, .T. ) ;
#2575 = AXIS2_PLACEMENT_3D ( 'NONE', #890, #5556, #1663 ) ;
#2576 = ADVANCED_FACE ( 'NONE', ( #573 ), #3969, .F. ) ;
#2577 = ORIENTED_EDGE ( 'NONE', *, *, #4446, .T. ) ;
#2578 = PLANE ( 'NONE',  #870 ) ;
#2579 = PLANE ( 'NONE',  #3590 ) ;
#2580 = DIRECTION ( 'NONE',  ( 1.000000000000000000, 1.239088197126290570E-16, 0.000000000000000000 ) ) ;
#2581 = EDGE_CURVE ( 'NONE', #1261, #1903, #4586, .T. ) ;
#2582 = ORIENTED_EDGE ( 'NONE', *, *, #2537, .T. ) ;
#2583 = CARTESIAN_POINT ( 'NONE',  ( 7.000000000000000000, -17.00000000000000000, -13.25000000000000178 ) ) ;
#2584 = LINE ( 'NONE', #1647, #2210 ) ;
#2585 = CARTESIAN_POINT ( 'NONE',  ( 0.5000000000000023315, -22.50000000000001066, 67.00000000000000000 ) ) ;
#2586 = CARTESIAN_POINT ( 'NONE',  ( 4.000000000000000000, -13.00000000000000178, -18.40000000000000568 ) ) ;
#2587 = ORIENTED_EDGE ( 'NONE', *, *, #1098, .T. ) ;
#2588 = AXIS2_PLACEMENT_3D ( 'NONE', #3523, #475, #5204 ) ;
#2589 = ORIENTED_EDGE ( 'NONE', *, *, #2345, .F. ) ;
#2590 = DIRECTION ( 'NONE',  ( -3.469446951953611107E-17, 1.000000000000000000, -0.000000000000000000 ) ) ;
#2591 = DIRECTION ( 'NONE',  ( -5.421010862427531415E-17, 1.000000000000000000, 0.000000000000000000 ) ) ;
#2592 = AXIS2_PLACEMENT_3D ( 'NONE', #3132, #3692, #2067 ) ;
#2593 = DIRECTION ( 'NONE',  ( 0.000000000000000000, 1.000000000000000000, 3.469446951953614682E-16 ) ) ;
#2594 = ORIENTED_EDGE ( 'NONE', *, *, #1479, .T. ) ;
#2595 = ORIENTED_EDGE ( 'NONE', *, *, #4571, .F. ) ;
#2596 = CIRCLE ( 'NONE', #4772, 0.8000000000000003775 ) ;
#2597 = VECTOR ( 'NONE', #5103, 1000.000000000000000 ) ;
#2598 = AXIS2_PLACEMENT_3D ( 'NONE', #1180, #4995, #1978 ) ;
#2599 = CARTESIAN_POINT ( 'NONE',  ( 1.000000000000000888, -15.34981716550029596, 65.20000000000000284 ) ) ;
#2600 = LINE ( 'NONE', #1342, #2682 ) ;
#2601 = EDGE_CURVE ( 'NONE', #2820, #5100, #4848, .T. ) ;
#2602 = EDGE_CURVE ( 'NONE', #1141, #4791, #1804, .T. ) ;
#2603 = VECTOR ( 'NONE', #4038, 1000.000000000000000 ) ;
#2604 = VECTOR ( 'NONE', #5620, 1000.000000000000000 ) ;
#2605 = CARTESIAN_POINT ( 'NONE',  ( 1.000000000000000000, -19.00000000000000355, 4.000000000000002665 ) ) ;
#2606 = ORIENTED_EDGE ( 'NONE', *, *, #5253, .F. ) ;
#2607 = DIRECTION ( 'NONE',  ( 0.000000000000000000, 0.000000000000000000, -1.000000000000000000 ) ) ;
#2608 = ADVANCED_FACE ( 'NONE', ( #3621 ), #3994, .T. ) ;
#2609 = CARTESIAN_POINT ( 'NONE',  ( 2.725000000000000089, -7.828427124746200505, -37.00000000000000000 ) ) ;
#2610 = AXIS2_PLACEMENT_3D ( 'NONE', #1849, #1907, #2333 ) ;
#2611 = ORIENTED_EDGE ( 'NONE', *, *, #2278, .F. ) ;
#2612 = PLANE ( 'NONE',  #4596 ) ;
#2613 = EDGE_CURVE ( 'NONE', #482, #5296, #3542, .T. ) ;
#2614 = LINE ( 'NONE', #1331, #2053 ) ;
#2615 = CARTESIAN_POINT ( 'NONE',  ( 2.725000000000000533, -0.9999999999999941158, 75.00199999999998113 ) ) ;
#2616 = VERTEX_POINT ( 'NONE', #1830 ) ;
#2617 = ORIENTED_EDGE ( 'NONE', *, *, #1317, .T. ) ;
#2618 = DIRECTION ( 'NONE',  ( -0.000000000000000000, -0.000000000000000000, -1.000000000000000000 ) ) ;
#2619 = PLANE ( 'NONE',  #3593 ) ;
#2620 = CARTESIAN_POINT ( 'NONE',  ( 5.000000000000000000, 4.000000000000000888, -28.57413601349979260 ) ) ;
#2621 = CARTESIAN_POINT ( 'NONE',  ( 7.002000000000005997, -16.24861579036490511, 52.54168760482228606 ) ) ;
#2622 = ORIENTED_EDGE ( 'NONE', *, *, #4393, .T. ) ;
#2623 = VERTEX_POINT ( 'NONE', #128 ) ;
#2624 = AXIS2_PLACEMENT_3D ( 'NONE', #335, #2063, #5616 ) ;
#2625 = CARTESIAN_POINT ( 'NONE',  ( 7.002000000000005109, -13.03637030922739370, 42.98973583661788922 ) ) ;
#2626 = DIRECTION ( 'NONE',  ( 1.000000000000000000, 1.239088197126290570E-16, 0.000000000000000000 ) ) ;
#2627 = VECTOR ( 'NONE', #1080, 1000.000000000000000 ) ;
#2628 = DIRECTION ( 'NONE',  ( -1.000000000000000000, -3.252606517456513918E-17, 0.000000000000000000 ) ) ;
#2629 = VERTEX_POINT ( 'NONE', #4444 ) ;
#2630 = ORIENTED_EDGE ( 'NONE', *, *, #1164, .T. ) ;
#2631 = EDGE_CURVE ( 'NONE', #5188, #4850, #3426, .T. ) ;
#2632 = AXIS2_PLACEMENT_3D ( 'NONE', #5092, #4720, #4691 ) ;
#2633 = LINE ( 'NONE', #3040, #1133 ) ;
#2634 = DIRECTION ( 'NONE',  ( -0.000000000000000000, -0.000000000000000000, -1.000000000000000000 ) ) ;
#2635 = CARTESIAN_POINT ( 'NONE',  ( 7.002000000000005109, -10.42530236141373834, 35.74488389006606326 ) ) ;
#2636 = ADVANCED_FACE ( 'NONE', ( #945 ), #4928, .F. ) ;
#2637 = ORIENTED_EDGE ( 'NONE', *, *, #757, .T. ) ;
#2638 = EDGE_CURVE ( 'NONE', #5065, #3981, #1005, .T. ) ;
#2639 = CARTESIAN_POINT ( 'NONE',  ( -64.14711903867026876, -19.00000000000000711, 50.28776832031179822 ) ) ;
#2640 = LINE ( 'NONE', #470, #5231 ) ;
#2641 = CARTESIAN_POINT ( 'NONE',  ( 1.225000000000000311, -15.99999999999999645, -26.35000000000000142 ) ) ;
#2642 = ORIENTED_EDGE ( 'NONE', *, *, #687, .T. ) ;
#2643 = ORIENTED_EDGE ( 'NONE', *, *, #3197, .F. ) ;
#2644 = EDGE_CURVE ( 'NONE', #4713, #4185, #3565, .T. ) ;
#2645 = CARTESIAN_POINT ( 'NONE',  ( 0.4999999999999988343, -10.99999999999999822, -29.20000000000000284 ) ) ;
#2646 = DIRECTION ( 'NONE',  ( 0.000000000000000000, 0.000000000000000000, -1.000000000000000000 ) ) ;
#2647 = DIRECTION ( 'NONE',  ( -1.000000000000000000, -1.239088197126290570E-16, 0.000000000000000000 ) ) ;
#2648 = DIRECTION ( 'NONE',  ( -3.856989707383759633E-17, 0.3390552584695135097, -0.9407664597040923393 ) ) ;
#2649 = ORIENTED_EDGE ( 'NONE', *, *, #920, .T. ) ;
#2650 = EDGE_LOOP ( 'NONE', ( #13, #3909, #234, #1745, #2200, #2606, #916, #1468, #2289, #1154, #3105, #1102 ) ) ;
#2651 = ADVANCED_FACE ( 'NONE', ( #2769 ), #4417, .T. ) ;
#2652 = DIRECTION ( 'NONE',  ( -1.000000000000000000, -1.239088197126290570E-16, 0.000000000000000000 ) ) ;
#2653 = CARTESIAN_POINT ( 'NONE',  ( 0.9999999999999995559, -6.500000000000000000, 14.54168760482228606 ) ) ;
#2654 = CARTESIAN_POINT ( 'NONE',  ( 1.000000000000000000, -9.536057466139306271, 25.65831239517770612 ) ) ;
#2655 = VERTEX_POINT ( 'NONE', #602 ) ;
#2656 = VERTEX_POINT ( 'NONE', #2339 ) ;
#2657 = CARTESIAN_POINT ( 'NONE',  ( 0.4999999999999995559, -17.32982544119417057, 22.45831239517770328 ) ) ;
#2658 = DIRECTION ( 'NONE',  ( 1.000000000000000000, 0.000000000000000000, -0.000000000000000000 ) ) ;
#2659 =( LENGTH_UNIT ( ) NAMED_UNIT ( * ) SI_UNIT ( .MILLI., .METRE. ) );
#2660 = ORIENTED_EDGE ( 'NONE', *, *, #2156, .T. ) ;
#2661 = CARTESIAN_POINT ( 'NONE',  ( 2.999999999999999112, -10.50000000000000178, 71.00000000000000000 ) ) ;
#2662 = DIRECTION ( 'NONE',  ( -1.000000000000000000, -1.239088197126290570E-16, 0.000000000000000000 ) ) ;
#2663 = ADVANCED_FACE ( 'NONE', ( #3182 ), #1778, .F. ) ;
#2664 = ADVANCED_FACE ( 'NONE', ( #1352 ), #3098, .F. ) ;
#2665 = LINE ( 'NONE', #86, #1539 ) ;
#2666 = VERTEX_POINT ( 'NONE', #1520 ) ;
#2667 = VERTEX_POINT ( 'NONE', #4266 ) ;
#2668 = DIRECTION ( 'NONE',  ( -2.378805816452450016E-17, 0.7313537016191671292, 0.6819983600625021403 ) ) ;
#2669 = FACE_OUTER_BOUND ( 'NONE', #397, .T. ) ;
#2670 = EDGE_CURVE ( 'NONE', #322, #4388, #1939, .T. ) ;
#2671 = DIRECTION ( 'NONE',  ( -1.000000000000000000, -1.239088197126290570E-16, -0.000000000000000000 ) ) ;
#2672 = VECTOR ( 'NONE', #837, 1000.000000000000000 ) ;
#2673 = CARTESIAN_POINT ( 'NONE',  ( 3.500000000000000000, -16.00000000000000711, 57.99999999999998579 ) ) ;
#2674 = ORIENTED_EDGE ( 'NONE', *, *, #2017, .T. ) ;
#2675 = EDGE_LOOP ( 'NONE', ( #4638, #5157, #3112, #5523, #853 ) ) ;
#2676 = VECTOR ( 'NONE', #3807, 1000.000000000000000 ) ;
#2677 = CIRCLE ( 'NONE', #3412, 1.000000000000000888 ) ;
#2678 = CARTESIAN_POINT ( 'NONE',  ( 3.499999999999995115, -15.99999999999999645, 19.99999999999999289 ) ) ;
#2679 = ADVANCED_FACE ( 'NONE', ( #249 ), #5443, .F. ) ;
#2680 = DIRECTION ( 'NONE',  ( 1.000000000000000000, 1.239088197126290570E-16, 0.000000000000000000 ) ) ;
#2681 = VERTEX_POINT ( 'NONE', #3672 ) ;
#2682 = VECTOR ( 'NONE', #3929, 1000.000000000000000 ) ;
#2683 = CIRCLE ( 'NONE', #231, 1.249999999999999334 ) ;
#2684 = ORIENTED_EDGE ( 'NONE', *, *, #3827, .T. ) ;
#2685 = VECTOR ( 'NONE', #1918, 1000.000000000000000 ) ;
#2686 = DIRECTION ( 'NONE',  ( -1.000000000000000000, -3.469446951953612956E-17, 0.000000000000000000 ) ) ;
#2687 = CARTESIAN_POINT ( 'NONE',  ( 2.724999999999999201, -14.49999999999999645, -31.09999999999999432 ) ) ;
#2688 = VECTOR ( 'NONE', #400, 1000.000000000000000 ) ;
#2689 = AXIS2_PLACEMENT_3D ( 'NONE', #2804, #4503, #2317 ) ;
#2690 = AXIS2_PLACEMENT_3D ( 'NONE', #5474, #4188, #2899 ) ;
#2691 = DIRECTION ( 'NONE',  ( 0.000000000000000000, -0.000000000000000000, -1.000000000000000000 ) ) ;
#2692 = VECTOR ( 'NONE', #548, 1000.000000000000000 ) ;
#2693 = CIRCLE ( 'NONE', #5057, 4.500000000000003553 ) ;
#2694 = ORIENTED_EDGE ( 'NONE', *, *, #3999, .F. ) ;
#2695 = VECTOR ( 'NONE', #1428, 1000.000000000000000 ) ;
#2696 = LINE ( 'NONE', #4420, #1699 ) ;
#2697 = CARTESIAN_POINT ( 'NONE',  ( 7.002000000000005109, -12.75000000000000000, 39.00000000000000000 ) ) ;
#2698 = CARTESIAN_POINT ( 'NONE',  ( 0.000000000000000000, 0.000000000000000000, -26.35000000000000142 ) ) ;
#2699 = EDGE_LOOP ( 'NONE', ( #4205, #1726, #3611, #4341 ) ) ;
#2700 = EDGE_LOOP ( 'NONE', ( #3501, #1839, #492, #4240, #598, #3783 ) ) ;
#2701 = CARTESIAN_POINT ( 'NONE',  ( 3.000000000000000000, -22.50000000000001066, 67.00000000000000000 ) ) ;
#2702 = CARTESIAN_POINT ( 'NONE',  ( 2.724999999999999201, -20.99999999999999645, -31.59999999999999787 ) ) ;
#2703 = CARTESIAN_POINT ( 'NONE',  ( -4.501000000000007439, 3.999999999999998224, 62.50000000000000000 ) ) ;
#2704 = ORIENTED_EDGE ( 'NONE', *, *, #5416, .T. ) ;
#2705 = ORIENTED_EDGE ( 'NONE', *, *, #3946, .T. ) ;
#2706 = EDGE_CURVE ( 'NONE', #815, #4791, #4099, .T. ) ;
#2707 = ADVANCED_FACE ( 'NONE', ( #3394 ), #2975, .F. ) ;
#2708 = PRESENTATION_STYLE_ASSIGNMENT (( #4919 ) ) ;
#2709 = DIRECTION ( 'NONE',  ( -2.900659373096450185E-17, 0.8917953516752833432, -0.4524390022205841411 ) ) ;
#2710 = CARTESIAN_POINT ( 'NONE',  ( 3.500000000000000444, -15.99999999999998934, -19.25000000000000711 ) ) ;
#2711 = EDGE_LOOP ( 'NONE', ( #2274, #2473, #2161, #37 ) ) ;
#2712 = AXIS2_PLACEMENT_3D ( 'NONE', #3831, #790, #2524 ) ;
#2713 = ORIENTED_EDGE ( 'NONE', *, *, #1344, .F. ) ;
#2714 = ADVANCED_FACE ( 'NONE', ( #213 ), #4660, .F. ) ;
#2715 = CARTESIAN_POINT ( 'NONE',  ( 5.000000000000000000, 3.999999999999998224, 60.85000000000000142 ) ) ;
#2716 = DIRECTION ( 'NONE',  ( -3.252606517456513918E-17, 1.000000000000000000, 0.000000000000000000 ) ) ;
#2717 = VECTOR ( 'NONE', #2761, 1000.000000000000000 ) ;
#2718 = CARTESIAN_POINT ( 'NONE',  ( 0.4999999999999988343, -10.99999999999999822, -40.00100000000001188 ) ) ;
#2719 = DIRECTION ( 'NONE',  ( -3.252606517456513918E-17, 1.000000000000000000, 0.000000000000000000 ) ) ;
#2720 = ORIENTED_EDGE ( 'NONE', *, *, #1596, .T. ) ;
#2721 = AXIS2_PLACEMENT_3D ( 'NONE', #3252, #1072, #617 ) ;
#2722 = FACE_OUTER_BOUND ( 'NONE', #1909, .T. ) ;
#2723 = CARTESIAN_POINT ( 'NONE',  ( 4.225000000000000533, -14.49999999999999645, -32.59999999999999432 ) ) ;
#2724 = VECTOR ( 'NONE', #5389, 1000.000000000000000 ) ;
#2725 = FACE_OUTER_BOUND ( 'NONE', #5403, .T. ) ;
#2726 = VERTEX_POINT ( 'NONE', #4526 ) ;
#2727 = ORIENTED_EDGE ( 'NONE', *, *, #3546, .T. ) ;
#2728 = DIRECTION ( 'NONE',  ( -1.000000000000000000, -1.239088197126290817E-16, 0.000000000000000000 ) ) ;
#2729 = DIRECTION ( 'NONE',  ( -3.252606517456513918E-17, 1.000000000000000000, 0.000000000000000000 ) ) ;
#2730 = CARTESIAN_POINT ( 'NONE',  ( 0.4999999999999987232, -8.170174558805832987, 55.54168760482228606 ) ) ;
#2731 = EDGE_LOOP ( 'NONE', ( #5079, #3218, #5447, #4722 ) ) ;
#2732 = ORIENTED_EDGE ( 'NONE', *, *, #5446, .F. ) ;
#2733 = DIRECTION ( 'NONE',  ( -1.000000000000000000, -3.469446951953611107E-17, 0.000000000000000000 ) ) ;
#2734 = CARTESIAN_POINT ( 'NONE',  ( 0.4999999999999978351, -3.499999999999999556, -40.00100000000001188 ) ) ;
#2735 = ADVANCED_FACE ( 'NONE', ( #4237 ), #4989, .F. ) ;
#2736 = CARTESIAN_POINT ( 'NONE',  ( 1.999999999999999112, -0.5000000000000065503, 62.50000000000000000 ) ) ;
#2737 = EDGE_CURVE ( 'NONE', #1226, #1564, #2800, .T. ) ;
#2738 = ORIENTED_EDGE ( 'NONE', *, *, #4646, .F. ) ;
#2739 = VERTEX_POINT ( 'NONE', #349 ) ;
#2740 = LINE ( 'NONE', #2798, #1321 ) ;
#2741 = DIRECTION ( 'NONE',  ( -1.355252715606883008E-16, 1.000000000000000000, 0.000000000000000000 ) ) ;
#2742 = CARTESIAN_POINT ( 'NONE',  ( 1.225000000000000311, -14.49999999999999645, -31.59999999999999787 ) ) ;
#2743 = FACE_OUTER_BOUND ( 'NONE', #2302, .T. ) ;
#2744 = EDGE_CURVE ( 'NONE', #1088, #3981, #4073, .T. ) ;
#2745 = ORIENTED_EDGE ( 'NONE', *, *, #4360, .T. ) ;
#2746 = DIRECTION ( 'NONE',  ( 0.000000000000000000, 1.000000000000000000, 0.000000000000000000 ) ) ;
#2747 = FACE_OUTER_BOUND ( 'NONE', #4130, .T. ) ;
#2748 = EDGE_CURVE ( 'NONE', #592, #3326, #3263, .T. ) ;
#2749 = CYLINDRICAL_SURFACE ( 'NONE', #5433, 1.600000000000000089 ) ;
#2750 = ORIENTED_EDGE ( 'NONE', *, *, #2004, .F. ) ;
#2751 = ORIENTED_EDGE ( 'NONE', *, *, #4609, .T. ) ;
#2752 = AXIS2_PLACEMENT_3D ( 'NONE', #3395, #3030, #1737 ) ;
#2753 = CARTESIAN_POINT ( 'NONE',  ( 4.000000000000000000, -6.500000000000000000, 4.800000000000002487 ) ) ;
#2754 = DIRECTION ( 'NONE',  ( 1.000000000000000000, 1.239088197126290570E-16, 0.000000000000000000 ) ) ;
#2755 = DIRECTION ( 'NONE',  ( -1.000000000000000000, -3.469446951953612956E-17, 0.000000000000000000 ) ) ;
#2756 = ORIENTED_EDGE ( 'NONE', *, *, #3068, .F. ) ;
#2757 = ORIENTED_EDGE ( 'NONE', *, *, #1130, .T. ) ;
#2758 = DIRECTION ( 'NONE',  ( -9.340879835391208171E-17, 0.7538510863919694049, -0.6570453101161651821 ) ) ;
#2759 = DIRECTION ( 'NONE',  ( -1.239088197126290570E-16, 1.000000000000000000, 0.000000000000000000 ) ) ;
#2760 = AXIS2_PLACEMENT_3D ( 'NONE', #830, #1757, #4345 ) ;
#2761 = DIRECTION ( 'NONE',  ( -1.176334233040896590E-17, 0.3390552584695132876, -0.9407664597040923393 ) ) ;
#2762 = ORIENTED_EDGE ( 'NONE', *, *, #3055, .T. ) ;
#2763 = ORIENTED_EDGE ( 'NONE', *, *, #4652, .F. ) ;
#2764 = CIRCLE ( 'NONE', #2035, 1.250000000000001110 ) ;
#2765 = EDGE_CURVE ( 'NONE', #2623, #4335, #659, .T. ) ;
#2766 = CARTESIAN_POINT ( 'NONE',  ( 0.4999999999999987232, -10.42530236141373834, 42.25511610993393674 ) ) ;
#2767 = EDGE_CURVE ( 'NONE', #5397, #149, #3645, .T. ) ;
#2768 = DIRECTION ( 'NONE',  ( -1.355252715606879803E-16, 1.000000000000000000, 0.000000000000000000 ) ) ;
#2769 = FACE_OUTER_BOUND ( 'NONE', #2148, .T. ) ;
#2770 = CIRCLE ( 'NONE', #5140, 0.7999999999999986011 ) ;
#2771 = DIRECTION ( 'NONE',  ( 0.000000000000000000, -1.000000000000000000, 0.000000000000000000 ) ) ;
#2772 = AXIS2_PLACEMENT_3D ( 'NONE', #250, #693, #3294 ) ;
#2773 = EDGE_LOOP ( 'NONE', ( #655, #2275, #5592, #1942 ) ) ;
#2774 = AXIS2_PLACEMENT_3D ( 'NONE', #5008, #5488, #1597 ) ;
#2775 = EDGE_CURVE ( 'NONE', #5201, #974, #5096, .T. ) ;
#2776 = AXIS2_PLACEMENT_3D ( 'NONE', #4018, #5359, #48 ) ;
#2777 = FACE_BOUND ( 'NONE', #705, .T. ) ;
#2778 = EDGE_CURVE ( 'NONE', #149, #2667, #1484, .T. ) ;
#2779 = CARTESIAN_POINT ( 'NONE',  ( 4.000000000000000000, -9.251384209635093114, 53.34168760482229033 ) ) ;
#2780 = CARTESIAN_POINT ( 'NONE',  ( 7.002000000000005109, -12.75000000000000000, 39.00000000000000000 ) ) ;
#2781 = VECTOR ( 'NONE', #4976, 1000.000000000000000 ) ;
#2782 = CARTESIAN_POINT ( 'NONE',  ( 7.002000000000005109, -12.40635562892712329, 43.78768300394145996 ) ) ;
#2783 = CIRCLE ( 'NONE', #1509, 1.250000000000001110 ) ;
#2784 = ORIENTED_EDGE ( 'NONE', *, *, #513, .T. ) ;
#2785 = VERTEX_POINT ( 'NONE', #5382 ) ;
#2786 = EDGE_CURVE ( 'NONE', #1837, #4287, #1453, .T. ) ;
#2787 = DIRECTION ( 'NONE',  ( 1.000000000000000000, -0.000000000000000000, -0.000000000000000000 ) ) ;
#2788 = CARTESIAN_POINT ( 'NONE',  ( 1.999999999999999112, -0.5000000000000065503, 67.00000000000000000 ) ) ;
#2789 = DIRECTION ( 'NONE',  ( 1.000000000000000000, -6.505213034913026604E-17, 0.000000000000000000 ) ) ;
#2790 = EDGE_LOOP ( 'NONE', ( #4895, #1794, #2182, #1022 ) ) ;
#2791 = EDGE_LOOP ( 'NONE', ( #1398, #3905, #4276, #3276, #3990, #2533, #2181, #190, #3748, #2649 ) ) ;
#2792 = CARTESIAN_POINT ( 'NONE',  ( 4.225000000000000533, -14.49999999999999645, -31.09999999999999432 ) ) ;
#2793 = LINE ( 'NONE', #2939, #752 ) ;
#2794 = CARTESIAN_POINT ( 'NONE',  ( 0.4999999999999989453, -12.20000000000000107, -4.000000000000000000 ) ) ;
#2795 = ORIENTED_EDGE ( 'NONE', *, *, #2744, .F. ) ;
#2796 = ORIENTED_EDGE ( 'NONE', *, *, #1412, .F. ) ;
#2797 = APPLICATION_CONTEXT ( 'automotive_design' ) ;
#2798 = CARTESIAN_POINT ( 'NONE',  ( 7.000000000000000000, -2.999999999999998668, 57.99999999999999289 ) ) ;
#2799 = PLANE ( 'NONE',  #1222 ) ;
#2800 = LINE ( 'NONE', #2938, #2224 ) ;
#2801 = LINE ( 'NONE', #1031, #1696 ) ;
#2802 = VERTEX_POINT ( 'NONE', #1821 ) ;
#2803 = VECTOR ( 'NONE', #3886, 1000.000000000000000 ) ;
#2804 = CARTESIAN_POINT ( 'NONE',  ( -64.14711903867025455, -14.54981716550030413, 65.20000000000000284 ) ) ;
#2805 = CARTESIAN_POINT ( 'NONE',  ( -4.501000000000007439, -17.00000000000000000, -13.25000000000000178 ) ) ;
#2806 = CARTESIAN_POINT ( 'NONE',  ( 4.000000000000000000, -12.46362969077260630, 35.01026416338211789 ) ) ;
#2807 = EDGE_CURVE ( 'NONE', #3299, #5372, #4404, .T. ) ;
#2808 = DIRECTION ( 'NONE',  ( 0.000000000000000000, 0.000000000000000000, 1.000000000000000000 ) ) ;
#2809 = EDGE_CURVE ( 'NONE', #1878, #1066, #2783, .T. ) ;
#2810 = VERTEX_POINT ( 'NONE', #1019 ) ;
#2811 = ORIENTED_EDGE ( 'NONE', *, *, #2039, .T. ) ;
#2812 = AXIS2_PLACEMENT_3D ( 'NONE', #1836, #3973, #499 ) ;
#2813 = LINE ( 'NONE', #2096, #946 ) ;
#2814 = FACE_OUTER_BOUND ( 'NONE', #774, .T. ) ;
#2815 = DIRECTION ( 'NONE',  ( 0.000000000000000000, -1.000000000000000000, 0.000000000000000000 ) ) ;
#2816 = ADVANCED_FACE ( 'NONE', ( #4036 ), #3171, .T. ) ;
#2817 = VERTEX_POINT ( 'NONE', #3198 ) ;
#2818 = ORIENTED_EDGE ( 'NONE', *, *, #2490, .F. ) ;
#2819 = DIRECTION ( 'NONE',  ( 1.000000000000000000, -0.000000000000000000, -0.000000000000000000 ) ) ;
#2820 = VERTEX_POINT ( 'NONE', #2873 ) ;
#2821 = DIRECTION ( 'NONE',  ( -1.000000000000000000, 0.000000000000000000, 0.000000000000000000 ) ) ;
#2822 = EDGE_CURVE ( 'NONE', #330, #2844, #4048, .T. ) ;
#2823 = ORIENTED_EDGE ( 'NONE', *, *, #5307, .F. ) ;
#2824 = CARTESIAN_POINT ( 'NONE',  ( 4.000000000000000000, -15.96394253386069728, 24.65831239517770612 ) ) ;
#2825 = EDGE_LOOP ( 'NONE', ( #3343, #1515, #4535, #4488, #3380 ) ) ;
#2826 = DIRECTION ( 'NONE',  ( 1.000000000000000000, 3.252606517456513918E-17, -0.000000000000000000 ) ) ;
#2827 = CARTESIAN_POINT ( 'NONE',  ( 0.5000000000000007772, -8.921746524012673873, 18.34168760482228322 ) ) ;
#2828 = CARTESIAN_POINT ( 'NONE',  ( 4.000000000000000000, -13.00000000000000178, -4.800000000000000711 ) ) ;
#2829 = CARTESIAN_POINT ( 'NONE',  ( 0.000000000000000000, 0.000000000000000000, -43.00000000000000000 ) ) ;
#2830 = ORIENTED_EDGE ( 'NONE', *, *, #2602, .F. ) ;
#2831 = EDGE_LOOP ( 'NONE', ( #1456, #1651 ) ) ;
#2832 = CARTESIAN_POINT ( 'NONE',  ( 2.724999999999998312, -15.99999999999999645, -31.09999999999999432 ) ) ;
#2833 = MANIFOLD_SOLID_BREP ( 'ÇÐ³ý-À­Éì37', #1207 ) ;
#2834 = CARTESIAN_POINT ( 'NONE',  ( 1.225000000000000311, -15.99999999999999645, -26.35000000000000142 ) ) ;
#2835 = DIRECTION ( 'NONE',  ( -1.000000000000000000, -1.239088197126290570E-16, 0.000000000000000000 ) ) ;
#2836 = CARTESIAN_POINT ( 'NONE',  ( 5.000000000000000000, -3.000000000000000000, 57.78260869565215785 ) ) ;
#2837 = ORIENTED_EDGE ( 'NONE', *, *, #1667, .F. ) ;
#2838 = VERTEX_POINT ( 'NONE', #1559 ) ;
#2839 = EDGE_CURVE ( 'NONE', #2802, #2525, #1368, .T. ) ;
#2840 = DIRECTION ( 'NONE',  ( -1.000000000000000000, -1.239088197126290570E-16, 0.000000000000000000 ) ) ;
#2841 = EDGE_CURVE ( 'NONE', #897, #557, #1121, .T. ) ;
#2842 = LINE ( 'NONE', #670, #4961 ) ;
#2843 = FACE_BOUND ( 'NONE', #3076, .T. ) ;
#2844 = VERTEX_POINT ( 'NONE', #1847 ) ;
#2845 = ORIENTED_EDGE ( 'NONE', *, *, #1518, .T. ) ;
#2846 = EDGE_CURVE ( 'NONE', #3703, #4681, #3114, .T. ) ;
#2847 = CARTESIAN_POINT ( 'NONE',  ( -64.14711903867025455, -8.170174558805841869, 22.45831239517770328 ) ) ;
#2848 = VERTEX_POINT ( 'NONE', #936 ) ;
#2849 = VECTOR ( 'NONE', #805, 1000.000000000000000 ) ;
#2850 = CARTESIAN_POINT ( 'NONE',  ( 1.000000000000000000, -15.96394253386069728, 24.65831239517770612 ) ) ;
#2851 = ORIENTED_EDGE ( 'NONE', *, *, #5086, .F. ) ;
#2852 = CYLINDRICAL_SURFACE ( 'NONE', #4543, 0.8000000000000003775 ) ;
#2853 = EDGE_LOOP ( 'NONE', ( #2750, #4894, #2611, #5491 ) ) ;
#2854 = DIRECTION ( 'NONE',  ( 1.000000000000000000, 3.252606517456513918E-17, 0.000000000000000000 ) ) ;
#2855 = EDGE_CURVE ( 'NONE', #1749, #4101, #3582, .T. ) ;
#2856 = DIRECTION ( 'NONE',  ( 0.000000000000000000, -1.000000000000000000, -2.168404344971010594E-16 ) ) ;
#2857 = DIRECTION ( 'NONE',  ( -1.000000000000000000, -3.252606517456513918E-17, -0.000000000000000000 ) ) ;
#2858 = VECTOR ( 'NONE', #2205, 1000.000000000000000 ) ;
#2859 = ORIENTED_EDGE ( 'NONE', *, *, #4532, .F. ) ;
#2860 = AXIS2_PLACEMENT_3D ( 'NONE', #1087, #3319, #3734 ) ;
#2861 = DIRECTION ( 'NONE',  ( -0.000000000000000000, -1.577021341797097560E-16, 1.000000000000000000 ) ) ;
#2862 = VECTOR ( 'NONE', #515, 1000.000000000000000 ) ;
#2863 = AXIS2_PLACEMENT_3D ( 'NONE', #3564, #5298, #4307 ) ;
#2864 = CIRCLE ( 'NONE', #1126, 0.8000000000000003775 ) ;
#2865 = DIRECTION ( 'NONE',  ( 1.000000000000000000, 0.000000000000000000, 0.000000000000000000 ) ) ;
#2866 = CIRCLE ( 'NONE', #4677, 0.8000000000000003775 ) ;
#2867 = LINE ( 'NONE', #1920, #5077 ) ;
#2868 = ORIENTED_EDGE ( 'NONE', *, *, #1877, .T. ) ;
#2869 = AXIS2_PLACEMENT_3D ( 'NONE', #2190, #4733, #838 ) ;
#2870 = AXIS2_PLACEMENT_3D ( 'NONE', #2144, #4793, #3935 ) ;
#2871 = ORIENTED_EDGE ( 'NONE', *, *, #1972, .F. ) ;
#2872 = AXIS2_PLACEMENT_3D ( 'NONE', #2989, #443, #844 ) ;
#2873 = CARTESIAN_POINT ( 'NONE',  ( 0.4999999999999994449, -16.57825347598732790, 4.000000000000005329 ) ) ;
#2874 = CARTESIAN_POINT ( 'NONE',  ( 7.002000000000005997, -18.12982544119417128, 22.45831239517770328 ) ) ;
#2875 = DIRECTION ( 'NONE',  ( -1.355252715606879803E-16, 1.000000000000000000, 0.000000000000000000 ) ) ;
#2876 = VECTOR ( 'NONE', #5374, 1000.000000000000000 ) ;
#2877 = AXIS2_PLACEMENT_3D ( 'NONE', #1577, #5110, #5169 ) ;
#2878 = VECTOR ( 'NONE', #4458, 1000.000000000000000 ) ;
#2879 = CARTESIAN_POINT ( 'NONE',  ( 7.002000000000005109, -13.03637030922739548, 35.01026416338211078 ) ) ;
#2880 = EDGE_LOOP ( 'NONE', ( #543, #4461, #5278, #3896, #3535, #1201, #2323, #1128, #674 ) ) ;
#2881 = EDGE_LOOP ( 'NONE', ( #3819, #975, #168, #4973 ) ) ;
#2882 = AXIS2_PLACEMENT_3D ( 'NONE', #5030, #310, #2410 ) ;
#2883 = VECTOR ( 'NONE', #2401, 1000.000000000000000 ) ;
#2884 = PLANE ( 'NONE',  #3424 ) ;
#2885 = DIRECTION ( 'NONE',  ( -1.000000000000000000, -3.252606517456513918E-17, 1.048466334442454337E-16 ) ) ;
#2886 = CARTESIAN_POINT ( 'NONE',  ( 2.999999999999999112, -8.849999999999999645, 71.00000000000000000 ) ) ;
#2887 = ORIENTED_EDGE ( 'NONE', *, *, #2613, .T. ) ;
#2888 = DIRECTION ( 'NONE',  ( 0.000000000000000000, -1.000000000000000000, 0.000000000000000000 ) ) ;
#2889 = EDGE_CURVE ( 'NONE', #4293, #2848, #3984, .T. ) ;
#2890 = ORIENTED_EDGE ( 'NONE', *, *, #3685, .F. ) ;
#2891 = EDGE_CURVE ( 'NONE', #1871, #2351, #563, .T. ) ;
#2892 = PLANE ( 'NONE',  #3060 ) ;
#2893 = CARTESIAN_POINT ( 'NONE',  ( 3.499999999999995115, -15.99999999999999645, 21.24999999999999289 ) ) ;
#2894 = CARTESIAN_POINT ( 'NONE',  ( 5.000000000000000000, -3.000000000000000000, 57.99999999999999289 ) ) ;
#2895 = ORIENTED_EDGE ( 'NONE', *, *, #3848, .F. ) ;
#2896 = ADVANCED_FACE ( 'NONE', ( #3612 ), #997, .F. ) ;
#2897 = ORIENTED_EDGE ( 'NONE', *, *, #4864, .F. ) ;
#2898 = LINE ( 'NONE', #362, #1235 ) ;
#2899 = DIRECTION ( 'NONE',  ( 0.000000000000000000, -1.000000000000000000, 0.000000000000000000 ) ) ;
#2900 = LINE ( 'NONE', #2635, #524 ) ;
#2901 = VERTEX_POINT ( 'NONE', #4306 ) ;
#2902 = ORIENTED_EDGE ( 'NONE', *, *, #4801, .F. ) ;
#2903 = CARTESIAN_POINT ( 'NONE',  ( 4.000000000000000000, -10.71297600145975792, 34.82261646130366017 ) ) ;
#2904 = CARTESIAN_POINT ( 'NONE',  ( 7.000000000000000000, -13.99999999999999645, -34.20000000000000284 ) ) ;
#2905 = CARTESIAN_POINT ( 'NONE',  ( 3.500000000000000000, -16.00000000000000711, 59.24999999999999289 ) ) ;
#2906 = AXIS2_PLACEMENT_3D ( 'NONE', #652, #5038, #4635 ) ;
#2907 = CARTESIAN_POINT ( 'NONE',  ( 4.000000000000000000, -4.499999999999999112, -4.800000000000000711 ) ) ;
#2908 = ORIENTED_EDGE ( 'NONE', *, *, #554, .F. ) ;
#2909 = ORIENTED_EDGE ( 'NONE', *, *, #4162, .F. ) ;
#2910 = VECTOR ( 'NONE', #311, 1000.000000000000000 ) ;
#2911 = DIRECTION ( 'NONE',  ( 0.000000000000000000, -1.000000000000000000, 0.000000000000000000 ) ) ;
#2912 = EDGE_LOOP ( 'NONE', ( #1879, #5517, #3883, #561 ) ) ;
#2913 = DIRECTION ( 'NONE',  ( 3.469446951953612956E-17, -1.000000000000000000, 0.000000000000000000 ) ) ;
#2914 = ORIENTED_EDGE ( 'NONE', *, *, #1458, .T. ) ;
#2915 = DIRECTION ( 'NONE',  ( -1.000000000000000000, -1.239088197126290817E-16, 0.000000000000000000 ) ) ;
#2916 = EDGE_LOOP ( 'NONE', ( #5445, #2187, #2796, #2312 ) ) ;
#2917 = CARTESIAN_POINT ( 'NONE',  ( 1.225000000000000089, -11.00000000000000178, -34.20000000000000284 ) ) ;
#2918 = DIRECTION ( 'NONE',  ( -1.355252715606879803E-16, 1.000000000000000000, 0.000000000000000000 ) ) ;
#2919 = EDGE_CURVE ( 'NONE', #12, #3703, #962, .T. ) ;
#2920 = EDGE_CURVE ( 'NONE', #2438, #4470, #1142, .T. ) ;
#2921 = DIRECTION ( 'NONE',  ( -1.000000000000000000, -3.252606517456513918E-17, 0.000000000000000000 ) ) ;
#2922 = VERTEX_POINT ( 'NONE', #2119 ) ;
#2923 = ORIENTED_EDGE ( 'NONE', *, *, #2996, .T. ) ;
#2924 = DIRECTION ( 'NONE',  ( 0.000000000000000000, -1.000000000000000000, -2.168404344971010840E-16 ) ) ;
#2925 = EDGE_CURVE ( 'NONE', #2071, #3489, #5595, .T. ) ;
#2926 = DIRECTION ( 'NONE',  ( 1.355252715606881036E-16, -1.000000000000000000, 0.000000000000000000 ) ) ;
#2927 = CARTESIAN_POINT ( 'NONE',  ( 0.4999999999999996669, -18.08243860895743893, 55.27044339804667317 ) ) ;
#2928 = ORIENTED_EDGE ( 'NONE', *, *, #4430, .T. ) ;
#2929 = ORIENTED_EDGE ( 'NONE', *, *, #3853, .T. ) ;
#2930 = DIRECTION ( 'NONE',  ( -1.000000000000000000, -3.252606517456513918E-17, 0.000000000000000000 ) ) ;
#2931 = CARTESIAN_POINT ( 'NONE',  ( 0.9999999999999993339, 1.494263266912956523, 67.00000000000000000 ) ) ;
#2932 = ADVANCED_FACE ( 'NONE', ( #2527 ), #3806, .T. ) ;
#2933 = DIRECTION ( 'NONE',  ( 0.000000000000000000, -1.000000000000000000, 0.000000000000000000 ) ) ;
#2934 = FACE_OUTER_BOUND ( 'NONE', #5295, .T. ) ;
#2935 = VERTEX_POINT ( 'NONE', #2903 ) ;
#2936 = ORIENTED_EDGE ( 'NONE', *, *, #2111, .F. ) ;
#2937 = DIRECTION ( 'NONE',  ( 0.000000000000000000, 0.000000000000000000, -1.000000000000000000 ) ) ;
#2938 = CARTESIAN_POINT ( 'NONE',  ( 0.4999999999999989453, -12.21851846721101253, 39.00000000000000000 ) ) ;
#2939 = CARTESIAN_POINT ( 'NONE',  ( 1.225000000000000311, -10.99999999999999822, -34.20000000000000284 ) ) ;
#2940 = CARTESIAN_POINT ( 'NONE',  ( 0.4999999999999995559, -17.44738683223673092, 50.55901252708742533 ) ) ;
#2941 = VERTEX_POINT ( 'NONE', #1706 ) ;
#2942 = CARTESIAN_POINT ( 'NONE',  ( 7.002000000000004221, -7.661951201776465936, 60.80847766620527750 ) ) ;
#2943 = ORIENTED_EDGE ( 'NONE', *, *, #4372, .F. ) ;
#2944 = FACE_OUTER_BOUND ( 'NONE', #4275, .T. ) ;
#2945 = DIRECTION ( 'NONE',  ( -1.000000000000000000, 0.000000000000000000, 0.000000000000000000 ) ) ;
#2946 = DIRECTION ( 'NONE',  ( 1.000000000000000000, 1.239088197126290570E-16, 0.000000000000000000 ) ) ;
#2947 = ORIENTED_EDGE ( 'NONE', *, *, #4016, .T. ) ;
#2948 = EDGE_LOOP ( 'NONE', ( #2250, #3503, #2492, #2228, #735, #307 ) ) ;
#2949 = ADVANCED_FACE ( 'NONE', ( #4741 ), #4686, .F. ) ;
#2950 = PRODUCT_DEFINITION_SHAPE ( 'NONE', 'NONE',  #4112 ) ;
#2951 = DIRECTION ( 'NONE',  ( -1.000000000000000000, -1.239088197126290570E-16, 0.000000000000000000 ) ) ;
#2952 = CARTESIAN_POINT ( 'NONE',  ( -4.501000000000010104, -10.99999999999999822, -34.20000000000000284 ) ) ;
#2953 = VECTOR ( 'NONE', #909, 1000.000000000000000 ) ;
#2954 = FACE_OUTER_BOUND ( 'NONE', #221, .T. ) ;
#2955 = ORIENTED_EDGE ( 'NONE', *, *, #2172, .F. ) ;
#2956 = EDGE_CURVE ( 'NONE', #1109, #3256, #2494, .T. ) ;
#2957 = ORIENTED_EDGE ( 'NONE', *, *, #4968, .T. ) ;
#2958 = EDGE_CURVE ( 'NONE', #4139, #591, #5479, .T. ) ;
#2959 = VECTOR ( 'NONE', #123, 1000.000000000000000 ) ;
#2960 = VECTOR ( 'NONE', #2840, 1000.000000000000000 ) ;
#2961 = CARTESIAN_POINT ( 'NONE',  ( -64.14711903867025455, -8.170174558805841869, 21.65831239517770612 ) ) ;
#2962 = DIRECTION ( 'NONE',  ( 0.000000000000000000, -1.000000000000000000, 0.000000000000000000 ) ) ;
#2963 = DIRECTION ( 'NONE',  ( 0.000000000000000000, 1.000000000000000000, 0.000000000000000000 ) ) ;
#2964 = VECTOR ( 'NONE', #1767, 1000.000000000000000 ) ;
#2965 = CIRCLE ( 'NONE', #5141, 0.8000000000000003775 ) ;
#2966 = LINE ( 'NONE', #3, #989 ) ;
#2967 = ORIENTED_EDGE ( 'NONE', *, *, #1556, .T. ) ;
#2968 = VERTEX_POINT ( 'NONE', #4254 ) ;
#2969 = EDGE_CURVE ( 'NONE', #4713, #3550, #3860, .T. ) ;
#2970 = VECTOR ( 'NONE', #708, 1000.000000000000114 ) ;
#2971 = VECTOR ( 'NONE', #1115, 1000.000000000000000 ) ;
#2972 = LINE ( 'NONE', #2536, #4115 ) ;
#2973 = CARTESIAN_POINT ( 'NONE',  ( 3.500000000000000444, -15.99999999999998934, -18.00000000000000711 ) ) ;
#2974 = VECTOR ( 'NONE', #2979, 1000.000000000000000 ) ;
#2975 = CYLINDRICAL_SURFACE ( 'NONE', #5148, 0.7999999999999986011 ) ;
#2976 = DIRECTION ( 'NONE',  ( 0.000000000000000000, -1.000000000000000000, 0.000000000000000000 ) ) ;
#2977 = DIRECTION ( 'NONE',  ( -1.000000000000000000, -3.252606517456513918E-17, 0.000000000000000000 ) ) ;
#2978 = ORIENTED_EDGE ( 'NONE', *, *, #31, .F. ) ;
#2979 = DIRECTION ( 'NONE',  ( 1.000000000000000000, 1.239088197126290570E-16, 0.000000000000000000 ) ) ;
#2980 = ORIENTED_EDGE ( 'NONE', *, *, #3179, .T. ) ;
#2981 = VECTOR ( 'NONE', #2508, 1000.000000000000000 ) ;
#2982 = LINE ( 'NONE', #778, #676 ) ;
#2983 = DIRECTION ( 'NONE',  ( 1.000000000000000000, 1.239088197126290817E-16, -5.795650323787804553E-33 ) ) ;
#2984 = AXIS2_PLACEMENT_3D ( 'NONE', #1744, #1694, #839 ) ;
#2985 = LINE ( 'NONE', #3849, #847 ) ;
#2986 = VERTEX_POINT ( 'NONE', #4194 ) ;
#2987 = EDGE_LOOP ( 'NONE', ( #4040, #1118, #2125, #3300 ) ) ;
#2988 = CARTESIAN_POINT ( 'NONE',  ( 7.002000000000005109, -12.46362969077260097, 42.98973583661788922 ) ) ;
#2989 = CARTESIAN_POINT ( 'NONE',  ( 7.002000000000005109, -15.53963716630351577, 42.90613933192071983 ) ) ;
#2990 = LINE ( 'NONE', #4739, #4253 ) ;
#2991 = EDGE_LOOP ( 'NONE', ( #4736, #3928, #2465, #1710 ) ) ;
#2992 = CARTESIAN_POINT ( 'NONE',  ( 7.002000000000005109, -8.087544543006945474, 14.54168760482228606 ) ) ;
#2993 = DIRECTION ( 'NONE',  ( 0.000000000000000000, 0.000000000000000000, 1.000000000000000000 ) ) ;
#2994 = DIRECTION ( 'NONE',  ( 3.469446951953611107E-17, -1.000000000000000000, 0.000000000000000000 ) ) ;
#2995 = ADVANCED_FACE ( 'NONE', ( #4282 ), #1185, .F. ) ;
#2996 = EDGE_CURVE ( 'NONE', #139, #4429, #505, .T. ) ;
#2997 = AXIS2_PLACEMENT_3D ( 'NONE', #1555, #2464, #4303 ) ;
#2998 = DIRECTION ( 'NONE',  ( -1.000000000000000000, -3.469446951953611107E-17, 0.000000000000000000 ) ) ;
#2999 = ORIENTED_EDGE ( 'NONE', *, *, #5446, .T. ) ;
#3000 = ORIENTED_EDGE ( 'NONE', *, *, #3079, .F. ) ;
#3001 = CIRCLE ( 'NONE', #2906, 1.250000000000001110 ) ;
#3002 = CARTESIAN_POINT ( 'NONE',  ( 4.000000000000000000, -8.052613167763272628, 50.55901252708741822 ) ) ;
#3003 = CARTESIAN_POINT ( 'NONE',  ( 4.225000000000000533, -7.828427124746200505, -37.00000000000000000 ) ) ;
#3004 = EDGE_CURVE ( 'NONE', #4089, #1564, #1645, .T. ) ;
#3005 = DIRECTION ( 'NONE',  ( -0.000000000000000000, 1.000000000000000000, 0.000000000000000000 ) ) ;
#3006 = CARTESIAN_POINT ( 'NONE',  ( 0.000000000000000000, -3.499999999999999556, -40.00100000000001188 ) ) ;
#3007 = EDGE_LOOP ( 'NONE', ( #1506, #2727 ) ) ;
#3008 = CIRCLE ( 'NONE', #3904, 0.8000000000000003775 ) ;
#3009 = ORIENTED_EDGE ( 'NONE', *, *, #4440, .F. ) ;
#3010 = CARTESIAN_POINT ( 'NONE',  ( 0.5000000000000023315, -22.50000000000001066, 67.00000000000000000 ) ) ;
#3011 = VECTOR ( 'NONE', #3245, 1000.000000000000000 ) ;
#3012 = EDGE_CURVE ( 'NONE', #5397, #5270, #3434, .T. ) ;
#3013 = DIRECTION ( 'NONE',  ( 0.000000000000000000, -1.000000000000000000, 0.000000000000000000 ) ) ;
#3014 = ORIENTED_EDGE ( 'NONE', *, *, #657, .T. ) ;
#3015 = ORIENTED_EDGE ( 'NONE', *, *, #2180, .T. ) ;
#3016 = PLANE ( 'NONE',  #3328 ) ;
#3017 = CARTESIAN_POINT ( 'NONE',  ( 0.4999999999999997780, -19.00000000000001066, 54.86700173132491898 ) ) ;
#3018 = LINE ( 'NONE', #5509, #982 ) ;
#3019 = ORIENTED_EDGE ( 'NONE', *, *, #3423, .F. ) ;
#3020 = DIRECTION ( 'NONE',  ( 0.000000000000000000, 0.000000000000000000, -1.000000000000000000 ) ) ;
#3021 = VECTOR ( 'NONE', #1196, 1000.000000000000000 ) ;
#3022 = CARTESIAN_POINT ( 'NONE',  ( 7.002000000000004221, -7.417561391042559293, 55.27044339804668027 ) ) ;
#3023 = FACE_OUTER_BOUND ( 'NONE', #5320, .T. ) ;
#3024 = LINE ( 'NONE', #5199, #4436 ) ;
#3025 = ORIENTED_EDGE ( 'NONE', *, *, #687, .F. ) ;
#3026 = ORIENTED_EDGE ( 'NONE', *, *, #2638, .T. ) ;
#3027 = ADVANCED_FACE ( 'NONE', ( #3834 ), #793, .T. ) ;
#3028 = EDGE_CURVE ( 'NONE', #4908, #3812, #367, .T. ) ;
#3029 = CARTESIAN_POINT ( 'NONE',  ( 0.5000000000000004441, -6.499999999999992895, 59.65831239517768836 ) ) ;
#3030 = DIRECTION ( 'NONE',  ( 0.000000000000000000, 0.000000000000000000, 1.000000000000000000 ) ) ;
#3031 = ORIENTED_EDGE ( 'NONE', *, *, #1430, .F. ) ;
#3032 = ORIENTED_EDGE ( 'NONE', *, *, #1518, .F. ) ;
#3033 = ADVANCED_FACE ( 'NONE', ( #729 ), #2094, .F. ) ;
#3034 = DIRECTION ( 'NONE',  ( -1.176334233040897669E-17, 0.3390552584695135652, 0.9407664597040922283 ) ) ;
#3035 = DIRECTION ( 'NONE',  ( -0.000000000000000000, -1.000000000000000000, -2.168404344971010840E-16 ) ) ;
#3036 = LINE ( 'NONE', #2605, #5046 ) ;
#3037 = ORIENTED_EDGE ( 'NONE', *, *, #2956, .T. ) ;
#3038 = AXIS2_PLACEMENT_3D ( 'NONE', #4274, #4354, #2110 ) ;
#3039 = EDGE_CURVE ( 'NONE', #4829, #352, #787, .T. ) ;
#3040 = CARTESIAN_POINT ( 'NONE',  ( 0.4999999999999979461, -4.500000000000000000, -19.20000000000000639 ) ) ;
#3041 = DIRECTION ( 'NONE',  ( 1.000000000000000000, 0.000000000000000000, 0.000000000000000000 ) ) ;
#3042 = DIRECTION ( 'NONE',  ( -0.000000000000000000, -1.000000000000000000, -2.168404344971010840E-16 ) ) ;
#3043 = ORIENTED_EDGE ( 'NONE', *, *, #2919, .T. ) ;
#3044 = DIRECTION ( 'NONE',  ( 0.000000000000000000, 0.000000000000000000, -1.000000000000000000 ) ) ;
#3045 = CIRCLE ( 'NONE', #2760, 0.7999999999999986011 ) ;
#3046 = CARTESIAN_POINT ( 'NONE',  ( -64.14711903867025455, -6.500000000000001776, 66.00000000000000000 ) ) ;
#3047 = FACE_OUTER_BOUND ( 'NONE', #791, .T. ) ;
#3048 = ORIENTED_EDGE ( 'NONE', *, *, #3137, .T. ) ;
#3049 = CIRCLE ( 'NONE', #4858, 1.250000000000001110 ) ;
#3050 = ORIENTED_EDGE ( 'NONE', *, *, #2778, .T. ) ;
#3051 = DIRECTION ( 'NONE',  ( 0.000000000000000000, 1.000000000000000000, 0.000000000000000000 ) ) ;
#3052 = FACE_OUTER_BOUND ( 'NONE', #336, .T. ) ;
#3053 = VECTOR ( 'NONE', #4640, 1000.000000000000000 ) ;
#3054 = DIRECTION ( 'NONE',  ( 1.000000000000000000, 0.000000000000000000, 0.000000000000000000 ) ) ;
#3055 = EDGE_CURVE ( 'NONE', #1226, #441, #3077, .T. ) ;
#3056 = FACE_OUTER_BOUND ( 'NONE', #4452, .T. ) ;
#3057 = ORIENTED_EDGE ( 'NONE', *, *, #4515, .F. ) ;
#3058 = EDGE_LOOP ( 'NONE', ( #556, #3725 ) ) ;
#3059 = AXIS2_PLACEMENT_3D ( 'NONE', #4071, #3644, #187 ) ;
#3060 = AXIS2_PLACEMENT_3D ( 'NONE', #1198, #5015, #1232 ) ;
#3061 = AXIS2_PLACEMENT_3D ( 'NONE', #919, #79, #547 ) ;
#3062 = DIRECTION ( 'NONE',  ( 1.000000000000000000, 3.252606517456513918E-17, -0.000000000000000000 ) ) ;
#3063 = DIRECTION ( 'NONE',  ( -1.000000000000000000, -3.252606517456513918E-17, 0.000000000000000000 ) ) ;
#3064 = AXIS2_PLACEMENT_3D ( 'NONE', #4394, #3948, #1284 ) ;
#3065 = EDGE_CURVE ( 'NONE', #5115, #3851, #5225, .T. ) ;
#3066 = VECTOR ( 'NONE', #153, 1000.000000000000000 ) ;
#3067 = DIRECTION ( 'NONE',  ( 0.000000000000000000, 1.000000000000000000, 4.336808689942015369E-15 ) ) ;
#3068 = EDGE_CURVE ( 'NONE', #3451, #4708, #1242, .T. ) ;
#3069 = ORIENTED_EDGE ( 'NONE', *, *, #842, .F. ) ;
#3070 = ORIENTED_EDGE ( 'NONE', *, *, #4898, .F. ) ;
#3071 = DIRECTION ( 'NONE',  ( -1.000000000000000000, -1.239088197126290570E-16, 0.000000000000000000 ) ) ;
#3072 = PLANE ( 'NONE',  #416 ) ;
#3073 = ADVANCED_FACE ( 'NONE', ( #1833 ), #2149, .T. ) ;
#3074 = CIRCLE ( 'NONE', #4583, 1.650000000000002132 ) ;
#3075 = LINE ( 'NONE', #444, #2439 ) ;
#3076 = EDGE_LOOP ( 'NONE', ( #4068, #1457 ) ) ;
#3077 = LINE ( 'NONE', #4800, #3595 ) ;
#3078 = LINE ( 'NONE', #1, #3156 ) ;
#3079 = EDGE_CURVE ( 'NONE', #3629, #917, #899, .T. ) ;
#3080 = DIRECTION ( 'NONE',  ( 1.000000000000000000, 1.239088197126290570E-16, 0.000000000000000000 ) ) ;
#3081 = ORIENTED_EDGE ( 'NONE', *, *, #3406, .F. ) ;
#3082 = EDGE_LOOP ( 'NONE', ( #4843, #1113, #283, #841 ) ) ;
#3083 = DIRECTION ( 'NONE',  ( 0.000000000000000000, 1.000000000000000000, 0.000000000000000000 ) ) ;
#3084 = CARTESIAN_POINT ( 'NONE',  ( 4.225000000000000533, -8.828427124746186294, -38.00000000000000000 ) ) ;
#3085 = CARTESIAN_POINT ( 'NONE',  ( 2.999999999999999112, 1.494263266912956523, 67.00000000000000000 ) ) ;
#3086 = CARTESIAN_POINT ( 'NONE',  ( 0.000000000000000000, -3.499999999999998668, 4.000000000000001776 ) ) ;
#3087 = ORIENTED_EDGE ( 'NONE', *, *, #3918, .F. ) ;
#3088 = ORIENTED_EDGE ( 'NONE', *, *, #180, .F. ) ;
#3089 = CARTESIAN_POINT ( 'NONE',  ( 7.000000000000000000, -13.99999999999999822, -19.59999999999999787 ) ) ;
#3090 = AXIS2_PLACEMENT_3D ( 'NONE', #402, #5207, #3902 ) ;
#3091 = CARTESIAN_POINT ( 'NONE',  ( 7.000000000000000000, -12.75000000000000000, 39.00000000000000000 ) ) ;
#3092 = VERTEX_POINT ( 'NONE', #1727 ) ;
#3093 = VERTEX_POINT ( 'NONE', #4851 ) ;
#3094 = EDGE_CURVE ( 'NONE', #5391, #3489, #3159, .T. ) ;
#3095 = AXIS2_PLACEMENT_3D ( 'NONE', #1390, #4033, #1448 ) ;
#3096 = CARTESIAN_POINT ( 'NONE',  ( 3.999999999999999112, 1.322726650432315409E-16, 0.000000000000000000 ) ) ;
#3097 = EDGE_CURVE ( 'NONE', #857, #5366, #5506, .T. ) ;
#3098 = PLANE ( 'NONE',  #1236 ) ;
#3099 = DIRECTION ( 'NONE',  ( -1.000000000000000000, -1.239088197126290570E-16, 0.000000000000000000 ) ) ;
#3100 = ORIENTED_EDGE ( 'NONE', *, *, #5111, .T. ) ;
#3101 = DIRECTION ( 'NONE',  ( -1.000000000000000000, -1.239088197126290570E-16, 0.000000000000000000 ) ) ;
#3102 = EDGE_CURVE ( 'NONE', #1591, #5308, #3125, .T. ) ;
#3103 = DIRECTION ( 'NONE',  ( 1.239088197126290570E-16, -1.000000000000000000, 0.000000000000000000 ) ) ;
#3104 = PLANE ( 'NONE',  #2086 ) ;
#3105 = ORIENTED_EDGE ( 'NONE', *, *, #1306, .F. ) ;
#3106 = ORIENTED_EDGE ( 'NONE', *, *, #5341, .F. ) ;
#3107 = EDGE_CURVE ( 'NONE', #4151, #3910, #4885, .T. ) ;
#3108 = DIRECTION ( 'NONE',  ( 0.000000000000000000, -0.3390552584695135652, 0.9407664597040922283 ) ) ;
#3109 = LINE ( 'NONE', #3524, #3954 ) ;
#3110 = DIRECTION ( 'NONE',  ( 0.000000000000000000, 0.000000000000000000, 1.000000000000000000 ) ) ;
#3111 = CARTESIAN_POINT ( 'NONE',  ( 4.224999999999999645, -15.99999999999999645, -31.09999999999999432 ) ) ;
#3112 = ORIENTED_EDGE ( 'NONE', *, *, #1317, .F. ) ;
#3113 = EDGE_LOOP ( 'NONE', ( #4315, #5365, #5265, #4233 ) ) ;
#3114 = LINE ( 'NONE', #284, #1604 ) ;
#3115 = FACE_BOUND ( 'NONE', #4475, .T. ) ;
#3116 = DIRECTION ( 'NONE',  ( -1.000000000000000000, -0.000000000000000000, -0.000000000000000000 ) ) ;
#3117 = LINE ( 'NONE', #2710, #144 ) ;
#3118 = VERTEX_POINT ( 'NONE', #3518 ) ;
#3119 = VERTEX_POINT ( 'NONE', #83 ) ;
#3120 = DIRECTION ( 'NONE',  ( -1.000000000000000000, -0.000000000000000000, -0.000000000000000000 ) ) ;
#3121 = CYLINDRICAL_SURFACE ( 'NONE', #2863, 1.000000000000000888 ) ;
#3122 = DIRECTION ( 'NONE',  ( -1.000000000000000000, -0.000000000000000000, 0.000000000000000000 ) ) ;
#3123 = DIRECTION ( 'NONE',  ( 1.000000000000000000, 1.239088197126290570E-16, 0.000000000000000000 ) ) ;
#3124 = ORIENTED_EDGE ( 'NONE', *, *, #3665, .T. ) ;
#3125 = LINE ( 'NONE', #2639, #5054 ) ;
#3126 = DIRECTION ( 'NONE',  ( 0.000000000000000000, 0.000000000000000000, -1.000000000000000000 ) ) ;
#3127 = EDGE_CURVE ( 'NONE', #5283, #486, #496, .T. ) ;
#3128 = FACE_OUTER_BOUND ( 'NONE', #2699, .T. ) ;
#3129 = ADVANCED_FACE ( 'NONE', ( #2722 ), #423, .F. ) ;
#3130 = ORIENTED_EDGE ( 'NONE', *, *, #4589, .T. ) ;
#3131 = ORIENTED_EDGE ( 'NONE', *, *, #408, .T. ) ;
#3132 = CARTESIAN_POINT ( 'NONE',  ( 1.000000000000000000, -18.20000000000000639, 64.13639844763217468 ) ) ;
#3133 = LINE ( 'NONE', #1924, #2781 ) ;
#3134 = DIRECTION ( 'NONE',  ( -1.355252715606883008E-16, 1.000000000000000000, 0.000000000000000000 ) ) ;
#3135 = VECTOR ( 'NONE', #506, 1000.000000000000000 ) ;
#3136 = LINE ( 'NONE', #1338, #5348 ) ;
#3137 = EDGE_CURVE ( 'NONE', #5391, #5372, #469, .T. ) ;
#3138 = ORIENTED_EDGE ( 'NONE', *, *, #3930, .T. ) ;
#3139 = VERTEX_POINT ( 'NONE', #3468 ) ;
#3140 = DIRECTION ( 'NONE',  ( -0.000000000000000000, -0.000000000000000000, -1.000000000000000000 ) ) ;
#3141 = AXIS2_PLACEMENT_3D ( 'NONE', #5332, #4987, #1435 ) ;
#3142 = VECTOR ( 'NONE', #3126, 1000.000000000000000 ) ;
#3143 = FACE_BOUND ( 'NONE', #5564, .T. ) ;
#3144 = DIRECTION ( 'NONE',  ( 0.000000000000000000, 1.000000000000000000, 0.000000000000000000 ) ) ;
#3145 = ORIENTED_EDGE ( 'NONE', *, *, #3102, .F. ) ;
#3146 = VECTOR ( 'NONE', #4375, 1000.000000000000000 ) ;
#3147 = AXIS2_PLACEMENT_3D ( 'NONE', #4926, #3178, #1003 ) ;
#3148 = VERTEX_POINT ( 'NONE', #5197 ) ;
#3149 = CARTESIAN_POINT ( 'NONE',  ( 1.000000000000000000, -12.75000000000000000, 40.47468587349739266 ) ) ;
#3150 = FACE_OUTER_BOUND ( 'NONE', #1832, .T. ) ;
#3151 = VECTOR ( 'NONE', #817, 1000.000000000000000 ) ;
#3152 = VECTOR ( 'NONE', #3140, 1000.000000000000000 ) ;
#3153 = DIRECTION ( 'NONE',  ( 0.000000000000000000, 1.000000000000000000, 0.000000000000000000 ) ) ;
#3154 = VECTOR ( 'NONE', #4964, 1000.000000000000000 ) ;
#3155 = DIRECTION ( 'NONE',  ( 1.000000000000000000, 3.252606517456513918E-17, -0.000000000000000000 ) ) ;
#3156 = VECTOR ( 'NONE', #2994, 1000.000000000000000 ) ;
#3157 = ORIENTED_EDGE ( 'NONE', *, *, #3230, .T. ) ;
#3158 = AXIS2_PLACEMENT_3D ( 'NONE', #1355, #3101, #525 ) ;
#3159 = LINE ( 'NONE', #3570, #5593 ) ;
#3160 = DIRECTION ( 'NONE',  ( 1.000000000000000000, 1.239088197126290570E-16, 0.000000000000000000 ) ) ;
#3161 = FACE_OUTER_BOUND ( 'NONE', #1850, .T. ) ;
#3162 = ORIENTED_EDGE ( 'NONE', *, *, #1516, .F. ) ;
#3163 = ORIENTED_EDGE ( 'NONE', *, *, #379, .T. ) ;
#3164 = ADVANCED_FACE ( 'NONE', ( #4770 ), #2612, .F. ) ;
#3165 = DIRECTION ( 'NONE',  ( 0.000000000000000000, -0.6819983600625021403, 0.7313537016191671292 ) ) ;
#3166 = ADVANCED_FACE ( 'NONE', ( #2197 ), #3545, .F. ) ;
#3167 = CARTESIAN_POINT ( 'NONE',  ( 0.9999999999999997780, -15.50000000000000178, 64.00000000000000000 ) ) ;
#3168 = LINE ( 'NONE', #2293, #3185 ) ;
#3169 = ORIENTED_EDGE ( 'NONE', *, *, #5105, .T. ) ;
#3170 = ORIENTED_EDGE ( 'NONE', *, *, #971, .T. ) ;
#3171 = PLANE ( 'NONE',  #5232 ) ;
#3172 = EDGE_CURVE ( 'NONE', #4693, #502, #5327, .T. ) ;
#3173 = DIRECTION ( 'NONE',  ( 1.000000000000000000, 3.252606517456513918E-17, -0.000000000000000000 ) ) ;
#3174 = DIRECTION ( 'NONE',  ( 4.818676322157792691E-17, -1.000000000000000000, 0.000000000000000000 ) ) ;
#3175 = VERTEX_POINT ( 'NONE', #1382 ) ;
#3176 = VECTOR ( 'NONE', #4998, 1000.000000000000000 ) ;
#3177 = ORIENTED_EDGE ( 'NONE', *, *, #5074, .T. ) ;
#3178 = DIRECTION ( 'NONE',  ( 0.000000000000000000, -0.000000000000000000, 1.000000000000000000 ) ) ;
#3179 = EDGE_CURVE ( 'NONE', #177, #4470, #2696, .T. ) ;
#3180 = FACE_OUTER_BOUND ( 'NONE', #228, .T. ) ;
#3181 = AXIS2_PLACEMENT_3D ( 'NONE', #3790, #1931, #3287 ) ;
#3182 = FACE_OUTER_BOUND ( 'NONE', #2912, .T. ) ;
#3183 = PLANE ( 'NONE',  #4872 ) ;
#3184 = ORIENTED_EDGE ( 'NONE', *, *, #4343, .F. ) ;
#3185 = VECTOR ( 'NONE', #509, 1000.000000000000114 ) ;
#3186 = CARTESIAN_POINT ( 'NONE',  ( 0.4999999999999988343, -13.84625753883615040, 43.51643879716585417 ) ) ;
#3187 = LINE ( 'NONE', #3626, #3859 ) ;
#3188 = CARTESIAN_POINT ( 'NONE',  ( 0.9999999999999995559, -6.500000000000000000, 65.20000000000000284 ) ) ;
#3189 = ORIENTED_EDGE ( 'NONE', *, *, #5373, .F. ) ;
#3190 = ORIENTED_EDGE ( 'NONE', *, *, #1479, .F. ) ;
#3191 = CARTESIAN_POINT ( 'NONE',  ( 1.225000000000000089, -22.49999999999998934, -24.20000000000000639 ) ) ;
#3192 = DIRECTION ( 'NONE',  ( 1.000000000000000000, -0.000000000000000000, -0.000000000000000000 ) ) ;
#3193 = CARTESIAN_POINT ( 'NONE',  ( 2.724999999999999645, -10.99999999999999822, -34.20000000000000284 ) ) ;
#3194 = ORIENTED_EDGE ( 'NONE', *, *, #2174, .F. ) ;
#3195 = EDGE_CURVE ( 'NONE', #352, #2986, #3600, .T. ) ;
#3196 = ORIENTED_EDGE ( 'NONE', *, *, #1164, .F. ) ;
#3197 = EDGE_CURVE ( 'NONE', #2667, #2209, #3712, .T. ) ;
#3198 = CARTESIAN_POINT ( 'NONE',  ( 0.4999999999999991673, -13.84625753883615040, 43.51643879716585417 ) ) ;
#3199 = LINE ( 'NONE', #154, #3679 ) ;
#3200 = DIRECTION ( 'NONE',  ( -1.000000000000000000, 0.000000000000000000, -0.000000000000000000 ) ) ;
#3201 = ORIENTED_EDGE ( 'NONE', *, *, #3012, .T. ) ;
#3202 = EDGE_CURVE ( 'NONE', #3148, #2968, #1439, .T. ) ;
#3203 = ORIENTED_EDGE ( 'NONE', *, *, #5373, .T. ) ;
#3204 = ADVANCED_FACE ( 'NONE', ( #1943 ), #4102, .T. ) ;
#3205 = FACE_OUTER_BOUND ( 'NONE', #4173, .T. ) ;
#3206 = DIRECTION ( 'NONE',  ( 1.000000000000000000, 0.000000000000000000, 0.000000000000000000 ) ) ;
#3207 = DIRECTION ( 'NONE',  ( 0.000000000000000000, 0.000000000000000000, 1.000000000000000000 ) ) ;
#3208 = EDGE_CURVE ( 'NONE', #1183, #3774, #163, .T. ) ;
#3209 = ORIENTED_EDGE ( 'NONE', *, *, #4515, .T. ) ;
#3210 = CARTESIAN_POINT ( 'NONE',  ( 4.225000000000000533, -13.99999999999999822, -19.59999999999999787 ) ) ;
#3211 = CARTESIAN_POINT ( 'NONE',  ( 4.225000000000000533, -3.000000000000000888, -19.59999999999999787 ) ) ;
#3212 = DIRECTION ( 'NONE',  ( -0.000000000000000000, -1.000000000000000000, -2.168404344971010840E-16 ) ) ;
#3213 = VERTEX_POINT ( 'NONE', #3270 ) ;
#3214 = EDGE_LOOP ( 'NONE', ( #2218, #3647, #4735, #1081, #4979, #4632, #5239, #2936, #4517 ) ) ;
#3215 = CARTESIAN_POINT ( 'NONE',  ( 0.5000000000000004441, -19.00000000000000355, 27.71223167968817336 ) ) ;
#3216 = CARTESIAN_POINT ( 'NONE',  ( 0.9999999999999995559, -8.170174558805832987, 56.34168760482229743 ) ) ;
#3217 = DIRECTION ( 'NONE',  ( 0.000000000000000000, -1.000000000000000000, 0.000000000000000000 ) ) ;
#3218 = ORIENTED_EDGE ( 'NONE', *, *, #4788, .T. ) ;
#3219 = ORIENTED_EDGE ( 'NONE', *, *, #5416, .F. ) ;
#3220 = CARTESIAN_POINT ( 'NONE',  ( 2.725000000000000533, -0.9999999999999941158, 75.00199999999998113 ) ) ;
#3221 = ORIENTED_EDGE ( 'NONE', *, *, #542, .T. ) ;
#3222 = FACE_OUTER_BOUND ( 'NONE', #1293, .T. ) ;
#3223 = EDGE_LOOP ( 'NONE', ( #4457, #3634, #5164, #2196 ) ) ;
#3224 = AXIS2_PLACEMENT_3D ( 'NONE', #1372, #5269, #3200 ) ;
#3225 = ORIENTED_EDGE ( 'NONE', *, *, #4022, .T. ) ;
#3226 = AXIS2_PLACEMENT_3D ( 'NONE', #4553, #127, #1913 ) ;
#3227 = CARTESIAN_POINT ( 'NONE',  ( 1.000000000000000444, -17.83804879822353584, 64.84983472897241086 ) ) ;
#3228 = CARTESIAN_POINT ( 'NONE',  ( 0.5000000000000004441, -19.00000000000000355, 21.65831239517770612 ) ) ;
#3229 = EDGE_CURVE ( 'NONE', #2656, #5222, #3878, .T. ) ;
#3230 = EDGE_CURVE ( 'NONE', #619, #4694, #4683, .T. ) ;
#3231 = DIRECTION ( 'NONE',  ( 0.000000000000000000, -0.9097472924187726129, 0.4151624548736461695 ) ) ;
#3232 = AXIS2_PLACEMENT_3D ( 'NONE', #2734, #2385, #2759 ) ;
#3233 = CIRCLE ( 'NONE', #5228, 0.8000000000000003775 ) ;
#3234 = VECTOR ( 'NONE', #3684, 1000.000000000000000 ) ;
#3235 = CARTESIAN_POINT ( 'NONE',  ( 0.5000000000000004441, -18.20000000000000284, 27.71223167968817336 ) ) ;
#3236 = ORIENTED_EDGE ( 'NONE', *, *, #4414, .F. ) ;
#3237 = AXIS2_PLACEMENT_3D ( 'NONE', #1162, #737, #5545 ) ;
#3238 = VECTOR ( 'NONE', #280, 1000.000000000000000 ) ;
#3239 = CARTESIAN_POINT ( 'NONE',  ( 1.000000000000000888, -18.20000000000000284, 59.65831239517768836 ) ) ;
#3240 = CIRCLE ( 'NONE', #784, 0.7999999999999986011 ) ;
#3241 = EDGE_CURVE ( 'NONE', #5537, #3974, #1090, .T. ) ;
#3242 = DIRECTION ( 'NONE',  ( 0.000000000000000000, 0.000000000000000000, -1.000000000000000000 ) ) ;
#3243 = DIRECTION ( 'NONE',  ( 0.000000000000000000, -1.000000000000000000, 0.000000000000000000 ) ) ;
#3244 = AXIS2_PLACEMENT_3D ( 'NONE', #4109, #225, #3694 ) ;
#3245 = DIRECTION ( 'NONE',  ( -1.000000000000000000, 6.505213034913025371E-17, -0.000000000000000000 ) ) ;
#3246 = ORIENTED_EDGE ( 'NONE', *, *, #2570, .F. ) ;
#3247 = ORIENTED_EDGE ( 'NONE', *, *, #2891, .T. ) ;
#3248 = DIRECTION ( 'NONE',  ( -1.000000000000000000, -3.252606517456513302E-17, -2.535569890667617935E-16 ) ) ;
#3249 = EDGE_CURVE ( 'NONE', #2449, #2817, #5020, .T. ) ;
#3250 = AXIS2_PLACEMENT_3D ( 'NONE', #4211, #329, #3013 ) ;
#3251 = DIRECTION ( 'NONE',  ( -3.252606517456513918E-17, 1.000000000000000000, 0.000000000000000000 ) ) ;
#3252 = CARTESIAN_POINT ( 'NONE',  ( 4.000000000000000000, -9.536057466139306271, 25.65831239517770612 ) ) ;
#3253 = ORIENTED_EDGE ( 'NONE', *, *, #996, .T. ) ;
#3254 = VERTEX_POINT ( 'NONE', #4448 ) ;
#3255 = CARTESIAN_POINT ( 'NONE',  ( 0.4999999999999995559, -17.00000000000000000, -12.00000000000000178 ) ) ;
#3256 = VERTEX_POINT ( 'NONE', #4021 ) ;
#3257 = PLANE ( 'NONE',  #269 ) ;
#3258 = VERTEX_POINT ( 'NONE', #4967 ) ;
#3259 = CARTESIAN_POINT ( 'NONE',  ( 0.9999999999999995559, -6.500000000000000000, 4.000000000000000000 ) ) ;
#3260 = EDGE_LOOP ( 'NONE', ( #4361, #4178, #5060, #1820 ) ) ;
#3261 = DIRECTION ( 'NONE',  ( 0.000000000000000000, 0.000000000000000000, -1.000000000000000000 ) ) ;
#3262 = DIRECTION ( 'NONE',  ( -1.000000000000000000, -3.252606517456514535E-17, 0.000000000000000000 ) ) ;
#3263 = LINE ( 'NONE', #2828, #3957 ) ;
#3264 = CARTESIAN_POINT ( 'NONE',  ( 7.001000000000008328, -8.849999999999999645, 71.00000000000000000 ) ) ;
#3265 = VERTEX_POINT ( 'NONE', #2832 ) ;
#3266 = ADVANCED_FACE ( 'NONE', ( #552 ), #5386, .F. ) ;
#3267 = ORIENTED_EDGE ( 'NONE', *, *, #4097, .T. ) ;
#3268 = EDGE_CURVE ( 'NONE', #5516, #290, #5323, .T. ) ;
#3269 = CIRCLE ( 'NONE', #5174, 0.9999999999999991118 ) ;
#3270 = CARTESIAN_POINT ( 'NONE',  ( 0.4999999999999992784, -14.91176836727676225, 64.48656371865978087 ) ) ;
#3271 = CARTESIAN_POINT ( 'NONE',  ( 0.9999999999999997780, -7.417561391042561070, 22.72955660195331262 ) ) ;
#3272 = CARTESIAN_POINT ( 'NONE',  ( 4.000000000000000000, -12.75000000000000000, 39.00000000000000000 ) ) ;
#3273 = CIRCLE ( 'NONE', #4257, 1.250000000000000888 ) ;
#3274 = DIRECTION ( 'NONE',  ( -1.355252715606879803E-16, 1.000000000000000000, 0.000000000000000000 ) ) ;
#3275 = ORIENTED_EDGE ( 'NONE', *, *, #4874, .F. ) ;
#3276 = ORIENTED_EDGE ( 'NONE', *, *, #346, .T. ) ;
#3277 = EDGE_CURVE ( 'NONE', #4013, #4139, #2223, .T. ) ;
#3278 = VECTOR ( 'NONE', #3633, 1000.000000000000000 ) ;
#3279 = LINE ( 'NONE', #2874, #2960 ) ;
#3280 = PLANE ( 'NONE',  #1146 ) ;
#3281 = CARTESIAN_POINT ( 'NONE',  ( 7.002000000000005109, -18.20000000000000639, 64.13639844763217468 ) ) ;
#3282 = ORIENTED_EDGE ( 'NONE', *, *, #4896, .T. ) ;
#3283 = ORIENTED_EDGE ( 'NONE', *, *, #3268, .T. ) ;
#3284 = ADVANCED_FACE ( 'NONE', ( #134 ), #1891, .F. ) ;
#3285 = FACE_OUTER_BOUND ( 'NONE', #267, .T. ) ;
#3286 = ORIENTED_EDGE ( 'NONE', *, *, #732, .F. ) ;
#3287 = DIRECTION ( 'NONE',  ( 0.000000000000000000, -1.000000000000000000, 0.000000000000000000 ) ) ;
#3288 = EDGE_LOOP ( 'NONE', ( #1209, #337, #875, #3791, #1427, #3556 ) ) ;
#3289 = CYLINDRICAL_SURFACE ( 'NONE', #16, 3.999999999999998224 ) ;
#3290 = VERTEX_POINT ( 'NONE', #4051 ) ;
#3291 = DIRECTION ( 'NONE',  ( 0.000000000000000000, -1.000000000000000000, 0.000000000000000000 ) ) ;
#3292 = LINE ( 'NONE', #5412, #3669 ) ;
#3293 = DIRECTION ( 'NONE',  ( 4.499821325281055267E-17, -0.3390552584695133986, -0.9407664597040922283 ) ) ;
#3294 = DIRECTION ( 'NONE',  ( 1.000000000000000000, 1.678764654171104639E-15, 0.000000000000000000 ) ) ;
#3295 = VERTEX_POINT ( 'NONE', #3625 ) ;
#3296 = CARTESIAN_POINT ( 'NONE',  ( 0.4999999999999981681, -6.499999999999999112, -40.00100000000001188 ) ) ;
#3297 = LINE ( 'NONE', #5021, #3238 ) ;
#3298 = DIRECTION ( 'NONE',  ( -1.000000000000000000, -3.252606517456513918E-17, 0.000000000000000000 ) ) ;
#3299 = VERTEX_POINT ( 'NONE', #5362 ) ;
#3300 = ORIENTED_EDGE ( 'NONE', *, *, #4155, .F. ) ;
#3301 =( NAMED_UNIT ( * ) PLANE_ANGLE_UNIT ( ) SI_UNIT ( $, .RADIAN. ) );
#3302 = CARTESIAN_POINT ( 'NONE',  ( 3.499999999999995115, -22.50000000000000000, 19.99999999999999289 ) ) ;
#3303 = DIRECTION ( 'NONE',  ( 1.000000000000000000, 1.239088197126290570E-16, -0.000000000000000000 ) ) ;
#3304 = ADVANCED_FACE ( 'NONE', ( #1464, #1034, #2777 ), #606, .T. ) ;
#3305 = EDGE_CURVE ( 'NONE', #3511, #1262, #191, .T. ) ;
#3306 = LINE ( 'NONE', #1958, #2352 ) ;
#3307 = ORIENTED_EDGE ( 'NONE', *, *, #4723, .T. ) ;
#3308 = ORIENTED_EDGE ( 'NONE', *, *, #2638, .F. ) ;
#3309 = AXIS2_PLACEMENT_3D ( 'NONE', #350, #2103, #3841 ) ;
#3310 = LINE ( 'NONE', #4265, #1139 ) ;
#3311 = ADVANCED_FACE ( 'NONE', ( #2372 ), #2061, .T. ) ;
#3312 = DIRECTION ( 'NONE',  ( 3.856989707383758400E-17, -0.3390552584695135097, -0.9407664597040923393 ) ) ;
#3313 = LINE ( 'NONE', #236, #527 ) ;
#3314 = ORIENTED_EDGE ( 'NONE', *, *, #3581, .F. ) ;
#3315 = CYLINDRICAL_SURFACE ( 'NONE', #550, 1.250000000000001110 ) ;
#3316 = ORIENTED_EDGE ( 'NONE', *, *, #1828, .T. ) ;
#3317 = CARTESIAN_POINT ( 'NONE',  ( -5.260560885536417430, -14.49999999999999645, -31.59999999999999787 ) ) ;
#3318 = CARTESIAN_POINT ( 'NONE',  ( 2.724999999999999645, -10.99999999999999822, -31.59999999999999787 ) ) ;
#3319 = DIRECTION ( 'NONE',  ( -1.000000000000000000, -3.469446951953612956E-17, 0.000000000000000000 ) ) ;
#3320 = EDGE_LOOP ( 'NONE', ( #378, #4751, #3145, #4439 ) ) ;
#3321 = CARTESIAN_POINT ( 'NONE',  ( 3.499999999999995115, -15.99999999999999645, 18.74999999999999289 ) ) ;
#3322 = AXIS2_PLACEMENT_3D ( 'NONE', #3835, #4255, #2716 ) ;
#3323 = CARTESIAN_POINT ( 'NONE',  ( 7.002000000000004221, -8.170174558805832987, 55.54168760482228606 ) ) ;
#3324 = VECTOR ( 'NONE', #3797, 1000.000000000000000 ) ;
#3325 = CYLINDRICAL_SURFACE ( 'NONE', #4710, 0.8000000000000003775 ) ;
#3326 = VERTEX_POINT ( 'NONE', #4214 ) ;
#3327 = VECTOR ( 'NONE', #2819, 1000.000000000000000 ) ;
#3328 = AXIS2_PLACEMENT_3D ( 'NONE', #4379, #20, #4763 ) ;
#3329 = ORIENTED_EDGE ( 'NONE', *, *, #2017, .F. ) ;
#3330 = VECTOR ( 'NONE', #1668, 1000.000000000000000 ) ;
#3331 = DIRECTION ( 'NONE',  ( 0.000000000000000000, 1.000000000000000000, 0.000000000000000000 ) ) ;
#3332 = DIRECTION ( 'NONE',  ( 0.000000000000000000, -1.000000000000000000, -2.168404344971010594E-16 ) ) ;
#3333 = DIRECTION ( 'NONE',  ( 1.000000000000000000, -0.000000000000000000, -0.000000000000000000 ) ) ;
#3334 = AXIS2_PLACEMENT_3D ( 'NONE', #374, #3815, #2102 ) ;
#3335 = FACE_OUTER_BOUND ( 'NONE', #5339, .T. ) ;
#3336 = ORIENTED_EDGE ( 'NONE', *, *, #3848, .T. ) ;
#3337 = ORIENTED_EDGE ( 'NONE', *, *, #3795, .T. ) ;
#3338 = EDGE_CURVE ( 'NONE', #4694, #3953, #2898, .T. ) ;
#3339 = EDGE_CURVE ( 'NONE', #1380, #2093, #3800, .T. ) ;
#3340 = LINE ( 'NONE', #4146, #4954 ) ;
#3341 = LINE ( 'NONE', #1135, #4931 ) ;
#3342 = LINE ( 'NONE', #5436, #2627 ) ;
#3343 = ORIENTED_EDGE ( 'NONE', *, *, #251, .T. ) ;
#3344 = LINE ( 'NONE', #5467, #3021 ) ;
#3345 = ORIENTED_EDGE ( 'NONE', *, *, #3502, .F. ) ;
#3346 = ADVANCED_FACE ( 'NONE', ( #1243 ), #4645, .F. ) ;
#3347 = LINE ( 'NONE', #2024, #3379 ) ;
#3348 = DIRECTION ( 'NONE',  ( -1.000000000000000000, -1.678764654171104441E-15, -3.678684285661899333E-15 ) ) ;
#3349 = DIRECTION ( 'NONE',  ( 0.000000000000000000, 0.000000000000000000, -1.000000000000000000 ) ) ;
#3350 = ORIENTED_EDGE ( 'NONE', *, *, #977, .F. ) ;
#3351 = ORIENTED_EDGE ( 'NONE', *, *, #356, .T. ) ;
#3352 = EDGE_CURVE ( 'NONE', #3774, #12, #5083, .T. ) ;
#3353 = LINE ( 'NONE', #5560, #3870 ) ;
#3354 = DIRECTION ( 'NONE',  ( -1.000000000000000000, -3.252606517456513918E-17, -0.000000000000000000 ) ) ;
#3355 = LINE ( 'NONE', #5085, #4427 ) ;
#3356 = ORIENTED_EDGE ( 'NONE', *, *, #3924, .T. ) ;
#3357 = ORIENTED_EDGE ( 'NONE', *, *, #4085, .F. ) ;
#3358 = DIRECTION ( 'NONE',  ( -1.000000000000000000, -3.252606517456513918E-17, 2.535569890667617442E-16 ) ) ;
#3359 = CARTESIAN_POINT ( 'NONE',  ( 0.9999999999999995559, -6.499999999999999112, 53.34168760482229033 ) ) ;
#3360 = CARTESIAN_POINT ( 'NONE',  ( 4.000000000000000000, -17.37825347598732506, 4.800000000000004263 ) ) ;
#3361 = VECTOR ( 'NONE', #4410, 1000.000000000000000 ) ;
#3362 = DIRECTION ( 'NONE',  ( -1.000000000000000000, -1.239088197126290817E-16, 0.000000000000000000 ) ) ;
#3363 = ORIENTED_EDGE ( 'NONE', *, *, #3202, .T. ) ;
#3364 = ORIENTED_EDGE ( 'NONE', *, *, #3339, .F. ) ;
#3365 = CIRCLE ( 'NONE', #3987, 0.8000000000000003775 ) ;
#3366 = CARTESIAN_POINT ( 'NONE',  ( 4.000000000000000000, -14.78702399854023675, 34.82261646130366017 ) ) ;
#3367 = CARTESIAN_POINT ( 'NONE',  ( 0.9999999999999997780, -14.54981716550029347, 66.00000000000000000 ) ) ;
#3368 = EDGE_CURVE ( 'NONE', #583, #3175, #3736, .T. ) ;
#3369 = DIRECTION ( 'NONE',  ( -0.000000000000000000, -0.000000000000000000, 1.000000000000000000 ) ) ;
#3370 = EDGE_CURVE ( 'NONE', #4792, #5189, #1179, .T. ) ;
#3371 = ORIENTED_EDGE ( 'NONE', *, *, #216, .T. ) ;
#3372 = DIRECTION ( 'NONE',  ( -1.000000000000000000, -3.252606517456513918E-17, -4.636167053988481521E-17 ) ) ;
#3373 = EDGE_LOOP ( 'NONE', ( #1119, #2027, #5602, #1279, #4703, #826 ) ) ;
#3374 = CARTESIAN_POINT ( 'NONE',  ( 7.001000000000002110, -8.828427124746186294, -38.00000000000000000 ) ) ;
#3375 = DIRECTION ( 'NONE',  ( -1.239088197126290570E-16, 1.000000000000000000, -1.577021341797097560E-16 ) ) ;
#3376 = EDGE_CURVE ( 'NONE', #974, #592, #3353, .T. ) ;
#3377 = FACE_OUTER_BOUND ( 'NONE', #2526, .T. ) ;
#3378 = EDGE_CURVE ( 'NONE', #290, #3842, #3439, .T. ) ;
#3379 = VECTOR ( 'NONE', #689, 1000.000000000000000 ) ;
#3380 = ORIENTED_EDGE ( 'NONE', *, *, #2490, .T. ) ;
#3381 = PLANE ( 'NONE',  #2877 ) ;
#3382 = DIRECTION ( 'NONE',  ( 4.499821325281046023E-17, -0.3390552584695132321, 0.9407664597040923393 ) ) ;
#3383 = EDGE_CURVE ( 'NONE', #1340, #1262, #1611, .T. ) ;
#3384 = DIRECTION ( 'NONE',  ( 1.000000000000000000, 1.239088197126290570E-16, 1.904444227198434433E-33 ) ) ;
#3385 = EDGE_LOOP ( 'NONE', ( #3130, #3283, #3282, #4242, #1288, #2582, #169, #5245, #1603, #1167 ) ) ;
#3386 = VERTEX_POINT ( 'NONE', #1639 ) ;
#3387 = DIRECTION ( 'NONE',  ( -1.000000000000000000, -3.469446951953611107E-17, 0.000000000000000000 ) ) ;
#3388 = CARTESIAN_POINT ( 'NONE',  ( 4.000000000000000000, -6.499999999999999112, 14.54168760482228606 ) ) ;
#3389 = CARTESIAN_POINT ( 'NONE',  ( 7.000000000000000000, -10.50000000000000178, 71.00000000000000000 ) ) ;
#3390 = CARTESIAN_POINT ( 'NONE',  ( 7.000000000000000000, 4.000000000000000000, 4.000000000000000000 ) ) ;
#3391 = VERTEX_POINT ( 'NONE', #1700 ) ;
#3392 = ORIENTED_EDGE ( 'NONE', *, *, #569, .F. ) ;
#3393 = CARTESIAN_POINT ( 'NONE',  ( 1.225000000000000089, 0.000000000000000000, 0.000000000000000000 ) ) ;
#3394 = FACE_OUTER_BOUND ( 'NONE', #738, .T. ) ;
#3395 = CARTESIAN_POINT ( 'NONE',  ( 7.001000000000002110, -0.9999999999999943379, -37.00000000000000000 ) ) ;
#3396 = VERTEX_POINT ( 'NONE', #750 ) ;
#3397 = CARTESIAN_POINT ( 'NONE',  ( 0.4999999999999981681, -6.499999999999999112, 60.21897914350814318 ) ) ;
#3398 = ORIENTED_EDGE ( 'NONE', *, *, #4302, .F. ) ;
#3399 = DIRECTION ( 'NONE',  ( -1.000000000000000000, -3.252606517456513918E-17, 0.000000000000000000 ) ) ;
#3400 = FACE_OUTER_BOUND ( 'NONE', #5051, .T. ) ;
#3401 = DIRECTION ( 'NONE',  ( 1.000000000000000000, 0.000000000000000000, 0.000000000000000000 ) ) ;
#3402 = ORIENTED_EDGE ( 'NONE', *, *, #2311, .T. ) ;
#3403 = VERTEX_POINT ( 'NONE', #2485 ) ;
#3404 = ADVANCED_FACE ( 'NONE', ( #388 ), #3381, .F. ) ;
#3405 = DIRECTION ( 'NONE',  ( -5.606118275711214248E-17, 0.4524390022205841411, 0.8917953516752833432 ) ) ;
#3406 = EDGE_CURVE ( 'NONE', #5485, #4118, #723, .T. ) ;
#3407 = DIRECTION ( 'NONE',  ( 1.000000000000000000, 3.252606517456513918E-17, 0.000000000000000000 ) ) ;
#3408 = AXIS2_PLACEMENT_3D ( 'NONE', #801, #3922, #3051 ) ;
#3409 = LINE ( 'NONE', #5563, #2803 ) ;
#3410 = ORIENTED_EDGE ( 'NONE', *, *, #5106, .F. ) ;
#3411 = VECTOR ( 'NONE', #4975, 1000.000000000000000 ) ;
#3412 = AXIS2_PLACEMENT_3D ( 'NONE', #1116, #2865, #3242 ) ;
#3413 = CARTESIAN_POINT ( 'NONE',  ( 1.225000000000000089, -10.99999999999999822, -24.20000000000000639 ) ) ;
#3414 = EDGE_CURVE ( 'NONE', #3119, #4859, #4278, .T. ) ;
#3415 = CARTESIAN_POINT ( 'NONE',  ( 0.000000000000000000, 0.000000000000000000, -18.39999999999999858 ) ) ;
#3416 = CARTESIAN_POINT ( 'NONE',  ( 4.000000000000000888, -11.53650156772112467, 15.34168760482228500 ) ) ;
#3417 = AXIS2_PLACEMENT_3D ( 'NONE', #2829, #720, #1608 ) ;
#3418 = VECTOR ( 'NONE', #3399, 1000.000000000000000 ) ;
#3419 = CARTESIAN_POINT ( 'NONE',  ( 4.000000000000000000, -16.57825347598732790, 4.000000000000000000 ) ) ;
#3420 = AXIS2_PLACEMENT_3D ( 'NONE', #2805, #4530, #2373 ) ;
#3421 = ORIENTED_EDGE ( 'NONE', *, *, #3608, .F. ) ;
#3422 = ORIENTED_EDGE ( 'NONE', *, *, #5615, .F. ) ;
#3423 = EDGE_CURVE ( 'NONE', #4992, #1048, #4593, .T. ) ;
#3424 = AXIS2_PLACEMENT_3D ( 'NONE', #3393, #4605, #2937 ) ;
#3425 = AXIS2_PLACEMENT_3D ( 'NONE', #2343, #4077, #3649 ) ;
#3426 = CIRCLE ( 'NONE', #1689, 1.000000000000000888 ) ;
#3427 = CARTESIAN_POINT ( 'NONE',  ( 21.41522322567242043, -12.19999999999999929, -4.800000000000000711 ) ) ;
#3428 = AXIS2_PLACEMENT_3D ( 'NONE', #980, #4418, #3622 ) ;
#3429 = DIRECTION ( 'NONE',  ( 0.000000000000000000, 0.000000000000000000, -1.000000000000000000 ) ) ;
#3430 = CARTESIAN_POINT ( 'NONE',  ( 0.4999999999999991673, -14.00000000000000000, 0.000000000000000000 ) ) ;
#3431 = ORIENTED_EDGE ( 'NONE', *, *, #512, .T. ) ;
#3432 = AXIS2_PLACEMENT_3D ( 'NONE', #1561, #4142, #5514 ) ;
#3433 = ORIENTED_EDGE ( 'NONE', *, *, #11, .F. ) ;
#3434 = CIRCLE ( 'NONE', #4229, 0.8000000000000003775 ) ;
#3435 = CARTESIAN_POINT ( 'NONE',  ( 0.4999999999999995559, -18.20000000000000284, 50.28776832031181243 ) ) ;
#3436 = FACE_OUTER_BOUND ( 'NONE', #2082, .T. ) ;
#3437 = ORIENTED_EDGE ( 'NONE', *, *, #2083, .F. ) ;
#3438 = ORIENTED_EDGE ( 'NONE', *, *, #2809, .T. ) ;
#3439 = LINE ( 'NONE', #5584, #954 ) ;
#3440 = FACE_OUTER_BOUND ( 'NONE', #1393, .T. ) ;
#3441 = EDGE_CURVE ( 'NONE', #1088, #1095, #4187, .T. ) ;
#3442 = FACE_OUTER_BOUND ( 'NONE', #840, .T. ) ;
#3443 = ADVANCED_FACE ( 'NONE', ( #4673 ), #3765, .F. ) ;
#3444 = EDGE_LOOP ( 'NONE', ( #651, #1844, #3921, #3048, #2258, #806, #4955, #4325, #2630, #3522 ) ) ;
#3445 = DIRECTION ( 'NONE',  ( -1.000000000000000000, -3.252606517456513918E-17, -0.000000000000000000 ) ) ;
#3446 = DIRECTION ( 'NONE',  ( -1.000000000000000000, -1.239088197126290570E-16, 0.000000000000000000 ) ) ;
#3447 = FACE_OUTER_BOUND ( 'NONE', #2033, .T. ) ;
#3448 = CIRCLE ( 'NONE', #3805, 0.7999999999999986011 ) ;
#3449 = CARTESIAN_POINT ( 'NONE',  ( 0.9999999999999995559, -8.087544543006945474, 15.34168760482228500 ) ) ;
#3450 = EDGE_CURVE ( 'NONE', #627, #3295, #5055, .T. ) ;
#3451 = VERTEX_POINT ( 'NONE', #278 ) ;
#3452 = ORIENTED_EDGE ( 'NONE', *, *, #3567, .F. ) ;
#3453 = VECTOR ( 'NONE', #5465, 1000.000000000000114 ) ;
#3454 = DIRECTION ( 'NONE',  ( 0.000000000000000000, 0.000000000000000000, -1.000000000000000000 ) ) ;
#3455 = DIRECTION ( 'NONE',  ( 1.000000000000000000, 1.239088197126290817E-16, -0.000000000000000000 ) ) ;
#3456 = DIRECTION ( 'NONE',  ( -1.000000000000000000, -1.239088197126290570E-16, 0.000000000000000000 ) ) ;
#3457 = CARTESIAN_POINT ( 'NONE',  ( 0.5000000000000004441, -12.20000000000000107, -4.000000000000000000 ) ) ;
#3458 = EDGE_CURVE ( 'NONE', #544, #897, #1140, .T. ) ;
#3459 = ORIENTED_EDGE ( 'NONE', *, *, #2511, .F. ) ;
#3460 = VECTOR ( 'NONE', #227, 1000.000000000000000 ) ;
#3461 = ORIENTED_EDGE ( 'NONE', *, *, #1563, .T. ) ;
#3462 = CARTESIAN_POINT ( 'NONE',  ( 0.000000000000000000, 0.000000000000000000, -20.00000000000000000 ) ) ;
#3463 = DIRECTION ( 'NONE',  ( -0.000000000000000000, 0.000000000000000000, 1.000000000000000000 ) ) ;
#3464 = ORIENTED_EDGE ( 'NONE', *, *, #2345, .T. ) ;
#3465 = LINE ( 'NONE', #4332, #146 ) ;
#3466 = PLANE ( 'NONE',  #3866 ) ;
#3467 = ORIENTED_EDGE ( 'NONE', *, *, #1629, .F. ) ;
#3468 = CARTESIAN_POINT ( 'NONE',  ( 0.000000000000000000, 4.000000000000000000, -28.57413601349979970 ) ) ;
#3469 = CARTESIAN_POINT ( 'NONE',  ( 2.724999999999999201, -20.99999999999999645, -40.99999999999999289 ) ) ;
#3470 = DIRECTION ( 'NONE',  ( -1.000000000000000000, -1.239088197126290570E-16, 0.000000000000000000 ) ) ;
#3471 = ORIENTED_EDGE ( 'NONE', *, *, #3966, .T. ) ;
#3472 = ORIENTED_EDGE ( 'NONE', *, *, #339, .T. ) ;
#3473 = ADVANCED_FACE ( 'NONE', ( #5273 ), #3538, .F. ) ;
#3474 = CYLINDRICAL_SURFACE ( 'NONE', #2588, 0.7999999999999986011 ) ;
#3475 = EDGE_CURVE ( 'NONE', #2351, #3804, #1319, .T. ) ;
#3476 = DIRECTION ( 'NONE',  ( 1.239088197126290570E-16, -1.000000000000000000, 0.000000000000000000 ) ) ;
#3477 = DIRECTION ( 'NONE',  ( 0.000000000000000000, 0.000000000000000000, 1.000000000000000000 ) ) ;
#3478 = CARTESIAN_POINT ( 'NONE',  ( 7.001000000000002110, -8.828427124746186294, -38.00000000000000000 ) ) ;
#3479 = VERTEX_POINT ( 'NONE', #5218 ) ;
#3480 = ORIENTED_EDGE ( 'NONE', *, *, #2284, .T. ) ;
#3481 = CARTESIAN_POINT ( 'NONE',  ( -4.501000000000010992, -20.99999999999999645, -31.59999999999999787 ) ) ;
#3482 = ADVANCED_FACE ( 'NONE', ( #1775 ), #3911, .F. ) ;
#3483 = FACE_BOUND ( 'NONE', #1170, .T. ) ;
#3484 = CARTESIAN_POINT ( 'NONE',  ( 2.724999999999999201, -14.49999999999999645, -31.09999999999999432 ) ) ;
#3485 = ORIENTED_EDGE ( 'NONE', *, *, #2807, .F. ) ;
#3486 = ORIENTED_EDGE ( 'NONE', *, *, #3028, .F. ) ;
#3487 = CARTESIAN_POINT ( 'NONE',  ( 4.000000000000003553, -7.299999999999998934, 14.54168760482228606 ) ) ;
#3488 = FACE_OUTER_BOUND ( 'NONE', #3288, .T. ) ;
#3489 = VERTEX_POINT ( 'NONE', #2252 ) ;
#3490 = DIRECTION ( 'NONE',  ( 1.000000000000000000, 0.000000000000000000, 0.000000000000000000 ) ) ;
#3491 = AXIS2_PLACEMENT_3D ( 'NONE', #3551, #2787, #197 ) ;
#3492 = CYLINDRICAL_SURFACE ( 'NONE', #4136, 0.8000000000000003775 ) ;
#3493 = CARTESIAN_POINT ( 'NONE',  ( 7.002000000000005109, -10.42530236141373834, 42.25511610993393674 ) ) ;
#3494 = EDGE_LOOP ( 'NONE', ( #1219, #3236, #2957, #5173 ) ) ;
#3495 = CIRCLE ( 'NONE', #5395, 0.9999999999999991118 ) ;
#3496 = ORIENTED_EDGE ( 'NONE', *, *, #202, .F. ) ;
#3497 = FACE_BOUND ( 'NONE', #5059, .T. ) ;
#3498 = VECTOR ( 'NONE', #5190, 1000.000000000000000 ) ;
#3499 = FACE_OUTER_BOUND ( 'NONE', #835, .T. ) ;
#3500 = CARTESIAN_POINT ( 'NONE',  ( 7.000000000000000000, -2.909747292418771281, 58.19777115052581706 ) ) ;
#3501 = ORIENTED_EDGE ( 'NONE', *, *, #1306, .T. ) ;
#3502 = EDGE_CURVE ( 'NONE', #486, #1762, #2194, .T. ) ;
#3503 = ORIENTED_EDGE ( 'NONE', *, *, #5034, .T. ) ;
#3504 = EDGE_CURVE ( 'NONE', #1109, #1550, #5194, .T. ) ;
#3505 = AXIS2_PLACEMENT_3D ( 'NONE', #1447, #2754, #2326 ) ;
#3506 = AXIS2_PLACEMENT_3D ( 'NONE', #768, #375, #3707 ) ;
#3507 = DIRECTION ( 'NONE',  ( -1.239088197126290570E-16, 1.000000000000000000, 0.000000000000000000 ) ) ;
#3508 = CARTESIAN_POINT ( 'NONE',  ( 0.5000000000000004441, -4.500000000000000000, 67.00000000000000000 ) ) ;
#3509 = VECTOR ( 'NONE', #3743, 1000.000000000000000 ) ;
#3510 = CYLINDRICAL_SURFACE ( 'NONE', #4415, 0.8000000000000003775 ) ;
#3511 = VERTEX_POINT ( 'NONE', #843 ) ;
#3512 = EDGE_LOOP ( 'NONE', ( #4991, #4456, #100, #3561 ) ) ;
#3513 = EDGE_CURVE ( 'NONE', #3290, #2726, #2633, .T. ) ;
#3514 = FACE_OUTER_BOUND ( 'NONE', #3373, .T. ) ;
#3515 = CARTESIAN_POINT ( 'NONE',  ( 4.225000000000000533, -13.99999999999999645, -34.20000000000000284 ) ) ;
#3516 = ADVANCED_FACE ( 'NONE', ( #943 ), #3016, .F. ) ;
#3517 = VERTEX_POINT ( 'NONE', #1827 ) ;
#3518 = CARTESIAN_POINT ( 'NONE',  ( 3.500000000000000444, -22.49999999999999289, -19.25000000000000711 ) ) ;
#3519 = DIRECTION ( 'NONE',  ( -1.000000000000000000, -1.239088197126290570E-16, 0.000000000000000000 ) ) ;
#3520 = DIRECTION ( 'NONE',  ( 0.000000000000000000, 0.000000000000000000, -1.000000000000000000 ) ) ;
#3521 = ORIENTED_EDGE ( 'NONE', *, *, #1765, .F. ) ;
#3522 = ORIENTED_EDGE ( 'NONE', *, *, #4692, .T. ) ;
#3523 = CARTESIAN_POINT ( 'NONE',  ( 7.002000000000003332, -7.299999999999998934, 27.71223167968819823 ) ) ;
#3524 = CARTESIAN_POINT ( 'NONE',  ( -64.14711903867025455, -8.921746524012680979, 18.34168760482228322 ) ) ;
#3525 = DIRECTION ( 'NONE',  ( -1.000000000000000000, -3.252606517456513302E-17, -4.636167053988480905E-17 ) ) ;
#3526 = DIRECTION ( 'NONE',  ( -1.000000000000000000, -1.239088197126290570E-16, -0.000000000000000000 ) ) ;
#3527 = VERTEX_POINT ( 'NONE', #466 ) ;
#3528 = VERTEX_POINT ( 'NONE', #3884 ) ;
#3529 = CARTESIAN_POINT ( 'NONE',  ( 7.002000000000005997, -18.33673903370881320, 4.000000000000002665 ) ) ;
#3530 = DIRECTION ( 'NONE',  ( -1.355252715606883008E-16, 1.000000000000000000, 0.000000000000000000 ) ) ;
#3531 = CYLINDRICAL_SURFACE ( 'NONE', #869, 1.250000000000001110 ) ;
#3532 = EDGE_CURVE ( 'NONE', #3964, #5094, #2499, .T. ) ;
#3533 = AXIS2_PLACEMENT_3D ( 'NONE', #4006, #590, #560 ) ;
#3534 = CARTESIAN_POINT ( 'NONE',  ( 0.9999999999999991118, 3.999999999999998224, 62.50000000000000000 ) ) ;
#3535 = ORIENTED_EDGE ( 'NONE', *, *, #518, .T. ) ;
#3536 = ORIENTED_EDGE ( 'NONE', *, *, #4067, .F. ) ;
#3537 = AXIS2_PLACEMENT_3D ( 'NONE', #3811, #4285, #4774 ) ;
#3538 = PLANE ( 'NONE',  #2505 ) ;
#3539 = DIRECTION ( 'NONE',  ( 0.000000000000000000, -1.000000000000000000, -2.168404344971010594E-16 ) ) ;
#3540 = ADVANCED_FACE ( 'NONE', ( #3563 ), #2578, .T. ) ;
#3541 = ADVANCED_FACE ( 'NONE', ( #4300 ), #414, .F. ) ;
#3542 = LINE ( 'NONE', #2718, #3775 ) ;
#3543 = DIRECTION ( 'NONE',  ( -1.355252715606883008E-16, 1.000000000000000000, 0.000000000000000000 ) ) ;
#3544 = VERTEX_POINT ( 'NONE', #1802 ) ;
#3545 = CYLINDRICAL_SURFACE ( 'NONE', #3158, 0.8000000000000003775 ) ;
#3546 = EDGE_CURVE ( 'NONE', #4514, #3628, #53, .T. ) ;
#3547 = LINE ( 'NONE', #110, #140 ) ;
#3548 = CYLINDRICAL_SURFACE ( 'NONE', #4719, 0.8000000000000003775 ) ;
#3549 = EDGE_LOOP ( 'NONE', ( #1114, #1921, #1197, #3422 ) ) ;
#3550 = VERTEX_POINT ( 'NONE', #1723 ) ;
#3551 = CARTESIAN_POINT ( 'NONE',  ( -4.501000000000007439, 3.100000000000000089, -34.00000000000000000 ) ) ;
#3552 = CARTESIAN_POINT ( 'NONE',  ( 4.000000000000000000, -15.96394253386069728, 25.65831239517770612 ) ) ;
#3553 = DIRECTION ( 'NONE',  ( -4.499821325281054035E-17, 0.3390552584695132876, -0.9407664597040923393 ) ) ;
#3554 = DIRECTION ( 'NONE',  ( 0.000000000000000000, -1.000000000000000000, -2.168404344971010594E-16 ) ) ;
#3555 = ORIENTED_EDGE ( 'NONE', *, *, #3172, .F. ) ;
#3556 = ORIENTED_EDGE ( 'NONE', *, *, #1181, .T. ) ;
#3557 = DIRECTION ( 'NONE',  ( 0.000000000000000000, -1.000000000000000000, 0.000000000000000000 ) ) ;
#3558 = APPLICATION_CONTEXT ( 'automotive_design' ) ;
#3559 = DIRECTION ( 'NONE',  ( -1.355252715606883008E-16, 1.000000000000000000, 0.000000000000000000 ) ) ;
#3560 = DIRECTION ( 'NONE',  ( 1.000000000000000000, 3.252606517456513918E-17, -0.000000000000000000 ) ) ;
#3561 = ORIENTED_EDGE ( 'NONE', *, *, #2311, .F. ) ;
#3562 = ORIENTED_EDGE ( 'NONE', *, *, #5138, .T. ) ;
#3563 = FACE_OUTER_BOUND ( 'NONE', #5454, .T. ) ;
#3564 = CARTESIAN_POINT ( 'NONE',  ( 7.000000000000151879, -1.999999999999998668, 57.78260869565216495 ) ) ;
#3565 = LINE ( 'NONE', #3596, #4044 ) ;
#3566 = CARTESIAN_POINT ( 'NONE',  ( 0.5000000000000004441, -7.299999999999999822, 4.800000000000002487 ) ) ;
#3567 = EDGE_CURVE ( 'NONE', #1040, #4323, #3465, .T. ) ;
#3568 = VERTEX_POINT ( 'NONE', #2170 ) ;
#3569 = ADVANCED_FACE ( 'NONE', ( #3514 ), #5247, .T. ) ;
#3570 = CARTESIAN_POINT ( 'NONE',  ( 7.000000000000000000, -22.49999999999998579, -40.99999999999999289 ) ) ;
#3571 = PLANE ( 'NONE',  #5311 ) ;
#3572 = PLANE ( 'NONE',  #4262 ) ;
#3573 = ORIENTED_EDGE ( 'NONE', *, *, #4430, .F. ) ;
#3574 = EDGE_LOOP ( 'NONE', ( #2140, #4983, #200, #927 ) ) ;
#3575 = ADVANCED_FACE ( 'NONE', ( #3967 ), #4442, .F. ) ;
#3576 = CARTESIAN_POINT ( 'NONE',  ( 7.002000000000005109, -8.921746524012673873, 17.54168760482228606 ) ) ;
#3577 = LINE ( 'NONE', #4031, #4047 ) ;
#3578 = FACE_OUTER_BOUND ( 'NONE', #5087, .T. ) ;
#3579 = EDGE_LOOP ( 'NONE', ( #88, #4544, #5081, #1267 ) ) ;
#3580 = EDGE_LOOP ( 'NONE', ( #4057, #4451, #3356, #4965, #3336, #935, #35, #1600, #2569, #500 ) ) ;
#3581 = EDGE_CURVE ( 'NONE', #1739, #440, #3773, .T. ) ;
#3582 = LINE ( 'NONE', #2245, #2878 ) ;
#3583 = CIRCLE ( 'NONE', #1766, 1.250000000000001110 ) ;
#3584 = CARTESIAN_POINT ( 'NONE',  ( 0.9999999999999997780, -15.50000000000000178, 64.00000000000000000 ) ) ;
#3585 = DIRECTION ( 'NONE',  ( -1.000000000000000000, -3.252606517456513918E-17, 0.000000000000000000 ) ) ;
#3586 = VERTEX_POINT ( 'NONE', #2766 ) ;
#3587 = CIRCLE ( 'NONE', #2610, 0.8000000000000003775 ) ;
#3588 = CIRCLE ( 'NONE', #1408, 4.499999999999997335 ) ;
#3589 = VERTEX_POINT ( 'NONE', #158 ) ;
#3590 = AXIS2_PLACEMENT_3D ( 'NONE', #5171, #872, #3936 ) ;
#3591 = DIRECTION ( 'NONE',  ( -3.252606517456513918E-17, 1.000000000000000000, 0.000000000000000000 ) ) ;
#3592 = CARTESIAN_POINT ( 'NONE',  ( 0.4999999999999990563, -12.75000000000000000, 40.47468587349739266 ) ) ;
#3593 = AXIS2_PLACEMENT_3D ( 'NONE', #2127, #4289, #3873 ) ;
#3594 = AXIS2_PLACEMENT_3D ( 'NONE', #1204, #2433, #788 ) ;
#3595 = VECTOR ( 'NONE', #2176, 1000.000000000000000 ) ;
#3596 = CARTESIAN_POINT ( 'NONE',  ( 1.000000000000000000, -3.145898033750298861, 21.65831239517770612 ) ) ;
#3597 = CARTESIAN_POINT ( 'NONE',  ( 0.5000000000000004441, -6.499999999999992895, 56.34168760482229033 ) ) ;
#3598 = AXIS2_PLACEMENT_3D ( 'NONE', #3389, #3809, #1158 ) ;
#3599 = ORIENTED_EDGE ( 'NONE', *, *, #141, .F. ) ;
#3600 = LINE ( 'NONE', #217, #2883 ) ;
#3601 = DIRECTION ( 'NONE',  ( 0.000000000000000000, 0.000000000000000000, 1.000000000000000000 ) ) ;
#3602 = EDGE_CURVE ( 'NONE', #5582, #2739, #5331, .T. ) ;
#3603 = EDGE_CURVE ( 'NONE', #4792, #4908, #3233, .T. ) ;
#3604 = FACE_OUTER_BOUND ( 'NONE', #315, .T. ) ;
#3605 = ORIENTED_EDGE ( 'NONE', *, *, #68, .F. ) ;
#3606 = DIRECTION ( 'NONE',  ( -1.000000000000000000, -1.239088197126290570E-16, 0.000000000000000000 ) ) ;
#3607 = DIRECTION ( 'NONE',  ( 0.000000000000000000, -1.000000000000000000, 0.000000000000000000 ) ) ;
#3608 = EDGE_CURVE ( 'NONE', #4329, #4008, #1862, .T. ) ;
#3609 = CARTESIAN_POINT ( 'NONE',  ( 0.4999999999999991673, -14.00000000000000355, 39.00000000000000000 ) ) ;
#3610 = ORIENTED_EDGE ( 'NONE', *, *, #3028, .T. ) ;
#3611 = ORIENTED_EDGE ( 'NONE', *, *, #1042, .F. ) ;
#3612 = FACE_OUTER_BOUND ( 'NONE', #993, .T. ) ;
#3613 = PLANE ( 'NONE',  #3232 ) ;
#3614 = ADVANCED_FACE ( 'NONE', ( #4124 ), #1084, .F. ) ;
#3615 = CARTESIAN_POINT ( 'NONE',  ( 0.9999999999999991118, 3.999999999999998224, 62.50000000000000000 ) ) ;
#3616 = ORIENTED_EDGE ( 'NONE', *, *, #4297, .T. ) ;
#3617 = ORIENTED_EDGE ( 'NONE', *, *, #4393, .F. ) ;
#3618 = CARTESIAN_POINT ( 'NONE',  ( 0.4999999999999982792, -7.299999999999999822, 4.000000000000004441 ) ) ;
#3619 = DIRECTION ( 'NONE',  ( 0.000000000000000000, 0.000000000000000000, 1.000000000000000000 ) ) ;
#3620 = VECTOR ( 'NONE', #5522, 1000.000000000000000 ) ;
#3621 = FACE_OUTER_BOUND ( 'NONE', #3653, .T. ) ;
#3622 = DIRECTION ( 'NONE',  ( 0.000000000000000000, -1.000000000000000000, -6.938893903907228378E-15 ) ) ;
#3623 = EDGE_LOOP ( 'NONE', ( #3000, #3124, #3337, #2811 ) ) ;
#3624 = AXIS2_PLACEMENT_3D ( 'NONE', #5181, #1278, #4312 ) ;
#3625 = CARTESIAN_POINT ( 'NONE',  ( 1.225000000000000089, -10.99999999999999822, -24.20000000000000639 ) ) ;
#3626 = CARTESIAN_POINT ( 'NONE',  ( 7.000000000000000000, -2.999999999999998668, 99.53303044828378177 ) ) ;
#3627 = CARTESIAN_POINT ( 'NONE',  ( 4.000000000000000000, -19.00000000000001066, 54.86700173132491898 ) ) ;
#3628 = VERTEX_POINT ( 'NONE', #2715 ) ;
#3629 = VERTEX_POINT ( 'NONE', #4045 ) ;
#3630 = ADVANCED_FACE ( 'NONE', ( #1517 ), #5411, .T. ) ;
#3631 = DIRECTION ( 'NONE',  ( 1.000000000000000000, 1.239088197126290570E-16, 0.000000000000000000 ) ) ;
#3632 = DIRECTION ( 'NONE',  ( 4.336808689942017736E-17, 1.000000000000000000, 0.000000000000000000 ) ) ;
#3633 = DIRECTION ( 'NONE',  ( 1.000000000000000000, 3.252606517456513918E-17, -0.000000000000000000 ) ) ;
#3634 = ORIENTED_EDGE ( 'NONE', *, *, #3195, .T. ) ;
#3635 = ORIENTED_EDGE ( 'NONE', *, *, #277, .F. ) ;
#3636 = EDGE_CURVE ( 'NONE', #4578, #592, #776, .T. ) ;
#3637 = EDGE_CURVE ( 'NONE', #1550, #4850, #2740, .T. ) ;
#3638 = CARTESIAN_POINT ( 'NONE',  ( 4.000000000000000000, -6.500000000000000000, 4.000000000000000000 ) ) ;
#3639 = CARTESIAN_POINT ( 'NONE',  ( 1.000000000000000000, -8.921746524012673873, 18.34168760482228677 ) ) ;
#3640 = VERTEX_POINT ( 'NONE', #1853 ) ;
#3641 = VERTEX_POINT ( 'NONE', #3618 ) ;
#3642 = EDGE_CURVE ( 'NONE', #3326, #5201, #570, .T. ) ;
#3643 = CARTESIAN_POINT ( 'NONE',  ( 0.4999999999999989453, -11.49999999999999467, 39.00000000000000000 ) ) ;
#3644 = DIRECTION ( 'NONE',  ( 1.000000000000000000, 1.239088197126290570E-16, 0.000000000000000000 ) ) ;
#3645 = LINE ( 'NONE', #4126, #2981 ) ;
#3646 = CARTESIAN_POINT ( 'NONE',  ( -64.14711903867025455, -8.170174558805841869, 56.34168760482229033 ) ) ;
#3647 = ORIENTED_EDGE ( 'NONE', *, *, #2212, .T. ) ;
#3648 = EDGE_CURVE ( 'NONE', #1048, #3589, #4491, .T. ) ;
#3649 = DIRECTION ( 'NONE',  ( 0.000000000000000000, 0.000000000000000000, 1.000000000000000000 ) ) ;
#3650 = DIRECTION ( 'NONE',  ( 1.000000000000000000, -0.000000000000000000, -0.000000000000000000 ) ) ;
#3651 = CYLINDRICAL_SURFACE ( 'NONE', #4381, 0.8000000000000020428 ) ;
#3652 = LINE ( 'NONE', #1011, #1993 ) ;
#3653 = EDGE_LOOP ( 'NONE', ( #1127, #3203, #4878, #3402, #2562, #215 ) ) ;
#3654 = VERTEX_POINT ( 'NONE', #3643 ) ;
#3655 = DIRECTION ( 'NONE',  ( 0.000000000000000000, -1.000000000000000000, 0.000000000000000000 ) ) ;
#3656 = CARTESIAN_POINT ( 'NONE',  ( 3.500000000000000444, -15.99999999999998934, -18.00000000000000711 ) ) ;
#3657 = DIRECTION ( 'NONE',  ( -1.000000000000000000, -1.239088197126290570E-16, 0.000000000000000000 ) ) ;
#3658 = EDGE_LOOP ( 'NONE', ( #5122, #1543, #4805, #2382, #118, #1013, #2215, #2054, #5612 ) ) ;
#3659 = ORIENTED_EDGE ( 'NONE', *, *, #3368, .T. ) ;
#3660 = CARTESIAN_POINT ( 'NONE',  ( 1.000000000000000000, -6.499999999999998224, 60.21897914350814318 ) ) ;
#3661 = AXIS2_PLACEMENT_3D ( 'NONE', #913, #2652, #1310 ) ;
#3662 = ORIENTED_EDGE ( 'NONE', *, *, #1061, .F. ) ;
#3663 = ADVANCED_FACE ( 'NONE', ( #3205 ), #1026, .F. ) ;
#3664 = LINE ( 'NONE', #1136, #4344 ) ;
#3665 = EDGE_CURVE ( 'NONE', #3629, #4329, #4096, .T. ) ;
#3666 = ORIENTED_EDGE ( 'NONE', *, *, #1098, .F. ) ;
#3667 = CARTESIAN_POINT ( 'NONE',  ( 1.000000000000000000, -12.75000000000000000, 40.47468587349739266 ) ) ;
#3668 = VERTEX_POINT ( 'NONE', #3227 ) ;
#3669 = VECTOR ( 'NONE', #1546, 1000.000000000000000 ) ;
#3670 = CARTESIAN_POINT ( 'NONE',  ( 4.000000000000003553, -7.299999999999998934, 50.28776832031179822 ) ) ;
#3671 = DIRECTION ( 'NONE',  ( 0.000000000000000000, 1.000000000000000000, 0.000000000000000000 ) ) ;
#3672 = CARTESIAN_POINT ( 'NONE',  ( 1.000000000000000888, -7.299999999999999822, 16.24526502967733421 ) ) ;
#3673 = VECTOR ( 'NONE', #483, 1000.000000000000000 ) ;
#3674 = AXIS2_PLACEMENT_3D ( 'NONE', #600, #3591, #1434 ) ;
#3675 = AXIS2_PLACEMENT_3D ( 'NONE', #3323, #751, #4647 ) ;
#3676 = CARTESIAN_POINT ( 'NONE',  ( 4.000000000000000000, -7.163260966291185916, 18.34168760482228322 ) ) ;
#3677 = EDGE_CURVE ( 'NONE', #641, #3517, #2965, .T. ) ;
#3678 = ORIENTED_EDGE ( 'NONE', *, *, #1556, .F. ) ;
#3679 = VECTOR ( 'NONE', #4920, 1000.000000000000000 ) ;
#3680 = VECTOR ( 'NONE', #2951, 1000.000000000000000 ) ;
#3681 = VECTOR ( 'NONE', #4279, 1000.000000000000000 ) ;
#3682 = DIRECTION ( 'NONE',  ( 0.000000000000000000, -0.000000000000000000, 1.000000000000000000 ) ) ;
#3683 = AXIS2_PLACEMENT_3D ( 'NONE', #80, #3155, #2719 ) ;
#3684 = DIRECTION ( 'NONE',  ( 1.000000000000000000, -0.000000000000000000, -0.000000000000000000 ) ) ;
#3685 = EDGE_CURVE ( 'NONE', #1717, #619, #5316, .T. ) ;
#3686 = DIRECTION ( 'NONE',  ( -0.000000000000000000, -1.000000000000000000, -0.000000000000000000 ) ) ;
#3687 = AXIS2_PLACEMENT_3D ( 'NONE', #1277, #395, #1784 ) ;
#3688 = LINE ( 'NONE', #581, #1623 ) ;
#3689 = AXIS2_PLACEMENT_3D ( 'NONE', #5089, #2930, #3915 ) ;
#3690 = VERTEX_POINT ( 'NONE', #4986 ) ;
#3691 = ORIENTED_EDGE ( 'NONE', *, *, #4302, .T. ) ;
#3692 = DIRECTION ( 'NONE',  ( -1.000000000000000000, -3.252606517456513918E-17, 0.000000000000000000 ) ) ;
#3693 = AXIS2_PLACEMENT_3D ( 'NONE', #2456, #4183, #3349 ) ;
#3694 = DIRECTION ( 'NONE',  ( 3.469446951953611107E-17, -1.000000000000000000, 0.000000000000000000 ) ) ;
#3695 = DIRECTION ( 'NONE',  ( 1.355252715606881036E-16, -1.000000000000000000, 0.000000000000000000 ) ) ;
#3696 = ORIENTED_EDGE ( 'NONE', *, *, #906, .T. ) ;
#3697 = ORIENTED_EDGE ( 'NONE', *, *, #2242, .T. ) ;
#3698 = CARTESIAN_POINT ( 'NONE',  ( 2.725000000000000533, -0.9999999999999941158, -29.20000000000000284 ) ) ;
#3699 = ORIENTED_EDGE ( 'NONE', *, *, #4788, .F. ) ;
#3700 = CARTESIAN_POINT ( 'NONE',  ( 0.000000000000000000, 4.000000000000000000, 4.000000000000003553 ) ) ;
#3701 = ORIENTED_EDGE ( 'NONE', *, *, #803, .T. ) ;
#3702 = DIRECTION ( 'NONE',  ( 7.126126975354585477E-17, 1.000000000000000000, -0.000000000000000000 ) ) ;
#3703 = VERTEX_POINT ( 'NONE', #1401 ) ;
#3704 = EDGE_CURVE ( 'NONE', #2739, #440, #976, .T. ) ;
#3705 = DIRECTION ( 'NONE',  ( 0.000000000000000000, 0.000000000000000000, -1.000000000000000000 ) ) ;
#3706 = LINE ( 'NONE', #3228, #49 ) ;
#3707 = DIRECTION ( 'NONE',  ( 0.000000000000000000, -1.000000000000000000, 0.000000000000000000 ) ) ;
#3708 = DIRECTION ( 'NONE',  ( 0.000000000000000000, -1.000000000000000000, 0.000000000000000000 ) ) ;
#3709 = ORIENTED_EDGE ( 'NONE', *, *, #5080, .T. ) ;
#3710 = EDGE_CURVE ( 'NONE', #4470, #2438, #2683, .T. ) ;
#3711 = CIRCLE ( 'NONE', #1535, 0.7999999999999986011 ) ;
#3712 = LINE ( 'NONE', #253, #5599 ) ;
#3713 = EDGE_CURVE ( 'NONE', #1995, #4978, #1171, .T. ) ;
#3714 = CYLINDRICAL_SURFACE ( 'NONE', #5049, 1.600000000000000755 ) ;
#3715 = AXIS2_PLACEMENT_3D ( 'NONE', #2673, #3554, #4916 ) ;
#3716 = DIRECTION ( 'NONE',  ( -3.469446951953612956E-17, 1.000000000000000000, 0.000000000000000000 ) ) ;
#3717 = ORIENTED_EDGE ( 'NONE', *, *, #4766, .T. ) ;
#3718 = VERTEX_POINT ( 'NONE', #4704 ) ;
#3719 = EDGE_CURVE ( 'NONE', #3868, #4867, #2982, .T. ) ;
#3720 = AXIS2_PLACEMENT_3D ( 'NONE', #4911, #5229, #528 ) ;
#3721 = CARTESIAN_POINT ( 'NONE',  ( 4.000000000000000000, -9.960362833696484230, 42.90613933192072693 ) ) ;
#3722 = PLANE ( 'NONE',  #3432 ) ;
#3723 = CARTESIAN_POINT ( 'NONE',  ( 2.725000000000000089, -8.828427124746186294, -38.00000000000000000 ) ) ;
#3724 = VERTEX_POINT ( 'NONE', #1573 ) ;
#3725 = ORIENTED_EDGE ( 'NONE', *, *, #4277, .F. ) ;
#3726 = CARTESIAN_POINT ( 'NONE',  ( 5.000000000000000000, 0.000000000000000000, 0.000000000000000000 ) ) ;
#3727 = CARTESIAN_POINT ( 'NONE',  ( 1.000000000000000000, -19.00000000000000355, 17.54168760482228606 ) ) ;
#3728 = CARTESIAN_POINT ( 'NONE',  ( 7.002000000000005997, -16.96394253386069906, 25.65831239517770612 ) ) ;
#3729 = ORIENTED_EDGE ( 'NONE', *, *, #1356, .T. ) ;
#3730 = LINE ( 'NONE', #4984, #958 ) ;
#3731 = ORIENTED_EDGE ( 'NONE', *, *, #285, .T. ) ;
#3732 = FACE_OUTER_BOUND ( 'NONE', #1650, .T. ) ;
#3733 = PLANE ( 'NONE',  #1861 ) ;
#3734 = DIRECTION ( 'NONE',  ( 0.000000000000000000, -1.000000000000000000, 0.000000000000000000 ) ) ;
#3735 = ORIENTED_EDGE ( 'NONE', *, *, #347, .F. ) ;
#3736 = LINE ( 'NONE', #4248, #3151 ) ;
#3737 = DIRECTION ( 'NONE',  ( -1.355252715606879803E-16, 1.000000000000000000, 0.000000000000000000 ) ) ;
#3738 = EDGE_CURVE ( 'NONE', #4985, #4649, #4243, .T. ) ;
#3739 = DIRECTION ( 'NONE',  ( 0.000000000000000000, -1.000000000000000000, 0.000000000000000000 ) ) ;
#3740 = EDGE_CURVE ( 'NONE', #3981, #2848, #355, .T. ) ;
#3741 = ORIENTED_EDGE ( 'NONE', *, *, #4692, .F. ) ;
#3742 = ORIENTED_EDGE ( 'NONE', *, *, #4122, .T. ) ;
#3743 = DIRECTION ( 'NONE',  ( 0.000000000000000000, 0.6819983600625023623, -0.7313537016191669071 ) ) ;
#3744 = DIRECTION ( 'NONE',  ( 1.355252715606881036E-16, -1.000000000000000000, 0.000000000000000000 ) ) ;
#3745 = DIRECTION ( 'NONE',  ( 0.000000000000000000, 0.3390552584695133431, -0.9407664597040923393 ) ) ;
#3746 = CARTESIAN_POINT ( 'NONE',  ( 0.5000000000000004441, -4.500000000000000000, 4.000000000000000000 ) ) ;
#3747 = EDGE_CURVE ( 'NONE', #4431, #5525, #2084, .T. ) ;
#3748 = ORIENTED_EDGE ( 'NONE', *, *, #4966, .T. ) ;
#3749 = EDGE_LOOP ( 'NONE', ( #1565, #2106, #4007, #2720, #2437, #2868, #2947 ) ) ;
#3750 = VECTOR ( 'NONE', #2386, 1000.000000000000000 ) ;
#3751 = DIRECTION ( 'NONE',  ( -1.000000000000000000, -3.469446951953611107E-17, 0.000000000000000000 ) ) ;
#3752 = ORIENTED_EDGE ( 'NONE', *, *, #3055, .F. ) ;
#3753 = DIRECTION ( 'NONE',  ( 1.000000000000000000, 1.678764654171104639E-15, 3.678684285661899333E-15 ) ) ;
#3754 = ADVANCED_FACE ( 'NONE', ( #4181 ), #715, .F. ) ;
#3755 = EDGE_LOOP ( 'NONE', ( #934, #5472, #5041, #5214 ) ) ;
#3756 = DIRECTION ( 'NONE',  ( 1.000000000000000000, 0.000000000000000000, 0.000000000000000000 ) ) ;
#3757 = EDGE_LOOP ( 'NONE', ( #1301, #3822, #5464, #4342, #1255 ) ) ;
#3758 = VECTOR ( 'NONE', #3454, 1000.000000000000000 ) ;
#3759 = CARTESIAN_POINT ( 'NONE',  ( -64.14711903867025455, -6.500000000000000888, 18.34168760482228322 ) ) ;
#3760 = CARTESIAN_POINT ( 'NONE',  ( -64.14711903867025455, -19.00000000000000711, 6.896422575144960376 ) ) ;
#3761 = CARTESIAN_POINT ( 'NONE',  ( 0.4999999999999990563, -12.46362969077260630, 35.01026416338211789 ) ) ;
#3762 = VERTEX_POINT ( 'NONE', #5469 ) ;
#3763 = CIRCLE ( 'NONE', #138, 0.8000000000000003775 ) ;
#3764 = EDGE_LOOP ( 'NONE', ( #3363, #2577, #481, #667 ) ) ;
#3765 = CYLINDRICAL_SURFACE ( 'NONE', #3594, 0.8000000000000003775 ) ;
#3766 = AXIS2_PLACEMENT_3D ( 'NONE', #73, #2626, #3559 ) ;
#3767 = VECTOR ( 'NONE', #1037, 1000.000000000000000 ) ;
#3768 = DIRECTION ( 'NONE',  ( -1.000000000000000000, -1.239088197126290570E-16, 0.000000000000000000 ) ) ;
#3769 = VECTOR ( 'NONE', #2857, 1000.000000000000000 ) ;
#3770 = PLANE ( 'NONE',  #358 ) ;
#3771 = ORIENTED_EDGE ( 'NONE', *, *, #3648, .F. ) ;
#3772 = VECTOR ( 'NONE', #3192, 1000.000000000000000 ) ;
#3773 = CIRCLE ( 'NONE', #4221, 0.8000000000000003775 ) ;
#3774 = VERTEX_POINT ( 'NONE', #5131 ) ;
#3775 = VECTOR ( 'NONE', #2255, 1000.000000000000000 ) ;
#3776 = DIRECTION ( 'NONE',  ( 1.000000000000000000, 1.239088197126290570E-16, 0.000000000000000000 ) ) ;
#3777 = ADVANCED_FACE ( 'NONE', ( #2480 ), #1998, .F. ) ;
#3778 = DIRECTION ( 'NONE',  ( 0.000000000000000000, -1.000000000000000000, 0.000000000000000000 ) ) ;
#3779 = ADVANCED_FACE ( 'NONE', ( #3824 ), #2892, .T. ) ;
#3780 = DIRECTION ( 'NONE',  ( -1.000000000000000000, -3.469446951953611107E-17, 0.000000000000000000 ) ) ;
#3781 = VECTOR ( 'NONE', #3890, 1000.000000000000000 ) ;
#3782 = DIRECTION ( 'NONE',  ( 3.942553354492745133E-17, -1.000000000000000000, -7.885106708985490266E-17 ) ) ;
#3783 = ORIENTED_EDGE ( 'NONE', *, *, #4854, .F. ) ;
#3784 = VERTEX_POINT ( 'NONE', #2917 ) ;
#3785 = ADVANCED_FACE ( 'NONE', ( #4639 ), #4209, .F. ) ;
#3786 = ADVANCED_FACE ( 'NONE', ( #2944 ), #326, .T. ) ;
#3787 = LINE ( 'NONE', #1336, #4220 ) ;
#3788 = CARTESIAN_POINT ( 'NONE',  ( 0.9999999999999995559, -6.500000000000000000, 4.000000000000000000 ) ) ;
#3789 = AXIS2_PLACEMENT_3D ( 'NONE', #2273, #4039, #99 ) ;
#3790 = CARTESIAN_POINT ( 'NONE',  ( 7.002000000000005997, -17.32982544119417057, 22.45831239517770328 ) ) ;
#3791 = ORIENTED_EDGE ( 'NONE', *, *, #1554, .T. ) ;
#3792 = CARTESIAN_POINT ( 'NONE',  ( 2.725000000000000089, -8.828427124746186294, -38.00000000000000000 ) ) ;
#3793 = ORIENTED_EDGE ( 'NONE', *, *, #3012, .F. ) ;
#3794 = DIRECTION ( 'NONE',  ( 0.000000000000000000, 0.000000000000000000, 1.000000000000000000 ) ) ;
#3795 = EDGE_CURVE ( 'NONE', #4329, #3875, #3347, .T. ) ;
#3796 = CYLINDRICAL_SURFACE ( 'NONE', #4215, 0.8000000000000003775 ) ;
#3797 = DIRECTION ( 'NONE',  ( 0.000000000000000000, 1.000000000000000000, 0.000000000000000000 ) ) ;
#3798 = ORIENTED_EDGE ( 'NONE', *, *, #5074, .F. ) ;
#3799 = VERTEX_POINT ( 'NONE', #2427 ) ;
#3800 = LINE ( 'NONE', #2988, #3680 ) ;
#3801 = FACE_OUTER_BOUND ( 'NONE', #3623, .T. ) ;
#3802 = CARTESIAN_POINT ( 'NONE',  ( -64.14711903867025455, -6.500000000000000888, 21.65831239517770612 ) ) ;
#3803 = ORIENTED_EDGE ( 'NONE', *, *, #2889, .T. ) ;
#3804 = VERTEX_POINT ( 'NONE', #4152 ) ;
#3805 = AXIS2_PLACEMENT_3D ( 'NONE', #4936, #5364, #5452 ) ;
#3806 = PLANE ( 'NONE',  #876 ) ;
#3807 = DIRECTION ( 'NONE',  ( 0.000000000000000000, -1.000000000000000000, 0.000000000000000000 ) ) ;
#3808 = PRODUCT ( '\X2\53f34fa7677f\X0\-\X2\4e0b534a\X0\-\X2\5e2687ba7eb9\X0\', '\X2\53f34fa7677f\X0\-\X2\4e0b534a\X0\-\X2\5e2687ba7eb9\X0\', '', ( #1023 ) ) ;
#3809 = DIRECTION ( 'NONE',  ( 1.000000000000000000, 0.000000000000000000, -0.000000000000000000 ) ) ;
#3810 = VECTOR ( 'NONE', #4608, 1000.000000000000000 ) ;
#3811 = CARTESIAN_POINT ( 'NONE',  ( 1.225000000000000089, -10.99999999999999822, -24.20000000000000639 ) ) ;
#3812 = VERTEX_POINT ( 'NONE', #1144 ) ;
#3813 = VERTEX_POINT ( 'NONE', #2056 ) ;
#3814 = VECTOR ( 'NONE', #370, 1000.000000000000000 ) ;
#3815 = DIRECTION ( 'NONE',  ( 0.000000000000000000, -1.000000000000000000, -2.168404344971010594E-16 ) ) ;
#3816 = CARTESIAN_POINT ( 'NONE',  ( 7.002000000000006885, -18.20000000000000284, 51.08776832031181669 ) ) ;
#3817 = DIRECTION ( 'NONE',  ( 0.000000000000000000, 0.000000000000000000, -1.000000000000000000 ) ) ;
#3818 = LINE ( 'NONE', #2541, #1265 ) ;
#3819 = ORIENTED_EDGE ( 'NONE', *, *, #4680, .F. ) ;
#3820 = DIRECTION ( 'NONE',  ( -3.469446951953612956E-17, 1.000000000000000000, -0.000000000000000000 ) ) ;
#3821 = ADVANCED_FACE ( 'NONE', ( #3732 ), #1633, .F. ) ;
#3822 = ORIENTED_EDGE ( 'NONE', *, *, #5455, .T. ) ;
#3823 = EDGE_CURVE ( 'NONE', #641, #5012, #5075, .T. ) ;
#3824 = FACE_OUTER_BOUND ( 'NONE', #3749, .T. ) ;
#3825 = CARTESIAN_POINT ( 'NONE',  ( 4.999999999999999112, -2.909747292418774833, 58.19777115052580996 ) ) ;
#3826 = CARTESIAN_POINT ( 'NONE',  ( 7.000000000000000000, -13.99999999999999645, -26.35000000000000142 ) ) ;
#3827 = EDGE_CURVE ( 'NONE', #4390, #3258, #2022, .T. ) ;
#3828 = ORIENTED_EDGE ( 'NONE', *, *, #3648, .T. ) ;
#3829 = CARTESIAN_POINT ( 'NONE',  ( -63.03173803727768387, -7.300000000000001599, 51.08776832031181669 ) ) ;
#3830 = DIRECTION ( 'NONE',  ( 3.252606517456513918E-17, -1.000000000000000000, 0.000000000000000000 ) ) ;
#3831 = CARTESIAN_POINT ( 'NONE',  ( 7.000000000000000000, 0.000000000000000000, 0.000000000000000000 ) ) ;
#3832 = EDGE_CURVE ( 'NONE', #1636, #113, #268, .T. ) ;
#3833 = ORIENTED_EDGE ( 'NONE', *, *, #1099, .T. ) ;
#3834 = FACE_OUTER_BOUND ( 'NONE', #2791, .T. ) ;
#3835 = CARTESIAN_POINT ( 'NONE',  ( 0.9999999999999997780, -15.50000000000000178, 64.00000000000000000 ) ) ;
#3836 = CARTESIAN_POINT ( 'NONE',  ( 7.002000000000005109, -18.20000000000000639, 64.13639844763217468 ) ) ;
#3837 = DIRECTION ( 'NONE',  ( 8.673617379884003425E-17, -1.000000000000000000, 0.000000000000000000 ) ) ;
#3838 = ORIENTED_EDGE ( 'NONE', *, *, #1799, .F. ) ;
#3839 = ORIENTED_EDGE ( 'NONE', *, *, #3827, .F. ) ;
#3840 = CARTESIAN_POINT ( 'NONE',  ( 4.000000000000000000, -6.499999999999999112, 53.34168760482229033 ) ) ;
#3841 = DIRECTION ( 'NONE',  ( 0.000000000000000000, 0.000000000000000000, 1.000000000000000000 ) ) ;
#3842 = VERTEX_POINT ( 'NONE', #5071 ) ;
#3843 = EDGE_LOOP ( 'NONE', ( #2168, #5398 ) ) ;
#3844 = CARTESIAN_POINT ( 'NONE',  ( 4.000000000000000000, -18.46851846721101964, 21.65831239517770612 ) ) ;
#3845 = CARTESIAN_POINT ( 'NONE',  ( 7.002000000000004221, -9.251384209635093114, 52.54168760482228606 ) ) ;
#3846 = ADVANCED_FACE ( 'NONE', ( #1108 ), #4611, .F. ) ;
#3847 = AXIS2_PLACEMENT_3D ( 'NONE', #4347, #376, #2976 ) ;
#3848 = EDGE_CURVE ( 'NONE', #4740, #2334, #3344, .T. ) ;
#3849 = CARTESIAN_POINT ( 'NONE',  ( 1.225000000000000089, -10.99999999999999822, -29.20000000000000284 ) ) ;
#3850 = VERTEX_POINT ( 'NONE', #1138 ) ;
#3851 = VERTEX_POINT ( 'NONE', #1996 ) ;
#3852 = DIRECTION ( 'NONE',  ( 0.000000000000000000, 0.000000000000000000, 1.000000000000000000 ) ) ;
#3853 = EDGE_CURVE ( 'NONE', #1183, #815, #2458, .T. ) ;
#3854 = LINE ( 'NONE', #4334, #782 ) ;
#3855 = VECTOR ( 'NONE', #860, 1000.000000000000227 ) ;
#3856 = CARTESIAN_POINT ( 'NONE',  ( 0.5000000000000004441, -7.299999999999999822, 4.000000000000002665 ) ) ;
#3857 = ORIENTED_EDGE ( 'NONE', *, *, #1928, .T. ) ;
#3858 = VECTOR ( 'NONE', #286, 1000.000000000000000 ) ;
#3859 = VECTOR ( 'NONE', #5387, 1000.000000000000000 ) ;
#3860 = LINE ( 'NONE', #2961, #1869 ) ;
#3861 = FACE_BOUND ( 'NONE', #2831, .T. ) ;
#3862 = ADVANCED_FACE ( 'NONE', ( #5101 ), #3289, .T. ) ;
#3863 = CARTESIAN_POINT ( 'NONE',  ( 1.000000000000000888, -7.299999999999999822, 66.00000000000000000 ) ) ;
#3864 = VECTOR ( 'NONE', #4668, 1000.000000000000000 ) ;
#3865 = CARTESIAN_POINT ( 'NONE',  ( 7.000000000000000000, -2.999999999999998668, 57.78260869565216495 ) ) ;
#3866 = AXIS2_PLACEMENT_3D ( 'NONE', #1295, #3041, #4467 ) ;
#3867 = ORIENTED_EDGE ( 'NONE', *, *, #4732, .F. ) ;
#3868 = VERTEX_POINT ( 'NONE', #1571 ) ;
#3869 = AXIS2_PLACEMENT_3D ( 'NONE', #965, #586, #3607 ) ;
#3870 = VECTOR ( 'NONE', #3852, 1000.000000000000000 ) ;
#3872 = DIRECTION ( 'NONE',  ( -1.000000000000000000, -3.252606517456513918E-17, 0.000000000000000000 ) ) ;
#3871 = AXIS2_PLACEMENT_3D ( 'NONE', #3938, #55, #1410 ) ;
#3873 = DIRECTION ( 'NONE',  ( 0.000000000000000000, 0.3390552584695132876, -0.9407664597040923393 ) ) ;
#3874 = LINE ( 'NONE', #5606, #1672 ) ;
#3875 = VERTEX_POINT ( 'NONE', #239 ) ;
#3876 = CIRCLE ( 'NONE', #1873, 1.000000000000000888 ) ;
#3877 = ORIENTED_EDGE ( 'NONE', *, *, #5138, .F. ) ;
#3878 = CIRCLE ( 'NONE', #2137, 0.8000000000000003775 ) ;
#3879 = LINE ( 'NONE', #1289, #3855 ) ;
#3880 = DIRECTION ( 'NONE',  ( 0.000000000000000000, 9.637352644315600666E-16, -1.000000000000000000 ) ) ;
#3881 = CARTESIAN_POINT ( 'NONE',  ( 6.999999999999999112, 6.563277878031139601, 66.19859520899437655 ) ) ;
#3882 = EDGE_LOOP ( 'NONE', ( #2943, #3043, #3106, #2415, #686, #1592, #2065, #4663 ) ) ;
#3883 = ORIENTED_EDGE ( 'NONE', *, *, #5555, .T. ) ;
#3884 = CARTESIAN_POINT ( 'NONE',  ( 4.000000000000000000, -14.78702399854024208, 43.17738353869633983 ) ) ;
#3885 = LINE ( 'NONE', #1640, #2506 ) ;
#3886 = DIRECTION ( 'NONE',  ( -1.000000000000000000, -1.239088197126290570E-16, -0.000000000000000000 ) ) ;
#3887 = ADVANCED_FACE ( 'NONE', ( #1168 ), #3315, .F. ) ;
#3888 = ORIENTED_EDGE ( 'NONE', *, *, #5307, .T. ) ;
#3889 = EDGE_CURVE ( 'NONE', #3851, #2901, #1933, .T. ) ;
#3890 = DIRECTION ( 'NONE',  ( -7.477256361968996787E-18, -2.392722035830078972E-16, 1.000000000000000000 ) ) ;
#3891 = CARTESIAN_POINT ( 'NONE',  ( 4.000000000000000000, -9.536057466139306271, 25.65831239517770612 ) ) ;
#3892 = CARTESIAN_POINT ( 'NONE',  ( 0.4999999999999990563, -12.46362969077260274, 42.98973583661788211 ) ) ;
#3893 = AXIS2_PLACEMENT_3D ( 'NONE', #1493, #1065, #3739 ) ;
#3894 = CARTESIAN_POINT ( 'NONE',  ( 0.4999999999999990563, -12.75000000000000000, 39.00000000000000000 ) ) ;
#3895 = EDGE_LOOP ( 'NONE', ( #2732, #3717, #270, #3351 ) ) ;
#3896 = ORIENTED_EDGE ( 'NONE', *, *, #1452, .F. ) ;
#3897 = ADVANCED_FACE ( 'NONE', ( #682 ), #4179, .F. ) ;
#3898 = AXIS2_PLACEMENT_3D ( 'NONE', #2129, #4750, #1738 ) ;
#3899 = DIRECTION ( 'NONE',  ( 1.176334233040896899E-17, -0.3390552584695133431, 0.9407664597040923393 ) ) ;
#3900 = DIRECTION ( 'NONE',  ( -0.000000000000000000, 1.188166764367676095E-16, -1.000000000000000000 ) ) ;
#3901 = LINE ( 'NONE', #9, #130 ) ;
#3902 = DIRECTION ( 'NONE',  ( -3.252606517456513918E-17, 1.000000000000000000, 0.000000000000000000 ) ) ;
#3903 = ORIENTED_EDGE ( 'NONE', *, *, #445, .F. ) ;
#3904 = AXIS2_PLACEMENT_3D ( 'NONE', #4143, #261, #1987 ) ;
#3905 = ORIENTED_EDGE ( 'NONE', *, *, #1859, .T. ) ;
#3906 = DIRECTION ( 'NONE',  ( -1.000000000000000000, 0.000000000000000000, 0.000000000000000000 ) ) ;
#3907 = FACE_BOUND ( 'NONE', #435, .T. ) ;
#3908 = LINE ( 'NONE', #5611, #120 ) ;
#3909 = ORIENTED_EDGE ( 'NONE', *, *, #2330, .T. ) ;
#3910 = VERTEX_POINT ( 'NONE', #4119 ) ;
#3911 = CYLINDRICAL_SURFACE ( 'NONE', #4396, 0.7999999999999986011 ) ;
#3912 = DIRECTION ( 'NONE',  ( 1.000000000000000000, -6.505213034913026604E-17, 0.000000000000000000 ) ) ;
#3913 = VECTOR ( 'NONE', #3372, 1000.000000000000000 ) ;
#3914 = ORIENTED_EDGE ( 'NONE', *, *, #408, .F. ) ;
#3915 = DIRECTION ( 'NONE',  ( 0.000000000000000000, 1.000000000000000000, 0.000000000000000000 ) ) ;
#3916 = DIRECTION ( 'NONE',  ( 0.000000000000000000, 0.000000000000000000, 1.000000000000000000 ) ) ;
#3917 = ADVANCED_FACE ( 'NONE', ( #2452 ), #2852, .F. ) ;
#3918 = EDGE_CURVE ( 'NONE', #4617, #5485, #2095, .T. ) ;
#3919 = LINE ( 'NONE', #3493, #2724 ) ;
#3920 = ORIENTED_EDGE ( 'NONE', *, *, #626, .T. ) ;
#3921 = ORIENTED_EDGE ( 'NONE', *, *, #1430, .T. ) ;
#3922 = DIRECTION ( 'NONE',  ( 1.000000000000000000, 3.252606517456513918E-17, -0.000000000000000000 ) ) ;
#3923 = CARTESIAN_POINT ( 'NONE',  ( 1.000000000000000000, -16.90470899356478895, 25.99736765364722046 ) ) ;
#3924 = EDGE_CURVE ( 'NONE', #3265, #2350, #2478, .T. ) ;
#3925 = CARTESIAN_POINT ( 'NONE',  ( 7.000000000000000000, -8.849999999999999645, 71.00000000000000000 ) ) ;
#3926 = DIRECTION ( 'NONE',  ( -1.355252715606879803E-16, 1.000000000000000000, 0.000000000000000000 ) ) ;
#3927 = ORIENTED_EDGE ( 'NONE', *, *, #2570, .T. ) ;
#3928 = ORIENTED_EDGE ( 'NONE', *, *, #2143, .F. ) ;
#3929 = DIRECTION ( 'NONE',  ( 1.000000000000000000, 1.678764654171104639E-15, 0.000000000000000000 ) ) ;
#3930 = EDGE_CURVE ( 'NONE', #1261, #1636, #323, .T. ) ;
#3931 = CARTESIAN_POINT ( 'NONE',  ( 0.4999999999999995559, -18.20000000000000284, 51.08776832031181669 ) ) ;
#3932 = ORIENTED_EDGE ( 'NONE', *, *, #4652, .T. ) ;
#3933 = ORIENTED_EDGE ( 'NONE', *, *, #5603, .F. ) ;
#3934 = AXIS2_PLACEMENT_3D ( 'NONE', #4321, #5206, #3817 ) ;
#3935 = DIRECTION ( 'NONE',  ( 0.000000000000000000, 0.000000000000000000, 1.000000000000000000 ) ) ;
#3936 = DIRECTION ( 'NONE',  ( -1.000000000000000000, 0.000000000000000000, -0.000000000000000000 ) ) ;
#3937 = ORIENTED_EDGE ( 'NONE', *, *, #4155, .T. ) ;
#3938 = CARTESIAN_POINT ( 'NONE',  ( 4.000000000000000000, -13.09364437107287493, 34.21231699605854004 ) ) ;
#3939 = VECTOR ( 'NONE', #1064, 1000.000000000000000 ) ;
#3940 = CYLINDRICAL_SURFACE ( 'NONE', #5326, 0.7999999999999951594 ) ;
#3941 = CARTESIAN_POINT ( 'NONE',  ( -64.14711903867025455, -6.500000000000000888, 56.34168760482229033 ) ) ;
#3942 = AXIS2_PLACEMENT_3D ( 'NONE', #4842, #4900, #155 ) ;
#3943 = VECTOR ( 'NONE', #3262, 1000.000000000000000 ) ;
#3944 = ORIENTED_EDGE ( 'NONE', *, *, #4997, .F. ) ;
#3945 = EDGE_CURVE ( 'NONE', #1161, #3589, #3730, .T. ) ;
#3946 = EDGE_CURVE ( 'NONE', #4356, #5006, #1628, .T. ) ;
#3947 = DIRECTION ( 'NONE',  ( 1.000000000000000000, 3.252606517456513918E-17, -0.000000000000000000 ) ) ;
#3948 = DIRECTION ( 'NONE',  ( 1.000000000000000000, 0.000000000000000000, 0.000000000000000000 ) ) ;
#3949 = DIRECTION ( 'NONE',  ( 1.176334233040897669E-17, -0.3390552584695135652, 0.9407664597040922283 ) ) ;
#3950 = FACE_OUTER_BOUND ( 'NONE', #1896, .T. ) ;
#3951 = ORIENTED_EDGE ( 'NONE', *, *, #3065, .F. ) ;
#3952 = AXIS2_PLACEMENT_3D ( 'NONE', #4128, #4555, #1200 ) ;
#3953 = VERTEX_POINT ( 'NONE', #2824 ) ;
#3954 = VECTOR ( 'NONE', #3455, 1000.000000000000000 ) ;
#3955 = EDGE_CURVE ( 'NONE', #3213, #3258, #5438, .T. ) ;
#3956 = AXIS2_PLACEMENT_3D ( 'NONE', #5533, #2090, #2029 ) ;
#3957 = VECTOR ( 'NONE', #2369, 1000.000000000000000 ) ;
#3958 = EDGE_CURVE ( 'NONE', #5222, #544, #2543, .T. ) ;
#3959 = CIRCLE ( 'NONE', #688, 0.7999999999999986011 ) ;
#3960 = CARTESIAN_POINT ( 'NONE',  ( 0.4999999999999995559, -18.20000000000000639, 64.13639844763217468 ) ) ;
#3961 = CARTESIAN_POINT ( 'NONE',  ( 4.000000000000000000, -19.00000000000001066, 24.65831239517770612 ) ) ;
#3962 = VECTOR ( 'NONE', #4384, 1000.000000000000000 ) ;
#3963 = LINE ( 'NONE', #4148, #3620 ) ;
#3964 = VERTEX_POINT ( 'NONE', #1657 ) ;
#3965 = ORIENTED_EDGE ( 'NONE', *, *, #1905, .F. ) ;
#3966 = EDGE_CURVE ( 'NONE', #3804, #5163, #1227, .T. ) ;
#3967 = FACE_OUTER_BOUND ( 'NONE', #398, .T. ) ;
#3968 = AXIS2_PLACEMENT_3D ( 'NONE', #5243, #4246, #1769 ) ;
#3969 = PLANE ( 'NONE',  #3061 ) ;
#3970 = ORIENTED_EDGE ( 'NONE', *, *, #3414, .F. ) ;
#3971 = DIRECTION ( 'NONE',  ( 0.000000000000000000, 1.000000000000000000, 0.000000000000000000 ) ) ;
#3972 = CARTESIAN_POINT ( 'NONE',  ( 7.002000000000004221, -17.59691913088642679, 6.370786327052024411 ) ) ;
#3973 = DIRECTION ( 'NONE',  ( -1.000000000000000000, -1.239088197126290324E-16, 1.954068531237048912E-32 ) ) ;
#3974 = VERTEX_POINT ( 'NONE', #353 ) ;
#3975 = ORIENTED_EDGE ( 'NONE', *, *, #873, .F. ) ;
#3976 = PLANE ( 'NONE',  #5036 ) ;
#3977 = CARTESIAN_POINT ( 'NONE',  ( 1.000000000000000000, -16.24861579036490511, 53.34168760482229033 ) ) ;
#3978 = AXIS2_PLACEMENT_3D ( 'NONE', #3802, #1273, #4679 ) ;
#3979 = CARTESIAN_POINT ( 'NONE',  ( 0.4999999999999995559, -18.20000000000000639, 64.13639844763217468 ) ) ;
#3980 = DIRECTION ( 'NONE',  ( -1.355252715606879803E-16, 1.000000000000000000, 0.000000000000000000 ) ) ;
#3981 = VERTEX_POINT ( 'NONE', #2080 ) ;
#3982 = EDGE_LOOP ( 'NONE', ( #4447, #1824, #2871, #5544 ) ) ;
#3983 = VECTOR ( 'NONE', #833, 1000.000000000000000 ) ;
#3984 = LINE ( 'NONE', #4434, #3152 ) ;
#3985 = CARTESIAN_POINT ( 'NONE',  ( 4.000000000000000000, -16.74999999999999645, 39.00000000000000000 ) ) ;
#3986 = ADVANCED_FACE ( 'NONE', ( #5551 ), #4527, .T. ) ;
#3987 = AXIS2_PLACEMENT_3D ( 'NONE', #4000, #3080, #5255 ) ;
#3988 = PLANE ( 'NONE',  #3224 ) ;
#3989 = EDGE_CURVE ( 'NONE', #3386, #5477, #947, .T. ) ;
#3990 = ORIENTED_EDGE ( 'NONE', *, *, #3068, .T. ) ;
#3991 = ORIENTED_EDGE ( 'NONE', *, *, #1525, .F. ) ;
#3992 = CARTESIAN_POINT ( 'NONE',  ( 2.999999999999999112, -1.644164868785978006, 75.00000000000000000 ) ) ;
#3993 = CARTESIAN_POINT ( 'NONE',  ( 3.500000000000000000, -16.00000000000000711, 57.99999999999998579 ) ) ;
#3994 = PLANE ( 'NONE',  #2776 ) ;
#3995 = CARTESIAN_POINT ( 'NONE',  ( 7.002000000000005109, -9.960362833696484230, 42.90613933192072693 ) ) ;
#3996 = ORIENTED_EDGE ( 'NONE', *, *, #2384, .T. ) ;
#3997 = CARTESIAN_POINT ( 'NONE',  ( 4.000000000000000000, -6.499999999999999112, 15.34168760482228500 ) ) ;
#3998 = CARTESIAN_POINT ( 'NONE',  ( 4.000000000000000000, -17.59691913088643034, 6.370786327052022635 ) ) ;
#3999 = EDGE_CURVE ( 'NONE', #5296, #3544, #1462, .T. ) ;
#4000 = CARTESIAN_POINT ( 'NONE',  ( 0.5000000000000004441, -7.299999999999999822, 15.44526502967733705 ) ) ;
#4001 = ORIENTED_EDGE ( 'NONE', *, *, #461, .T. ) ;
#4002 = EDGE_LOOP ( 'NONE', ( #3521, #4606, #387, #4519 ) ) ;
#4003 = VECTOR ( 'NONE', #3794, 1000.000000000000000 ) ;
#4004 = LINE ( 'NONE', #1362, #2398 ) ;
#4005 = CARTESIAN_POINT ( 'NONE',  ( 2.999999999999999112, 3.805842560179955480, 69.15558256377492796 ) ) ;
#4006 = CARTESIAN_POINT ( 'NONE',  ( 1.000000000000000000, -8.921746524012673873, 17.54168760482228606 ) ) ;
#4007 = ORIENTED_EDGE ( 'NONE', *, *, #797, .T. ) ;
#4008 = VERTEX_POINT ( 'NONE', #4883 ) ;
#4009 = DIRECTION ( 'NONE',  ( 0.000000000000000000, -1.000000000000000000, -2.168404344971010594E-16 ) ) ;
#4010 = FACE_BOUND ( 'NONE', #1334, .T. ) ;
#4011 = DIRECTION ( 'NONE',  ( -0.000000000000000000, -1.000000000000000000, -2.168404344971010840E-16 ) ) ;
#4012 = ORIENTED_EDGE ( 'NONE', *, *, #1629, .T. ) ;
#4013 = VERTEX_POINT ( 'NONE', #1805 ) ;
#4014 = ADVANCED_FACE ( 'NONE', ( #4929 ), #3183, .F. ) ;
#4015 = DIRECTION ( 'NONE',  ( 0.000000000000000000, -1.000000000000000000, 0.000000000000000000 ) ) ;
#4016 = EDGE_CURVE ( 'NONE', #4978, #5147, #501, .T. ) ;
#4017 = CARTESIAN_POINT ( 'NONE',  ( 0.4999999999999995559, -16.57825347598732790, 4.800000000000004263 ) ) ;
#4018 = CARTESIAN_POINT ( 'NONE',  ( 7.002000000000005997, -18.46851846721101964, 21.65831239517770612 ) ) ;
#4019 = DIRECTION ( 'NONE',  ( 1.000000000000000000, 1.239088197126290570E-16, 0.000000000000000000 ) ) ;
#4020 = EDGE_LOOP ( 'NONE', ( #262, #2552, #1073, #1360 ) ) ;
#4021 = CARTESIAN_POINT ( 'NONE',  ( 5.000000000000000888, 6.563277878031141377, 66.19859520899437655 ) ) ;
#4022 = EDGE_CURVE ( 'NONE', #1391, #613, #2801, .T. ) ;
#4023 = DIRECTION ( 'NONE',  ( -0.000000000000000000, 0.000000000000000000, 1.000000000000000000 ) ) ;
#4024 = VECTOR ( 'NONE', #3949, 1000.000000000000114 ) ;
#4025 = CARTESIAN_POINT ( 'NONE',  ( 4.000000000000000000, -8.087544543006945474, 15.34168760482228500 ) ) ;
#4026 = ORIENTED_EDGE ( 'NONE', *, *, #924, .T. ) ;
#4027 = ORIENTED_EDGE ( 'NONE', *, *, #341, .F. ) ;
#4028 = AXIS2_PLACEMENT_3D ( 'NONE', #4510, #990, #3655 ) ;
#4029 = EDGE_CURVE ( 'NONE', #5115, #1570, #522, .T. ) ;
#4030 = CARTESIAN_POINT ( 'NONE',  ( 5.000000000000000000, -3.000000000000000000, -37.00000000000000000 ) ) ;
#4031 = CARTESIAN_POINT ( 'NONE',  ( 4.000000000000000000, -8.087544543006945474, 15.34168760482228500 ) ) ;
#4032 = VECTOR ( 'NONE', #1899, 1000.000000000000000 ) ;
#4033 = DIRECTION ( 'NONE',  ( 1.165692616471626958E-16, -0.9407664597040923393, 0.3390552584695133431 ) ) ;
#4034 = ORIENTED_EDGE ( 'NONE', *, *, #1325, .F. ) ;
#4035 = ORIENTED_EDGE ( 'NONE', *, *, #4, .F. ) ;
#4036 = FACE_OUTER_BOUND ( 'NONE', #1664, .T. ) ;
#4037 = VECTOR ( 'NONE', #1187, 1000.000000000000000 ) ;
#4038 = DIRECTION ( 'NONE',  ( 3.469446951953612956E-17, -1.000000000000000000, 0.000000000000000000 ) ) ;
#4039 = DIRECTION ( 'NONE',  ( 1.000000000000000000, 3.469446951953611107E-17, -0.000000000000000000 ) ) ;
#4040 = ORIENTED_EDGE ( 'NONE', *, *, #1870, .T. ) ;
#4041 = AXIS2_PLACEMENT_3D ( 'NONE', #4524, #212, #4495 ) ;
#4042 = AXIS2_PLACEMENT_3D ( 'NONE', #245, #1969, #126 ) ;
#4043 = ORIENTED_EDGE ( 'NONE', *, *, #2089, .F. ) ;
#4044 = VECTOR ( 'NONE', #160, 1000.000000000000000 ) ;
#4045 = CARTESIAN_POINT ( 'NONE',  ( 4.000000000000000000, -18.20000000000000639, 15.34168760482228500 ) ) ;
#4046 = CARTESIAN_POINT ( 'NONE',  ( 31.65336144876025770, -1.644164868785977118, 75.00000000000000000 ) ) ;
#4047 = VECTOR ( 'NONE', #4915, 1000.000000000000000 ) ;
#4048 = CIRCLE ( 'NONE', #5155, 1.000000000000000888 ) ;
#4049 = CARTESIAN_POINT ( 'NONE',  ( 0.5000000000000004441, -19.00000000000000355, 60.45831239517769262 ) ) ;
#4050 = EDGE_LOOP ( 'NONE', ( #3536, #5340, #4513, #921 ) ) ;
#4051 = CARTESIAN_POINT ( 'NONE',  ( 0.4999999999999980571, -5.299999999999999822, -19.20000000000000639 ) ) ;
#4052 = DIRECTION ( 'NONE',  ( -1.000000000000000000, -3.252606517456513918E-17, -2.535569890667617442E-16 ) ) ;
#4053 = ADVANCED_FACE ( 'NONE', ( #1915 ), #2370, .F. ) ;
#4054 = LINE ( 'NONE', #2436, #5448 ) ;
#4055 = ADVANCED_FACE ( 'NONE', ( #2743 ), #2256, .F. ) ;
#4056 = VERTEX_POINT ( 'NONE', #4499 ) ;
#4057 = ORIENTED_EDGE ( 'NONE', *, *, #3414, .T. ) ;
#4058 = CYLINDRICAL_SURFACE ( 'NONE', #1583, 0.8000000000000003775 ) ;
#4059 = FACE_OUTER_BOUND ( 'NONE', #988, .T. ) ;
#4060 = DIRECTION ( 'NONE',  ( 0.000000000000000000, 1.000000000000000000, 0.000000000000000000 ) ) ;
#4061 = EDGE_CURVE ( 'NONE', #857, #892, #603, .T. ) ;
#4062 = ORIENTED_EDGE ( 'NONE', *, *, #3378, .T. ) ;
#4063 = ORIENTED_EDGE ( 'NONE', *, *, #4236, .T. ) ;
#4064 = FILL_AREA_STYLE_COLOUR ( '', #332 ) ;
#4065 = CARTESIAN_POINT ( 'NONE',  ( 0.9999999999999995559, -3.145898033750309075, 56.34168760482229743 ) ) ;
#4066 = CARTESIAN_POINT ( 'NONE',  ( 7.002000000000003332, -8.052613167763274404, 27.44098747291259244 ) ) ;
#4067 = EDGE_CURVE ( 'NONE', #322, #5538, #3959, .T. ) ;
#4068 = ORIENTED_EDGE ( 'NONE', *, *, #1870, .F. ) ;
#4069 = ORIENTED_EDGE ( 'NONE', *, *, #3370, .T. ) ;
#4070 = DIRECTION ( 'NONE',  ( -0.000000000000000000, -0.4151624548736461140, -0.9097472924187725019 ) ) ;
#4071 = CARTESIAN_POINT ( 'NONE',  ( 7.002000000000004221, -9.536057466139306271, 25.65831239517770612 ) ) ;
#4072 = CIRCLE ( 'NONE', #3533, 0.8000000000000003775 ) ;
#4073 = LINE ( 'NONE', #1086, #1777 ) ;
#4074 = CARTESIAN_POINT ( 'NONE',  ( 0.4999999999999978351, -3.499999999999999556, -24.20000000000000639 ) ) ;
#4075 = ORIENTED_EDGE ( 'NONE', *, *, #4854, .T. ) ;
#4076 = VECTOR ( 'NONE', #4630, 1000.000000000000000 ) ;
#4077 = DIRECTION ( 'NONE',  ( -1.000000000000000000, -0.000000000000000000, 0.000000000000000000 ) ) ;
#4078 = FACE_OUTER_BOUND ( 'NONE', #3574, .T. ) ;
#4079 = CARTESIAN_POINT ( 'NONE',  ( 7.000000000000000000, -13.99999999999999645, -26.35000000000000142 ) ) ;
#4080 = CARTESIAN_POINT ( 'NONE',  ( 7.001000000000006551, -11.49999999999999822, 1.530808498934192803E-16 ) ) ;
#4081 = ORIENTED_EDGE ( 'NONE', *, *, #2201, .T. ) ;
#4082 = ORIENTED_EDGE ( 'NONE', *, *, #4997, .T. ) ;
#4083 = EDGE_CURVE ( 'NONE', #5477, #1819, #1831, .T. ) ;
#4084 = DIRECTION ( 'NONE',  ( -1.165692616471626958E-16, 0.9407664597040922283, 0.3390552584695135652 ) ) ;
#4085 = EDGE_CURVE ( 'NONE', #591, #222, #3240, .T. ) ;
#4086 = DIRECTION ( 'NONE',  ( -1.000000000000000000, -3.252606517456513918E-17, 0.000000000000000000 ) ) ;
#4087 = CARTESIAN_POINT ( 'NONE',  ( 4.000000000000000000, -19.00000000000000355, 4.000000000000000000 ) ) ;
#4088 = ORIENTED_EDGE ( 'NONE', *, *, #893, .F. ) ;
#4089 = VERTEX_POINT ( 'NONE', #1058 ) ;
#4090 = EDGE_CURVE ( 'NONE', #5189, #1226, #4685, .T. ) ;
#4091 = CARTESIAN_POINT ( 'NONE',  ( 4.000000000000000000, -12.46362969077260274, 42.98973583661788211 ) ) ;
#4092 = EDGE_LOOP ( 'NONE', ( #3562, #3927, #754, #257 ) ) ;
#4093 = LINE ( 'NONE', #5404, #3810 ) ;
#4094 = ORIENTED_EDGE ( 'NONE', *, *, #347, .T. ) ;
#4095 = ORIENTED_EDGE ( 'NONE', *, *, #2109, .T. ) ;
#4096 = LINE ( 'NONE', #5380, #1496 ) ;
#4097 = EDGE_CURVE ( 'NONE', #3641, #3762, #413, .T. ) ;
#4098 = DIRECTION ( 'NONE',  ( -1.000000000000000000, -3.252606517456513918E-17, 0.000000000000000000 ) ) ;
#4099 = LINE ( 'NONE', #1973, #4493 ) ;
#4100 = DIRECTION ( 'NONE',  ( -0.000000000000000000, 1.000000000000000000, 0.000000000000000000 ) ) ;
#4101 = VERTEX_POINT ( 'NONE', #1888 ) ;
#4102 = PLANE ( 'NONE',  #692 ) ;
#4103 = FACE_OUTER_BOUND ( 'NONE', #1481, .T. ) ;
#4104 = CYLINDRICAL_SURFACE ( 'NONE', #4666, 0.7999999999999994893 ) ;
#4105 = DIRECTION ( 'NONE',  ( 1.000000000000000000, 1.239088197126290570E-16, 0.000000000000000000 ) ) ;
#4106 = ORIENTED_EDGE ( 'NONE', *, *, #1637, .T. ) ;
#4107 = ORIENTED_EDGE ( 'NONE', *, *, #3642, .F. ) ;
#4108 = DIRECTION ( 'NONE',  ( 1.000000000000000000, 0.000000000000000000, 0.000000000000000000 ) ) ;
#4109 = CARTESIAN_POINT ( 'NONE',  ( 3.999999999999999112, 1.322726650432315163E-16, 0.000000000000000000 ) ) ;
#4110 = CARTESIAN_POINT ( 'NONE',  ( 2.724999999999999201, -22.49999999999998934, -31.59999999999999787 ) ) ;
#4111 = ORIENTED_EDGE ( 'NONE', *, *, #3602, .T. ) ;
#4112 = PRODUCT_DEFINITION ( 'æœ', '', #4892, #4799 ) ;
#4113 = EDGE_LOOP ( 'NONE', ( #4814, #1210, #4252, #5504, #1307, #2358, #2021, #107, #2521, #2459 ) ) ;
#4114 = CARTESIAN_POINT ( 'NONE',  ( 0.4999999999999990563, -12.75000000000000000, 0.000000000000000000 ) ) ;
#4115 = VECTOR ( 'NONE', #2618, 1000.000000000000000 ) ;
#4116 = EDGE_LOOP ( 'NONE', ( #2515, #4213, #1249, #4034 ) ) ;
#4117 = FACE_OUTER_BOUND ( 'NONE', #4576, .T. ) ;
#4118 = VERTEX_POINT ( 'NONE', #4849 ) ;
#4119 = CARTESIAN_POINT ( 'NONE',  ( 0.000000000000000000, 1.959434878635768681E-16, -21.60000000000000142 ) ) ;
#4120 = ADVANCED_FACE ( 'NONE', ( #3377 ), #5107, .F. ) ;
#4121 = VERTEX_POINT ( 'NONE', #1112 ) ;
#4122 = EDGE_CURVE ( 'NONE', #5439, #1837, #2000, .T. ) ;
#4123 = AXIS2_PLACEMENT_3D ( 'NONE', #1276, #4742, #4687 ) ;
#4124 = FACE_OUTER_BOUND ( 'NONE', #1932, .T. ) ;
#4125 = FACE_OUTER_BOUND ( 'NONE', #4020, .T. ) ;
#4126 = CARTESIAN_POINT ( 'NONE',  ( 0.9999999999999995559, -6.500000000000000000, 66.00000000000000000 ) ) ;
#4127 = VECTOR ( 'NONE', #998, 1000.000000000000000 ) ;
#4128 = CARTESIAN_POINT ( 'NONE',  ( 7.002000000000005109, -12.75000000000000000, 39.00000000000000000 ) ) ;
#4129 = EDGE_CURVE ( 'NONE', #2941, #2623, #1575, .T. ) ;
#4130 = EDGE_LOOP ( 'NONE', ( #1347, #3975, #969, #1753 ) ) ;
#4131 = AXIS2_PLACEMENT_3D ( 'NONE', #3584, #3173, #5351 ) ;
#4132 = VECTOR ( 'NONE', #2924, 1000.000000000000000 ) ;
#4133 = AXIS2_PLACEMENT_3D ( 'NONE', #2583, #1275, #3020 ) ;
#4134 = DIRECTION ( 'NONE',  ( 0.000000000000000000, -1.000000000000000000, 0.000000000000000000 ) ) ;
#4135 = CYLINDRICAL_SURFACE ( 'NONE', #3420, 1.249999999999999334 ) ;
#4136 = AXIS2_PLACEMENT_3D ( 'NONE', #1675, #3519, #369 ) ;
#4137 = DIRECTION ( 'NONE',  ( -1.000000000000000000, -1.239088197126290570E-16, -0.000000000000000000 ) ) ;
#4138 = AXIS2_PLACEMENT_3D ( 'NONE', #2992, #3776, #5512 ) ;
#4139 = VERTEX_POINT ( 'NONE', #1147 ) ;
#4140 = ORIENTED_EDGE ( 'NONE', *, *, #2423, .T. ) ;
#4141 = DIRECTION ( 'NONE',  ( 0.000000000000000000, 0.000000000000000000, -1.000000000000000000 ) ) ;
#4142 = DIRECTION ( 'NONE',  ( 0.000000000000000000, 0.7071067811865500152, 0.7071067811865451302 ) ) ;
#4143 = CARTESIAN_POINT ( 'NONE',  ( 0.5000000000000004441, -7.299999999999999822, 65.20000000000000284 ) ) ;
#4144 = EDGE_LOOP ( 'NONE', ( #647, #3696, #5618, #3996, #1686, #2637, #4912, #4729 ) ) ;
#4145 = ORIENTED_EDGE ( 'NONE', *, *, #1002, .F. ) ;
#4146 = CARTESIAN_POINT ( 'NONE',  ( -4.501000000000007439, -17.00000000000000000, -12.00000000000000178 ) ) ;
#4147 = DIRECTION ( 'NONE',  ( 0.000000000000000000, 0.000000000000000000, 1.000000000000000000 ) ) ;
#4148 = CARTESIAN_POINT ( 'NONE',  ( -63.03173803727768387, -6.500000000000001776, 50.28776832031181243 ) ) ;
#4149 = VERTEX_POINT ( 'NONE', #2396 ) ;
#4150 = DIRECTION ( 'NONE',  ( -1.000000000000000000, -3.252606517456513918E-17, 0.000000000000000000 ) ) ;
#4151 = VERTEX_POINT ( 'NONE', #5502 ) ;
#4152 = CARTESIAN_POINT ( 'NONE',  ( 0.9999999999999997780, -8.595291006435214598, 25.99736765364722046 ) ) ;
#4153 = DIRECTION ( 'NONE',  ( -7.589415207398536955E-16, 4.336808689942021187E-16, -1.000000000000000000 ) ) ;
#4154 = ADVANCED_FACE ( 'NONE', ( #1521 ), #4990, .F. ) ;
#4155 = EDGE_CURVE ( 'NONE', #706, #502, #5078, .T. ) ;
#4156 = VECTOR ( 'NONE', #1324, 1000.000000000000000 ) ;
#4157 = DIRECTION ( 'NONE',  ( 4.499821325281052802E-17, -0.3390552584695131766, 0.9407664597040923393 ) ) ;
#4158 = EDGE_LOOP ( 'NONE', ( #275, #3888, #4330, #2446 ) ) ;
#4159 = EDGE_LOOP ( 'NONE', ( #4925, #4672, #5250, #3701 ) ) ;
#4160 = CIRCLE ( 'NONE', #4897, 0.7999999999999986011 ) ;
#4161 = DIRECTION ( 'NONE',  ( -0.000000000000000000, 1.000000000000000000, -0.000000000000000000 ) ) ;
#4162 = EDGE_CURVE ( 'NONE', #177, #1399, #1318, .T. ) ;
#4163 = FACE_OUTER_BOUND ( 'NONE', #736, .T. ) ;
#4164 = AXIS2_PLACEMENT_3D ( 'NONE', #2380, #1590, #5064 ) ;
#4165 = CARTESIAN_POINT ( 'NONE',  ( 7.000000000000000000, -22.49999999999998579, -40.99999999999999289 ) ) ;
#4166 = ORIENTED_EDGE ( 'NONE', *, *, #484, .F. ) ;
#4167 = ORIENTED_EDGE ( 'NONE', *, *, #3065, .T. ) ;
#4168 = FILL_AREA_STYLE ('',( #4064 ) ) ;
#4169 = CARTESIAN_POINT ( 'NONE',  ( 3.999999999999999112, 1.322726650432315409E-16, 0.000000000000000000 ) ) ;
#4170 = EDGE_CURVE ( 'NONE', #2236, #5115, #2866, .T. ) ;
#4171 = CARTESIAN_POINT ( 'NONE',  ( 1.999999999999999112, 3.999999999999998224, 62.50000000000000000 ) ) ;
#4172 = DIRECTION ( 'NONE',  ( -1.000000000000000000, -3.252606517456513918E-17, -4.636167053988474742E-17 ) ) ;
#4173 = EDGE_LOOP ( 'NONE', ( #5033, #3932, #2890, #3189 ) ) ;
#4174 = EDGE_LOOP ( 'NONE', ( #4063, #306 ) ) ;
#4175 = FACE_OUTER_BOUND ( 'NONE', #3579, .T. ) ;
#4176 = ORIENTED_EDGE ( 'NONE', *, *, #4968, .F. ) ;
#4177 = CARTESIAN_POINT ( 'NONE',  ( 2.725000000000000089, -7.828427124746200505, -37.00000000000000000 ) ) ;
#4178 = ORIENTED_EDGE ( 'NONE', *, *, #5615, .T. ) ;
#4179 = CYLINDRICAL_SURFACE ( 'NONE', #637, 0.8000000000000003775 ) ;
#4180 = ORIENTED_EDGE ( 'NONE', *, *, #1379, .F. ) ;
#4181 = FACE_OUTER_BOUND ( 'NONE', #5073, .T. ) ;
#4182 = LINE ( 'NONE', #1690, #3053 ) ;
#4183 = DIRECTION ( 'NONE',  ( 1.000000000000000000, 0.000000000000000000, 0.000000000000000000 ) ) ;
#4184 = ADVANCED_FACE ( 'NONE', ( #5471 ), #4587, .F. ) ;
#4185 = VERTEX_POINT ( 'NONE', #5017 ) ;
#4186 = EDGE_CURVE ( 'NONE', #1871, #1975, #2429, .T. ) ;
#4187 = LINE ( 'NONE', #301, #4591 ) ;
#4188 = DIRECTION ( 'NONE',  ( -1.000000000000000000, -3.252606517456513918E-17, 0.000000000000000000 ) ) ;
#4189 = DIRECTION ( 'NONE',  ( -1.000000000000000000, -3.252606517456513918E-17, 5.129429894497256509E-33 ) ) ;
#4190 = ORIENTED_EDGE ( 'NONE', *, *, #4337, .T. ) ;
#4191 = EDGE_CURVE ( 'NONE', #3640, #613, #2026, .T. ) ;
#4192 = ORIENTED_EDGE ( 'NONE', *, *, #4, .T. ) ;
#4193 = EDGE_CURVE ( 'NONE', #583, #2162, #2059, .T. ) ;
#4194 = CARTESIAN_POINT ( 'NONE',  ( 0.5000000000000005551, -15.34981716550029596, 65.20000000000000284 ) ) ;
#4195 = DIRECTION ( 'NONE',  ( 0.000000000000000000, 0.000000000000000000, -1.000000000000000000 ) ) ;
#4196 = DIRECTION ( 'NONE',  ( 0.000000000000000000, 0.000000000000000000, -1.000000000000000000 ) ) ;
#4197 = CIRCLE ( 'NONE', #2575, 0.7999999999999986011 ) ;
#4198 = CARTESIAN_POINT ( 'NONE',  ( 1.999999999999999112, 4.000000000000000000, 56.31534156157350424 ) ) ;
#4199 = ORIENTED_EDGE ( 'NONE', *, *, #4930, .F. ) ;
#4200 = VERTEX_POINT ( 'NONE', #3761 ) ;
#4201 = EDGE_CURVE ( 'NONE', #205, #4693, #1635, .T. ) ;
#4202 = CARTESIAN_POINT ( 'NONE',  ( 7.000000000000000000, 2.654351659482303116, 70.39040537556121535 ) ) ;
#4203 = EDGE_LOOP ( 'NONE', ( #3032, #2408, #4373, #3009 ) ) ;
#4204 = DIRECTION ( 'NONE',  ( -1.000000000000000000, 0.000000000000000000, -0.000000000000000000 ) ) ;
#4205 = ORIENTED_EDGE ( 'NONE', *, *, #1290, .F. ) ;
#4206 = DIRECTION ( 'NONE',  ( -0.000000000000000000, -0.000000000000000000, -1.000000000000000000 ) ) ;
#4207 = ORIENTED_EDGE ( 'NONE', *, *, #2581, .T. ) ;
#4208 = VECTOR ( 'NONE', #3906, 1000.000000000000000 ) ;
#4209 = PLANE ( 'NONE',  #5098 ) ;
#4210 = CARTESIAN_POINT ( 'NONE',  ( 0.5000000000000000000, -22.49999999999998934, -24.20000000000000639 ) ) ;
#4211 = CARTESIAN_POINT ( 'NONE',  ( 4.000000000000000000, -9.960362833696484230, 35.09386066807927307 ) ) ;
#4212 = CIRCLE ( 'NONE', #1124, 1.250000000000001110 ) ;
#4213 = ORIENTED_EDGE ( 'NONE', *, *, #151, .T. ) ;
#4214 = CARTESIAN_POINT ( 'NONE',  ( 4.000000000000000000, -13.00000000000000178, -4.800000000000000711 ) ) ;
#4215 = AXIS2_PLACEMENT_3D ( 'NONE', #3845, #1634, #1264 ) ;
#4216 = CARTESIAN_POINT ( 'NONE',  ( 1.000000000000000888, -10.95018283449971719, 60.45831239517769262 ) ) ;
#4217 = PRODUCT_RELATED_PRODUCT_CATEGORY ( 'part', '', ( #3808 ) ) ;
#4218 = DIRECTION ( 'NONE',  ( 3.469446951953611107E-17, -1.000000000000000000, 0.000000000000000000 ) ) ;
#4219 = ORIENTED_EDGE ( 'NONE', *, *, #1290, .T. ) ;
#4220 = VECTOR ( 'NONE', #2591, 1000.000000000000000 ) ;
#4221 = AXIS2_PLACEMENT_3D ( 'NONE', #2367, #2276, #4552 ) ;
#4222 = ORIENTED_EDGE ( 'NONE', *, *, #5149, .T. ) ;
#4223 = AXIS2_PLACEMENT_3D ( 'NONE', #2434, #1091, #1552 ) ;
#4224 = CARTESIAN_POINT ( 'NONE',  ( 1.000000000000000888, -18.20000000000000284, 17.54168760482228606 ) ) ;
#4225 = LINE ( 'NONE', #340, #491 ) ;
#4226 = FACE_OUTER_BOUND ( 'NONE', #5580, .T. ) ;
#4227 = AXIS2_PLACEMENT_3D ( 'NONE', #91, #4086, #198 ) ;
#4228 = EDGE_CURVE ( 'NONE', #4650, #5201, #1228, .T. ) ;
#4229 = AXIS2_PLACEMENT_3D ( 'NONE', #1671, #5061, #1616 ) ;
#4230 = ADVANCED_FACE ( 'NONE', ( #5050 ), #299, .T. ) ;
#4231 = DIRECTION ( 'NONE',  ( -1.000000000000000000, -1.239088197126290570E-16, 0.000000000000000000 ) ) ;
#4232 = ORIENTED_EDGE ( 'NONE', *, *, #4162, .T. ) ;
#4233 = ORIENTED_EDGE ( 'NONE', *, *, #4509, .F. ) ;
#4234 = CIRCLE ( 'NONE', #3693, 1.600000000000000089 ) ;
#4235 = DIRECTION ( 'NONE',  ( 0.000000000000000000, -1.000000000000000000, 0.000000000000000000 ) ) ;
#4236 = EDGE_CURVE ( 'NONE', #436, #4118, #4234, .T. ) ;
#4237 = FACE_OUTER_BOUND ( 'NONE', #1353, .T. ) ;
#4238 = CARTESIAN_POINT ( 'NONE',  ( 0.4999999999999993339, -15.07469763858626521, 42.25511610993392964 ) ) ;
#4239 = CARTESIAN_POINT ( 'NONE',  ( 4.000000000000000000, -13.03637030922739548, 35.01026416338211789 ) ) ;
#4240 = ORIENTED_EDGE ( 'NONE', *, *, #166, .T. ) ;
#4241 = DIRECTION ( 'NONE',  ( -0.000000000000000000, -1.000000000000000000, -2.168404344971010840E-16 ) ) ;
#4242 = ORIENTED_EDGE ( 'NONE', *, *, #644, .T. ) ;
#4243 = LINE ( 'NONE', #2546, #2597 ) ;
#4244 = DIRECTION ( 'NONE',  ( 1.000000000000000000, 1.239088197126290570E-16, 0.000000000000000000 ) ) ;
#4245 = EDGE_CURVE ( 'NONE', #1717, #3724, #4641, .T. ) ;
#4246 = DIRECTION ( 'NONE',  ( 1.000000000000000000, 0.000000000000000000, -0.000000000000000000 ) ) ;
#4247 = ORIENTED_EDGE ( 'NONE', *, *, #5244, .F. ) ;
#4248 = CARTESIAN_POINT ( 'NONE',  ( 7.002000000000005997, -10.93342069860755039, 14.01605135672935454 ) ) ;
#4249 = DIRECTION ( 'NONE',  ( -1.000000000000000000, -0.000000000000000000, -0.000000000000000000 ) ) ;
#4250 = ADVANCED_BREP_SHAPE_REPRESENTATION ( '\X2\53f34fa7677f\X0\-\X2\4e0b534a\X0\-\X2\5e2687ba7eb9\X0\', ( #2833, #173 ), #2531 ) ;
#4251 = FACE_OUTER_BOUND ( 'NONE', #1513, .T. ) ;
#4252 = ORIENTED_EDGE ( 'NONE', *, *, #4359, .T. ) ;
#4253 = VECTOR ( 'NONE', #753, 1000.000000000000000 ) ;
#4254 = CARTESIAN_POINT ( 'NONE',  ( 0.4999999999999978351, -3.499999999999999556, -29.20000000000000284 ) ) ;
#4255 = DIRECTION ( 'NONE',  ( 1.000000000000000000, 3.252606517456513918E-17, -0.000000000000000000 ) ) ;
#4256 = DIRECTION ( 'NONE',  ( -1.000000000000000000, -1.239088197126290570E-16, -0.000000000000000000 ) ) ;
#4257 = AXIS2_PLACEMENT_3D ( 'NONE', #377, #2105, #4728 ) ;
#4258 = CARTESIAN_POINT ( 'NONE',  ( 7.002000000000005109, -15.53963716630351222, 35.09386066807927307 ) ) ;
#4259 = ORIENTED_EDGE ( 'NONE', *, *, #2156, .F. ) ;
#4260 = ORIENTED_EDGE ( 'NONE', *, *, #571, .T. ) ;
#4261 = EDGE_CURVE ( 'NONE', #2935, #2802, #2519, .T. ) ;
#4262 = AXIS2_PLACEMENT_3D ( 'NONE', #1752, #4828, #5306 ) ;
#4263 = ADVANCED_FACE ( 'NONE', ( #4706 ), #3510, .F. ) ;
#4264 = CARTESIAN_POINT ( 'NONE',  ( 0.000000000000000000, 6.499999999999996447, 4.000000000000000000 ) ) ;
#4265 = CARTESIAN_POINT ( 'NONE',  ( 4.000000000000000000, -19.00000000000001066, 23.13299826867507036 ) ) ;
#4266 = CARTESIAN_POINT ( 'NONE',  ( 0.5000000000000014433, -14.54981716550029525, 66.00000000000000000 ) ) ;
#4267 = DIRECTION ( 'NONE',  ( -1.000000000000000000, -3.469446951953612956E-17, 0.000000000000000000 ) ) ;
#4268 = LINE ( 'NONE', #10, #812 ) ;
#4269 = VERTEX_POINT ( 'NONE', #439 ) ;
#4270 = ORIENTED_EDGE ( 'NONE', *, *, #3747, .T. ) ;
#4271 = ADVANCED_FACE ( 'NONE', ( #4734 ), #2550, .F. ) ;
#4272 = CARTESIAN_POINT ( 'NONE',  ( 19.72792206135787296, 5.384615384615383249, 58.21831338878165241 ) ) ;
#4273 = DIRECTION ( 'NONE',  ( 0.000000000000000000, -0.6570453101161654041, -0.7538510863919691829 ) ) ;
#4274 = CARTESIAN_POINT ( 'NONE',  ( 4.000000000000000000, -15.53963716630351222, 35.09386066807927307 ) ) ;
#4275 = EDGE_LOOP ( 'NONE', ( #3678, #912, #185, #2762 ) ) ;
#4276 = ORIENTED_EDGE ( 'NONE', *, *, #2822, .T. ) ;
#4277 = EDGE_CURVE ( 'NONE', #2141, #4481, #71, .T. ) ;
#4278 = LINE ( 'NONE', #2114, #1692 ) ;
#4279 = DIRECTION ( 'NONE',  ( -0.000000000000000000, -0.000000000000000000, -1.000000000000000000 ) ) ;
#4280 = DIRECTION ( 'NONE',  ( 1.000000000000000000, 1.239088197126290570E-16, 0.000000000000000000 ) ) ;
#4281 = EDGE_LOOP ( 'NONE', ( #4145, #1697, #2445, #4167, #2301, #1557 ) ) ;
#4282 = FACE_OUTER_BOUND ( 'NONE', #2987, .T. ) ;
#4283 = CARTESIAN_POINT ( 'NONE',  ( 4.000000000000000000, -11.53650156772112467, 14.54168760482228606 ) ) ;
#4284 = DIRECTION ( 'NONE',  ( -1.000000000000000000, -3.252606517456514535E-17, -4.636167053988475974E-17 ) ) ;
#4285 = DIRECTION ( 'NONE',  ( -0.000000000000000000, 1.000000000000000000, 0.000000000000000000 ) ) ;
#4286 = ORIENTED_EDGE ( 'NONE', *, *, #31, .T. ) ;
#4287 = VERTEX_POINT ( 'NONE', #5166 ) ;
#4288 = DIRECTION ( 'NONE',  ( -1.239088197126290570E-16, 1.000000000000000000, -0.000000000000000000 ) ) ;
#4289 = DIRECTION ( 'NONE',  ( 1.165692616471626958E-16, -0.9407664597040923393, -0.3390552584695132876 ) ) ;
#4290 = LINE ( 'NONE', #2620, #122 ) ;
#4291 = PLANE ( 'NONE',  #3090 ) ;
#4292 = ORIENTED_EDGE ( 'NONE', *, *, #4903, .T. ) ;
#4293 = VERTEX_POINT ( 'NONE', #3484 ) ;
#4294 = CARTESIAN_POINT ( 'NONE',  ( 7.002000000000005109, -18.20000000000000639, 64.93639844763217184 ) ) ;
#4295 = ADVANCED_FACE ( 'NONE', ( #359 ), #5579, .F. ) ;
#4296 = LINE ( 'NONE', #3881, #1332 ) ;
#4297 = EDGE_CURVE ( 'NONE', #4481, #2141, #1248, .T. ) ;
#4298 = ORIENTED_EDGE ( 'NONE', *, *, #174, .F. ) ;
#4299 = ORIENTED_EDGE ( 'NONE', *, *, #5371, .F. ) ;
#4300 = FACE_OUTER_BOUND ( 'NONE', #1315, .T. ) ;
#4301 = LINE ( 'NONE', #2609, #5587 ) ;
#4302 = EDGE_CURVE ( 'NONE', #1550, #3299, #4296, .T. ) ;
#4303 = DIRECTION ( 'NONE',  ( 0.000000000000000000, -7.096596038086940624E-15, 1.000000000000000000 ) ) ;
#4304 = ORIENTED_EDGE ( 'NONE', *, *, #3637, .T. ) ;
#4305 = CIRCLE ( 'NONE', #3226, 0.7999999999999986011 ) ;
#4306 = CARTESIAN_POINT ( 'NONE',  ( 0.9999999999999997780, -7.417561391042557517, 55.27044339804668027 ) ) ;
#4307 = DIRECTION ( 'NONE',  ( -3.469446951953611033E-15, 0.000000000000000000, 1.000000000000000000 ) ) ;
#4308 = CARTESIAN_POINT ( 'NONE',  ( 1.225000000000000089, -0.9999999999999935607, -44.31187420807833632 ) ) ;
#4309 = AXIS2_PLACEMENT_3D ( 'NONE', #5529, #2946, #783 ) ;
#4310 = AXIS2_PLACEMENT_3D ( 'NONE', #3462, #4407, #1291 ) ;
#4311 = VECTOR ( 'NONE', #78, 1000.000000000000000 ) ;
#4312 = DIRECTION ( 'NONE',  ( -1.355252715606879803E-16, 1.000000000000000000, 0.000000000000000000 ) ) ;
#4313 = VECTOR ( 'NONE', #4249, 1000.000000000000000 ) ;
#4314 = ORIENTED_EDGE ( 'NONE', *, *, #1260, .F. ) ;
#4315 = ORIENTED_EDGE ( 'NONE', *, *, #3458, .F. ) ;
#4316 = VECTOR ( 'NONE', #4696, 1000.000000000000114 ) ;
#4317 = AXIS2_PLACEMENT_3D ( 'NONE', #3487, #2686, #519 ) ;
#4319 = DIRECTION ( 'NONE',  ( 1.000000000000000000, 3.252606517456513918E-17, 0.000000000000000000 ) ) ;
#4318 = AXIS2_PLACEMENT_3D ( 'NONE', #2066, #3445, #1584 ) ;
#4320 = DIRECTION ( 'NONE',  ( -0.000000000000000000, 1.000000000000000000, 1.577021341797097560E-16 ) ) ;
#4321 = CARTESIAN_POINT ( 'NONE',  ( 0.000000000000000000, 0.000000000000000000, 0.000000000000000000 ) ) ;
#4322 = DIRECTION ( 'NONE',  ( 1.000000000000000000, 1.239088197126290570E-16, 0.000000000000000000 ) ) ;
#4323 = VERTEX_POINT ( 'NONE', #5213 ) ;
#4324 = VECTOR ( 'NONE', #1728, 1000.000000000000000 ) ;
#4325 = ORIENTED_EDGE ( 'NONE', *, *, #2089, .T. ) ;
#4326 = DIRECTION ( 'NONE',  ( 1.000000000000000000, 1.239088197126290570E-16, 0.000000000000000000 ) ) ;
#4327 = LINE ( 'NONE', #3089, #3146 ) ;
#4328 = DIRECTION ( 'NONE',  ( -0.000000000000000000, -0.000000000000000000, -1.000000000000000000 ) ) ;
#4329 = VERTEX_POINT ( 'NONE', #1312 ) ;
#4330 = ORIENTED_EDGE ( 'NONE', *, *, #255, .F. ) ;
#4331 = EDGE_CURVE ( 'NONE', #2351, #4713, #1838, .T. ) ;
#4332 = CARTESIAN_POINT ( 'NONE',  ( 4.000000000000000000, -5.299999999999998934, -4.000000000000000000 ) ) ;
#4333 = ADVANCED_FACE ( 'NONE', ( #4790 ), #5133, .F. ) ;
#4334 = CARTESIAN_POINT ( 'NONE',  ( 2.724999999999999645, -10.99999999999999822, -34.20000000000000284 ) ) ;
#4335 = VERTEX_POINT ( 'NONE', #3826 ) ;
#4336 = DIRECTION ( 'NONE',  ( -0.000000000000000000, 0.000000000000000000, 1.000000000000000000 ) ) ;
#4337 = EDGE_CURVE ( 'NONE', #3479, #3724, #4197, .T. ) ;
#4338 = LINE ( 'NONE', #2585, #1326 ) ;
#4339 = VECTOR ( 'NONE', #4218, 1000.000000000000000 ) ;
#4340 = DIRECTION ( 'NONE',  ( -1.000000000000000000, -1.239088197126290570E-16, 0.000000000000000000 ) ) ;
#4341 = ORIENTED_EDGE ( 'NONE', *, *, #5596, .F. ) ;
#4342 = ORIENTED_EDGE ( 'NONE', *, *, #4761, .T. ) ;
#4343 = EDGE_CURVE ( 'NONE', #5065, #2941, #2166, .T. ) ;
#4344 = VECTOR ( 'NONE', #2388, 1000.000000000000000 ) ;
#4345 = DIRECTION ( 'NONE',  ( 0.000000000000000000, 1.000000000000000000, 0.000000000000000000 ) ) ;
#4346 = CARTESIAN_POINT ( 'NONE',  ( 0.4999999999999983902, -7.605121347951829591, 59.65831239517768836 ) ) ;
#4347 = CARTESIAN_POINT ( 'NONE',  ( 7.002000000000005997, -17.32982544119417057, 22.45831239517770328 ) ) ;
#4348 = CARTESIAN_POINT ( 'NONE',  ( 0.4999999999999983902, -8.318665654899097817, 17.01605135672935631 ) ) ;
#4349 = ORIENTED_EDGE ( 'NONE', *, *, #461, .F. ) ;
#4350 = VECTOR ( 'NONE', #5459, 1000.000000000000000 ) ;
#4351 = ORIENTED_EDGE ( 'NONE', *, *, #1834, .T. ) ;
#4352 = PLANE ( 'NONE',  #1218 ) ;
#4353 = CARTESIAN_POINT ( 'NONE',  ( 0.4999999999999983902, -8.052613167763272628, 50.55901252708741822 ) ) ;
#4354 = DIRECTION ( 'NONE',  ( -1.000000000000000000, -3.469446951953611107E-17, 0.000000000000000000 ) ) ;
#4355 = ORIENTED_EDGE ( 'NONE', *, *, #3740, .T. ) ;
#4356 = VERTEX_POINT ( 'NONE', #4759 ) ;
#4357 = CARTESIAN_POINT ( 'NONE',  ( -64.14711903867025455, -17.32982544119417412, 55.54168760482228606 ) ) ;
#4358 = DIRECTION ( 'NONE',  ( 0.000000000000000000, -1.000000000000000000, 0.000000000000000000 ) ) ;
#4359 = EDGE_CURVE ( 'NONE', #3842, #1576, #477, .T. ) ;
#4360 = EDGE_CURVE ( 'NONE', #5390, #4514, #3908, .T. ) ;
#4361 = ORIENTED_EDGE ( 'NONE', *, *, #1452, .T. ) ;
#4362 = DIRECTION ( 'NONE',  ( 1.000000000000000000, 1.239088197126290570E-16, 0.000000000000000000 ) ) ;
#4363 = DIRECTION ( 'NONE',  ( 0.000000000000000000, -1.000000000000000000, 0.000000000000000000 ) ) ;
#4364 = EDGE_CURVE ( 'NONE', #3850, #482, #2985, .T. ) ;
#4365 = LINE ( 'NONE', #2262, #1272 ) ;
#4366 = ADVANCED_FACE ( 'NONE', ( #3436 ), #1266, .F. ) ;
#4367 = ORIENTED_EDGE ( 'NONE', *, *, #4644, .T. ) ;
#4368 = LINE ( 'NONE', #1734, #44 ) ;
#4369 = CARTESIAN_POINT ( 'NONE',  ( 4.000000000000000000, -4.499999999999999112, -18.40000000000000568 ) ) ;
#4370 = DIRECTION ( 'NONE',  ( -0.000000000000000000, 1.000000000000000000, -0.000000000000000000 ) ) ;
#4371 = CARTESIAN_POINT ( 'NONE',  ( 0.000000000000000000, -18.99999999999999645, -43.00000000000000000 ) ) ;
#4372 = EDGE_CURVE ( 'NONE', #12, #4008, #3036, .T. ) ;
#4373 = ORIENTED_EDGE ( 'NONE', *, *, #2468, .F. ) ;
#4374 = ORIENTED_EDGE ( 'NONE', *, *, #3383, .F. ) ;
#4375 = DIRECTION ( 'NONE',  ( 0.000000000000000000, 1.000000000000000000, 0.000000000000000000 ) ) ;
#4376 = LINE ( 'NONE', #4922, #3361 ) ;
#4377 = EDGE_LOOP ( 'NONE', ( #4721, #2472, #4785, #1538 ) ) ;
#4378 = ORIENTED_EDGE ( 'NONE', *, *, #2423, .F. ) ;
#4379 = CARTESIAN_POINT ( 'NONE',  ( 0.9999999999999997780, -15.50000000000000178, 64.00000000000000000 ) ) ;
#4380 = DIRECTION ( 'NONE',  ( 0.000000000000000000, 0.000000000000000000, -1.000000000000000000 ) ) ;
#4381 = AXIS2_PLACEMENT_3D ( 'NONE', #4560, #3525, #65 ) ;
#4382 = APPLICATION_PROTOCOL_DEFINITION ( 'draft international standard', 'automotive_design', 1998, #3558 ) ;
#4383 = ORIENTED_EDGE ( 'NONE', *, *, #5343, .F. ) ;
#4384 = DIRECTION ( 'NONE',  ( -1.000000000000000000, -1.239088197126290570E-16, 6.270397653133600026E-34 ) ) ;
#4385 = VECTOR ( 'NONE', #3507, 1000.000000000000000 ) ;
#4386 = LINE ( 'NONE', #3972, #3767 ) ;
#4387 = FACE_OUTER_BOUND ( 'NONE', #2948, .T. ) ;
#4388 = VERTEX_POINT ( 'NONE', #3931 ) ;
#4389 = AXIS2_PLACEMENT_3D ( 'NONE', #4017, #159, #2741 ) ;
#4390 = VERTEX_POINT ( 'NONE', #1478 ) ;
#4391 = EDGE_CURVE ( 'NONE', #852, #5390, #3074, .T. ) ;
#4392 = DIRECTION ( 'NONE',  ( -1.000000000000000000, -3.469446951953611107E-17, 0.000000000000000000 ) ) ;
#4393 = EDGE_CURVE ( 'NONE', #3813, #4603, #74, .T. ) ;
#4394 = CARTESIAN_POINT ( 'NONE',  ( 5.000000000000000000, 0.000000000000000000, -20.00000000000000000 ) ) ;
#4395 = VECTOR ( 'NONE', #4153, 1000.000000000000000 ) ;
#4396 = AXIS2_PLACEMENT_3D ( 'NONE', #4357, #3071, #1348 ) ;
#4397 = FACE_OUTER_BOUND ( 'NONE', #4158, .T. ) ;
#4398 = DIRECTION ( 'NONE',  ( -1.000000000000000000, -1.239088197126290570E-16, 0.000000000000000000 ) ) ;
#4399 = ORIENTED_EDGE ( 'NONE', *, *, #4531, .F. ) ;
#4400 = EDGE_LOOP ( 'NONE', ( #1679, #2929, #2426, #709, #3914, #3709 ) ) ;
#4401 = VECTOR ( 'NONE', #1134, 1000.000000000000000 ) ;
#4402 = VECTOR ( 'NONE', #3682, 1000.000000000000000 ) ;
#4403 = AXIS2_PLACEMENT_3D ( 'NONE', #3515, #4821, #5248 ) ;
#4404 = LINE ( 'NONE', #4839, #2321 ) ;
#4405 = VECTOR ( 'NONE', #3702, 1000.000000000000000 ) ;
#4406 = EDGE_CURVE ( 'NONE', #344, #3118, #3117, .T. ) ;
#4407 = DIRECTION ( 'NONE',  ( 1.000000000000000000, 0.000000000000000000, 0.000000000000000000 ) ) ;
#4408 = AXIS2_PLACEMENT_3D ( 'NONE', #1298, #1357, #850 ) ;
#4409 = AXIS2_PLACEMENT_3D ( 'NONE', #4224, #308, #2011 ) ;
#4410 = DIRECTION ( 'NONE',  ( -1.000000000000000000, -3.252606517456513918E-17, 0.000000000000000000 ) ) ;
#4411 = VERTEX_POINT ( 'NONE', #3639 ) ;
#4412 = ORIENTED_EDGE ( 'NONE', *, *, #4923, .F. ) ;
#4413 = DIRECTION ( 'NONE',  ( -2.713479250253470220E-17, 0.6819983600625021403, -0.7313537016191670181 ) ) ;
#4414 = EDGE_CURVE ( 'NONE', #2785, #1240, #599, .T. ) ;
#4415 = AXIS2_PLACEMENT_3D ( 'NONE', #1720, #384, #17 ) ;
#4416 = LINE ( 'NONE', #5540, #4671 ) ;
#4417 = PLANE ( 'NONE',  #1503 ) ;
#4418 = DIRECTION ( 'NONE',  ( 1.000000000000000000, 3.252606517456513918E-17, -0.000000000000000000 ) ) ;
#4419 = ORIENTED_EDGE ( 'NONE', *, *, #3704, .T. ) ;
#4420 = CARTESIAN_POINT ( 'NONE',  ( -4.501000000000007439, -17.00000000000000000, -14.50000000000000000 ) ) ;
#4421 = PLANE ( 'NONE',  #1773 ) ;
#4422 = DIRECTION ( 'NONE',  ( -1.000000000000000000, -1.239088197126290570E-16, 0.000000000000000000 ) ) ;
#4423 = ORIENTED_EDGE ( 'NONE', *, *, #4502, .T. ) ;
#4424 = ORIENTED_EDGE ( 'NONE', *, *, #3305, .F. ) ;
#4425 = CARTESIAN_POINT ( 'NONE',  ( 0.4999999999999978351, -3.499999999999992895, 4.000000000000003553 ) ) ;
#4426 = FACE_OUTER_BOUND ( 'NONE', #1721, .T. ) ;
#4427 = VECTOR ( 'NONE', #1246, 1000.000000000000000 ) ;
#4428 = DIRECTION ( 'NONE',  ( -0.000000000000000000, 0.7071067811865451302, -0.7071067811865500152 ) ) ;
#4429 = VERTEX_POINT ( 'NONE', #5353 ) ;
#4430 = EDGE_CURVE ( 'NONE', #2023, #4390, #3587, .T. ) ;
#4431 = VERTEX_POINT ( 'NONE', #5328 ) ;
#4432 = EDGE_CURVE ( 'NONE', #2162, #3093, #5309, .T. ) ;
#4433 = CIRCLE ( 'NONE', #3898, 0.8000000000000003775 ) ;
#4434 = CARTESIAN_POINT ( 'NONE',  ( 2.724999999999999201, -14.49999999999999645, -31.09999999999999432 ) ) ;
#4435 = LINE ( 'NONE', #5325, #145 ) ;
#4436 = VECTOR ( 'NONE', #3782, 1000.000000000000000 ) ;
#4437 = DIRECTION ( 'NONE',  ( 0.000000000000000000, 1.000000000000000000, 0.000000000000000000 ) ) ;
#4438 = ORIENTED_EDGE ( 'NONE', *, *, #4540, .F. ) ;
#4439 = ORIENTED_EDGE ( 'NONE', *, *, #1131, .F. ) ;
#4440 = EDGE_CURVE ( 'NONE', #429, #2922, #1882, .T. ) ;
#4441 = AXIS2_PLACEMENT_3D ( 'NONE', #2286, #4340, #452 ) ;
#4442 = PLANE ( 'NONE',  #5400 ) ;
#4443 = CARTESIAN_POINT ( 'NONE',  ( 0.4999999999999995559, -17.59691913088642323, 6.370786327052026188 ) ) ;
#4444 = CARTESIAN_POINT ( 'NONE',  ( 0.9999999999999991118, 3.805842560179955480, 69.15558256377492796 ) ) ;
#4445 = DIRECTION ( 'NONE',  ( 0.000000000000000000, -1.000000000000000000, 0.000000000000000000 ) ) ;
#4446 = EDGE_CURVE ( 'NONE', #2968, #3868, #1431, .T. ) ;
#4447 = ORIENTED_EDGE ( 'NONE', *, *, #724, .F. ) ;
#4448 = CARTESIAN_POINT ( 'NONE',  ( 1.000000000000000000, -19.00000000000000355, 60.45831239517769262 ) ) ;
#4449 = FACE_OUTER_BOUND ( 'NONE', #1472, .T. ) ;
#4450 = CYLINDRICAL_SURFACE ( 'NONE', #4441, 3.999999999999998224 ) ;
#4451 = ORIENTED_EDGE ( 'NONE', *, *, #717, .F. ) ;
#4452 = EDGE_LOOP ( 'NONE', ( #3314, #4818, #756, #4972 ) ) ;
#4453 = CARTESIAN_POINT ( 'NONE',  ( 4.000000000000000000, -10.93342069860755039, 14.01605135672935276 ) ) ;
#4454 = CYLINDRICAL_SURFACE ( 'NONE', #240, 0.7999999999999986011 ) ;
#4455 = CARTESIAN_POINT ( 'NONE',  ( 2.725000000000000533, -0.9999999999999941158, -34.20000000000000284 ) ) ;
#4456 = ORIENTED_EDGE ( 'NONE', *, *, #724, .T. ) ;
#4457 = ORIENTED_EDGE ( 'NONE', *, *, #4921, .F. ) ;
#4458 = DIRECTION ( 'NONE',  ( -1.000000000000000000, -3.252606517456513918E-17, -0.000000000000000000 ) ) ;
#4459 = LINE ( 'NONE', #204, #1495 ) ;
#4460 = CARTESIAN_POINT ( 'NONE',  ( 7.000000000000000000, -12.75000000000000000, 0.000000000000000000 ) ) ;
#4461 = ORIENTED_EDGE ( 'NONE', *, *, #1061, .T. ) ;
#4462 = ORIENTED_EDGE ( 'NONE', *, *, #4236, .F. ) ;
#4463 = DIRECTION ( 'NONE',  ( -1.000000000000000000, -3.469446951953611107E-17, 0.000000000000000000 ) ) ;
#4464 = DIRECTION ( 'NONE',  ( 1.000000000000000000, 3.252606517456513918E-17, 0.000000000000000000 ) ) ;
#4465 = ADVANCED_FACE ( 'NONE', ( #182 ), #2247, .F. ) ;
#4466 = EDGE_CURVE ( 'NONE', #2655, #1800, #4941, .T. ) ;
#4467 = DIRECTION ( 'NONE',  ( 0.000000000000000000, 0.000000000000000000, -1.000000000000000000 ) ) ;
#4468 = DIRECTION ( 'NONE',  ( -1.355252715606879803E-16, 1.000000000000000000, 0.000000000000000000 ) ) ;
#4469 = CIRCLE ( 'NONE', #3934, 1.600000000000000089 ) ;
#4470 = VERTEX_POINT ( 'NONE', #939 ) ;
#4471 = CARTESIAN_POINT ( 'NONE',  ( 4.000000000000003553, -18.20000000000000284, 27.71223167968817336 ) ) ;
#4472 = ADVANCED_FACE ( 'NONE', ( #3222 ), #3988, .F. ) ;
#4473 = DIRECTION ( 'NONE',  ( -0.000000000000000000, -0.000000000000000000, -1.000000000000000000 ) ) ;
#4474 = LINE ( 'NONE', #1580, #1071 ) ;
#4475 = EDGE_LOOP ( 'NONE', ( #1930, #4314 ) ) ;
#4476 = ORIENTED_EDGE ( 'NONE', *, *, #4170, .T. ) ;
#4477 = PLANE ( 'NONE',  #314 ) ;
#4478 = CARTESIAN_POINT ( 'NONE',  ( 7.000000000000000000, -2.999999999999998668, -19.59999999999999076 ) ) ;
#4479 = AXIS2_PLACEMENT_3D ( 'NONE', #1707, #3446, #4881 ) ;
#4480 = CYLINDRICAL_SURFACE ( 'NONE', #1808, 1.649999999999998579 ) ;
#4481 = VERTEX_POINT ( 'NONE', #1823 ) ;
#4482 = ORIENTED_EDGE ( 'NONE', *, *, #4245, .F. ) ;
#4483 = DIRECTION ( 'NONE',  ( 0.000000000000000000, -2.376333528735352191E-16, 1.000000000000000000 ) ) ;
#4484 = AXIS2_PLACEMENT_3D ( 'NONE', #1370, #4816, #2572 ) ;
#4485 = AXIS2_PLACEMENT_3D ( 'NONE', #1440, #4910, #1892 ) ;
#4486 = CARTESIAN_POINT ( 'NONE',  ( 7.002000000000005997, -15.96394253386069728, 25.65831239517770612 ) ) ;
#4487 = CARTESIAN_POINT ( 'NONE',  ( 7.002000000000006885, -7.903080869113574103, 15.97090127777026858 ) ) ;
#4488 = ORIENTED_EDGE ( 'NONE', *, *, #3502, .T. ) ;
#4489 = DIRECTION ( 'NONE',  ( -1.000000000000000000, -1.239088197126290570E-16, 0.000000000000000000 ) ) ;
#4490 = VECTOR ( 'NONE', #1423, 1000.000000000000114 ) ;
#4491 = CIRCLE ( 'NONE', #2133, 1.250000000000001110 ) ;
#4492 = ORIENTED_EDGE ( 'NONE', *, *, #1662, .T. ) ;
#4493 = VECTOR ( 'NONE', #1547, 1000.000000000000114 ) ;
#4494 = CARTESIAN_POINT ( 'NONE',  ( 7.002000000000005997, -18.08243860895743893, 55.27044339804667317 ) ) ;
#4495 = DIRECTION ( 'NONE',  ( 0.000000000000000000, -1.000000000000000000, 0.000000000000000000 ) ) ;
#4496 = AXIS2_PLACEMENT_3D ( 'NONE', #3046, #878, #4802 ) ;
#4497 = VECTOR ( 'NONE', #4483, 1000.000000000000000 ) ;
#4498 = DIRECTION ( 'NONE',  ( -0.000000000000000000, 0.000000000000000000, -1.000000000000000000 ) ) ;
#4499 = CARTESIAN_POINT ( 'NONE',  ( 1.225000000000000089, -22.49999999999998934, -31.59999999999999787 ) ) ;
#4500 = EDGE_CURVE ( 'NONE', #2525, #4777, #5219, .T. ) ;
#4501 = VERTEX_POINT ( 'NONE', #2736 ) ;
#4502 = EDGE_CURVE ( 'NONE', #4429, #3804, #3269, .T. ) ;
#4503 = DIRECTION ( 'NONE',  ( -1.000000000000000000, -1.239088197126290570E-16, 0.000000000000000000 ) ) ;
#4504 = LINE ( 'NONE', #2723, #5224 ) ;
#4505 = DIRECTION ( 'NONE',  ( 2.168404344971009854E-16, -1.000000000000000000, 0.000000000000000000 ) ) ;
#4506 = FACE_OUTER_BOUND ( 'NONE', #1670, .T. ) ;
#4507 = ORIENTED_EDGE ( 'NONE', *, *, #512, .F. ) ;
#4508 = ORIENTED_EDGE ( 'NONE', *, *, #2251, .F. ) ;
#4509 = EDGE_CURVE ( 'NONE', #897, #1261, #4376, .T. ) ;
#4510 = CARTESIAN_POINT ( 'NONE',  ( 19.72792206135787296, 3.999999999999999112, 62.50000000000000000 ) ) ;
#4511 = CARTESIAN_POINT ( 'NONE',  ( 3.500000000000000444, -15.99999999999998934, -16.75000000000000355 ) ) ;
#4512 = FACE_OUTER_BOUND ( 'NONE', #905, .T. ) ;
#4513 = ORIENTED_EDGE ( 'NONE', *, *, #4755, .F. ) ;
#4514 = VERTEX_POINT ( 'NONE', #2300 ) ;
#4515 = EDGE_CURVE ( 'NONE', #1884, #238, #4988, .T. ) ;
#4516 = CARTESIAN_POINT ( 'NONE',  ( 7.000000000000000000, -15.99999999999999289, -38.00000000000000000 ) ) ;
#4517 = ORIENTED_EDGE ( 'NONE', *, *, #1412, .T. ) ;
#4518 = DIRECTION ( 'NONE',  ( 1.000000000000000000, 1.239088197126290570E-16, -6.270397653133597461E-34 ) ) ;
#4519 = ORIENTED_EDGE ( 'NONE', *, *, #4406, .F. ) ;
#4520 = LINE ( 'NONE', #4953, #4156 ) ;
#4521 = VECTOR ( 'NONE', #419, 1000.000000000000000 ) ;
#4522 = ORIENTED_EDGE ( 'NONE', *, *, #642, .T. ) ;
#4523 = DIRECTION ( 'NONE',  ( 0.000000000000000000, -1.000000000000000000, 0.000000000000000000 ) ) ;
#4524 = CARTESIAN_POINT ( 'NONE',  ( 4.000000000000000000, -16.24861579036490511, 52.54168760482228606 ) ) ;
#4525 = CIRCLE ( 'NONE', #1169, 0.7999999999999986011 ) ;
#4526 = CARTESIAN_POINT ( 'NONE',  ( 0.4999999999999989453, -12.20000000000000107, -19.20000000000000639 ) ) ;
#4527 = PLANE ( 'NONE',  #1957 ) ;
#4528 = ORIENTED_EDGE ( 'NONE', *, *, #926, .T. ) ;
#4529 = DIRECTION ( 'NONE',  ( 1.000000000000000000, 3.252606517456513918E-17, 0.000000000000000000 ) ) ;
#4530 = DIRECTION ( 'NONE',  ( 1.000000000000000000, -0.000000000000000000, -0.000000000000000000 ) ) ;
#4531 = EDGE_CURVE ( 'NONE', #4603, #2681, #1630, .T. ) ;
#4532 = EDGE_CURVE ( 'NONE', #3391, #5163, #4877, .T. ) ;
#4533 = LINE ( 'NONE', #219, #5392 ) ;
#4534 = CARTESIAN_POINT ( 'NONE',  ( 5.000000000000000000, 4.000000000000000888, -28.57413601349979260 ) ) ;
#4535 = ORIENTED_EDGE ( 'NONE', *, *, #3127, .T. ) ;
#4536 = ORIENTED_EDGE ( 'NONE', *, *, #5421, .F. ) ;
#4537 = CARTESIAN_POINT ( 'NONE',  ( 7.000000000000000000, -18.99999999999999645, -43.00000000000000000 ) ) ;
#4538 = PLANE ( 'NONE',  #1780 ) ;
#4539 = EDGE_CURVE ( 'NONE', #4908, #3974, #3963, .T. ) ;
#4540 = EDGE_CURVE ( 'NONE', #4740, #4056, #710, .T. ) ;
#4541 = LINE ( 'NONE', #4087, #3460 ) ;
#4542 = EDGE_LOOP ( 'NONE', ( #537, #4286, #5370, #5435 ) ) ;
#4543 = AXIS2_PLACEMENT_3D ( 'NONE', #4577, #2915, #2888 ) ;
#4544 = ORIENTED_EDGE ( 'NONE', *, *, #924, .F. ) ;
#4545 = FACE_OUTER_BOUND ( 'NONE', #300, .T. ) ;
#4546 = EDGE_CURVE ( 'NONE', #2479, #4824, #3342, .T. ) ;
#4547 = ORIENTED_EDGE ( 'NONE', *, *, #4616, .F. ) ;
#4548 = LINE ( 'NONE', #1568, #1986 ) ;
#4549 = ORIENTED_EDGE ( 'NONE', *, *, #3823, .T. ) ;
#4550 = DIRECTION ( 'NONE',  ( 0.000000000000000000, 0.000000000000000000, -1.000000000000000000 ) ) ;
#4551 = VERTEX_POINT ( 'NONE', #3700 ) ;
#4552 = DIRECTION ( 'NONE',  ( 0.000000000000000000, 1.000000000000000000, 0.000000000000000000 ) ) ;
#4553 = CARTESIAN_POINT ( 'NONE',  ( 1.000000000000000000, -18.20000000000000639, 64.13639844763217468 ) ) ;
#4554 = DIRECTION ( 'NONE',  ( 0.000000000000000000, -1.577021341797097560E-16, 1.000000000000000000 ) ) ;
#4555 = DIRECTION ( 'NONE',  ( -1.000000000000000000, -1.239088197126290570E-16, 0.000000000000000000 ) ) ;
#4556 = ORIENTED_EDGE ( 'NONE', *, *, #77, .F. ) ;
#4557 = ORIENTED_EDGE ( 'NONE', *, *, #77, .T. ) ;
#4558 = CARTESIAN_POINT ( 'NONE',  ( 0.4999999999999995559, -15.53963716630351222, 35.09386066807927307 ) ) ;
#4559 = DIRECTION ( 'NONE',  ( -0.000000000000000000, 0.000000000000000000, 1.000000000000000000 ) ) ;
#4560 = CARTESIAN_POINT ( 'NONE',  ( 7.002000000000004221, -7.299999999999998934, 61.52191394754550657 ) ) ;
#4561 = CARTESIAN_POINT ( 'NONE',  ( 4.225000000000000533, -7.828427124746200505, -37.00000000000000000 ) ) ;
#4562 = ORIENTED_EDGE ( 'NONE', *, *, #1205, .F. ) ;
#4563 = ORIENTED_EDGE ( 'NONE', *, *, #1637, .F. ) ;
#4564 = AXIS2_PLACEMENT_3D ( 'NONE', #884, #1715, #1304 ) ;
#4565 = LINE ( 'NONE', #2441, #1489 ) ;
#4566 = CARTESIAN_POINT ( 'NONE',  ( 0.9999999999999995559, -9.251384209635093114, 53.34168760482229033 ) ) ;
#4567 = DIRECTION ( 'NONE',  ( -1.000000000000000000, -3.252606517456514535E-17, -4.636167053988475974E-17 ) ) ;
#4568 = ORIENTED_EDGE ( 'NONE', *, *, #3423, .T. ) ;
#4569 = VERTEX_POINT ( 'NONE', #4177 ) ;
#4570 = ADVANCED_FACE ( 'NONE', ( #4117 ), #3257, .F. ) ;
#4571 = EDGE_CURVE ( 'NONE', #3092, #5183, #2050, .T. ) ;
#4572 = CYLINDRICAL_SURFACE ( 'NONE', #2136, 0.7999999999999994893 ) ;
#4573 = VECTOR ( 'NONE', #1335, 1000.000000000000000 ) ;
#4574 = ORIENTED_EDGE ( 'NONE', *, *, #3475, .T. ) ;
#4575 = CYLINDRICAL_SURFACE ( 'NONE', #3181, 0.7999999999999986011 ) ;
#4576 = EDGE_LOOP ( 'NONE', ( #4106, #1889, #4374, #3100 ) ) ;
#4577 = CARTESIAN_POINT ( 'NONE',  ( -64.14711903867025455, -10.95018283449972607, 60.45831239517769262 ) ) ;
#4578 = VERTEX_POINT ( 'NONE', #2794 ) ;
#4579 = VECTOR ( 'NONE', #368, 1000.000000000000000 ) ;
#4580 = CIRCLE ( 'NONE', #5497, 0.8000000000000003775 ) ;
#4581 = ADVANCED_FACE ( 'NONE', ( #293 ), #4575, .F. ) ;
#4582 = DIRECTION ( 'NONE',  ( 0.000000000000000000, 0.3390552584695133986, 0.9407664597040922283 ) ) ;
#4583 = AXIS2_PLACEMENT_3D ( 'NONE', #3534, #3585, #4437 ) ;
#4584 = VECTOR ( 'NONE', #2481, 1000.000000000000000 ) ;
#4585 = AXIS2_PLACEMENT_3D ( 'NONE', #1885, #4904, #2393 ) ;
#4586 = CIRCLE ( 'NONE', #2134, 0.8000000000000003775 ) ;
#4587 = PLANE ( 'NONE',  #2772 ) ;
#4588 = ORIENTED_EDGE ( 'NONE', *, *, #3946, .F. ) ;
#4589 = EDGE_CURVE ( 'NONE', #222, #5516, #266, .T. ) ;
#4590 = VECTOR ( 'NONE', #3632, 1000.000000000000000 ) ;
#4591 = VECTOR ( 'NONE', #697, 1000.000000000000000 ) ;
#4592 = PRESENTATION_LAYER_ASSIGNMENT (  '', '', ( #2229 ) ) ;
#4593 = LINE ( 'NONE', #3321, #4870 ) ;
#4594 = CARTESIAN_POINT ( 'NONE',  ( 0.4999999999999970024, -5.299999999999999822, -18.40000000000000568 ) ) ;
#4595 = LINE ( 'NONE', #3627, #5170 ) ;
#4596 = AXIS2_PLACEMENT_3D ( 'NONE', #2231, #4336, #3490 ) ;
#4597 = ORIENTED_EDGE ( 'NONE', *, *, #5319, .T. ) ;
#4598 = ORIENTED_EDGE ( 'NONE', *, *, #3603, .T. ) ;
#4599 = CARTESIAN_POINT ( 'NONE',  ( 4.000000000000000000, -6.500000000000000000, 4.000000000000000000 ) ) ;
#4600 = CARTESIAN_POINT ( 'NONE',  ( 0.4999999999999990563, -12.75000000000000000, 39.00000000000000000 ) ) ;
#4601 = DIRECTION ( 'NONE',  ( -0.000000000000000000, -1.000000000000000000, -2.168404344971010840E-16 ) ) ;
#4602 = LINE ( 'NONE', #5004, #1269 ) ;
#4603 = VERTEX_POINT ( 'NONE', #5010 ) ;
#4604 = ORIENTED_EDGE ( 'NONE', *, *, #341, .T. ) ;
#4605 = DIRECTION ( 'NONE',  ( 1.000000000000000000, 0.000000000000000000, 0.000000000000000000 ) ) ;
#4606 = ORIENTED_EDGE ( 'NONE', *, *, #5377, .T. ) ;
#4607 = EDGE_CURVE ( 'NONE', #5100, #1860, #3711, .T. ) ;
#4608 = DIRECTION ( 'NONE',  ( -1.000000000000000000, -1.239088197126290570E-16, -0.000000000000000000 ) ) ;
#4609 = EDGE_CURVE ( 'NONE', #5408, #5188, #3313, .T. ) ;
#4610 = ORIENTED_EDGE ( 'NONE', *, *, #1661, .F. ) ;
#4611 = PLANE ( 'NONE',  #1553 ) ;
#4612 = ORIENTED_EDGE ( 'NONE', *, *, #4546, .F. ) ;
#4613 = DIRECTION ( 'NONE',  ( 0.000000000000000000, 0.000000000000000000, 1.000000000000000000 ) ) ;
#4614 = CARTESIAN_POINT ( 'NONE',  ( 1.999999999999999556, -4.500000000000000000, 4.000000000000000000 ) ) ;
#4615 = CARTESIAN_POINT ( 'NONE',  ( 4.225000000000000533, -0.9999999999999943379, -37.00000000000000000 ) ) ;
#4616 = EDGE_CURVE ( 'NONE', #5372, #5283, #1626, .T. ) ;
#4617 = VERTEX_POINT ( 'NONE', #5492 ) ;
#4618 = ORIENTED_EDGE ( 'NONE', *, *, #4539, .F. ) ;
#4619 = AXIS2_PLACEMENT_3D ( 'NONE', #2621, #4662, #1761 ) ;
#4620 = DIRECTION ( 'NONE',  ( -0.000000000000000000, -1.000000000000000000, -2.168404344971010840E-16 ) ) ;
#4621 = LINE ( 'NONE', #1578, #5401 ) ;
#4622 = EDGE_CURVE ( 'NONE', #1884, #4754, #4093, .T. ) ;
#4623 = AXIS2_PLACEMENT_3D ( 'NONE', #4258, #3470, #2098 ) ;
#4624 = CYLINDRICAL_SURFACE ( 'NONE', #2074, 0.8000000000000003775 ) ;
#4625 = ORIENTED_EDGE ( 'NONE', *, *, #1774, .F. ) ;
#4626 = ORIENTED_EDGE ( 'NONE', *, *, #2855, .T. ) ;
#4627 = CARTESIAN_POINT ( 'NONE',  ( 4.000000000000000000, -6.499999999999999112, 24.65831239517770612 ) ) ;
#4628 = CARTESIAN_POINT ( 'NONE',  ( 0.000000000000000000, 7.885106708985487062E-16, -34.20000000000000284 ) ) ;
#4629 = DIRECTION ( 'NONE',  ( 0.000000000000000000, 0.000000000000000000, -1.000000000000000000 ) ) ;
#4630 = DIRECTION ( 'NONE',  ( -1.000000000000000000, -1.239088197126290570E-16, 0.000000000000000000 ) ) ;
#4631 = ORIENTED_EDGE ( 'NONE', *, *, #3097, .F. ) ;
#4632 = ORIENTED_EDGE ( 'NONE', *, *, #237, .T. ) ;
#4633 = CARTESIAN_POINT ( 'NONE',  ( 2.725000000000000533, -0.9999999999999941158, -37.00000000000000000 ) ) ;
#4634 = ORIENTED_EDGE ( 'NONE', *, *, #2040, .F. ) ;
#4635 = DIRECTION ( 'NONE',  ( -8.673617379884028076E-17, 1.000000000000000000, 0.000000000000000000 ) ) ;
#4636 = ORIENTED_EDGE ( 'NONE', *, *, #4700, .F. ) ;
#4637 = CARTESIAN_POINT ( 'NONE',  ( -63.03173803727769808, -6.500000000000001776, 4.000000000000000000 ) ) ;
#4638 = ORIENTED_EDGE ( 'NONE', *, *, #4466, .T. ) ;
#4639 = FACE_OUTER_BOUND ( 'NONE', #2991, .T. ) ;
#4640 = DIRECTION ( 'NONE',  ( 1.000000000000000000, 3.252606517456513918E-17, 2.535569890667617442E-16 ) ) ;
#4641 = LINE ( 'NONE', #745, #1785 ) ;
#4642 = ORIENTED_EDGE ( 'NONE', *, *, #893, .T. ) ;
#4643 = EDGE_LOOP ( 'NONE', ( #3486, #1012, #701, #3833 ) ) ;
#4644 = EDGE_CURVE ( 'NONE', #3386, #1968, #4525, .T. ) ;
#4645 = PLANE ( 'NONE',  #3956 ) ;
#4646 = EDGE_CURVE ( 'NONE', #4323, #1740, #4951, .T. ) ;
#4647 = DIRECTION ( 'NONE',  ( 0.000000000000000000, -1.000000000000000000, 0.000000000000000000 ) ) ;
#4648 = DIRECTION ( 'NONE',  ( 0.000000000000000000, 1.000000000000000000, 0.000000000000000000 ) ) ;
#4649 = VERTEX_POINT ( 'NONE', #1599 ) ;
#4650 = VERTEX_POINT ( 'NONE', #1106 ) ;
#4651 = DIRECTION ( 'NONE',  ( 1.000000000000000000, 0.000000000000000000, 0.000000000000000000 ) ) ;
#4652 = EDGE_CURVE ( 'NONE', #330, #619, #2422, .T. ) ;
#4653 = CARTESIAN_POINT ( 'NONE',  ( 2.724999999999999201, -15.99999999999999645, -31.09999999999999432 ) ) ;
#4654 = DIRECTION ( 'NONE',  ( 0.000000000000000000, -1.000000000000000000, 0.000000000000000000 ) ) ;
#4655 = LINE ( 'NONE', #5568, #364 ) ;
#4656 = ORIENTED_EDGE ( 'NONE', *, *, #3277, .F. ) ;
#4657 = ORIENTED_EDGE ( 'NONE', *, *, #5603, .T. ) ;
#4658 = CIRCLE ( 'NONE', #5475, 1.600000000000000755 ) ;
#4659 = FACE_OUTER_BOUND ( 'NONE', #2916, .T. ) ;
#4660 = CYLINDRICAL_SURFACE ( 'NONE', #3506, 1.250000000000001110 ) ;
#4661 = CYLINDRICAL_SURFACE ( 'NONE', #4564, 1.649999999999998579 ) ;
#4662 = DIRECTION ( 'NONE',  ( 1.000000000000000000, 1.239088197126290570E-16, 0.000000000000000000 ) ) ;
#4663 = ORIENTED_EDGE ( 'NONE', *, *, #3608, .T. ) ;
#4664 = CARTESIAN_POINT ( 'NONE',  ( 0.5000000000000004441, -18.20000000000000284, 6.896422575144953271 ) ) ;
#4665 = ORIENTED_EDGE ( 'NONE', *, *, #3738, .F. ) ;
#4666 = AXIS2_PLACEMENT_3D ( 'NONE', #4865, #4834, #931 ) ;
#4667 = DIRECTION ( 'NONE',  ( 0.000000000000000000, 0.000000000000000000, 1.000000000000000000 ) ) ;
#4668 = DIRECTION ( 'NONE',  ( -1.000000000000000000, -3.252606517456513918E-17, 1.048466334442454091E-16 ) ) ;
#4669 = CARTESIAN_POINT ( 'NONE',  ( 4.225000000000000533, -14.49999999999999645, -26.35000000000000142 ) ) ;
#4670 = ORIENTED_EDGE ( 'NONE', *, *, #4540, .T. ) ;
#4671 = VECTOR ( 'NONE', #5275, 1000.000000000000000 ) ;
#4672 = ORIENTED_EDGE ( 'NONE', *, *, #4277, .T. ) ;
#4673 = FACE_OUTER_BOUND ( 'NONE', #808, .T. ) ;
#4674 = VECTOR ( 'NONE', #3348, 1000.000000000000000 ) ;
#4675 = CIRCLE ( 'NONE', #2219, 0.8000000000000003775 ) ;
#4676 = CARTESIAN_POINT ( 'NONE',  ( -4.501000000000007439, 3.999999999999998224, 60.85000000000000142 ) ) ;
#4677 = AXIS2_PLACEMENT_3D ( 'NONE', #5444, #1548, #214 ) ;
#4678 = EDGE_CURVE ( 'NONE', #1801, #1570, #4548, .T. ) ;
#4679 = DIRECTION ( 'NONE',  ( -1.000000000000000000, 0.000000000000000000, -0.000000000000000000 ) ) ;
#4680 = EDGE_CURVE ( 'NONE', #1399, #177, #3001, .T. ) ;
#4681 = VERTEX_POINT ( 'NONE', #625 ) ;
#4682 = AXIS2_PLACEMENT_3D ( 'NONE', #1735, #1303, #2646 ) ;
#4683 = CIRCLE ( 'NONE', #5146, 1.000000000000000888 ) ;
#4684 = EDGE_LOOP ( 'NONE', ( #3573, #3635, #1033, #3839 ) ) ;
#4685 = CIRCLE ( 'NONE', #2226, 0.8000000000000003775 ) ;
#4686 = PLANE ( 'NONE',  #956 ) ;
#4687 = DIRECTION ( 'NONE',  ( 0.000000000000000000, -0.3390552584695133986, -0.9407664597040922283 ) ) ;
#4688 = CARTESIAN_POINT ( 'NONE',  ( 7.001000000000002110, -0.9999999999999943379, -37.00000000000000000 ) ) ;
#4689 = VECTOR ( 'NONE', #795, 1000.000000000000000 ) ;
#4690 = MECHANICAL_DESIGN_GEOMETRIC_PRESENTATION_REPRESENTATION (  '', ( #2229 ), #1328 ) ;
#4691 = DIRECTION ( 'NONE',  ( -1.355252715606883008E-16, 1.000000000000000000, 0.000000000000000000 ) ) ;
#4692 = EDGE_CURVE ( 'NONE', #627, #4056, #3664, .T. ) ;
#4693 = VERTEX_POINT ( 'NONE', #2886 ) ;
#4694 = VERTEX_POINT ( 'NONE', #2850 ) ;
#4695 = CARTESIAN_POINT ( 'NONE',  ( 1.999999999999999112, 4.000000000000000000, 4.000000000000003553 ) ) ;
#4696 = DIRECTION ( 'NONE',  ( -1.176334233040897053E-17, 0.3390552584695133986, 0.9407664597040922283 ) ) ;
#4697 = DIRECTION ( 'NONE',  ( 1.000000000000000000, 0.000000000000000000, 0.000000000000000000 ) ) ;
#4698 = CARTESIAN_POINT ( 'NONE',  ( 0.4999999999999981681, -6.499999999999999112, 15.44526502967733705 ) ) ;
#4699 = DIRECTION ( 'NONE',  ( 0.000000000000000000, 1.000000000000000000, 0.000000000000000000 ) ) ;
#4700 = EDGE_CURVE ( 'NONE', #1610, #5006, #770, .T. ) ;
#4701 = VERTEX_POINT ( 'NONE', #2940 ) ;
#4702 = CARTESIAN_POINT ( 'NONE',  ( 7.002000000000004221, -8.595291006435214598, 25.99736765364722046 ) ) ;
#4703 = ORIENTED_EDGE ( 'NONE', *, *, #4193, .T. ) ;
#4704 = CARTESIAN_POINT ( 'NONE',  ( 4.000000000000000000, -7.299999999999999822, 4.000000000000000000 ) ) ;
#4705 = DIRECTION ( 'NONE',  ( 1.000000000000000000, 1.239088197126290570E-16, 0.000000000000000000 ) ) ;
#4706 = FACE_OUTER_BOUND ( 'NONE', #5121, .T. ) ;
#4707 = ORIENTED_EDGE ( 'NONE', *, *, #3504, .T. ) ;
#4708 = VERTEX_POINT ( 'NONE', #4239 ) ;
#4709 = DIRECTION ( 'NONE',  ( -1.000000000000000000, -0.000000000000000000, -0.000000000000000000 ) ) ;
#4710 = AXIS2_PLACEMENT_3D ( 'NONE', #2782, #2320, #2349 ) ;
#4711 = DIRECTION ( 'NONE',  ( 6.860550053034503961E-17, -0.7313537016191691276, -0.6819983600624999198 ) ) ;
#4712 = CARTESIAN_POINT ( 'NONE',  ( 7.002000000000004221, -8.536057466139308048, 25.65831239517770612 ) ) ;
#4713 = VERTEX_POINT ( 'NONE', #351 ) ;
#4714 = CIRCLE ( 'NONE', #2254, 3.999999999999998224 ) ;
#4715 = CARTESIAN_POINT ( 'NONE',  ( 3.999999999999999112, 1.322726650432315409E-16, 0.000000000000000000 ) ) ;
#4716 = EDGE_CURVE ( 'NONE', #968, #3690, #1719, .T. ) ;
#4717 = CARTESIAN_POINT ( 'NONE',  ( 0.9999999999999997780, -8.690625412120519755, 15.06732385291521759 ) ) ;
#4718 = CARTESIAN_POINT ( 'NONE',  ( 0.9999999999999995559, -6.500000000000000000, 61.52191394754551368 ) ) ;
#4719 = AXIS2_PLACEMENT_3D ( 'NONE', #925, #4422, #555 ) ;
#4720 = DIRECTION ( 'NONE',  ( 1.000000000000000000, 1.239088197126290570E-16, 0.000000000000000000 ) ) ;
#4721 = ORIENTED_EDGE ( 'NONE', *, *, #5080, .F. ) ;
#4722 = ORIENTED_EDGE ( 'NONE', *, *, #3567, .T. ) ;
#4723 = EDGE_CURVE ( 'NONE', #4185, #3479, #361, .T. ) ;
#4724 = CARTESIAN_POINT ( 'NONE',  ( 0.4999999999999996669, -18.33673903370881320, 4.000000000000002665 ) ) ;
#4725 = EDGE_CURVE ( 'NONE', #1598, #3528, #3818, .T. ) ;
#4726 = DIRECTION ( 'NONE',  ( 0.000000000000000000, -1.000000000000000000, 0.000000000000000000 ) ) ;
#4727 = PLANE ( 'NONE',  #2752 ) ;
#4728 = DIRECTION ( 'NONE',  ( 0.000000000000000000, 0.000000000000000000, 1.000000000000000000 ) ) ;
#4729 = ORIENTED_EDGE ( 'NONE', *, *, #3636, .T. ) ;
#4730 = ORIENTED_EDGE ( 'NONE', *, *, #2786, .T. ) ;
#4731 = LINE ( 'NONE', #72, #2672 ) ;
#4732 = EDGE_CURVE ( 'NONE', #2838, #1385, #2348, .T. ) ;
#4733 = DIRECTION ( 'NONE',  ( 1.000000000000000000, 1.239088197126290570E-16, 0.000000000000000000 ) ) ;
#4734 = FACE_OUTER_BOUND ( 'NONE', #1480, .T. ) ;
#4735 = ORIENTED_EDGE ( 'NONE', *, *, #2278, .T. ) ;
#4736 = ORIENTED_EDGE ( 'NONE', *, *, #448, .F. ) ;
#4737 = DIRECTION ( 'NONE',  ( -1.355252715606883008E-16, 1.000000000000000000, 0.000000000000000000 ) ) ;
#4738 = FACE_BOUND ( 'NONE', #5478, .T. ) ;
#4739 = CARTESIAN_POINT ( 'NONE',  ( 4.000000000000003553, -7.299999999999998934, 15.34168760482228500 ) ) ;
#4740 = VERTEX_POINT ( 'NONE', #5548 ) ;
#4741 = FACE_OUTER_BOUND ( 'NONE', #5608, .T. ) ;
#4742 = DIRECTION ( 'NONE',  ( 1.165692616471626712E-16, -0.9407664597040922283, 0.3390552584695133986 ) ) ;
#4743 = DIRECTION ( 'NONE',  ( -1.355252715606883008E-16, 1.000000000000000000, 0.000000000000000000 ) ) ;
#4744 = CARTESIAN_POINT ( 'NONE',  ( 4.000000000000000000, -12.40635562892712684, 34.21231699605854004 ) ) ;
#4745 = EDGE_LOOP ( 'NONE', ( #391, #1981, #372, #2684 ) ) ;
#4746 = ORIENTED_EDGE ( 'NONE', *, *, #471, .T. ) ;
#4747 = CARTESIAN_POINT ( 'NONE',  ( 4.000000000000000000, -8.052613167763274404, 27.44098747291258888 ) ) ;
#4748 = LINE ( 'NONE', #3003, #2688 ) ;
#4749 = CARTESIAN_POINT ( 'NONE',  ( 1.225000000000000089, -10.99999999999999467, -29.20000000000000284 ) ) ;
#4750 = DIRECTION ( 'NONE',  ( -1.000000000000000000, -3.469446951953612956E-17, 0.000000000000000000 ) ) ;
#4751 = ORIENTED_EDGE ( 'NONE', *, *, #1764, .F. ) ;
#4752 = EDGE_CURVE ( 'NONE', #474, #5147, #4268, .T. ) ;
#4753 = CIRCLE ( 'NONE', #2290, 1.600000000000000755 ) ;
#4754 = VERTEX_POINT ( 'NONE', #3430 ) ;
#4755 = EDGE_CURVE ( 'NONE', #4701, #4388, #4160, .T. ) ;
#4756 = LINE ( 'NONE', #2625, #575 ) ;
#4757 = DIRECTION ( 'NONE',  ( 5.782411586589358625E-16, 1.000000000000000000, 0.000000000000000000 ) ) ;
#4758 = CIRCLE ( 'NONE', #1213, 1.649999999999998579 ) ;
#4759 = CARTESIAN_POINT ( 'NONE',  ( 2.724999999999999201, -15.99999999999999289, -38.00000000000000000 ) ) ;
#4760 = EDGE_LOOP ( 'NONE', ( #2851, #821, #2784, #94, #4902, #5570 ) ) ;
#4761 = EDGE_CURVE ( 'NONE', #3148, #4867, #5162, .T. ) ;
#4762 = AXIS2_PLACEMENT_3D ( 'NONE', #1041, #3631, #90 ) ;
#4763 = DIRECTION ( 'NONE',  ( -3.252606517456513918E-17, 1.000000000000000000, 0.000000000000000000 ) ) ;
#4764 = DIRECTION ( 'NONE',  ( -1.000000000000000000, -3.469446951953611107E-17, 0.000000000000000000 ) ) ;
#4765 = AXIS2_PLACEMENT_3D ( 'NONE', #4283, #1251, #5566 ) ;
#4766 = EDGE_CURVE ( 'NONE', #238, #1884, #3273, .T. ) ;
#4767 = ORIENTED_EDGE ( 'NONE', *, *, #5149, .F. ) ;
#4768 = CIRCLE ( 'NONE', #2592, 0.7999999999999986011 ) ;
#4769 = VECTOR ( 'NONE', #3650, 1000.000000000000000 ) ;
#4770 = FACE_OUTER_BOUND ( 'NONE', #904, .T. ) ;
#4771 = DIRECTION ( 'NONE',  ( -1.000000000000000000, -3.469446951953611107E-17, 0.000000000000000000 ) ) ;
#4772 = AXIS2_PLACEMENT_3D ( 'NONE', #5104, #4244, #2918 ) ;
#4773 = VECTOR ( 'NONE', #809, 1000.000000000000000 ) ;
#4774 = DIRECTION ( 'NONE',  ( 0.000000000000000000, -0.000000000000000000, 1.000000000000000000 ) ) ;
#4775 = AXIS2_PLACEMENT_3D ( 'NONE', #21, #5220, #5561 ) ;
#4776 = EDGE_LOOP ( 'NONE', ( #4574, #3471, #2859, #5468, #1449, #3247 ) ) ;
#4777 = VERTEX_POINT ( 'NONE', #434 ) ;
#4778 = VECTOR ( 'NONE', #564, 1000.000000000000000 ) ;
#4780 = CARTESIAN_POINT ( 'NONE',  ( 2.999999999999999112, -1.644164868785978006, 75.00000000000000000 ) ) ;
#4779 = AXIS2_PLACEMENT_3D ( 'NONE', #5302, #449, #877 ) ;
#4781 = LINE ( 'NONE', #883, #1776 ) ;
#4782 = CARTESIAN_POINT ( 'NONE',  ( 0.000000000000000000, 0.000000000000000000, -20.00000000000000000 ) ) ;
#4783 = CARTESIAN_POINT ( 'NONE',  ( 1.000000000000000000, -17.32982544119417057, 22.45831239517770328 ) ) ;
#4784 = ORIENTED_EDGE ( 'NONE', *, *, #2925, .F. ) ;
#4785 = ORIENTED_EDGE ( 'NONE', *, *, #2919, .F. ) ;
#4786 = DIRECTION ( 'NONE',  ( -1.000000000000000000, 0.000000000000000000, -0.000000000000000000 ) ) ;
#4787 = DIRECTION ( 'NONE',  ( 0.000000000000000000, 1.000000000000000000, 0.000000000000000000 ) ) ;
#4788 = EDGE_CURVE ( 'NONE', #1740, #4578, #2160, .T. ) ;
#4789 = ADVANCED_FACE ( 'NONE', ( #2566 ), #4291, .F. ) ;
#4790 = FACE_OUTER_BOUND ( 'NONE', #2731, .T. ) ;
#4791 = VERTEX_POINT ( 'NONE', #4348 ) ;
#4792 = VERTEX_POINT ( 'NONE', #5099 ) ;
#4793 = DIRECTION ( 'NONE',  ( -1.000000000000000000, -3.252606517456513918E-17, 2.535569890667617442E-16 ) ) ;
#4794 = EDGE_CURVE ( 'NONE', #557, #3718, #4433, .T. ) ;
#4795 = ADVANCED_FACE ( 'NONE', ( #3056 ), #885, .F. ) ;
#4796 = CARTESIAN_POINT ( 'NONE',  ( -64.14711903867025455, -19.00000000000000711, 4.000000000000002665 ) ) ;
#4797 =( NAMED_UNIT ( * ) SI_UNIT ( $, .STERADIAN. ) SOLID_ANGLE_UNIT ( ) );
#4798 = EDGE_LOOP ( 'NONE', ( #762, #4642 ) ) ;
#4799 = PRODUCT_DEFINITION_CONTEXT ( 'detailed design', #2797, 'design' ) ;
#4800 = CARTESIAN_POINT ( 'NONE',  ( 7.002000000000007773, -8.052613167763272628, 50.55901252708741822 ) ) ;
#4801 = EDGE_CURVE ( 'NONE', #4323, #5012, #2165, .T. ) ;
#4802 = DIRECTION ( 'NONE',  ( 1.000000000000000000, 0.000000000000000000, -0.000000000000000000 ) ) ;
#4803 = CIRCLE ( 'NONE', #85, 0.8000000000000003775 ) ;
#4804 = LINE ( 'NONE', #2641, #902 ) ;
#4805 = ORIENTED_EDGE ( 'NONE', *, *, #2841, .T. ) ;
#4806 = ORIENTED_EDGE ( 'NONE', *, *, #312, .F. ) ;
#4807 = VECTOR ( 'NONE', #5069, 1000.000000000000000 ) ;
#4808 = CARTESIAN_POINT ( 'NONE',  ( 5.000000000000000000, 4.000000000000000000, 56.31534156157346871 ) ) ;
#4809 = LINE ( 'NONE', #3029, #420 ) ;
#4810 = CARTESIAN_POINT ( 'NONE',  ( 0.4999999999999981681, -6.499999999999999112, 23.13299826867510589 ) ) ;
#4811 = CARTESIAN_POINT ( 'NONE',  ( 4.000000000000000000, -6.499999999999999112, 50.28776832031179822 ) ) ;
#4812 = EDGE_LOOP ( 'NONE', ( #530, #1522, #3138, #2466, #2405, #4528 ) ) ;
#4813 = AXIS2_PLACEMENT_3D ( 'NONE', #704, #1471, #3217 ) ;
#4814 = ORIENTED_EDGE ( 'NONE', *, *, #4414, .T. ) ;
#4815 = CARTESIAN_POINT ( 'NONE',  ( 3.500000000000000444, -15.99999999999998934, -19.25000000000000711 ) ) ;
#4816 = DIRECTION ( 'NONE',  ( -1.000000000000000000, -3.469446951953611107E-17, 0.000000000000000000 ) ) ;
#4817 = DIRECTION ( 'NONE',  ( 0.000000000000000000, -0.6819983600625021403, 0.7313537016191671292 ) ) ;
#4818 = ORIENTED_EDGE ( 'NONE', *, *, #2116, .F. ) ;
#4819 = ORIENTED_EDGE ( 'NONE', *, *, #4831, .T. ) ;
#4820 = DIRECTION ( 'NONE',  ( -1.000000000000000000, -3.469446951953612956E-17, 0.000000000000000000 ) ) ;
#4821 = DIRECTION ( 'NONE',  ( 0.000000000000000000, -1.000000000000000000, -1.188166764367676095E-16 ) ) ;
#4822 = AXIS2_PLACEMENT_3D ( 'NONE', #297, #5043, #4582 ) ;
#4823 = EDGE_CURVE ( 'NONE', #3489, #661, #3136, .T. ) ;
#4824 = VERTEX_POINT ( 'NONE', #5237 ) ;
#4825 = EDGE_CURVE ( 'NONE', #3568, #5477, #1893, .T. ) ;
#4826 = CARTESIAN_POINT ( 'NONE',  ( 7.000000000000000000, 1.959434878635767449E-16, -21.60000000000000142 ) ) ;
#4827 = CARTESIAN_POINT ( 'NONE',  ( 0.5000000000000005551, -7.299999999999999822, 66.00000000000000000 ) ) ;
#4828 = DIRECTION ( 'NONE',  ( -3.252606517456513918E-17, 1.000000000000000000, 0.000000000000000000 ) ) ;
#4829 = VERTEX_POINT ( 'NONE', #93 ) ;
#4830 = ORIENTED_EDGE ( 'NONE', *, *, #5029, .F. ) ;
#4831 = EDGE_CURVE ( 'NONE', #5582, #2817, #1818, .T. ) ;
#4832 = CARTESIAN_POINT ( 'NONE',  ( 4.000000000000000000, -4.499999999999999112, -18.40000000000000568 ) ) ;
#4833 = CARTESIAN_POINT ( 'NONE',  ( 0.000000000000000000, -22.50000000000000000, -8.076152778450535569E-15 ) ) ;
#4834 = DIRECTION ( 'NONE',  ( -1.000000000000000000, -3.252606517456513918E-17, 0.000000000000000000 ) ) ;
#4835 = DIRECTION ( 'NONE',  ( 6.505213034913025371E-17, 1.000000000000000000, -0.000000000000000000 ) ) ;
#4836 = ORIENTED_EDGE ( 'NONE', *, *, #2846, .T. ) ;
#4837 = ORIENTED_EDGE ( 'NONE', *, *, #2775, .F. ) ;
#4838 = EDGE_CURVE ( 'NONE', #3391, #1975, #967, .T. ) ;
#4839 = CARTESIAN_POINT ( 'NONE',  ( 6.999999999999999112, -1.644164868785977118, 75.00000000000000000 ) ) ;
#4840 = DIRECTION ( 'NONE',  ( 0.000000000000000000, 0.000000000000000000, -1.000000000000000000 ) ) ;
#4841 = LINE ( 'NONE', #5610, #52 ) ;
#4842 = CARTESIAN_POINT ( 'NONE',  ( 4.000000000000003553, -18.20000000000000284, 6.896422575144953271 ) ) ;
#4843 = ORIENTED_EDGE ( 'NONE', *, *, #4097, .F. ) ;
#4844 = ORIENTED_EDGE ( 'NONE', *, *, #11, .T. ) ;
#4845 = CIRCLE ( 'NONE', #1392, 0.7999999999999986011 ) ;
#4846 = CARTESIAN_POINT ( 'NONE',  ( 1.000000000000000000, -12.75000000000000178, 37.52531412650260734 ) ) ;
#4847 = CARTESIAN_POINT ( 'NONE',  ( 5.000000000000000000, 0.4148556835804999565, -29.19999999999999929 ) ) ;
#4848 = LINE ( 'NONE', #5276, #4863 ) ;
#4849 = CARTESIAN_POINT ( 'NONE',  ( 0.000000000000000000, 1.959434878635765230E-16, -1.600000000000000089 ) ) ;
#4850 = VERTEX_POINT ( 'NONE', #3500 ) ;
#4851 = CARTESIAN_POINT ( 'NONE',  ( 4.000000000000000000, -19.00000000000000355, 6.896422575144953271 ) ) ;
#4852 = CIRCLE ( 'NONE', #668, 0.8000000000000003775 ) ;
#4853 = CARTESIAN_POINT ( 'NONE',  ( 0.4999999999999979461, -4.499999999999999112, -40.00100000000001188 ) ) ;
#4854 = EDGE_CURVE ( 'NONE', #3256, #2655, #1016, .T. ) ;
#4855 = ADVANCED_FACE ( 'NONE', ( #3950 ), #4480, .F. ) ;
#4856 = PLANE ( 'NONE',  #3720 ) ;
#4857 = ORIENTED_EDGE ( 'NONE', *, *, #2221, .T. ) ;
#4858 = AXIS2_PLACEMENT_3D ( 'NONE', #5016, #2856, #2277 ) ;
#4859 = VERTEX_POINT ( 'NONE', #3111 ) ;
#4860 = LINE ( 'NONE', #1446, #2031 ) ;
#4861 = FACE_OUTER_BOUND ( 'NONE', #4542, .T. ) ;
#4862 = CIRCLE ( 'NONE', #4947, 0.7999999999999986011 ) ;
#4863 = VECTOR ( 'NONE', #1461, 1000.000000000000000 ) ;
#4864 = EDGE_CURVE ( 'NONE', #661, #714, #534, .T. ) ;
#4865 = CARTESIAN_POINT ( 'NONE',  ( -64.14711903867025455, -7.300000000000001599, 65.20000000000000284 ) ) ;
#4866 = DIRECTION ( 'NONE',  ( -1.000000000000000000, -3.252606517456514535E-17, 0.000000000000000000 ) ) ;
#4867 = VERTEX_POINT ( 'NONE', #3086 ) ;
#4868 = ORIENTED_EDGE ( 'NONE', *, *, #379, .F. ) ;
#4869 = AXIS2_PLACEMENT_3D ( 'NONE', #3656, #533, #2266 ) ;
#4870 = VECTOR ( 'NONE', #4620, 1000.000000000000000 ) ;
#4871 = CARTESIAN_POINT ( 'NONE',  ( 7.002000000000004221, -7.417561391042561070, 22.72955660195331262 ) ) ;
#4872 = AXIS2_PLACEMENT_3D ( 'NONE', #129, #161, #189 ) ;
#4873 = DIRECTION ( 'NONE',  ( -1.000000000000000000, -1.239088197126290570E-16, 0.000000000000000000 ) ) ;
#4874 = EDGE_CURVE ( 'NONE', #4411, #1141, #4072, .T. ) ;
#4875 = VECTOR ( 'NONE', #2354, 1000.000000000000000 ) ;
#4876 = VECTOR ( 'NONE', #1551, 1000.000000000000000 ) ;
#4877 = LINE ( 'NONE', #973, #2717 ) ;
#4878 = ORIENTED_EDGE ( 'NONE', *, *, #4245, .T. ) ;
#4879 = ORIENTED_EDGE ( 'NONE', *, *, #2568, .F. ) ;
#4880 = CARTESIAN_POINT ( 'NONE',  ( 3.499999999999995115, -22.50000000000000000, 19.99999999999999289 ) ) ;
#4881 = DIRECTION ( 'NONE',  ( 8.673617379884003425E-17, -1.000000000000000000, 0.000000000000000000 ) ) ;
#4882 = DIRECTION ( 'NONE',  ( 1.000000000000000000, 3.252606517456513918E-17, -0.000000000000000000 ) ) ;
#4883 = CARTESIAN_POINT ( 'NONE',  ( 1.000000000000000000, -19.00000000000000355, 14.54168760482228606 ) ) ;
#4884 = EDGE_LOOP ( 'NONE', ( #4166, #2751, #3015, #1008 ) ) ;
#4885 = LINE ( 'NONE', #4826, #2604 ) ;
#4886 = CARTESIAN_POINT ( 'NONE',  ( 7.002000000000005997, -16.74999999999999645, 39.00000000000000000 ) ) ;
#4887 = CARTESIAN_POINT ( 'NONE',  ( 3.000000000000006217, -22.50000000000001421, 75.00000000000000000 ) ) ;
#4888 = ORIENTED_EDGE ( 'NONE', *, *, #755, .F. ) ;
#4889 = ORIENTED_EDGE ( 'NONE', *, *, #2613, .F. ) ;
#4890 = CYLINDRICAL_SURFACE ( 'NONE', #4028, 4.500000000000004441 ) ;
#4891 = LINE ( 'NONE', #4942, #4875 ) ;
#4892 = PRODUCT_DEFINITION_FORMATION_WITH_SPECIFIED_SOURCE ( 'ä»', '', #3808, .NOT_KNOWN. ) ;
#4893 = DIRECTION ( 'NONE',  ( 0.000000000000000000, 0.000000000000000000, -1.000000000000000000 ) ) ;
#4894 = ORIENTED_EDGE ( 'NONE', *, *, #5029, .T. ) ;
#4895 = ORIENTED_EDGE ( 'NONE', *, *, #1444, .F. ) ;
#4896 = EDGE_CURVE ( 'NONE', #290, #1054, #4714, .T. ) ;
#4897 = AXIS2_PLACEMENT_3D ( 'NONE', #1225, #4322, #2510 ) ;
#4898 = EDGE_CURVE ( 'NONE', #4924, #5525, #1876, .T. ) ;
#4899 = CARTESIAN_POINT ( 'NONE',  ( 2.724999999999999201, -22.49999999999998579, -40.99999999999999289 ) ) ;
#4900 = DIRECTION ( 'NONE',  ( -1.000000000000000000, -3.469446951953612956E-17, 0.000000000000000000 ) ) ;
#4901 = ORIENTED_EDGE ( 'NONE', *, *, #3195, .F. ) ;
#4902 = ORIENTED_EDGE ( 'NONE', *, *, #1143, .F. ) ;
#4903 = EDGE_CURVE ( 'NONE', #3586, #5158, #95, .T. ) ;
#4904 = DIRECTION ( 'NONE',  ( 1.000000000000000000, 3.252606517456513918E-17, -0.000000000000000000 ) ) ;
#4905 = CARTESIAN_POINT ( 'NONE',  ( -63.03173803727769808, -7.300000000000001599, 15.44526502967734416 ) ) ;
#4906 = CARTESIAN_POINT ( 'NONE',  ( 2.999999999999999112, 1.494263266912956523, 67.00000000000000000 ) ) ;
#4907 = CARTESIAN_POINT ( 'NONE',  ( 4.000000000000000000, -18.20000000000000284, 50.28776832031181243 ) ) ;
#4908 = VERTEX_POINT ( 'NONE', #4811 ) ;
#4909 = DIRECTION ( 'NONE',  ( 1.000000000000000000, 0.000000000000000000, -0.000000000000000000 ) ) ;
#4910 = DIRECTION ( 'NONE',  ( -1.000000000000000000, -3.469446951953612956E-17, 0.000000000000000000 ) ) ;
#4911 = CARTESIAN_POINT ( 'NONE',  ( 3.500000000000000444, -15.99999999999998934, -18.00000000000000711 ) ) ;
#4912 = ORIENTED_EDGE ( 'NONE', *, *, #2383, .F. ) ;
#4913 = ORIENTED_EDGE ( 'NONE', *, *, #2602, .T. ) ;
#4914 = CARTESIAN_POINT ( 'NONE',  ( 7.002000000000005109, -12.75000000000000000, 40.47468587349739266 ) ) ;
#4915 = DIRECTION ( 'NONE',  ( -1.000000000000000000, -1.239088197126290570E-16, -0.000000000000000000 ) ) ;
#4916 = DIRECTION ( 'NONE',  ( 0.000000000000000000, 0.000000000000000000, -1.000000000000000000 ) ) ;
#4917 = ORIENTED_EDGE ( 'NONE', *, *, #1247, .F. ) ;
#4918 = VERTEX_POINT ( 'NONE', #3609 ) ;
#4919 = SURFACE_STYLE_USAGE ( .BOTH. , #119 ) ;
#4920 = DIRECTION ( 'NONE',  ( 0.000000000000000000, 0.000000000000000000, 1.000000000000000000 ) ) ;
#4921 = EDGE_CURVE ( 'NONE', #352, #149, #2169, .T. ) ;
#4922 = CARTESIAN_POINT ( 'NONE',  ( 1.000000000000000888, -6.500000000000000000, 14.54168760482228606 ) ) ;
#4923 = EDGE_CURVE ( 'NONE', #3092, #2656, #3168, .T. ) ;
#4924 = VERTEX_POINT ( 'NONE', #3193 ) ;
#4925 = ORIENTED_EDGE ( 'NONE', *, *, #1104, .F. ) ;
#4926 = CARTESIAN_POINT ( 'NONE',  ( 0.000000000000000000, 0.000000000000000000, -31.09999999999999432 ) ) ;
#4927 = CARTESIAN_POINT ( 'NONE',  ( 0.4999999999999980571, -5.299999999999999822, -4.000000000000000000 ) ) ;
#4928 = CYLINDRICAL_SURFACE ( 'NONE', #147, 0.8000000000000020428 ) ;
#4929 = FACE_OUTER_BOUND ( 'NONE', #6, .T. ) ;
#4930 = EDGE_CURVE ( 'NONE', #2666, #422, #718, .T. ) ;
#4931 = VECTOR ( 'NONE', #2885, 1000.000000000000000 ) ;
#4932 = ORIENTED_EDGE ( 'NONE', *, *, #2511, .T. ) ;
#4933 = DIRECTION ( 'NONE',  ( 0.000000000000000000, 0.000000000000000000, 1.000000000000000000 ) ) ;
#4934 = CARTESIAN_POINT ( 'NONE',  ( 7.000000000000000000, -15.99999999999999289, -43.00000000000000000 ) ) ;
#4935 = ADVANCED_FACE ( 'NONE', ( #5289 ), #5345, .T. ) ;
#4936 = CARTESIAN_POINT ( 'NONE',  ( 0.4999999999999995559, -16.57825347598732790, 4.800000000000004263 ) ) ;
#4937 = ORIENTED_EDGE ( 'NONE', *, *, #747, .T. ) ;
#4938 = EDGE_LOOP ( 'NONE', ( #5108, #125, #1463, #5134, #3201, #4035, #2928 ) ) ;
#4939 = AXIS2_PLACEMENT_3D ( 'NONE', #638, #2671, #3243 ) ;
#4940 = FACE_OUTER_BOUND ( 'NONE', #2503, .T. ) ;
#4941 = CIRCLE ( 'NONE', #47, 4.500000000000004441 ) ;
#4942 = CARTESIAN_POINT ( 'NONE',  ( -64.14711903867025455, -19.00000000000000711, 64.13639844763217468 ) ) ;
#4943 = CIRCLE ( 'NONE', #1682, 0.8000000000000003775 ) ;
#4944 = FACE_BOUND ( 'NONE', #5129, .T. ) ;
#4945 = VERTEX_POINT ( 'NONE', #1843 ) ;
#4946 = ORIENTED_EDGE ( 'NONE', *, *, #5549, .T. ) ;
#4947 = AXIS2_PLACEMENT_3D ( 'NONE', #3435, #4705, #357 ) ;
#4948 = VECTOR ( 'NONE', #4413, 1000.000000000000114 ) ;
#4949 = DIRECTION ( 'NONE',  ( -1.000000000000000000, -1.239088197126290570E-16, 0.000000000000000000 ) ) ;
#4950 = LINE ( 'NONE', #265, #3750 ) ;
#4951 = LINE ( 'NONE', #2363, #5619 ) ;
#4952 = ORIENTED_EDGE ( 'NONE', *, *, #796, .T. ) ;
#4953 = CARTESIAN_POINT ( 'NONE',  ( 7.000000000000000000, 0.000000000000000000, 1.600000000000000089 ) ) ;
#4954 = VECTOR ( 'NONE', #2507, 1000.000000000000000 ) ;
#4955 = ORIENTED_EDGE ( 'NONE', *, *, #554, .T. ) ;
#4956 = CIRCLE ( 'NONE', #2046, 0.8000000000000003775 ) ;
#4957 = ADVANCED_FACE ( 'NONE', ( #3578 ), #5318, .F. ) ;
#4958 = DIRECTION ( 'NONE',  ( -4.599880250050153229E-17, -0.7071067811865524577, 0.7071067811865426878 ) ) ;
#4959 = ADVANCED_FACE ( 'NONE', ( #4512 ), #2444, .T. ) ;
#4960 = LINE ( 'NONE', #3592, #5221 ) ;
#4961 = VECTOR ( 'NONE', #733, 1000.000000000000000 ) ;
#4962 = VECTOR ( 'NONE', #5116, 1000.000000000000000 ) ;
#4963 = DIRECTION ( 'NONE',  ( -1.000000000000000000, -3.252606517456513918E-17, -2.535569890667617442E-16 ) ) ;
#4964 = DIRECTION ( 'NONE',  ( -1.000000000000000000, 0.000000000000000000, 0.000000000000000000 ) ) ;
#4965 = ORIENTED_EDGE ( 'NONE', *, *, #2109, .F. ) ;
#4966 = EDGE_CURVE ( 'NONE', #5163, #5354, #5264, .T. ) ;
#4967 = CARTESIAN_POINT ( 'NONE',  ( 0.4999999999999982792, -7.661951201776465936, 60.80847766620527750 ) ) ;
#4968 = EDGE_CURVE ( 'NONE', #2785, #176, #3306, .T. ) ;
#4969 = DIRECTION ( 'NONE',  ( -1.000000000000000000, -3.252606517456513918E-17, 0.000000000000000000 ) ) ;
#4970 = DIRECTION ( 'NONE',  ( -1.355252715606883008E-16, 1.000000000000000000, 0.000000000000000000 ) ) ;
#4971 = CARTESIAN_POINT ( 'NONE',  ( 7.001000000000002110, -7.828427124746200505, -37.00000000000000000 ) ) ;
#4972 = ORIENTED_EDGE ( 'NONE', *, *, #1834, .F. ) ;
#4973 = ORIENTED_EDGE ( 'NONE', *, *, #3179, .F. ) ;
#4974 = ADVANCED_FACE ( 'NONE', ( #2843, #5031, #4944, #672, #646 ), #2357, .F. ) ;
#4975 = DIRECTION ( 'NONE',  ( -3.469446951953611107E-17, 1.000000000000000000, -0.000000000000000000 ) ) ;
#4976 = DIRECTION ( 'NONE',  ( 1.000000000000000000, 1.239088197126290817E-16, 6.270397653133593184E-34 ) ) ;
#4977 = DIRECTION ( 'NONE',  ( -6.505213034913026604E-17, -1.000000000000000000, 0.000000000000000000 ) ) ;
#4978 = VERTEX_POINT ( 'NONE', #1046 ) ;
#4979 = ORIENTED_EDGE ( 'NONE', *, *, #29, .T. ) ;
#4980 = FACE_BOUND ( 'NONE', #5102, .T. ) ;
#4981 = VERTEX_POINT ( 'NONE', #4110 ) ;
#4982 = DIRECTION ( 'NONE',  ( -1.000000000000000000, -3.469446951953612956E-17, 0.000000000000000000 ) ) ;
#4983 = ORIENTED_EDGE ( 'NONE', *, *, #5562, .T. ) ;
#4984 = CARTESIAN_POINT ( 'NONE',  ( 3.499999999999995115, -15.99999999999999645, 21.24999999999999289 ) ) ;
#4985 = VERTEX_POINT ( 'NONE', #734 ) ;
#4986 = CARTESIAN_POINT ( 'NONE',  ( 0.4999999999999991673, -13.84625753883615040, 34.48356120283415294 ) ) ;
#4987 = DIRECTION ( 'NONE',  ( 1.000000000000000000, 3.469446951953611107E-17, -0.000000000000000000 ) ) ;
#4988 = CIRCLE ( 'NONE', #89, 1.250000000000000888 ) ;
#4989 = PLANE ( 'NONE',  #328 ) ;
#4990 = CYLINDRICAL_SURFACE ( 'NONE', #1129, 0.7999999999999986011 ) ;
#4991 = ORIENTED_EDGE ( 'NONE', *, *, #4337, .F. ) ;
#4992 = VERTEX_POINT ( 'NONE', #288 ) ;
#4993 = VECTOR ( 'NONE', #3362, 1000.000000000000000 ) ;
#4994 = CARTESIAN_POINT ( 'NONE',  ( 1.000000000000000000, -15.96394253386069728, 25.65831239517770612 ) ) ;
#4995 = DIRECTION ( 'NONE',  ( 1.000000000000000000, 1.239088197126290570E-16, 0.000000000000000000 ) ) ;
#4996 = CARTESIAN_POINT ( 'NONE',  ( 1.999999999999999556, -4.500000000000000000, 67.00000000000000000 ) ) ;
#4997 = EDGE_CURVE ( 'NONE', #2551, #2479, #5535, .T. ) ;
#4998 = DIRECTION ( 'NONE',  ( -1.000000000000000000, -1.239088197126290817E-16, 6.270397653133593184E-34 ) ) ;
#4999 = EDGE_CURVE ( 'NONE', #3093, #2561, #4541, .T. ) ;
#5000 = EDGE_LOOP ( 'NONE', ( #3392, #3662, #2269, #1107 ) ) ;
#5001 = ORIENTED_EDGE ( 'NONE', *, *, #3441, .F. ) ;
#5002 = FACE_OUTER_BOUND ( 'NONE', #3658, .T. ) ;
#5003 = CARTESIAN_POINT ( 'NONE',  ( 7.000000000000000000, -14.00000000000000000, 0.000000000000000000 ) ) ;
#5004 = CARTESIAN_POINT ( 'NONE',  ( 7.002000000000005109, -17.83804879822353584, 64.84983472897241086 ) ) ;
#5005 = EDGE_CURVE ( 'NONE', #562, #2093, #1898, .T. ) ;
#5006 = VERTEX_POINT ( 'NONE', #3723 ) ;
#5007 = VERTEX_POINT ( 'NONE', #1125 ) ;
#5008 = CARTESIAN_POINT ( 'NONE',  ( 7.002000000000005109, -7.605121347951828703, 59.65831239517768836 ) ) ;
#5009 = ORIENTED_EDGE ( 'NONE', *, *, #2284, .F. ) ;
#5010 = CARTESIAN_POINT ( 'NONE',  ( 0.9999999999999995559, -7.903080869113575879, 15.97090127777026858 ) ) ;
#5011 = ADVANCED_FACE ( 'NONE', ( #3335 ), #1536, .F. ) ;
#5012 = VERTEX_POINT ( 'NONE', #2907 ) ;
#5013 = CARTESIAN_POINT ( 'NONE',  ( 7.002000000000005109, -12.75000000000000000, 39.00000000000000000 ) ) ;
#5014 = VERTEX_POINT ( 'NONE', #3746 ) ;
#5015 = DIRECTION ( 'NONE',  ( -1.000000000000000000, -3.252606517456513918E-17, 0.000000000000000000 ) ) ;
#5016 = CARTESIAN_POINT ( 'NONE',  ( 3.500000000000000444, -22.49999999999999289, -18.00000000000000711 ) ) ;
#5017 = CARTESIAN_POINT ( 'NONE',  ( 1.000000000000000000, -17.32982544119417057, 21.65831239517770257 ) ) ;
#5018 = ORIENTED_EDGE ( 'NONE', *, *, #732, .T. ) ;
#5019 = ORIENTED_EDGE ( 'NONE', *, *, #684, .T. ) ;
#5020 = LINE ( 'NONE', #3186, #2971 ) ;
#5021 = CARTESIAN_POINT ( 'NONE',  ( 0.4999999999999979461, -4.500000000000000000, -4.000000000000000000 ) ) ;
#5022 = CARTESIAN_POINT ( 'NONE',  ( 7.002000000000005997, -16.90470899356478895, 25.99736765364722046 ) ) ;
#5023 = EDGE_LOOP ( 'NONE', ( #3467, #1638 ) ) ;
#5024 = ORIENTED_EDGE ( 'NONE', *, *, #4546, .T. ) ;
#5025 = CARTESIAN_POINT ( 'NONE',  ( 4.000000000000000000, -15.96394253386069728, 25.65831239517770612 ) ) ;
#5026 = EDGE_CURVE ( 'NONE', #3668, #229, #4602, .T. ) ;
#5027 = CIRCLE ( 'NONE', #36, 0.8000000000000003775 ) ;
#5028 = CYLINDRICAL_SURFACE ( 'NONE', #1404, 0.8000000000000003775 ) ;
#5029 = EDGE_CURVE ( 'NONE', #4708, #968, #175, .T. ) ;
#5030 = CARTESIAN_POINT ( 'NONE',  ( -64.14711903867025455, -18.20000000000000639, 6.896422575144960376 ) ) ;
#5031 = FACE_BOUND ( 'NONE', #3843, .T. ) ;
#5032 = ORIENTED_EDGE ( 'NONE', *, *, #1283, .F. ) ;
#5033 = ORIENTED_EDGE ( 'NONE', *, *, #2822, .F. ) ;
#5034 = EDGE_CURVE ( 'NONE', #2534, #2334, #1100, .T. ) ;
#5035 = LINE ( 'NONE', #4633, #4401 ) ;
#5036 = AXIS2_PLACEMENT_3D ( 'NONE', #4914, #4084, #3108 ) ;
#5037 = CARTESIAN_POINT ( 'NONE',  ( 0.4999999999999996669, -18.46851846721101964, 21.65831239517770612 ) ) ;
#5038 = DIRECTION ( 'NONE',  ( 1.000000000000000000, 1.239088197126290570E-16, 0.000000000000000000 ) ) ;
#5039 = ORIENTED_EDGE ( 'NONE', *, *, #356, .F. ) ;
#5040 = CARTESIAN_POINT ( 'NONE',  ( 3.500000000000000000, -16.00000000000000711, 57.99999999999998579 ) ) ;
#5041 = ORIENTED_EDGE ( 'NONE', *, *, #5549, .F. ) ;
#5042 = VECTOR ( 'NONE', #4256, 1000.000000000000000 ) ;
#5043 = DIRECTION ( 'NONE',  ( -1.165692616471626465E-16, 0.9407664597040922283, -0.3390552584695133986 ) ) ;
#5044 = EDGE_CURVE ( 'NONE', #1274, #183, #1902, .T. ) ;
#5045 = LINE ( 'NONE', #4210, #5496 ) ;
#5046 = VECTOR ( 'NONE', #4328, 1000.000000000000000 ) ;
#5047 = AXIS2_PLACEMENT_3D ( 'NONE', #4114, #4949, #1077 ) ;
#5048 = VECTOR ( 'NONE', #5553, 1000.000000000000114 ) ;
#5049 = AXIS2_PLACEMENT_3D ( 'NONE', #5451, #218, #1945 ) ;
#5050 = FACE_OUTER_BOUND ( 'NONE', #5290, .T. ) ;
#5051 = EDGE_LOOP ( 'NONE', ( #1544, #2070, #5329, #4837 ) ) ;
#5052 = ORIENTED_EDGE ( 'NONE', *, *, #4531, .T. ) ;
#5053 = AXIS2_PLACEMENT_3D ( 'NONE', #3427, #5160, #1257 ) ;
#5054 = VECTOR ( 'NONE', #5251, 1000.000000000000000 ) ;
#5055 = LINE ( 'NONE', #2522, #2412 ) ;
#5056 = DIRECTION ( 'NONE',  ( -1.355252715606879803E-16, 1.000000000000000000, 0.000000000000000000 ) ) ;
#5057 = AXIS2_PLACEMENT_3D ( 'NONE', #4171, #1188, #2933 ) ;
#5058 = CARTESIAN_POINT ( 'NONE',  ( 21.41522322567242043, -5.299999999999997158, -18.40000000000000568 ) ) ;
#5059 = EDGE_LOOP ( 'NONE', ( #75, #5461 ) ) ;
#5060 = ORIENTED_EDGE ( 'NONE', *, *, #3989, .T. ) ;
#5061 = DIRECTION ( 'NONE',  ( -1.000000000000000000, -3.252606517456513918E-17, 0.000000000000000000 ) ) ;
#5062 = DIRECTION ( 'NONE',  ( 3.469446951953612956E-17, -1.000000000000000000, 0.000000000000000000 ) ) ;
#5063 = CARTESIAN_POINT ( 'NONE',  ( 0.4999999999999987232, -7.299999999999998934, 61.52191394754550657 ) ) ;
#5064 = DIRECTION ( 'NONE',  ( 0.000000000000000000, -1.000000000000000000, 0.000000000000000000 ) ) ;
#5065 = VERTEX_POINT ( 'NONE', #5369 ) ;
#5066 = ORIENTED_EDGE ( 'NONE', *, *, #3406, .T. ) ;
#5067 = CARTESIAN_POINT ( 'NONE',  ( -63.03173803727769808, -7.300000000000001599, 4.800000000000002487 ) ) ;
#5068 = CARTESIAN_POINT ( 'NONE',  ( 1.000000000000000000, -9.251384209635093114, 52.54168760482228606 ) ) ;
#5069 = DIRECTION ( 'NONE',  ( -1.000000000000000000, -1.239088197126290570E-16, 0.000000000000000000 ) ) ;
#5070 = ORIENTED_EDGE ( 'NONE', *, *, #3740, .F. ) ;
#5071 = CARTESIAN_POINT ( 'NONE',  ( 4.000000000000000000, -15.07469763858625811, 35.74488389006606326 ) ) ;
#5072 = EDGE_CURVE ( 'NONE', #2131, #2209, #3008, .T. ) ;
#5073 = EDGE_LOOP ( 'NONE', ( #4180, #2705, #4636, #62 ) ) ;
#5074 = EDGE_CURVE ( 'NONE', #3326, #1740, #273, .T. ) ;
#5075 = LINE ( 'NONE', #743, #4003 ) ;
#5076 = DIRECTION ( 'NONE',  ( 0.000000000000000000, 2.168404344971010594E-16, -1.000000000000000000 ) ) ;
#5077 = VECTOR ( 'NONE', #3716, 1000.000000000000000 ) ;
#5078 = LINE ( 'NONE', #1175, #3769 ) ;
#5079 = ORIENTED_EDGE ( 'NONE', *, *, #4646, .T. ) ;
#5080 = EDGE_CURVE ( 'NONE', #4681, #3774, #1722, .T. ) ;
#5081 = ORIENTED_EDGE ( 'NONE', *, *, #4406, .T. ) ;
#5082 = AXIS2_PLACEMENT_3D ( 'NONE', #2730, #1365, #3980 ) ;
#5083 = LINE ( 'NONE', #2005, #781 ) ;
#5084 = CARTESIAN_POINT ( 'NONE',  ( 2.724999999999999645, -15.99999999999999645, -31.59999999999999787 ) ) ;
#5085 = CARTESIAN_POINT ( 'NONE',  ( 4.225000000000000533, -13.99999999999999822, -19.59999999999999787 ) ) ;
#5086 = EDGE_CURVE ( 'NONE', #474, #1067, #3024, .T. ) ;
#5087 = EDGE_LOOP ( 'NONE', ( #5426, #5466, #3937, #3555 ) ) ;
#5088 = ORIENTED_EDGE ( 'NONE', *, *, #1563, .F. ) ;
#5089 = CARTESIAN_POINT ( 'NONE',  ( 1.000000000000000888, -14.54981716550029525, 65.20000000000000284 ) ) ;
#5090 = FACE_OUTER_BOUND ( 'NONE', #827, .T. ) ;
#5091 = DIRECTION ( 'NONE',  ( 1.000000000000000000, 1.239088197126290570E-16, 0.000000000000000000 ) ) ;
#5092 = CARTESIAN_POINT ( 'NONE',  ( 0.5000000000000004441, -18.20000000000000284, 17.54168760482228606 ) ) ;
#5093 = ORIENTED_EDGE ( 'NONE', *, *, #4725, .F. ) ;
#5094 = VERTEX_POINT ( 'NONE', #2560 ) ;
#5095 = LINE ( 'NONE', #678, #2504 ) ;
#5096 = LINE ( 'NONE', #1193, #1962 ) ;
#5097 = LINE ( 'NONE', #2128, #565 ) ;
#5098 = AXIS2_PLACEMENT_3D ( 'NONE', #1110, #5498, #2854 ) ;
#5099 = CARTESIAN_POINT ( 'NONE',  ( 4.000000000000003553, -7.299999999999998934, 51.08776832031180248 ) ) ;
#5100 = VERTEX_POINT ( 'NONE', #3419 ) ;
#5101 = FACE_OUTER_BOUND ( 'NONE', #2853, .T. ) ;
#5102 = EDGE_LOOP ( 'NONE', ( #4232, #195 ) ) ;
#5103 = DIRECTION ( 'NONE',  ( -0.000000000000000000, 0.000000000000000000, 1.000000000000000000 ) ) ;
#5104 = CARTESIAN_POINT ( 'NONE',  ( 0.5000000000000004441, -14.54981716550029525, 65.20000000000000284 ) ) ;
#5105 = EDGE_CURVE ( 'NONE', #4603, #881, #1731, .T. ) ;
#5106 = EDGE_CURVE ( 'NONE', #474, #4551, #428, .T. ) ;
#5107 = CYLINDRICAL_SURFACE ( 'NONE', #3952, 1.250000000000004663 ) ;
#5108 = ORIENTED_EDGE ( 'NONE', *, *, #1413, .F. ) ;
#5109 = EDGE_LOOP ( 'NONE', ( #412, #5431, #1507, #3019 ) ) ;
#5110 = DIRECTION ( 'NONE',  ( 0.000000000000000000, -1.000000000000000000, 0.000000000000000000 ) ) ;
#5111 = EDGE_CURVE ( 'NONE', #1340, #2838, #1216, .T. ) ;
#5112 = FACE_BOUND ( 'NONE', #3007, .T. ) ;
#5113 = CARTESIAN_POINT ( 'NONE',  ( 4.000000000000003553, -7.299999999999998934, 50.28776832031179822 ) ) ;
#5114 = ORIENTED_EDGE ( 'NONE', *, *, #5341, .T. ) ;
#5115 = VERTEX_POINT ( 'NONE', #1189 ) ;
#5116 = DIRECTION ( 'NONE',  ( 1.000000000000000000, 0.000000000000000000, 0.000000000000000000 ) ) ;
#5117 = FACE_OUTER_BOUND ( 'NONE', #5355, .T. ) ;
#5118 = EDGE_CURVE ( 'NONE', #3654, #4918, #1990, .T. ) ;
#5119 = FACE_OUTER_BOUND ( 'NONE', #5347, .T. ) ;
#5120 = DIRECTION ( 'NONE',  ( 2.168404344971009854E-16, -1.000000000000000000, 0.000000000000000000 ) ) ;
#5121 = EDGE_LOOP ( 'NONE', ( #4612, #3944, #2823, #5032 ) ) ;
#5122 = ORIENTED_EDGE ( 'NONE', *, *, #3958, .T. ) ;
#5123 = DIRECTION ( 'NONE',  ( 1.000000000000000000, 3.252606517456513918E-17, -0.000000000000000000 ) ) ;
#5124 = DIRECTION ( 'NONE',  ( 0.000000000000000000, -1.000000000000000000, -1.577021341797097560E-16 ) ) ;
#5125 = DIRECTION ( 'NONE',  ( -1.000000000000000000, -1.239088197126290324E-16, 1.954068531237048912E-32 ) ) ;
#5126 = VECTOR ( 'NONE', #1194, 1000.000000000000000 ) ;
#5127 = ORIENTED_EDGE ( 'NONE', *, *, #166, .F. ) ;
#5128 = DIRECTION ( 'NONE',  ( -1.103085371411595902E-16, 0.8917953516752833432, -0.4524390022205841411 ) ) ;
#5129 = EDGE_LOOP ( 'NONE', ( #3057, #162 ) ) ;
#5130 = AXIS2_PLACEMENT_3D ( 'NONE', #5259, #4319, #2157 ) ;
#5131 = CARTESIAN_POINT ( 'NONE',  ( 0.5000000000000004441, -19.00000000000000355, 17.54168760482228606 ) ) ;
#5132 = LINE ( 'NONE', #1574, #325 ) ;
#5133 = PLANE ( 'NONE',  #392 ) ;
#5134 = ORIENTED_EDGE ( 'NONE', *, *, #2767, .F. ) ;
#5135 = CIRCLE ( 'NONE', #411, 1.250000000000001110 ) ;
#5136 = VECTOR ( 'NONE', #3354, 1000.000000000000000 ) ;
#5137 = ORIENTED_EDGE ( 'NONE', *, *, #2529, .F. ) ;
#5138 = EDGE_CURVE ( 'NONE', #3403, #3254, #2966, .T. ) ;
#5139 = DIRECTION ( 'NONE',  ( 1.000000000000000000, 1.239088197126290570E-16, -0.000000000000000000 ) ) ;
#5140 = AXIS2_PLACEMENT_3D ( 'NONE', #2368, #4098, #3671 ) ;
#5141 = AXIS2_PLACEMENT_3D ( 'NONE', #1055, #630, #211 ) ;
#5142 = CARTESIAN_POINT ( 'NONE',  ( 0.4999999999999988343, -10.76036283369648494, 35.09386066807927307 ) ) ;
#5143 = CARTESIAN_POINT ( 'NONE',  ( 4.000000000000000000, -17.44738683223673092, 50.55901252708742533 ) ) ;
#5144 = CIRCLE ( 'NONE', #5505, 2.000000000000001776 ) ;
#5145 = ADVANCED_FACE ( 'NONE', ( #2934 ), #2532, .F. ) ;
#5146 = AXIS2_PLACEMENT_3D ( 'NONE', #4994, #1976, #2746 ) ;
#5147 = VERTEX_POINT ( 'NONE', #4198 ) ;
#5148 = AXIS2_PLACEMENT_3D ( 'NONE', #632, #1057, #2539 ) ;
#5149 = EDGE_CURVE ( 'NONE', #1385, #5007, #4655, .T. ) ;
#5150 = VECTOR ( 'NONE', #3820, 1000.000000000000000 ) ;
#5151 = CARTESIAN_POINT ( 'NONE',  ( 3.999999999999999112, 1.322726650432315163E-16, 0.000000000000000000 ) ) ;
#5152 = CARTESIAN_POINT ( 'NONE',  ( 0.000000000000000000, 0.4148556835804986243, -29.19999999999999929 ) ) ;
#5153 = DIRECTION ( 'NONE',  ( 1.000000000000000000, 1.239088197126290570E-16, 0.000000000000000000 ) ) ;
#5154 = CIRCLE ( 'NONE', #3598, 1.649999999999998579 ) ;
#5155 = AXIS2_PLACEMENT_3D ( 'NONE', #5025, #2733, #3557 ) ;
#5156 = DIRECTION ( 'NONE',  ( 0.000000000000000000, 0.000000000000000000, 1.000000000000000000 ) ) ;
#5157 = ORIENTED_EDGE ( 'NONE', *, *, #1212, .F. ) ;
#5158 = VERTEX_POINT ( 'NONE', #761 ) ;
#5159 = ADVANCED_FACE ( 'NONE', ( #2500 ), #343, .F. ) ;
#5160 = DIRECTION ( 'NONE',  ( 1.000000000000000000, 1.239088197126290570E-16, 0.000000000000000000 ) ) ;
#5161 = DIRECTION ( 'NONE',  ( 1.000000000000000000, 0.000000000000000000, 0.000000000000000000 ) ) ;
#5162 = LINE ( 'NONE', #3006, #713 ) ;
#5163 = VERTEX_POINT ( 'NONE', #1253 ) ;
#5164 = ORIENTED_EDGE ( 'NONE', *, *, #2279, .F. ) ;
#5165 = CARTESIAN_POINT ( 'NONE',  ( 3.499999999999995115, -15.99999999999999645, 19.99999999999999289 ) ) ;
#5166 = CARTESIAN_POINT ( 'NONE',  ( 4.225000000000000533, -3.000000000000000888, -19.59999999999999787 ) ) ;
#5167 = ORIENTED_EDGE ( 'NONE', *, *, #3378, .F. ) ;
#5168 = ORIENTED_EDGE ( 'NONE', *, *, #2462, .F. ) ;
#5169 = DIRECTION ( 'NONE',  ( 0.000000000000000000, -0.000000000000000000, -1.000000000000000000 ) ) ;
#5170 = VECTOR ( 'NONE', #5476, 1000.000000000000000 ) ;
#5171 = CARTESIAN_POINT ( 'NONE',  ( -4.501000000000010992, -20.99999999999999645, -31.59999999999999787 ) ) ;
#5172 = DIRECTION ( 'NONE',  ( 1.000000000000000000, 0.000000000000000000, -0.000000000000000000 ) ) ;
#5173 = ORIENTED_EDGE ( 'NONE', *, *, #644, .F. ) ;
#5174 = AXIS2_PLACEMENT_3D ( 'NONE', #2654, #3560, #566 ) ;
#5175 = CARTESIAN_POINT ( 'NONE',  ( 1.000000000000000000, -9.536057466139306271, 25.65831239517770612 ) ) ;
#5176 = PLANE ( 'NONE',  #4123 ) ;
#5177 = CARTESIAN_POINT ( 'NONE',  ( 0.5000000000000004441, -18.20000000000000284, 60.45831239517769262 ) ) ;
#5178 = EDGE_CURVE ( 'NONE', #319, #3391, #1358, .T. ) ;
#5179 = AXIS2_PLACEMENT_3D ( 'NONE', #1505, #4977, #2789 ) ;
#5180 = ADVANCED_FACE ( 'NONE', ( #3047 ), #825, .F. ) ;
#5181 = CARTESIAN_POINT ( 'NONE',  ( 0.4999999999999987232, -8.921746524012673873, 17.54168760482228606 ) ) ;
#5182 = VERTEX_POINT ( 'NONE', #3449 ) ;
#5183 = VERTEX_POINT ( 'NONE', #396 ) ;
#5184 = CARTESIAN_POINT ( 'NONE',  ( 0.9999999999999995559, -6.500000000000000000, 15.44526502967733705 ) ) ;
#5185 = EDGE_CURVE ( 'NONE', #5147, #523, #2122, .T. ) ;
#5186 = CYLINDRICAL_SURFACE ( 'NONE', #2387, 0.7999999999999986011 ) ;
#5187 = DIRECTION ( 'NONE',  ( -1.000000000000000000, 6.505213034913025371E-17, -0.000000000000000000 ) ) ;
#5188 = VERTEX_POINT ( 'NONE', #3865 ) ;
#5189 = VERTEX_POINT ( 'NONE', #2041 ) ;
#5190 = DIRECTION ( 'NONE',  ( -1.000000000000000000, -0.000000000000000000, -0.000000000000000000 ) ) ;
#5191 = ADVANCED_FACE ( 'NONE', ( #5600 ), #5542, .T. ) ;
#5192 = DIRECTION ( 'NONE',  ( 0.000000000000000000, -2.376333528735352191E-16, 1.000000000000000000 ) ) ;
#5193 = ORIENTED_EDGE ( 'NONE', *, *, #425, .T. ) ;
#5194 = LINE ( 'NONE', #102, #4311 ) ;
#5195 = CARTESIAN_POINT ( 'NONE',  ( 2.999999999999999112, 3.805842560179955480, 69.15558256377492796 ) ) ;
#5196 = ORIENTED_EDGE ( 'NONE', *, *, #5414, .F. ) ;
#5197 = CARTESIAN_POINT ( 'NONE',  ( 0.000000000000000000, -3.499999999999999556, -29.20000000000000284 ) ) ;
#5198 = PLANE ( 'NONE',  #4496 ) ;
#5199 = CARTESIAN_POINT ( 'NONE',  ( 1.999999999999999112, 6.499999999999996447, 4.000000000000000888 ) ) ;
#5200 = ORIENTED_EDGE ( 'NONE', *, *, #518, .F. ) ;
#5201 = VERTEX_POINT ( 'NONE', #2586 ) ;
#5202 = EDGE_CURVE ( 'NONE', #4791, #1018, #451, .T. ) ;
#5203 = EDGE_CURVE ( 'NONE', #113, #785, #3365, .T. ) ;
#5204 = DIRECTION ( 'NONE',  ( 0.000000000000000000, 0.000000000000000000, 1.000000000000000000 ) ) ;
#5205 = FACE_OUTER_BOUND ( 'NONE', #1644, .T. ) ;
#5206 = DIRECTION ( 'NONE',  ( 1.000000000000000000, 0.000000000000000000, 0.000000000000000000 ) ) ;
#5207 = DIRECTION ( 'NONE',  ( 1.000000000000000000, 3.252606517456513918E-17, -0.000000000000000000 ) ) ;
#5208 = ORIENTED_EDGE ( 'NONE', *, *, #1934, .T. ) ;
#5209 = ORIENTED_EDGE ( 'NONE', *, *, #3107, .T. ) ;
#5210 = ADVANCED_FACE ( 'NONE', ( #3604 ), #1868, .F. ) ;
#5211 = DIRECTION ( 'NONE',  ( -3.252606517456513918E-17, 1.000000000000000000, 0.000000000000000000 ) ) ;
#5212 = CARTESIAN_POINT ( 'NONE',  ( -63.03173803727768387, -7.300000000000001599, 50.28776832031181243 ) ) ;
#5213 = CARTESIAN_POINT ( 'NONE',  ( 4.000000000000000000, -5.299999999999998934, -4.000000000000000000 ) ) ;
#5214 = ORIENTED_EDGE ( 'NONE', *, *, #4500, .F. ) ;
#5215 = ORIENTED_EDGE ( 'NONE', *, *, #131, .F. ) ;
#5216 = VECTOR ( 'NONE', #882, 1000.000000000000000 ) ;
#5217 = ADVANCED_FACE ( 'NONE', ( #1359 ), #3104, .F. ) ;
#5218 = CARTESIAN_POINT ( 'NONE',  ( 1.000000000000000000, -18.12982544119417128, 22.45831239517770328 ) ) ;
#5219 = CIRCLE ( 'NONE', #1856, 0.8000000000000003775 ) ;
#5220 = DIRECTION ( 'NONE',  ( 1.000000000000000000, 1.239088197126290570E-16, 0.000000000000000000 ) ) ;
#5221 = VECTOR ( 'NONE', #5441, 999.9999999999998863 ) ;
#5222 = VERTEX_POINT ( 'NONE', #4025 ) ;
#5223 = VECTOR ( 'NONE', #3206, 1000.000000000000000 ) ;
#5224 = VECTOR ( 'NONE', #4473, 1000.000000000000000 ) ;
#5225 = LINE ( 'NONE', #1297, #3962 ) ;
#5226 = FACE_OUTER_BOUND ( 'NONE', #2477, .T. ) ;
#5227 = CIRCLE ( 'NONE', #1234, 0.8000000000000003775 ) ;
#5228 = AXIS2_PLACEMENT_3D ( 'NONE', #3670, #4463, #4015 ) ;
#5229 = DIRECTION ( 'NONE',  ( 0.000000000000000000, -1.000000000000000000, -2.168404344971010594E-16 ) ) ;
#5230 = ORIENTED_EDGE ( 'NONE', *, *, #3127, .F. ) ;
#5231 = VECTOR ( 'NONE', #3103, 1000.000000000000000 ) ;
#5233 = DIRECTION ( 'NONE',  ( 0.000000000000000000, -1.000000000000000000, 1.577021341797097560E-16 ) ) ;
#5232 = AXIS2_PLACEMENT_3D ( 'NONE', #3529, #2758, #538 ) ;
#5234 = PLANE ( 'NONE',  #2411 ) ;
#5235 = CYLINDRICAL_SURFACE ( 'NONE', #763, 3.999999999999998224 ) ;
#5236 = ADVANCED_FACE ( 'NONE', ( #903 ), #3572, .F. ) ;
#5237 = CARTESIAN_POINT ( 'NONE',  ( 0.4999999999999988343, -10.76036283369648494, 42.90613933192072693 ) ) ;
#5238 = EDGE_LOOP ( 'NONE', ( #3225, #5301, #5271, #858, #2594, #2028 ) ) ;
#5239 = ORIENTED_EDGE ( 'NONE', *, *, #3532, .T. ) ;
#5240 = AXIS2_PLACEMENT_3D ( 'NONE', #3091, #2139, #2520 ) ;
#5241 = CARTESIAN_POINT ( 'NONE',  ( 7.000000000000000000, 0.000000000000000000, -18.39999999999999858 ) ) ;
#5242 = ADVANCED_FACE ( 'NONE', ( #2234 ), #2179, .T. ) ;
#5243 = CARTESIAN_POINT ( 'NONE',  ( 7.000000000000000000, -12.75000000000000000, 39.00000000000000000 ) ) ;
#5244 = EDGE_CURVE ( 'NONE', #2334, #5065, #4804, .T. ) ;
#5245 = ORIENTED_EDGE ( 'NONE', *, *, #1131, .T. ) ;
#5246 = VERTEX_POINT ( 'NONE', #1333 ) ;
#5247 = PLANE ( 'NONE',  #415 ) ;
#5248 = DIRECTION ( 'NONE',  ( 0.000000000000000000, 1.188166764367676095E-16, -1.000000000000000000 ) ) ;
#5249 = ADVANCED_FACE ( 'NONE', ( #3128 ), #3548, .F. ) ;
#5250 = ORIENTED_EDGE ( 'NONE', *, *, #1394, .T. ) ;
#5251 = DIRECTION ( 'NONE',  ( 1.000000000000000000, 3.252606517456513918E-17, 2.535569890667617442E-16 ) ) ;
#5252 = DIRECTION ( 'NONE',  ( -0.000000000000000000, -1.577021341797097560E-16, 1.000000000000000000 ) ) ;
#5253 = EDGE_CURVE ( 'NONE', #3396, #1391, #2665, .T. ) ;
#5254 = VECTOR ( 'NONE', #4189, 1000.000000000000000 ) ;
#5255 = DIRECTION ( 'NONE',  ( -1.355252715606879803E-16, 1.000000000000000000, 0.000000000000000000 ) ) ;
#5256 = ORIENTED_EDGE ( 'NONE', *, *, #4364, .T. ) ;
#5257 = ORIENTED_EDGE ( 'NONE', *, *, #4359, .F. ) ;
#5258 = VECTOR ( 'NONE', #2648, 999.9999999999998863 ) ;
#5259 = CARTESIAN_POINT ( 'NONE',  ( 4.000000000000000000, -18.20000000000000639, 14.54168760482228606 ) ) ;
#5260 = CARTESIAN_POINT ( 'NONE',  ( 5.000000000000000888, 5.999999999999999112, 56.31534156157350424 ) ) ;
#5261 = LINE ( 'NONE', #3085, #2953 ) ;
#5262 = DIRECTION ( 'NONE',  ( 1.000000000000000000, -0.000000000000000000, -0.000000000000000000 ) ) ;
#5263 = ORIENTED_EDGE ( 'NONE', *, *, #3039, .F. ) ;
#5264 = CIRCLE ( 'NONE', #2721, 0.9999999999999991118 ) ;
#5265 = ORIENTED_EDGE ( 'NONE', *, *, #2581, .F. ) ;
#5266 = SURFACE_STYLE_FILL_AREA ( #4168 ) ;
#5267 = PLANE ( 'NONE',  #405 ) ;
#5268 = CARTESIAN_POINT ( 'NONE',  ( 0.9999999999999991118, 3.999999999999998224, 62.50000000000000000 ) ) ;
#5269 = DIRECTION ( 'NONE',  ( 0.000000000000000000, 0.000000000000000000, -1.000000000000000000 ) ) ;
#5270 = VERTEX_POINT ( 'NONE', #3188 ) ;
#5271 = ORIENTED_EDGE ( 'NONE', *, *, #4122, .F. ) ;
#5272 = ADVANCED_FACE ( 'NONE', ( #4387 ), #59, .T. ) ;
#5273 = FACE_OUTER_BOUND ( 'NONE', #4760, .T. ) ;
#5274 = ADVANCED_FACE ( 'NONE', ( #1786 ), #5282, .F. ) ;
#5275 = DIRECTION ( 'NONE',  ( 1.000000000000000000, 1.239088197126290817E-16, -6.270397653133596605E-34 ) ) ;
#5276 = CARTESIAN_POINT ( 'NONE',  ( 7.000000000000002665, -16.57825347598732790, 4.000000000000003553 ) ) ;
#5277 = VECTOR ( 'NONE', #2052, 1000.000000000000000 ) ;
#5278 = ORIENTED_EDGE ( 'NONE', *, *, #5379, .T. ) ;
#5279 = DIRECTION ( 'NONE',  ( 0.000000000000000000, -1.000000000000000000, 0.000000000000000000 ) ) ;
#5280 = ADVANCED_FACE ( 'NONE', ( #3161 ), #4856, .T. ) ;
#5281 = DIRECTION ( 'NONE',  ( -1.801837981502991651E-17, 0.6819983600625021403, -0.7313537016191671292 ) ) ;
#5282 = CYLINDRICAL_SURFACE ( 'NONE', #2261, 1.250000000000001110 ) ;
#5283 = VERTEX_POINT ( 'NONE', #4887 ) ;
#5284 = EDGE_LOOP ( 'NONE', ( #1732, #5361, #4917, #5552 ) ) ;
#5285 = EDGE_CURVE ( 'NONE', #2726, #4650, #4365, .T. ) ;
#5286 = FACE_OUTER_BOUND ( 'NONE', #2700, .T. ) ;
#5287 = DIRECTION ( 'NONE',  ( -1.000000000000000000, -3.469446951953611107E-17, 0.000000000000000000 ) ) ;
#5288 = FACE_OUTER_BOUND ( 'NONE', #324, .T. ) ;
#5289 = FACE_OUTER_BOUND ( 'NONE', #446, .T. ) ;
#5290 = EDGE_LOOP ( 'NONE', ( #3920, #2376, #4932, #4081 ) ) ;
#5291 = ORIENTED_EDGE ( 'NONE', *, *, #3955, .T. ) ;
#5292 =( LENGTH_UNIT ( ) NAMED_UNIT ( * ) SI_UNIT ( .MILLI., .METRE. ) );
#5293 = DIRECTION ( 'NONE',  ( -0.000000000000000000, -0.000000000000000000, -1.000000000000000000 ) ) ;
#5294 = DIRECTION ( 'NONE',  ( 1.000000000000000000, 0.000000000000000000, -0.000000000000000000 ) ) ;
#5295 = EDGE_LOOP ( 'NONE', ( #5257, #5167, #465, #2589 ) ) ;
#5296 = VERTEX_POINT ( 'NONE', #473 ) ;
#5297 = CARTESIAN_POINT ( 'NONE',  ( 1.000000000000000000, -15.96394253386069728, 25.65831239517770612 ) ) ;
#5298 = DIRECTION ( 'NONE',  ( -1.000000000000000000, -1.678764654171104441E-15, -3.678684285661899333E-15 ) ) ;
#5299 = CARTESIAN_POINT ( 'NONE',  ( 7.002000000000006885, -17.44738683223673092, 27.44098747291256402 ) ) ;
#5300 = DIRECTION ( 'NONE',  ( 0.000000000000000000, 2.168404344971010594E-16, -1.000000000000000000 ) ) ;
#5301 = ORIENTED_EDGE ( 'NONE', *, *, #386, .T. ) ;
#5302 = CARTESIAN_POINT ( 'NONE',  ( 3.999999999999999112, 1.322726650432315163E-16, 0.000000000000000000 ) ) ;
#5303 = AXIS2_PLACEMENT_3D ( 'NONE', #2265, #4392, #2291 ) ;
#5304 = CARTESIAN_POINT ( 'NONE',  ( 2.724999999999999201, -22.49999999999998934, -31.59999999999999787 ) ) ;
#5305 = ADVANCED_FACE ( 'NONE', ( #2725 ), #4450, .T. ) ;
#5306 = DIRECTION ( 'NONE',  ( -1.000000000000000000, -3.252606517456513918E-17, 0.000000000000000000 ) ) ;
#5307 = EDGE_CURVE ( 'NONE', #3586, #2551, #3919, .T. ) ;
#5308 = VERTEX_POINT ( 'NONE', #1466 ) ;
#5309 = CIRCLE ( 'NONE', #3942, 0.7999999999999986011 ) ;
#5310 = ORIENTED_EDGE ( 'NONE', *, *, #1606, .T. ) ;
#5311 = AXIS2_PLACEMENT_3D ( 'NONE', #5337, #1383, #952 ) ;
#5312 = CARTESIAN_POINT ( 'NONE',  ( 0.4999999999999990563, -13.00000000000000178, -4.800000000000000711 ) ) ;
#5313 = DIRECTION ( 'NONE',  ( -1.000000000000000000, -3.252606517456513918E-17, 0.000000000000000000 ) ) ;
#5314 = VECTOR ( 'NONE', #485, 1000.000000000000000 ) ;
#5315 = AXIS2_PLACEMENT_3D ( 'NONE', #5268, #3063, #4787 ) ;
#5316 = CIRCLE ( 'NONE', #2217, 1.000000000000000888 ) ;
#5317 = VECTOR ( 'NONE', #1030, 1000.000000000000000 ) ;
#5318 = CYLINDRICAL_SURFACE ( 'NONE', #4164, 1.650000000000002132 ) ;
#5319 = EDGE_CURVE ( 'NONE', #5270, #2131, #4054, .T. ) ;
#5320 = EDGE_LOOP ( 'NONE', ( #5493, #1846, #2420, #4868 ) ) ;
#5321 = ORIENTED_EDGE ( 'NONE', *, *, #1325, .T. ) ;
#5322 = AXIS2_PLACEMENT_3D ( 'NONE', #2973, #317, #291 ) ;
#5323 = CIRCLE ( 'NONE', #421, 0.8000000000000003775 ) ;
#5324 = VECTOR ( 'NONE', #5539, 1000.000000000000000 ) ;
#5325 = CARTESIAN_POINT ( 'NONE',  ( 1.000000000000000000, -7.605121347951828703, 59.65831239517768836 ) ) ;
#5326 = AXIS2_PLACEMENT_3D ( 'NONE', #3836, #4284, #3916 ) ;
#5327 = CIRCLE ( 'NONE', #1421, 1.650000000000002132 ) ;
#5328 = CARTESIAN_POINT ( 'NONE',  ( 1.225000000000000089, -0.9999999999999950040, -34.20000000000000284 ) ) ;
#5329 = ORIENTED_EDGE ( 'NONE', *, *, #906, .F. ) ;
#5330 = ORIENTED_EDGE ( 'NONE', *, *, #1212, .T. ) ;
#5331 = LINE ( 'NONE', #4494, #494 ) ;
#5332 = CARTESIAN_POINT ( 'NONE',  ( 4.000000000000000000, -12.75000000000000000, 39.00000000000000000 ) ) ;
#5333 = LINE ( 'NONE', #4049, #5501 ) ;
#5334 = DIRECTION ( 'NONE',  ( 1.176334233040897053E-17, -0.3390552584695133986, -0.9407664597040922283 ) ) ;
#5335 = ORIENTED_EDGE ( 'NONE', *, *, #1042, .T. ) ;
#5336 = DIRECTION ( 'NONE',  ( -0.000000000000000000, 0.000000000000000000, 1.000000000000000000 ) ) ;
#5337 = CARTESIAN_POINT ( 'NONE',  ( 2.999999999999999112, 3.805842560179955480, 69.15558256377492796 ) ) ;
#5338 = DIRECTION ( 'NONE',  ( 0.000000000000000000, -0.000000000000000000, -1.000000000000000000 ) ) ;
#5339 = EDGE_LOOP ( 'NONE', ( #354, #640, #4806, #5558 ) ) ;
#5340 = ORIENTED_EDGE ( 'NONE', *, *, #2670, .T. ) ;
#5341 = EDGE_CURVE ( 'NONE', #4411, #3703, #3652, .T. ) ;
#5342 = CARTESIAN_POINT ( 'NONE',  ( 1.000000000000000000, -16.96394253386069906, 25.65831239517770612 ) ) ;
#5343 = EDGE_CURVE ( 'NONE', #5439, #4569, #167, .T. ) ;
#5344 = CARTESIAN_POINT ( 'NONE',  ( 4.000000000000000000, -18.20000000000000284, 50.28776832031181243 ) ) ;
#5345 = PLANE ( 'NONE',  #3095 ) ;
#5346 = EDGE_LOOP ( 'NONE', ( #5009, #4767, #3867, #1658 ) ) ;
#5347 = EDGE_LOOP ( 'NONE', ( #1908, #1438, #4568, #3828 ) ) ;
#5348 = VECTOR ( 'NONE', #4428, 1000.000000000000114 ) ;
#5349 = DIRECTION ( 'NONE',  ( -1.239088197126290570E-16, 1.000000000000000000, 0.000000000000000000 ) ) ;
#5350 = EDGE_CURVE ( 'NONE', #1240, #3842, #276, .T. ) ;
#5351 = DIRECTION ( 'NONE',  ( -3.252606517456513918E-17, 1.000000000000000000, 0.000000000000000000 ) ) ;
#5352 = AXIS2_PLACEMENT_3D ( 'NONE', #4744, #2998, #2069 ) ;
#5353 = CARTESIAN_POINT ( 'NONE',  ( 1.000000000000000000, -8.536057466139308048, 25.65831239517770612 ) ) ;
#5354 = VERTEX_POINT ( 'NONE', #1894 ) ;
#5355 = EDGE_LOOP ( 'NONE', ( #1473, #242, #1195, #1746 ) ) ;
#5356 = DIRECTION ( 'NONE',  ( 0.000000000000000000, 0.000000000000000000, -1.000000000000000000 ) ) ;
#5357 = ADVANCED_FACE ( 'NONE', ( #4506 ), #2749, .F. ) ;
#5358 = LINE ( 'NONE', #2394, #5223 ) ;
#5359 = DIRECTION ( 'NONE',  ( -1.165692616471626958E-16, 0.9407664597040922283, -0.3390552584695135652 ) ) ;
#5360 = CARTESIAN_POINT ( 'NONE',  ( 3.500000000000000000, -16.00000000000000711, 57.99999999999998579 ) ) ;
#5361 = ORIENTED_EDGE ( 'NONE', *, *, #3102, .T. ) ;
#5362 = CARTESIAN_POINT ( 'NONE',  ( 6.999999999999999112, -1.644164868785977118, 75.00000000000000000 ) ) ;
#5363 = DIRECTION ( 'NONE',  ( -1.355252715606879803E-16, 1.000000000000000000, 0.000000000000000000 ) ) ;
#5364 = DIRECTION ( 'NONE',  ( 1.000000000000000000, 1.239088197126290570E-16, 0.000000000000000000 ) ) ;
#5365 = ORIENTED_EDGE ( 'NONE', *, *, #5562, .F. ) ;
#5366 = VERTEX_POINT ( 'NONE', #4534 ) ;
#5367 = CARTESIAN_POINT ( 'NONE',  ( -64.14711903867025455, -18.12982544119417483, 55.54168760482228606 ) ) ;
#5368 = CARTESIAN_POINT ( 'NONE',  ( 2.724999999999996092, -69.00100000000004741, 7.001000000000409784 ) ) ;
#5369 = CARTESIAN_POINT ( 'NONE',  ( 1.225000000000000311, -14.49999999999999645, -26.35000000000000142 ) ) ;
#5370 = ORIENTED_EDGE ( 'NONE', *, *, #5203, .F. ) ;
#5371 = EDGE_CURVE ( 'NONE', #4981, #2350, #4474, .T. ) ;
#5372 = VERTEX_POINT ( 'NONE', #194 ) ;
#5373 = EDGE_CURVE ( 'NONE', #2844, #1717, #220, .T. ) ;
#5374 = DIRECTION ( 'NONE',  ( 0.000000000000000000, 0.000000000000000000, -1.000000000000000000 ) ) ;
#5375 = CARTESIAN_POINT ( 'NONE',  ( 3.500000000000000000, -16.00000000000000711, 57.99999999999998579 ) ) ;
#5376 = ORIENTED_EDGE ( 'NONE', *, *, #3918, .T. ) ;
#5377 = EDGE_CURVE ( 'NONE', #1763, #2424, #3688, .T. ) ;
#5378 = ORIENTED_EDGE ( 'NONE', *, *, #4725, .T. ) ;
#5379 = EDGE_CURVE ( 'NONE', #814, #4149, #616, .T. ) ;
#5380 = CARTESIAN_POINT ( 'NONE',  ( 1.000000000000000000, -18.20000000000000639, 15.34168760482228500 ) ) ;
#5381 = DIRECTION ( 'NONE',  ( 0.000000000000000000, -0.000000000000000000, 1.000000000000000000 ) ) ;
#5382 = CARTESIAN_POINT ( 'NONE',  ( 4.000000000000000000, -15.07469763858626521, 42.25511610993392964 ) ) ;
#5383 = DIRECTION ( 'NONE',  ( 1.000000000000000000, 1.239088197126290570E-16, -0.000000000000000000 ) ) ;
#5384 = EDGE_CURVE ( 'NONE', #3974, #5189, #4803, .T. ) ;
#5385 = VERTEX_POINT ( 'NONE', #281 ) ;
#5386 = PLANE ( 'NONE',  #685 ) ;
#5387 = DIRECTION ( 'NONE',  ( -0.000000000000000000, -0.000000000000000000, -1.000000000000000000 ) ) ;
#5388 = LINE ( 'NONE', #193, #1120 ) ;
#5389 = DIRECTION ( 'NONE',  ( 1.000000000000000000, 1.239088197126290570E-16, -0.000000000000000000 ) ) ;
#5390 = VERTEX_POINT ( 'NONE', #1117 ) ;
#5391 = VERTEX_POINT ( 'NONE', #4165 ) ;
#5392 = VECTOR ( 'NONE', #3686, 1000.000000000000000 ) ;
#5393 = PLANE ( 'NONE',  #671 ) ;
#5394 = CARTESIAN_POINT ( 'NONE',  ( 0.9999999999999993339, -0.5000000000000065503, 62.50000000000000000 ) ) ;
#5395 = AXIS2_PLACEMENT_3D ( 'NONE', #3891, #5621, #1402 ) ;
#5396 = DIRECTION ( 'NONE',  ( -1.000000000000000000, -3.469446951953611107E-17, 0.000000000000000000 ) ) ;
#5397 = VERTEX_POINT ( 'NONE', #5424 ) ;
#5398 = ORIENTED_EDGE ( 'NONE', *, *, #2920, .F. ) ;
#5399 = AXIS2_PLACEMENT_3D ( 'NONE', #1145, #2455, #2548 ) ;
#5400 = AXIS2_PLACEMENT_3D ( 'NONE', #545, #4958, #2337 ) ;
#5401 = VECTOR ( 'NONE', #2062, 1000.000000000000000 ) ;
#5402 = LINE ( 'NONE', #4899, #4778 ) ;
#5403 = EDGE_LOOP ( 'NONE', ( #2329, #4094, #891, #623 ) ) ;
#5404 = CARTESIAN_POINT ( 'NONE',  ( 7.001000000000006551, -14.00000000000000000, 0.000000000000000000 ) ) ;
#5405 = ORIENTED_EDGE ( 'NONE', *, *, #4896, .F. ) ;
#5406 = CARTESIAN_POINT ( 'NONE',  ( -63.03173803727769808, -7.300000000000001599, 14.54168760482228606 ) ) ;
#5407 = VECTOR ( 'NONE', #4529, 1000.000000000000000 ) ;
#5408 = VERTEX_POINT ( 'NONE', #2836 ) ;
#5409 = VECTOR ( 'NONE', #4697, 1000.000000000000000 ) ;
#5410 = VECTOR ( 'NONE', #5128, 1000.000000000000000 ) ;
#5411 = PLANE ( 'NONE',  #3147 ) ;
#5412 = CARTESIAN_POINT ( 'NONE',  ( 4.000000000000003553, -6.499999999999999112, 4.800000000000002487 ) ) ;
#5413 = CIRCLE ( 'NONE', #2514, 0.8000000000000003775 ) ;
#5414 = EDGE_CURVE ( 'NONE', #5538, #3528, #4595, .T. ) ;
#5415 = AXIS2_PLACEMENT_3D ( 'NONE', #2297, #5349, #5565 ) ;
#5416 = EDGE_CURVE ( 'NONE', #5183, #634, #3448, .T. ) ;
#5417 = DIRECTION ( 'NONE',  ( 0.000000000000000000, -0.4151624548736461140, -0.9097472924187725019 ) ) ;
#5418 = DIRECTION ( 'NONE',  ( -1.000000000000000000, -3.252606517456513918E-17, -0.000000000000000000 ) ) ;
#5419 = EDGE_LOOP ( 'NONE', ( #5200, #2294, #696, #1631 ) ) ;
#5420 = CARTESIAN_POINT ( 'NONE',  ( 0.000000000000000000, -3.499999999999999556, -29.20000000000000284 ) ) ;
#5421 = EDGE_CURVE ( 'NONE', #2093, #1801, #1531, .T. ) ;
#5422 = CYLINDRICAL_SURFACE ( 'NONE', #2598, 0.8000000000000003775 ) ;
#5423 = FACE_OUTER_BOUND ( 'NONE', #4684, .T. ) ;
#5424 = CARTESIAN_POINT ( 'NONE',  ( 0.9999999999999995559, -7.299999999999999822, 66.00000000000000000 ) ) ;
#5425 = EDGE_LOOP ( 'NONE', ( #1426, #5070, #2795, #2155 ) ) ;
#5426 = ORIENTED_EDGE ( 'NONE', *, *, #4201, .F. ) ;
#5427 = CARTESIAN_POINT ( 'NONE',  ( 4.000000000000000000, -9.251384209635093114, 53.34168760482229033 ) ) ;
#5428 = ADVANCED_FACE ( 'NONE', ( #699 ), #3325, .F. ) ;
#5429 = FACE_OUTER_BOUND ( 'NONE', #1964, .T. ) ;
#5430 = DIRECTION ( 'NONE',  ( 0.000000000000000000, 0.000000000000000000, 1.000000000000000000 ) ) ;
#5431 = ORIENTED_EDGE ( 'NONE', *, *, #3945, .T. ) ;
#5432 = ORIENTED_EDGE ( 'NONE', *, *, #4831, .F. ) ;
#5433 = AXIS2_PLACEMENT_3D ( 'NONE', #639, #1038, #2808 ) ;
#5434 = CARTESIAN_POINT ( 'NONE',  ( 5.000000000000000000, -0.9999999999999941158, -37.00000000000000000 ) ) ;
#5435 = ORIENTED_EDGE ( 'NONE', *, *, #3832, .F. ) ;
#5436 = CARTESIAN_POINT ( 'NONE',  ( 7.002000000000005109, -10.76036283369648494, 42.90613933192072693 ) ) ;
#5437 = EDGE_LOOP ( 'NONE', ( #834, #2908, #156, #516, #2617, #1177, #2397, #2416 ) ) ;
#5438 = LINE ( 'NONE', #3397, #5410 ) ;
#5439 = VERTEX_POINT ( 'NONE', #4561 ) ;
#5440 = DIRECTION ( 'NONE',  ( 1.000000000000000000, 0.000000000000000000, -0.000000000000000000 ) ) ;
#5441 = DIRECTION ( 'NONE',  ( -4.499821325281053418E-17, 0.3390552584695133986, 0.9407664597040923393 ) ) ;
#5442 = AXIS2_PLACEMENT_3D ( 'NONE', #2014, #199, #5430 ) ;
#5443 = PLANE ( 'NONE',  #1322 ) ;
#5444 = CARTESIAN_POINT ( 'NONE',  ( 4.000000000000000000, -9.251384209635093114, 52.54168760482228606 ) ) ;
#5445 = ORIENTED_EDGE ( 'NONE', *, *, #4331, .F. ) ;
#5446 = EDGE_CURVE ( 'NONE', #238, #5246, #2404, .T. ) ;
#5447 = ORIENTED_EDGE ( 'NONE', *, *, #2383, .T. ) ;
#5448 = VECTOR ( 'NONE', #2007, 1000.000000000000000 ) ;
#5449 = EDGE_CURVE ( 'NONE', #4650, #3517, #2867, .T. ) ;
#5450 = CARTESIAN_POINT ( 'NONE',  ( 4.000000000000000000, -8.087544543006945474, 14.54168760482228606 ) ) ;
#5451 = CARTESIAN_POINT ( 'NONE',  ( 7.000000000000000000, 0.000000000000000000, -20.00000000000000000 ) ) ;
#5452 = DIRECTION ( 'NONE',  ( -1.355252715606883008E-16, 1.000000000000000000, 0.000000000000000000 ) ) ;
#5453 = ORIENTED_EDGE ( 'NONE', *, *, #3747, .F. ) ;
#5454 = EDGE_LOOP ( 'NONE', ( #1202, #4946, #1609, #1581 ) ) ;
#5455 = EDGE_CURVE ( 'NONE', #3139, #892, #264, .T. ) ;
#5456 = CARTESIAN_POINT ( 'NONE',  ( 7.002000000000005109, -10.76036283369648494, 35.09386066807927307 ) ) ;
#5457 = DIRECTION ( 'NONE',  ( 0.000000000000000000, -1.000000000000000000, -2.168404344971010594E-16 ) ) ;
#5458 = CARTESIAN_POINT ( 'NONE',  ( -64.14711903867025455, -17.32982544119417767, 21.65831239517770612 ) ) ;
#5459 = DIRECTION ( 'NONE',  ( -1.000000000000000000, 0.000000000000000000, 0.000000000000000000 ) ) ;
#5460 = ORIENTED_EDGE ( 'NONE', *, *, #611, .T. ) ;
#5461 = ORIENTED_EDGE ( 'NONE', *, *, #2809, .F. ) ;
#5462 = EDGE_CURVE ( 'NONE', #3718, #3641, #1208, .T. ) ;
#5463 = CARTESIAN_POINT ( 'NONE',  ( 4.000000000000000000, -12.21851846721101253, 39.00000000000000000 ) ) ;
#5464 = ORIENTED_EDGE ( 'NONE', *, *, #1606, .F. ) ;
#5465 = DIRECTION ( 'NONE',  ( -4.499821325281046023E-17, 0.3390552584695132321, 0.9407664597040923393 ) ) ;
#5466 = ORIENTED_EDGE ( 'NONE', *, *, #210, .T. ) ;
#5467 = CARTESIAN_POINT ( 'NONE',  ( 1.225000000000000311, -15.99999999999999645, -33.60000000000000142 ) ) ;
#5468 = ORIENTED_EDGE ( 'NONE', *, *, #4838, .T. ) ;
#5469 = CARTESIAN_POINT ( 'NONE',  ( 0.4999999999999981681, -6.499999999999999112, 4.799999999999998934 ) ) ;
#5470 = CARTESIAN_POINT ( 'NONE',  ( 1.225000000000000311, -10.99999999999999822, -31.59999999999999787 ) ) ;
#5471 = FACE_OUTER_BOUND ( 'NONE', #4884, .T. ) ;
#5472 = ORIENTED_EDGE ( 'NONE', *, *, #4261, .F. ) ;
#5473 = DIRECTION ( 'NONE',  ( -1.000000000000000000, -3.252606517456514535E-17, 2.535569890667616456E-16 ) ) ;
#5474 = CARTESIAN_POINT ( 'NONE',  ( 19.72792206135787296, 6.000000000000000000, 56.31534156157350424 ) ) ;
#5475 = AXIS2_PLACEMENT_3D ( 'NONE', #4782, #5161, #5521 ) ;
#5476 = DIRECTION ( 'NONE',  ( -1.176334233040896899E-17, 0.3390552584695133431, -0.9407664597040923393 ) ) ;
#5477 = VERTEX_POINT ( 'NONE', #5589 ) ;
#5478 = EDGE_LOOP ( 'NONE', ( #3087, #3991 ) ) ;
#5479 = LINE ( 'NONE', #758, #2516 ) ;
#5480 = LINE ( 'NONE', #2904, #4037 ) ;
#5481 = CYLINDRICAL_SURFACE ( 'NONE', #247, 1.249999999999999334 ) ;
#5482 = EDGE_CURVE ( 'NONE', #4429, #5354, #2147, .T. ) ;
#5483 = EDGE_CURVE ( 'NONE', #4269, #139, #3409, .T. ) ;
#5484 = CARTESIAN_POINT ( 'NONE',  ( 7.000000000000000000, -15.99999999999999645, -26.35000000000000142 ) ) ;
#5485 = VERTEX_POINT ( 'NONE', #390 ) ;
#5486 = AXIS2_PLACEMENT_3D ( 'NONE', #2353, #1816, #558 ) ;
#5487 = VERTEX_POINT ( 'NONE', #2092 ) ;
#5488 = DIRECTION ( 'NONE',  ( 5.606118275711208085E-17, -0.4524390022205836415, -0.8917953516752835652 ) ) ;
#5489 = AXIS2_PLACEMENT_3D ( 'NONE', #1376, #1673, #2558 ) ;
#5490 = ADVANCED_FACE ( 'NONE', ( #2954 ), #4624, .F. ) ;
#5491 = ORIENTED_EDGE ( 'NONE', *, *, #873, .T. ) ;
#5492 = CARTESIAN_POINT ( 'NONE',  ( 5.000000000000000000, 0.000000000000000000, 1.600000000000000089 ) ) ;
#5493 = ORIENTED_EDGE ( 'NONE', *, *, #1254, .F. ) ;
#5494 = DIRECTION ( 'NONE',  ( 0.000000000000000000, 0.000000000000000000, -1.000000000000000000 ) ) ;
#5495 = ORIENTED_EDGE ( 'NONE', *, *, #2737, .T. ) ;
#5496 = VECTOR ( 'NONE', #327, 1000.000000000000000 ) ;
#5497 = AXIS2_PLACEMENT_3D ( 'NONE', #526, #3160, #5363 ) ;
#5498 = DIRECTION ( 'NONE',  ( 3.252606517456513918E-17, -1.000000000000000000, 0.000000000000000000 ) ) ;
#5499 = CARTESIAN_POINT ( 'NONE',  ( 7.002000000000005109, -11.49999999999999467, 39.00000000000000000 ) ) ;
#5500 = CIRCLE ( 'NONE', #1593, 0.8000000000000003775 ) ;
#5501 = VECTOR ( 'NONE', #2280, 1000.000000000000000 ) ;
#5502 = CARTESIAN_POINT ( 'NONE',  ( 5.000000000000000000, 1.959434878635768681E-16, -21.60000000000000142 ) ) ;
#5503 = ORIENTED_EDGE ( 'NONE', *, *, #3249, .T. ) ;
#5504 = ORIENTED_EDGE ( 'NONE', *, *, #1491, .T. ) ;
#5505 = AXIS2_PLACEMENT_3D ( 'NONE', #5260, #2204, #831 ) ;
#5506 = CIRCLE ( 'NONE', #1417, 5.499999999999998224 ) ;
#5507 = DIRECTION ( 'NONE',  ( 1.000000000000000000, 1.239088197126290570E-16, -0.000000000000000000 ) ) ;
#5508 = CARTESIAN_POINT ( 'NONE',  ( 4.000000000000000000, -6.499999999999999112, 15.34168760482228500 ) ) ;
#5509 = CARTESIAN_POINT ( 'NONE',  ( 4.000000000000000000, -10.71297600145975615, 34.82261646130366017 ) ) ;
#5510 = ORIENTED_EDGE ( 'NONE', *, *, #1703, .T. ) ;
#5511 = ORIENTED_EDGE ( 'NONE', *, *, #285, .F. ) ;
#5512 = DIRECTION ( 'NONE',  ( 0.000000000000000000, 1.000000000000000000, 0.000000000000000000 ) ) ;
#5513 = LINE ( 'NONE', #4653, #2402 ) ;
#5514 = DIRECTION ( 'NONE',  ( -1.000000000000000000, 0.000000000000000000, 0.000000000000000000 ) ) ;
#5515 = DIRECTION ( 'NONE',  ( -0.000000000000000000, -0.000000000000000000, -1.000000000000000000 ) ) ;
#5516 = VERTEX_POINT ( 'NONE', #820 ) ;
#5517 = ORIENTED_EDGE ( 'NONE', *, *, #1662, .F. ) ;
#5518 = EDGE_CURVE ( 'NONE', #3175, #1141, #5536, .T. ) ;
#5519 = ADVANCED_FACE ( 'NONE', ( #1613 ), #726, .F. ) ;
#5520 = DIRECTION ( 'NONE',  ( 1.000000000000000000, 0.000000000000000000, 0.000000000000000000 ) ) ;
#5521 = DIRECTION ( 'NONE',  ( 0.000000000000000000, 0.000000000000000000, -1.000000000000000000 ) ) ;
#5522 = DIRECTION ( 'NONE',  ( -1.000000000000000000, -3.252606517456513918E-17, 2.535569890667616456E-16 ) ) ;
#5523 = ORIENTED_EDGE ( 'NONE', *, *, #1569, .F. ) ;
#5524 = DIRECTION ( 'NONE',  ( -1.000000000000000000, -3.252606517456513918E-17, 1.048466334442454337E-16 ) ) ;
#5525 = VERTEX_POINT ( 'NONE', #2555 ) ;
#5526 = ADVANCED_FACE ( 'NONE', ( #3442 ), #2032, .F. ) ;
#5527 = CARTESIAN_POINT ( 'NONE',  ( 1.225000000000000089, -0.9999999999999950040, -34.20000000000000284 ) ) ;
#5528 = FACE_OUTER_BOUND ( 'NONE', #1366, .T. ) ;
#5529 = CARTESIAN_POINT ( 'NONE',  ( 0.4999999999999995559, -17.00000000000000000, -13.25000000000000178 ) ) ;
#5530 = VERTEX_POINT ( 'NONE', #304 ) ;
#5531 = ADVANCED_FACE ( 'NONE', ( #4251 ), #3770, .T. ) ;
#5532 = AXIS2_PLACEMENT_3D ( 'NONE', #2078, #1286, #2185 ) ;
#5533 = CARTESIAN_POINT ( 'NONE',  ( -64.14711903867025455, -19.00000000000000711, 59.65831239517768836 ) ) ;
#5534 = PLANE ( 'NONE',  #1231 ) ;
#5535 = CIRCLE ( 'NONE', #1173, 0.8000000000000003775 ) ;
#5536 = LINE ( 'NONE', #2117, #4521 ) ;
#5537 = VERTEX_POINT ( 'NONE', #1641 ) ;
#5538 = VERTEX_POINT ( 'NONE', #5143 ) ;
#5539 = DIRECTION ( 'NONE',  ( -1.000000000000000000, -1.239088197126290324E-16, -1.088984143364317812E-32 ) ) ;
#5540 = CARTESIAN_POINT ( 'NONE',  ( 4.000000000000000000, -13.84625753883614863, 34.48356120283415294 ) ) ;
#5541 = CARTESIAN_POINT ( 'NONE',  ( 1.000000000000000000, -8.087544543006945474, 14.54168760482228606 ) ) ;
#5542 = CYLINDRICAL_SURFACE ( 'NONE', #181, 3.999999999999998224 ) ;
#5543 = EDGE_LOOP ( 'NONE', ( #2902, #3452, #2328, #1960 ) ) ;
#5544 = ORIENTED_EDGE ( 'NONE', *, *, #3532, .F. ) ;
#5545 = DIRECTION ( 'NONE',  ( -1.355252715606879803E-16, 1.000000000000000000, 0.000000000000000000 ) ) ;
#5546 = DIRECTION ( 'NONE',  ( 0.000000000000000000, -1.000000000000000000, 0.000000000000000000 ) ) ;
#5547 = CARTESIAN_POINT ( 'NONE',  ( 0.9999999999999995559, -9.536057466139306271, 24.65831239517770612 ) ) ;
#5548 = CARTESIAN_POINT ( 'NONE',  ( 1.225000000000000311, -15.99999999999999645, -31.59999999999999787 ) ) ;
#5549 = EDGE_CURVE ( 'NONE', #4777, #2935, #3018, .T. ) ;
#5550 = ORIENTED_EDGE ( 'NONE', *, *, #2002, .F. ) ;
#5551 = FACE_OUTER_BOUND ( 'NONE', #4798, .T. ) ;
#5552 = ORIENTED_EDGE ( 'NONE', *, *, #2958, .T. ) ;
#5553 = DIRECTION ( 'NONE',  ( -1.102813343475842874E-17, 0.3390552584695135652, -0.9407664597040922283 ) ) ;
#5554 = PLANE ( 'NONE',  #1230 ) ;
#5555 = EDGE_CURVE ( 'NONE', #3799, #2616, #3355, .T. ) ;
#5556 = DIRECTION ( 'NONE',  ( -1.000000000000000000, -3.252606517456513918E-17, 0.000000000000000000 ) ) ;
#5557 = EDGE_CURVE ( 'NONE', #4269, #3953, #365, .T. ) ;
#5558 = ORIENTED_EDGE ( 'NONE', *, *, #5026, .F. ) ;
#5559 = ORIENTED_EDGE ( 'NONE', *, *, #3229, .F. ) ;
#5560 = CARTESIAN_POINT ( 'NONE',  ( 0.4999999999999990563, -13.00000000000000178, -19.20000000000000639 ) ) ;
#5561 = DIRECTION ( 'NONE',  ( -1.355252715606879803E-16, 1.000000000000000000, 0.000000000000000000 ) ) ;
#5562 = EDGE_CURVE ( 'NONE', #1903, #544, #2990, .T. ) ;
#5563 = CARTESIAN_POINT ( 'NONE',  ( 4.000000000000000000, -9.536057466139306271, 24.65831239517770612 ) ) ;
#5564 = EDGE_LOOP ( 'NONE', ( #4563, #1432, #2241, #940, #3163, #4665, #1060 ) ) ;
#5565 = DIRECTION ( 'NONE',  ( -1.000000000000000000, -1.239088197126290570E-16, 0.000000000000000000 ) ) ;
#5566 = DIRECTION ( 'NONE',  ( 0.000000000000000000, -1.000000000000000000, 0.000000000000000000 ) ) ;
#5567 = CARTESIAN_POINT ( 'NONE',  ( 4.000000000000000000, -12.40635562892712329, 43.78768300394145996 ) ) ;
#5568 = CARTESIAN_POINT ( 'NONE',  ( 7.002000000000005109, -10.58823163272324841, 61.17174867651791459 ) ) ;
#5569 = ORIENTED_EDGE ( 'NONE', *, *, #2460, .F. ) ;
#5570 = ORIENTED_EDGE ( 'NONE', *, *, #448, .T. ) ;
#5571 = CARTESIAN_POINT ( 'NONE',  ( 2.999999999999999112, -12.15000000000000391, 71.00000000000000000 ) ) ;
#5572 = DIRECTION ( 'NONE',  ( -0.000000000000000000, 1.000000000000000000, 3.690901012716611636E-16 ) ) ;
#5573 = DIRECTION ( 'NONE',  ( 0.000000000000000000, -1.001871665058434021E-17, 1.000000000000000000 ) ) ;
#5574 = ORIENTED_EDGE ( 'NONE', *, *, #2537, .F. ) ;
#5575 = ORIENTED_EDGE ( 'NONE', *, *, #2002, .T. ) ;
#5576 = VECTOR ( 'NONE', #3034, 1000.000000000000114 ) ;
#5577 = CARTESIAN_POINT ( 'NONE',  ( 0.5000000000000004441, -6.499999999999992895, 18.34168760482228322 ) ) ;
#5578 = CARTESIAN_POINT ( 'NONE',  ( 7.002000000000005109, -7.163260966291185916, 18.34168760482228322 ) ) ;
#5579 = CYLINDRICAL_SURFACE ( 'NONE', #2233, 0.7999999999999986011 ) ;
#5580 = EDGE_LOOP ( 'NONE', ( #3162, #2909, #2980, #1656 ) ) ;
#5581 = AXIS2_PLACEMENT_3D ( 'NONE', #4169, #2409, #5062 ) ;
#5582 = VERTEX_POINT ( 'NONE', #2927 ) ;
#5583 = ADVANCED_FACE ( 'NONE', ( #845 ), #2489, .F. ) ;
#5584 = CARTESIAN_POINT ( 'NONE',  ( 7.002000000000005109, -15.07469763858625811, 35.74488389006606326 ) ) ;
#5585 = EDGE_CURVE ( 'NONE', #441, #4792, #2342, .T. ) ;
#5586 = VECTOR ( 'NONE', #1822, 1000.000000000000000 ) ;
#5587 = VECTOR ( 'NONE', #2115, 1000.000000000000000 ) ;
#5588 = CARTESIAN_POINT ( 'NONE',  ( 4.000000000000000000, -13.84625753883615040, 43.51643879716585417 ) ) ;
#5589 = CARTESIAN_POINT ( 'NONE',  ( 0.5000000000000006661, -8.170174558805832987, 56.34168760482229033 ) ) ;
#5590 = VECTOR ( 'NONE', #855, 1000.000000000000114 ) ;
#5591 = AXIS2_PLACEMENT_3D ( 'NONE', #333, #3405, #2553 ) ;
#5592 = ORIENTED_EDGE ( 'NONE', *, *, #3642, .T. ) ;
#5593 = VECTOR ( 'NONE', #1330, 1000.000000000000000 ) ;
#5594 = AXIS2_PLACEMENT_3D ( 'NONE', #3995, #1006, #4445 ) ;
#5595 = LINE ( 'NONE', #848, #4962 ) ;
#5596 = EDGE_CURVE ( 'NONE', #1346, #5158, #2900, .T. ) ;
#5597 = FACE_OUTER_BOUND ( 'NONE', #4281, .T. ) ;
#5598 = CARTESIAN_POINT ( 'NONE',  ( 2.725000000000000533, -0.9999999999999941158, -37.00000000000000000 ) ) ;
#5599 = VECTOR ( 'NONE', #1917, 1000.000000000000000 ) ;
#5600 = FACE_OUTER_BOUND ( 'NONE', #2483, .T. ) ;
#5601 = ORIENTED_EDGE ( 'NONE', *, *, #4193, .F. ) ;
#5602 = ORIENTED_EDGE ( 'NONE', *, *, #3079, .T. ) ;
#5603 = EDGE_CURVE ( 'NONE', #4617, #436, #4520, .T. ) ;
#5604 = CARTESIAN_POINT ( 'NONE',  ( 3.500000000000000000, -16.00000000000000711, 59.24999999999999289 ) ) ;
#5605 = CARTESIAN_POINT ( 'NONE',  ( 2.725000000000000533, -0.9999999999999941158, 75.00199999999998113 ) ) ;
#5606 = CARTESIAN_POINT ( 'NONE',  ( 0.4999999999999968914, -4.500000000000000000, -4.800000000000000711 ) ) ;
#5607 = DIRECTION ( 'NONE',  ( 1.000000000000000000, 1.239088197126290570E-16, 0.000000000000000000 ) ) ;
#5608 = EDGE_LOOP ( 'NONE', ( #1001, #3196, #2694, #1711 ) ) ;
#5609 = ORIENTED_EDGE ( 'NONE', *, *, #4823, .F. ) ;
#5610 = CARTESIAN_POINT ( 'NONE',  ( 4.224999999999999645, -15.99999999999999645, -31.09999999999999432 ) ) ;
#5611 = CARTESIAN_POINT ( 'NONE',  ( -4.501000000000007439, 3.999999999999998224, 64.15000000000000568 ) ) ;
#5612 = ORIENTED_EDGE ( 'NONE', *, *, #3229, .T. ) ;
#5613 = CARTESIAN_POINT ( 'NONE',  ( 5.000000000000000000, 3.999999999999998224, 62.50000000000000000 ) ) ;
#5614 = FACE_BOUND ( 'NONE', #5023, .T. ) ;
#5615 = EDGE_CURVE ( 'NONE', #4149, #3386, #3075, .T. ) ;
#5616 = DIRECTION ( 'NONE',  ( 1.000000000000000000, 1.239088197126290570E-16, 0.000000000000000000 ) ) ;
#5617 = EDGE_CURVE ( 'NONE', #2666, #1066, #2335, .T. ) ;
#5618 = ORIENTED_EDGE ( 'NONE', *, *, #3513, .F. ) ;
#5619 = VECTOR ( 'NONE', #2913, 1000.000000000000000 ) ;
#5620 = DIRECTION ( 'NONE',  ( -1.000000000000000000, -0.000000000000000000, -0.000000000000000000 ) ) ;
#5621 = DIRECTION ( 'NONE',  ( -1.000000000000000000, -3.469446951953611107E-17, 0.000000000000000000 ) ) ;
ENDSEC;
END-ISO-10303-21;
