ISO-10303-21;
HEADER;
FILE_DESCRIPTION (( 'STEP AP203' ),
    '1' );
FILE_NAME ('ÓÒ²à°å-ÉÏ°ë.STEP',
    '2026-03-23T04:55:41',
    ( '' ),
    ( '' ),
    'SwSTEP 2.0',
    'SolidWorks 2023',
    '' );
FILE_SCHEMA (( 'CONFIG_CONTROL_DESIGN' ));
ENDSEC;

DATA;
#1 = DIRECTION ( 'NONE',  ( 0.000000000000000000, 0.000000000000000000, -1.000000000000000000 ) ) ;
#2 = ORIENTED_EDGE ( 'NONE', *, *, #1697, .F. ) ;
#3 = EDGE_CURVE ( 'NONE', #287, #345, #497, .T. ) ;
#4 = CARTESIAN_POINT ( 'NONE',  ( -5.000000000000007994, 23.99999999999999645, -9.337000000000001521 ) ) ;
#5 = CARTESIAN_POINT ( 'NONE',  ( 4.500000000000000888, 11.74999999999999645, 21.55000000000000426 ) ) ;
#6 = VERTEX_POINT ( 'NONE', #1565 ) ;
#7 = ADVANCED_FACE ( 'NONE', ( #1883 ), #517, .F. ) ;
#8 = LINE ( 'NONE', #14, #356 ) ;
#9 = CARTESIAN_POINT ( 'NONE',  ( 4.000000000000000000, 18.99999999999999645, 52.86184355012336056 ) ) ;
#10 = EDGE_LOOP ( 'NONE', ( #1495, #1002, #1310, #1650 ) ) ;
#11 = EDGE_CURVE ( 'NONE', #399, #879, #324, .T. ) ;
#12 = CARTESIAN_POINT ( 'NONE',  ( 4.500000000000000888, 6.499999999999996447, 47.50000000000000000 ) ) ;
#13 = VECTOR ( 'NONE', #1890, 1000.000000000000000 ) ;
#14 = CARTESIAN_POINT ( 'NONE',  ( -5.000000000000007994, 22.00000000000000000, -11.20000000000000107 ) ) ;
#15 = FACE_OUTER_BOUND ( 'NONE', #1405, .T. ) ;
#16 = ORIENTED_EDGE ( 'NONE', *, *, #1278, .F. ) ;
#17 = ORIENTED_EDGE ( 'NONE', *, *, #475, .T. ) ;
#18 = DIRECTION ( 'NONE',  ( 4.818676322157791458E-16, 1.000000000000000000, 0.000000000000000000 ) ) ;
#19 = ADVANCED_FACE ( 'NONE', ( #1102 ), #1548, .T. ) ;
#20 = DIRECTION ( 'NONE',  ( -1.000000000000000000, 0.000000000000000000, 0.000000000000000000 ) ) ;
#21 = ORIENTED_EDGE ( 'NONE', *, *, #1276, .F. ) ;
#22 = LINE ( 'NONE', #771, #498 ) ;
#23 = CARTESIAN_POINT ( 'NONE',  ( -3.275000000000009681, 16.99999999999999645, -29.19999999999999929 ) ) ;
#24 = ORIENTED_EDGE ( 'NONE', *, *, #47, .T. ) ;
#25 = VECTOR ( 'NONE', #1969, 1000.000000000000000 ) ;
#26 = VECTOR ( 'NONE', #1048, 1000.000000000000000 ) ;
#27 = AXIS2_PLACEMENT_3D ( 'NONE', #164, #929, #1415 ) ;
#28 = CARTESIAN_POINT ( 'NONE',  ( 3.000000000000000000, 6.499999999999996447, 14.00000000000000178 ) ) ;
#29 = DIRECTION ( 'NONE',  ( 0.000000000000000000, 0.000000000000000000, -1.000000000000000000 ) ) ;
#30 = EDGE_LOOP ( 'NONE', ( #104, #1074, #1868, #1038 ) ) ;
#31 = ORIENTED_EDGE ( 'NONE', *, *, #1802, .T. ) ;
#32 = CIRCLE ( 'NONE', #533, 3.750000000000000000 ) ;
#33 = VERTEX_POINT ( 'NONE', #1090 ) ;
#34 = VERTEX_POINT ( 'NONE', #1709 ) ;
#35 = VERTEX_POINT ( 'NONE', #201 ) ;
#36 = CARTESIAN_POINT ( 'NONE',  ( -0.5000000000000086597, 27.19999999999999574, -21.33700000000000330 ) ) ;
#37 = DIRECTION ( 'NONE',  ( 0.000000000000000000, 0.000000000000000000, 1.000000000000000000 ) ) ;
#38 = DIRECTION ( 'NONE',  ( -1.000000000000000000, -0.000000000000000000, -0.000000000000000000 ) ) ;
#39 = DIRECTION ( 'NONE',  ( 1.000000000000000000, 1.491796133096480073E-32, -7.127450803469937502E-17 ) ) ;
#40 = PERSON_AND_ORGANIZATION_ROLE ( 'classification_officer' ) ;
#41 = CARTESIAN_POINT ( 'NONE',  ( 5.000000000000000888, 2.654351659482292014, 70.39040537556122956 ) ) ;
#42 = ORIENTED_EDGE ( 'NONE', *, *, #1899, .F. ) ;
#43 = CARTESIAN_POINT ( 'NONE',  ( -0.5000000000000083267, 27.19999999999999574, -17.98699999999999832 ) ) ;
#44 = CARTESIAN_POINT ( 'NONE',  ( 3.000000000000000000, 16.99999999999999645, 44.50000000000000711 ) ) ;
#45 = DIRECTION ( 'NONE',  ( 1.000000000000000000, 0.000000000000000000, -0.000000000000000000 ) ) ;
#46 = EDGE_CURVE ( 'NONE', #299, #1053, #945, .T. ) ;
#47 = EDGE_CURVE ( 'NONE', #1518, #1832, #1545, .T. ) ;
#48 = VERTEX_POINT ( 'NONE', #1772 ) ;
#49 = CARTESIAN_POINT ( 'NONE',  ( 3.000000000000000000, 5.607142857142860315, 58.29677601872862880 ) ) ;
#50 = EDGE_CURVE ( 'NONE', #294, #567, #1025, .T. ) ;
#51 = CARTESIAN_POINT ( 'NONE',  ( 7.000000000000000000, 3.999999999999998224, 64.15000000000000568 ) ) ;
#52 = VECTOR ( 'NONE', #1357, 1000.000000000000000 ) ;
#53 = AXIS2_PLACEMENT_3D ( 'NONE', #1100, #1255, #523 ) ;
#54 = EDGE_CURVE ( 'NONE', #663, #477, #1319, .T. ) ;
#55 = DIRECTION ( 'NONE',  ( 0.000000000000000000, 0.000000000000000000, 1.000000000000000000 ) ) ;
#56 = CARTESIAN_POINT ( 'NONE',  ( -3.275000000000008793, 27.19999999999999574, -21.33700000000000330 ) ) ;
#57 = EDGE_LOOP ( 'NONE', ( #401, #1698, #455, #388, #448 ) ) ;
#58 = EDGE_CURVE ( 'NONE', #1181, #307, #551, .T. ) ;
#59 = CARTESIAN_POINT ( 'NONE',  ( 5.000000000000000888, 6.563277878031138712, 66.19859520899437655 ) ) ;
#60 = VECTOR ( 'NONE', #454, 1000.000000000000000 ) ;
#61 = LINE ( 'NONE', #518, #226 ) ;
#62 = VECTOR ( 'NONE', #1867, 1000.000000000000000 ) ;
#63 = FACE_BOUND ( 'NONE', #1607, .T. ) ;
#64 = DIRECTION ( 'NONE',  ( -1.479382121760880130E-16, 0.000000000000000000, -1.000000000000000000 ) ) ;
#65 = ORIENTED_EDGE ( 'NONE', *, *, #273, .T. ) ;
#66 = LINE ( 'NONE', #43, #1827 ) ;
#67 = AXIS2_PLACEMENT_3D ( 'NONE', #1279, #93, #1469 ) ;
#68 = CARTESIAN_POINT ( 'NONE',  ( -3.275000000000007905, 22.00000000000000000, -11.20000000000000107 ) ) ;
#69 = EDGE_CURVE ( 'NONE', #1305, #1938, #224, .T. ) ;
#70 = DIRECTION ( 'NONE',  ( 0.000000000000000000, -1.000000000000000000, 0.000000000000000000 ) ) ;
#71 = DIRECTION ( 'NONE',  ( 1.000000000000000000, 0.000000000000000000, 0.000000000000000000 ) ) ;
#72 = VECTOR ( 'NONE', #1116, 1000.000000000000000 ) ;
#73 = ORIENTED_EDGE ( 'NONE', *, *, #1704, .T. ) ;
#74 = EDGE_CURVE ( 'NONE', #425, #1176, #281, .T. ) ;
#75 = CARTESIAN_POINT ( 'NONE',  ( 0.000000000000000000, 16.99999999999999645, 0.000000000000000000 ) ) ;
#76 = ORIENTED_EDGE ( 'NONE', *, *, #117, .T. ) ;
#77 = CARTESIAN_POINT ( 'NONE',  ( -3.275000000000006128, 22.00000000000000000, 10.80000000000000071 ) ) ;
#78 = DIRECTION ( 'NONE',  ( 1.000000000000000000, -0.000000000000000000, -0.000000000000000000 ) ) ;
#79 = ORIENTED_EDGE ( 'NONE', *, *, #196, .T. ) ;
#80 = VERTEX_POINT ( 'NONE', #398 ) ;
#81 = LINE ( 'NONE', #68, #666 ) ;
#82 = VECTOR ( 'NONE', #20, 1000.000000000000000 ) ;
#83 = ORIENTED_EDGE ( 'NONE', *, *, #411, .T. ) ;
#84 = ADVANCED_FACE ( 'NONE', ( #434, #835 ), #268, .T. ) ;
#85 = LINE ( 'NONE', #1201, #873 ) ;
#86 = DIRECTION ( 'NONE',  ( 0.000000000000000000, 0.000000000000000000, 1.000000000000000000 ) ) ;
#87 = VECTOR ( 'NONE', #207, 1000.000000000000000 ) ;
#88 = CIRCLE ( 'NONE', #1210, 5.499999999999994671 ) ;
#89 = AXIS2_PLACEMENT_3D ( 'NONE', #148, #1953, #452 ) ;
#90 = LINE ( 'NONE', #863, #1460 ) ;
#91 = AXIS2_PLACEMENT_3D ( 'NONE', #778, #1267, #1710 ) ;
#92 = CARTESIAN_POINT ( 'NONE',  ( 7.001000000000006551, 15.49999999999999645, 17.80000000000000071 ) ) ;
#93 = DIRECTION ( 'NONE',  ( -1.000000000000000000, -0.000000000000000000, -0.000000000000000000 ) ) ;
#94 = CIRCLE ( 'NONE', #1700, 2.000000000000000000 ) ;
#95 = ORIENTED_EDGE ( 'NONE', *, *, #632, .T. ) ;
#96 = CARTESIAN_POINT ( 'NONE',  ( -4.500000000000003553, 33.96948592293308877, 31.67705809147638973 ) ) ;
#97 = DIRECTION ( 'NONE',  ( 0.000000000000000000, 0.000000000000000000, -1.000000000000000000 ) ) ;
#98 = ORIENTED_EDGE ( 'NONE', *, *, #1674, .F. ) ;
#99 = EDGE_CURVE ( 'NONE', #198, #399, #424, .T. ) ;
#100 = CARTESIAN_POINT ( 'NONE',  ( 2.999999999999998668, 4.000000000000000888, 14.00000000000000711 ) ) ;
#101 = VERTEX_POINT ( 'NONE', #150 ) ;
#102 = DIRECTION ( 'NONE',  ( -1.000000000000000000, -0.000000000000000000, -0.000000000000000000 ) ) ;
#103 = ADVANCED_FACE ( 'NONE', ( #738 ), #1362, .F. ) ;
#104 = ORIENTED_EDGE ( 'NONE', *, *, #818, .T. ) ;
#105 = DIRECTION ( 'NONE',  ( 1.084202172485504434E-16, 0.000000000000000000, 1.000000000000000000 ) ) ;
#106 = CIRCLE ( 'NONE', #614, 3.750000000000000000 ) ;
#107 = ORIENTED_EDGE ( 'NONE', *, *, #1802, .F. ) ;
#108 = DIRECTION ( 'NONE',  ( 9.306456416184587030E-17, 0.000000000000000000, 1.000000000000000000 ) ) ;
#109 = VECTOR ( 'NONE', #288, 1000.000000000000000 ) ;
#110 = DIRECTION ( 'NONE',  ( 0.000000000000000000, 1.000000000000000000, -1.577021341797097560E-16 ) ) ;
#111 = CARTESIAN_POINT ( 'NONE',  ( 3.999999999999994671, -2.965882636488805790, 7.800000000000001599 ) ) ;
#112 = ORIENTED_EDGE ( 'NONE', *, *, #411, .F. ) ;
#113 = ORIENTED_EDGE ( 'NONE', *, *, #680, .F. ) ;
#114 = ADVANCED_FACE ( 'NONE', ( #634 ), #798, .F. ) ;
#115 = PLANE ( 'NONE',  #190 ) ;
#116 = CARTESIAN_POINT ( 'NONE',  ( 7.000000000000000000, -2.999999999999998668, -28.50000000000000355 ) ) ;
#117 = EDGE_CURVE ( 'NONE', #1265, #1475, #609, .T. ) ;
#118 = VERTEX_POINT ( 'NONE', #664 ) ;
#119 = CARTESIAN_POINT ( 'NONE',  ( -3.275000000000009681, 18.99999999999999645, -29.19999999999999929 ) ) ;
#120 = VERTEX_POINT ( 'NONE', #56 ) ;
#121 = DIRECTION ( 'NONE',  ( 9.306456416184587030E-17, 0.000000000000000000, 1.000000000000000000 ) ) ;
#122 = LINE ( 'NONE', #714, #1414 ) ;
#123 = CARTESIAN_POINT ( 'NONE',  ( 7.000000000000000000, 3.999999999999998224, 60.85000000000000142 ) ) ;
#124 = AXIS2_PLACEMENT_3D ( 'NONE', #251, #865, #1846 ) ;
#125 = ORIENTED_EDGE ( 'NONE', *, *, #1533, .F. ) ;
#126 = CARTESIAN_POINT ( 'NONE',  ( -0.5000000000000086597, 20.99999999999999645, -21.33700000000000330 ) ) ;
#127 = EDGE_LOOP ( 'NONE', ( #1421, #1239 ) ) ;
#128 = PERSON_AND_ORGANIZATION_ROLE ( 'design_owner' ) ;
#129 = EDGE_CURVE ( 'NONE', #417, #1731, #654, .T. ) ;
#130 = CARTESIAN_POINT ( 'NONE',  ( -0.5000000000000082157, 27.19999999999999574, -16.33699999999999974 ) ) ;
#131 = ORIENTED_EDGE ( 'NONE', *, *, #436, .F. ) ;
#132 = DIRECTION ( 'NONE',  ( 0.000000000000000000, -0.6819983600625021403, 0.7313537016191671292 ) ) ;
#133 = EDGE_CURVE ( 'NONE', #1378, #48, #812, .T. ) ;
#134 = DIRECTION ( 'NONE',  ( 9.306456416184588263E-17, 0.000000000000000000, 1.000000000000000000 ) ) ;
#135 = ORIENTED_EDGE ( 'NONE', *, *, #499, .T. ) ;
#136 = CARTESIAN_POINT ( 'NONE',  ( -4.501000000000007439, 3.999999999999998224, 64.15000000000000568 ) ) ;
#137 = EDGE_LOOP ( 'NONE', ( #1450, #1191, #1436, #822 ) ) ;
#138 = LINE ( 'NONE', #1367, #13 ) ;
#139 = DIRECTION ( 'NONE',  ( 0.000000000000000000, 0.000000000000000000, 1.000000000000000000 ) ) ;
#140 = ORIENTED_EDGE ( 'NONE', *, *, #1533, .T. ) ;
#141 = CARTESIAN_POINT ( 'NONE',  ( -1.999999999999992228, 19.00000000000001066, 51.39556436448370391 ) ) ;
#142 = VERTEX_POINT ( 'NONE', #502 ) ;
#143 = LINE ( 'NONE', #1684, #1971 ) ;
#144 = EDGE_CURVE ( 'NONE', #1922, #316, #1120, .T. ) ;
#145 = CARTESIAN_POINT ( 'NONE',  ( 3.000000000000000000, 4.499999999999997335, 14.00000000000000178 ) ) ;
#146 = EDGE_CURVE ( 'NONE', #1016, #1123, #1952, .T. ) ;
#147 = VECTOR ( 'NONE', #1333, 1000.000000000000227 ) ;
#148 = CARTESIAN_POINT ( 'NONE',  ( -1.999999999999992228, 19.00000000000001066, 56.48505869448136707 ) ) ;
#149 = CIRCLE ( 'NONE', #779, 1.600000000000000089 ) ;
#150 = CARTESIAN_POINT ( 'NONE',  ( 5.000000000000004441, 0.000000000000000000, 1.600000000000000089 ) ) ;
#151 = CARTESIAN_POINT ( 'NONE',  ( -3.275000000000008793, 27.19999999999999574, -21.33700000000000330 ) ) ;
#152 = ORIENTED_EDGE ( 'NONE', *, *, #1098, .T. ) ;
#153 = CARTESIAN_POINT ( 'NONE',  ( 7.000000000000000000, 3.999999999999998224, 62.50000000000000000 ) ) ;
#154 = CARTESIAN_POINT ( 'NONE',  ( -0.5000000000000077716, 27.19999999999999574, -11.33700000000000152 ) ) ;
#155 = EDGE_CURVE ( 'NONE', #335, #1671, #1727, .T. ) ;
#156 = DIRECTION ( 'NONE',  ( 0.000000000000000000, 0.000000000000000000, 1.000000000000000000 ) ) ;
#157 = ORIENTED_EDGE ( 'NONE', *, *, #1899, .T. ) ;
#158 = LINE ( 'NONE', #916, #312 ) ;
#159 = CARTESIAN_POINT ( 'NONE',  ( 0.07276463389118986713, 3.100000000000000977, -28.50000000000000355 ) ) ;
#160 = EDGE_CURVE ( 'NONE', #307, #548, #220, .T. ) ;
#161 = EDGE_CURVE ( 'NONE', #358, #1832, #66, .T. ) ;
#162 = CARTESIAN_POINT ( 'NONE',  ( 7.000000000000000000, 6.499999999999996447, 4.000000000000000000 ) ) ;
#163 = FACE_OUTER_BOUND ( 'NONE', #1926, .T. ) ;
#164 = CARTESIAN_POINT ( 'NONE',  ( 4.500000000000000888, 11.74999999999999645, -14.20000000000000284 ) ) ;
#165 = ORIENTED_EDGE ( 'NONE', *, *, #169, .T. ) ;
#166 = CALENDAR_DATE ( 2026, 23, 3 ) ;
#167 = CARTESIAN_POINT ( 'NONE',  ( 2.999999999999999112, 3.999999999999998224, 62.50000000000000000 ) ) ;
#168 = CARTESIAN_POINT ( 'NONE',  ( 6.999999999999999112, 6.563277878031141377, 66.19859520899437655 ) ) ;
#169 = EDGE_CURVE ( 'NONE', #1181, #1184, #1259, .T. ) ;
#170 = CARTESIAN_POINT ( 'NONE',  ( -0.5000000000000086597, 18.99999999999999645, -21.33700000000000330 ) ) ;
#171 = EDGE_CURVE ( 'NONE', #744, #663, #106, .T. ) ;
#172 = ORIENTED_EDGE ( 'NONE', *, *, #564, .F. ) ;
#173 = EDGE_CURVE ( 'NONE', #80, #577, #85, .T. ) ;
#174 = ORIENTED_EDGE ( 'NONE', *, *, #658, .T. ) ;
#175 = DIRECTION ( 'NONE',  ( -1.000000000000000000, -0.000000000000000000, 0.000000000000000000 ) ) ;
#176 = CARTESIAN_POINT ( 'NONE',  ( 0.000000000000000000, 6.500000000000000000, -29.19999999999999929 ) ) ;
#177 = CLOSED_SHELL ( 'NONE', ( #602, #450, #883, #507, #622, #1345, #928, #661, #932, #19, #383, #644, #191, #114, #1105, #1636, #1598, #699, #472, #776, #1695, #1525, #1898, #7, #1869, #333, #1956, #1536, #1579, #1875, #960, #325, #1189, #1755, #1426, #862, #103, #647, #354, #1873, #949, #1285, #1814, #1041, #1862, #584, #1399, #1909, #84, #1810, #640, #1147, #1584, #752, #350, #674, #1707 ) ) ;
#178 = ORIENTED_EDGE ( 'NONE', *, *, #485, .T. ) ;
#179 = CARTESIAN_POINT ( 'NONE',  ( 5.000000000000000000, 3.999999999999998224, 62.50000000000000000 ) ) ;
#180 = EDGE_CURVE ( 'NONE', #1382, #810, #688, .T. ) ;
#181 = DIRECTION ( 'NONE',  ( 0.000000000000000000, 0.000000000000000000, 1.000000000000000000 ) ) ;
#182 = CARTESIAN_POINT ( 'NONE',  ( 7.000000000000000000, 11.74999999999999645, 17.80000000000000426 ) ) ;
#183 = EDGE_CURVE ( 'NONE', #34, #417, #1316, .T. ) ;
#184 = VERTEX_POINT ( 'NONE', #1939 ) ;
#185 = ORIENTED_EDGE ( 'NONE', *, *, #1390, .T. ) ;
#186 = CARTESIAN_POINT ( 'NONE',  ( 1.999999999999999112, 6.499999999999996447, 4.000000000000000888 ) ) ;
#187 = CIRCLE ( 'NONE', #1651, 2.499999999999999556 ) ;
#188 = CYLINDRICAL_SURFACE ( 'NONE', #53, 1.600000000000000089 ) ;
#189 = ORIENTED_EDGE ( 'NONE', *, *, #155, .F. ) ;
#190 = AXIS2_PLACEMENT_3D ( 'NONE', #1017, #1040, #1007 ) ;
#191 = ADVANCED_FACE ( 'NONE', ( #1928 ), #572, .F. ) ;
#192 = CC_DESIGN_PERSON_AND_ORGANIZATION_ASSIGNMENT ( #898, #394, ( #697 ) ) ;
#193 = DIRECTION ( 'NONE',  ( -0.000000000000000000, 1.000000000000000000, 1.577021341797097560E-16 ) ) ;
#194 = ORIENTED_EDGE ( 'NONE', *, *, #1131, .T. ) ;
#195 = ORIENTED_EDGE ( 'NONE', *, *, #74, .F. ) ;
#196 = EDGE_CURVE ( 'NONE', #1091, #1742, #1630, .T. ) ;
#197 = CARTESIAN_POINT ( 'NONE',  ( 7.000000000000000000, 0.000000000000000000, -18.39999999999999858 ) ) ;
#198 = VERTEX_POINT ( 'NONE', #1035 ) ;
#199 = CARTESIAN_POINT ( 'NONE',  ( 0.000000000000000000, 5.785144316419498445, -29.19999999999999929 ) ) ;
#200 = VECTOR ( 'NONE', #1856, 1000.000000000000000 ) ;
#201 = CARTESIAN_POINT ( 'NONE',  ( -5.000000000000007994, 22.00000000000000000, -11.20000000000000107 ) ) ;
#202 = VECTOR ( 'NONE', #857, 1000.000000000000000 ) ;
#203 = COORDINATED_UNIVERSAL_TIME_OFFSET ( 8, 0, .AHEAD. ) ;
#204 = CARTESIAN_POINT ( 'NONE',  ( 7.000000000000000000, 1.959434878635768681E-16, -21.60000000000000142 ) ) ;
#205 = ORIENTED_EDGE ( 'NONE', *, *, #1784, .T. ) ;
#206 = DIRECTION ( 'NONE',  ( 1.000000000000000000, 0.000000000000000000, 0.000000000000000000 ) ) ;
#207 = DIRECTION ( 'NONE',  ( -0.000000000000000000, -0.000000000000000000, -1.000000000000000000 ) ) ;
#208 = VECTOR ( 'NONE', #1736, 1000.000000000000000 ) ;
#209 = DIRECTION ( 'NONE',  ( 1.000000000000000000, 0.000000000000000000, 0.000000000000000000 ) ) ;
#210 = VECTOR ( 'NONE', #1729, 1000.000000000000000 ) ;
#211 = CARTESIAN_POINT ( 'NONE',  ( 7.000000000000000000, 1.959434878635765230E-16, -1.600000000000000089 ) ) ;
#212 = VERTEX_POINT ( 'NONE', #605 ) ;
#213 = CARTESIAN_POINT ( 'NONE',  ( 5.000000000000000000, 0.000000000000000000, 0.000000000000000000 ) ) ;
#214 = EDGE_CURVE ( 'NONE', #613, #751, #1065, .T. ) ;
#215 = EDGE_CURVE ( 'NONE', #1117, #35, #1502, .T. ) ;
#216 = DIRECTION ( 'NONE',  ( -1.000000000000000000, 4.336808689942021187E-16, -0.000000000000000000 ) ) ;
#217 = EDGE_CURVE ( 'NONE', #577, #335, #1519, .T. ) ;
#218 = CARTESIAN_POINT ( 'NONE',  ( -3.275000000000007905, 27.19999999999999574, -11.33700000000000152 ) ) ;
#219 = VECTOR ( 'NONE', #1049, 1000.000000000000000 ) ;
#220 = LINE ( 'NONE', #983, #481 ) ;
#221 = FACE_OUTER_BOUND ( 'NONE', #734, .T. ) ;
#222 = LINE ( 'NONE', #1416, #743 ) ;
#223 = EDGE_CURVE ( 'NONE', #120, #405, #1217, .T. ) ;
#224 = LINE ( 'NONE', #715, #1793 ) ;
#225 = ORIENTED_EDGE ( 'NONE', *, *, #214, .F. ) ;
#226 = VECTOR ( 'NONE', #1913, 1000.000000000000000 ) ;
#227 = DIRECTION ( 'NONE',  ( 0.000000000000000000, 1.000000000000000000, -1.084202172485504311E-16 ) ) ;
#228 = CC_DESIGN_APPROVAL ( #1252, ( #697 ) ) ;
#229 = EDGE_LOOP ( 'NONE', ( #185, #1072 ) ) ;
#230 = EDGE_CURVE ( 'NONE', #1832, #1518, #995, .T. ) ;
#231 = LINE ( 'NONE', #843, #1558 ) ;
#232 = EDGE_CURVE ( 'NONE', #1382, #613, #1634, .T. ) ;
#233 = AXIS2_PLACEMENT_3D ( 'NONE', #1452, #831, #504 ) ;
#234 = ORIENTED_EDGE ( 'NONE', *, *, #818, .F. ) ;
#235 = CARTESIAN_POINT ( 'NONE',  ( -4.501000000000007439, 18.99999999999999645, 52.86184355012335345 ) ) ;
#236 = EDGE_LOOP ( 'NONE', ( #1197, #799, #1034, #16 ) ) ;
#237 = CARTESIAN_POINT ( 'NONE',  ( 7.000000000000000000, 15.49999999999999645, 17.80000000000000071 ) ) ;
#238 = DIRECTION ( 'NONE',  ( 1.000000000000000000, 0.000000000000000000, 0.000000000000000000 ) ) ;
#239 = DIRECTION ( 'NONE',  ( 0.000000000000000000, 0.4151624548736455034, 0.9097472924187729459 ) ) ;
#240 = ORIENTED_EDGE ( 'NONE', *, *, #99, .T. ) ;
#241 = LINE ( 'NONE', #1486, #315 ) ;
#242 = VERTEX_POINT ( 'NONE', #1942 ) ;
#243 = DIRECTION ( 'NONE',  ( 0.000000000000000000, 1.084202172485504311E-16, 1.000000000000000000 ) ) ;
#244 = ORIENTED_EDGE ( 'NONE', *, *, #1101, .T. ) ;
#245 = EDGE_CURVE ( 'NONE', #212, #1305, #787, .T. ) ;
#246 = DIRECTION ( 'NONE',  ( -1.000000000000000000, 0.000000000000000000, 9.757819552369541139E-17 ) ) ;
#247 = AXIS2_PLACEMENT_3D ( 'NONE', #1311, #1935, #555 ) ;
#248 = LINE ( 'NONE', #1322, #1531 ) ;
#249 = ORIENTED_EDGE ( 'NONE', *, *, #796, .F. ) ;
#250 = DESIGN_CONTEXT ( 'detailed design', #1003, 'design' ) ;
#251 = CARTESIAN_POINT ( 'NONE',  ( -0.5000000000000082157, 27.19999999999999574, -16.33699999999999974 ) ) ;
#252 = EDGE_LOOP ( 'NONE', ( #1326, #910, #95, #1774 ) ) ;
#253 = PERSON_AND_ORGANIZATION ( #408, #1308 ) ;
#254 = APPROVAL_PERSON_ORGANIZATION ( #868, #1458, #1356 ) ;
#255 = EDGE_LOOP ( 'NONE', ( #740, #1853, #781, #1594 ) ) ;
#256 = DIRECTION ( 'NONE',  ( 4.336808689942021187E-16, 1.000000000000000000, 0.000000000000000000 ) ) ;
#257 = APPROVAL_PERSON_ORGANIZATION ( #1406, #871, #490 ) ;
#258 = LINE ( 'NONE', #162, #685 ) ;
#259 = ORIENTED_EDGE ( 'NONE', *, *, #839, .T. ) ;
#260 = EDGE_LOOP ( 'NONE', ( #2, #1624, #157, #976 ) ) ;
#261 = DIRECTION ( 'NONE',  ( -1.000000000000000000, -0.000000000000000000, 0.000000000000000000 ) ) ;
#262 = ORIENTED_EDGE ( 'NONE', *, *, #965, .F. ) ;
#263 = APPROVAL_DATE_TIME ( #1627, #1252 ) ;
#264 = AXIS2_PLACEMENT_3D ( 'NONE', #1014, #1489, #1132 ) ;
#265 = CARTESIAN_POINT ( 'NONE',  ( 7.000000000000000000, 7.868390842953763453, 64.79903290236383384 ) ) ;
#266 = LINE ( 'NONE', #1510, #1588 ) ;
#267 = DIRECTION ( 'NONE',  ( 0.000000000000000000, -1.577021341797097560E-16, -1.000000000000000000 ) ) ;
#268 = PLANE ( 'NONE',  #264 ) ;
#269 = ORIENTED_EDGE ( 'NONE', *, *, #999, .T. ) ;
#270 = EDGE_LOOP ( 'NONE', ( #1769, #919, #623, #189, #1902 ) ) ;
#271 = EDGE_CURVE ( 'NONE', #35, #879, #8, .T. ) ;
#272 = DIRECTION ( 'NONE',  ( 0.000000000000000000, 1.734723475976805714E-15, 1.000000000000000000 ) ) ;
#273 = EDGE_CURVE ( 'NONE', #1963, #1454, #1838, .T. ) ;
#274 = DIRECTION ( 'NONE',  ( -1.000000000000000000, 0.000000000000000000, 0.000000000000000000 ) ) ;
#275 = ORIENTED_EDGE ( 'NONE', *, *, #691, .F. ) ;
#276 = EDGE_CURVE ( 'NONE', #1764, #1568, #1353, .T. ) ;
#277 = CARTESIAN_POINT ( 'NONE',  ( 7.000000000000000000, 0.000000000000000000, -20.00000000000000000 ) ) ;
#278 = ORIENTED_EDGE ( 'NONE', *, *, #1101, .F. ) ;
#279 = FACE_OUTER_BOUND ( 'NONE', #728, .T. ) ;
#280 = CARTESIAN_POINT ( 'NONE',  ( 4.500000000000000888, 7.999999999999992895, -14.20000000000000284 ) ) ;
#281 = LINE ( 'NONE', #1347, #147 ) ;
#282 = AXIS2_PLACEMENT_3D ( 'NONE', #153, #753, #963 ) ;
#283 = CARTESIAN_POINT ( 'NONE',  ( -5.000000000000007994, 25.99999999999999645, -9.337000000000001521 ) ) ;
#284 = VECTOR ( 'NONE', #904, 1000.000000000000000 ) ;
#285 = CIRCLE ( 'NONE', #27, 3.750000000000001776 ) ;
#286 = DIRECTION ( 'NONE',  ( 9.306456416184587030E-17, -0.000000000000000000, 1.000000000000000000 ) ) ;
#287 = VERTEX_POINT ( 'NONE', #1505 ) ;
#288 = DIRECTION ( 'NONE',  ( -1.000000000000000000, -0.000000000000000000, -0.000000000000000000 ) ) ;
#289 = CARTESIAN_POINT ( 'NONE',  ( 5.000000000000000888, 3.999999999999998224, 62.50000000000000000 ) ) ;
#290 = EDGE_CURVE ( 'NONE', #1475, #1117, #138, .T. ) ;
#291 = ORIENTED_EDGE ( 'NONE', *, *, #899, .F. ) ;
#292 = PERSON_AND_ORGANIZATION_ROLE ( 'creator' ) ;
#293 = DIRECTION ( 'NONE',  ( -1.000000000000000000, 0.000000000000000000, 9.757819552369541139E-17 ) ) ;
#294 = VERTEX_POINT ( 'NONE', #1587 ) ;
#295 = PLANE ( 'NONE',  #1655 ) ;
#296 = AXIS2_PLACEMENT_3D ( 'NONE', #1893, #539, #1286 ) ;
#297 = CARTESIAN_POINT ( 'NONE',  ( 7.000000000000000000, 11.74999999999999645, 17.80000000000000426 ) ) ;
#298 = ORIENTED_EDGE ( 'NONE', *, *, #1863, .F. ) ;
#299 = VERTEX_POINT ( 'NONE', #197 ) ;
#300 = EDGE_CURVE ( 'NONE', #1922, #952, #1604, .T. ) ;
#301 = DIRECTION ( 'NONE',  ( 0.000000000000000000, 0.000000000000000000, 1.000000000000000000 ) ) ;
#302 = ORIENTED_EDGE ( 'NONE', *, *, #475, .F. ) ;
#303 = CARTESIAN_POINT ( 'NONE',  ( 0.9999999999999943379, 17.00000000000000355, 10.80000000000000071 ) ) ;
#304 = DIRECTION ( 'NONE',  ( 0.000000000000000000, 0.000000000000000000, 1.000000000000000000 ) ) ;
#305 = VECTOR ( 'NONE', #627, 1000.000000000000000 ) ;
#306 = CYLINDRICAL_SURFACE ( 'NONE', #1077, 3.750000000000000000 ) ;
#307 = VERTEX_POINT ( 'NONE', #813 ) ;
#308 = LINE ( 'NONE', #1675, #723 ) ;
#309 = CARTESIAN_POINT ( 'NONE',  ( 7.000000000000000000, 6.500000000000000000, -29.19999999999999929 ) ) ;
#310 = EDGE_CURVE ( 'NONE', #1141, #1859, #956, .T. ) ;
#311 = EDGE_CURVE ( 'NONE', #294, #1638, #800, .T. ) ;
#312 = VECTOR ( 'NONE', #1021, 1000.000000000000000 ) ;
#313 = CARTESIAN_POINT ( 'NONE',  ( 2.999999999999998668, 4.000000000000000888, 14.00000000000000711 ) ) ;
#314 = VECTOR ( 'NONE', #1622, 1000.000000000000000 ) ;
#315 = VECTOR ( 'NONE', #742, 1000.000000000000000 ) ;
#316 = VERTEX_POINT ( 'NONE', #1434 ) ;
#317 = VECTOR ( 'NONE', #869, 1000.000000000000000 ) ;
#318 = APPROVAL_STATUS ( 'not_yet_approved' ) ;
#319 = CARTESIAN_POINT ( 'NONE',  ( 5.000000000000004441, 0.000000000000000000, -20.00000000000000000 ) ) ;
#320 = FACE_OUTER_BOUND ( 'NONE', #755, .T. ) ;
#321 = VECTOR ( 'NONE', #193, 1000.000000000000000 ) ;
#322 = CARTESIAN_POINT ( 'NONE',  ( 7.000000000000000000, -2.999999999999997335, -34.20000000000000284 ) ) ;
#323 = ORIENTED_EDGE ( 'NONE', *, *, #1962, .F. ) ;
#324 = LINE ( 'NONE', #784, #706 ) ;
#325 = ADVANCED_FACE ( 'NONE', ( #221 ), #1743, .T. ) ;
#326 = LINE ( 'NONE', #940, #1282 ) ;
#327 = VECTOR ( 'NONE', #134, 1000.000000000000000 ) ;
#328 = DIRECTION ( 'NONE',  ( 1.000000000000000000, 0.000000000000000000, -0.000000000000000000 ) ) ;
#329 = CYLINDRICAL_SURFACE ( 'NONE', #1156, 1.650000000000000355 ) ;
#330 = ORIENTED_EDGE ( 'NONE', *, *, #632, .F. ) ;
#331 = EDGE_CURVE ( 'NONE', #872, #1211, #994, .T. ) ;
#332 = VERTEX_POINT ( 'NONE', #1261 ) ;
#333 = ADVANCED_FACE ( 'NONE', ( #1858 ), #1577, .F. ) ;
#334 = FACE_OUTER_BOUND ( 'NONE', #827, .T. ) ;
#335 = VERTEX_POINT ( 'NONE', #967 ) ;
#336 = DIRECTION ( 'NONE',  ( -1.000000000000000000, 0.000000000000000000, 9.757819552369541139E-17 ) ) ;
#337 = ORIENTED_EDGE ( 'NONE', *, *, #1289, .T. ) ;
#338 = FACE_OUTER_BOUND ( 'NONE', #1576, .T. ) ;
#339 = AXIS2_PLACEMENT_3D ( 'NONE', #565, #1678, #1783 ) ;
#340 = DIRECTION ( 'NONE',  ( 0.000000000000000000, 0.000000000000000000, 1.000000000000000000 ) ) ;
#341 = CARTESIAN_POINT ( 'NONE',  ( 7.000000000000000000, 0.000000000000000000, 0.000000000000000000 ) ) ;
#342 = VECTOR ( 'NONE', #415, 1000.000000000000000 ) ;
#343 = EDGE_CURVE ( 'NONE', #1623, #1657, #1297, .T. ) ;
#344 = DIRECTION ( 'NONE',  ( -1.000000000000000000, 0.000000000000000000, 0.000000000000000000 ) ) ;
#345 = VERTEX_POINT ( 'NONE', #1596 ) ;
#346 = CARTESIAN_POINT ( 'NONE',  ( 0.000000000000000000, 18.99999999999999645, 0.000000000000000000 ) ) ;
#347 = LINE ( 'NONE', #702, #1173 ) ;
#348 = CARTESIAN_POINT ( 'NONE',  ( 2.999999999999999112, 6.500000000000000000, 55.96165158468899392 ) ) ;
#349 = ORIENTED_EDGE ( 'NONE', *, *, #1461, .T. ) ;
#350 = ADVANCED_FACE ( 'NONE', ( #1430, #671, #1737, #63 ), #1126, .T. ) ;
#351 = FACE_OUTER_BOUND ( 'NONE', #10, .T. ) ;
#352 = EDGE_CURVE ( 'NONE', #1097, #1429, #655, .T. ) ;
#353 = ORIENTED_EDGE ( 'NONE', *, *, #232, .T. ) ;
#354 = ADVANCED_FACE ( 'NONE', ( #1271 ), #972, .F. ) ;
#355 = FACE_BOUND ( 'NONE', #1554, .T. ) ;
#356 = VECTOR ( 'NONE', #1668, 1000.000000000000000 ) ;
#357 = LINE ( 'NONE', #1741, #1540 ) ;
#358 = VERTEX_POINT ( 'NONE', #1121 ) ;
#359 = CARTESIAN_POINT ( 'NONE',  ( 0.000000000000000000, 6.500000000000000000, -29.19999999999999929 ) ) ;
#360 = ORIENTED_EDGE ( 'NONE', *, *, #1551, .T. ) ;
#361 = EDGE_CURVE ( 'NONE', #477, #1086, #1592, .T. ) ;
#362 = CARTESIAN_POINT ( 'NONE',  ( 5.000000000000004441, -2.999999999999999112, -28.50000000000001066 ) ) ;
#363 = ORIENTED_EDGE ( 'NONE', *, *, #554, .T. ) ;
#364 = CARTESIAN_POINT ( 'NONE',  ( 7.000000000000000000, 3.100000000000000977, -28.50000000000000355 ) ) ;
#365 = FACE_OUTER_BOUND ( 'NONE', #489, .T. ) ;
#366 = AXIS2_PLACEMENT_3D ( 'NONE', #1854, #487, #1099 ) ;
#367 = CIRCLE ( 'NONE', #1339, 4.500000000000003553 ) ;
#368 = ORIENTED_EDGE ( 'NONE', *, *, #1457, .F. ) ;
#369 = ORIENTED_EDGE ( 'NONE', *, *, #1441, .F. ) ;
#370 = DIRECTION ( 'NONE',  ( 0.000000000000000000, 0.000000000000000000, 1.000000000000000000 ) ) ;
#371 = DIRECTION ( 'NONE',  ( 0.000000000000000000, -0.000000000000000000, -1.000000000000000000 ) ) ;
#372 = CARTESIAN_POINT ( 'NONE',  ( 7.001000000000001222, -3.000000000000002665, 57.99999999999999289 ) ) ;
#373 = ORIENTED_EDGE ( 'NONE', *, *, #1921, .T. ) ;
#374 = CARTESIAN_POINT ( 'NONE',  ( 0.9999999999999978906, 19.00000000000001066, 10.80000000000000071 ) ) ;
#375 = ORIENTED_EDGE ( 'NONE', *, *, #1490, .F. ) ;
#376 = DIRECTION ( 'NONE',  ( 9.306456416184587030E-17, 0.000000000000000000, 1.000000000000000000 ) ) ;
#377 = CARTESIAN_POINT ( 'NONE',  ( 7.000000000000000000, 0.000000000000000000, -20.00000000000000000 ) ) ;
#378 = EDGE_CURVE ( 'NONE', #1433, #33, #1483, .T. ) ;
#379 = FACE_OUTER_BOUND ( 'NONE', #1906, .T. ) ;
#380 = VERTEX_POINT ( 'NONE', #265 ) ;
#381 = EDGE_LOOP ( 'NONE', ( #894, #244, #1841, #1119 ) ) ;
#382 = FACE_OUTER_BOUND ( 'NONE', #988, .T. ) ;
#383 = ADVANCED_FACE ( 'NONE', ( #571 ), #1950, .T. ) ;
#384 = VECTOR ( 'NONE', #878, 1000.000000000000000 ) ;
#385 = VERTEX_POINT ( 'NONE', #1924 ) ;
#386 = CARTESIAN_POINT ( 'NONE',  ( 7.000000000000000000, 6.500000000000000000, -29.19999999999999929 ) ) ;
#387 = EDGE_CURVE ( 'NONE', #316, #101, #149, .T. ) ;
#388 = ORIENTED_EDGE ( 'NONE', *, *, #1735, .T. ) ;
#389 = CARTESIAN_POINT ( 'NONE',  ( 1.999999999999999112, 4.499999999999997335, 14.00000000000000178 ) ) ;
#390 = CARTESIAN_POINT ( 'NONE',  ( 7.000000000000000000, 5.785144316419498445, -29.19999999999999929 ) ) ;
#391 = CYLINDRICAL_SURFACE ( 'NONE', #1272, 2.000000000000000000 ) ;
#392 = CARTESIAN_POINT ( 'NONE',  ( 7.000000000000000000, 4.000000000000000000, 4.000000000000000000 ) ) ;
#393 = EDGE_LOOP ( 'NONE', ( #653, #330, #1748, #1516, #1084, #1507 ) ) ;
#394 = PERSON_AND_ORGANIZATION_ROLE ( 'design_supplier' ) ;
#395 = EDGE_LOOP ( 'NONE', ( #1096, #1553, #375, #847, #1336, #1200 ) ) ;
#396 = FACE_OUTER_BOUND ( 'NONE', #941, .T. ) ;
#397 = CIRCLE ( 'NONE', #1381, 1.600000000000000755 ) ;
#398 = CARTESIAN_POINT ( 'NONE',  ( 7.000000000000000000, 7.999999999999996447, 17.80000000000000071 ) ) ;
#399 = VERTEX_POINT ( 'NONE', #1088 ) ;
#400 = DIRECTION ( 'NONE',  ( 0.000000000000000000, 1.000000000000000000, 0.000000000000000000 ) ) ;
#401 = ORIENTED_EDGE ( 'NONE', *, *, #772, .T. ) ;
#402 = DIRECTION ( 'NONE',  ( 1.000000000000000000, 0.000000000000000000, -0.000000000000000000 ) ) ;
#403 = EDGE_LOOP ( 'NONE', ( #1699, #1851 ) ) ;
#404 = COORDINATED_UNIVERSAL_TIME_OFFSET ( 8, 0, .AHEAD. ) ;
#405 = VERTEX_POINT ( 'NONE', #1209 ) ;
#406 = DIRECTION ( 'NONE',  ( 1.000000000000000000, 0.000000000000000000, 0.000000000000000000 ) ) ;
#407 = CARTESIAN_POINT ( 'NONE',  ( 4.500000000000000888, 6.500000000000000000, -29.19999999999999929 ) ) ;
#408 = PERSON ( 'æœª', 'æœª', 'æœª', ('æœª'), ('æœª'), ('æœª') ) ;
#409 = CARTESIAN_POINT ( 'NONE',  ( 0.9999999999999913403, 20.99999999999999289, 7.800000000000001599 ) ) ;
#410 = LOCAL_TIME ( 12, 55, 41.00000000000000000, #1532 ) ;
#411 = EDGE_CURVE ( 'NONE', #1389, #1963, #1628, .T. ) ;
#412 = ORIENTED_EDGE ( 'NONE', *, *, #870, .F. ) ;
#413 = ORIENTED_EDGE ( 'NONE', *, *, #1674, .T. ) ;
#414 = EDGE_CURVE ( 'NONE', #804, #1859, #1508, .T. ) ;
#415 = DIRECTION ( 'NONE',  ( 8.384496800554598652E-15, -1.000000000000000000, -0.000000000000000000 ) ) ;
#416 = VECTOR ( 'NONE', #668, 1000.000000000000000 ) ;
#417 = VERTEX_POINT ( 'NONE', #141 ) ;
#418 = DATE_AND_TIME ( #440, #445 ) ;
#419 = LINE ( 'NONE', #1645, #384 ) ;
#420 = LINE ( 'NONE', #1223, #1462 ) ;
#421 = VECTOR ( 'NONE', #1968, 1000.000000000000000 ) ;
#422 = LINE ( 'NONE', #1360, #317 ) ;
#423 = DIRECTION ( 'NONE',  ( 1.000000000000000000, -0.000000000000000000, -0.000000000000000000 ) ) ;
#424 = LINE ( 'NONE', #1513, #327 ) ;
#425 = VERTEX_POINT ( 'NONE', #430 ) ;
#426 = EDGE_CURVE ( 'NONE', #1742, #981, #419, .T. ) ;
#427 = ORIENTED_EDGE ( 'NONE', *, *, #598, .F. ) ;
#428 = CARTESIAN_POINT ( 'NONE',  ( 5.000000000000004441, 0.000000000000000000, -20.00000000000000000 ) ) ;
#429 = EDGE_LOOP ( 'NONE', ( #1509, #629, #1288, #1504, #278, #837, #1396, #205, #1020, #902 ) ) ;
#430 = CARTESIAN_POINT ( 'NONE',  ( 7.000000000000000000, -2.909747292418791265, 58.19777115052578154 ) ) ;
#431 = DIRECTION ( 'NONE',  ( 0.000000000000000000, 0.000000000000000000, 1.000000000000000000 ) ) ;
#432 = AXIS2_PLACEMENT_3D ( 'NONE', #1580, #826, #515 ) ;
#433 = LINE ( 'NONE', #1479, #1412 ) ;
#434 = FACE_OUTER_BOUND ( 'NONE', #1349, .T. ) ;
#435 = AXIS2_PLACEMENT_3D ( 'NONE', #1193, #286, #596 ) ;
#436 = EDGE_CURVE ( 'NONE', #1764, #299, #1916, .T. ) ;
#437 = CARTESIAN_POINT ( 'NONE',  ( 3.999999999999999112, 24.00000000000000000, 47.50000000000000000 ) ) ;
#438 = CARTESIAN_POINT ( 'NONE',  ( 3.000000000000007994, 24.00000000000000000, 47.50000000000000000 ) ) ;
#439 = ORIENTED_EDGE ( 'NONE', *, *, #537, .T. ) ;
#440 = CALENDAR_DATE ( 2026, 23, 3 ) ;
#441 = FACE_OUTER_BOUND ( 'NONE', #137, .T. ) ;
#442 = DIRECTION ( 'NONE',  ( 0.000000000000000000, 0.000000000000000000, 1.000000000000000000 ) ) ;
#443 = CARTESIAN_POINT ( 'NONE',  ( 0.9999999999999913403, 20.99999999999999289, 50.71710613007402202 ) ) ;
#444 = DIRECTION ( 'NONE',  ( 0.000000000000000000, 0.000000000000000000, -1.000000000000000000 ) ) ;
#445 = LOCAL_TIME ( 12, 55, 41.00000000000000000, #1815 ) ;
#446 = CARTESIAN_POINT ( 'NONE',  ( -3.275000000000008349, 27.19999999999999574, -16.33699999999999974 ) ) ;
#447 = DIRECTION ( 'NONE',  ( 0.000000000000000000, -8.910170581153602658E-15, 1.000000000000000000 ) ) ;
#448 = ORIENTED_EDGE ( 'NONE', *, *, #271, .T. ) ;
#449 = ORIENTED_EDGE ( 'NONE', *, *, #378, .T. ) ;
#450 = ADVANCED_FACE ( 'NONE', ( #441 ), #329, .F. ) ;
#451 = AXIS2_PLACEMENT_3D ( 'NONE', #1835, #444, #762 ) ;
#452 = DIRECTION ( 'NONE',  ( -8.384496800554598652E-15, 1.000000000000000000, 0.000000000000000000 ) ) ;
#453 = EDGE_CURVE ( 'NONE', #6, #184, #1052, .T. ) ;
#454 = DIRECTION ( 'NONE',  ( 0.000000000000000000, -1.000000000000000000, 0.000000000000000000 ) ) ;
#455 = ORIENTED_EDGE ( 'NONE', *, *, #859, .T. ) ;
#456 = ORIENTED_EDGE ( 'NONE', *, *, #953, .T. ) ;
#457 = DIRECTION ( 'NONE',  ( 0.000000000000000000, 0.000000000000000000, 1.000000000000000000 ) ) ;
#458 = EDGE_LOOP ( 'NONE', ( #1292, #553, #769, #24 ) ) ;
#459 = ORIENTED_EDGE ( 'NONE', *, *, #1028, .F. ) ;
#460 = CARTESIAN_POINT ( 'NONE',  ( 7.001000000000001222, -2.909747292418790821, 58.19777115052578154 ) ) ;
#461 = DATE_AND_TIME ( #1063, #410 ) ;
#462 = CARTESIAN_POINT ( 'NONE',  ( 7.000000000000000000, 0.000000000000000000, 0.000000000000000000 ) ) ;
#463 = VECTOR ( 'NONE', #1196, 1000.000000000000000 ) ;
#464 = AXIS2_PLACEMENT_3D ( 'NONE', #1157, #1386, #1527 ) ;
#465 = CARTESIAN_POINT ( 'NONE',  ( -3.275000000000009681, 18.99999999999999645, -29.19999999999999929 ) ) ;
#466 = CARTESIAN_POINT ( 'NONE',  ( -0.5000000000000075495, 25.99999999999999645, -11.33700000000000152 ) ) ;
#467 = AXIS2_PLACEMENT_3D ( 'NONE', #1860, #993, #805 ) ;
#468 = CIRCLE ( 'NONE', #1335, 5.499999999999998224 ) ;
#469 = ORIENTED_EDGE ( 'NONE', *, *, #772, .F. ) ;
#470 = VECTOR ( 'NONE', #1067, 1000.000000000000000 ) ;
#471 = DIRECTION ( 'NONE',  ( 1.000000000000000000, 0.000000000000000000, -0.000000000000000000 ) ) ;
#472 = ADVANCED_FACE ( 'NONE', ( #581 ), #1199, .F. ) ;
#473 = ORIENTED_EDGE ( 'NONE', *, *, #486, .T. ) ;
#474 = CARTESIAN_POINT ( 'NONE',  ( 7.000000000000000000, 2.654351659482292458, 70.39040537556122956 ) ) ;
#475 = EDGE_CURVE ( 'NONE', #1454, #1265, #1328, .T. ) ;
#476 = DIRECTION ( 'NONE',  ( -1.000000000000000000, 0.000000000000000000, 0.000000000000000000 ) ) ;
#477 = VERTEX_POINT ( 'NONE', #1175 ) ;
#478 = ORIENTED_EDGE ( 'NONE', *, *, #99, .F. ) ;
#479 = LINE ( 'NONE', #1242, #200 ) ;
#480 = ORIENTED_EDGE ( 'NONE', *, *, #1024, .T. ) ;
#481 = VECTOR ( 'NONE', #376, 1000.000000000000000 ) ;
#482 = VECTOR ( 'NONE', #64, 1000.000000000000000 ) ;
#483 = AXIS2_PLACEMENT_3D ( 'NONE', #1847, #712, #1371 ) ;
#484 = ORIENTED_EDGE ( 'NONE', *, *, #1494, .T. ) ;
#485 = EDGE_CURVE ( 'NONE', #952, #101, #943, .T. ) ;
#486 = EDGE_CURVE ( 'NONE', #101, #316, #876, .T. ) ;
#487 = DIRECTION ( 'NONE',  ( -1.000000000000000000, -0.000000000000000000, 0.000000000000000000 ) ) ;
#488 = DIRECTION ( 'NONE',  ( 0.000000000000000000, 0.000000000000000000, 1.000000000000000000 ) ) ;
#489 = EDGE_LOOP ( 'NONE', ( #125, #1338, #535, #31, #1194, #1113, #302, #427 ) ) ;
#490 = APPROVAL_ROLE ( '' ) ;
#491 = DIRECTION ( 'NONE',  ( -9.757819552369541139E-17, 0.000000000000000000, -1.000000000000000000 ) ) ;
#492 = ORIENTED_EDGE ( 'NONE', *, *, #1970, .T. ) ;
#493 = CYLINDRICAL_SURFACE ( 'NONE', #561, 1.650000000000000355 ) ;
#494 = EDGE_LOOP ( 'NONE', ( #775, #675, #1000, #42 ) ) ;
#495 = PLANE ( 'NONE',  #1659 ) ;
#496 = CARTESIAN_POINT ( 'NONE',  ( 0.000000000000000000, 6.499999999999996447, 4.000000000000000000 ) ) ;
#497 = LINE ( 'NONE', #1256, #416 ) ;
#498 = VECTOR ( 'NONE', #1682, 1000.000000000000000 ) ;
#499 = EDGE_CURVE ( 'NONE', #1433, #1389, #1439, .T. ) ;
#500 = CARTESIAN_POINT ( 'NONE',  ( 5.000000000000000000, -2.000000000000019096, 57.78260869565213653 ) ) ;
#501 = VERTEX_POINT ( 'NONE', #51 ) ;
#502 = CARTESIAN_POINT ( 'NONE',  ( 7.000000000000000000, 11.74999999999999645, 21.55000000000000426 ) ) ;
#503 = ORIENTED_EDGE ( 'NONE', *, *, #245, .T. ) ;
#504 = DIRECTION ( 'NONE',  ( 1.000000000000000000, 0.000000000000000000, -0.000000000000000000 ) ) ;
#505 = CARTESIAN_POINT ( 'NONE',  ( 7.000000000000000000, 7.999999999999992895, -14.20000000000000284 ) ) ;
#506 = ORIENTED_EDGE ( 'NONE', *, *, #1359, .F. ) ;
#507 = ADVANCED_FACE ( 'NONE', ( #1713 ), #188, .F. ) ;
#508 = CYLINDRICAL_SURFACE ( 'NONE', #296, 5.499999999999998224 ) ;
#509 = EDGE_CURVE ( 'NONE', #1681, #1185, #1190, .T. ) ;
#510 = DIRECTION ( 'NONE',  ( -1.000000000000000000, 0.000000000000000000, 9.757819552369541139E-17 ) ) ;
#511 = EDGE_CURVE ( 'NONE', #567, #287, #222, .T. ) ;
#512 = CARTESIAN_POINT ( 'NONE',  ( 0.9999999999999913403, 20.99999999999999289, 75.00100000000000477 ) ) ;
#513 = ORIENTED_EDGE ( 'NONE', *, *, #180, .F. ) ;
#514 = AXIS2_PLACEMENT_3D ( 'NONE', #713, #1330, #1178 ) ;
#515 = DIRECTION ( 'NONE',  ( 9.757819552369541139E-17, 0.000000000000000000, 1.000000000000000000 ) ) ;
#516 = VECTOR ( 'NONE', #1543, 1000.000000000000000 ) ;
#517 = CYLINDRICAL_SURFACE ( 'NONE', #1060, 1.600000000000000089 ) ;
#518 = CARTESIAN_POINT ( 'NONE',  ( 1.999999999999999112, 6.499999999999996447, 14.00000000000000178 ) ) ;
#519 = EDGE_LOOP ( 'NONE', ( #1313, #855, #1641, #1419, #1172, #1778, #1329, #412 ) ) ;
#520 = EDGE_CURVE ( 'NONE', #1581, #380, #651, .T. ) ;
#521 = CARTESIAN_POINT ( 'NONE',  ( -0.5000000000000088818, 20.99999999999999645, -23.33700000000000330 ) ) ;
#522 = DIRECTION ( 'NONE',  ( 0.000000000000000000, 0.000000000000000000, 1.000000000000000000 ) ) ;
#523 = DIRECTION ( 'NONE',  ( 0.000000000000000000, 0.000000000000000000, 1.000000000000000000 ) ) ;
#524 = EDGE_CURVE ( 'NONE', #1284, #920, #1861, .T. ) ;
#525 = AXIS2_PLACEMENT_3D ( 'NONE', #96, #1804, #759 ) ;
#526 = FACE_OUTER_BOUND ( 'NONE', #1425, .T. ) ;
#527 = VECTOR ( 'NONE', #1377, 1000.000000000000000 ) ;
#528 = ORIENTED_EDGE ( 'NONE', *, *, #598, .T. ) ;
#529 = DIRECTION ( 'NONE',  ( -1.000000000000000000, -0.000000000000000000, -0.000000000000000000 ) ) ;
#530 = AXIS2_PLACEMENT_3D ( 'NONE', #1045, #267, #110 ) ;
#531 = LINE ( 'NONE', #817, #793 ) ;
#532 = DIRECTION ( 'NONE',  ( -0.000000000000000000, -0.000000000000000000, -1.000000000000000000 ) ) ;
#533 = AXIS2_PLACEMENT_3D ( 'NONE', #182, #471, #946 ) ;
#534 = DIRECTION ( 'NONE',  ( -1.000000000000000000, 0.000000000000000000, 0.000000000000000000 ) ) ;
#535 = ORIENTED_EDGE ( 'NONE', *, *, #331, .F. ) ;
#536 = CARTESIAN_POINT ( 'NONE',  ( 0.9999999999999978906, 19.00000000000001066, 56.48505869448136707 ) ) ;
#537 = EDGE_CURVE ( 'NONE', #1756, #1581, #1881, .T. ) ;
#538 = VECTOR ( 'NONE', #1716, 1000.000000000000114 ) ;
#539 = DIRECTION ( 'NONE',  ( 1.000000000000000000, -0.000000000000000000, -0.000000000000000000 ) ) ;
#540 = CC_DESIGN_APPROVAL ( #1458, ( #1138 ) ) ;
#541 = ORIENTED_EDGE ( 'NONE', *, *, #1128, .T. ) ;
#542 = CARTESIAN_POINT ( 'NONE',  ( -3.275000000000008793, 20.99999999999999645, -23.33700000000000330 ) ) ;
#543 = CARTESIAN_POINT ( 'NONE',  ( 0.9999999999999913403, 8.887630237518447274, 63.70603246760818195 ) ) ;
#544 = CYLINDRICAL_SURFACE ( 'NONE', #464, 4.500000000000000888 ) ;
#545 = DIRECTION ( 'NONE',  ( 0.000000000000000000, 2.680936281055067948E-15, 1.000000000000000000 ) ) ;
#546 = ORIENTED_EDGE ( 'NONE', *, *, #1218, .F. ) ;
#547 = DATE_AND_TIME ( #1033, #987 ) ;
#548 = VERTEX_POINT ( 'NONE', #1564 ) ;
#549 = CARTESIAN_POINT ( 'NONE',  ( 4.500000000000000888, 11.74999999999999645, 17.80000000000000426 ) ) ;
#550 = CARTESIAN_POINT ( 'NONE',  ( 1.999999999999999112, 4.000000000000000000, 14.00000000000000533 ) ) ;
#551 = LINE ( 'NONE', #111, #777 ) ;
#552 = DIRECTION ( 'NONE',  ( 0.000000000000000000, 0.000000000000000000, -1.000000000000000000 ) ) ;
#553 = ORIENTED_EDGE ( 'NONE', *, *, #1390, .F. ) ;
#554 = EDGE_CURVE ( 'NONE', #1387, #1963, #1283, .T. ) ;
#555 = DIRECTION ( 'NONE',  ( 0.000000000000000000, 0.000000000000000000, 1.000000000000000000 ) ) ;
#556 = EDGE_CURVE ( 'NONE', #1429, #705, #807, .T. ) ;
#557 = EDGE_CURVE ( 'NONE', #1402, #1433, #1730, .T. ) ;
#558 = ORIENTED_EDGE ( 'NONE', *, *, #196, .F. ) ;
#559 = APPROVAL_ROLE ( '' ) ;
#560 = DIRECTION ( 'NONE',  ( 0.000000000000000000, 0.000000000000000000, 1.000000000000000000 ) ) ;
#561 = AXIS2_PLACEMENT_3D ( 'NONE', #1244, #336, #610 ) ;
#562 = CARTESIAN_POINT ( 'NONE',  ( 4.500000000000000888, 16.99999999999999645, 47.50000000000000000 ) ) ;
#563 = AXIS2_PLACEMENT_3D ( 'NONE', #612, #619, #942 ) ;
#564 = EDGE_CURVE ( 'NONE', #1888, #1448, #187, .T. ) ;
#565 = CARTESIAN_POINT ( 'NONE',  ( 6.225000000000000533, 4.000000000000000000, 85.40894014733147799 ) ) ;
#566 = ORIENTED_EDGE ( 'NONE', *, *, #520, .T. ) ;
#567 = VERTEX_POINT ( 'NONE', #1275 ) ;
#568 = PLANE ( 'NONE',  #1464 ) ;
#569 = ORIENTED_EDGE ( 'NONE', *, *, #1557, .T. ) ;
#570 =( NAMED_UNIT ( * ) SI_UNIT ( $, .STERADIAN. ) SOLID_ANGLE_UNIT ( ) );
#571 = FACE_OUTER_BOUND ( 'NONE', #1740, .T. ) ;
#572 = PLANE ( 'NONE',  #514 ) ;
#573 = LINE ( 'NONE', #1825, #1560 ) ;
#574 = APPROVAL_PERSON_ORGANIZATION ( #731, #1252, #559 ) ;
#575 = ORIENTED_EDGE ( 'NONE', *, *, #144, .T. ) ;
#576 = LINE ( 'NONE', #1828, #60 ) ;
#577 = VERTEX_POINT ( 'NONE', #505 ) ;
#578 = LINE ( 'NONE', #392, #463 ) ;
#579 = ORIENTED_EDGE ( 'NONE', *, *, #47, .F. ) ;
#580 = APPLICATION_PROTOCOL_DEFINITION ( 'international standard', 'config_control_design', 1994, #1003 ) ;
#581 = FACE_OUTER_BOUND ( 'NONE', #1445, .T. ) ;
#582 = DIRECTION ( 'NONE',  ( -1.000000000000000000, 0.000000000000000000, 0.000000000000000000 ) ) ;
#583 = LINE ( 'NONE', #159, #284 ) ;
#584 = ADVANCED_FACE ( 'NONE', ( #1739, #355 ), #969, .T. ) ;
#585 = DIRECTION ( 'NONE',  ( -1.000000000000000000, -0.000000000000000000, 9.306456416184587030E-17 ) ) ;
#586 = ORIENTED_EDGE ( 'NONE', *, *, #509, .T. ) ;
#587 = CARTESIAN_POINT ( 'NONE',  ( 3.000000000000000000, 16.99999999999999645, 47.50000000000000000 ) ) ;
#588 = ORIENTED_EDGE ( 'NONE', *, *, #230, .F. ) ;
#589 = ORIENTED_EDGE ( 'NONE', *, *, #144, .F. ) ;
#590 = CARTESIAN_POINT ( 'NONE',  ( 0.9999999999999943379, 22.00000000000000000, 10.80000000000000071 ) ) ;
#591 = ORIENTED_EDGE ( 'NONE', *, *, #1833, .F. ) ;
#592 = AXIS2_PLACEMENT_3D ( 'NONE', #1777, #1910, #996 ) ;
#593 = LINE ( 'NONE', #1501, #689 ) ;
#594 = AXIS2_PLACEMENT_3D ( 'NONE', #801, #45, #645 ) ;
#595 = VECTOR ( 'NONE', #1839, 1000.000000000000000 ) ;
#596 = DIRECTION ( 'NONE',  ( 1.000000000000000000, 0.000000000000000000, -9.306456416184587030E-17 ) ) ;
#597 = ORIENTED_EDGE ( 'NONE', *, *, #691, .T. ) ;
#598 = EDGE_CURVE ( 'NONE', #242, #1454, #975, .T. ) ;
#599 = CC_DESIGN_PERSON_AND_ORGANIZATION_ASSIGNMENT ( #1949, #128, ( #665 ) ) ;
#600 = DIRECTION ( 'NONE',  ( 0.000000000000000000, 0.000000000000000000, 1.000000000000000000 ) ) ;
#601 = AXIS2_PLACEMENT_3D ( 'NONE', #462, #1250, #1083 ) ;
#602 = ADVANCED_FACE ( 'NONE', ( #1615 ), #1763, .F. ) ;
#603 = ORIENTED_EDGE ( 'NONE', *, *, #823, .T. ) ;
#604 = CARTESIAN_POINT ( 'NONE',  ( 1.999999999999999112, 6.499999999999996447, 14.00000000000000178 ) ) ;
#605 = CARTESIAN_POINT ( 'NONE',  ( -0.5000000000000077716, 25.99999999999999645, -11.33700000000000152 ) ) ;
#606 = DIRECTION ( 'NONE',  ( 1.000000000000000000, 0.000000000000000000, -9.306456416184587030E-17 ) ) ;
#607 = AXIS2_PLACEMENT_3D ( 'NONE', #1733, #1583, #962 ) ;
#608 = LINE ( 'NONE', #1428, #1866 ) ;
#609 = LINE ( 'NONE', #1826, #939 ) ;
#610 = DIRECTION ( 'NONE',  ( 6.570922257487903830E-17, 0.000000000000000000, 1.000000000000000000 ) ) ;
#611 = DIRECTION ( 'NONE',  ( 0.000000000000000000, 0.000000000000000000, 1.000000000000000000 ) ) ;
#612 = CARTESIAN_POINT ( 'NONE',  ( -0.5000000000000077716, 27.19999999999999574, -11.33700000000000152 ) ) ;
#613 = VERTEX_POINT ( 'NONE', #100 ) ;
#614 = AXIS2_PLACEMENT_3D ( 'NONE', #549, #582, #701 ) ;
#615 = DIRECTION ( 'NONE',  ( -1.000000000000000000, -0.000000000000000000, -0.000000000000000000 ) ) ;
#616 = AXIS2_PLACEMENT_3D ( 'NONE', #277, #1816, #1499 ) ;
#617 = CARTESIAN_POINT ( 'NONE',  ( 4.225000000000007638, -2.000000000000019096, 57.78260869565213653 ) ) ;
#618 = ORIENTED_EDGE ( 'NONE', *, *, #1602, .F. ) ;
#619 = DIRECTION ( 'NONE',  ( 9.757819552369542371E-17, 0.000000000000000000, 1.000000000000000000 ) ) ;
#620 = ORIENTED_EDGE ( 'NONE', *, *, #537, .F. ) ;
#621 = LINE ( 'NONE', #41, #538 ) ;
#622 = ADVANCED_FACE ( 'NONE', ( #851 ), #1474, .F. ) ;
#623 = ORIENTED_EDGE ( 'NONE', *, *, #1704, .F. ) ;
#624 = CARTESIAN_POINT ( 'NONE',  ( -4.501000000000007439, 3.999999999999998224, 60.85000000000000142 ) ) ;
#625 = AXIS2_PLACEMENT_3D ( 'NONE', #1511, #917, #1055 ) ;
#626 = AXIS2_PLACEMENT_3D ( 'NONE', #289, #402, #896 ) ;
#627 = DIRECTION ( 'NONE',  ( 9.757819552369539906E-17, 1.734723475976807094E-16, 1.000000000000000000 ) ) ;
#628 = ORIENTED_EDGE ( 'NONE', *, *, #1677, .F. ) ;
#629 = ORIENTED_EDGE ( 'NONE', *, *, #1703, .T. ) ;
#630 = DIRECTION ( 'NONE',  ( 0.000000000000000000, 0.000000000000000000, -1.000000000000000000 ) ) ;
#631 = AXIS2_PLACEMENT_3D ( 'NONE', #309, #926, #1407 ) ;
#632 = EDGE_CURVE ( 'NONE', #1657, #345, #90, .T. ) ;
#633 = FACE_OUTER_BOUND ( 'NONE', #1027, .T. ) ;
#634 = FACE_OUTER_BOUND ( 'NONE', #1019, .T. ) ;
#635 = AXIS2_PLACEMENT_3D ( 'NONE', #1449, #1314, #1876 ) ;
#636 = EDGE_LOOP ( 'NONE', ( #1468, #1734, #1073, #152 ) ) ;
#637 = CARTESIAN_POINT ( 'NONE',  ( 0.07276463389118986713, -3.000000000000000000, -28.50000000000000355 ) ) ;
#638 = CARTESIAN_POINT ( 'NONE',  ( -3.275000000000008349, 27.19999999999999574, -16.33699999999999974 ) ) ;
#639 = CARTESIAN_POINT ( 'NONE',  ( -5.000000000000002665, 21.99999999999999645, 43.77962067749079722 ) ) ;
#640 = ADVANCED_FACE ( 'NONE', ( #1167 ), #1606, .F. ) ;
#641 = CARTESIAN_POINT ( 'NONE',  ( 7.000000000000000000, 15.49999999999999645, 17.80000000000000071 ) ) ;
#642 = DIRECTION ( 'NONE',  ( -1.000000000000000000, 0.000000000000000000, 9.757819552369541139E-17 ) ) ;
#643 = DIRECTION ( 'NONE',  ( -1.000000000000000000, 0.000000000000000000, 9.757819552369541139E-17 ) ) ;
#644 = ADVANCED_FACE ( 'NONE', ( #1309 ), #1300, .F. ) ;
#645 = DIRECTION ( 'NONE',  ( 0.000000000000000000, 1.040834085586083271E-15, 1.000000000000000000 ) ) ;
#646 = AXIS2_PLACEMENT_3D ( 'NONE', #1879, #206, #1870 ) ;
#647 = ADVANCED_FACE ( 'NONE', ( #1918 ), #391, .F. ) ;
#648 = ORIENTED_EDGE ( 'NONE', *, *, #1278, .T. ) ;
#649 = CARTESIAN_POINT ( 'NONE',  ( -3.275000000000009681, 16.99999999999999645, -29.19999999999999929 ) ) ;
#650 = EDGE_CURVE ( 'NONE', #1780, #1284, #231, .T. ) ;
#651 = LINE ( 'NONE', #667, #1852 ) ;
#652 = LINE ( 'NONE', #1566, #1663 ) ;
#653 = ORIENTED_EDGE ( 'NONE', *, *, #1602, .T. ) ;
#654 = LINE ( 'NONE', #1889, #1029 ) ;
#655 = LINE ( 'NONE', #359, #210 ) ;
#656 = VECTOR ( 'NONE', #1503, 1000.000000000000000 ) ;
#657 = CARTESIAN_POINT ( 'NONE',  ( -4.501000000000007439, 5.785144316419498445, -29.19999999999999929 ) ) ;
#658 = EDGE_CURVE ( 'NONE', #118, #1181, #248, .T. ) ;
#659 = VECTOR ( 'NONE', #1589, 1000.000000000000000 ) ;
#660 = CARTESIAN_POINT ( 'NONE',  ( 0.9999999999999978906, 19.00000000000001066, 10.80000000000000071 ) ) ;
#661 = ADVANCED_FACE ( 'NONE', ( #379 ), #544, .F. ) ;
#662 = CYLINDRICAL_SURFACE ( 'NONE', #67, 3.750000000000000000 ) ;
#663 = VERTEX_POINT ( 'NONE', #5 ) ;
#664 = CARTESIAN_POINT ( 'NONE',  ( -0.5000000000000077716, 18.99999999999999645, 7.799999999999999822 ) ) ;
#665 = PRODUCT ( '\X2\53f34fa7677f\X0\-\X2\4e0a534a\X0\', '\X2\53f34fa7677f\X0\-\X2\4e0a534a\X0\', '', ( #1790 ) ) ;
#666 = VECTOR ( 'NONE', #669, 1000.000000000000000 ) ;
#667 = CARTESIAN_POINT ( 'NONE',  ( 1.907460370276616413, 7.868390842953763453, 64.79903290236383384 ) ) ;
#668 = DIRECTION ( 'NONE',  ( -9.306456416184587030E-17, 0.000000000000000000, -1.000000000000000000 ) ) ;
#669 = DIRECTION ( 'NONE',  ( 0.000000000000000000, 1.000000000000000000, 0.000000000000000000 ) ) ;
#670 = VERTEX_POINT ( 'NONE', #933 ) ;
#671 = FACE_BOUND ( 'NONE', #403, .T. ) ;
#672 = AXIS2_PLACEMENT_3D ( 'NONE', #907, #1633, #1180 ) ;
#673 = AXIS2_PLACEMENT_3D ( 'NONE', #1136, #643, #1420 ) ;
#674 = ADVANCED_FACE ( 'NONE', ( #163 ), #1227, .T. ) ;
#675 = ORIENTED_EDGE ( 'NONE', *, *, #1677, .T. ) ;
#676 = CARTESIAN_POINT ( 'NONE',  ( 7.000000000000000000, 0.000000000000000000, -20.00000000000000000 ) ) ;
#677 = VERTEX_POINT ( 'NONE', #168 ) ;
#678 = LINE ( 'NONE', #1472, #1437 ) ;
#679 = DIRECTION ( 'NONE',  ( -1.006511580703058646E-16, 0.000000000000000000, -1.000000000000000000 ) ) ;
#680 = EDGE_CURVE ( 'NONE', #48, #1938, #908, .T. ) ;
#681 = CARTESIAN_POINT ( 'NONE',  ( 7.000000000000000000, 16.99999999999999645, -29.19999999999999929 ) ) ;
#682 = EDGE_LOOP ( 'NONE', ( #997, #575, #819, #1821 ) ) ;
#683 = AXIS2_PLACEMENT_3D ( 'NONE', #1177, #1054, #121 ) ;
#684 = VERTEX_POINT ( 'NONE', #1944 ) ;
#685 = VECTOR ( 'NONE', #765, 1000.000000000000000 ) ;
#686 = FACE_OUTER_BOUND ( 'NONE', #255, .T. ) ;
#687 = VERTEX_POINT ( 'NONE', #1392 ) ;
#688 = LINE ( 'NONE', #389, #1125 ) ;
#689 = VECTOR ( 'NONE', #132, 1000.000000000000000 ) ;
#690 = DIRECTION ( 'NONE',  ( -1.000000000000000000, 0.000000000000000000, 9.757819552369541139E-17 ) ) ;
#691 = EDGE_CURVE ( 'NONE', #242, #1091, #576, .T. ) ;
#692 = CARTESIAN_POINT ( 'NONE',  ( -0.5000000000000082157, 27.19999999999999574, -16.33699999999999974 ) ) ;
#693 = DIRECTION ( 'NONE',  ( 0.000000000000000000, -0.000000000000000000, -1.000000000000000000 ) ) ;
#694 = ORIENTED_EDGE ( 'NONE', *, *, #160, .T. ) ;
#695 = LINE ( 'NONE', #92, #856 ) ;
#696 = EDGE_LOOP ( 'NONE', ( #1702, #1786, #990, #845, #1082 ) ) ;
#697 = PRODUCT_DEFINITION_FORMATION_WITH_SPECIFIED_SOURCE ( 'ä»', '', #665, .NOT_KNOWN. ) ;
#698 = FACE_OUTER_BOUND ( 'NONE', #1574, .T. ) ;
#699 = ADVANCED_FACE ( 'NONE', ( #1204 ), #1047, .F. ) ;
#700 = ORIENTED_EDGE ( 'NONE', *, *, #50, .T. ) ;
#701 = DIRECTION ( 'NONE',  ( 0.000000000000000000, 0.000000000000000000, 1.000000000000000000 ) ) ;
#702 = CARTESIAN_POINT ( 'NONE',  ( -0.5000000000000086597, 27.19999999999999574, -21.33700000000000330 ) ) ;
#703 = CARTESIAN_POINT ( 'NONE',  ( -0.5000000000000088818, 18.99999999999999645, -23.33700000000000330 ) ) ;
#704 = CARTESIAN_POINT ( 'NONE',  ( 3.999999999999994671, 20.99999999999999289, 75.00100000000000477 ) ) ;
#705 = VERTEX_POINT ( 'NONE', #1058 ) ;
#706 = VECTOR ( 'NONE', #937, 1000.000000000000000 ) ;
#707 = ORIENTED_EDGE ( 'NONE', *, *, #46, .F. ) ;
#708 = CARTESIAN_POINT ( 'NONE',  ( 4.500000000000000888, 15.49999999999999822, -14.20000000000000462 ) ) ;
#709 = VECTOR ( 'NONE', #1022, 1000.000000000000000 ) ;
#710 = ORIENTED_EDGE ( 'NONE', *, *, #859, .F. ) ;
#711 = DIRECTION ( 'NONE',  ( 1.000000000000000000, 0.000000000000000000, 0.000000000000000000 ) ) ;
#712 = DIRECTION ( 'NONE',  ( -2.378805816452450016E-17, 0.7313537016191671292, 0.6819983600625021403 ) ) ;
#713 = CARTESIAN_POINT ( 'NONE',  ( -2.500000000000005773, 22.00000000000000000, 10.80000000000000071 ) ) ;
#714 = CARTESIAN_POINT ( 'NONE',  ( 7.000000000000000000, 24.00000000000000000, 47.50000000000000000 ) ) ;
#715 = CARTESIAN_POINT ( 'NONE',  ( -0.5000000000000077716, 27.19999999999999574, -11.33700000000000152 ) ) ;
#716 = ORIENTED_EDGE ( 'NONE', *, *, #953, .F. ) ;
#717 = CARTESIAN_POINT ( 'NONE',  ( 0.9999999999999978906, 19.00000000000001066, 52.86184355012333924 ) ) ;
#718 = CC_DESIGN_PERSON_AND_ORGANIZATION_ASSIGNMENT ( #1923, #1051, ( #1138 ) ) ;
#719 = EDGE_LOOP ( 'NONE', ( #1714, #1130, #1205, #259 ) ) ;
#720 = ORIENTED_EDGE ( 'NONE', *, *, #1490, .T. ) ;
#721 =( NAMED_UNIT ( * ) PLANE_ANGLE_UNIT ( ) SI_UNIT ( $, .RADIAN. ) );
#722 = EDGE_CURVE ( 'NONE', #1382, #1351, #1680, .T. ) ;
#723 = VECTOR ( 'NONE', #406, 1000.000000000000000 ) ;
#724 = ORIENTED_EDGE ( 'NONE', *, *, #965, .T. ) ;
#725 = CARTESIAN_POINT ( 'NONE',  ( 3.999999999999993339, 0.000000000000000000, -3.722582566473828896E-16 ) ) ;
#726 = VECTOR ( 'NONE', #1954, 1000.000000000000000 ) ;
#727 = FACE_OUTER_BOUND ( 'NONE', #1470, .T. ) ;
#728 = EDGE_LOOP ( 'NONE', ( #1241, #1079, #413, #745, #964, #844, #1930, #225 ) ) ;
#729 = CARTESIAN_POINT ( 'NONE',  ( -2.277182348936480238E-15, 18.99999999999999645, -23.33700000000000330 ) ) ;
#730 = LINE ( 'NONE', #136, #1435 ) ;
#731 = PERSON_AND_ORGANIZATION ( #408, #1308 ) ;
#732 = CARTESIAN_POINT ( 'NONE',  ( 7.000000000000000000, 18.99999999999999645, -29.19999999999999929 ) ) ;
#733 = ORIENTED_EDGE ( 'NONE', *, *, #180, .T. ) ;
#734 = EDGE_LOOP ( 'NONE', ( #1517, #1629, #1151, #1691 ) ) ;
#735 = DIRECTION ( 'NONE',  ( 1.000000000000000000, 0.000000000000000000, 0.000000000000000000 ) ) ;
#736 = DIRECTION ( 'NONE',  ( -9.306456416184587030E-17, 0.000000000000000000, -1.000000000000000000 ) ) ;
#737 = LINE ( 'NONE', #364, #1842 ) ;
#738 = FACE_OUTER_BOUND ( 'NONE', #947, .T. ) ;
#739 = VERTEX_POINT ( 'NONE', #59 ) ;
#740 = ORIENTED_EDGE ( 'NONE', *, *, #155, .T. ) ;
#741 = PLANE ( 'NONE',  #890 ) ;
#742 = DIRECTION ( 'NONE',  ( -0.000000000000000000, 1.000000000000000000, -0.000000000000000000 ) ) ;
#743 = VECTOR ( 'NONE', #1573, 1000.000000000000000 ) ;
#744 = VERTEX_POINT ( 'NONE', #1871 ) ;
#745 = ORIENTED_EDGE ( 'NONE', *, *, #1289, .F. ) ;
#746 = DIRECTION ( 'NONE',  ( 0.000000000000000000, 0.6819983600625006970, -0.7313537016191684614 ) ) ;
#747 = DIRECTION ( 'NONE',  ( -1.000000000000000000, -1.693720031869733649E-32, 7.127450803469937502E-17 ) ) ;
#748 = PLANE ( 'NONE',  #339 ) ;
#749 = DIRECTION ( 'NONE',  ( -1.000000000000000000, 0.000000000000000000, 9.757819552369541139E-17 ) ) ;
#750 = DIRECTION ( 'NONE',  ( -1.000000000000000000, -2.031343924729270466E-32, 7.127450803469937502E-17 ) ) ;
#751 = VERTEX_POINT ( 'NONE', #28 ) ;
#752 = ADVANCED_FACE ( 'NONE', ( #961 ), #1927, .T. ) ;
#753 = DIRECTION ( 'NONE',  ( 1.000000000000000000, 0.000000000000000000, 0.000000000000000000 ) ) ;
#754 = DIRECTION ( 'NONE',  ( 1.000000000000000000, 0.000000000000000000, 0.000000000000000000 ) ) ;
#755 = EDGE_LOOP ( 'NONE', ( #1315, #1026, #172, #459 ) ) ;
#756 = LINE ( 'NONE', #1673, #1018 ) ;
#757 = ORIENTED_EDGE ( 'NONE', *, *, #870, .T. ) ;
#758 = ORIENTED_EDGE ( 'NONE', *, *, #1494, .F. ) ;
#759 = DIRECTION ( 'NONE',  ( 6.806311348934042292E-17, -0.6819983600625025844, 0.7313537016191666851 ) ) ;
#760 = CARTESIAN_POINT ( 'NONE',  ( 3.000000000000000000, 6.499999999999996447, 64.00000000000000000 ) ) ;
#761 = EDGE_CURVE ( 'NONE', #1623, #548, #266, .T. ) ;
#762 = DIRECTION ( 'NONE',  ( -1.000000000000000000, 0.000000000000000000, -0.000000000000000000 ) ) ;
#763 = CIRCLE ( 'NONE', #977, 1.649999999999998579 ) ;
#764 = DIRECTION ( 'NONE',  ( -1.000000000000000000, 0.000000000000000000, 9.757819552369541139E-17 ) ) ;
#765 = DIRECTION ( 'NONE',  ( -1.000000000000000000, -0.000000000000000000, -0.000000000000000000 ) ) ;
#766 = CARTESIAN_POINT ( 'NONE',  ( 5.000000000000000888, 5.607142857142859427, 58.29677601872863590 ) ) ;
#767 = ORIENTED_EDGE ( 'NONE', *, *, #1160, .F. ) ;
#768 = CARTESIAN_POINT ( 'NONE',  ( 3.000000000000000888, 7.868390842953765230, 64.79903290236383384 ) ) ;
#769 = ORIENTED_EDGE ( 'NONE', *, *, #1925, .T. ) ;
#770 = CARTESIAN_POINT ( 'NONE',  ( 7.000000000000000000, 0.000000000000000000, 1.600000000000000089 ) ) ;
#771 = CARTESIAN_POINT ( 'NONE',  ( -0.5000000000000086597, 20.99999999999999645, -21.33700000000000330 ) ) ;
#772 = EDGE_CURVE ( 'NONE', #879, #294, #143, .T. ) ;
#773 = ORIENTED_EDGE ( 'NONE', *, *, #1124, .T. ) ;
#774 = ORIENTED_EDGE ( 'NONE', *, *, #1043, .F. ) ;
#775 = ORIENTED_EDGE ( 'NONE', *, *, #173, .T. ) ;
#776 = ADVANCED_FACE ( 'NONE', ( #1186 ), #1792, .F. ) ;
#777 = VECTOR ( 'NONE', #1665, 1000.000000000000000 ) ;
#778 = CARTESIAN_POINT ( 'NONE',  ( 21.90479651964898622, 6.500000000000000888, 55.96165158468899392 ) ) ;
#779 = AXIS2_PLACEMENT_3D ( 'NONE', #1966, #888, #560 ) ;
#780 = FACE_OUTER_BOUND ( 'NONE', #458, .T. ) ;
#781 = ORIENTED_EDGE ( 'NONE', *, *, #361, .T. ) ;
#782 = ORIENTED_EDGE ( 'NONE', *, *, #1528, .T. ) ;
#783 = DIRECTION ( 'NONE',  ( -1.000000000000000000, 0.000000000000000000, 9.757819552369541139E-17 ) ) ;
#784 = CARTESIAN_POINT ( 'NONE',  ( -10.47488076180543359, 22.00000000000000000, 35.75191697259665347 ) ) ;
#785 = CARTESIAN_POINT ( 'NONE',  ( 4.500000000000000888, 15.49999999999999645, 17.80000000000000071 ) ) ;
#786 = EDGE_CURVE ( 'NONE', #1211, #1492, #308, .T. ) ;
#787 = LINE ( 'NONE', #1687, #1547 ) ;
#788 = LINE ( 'NONE', #1542, #1418 ) ;
#789 = EDGE_LOOP ( 'NONE', ( #1967, #360, #1951, #1646 ) ) ;
#790 = ORIENTED_EDGE ( 'NONE', *, *, #183, .T. ) ;
#791 = CIRCLE ( 'NONE', #1897, 1.600000000000000755 ) ;
#792 = CARTESIAN_POINT ( 'NONE',  ( 4.500000000000000888, 16.99999999999999645, 47.50000000000000000 ) ) ;
#793 = VECTOR ( 'NONE', #1907, 1000.000000000000000 ) ;
#794 = CARTESIAN_POINT ( 'NONE',  ( 5.000000000000000000, 3.999999999999998224, 62.50000000000000000 ) ) ;
#795 = DIRECTION ( 'NONE',  ( -1.000000000000000000, -0.000000000000000000, -0.000000000000000000 ) ) ;
#796 = EDGE_CURVE ( 'NONE', #567, #34, #158, .T. ) ;
#797 = LINE ( 'NONE', #931, #1352 ) ;
#798 = PLANE ( 'NONE',  #451 ) ;
#799 = ORIENTED_EDGE ( 'NONE', *, *, #891, .T. ) ;
#800 = LINE ( 'NONE', #1896, #1094 ) ;
#801 = CARTESIAN_POINT ( 'NONE',  ( 5.000000000000000888, 6.500000000000000000, 55.96165158468899392 ) ) ;
#802 = AXIS2_PLACEMENT_3D ( 'NONE', #1535, #491, #1095 ) ;
#803 = ORIENTED_EDGE ( 'NONE', *, *, #499, .F. ) ;
#804 = VERTEX_POINT ( 'NONE', #303 ) ;
#805 = DIRECTION ( 'NONE',  ( 9.757819552369541139E-17, 0.000000000000000000, 1.000000000000000000 ) ) ;
#806 = LOCAL_TIME ( 12, 55, 41.00000000000000000, #404 ) ;
#807 = LINE ( 'NONE', #496, #72 ) ;
#808 = DIRECTION ( 'NONE',  ( -1.000000000000000000, -3.252606517456513918E-17, 0.000000000000000000 ) ) ;
#809 = PLANE ( 'NONE',  #1473 ) ;
#810 = VERTEX_POINT ( 'NONE', #604 ) ;
#811 = ORIENTED_EDGE ( 'NONE', *, *, #1012, .F. ) ;
#812 = CIRCLE ( 'NONE', #1229, 2.000000000000000000 ) ;
#813 = CARTESIAN_POINT ( 'NONE',  ( 3.999999999999994671, 20.99999999999999289, 7.800000000000001599 ) ) ;
#814 = VECTOR ( 'NONE', #1348, 1000.000000000000000 ) ;
#815 = PRODUCT_RELATED_PRODUCT_CATEGORY ( 'detail', '', ( #665 ) ) ;
#816 = ORIENTED_EDGE ( 'NONE', *, *, #146, .F. ) ;
#817 = CARTESIAN_POINT ( 'NONE',  ( -0.5000000000000077716, 18.99999999999999645, -13.70000000000000284 ) ) ;
#818 = EDGE_CURVE ( 'NONE', #1153, #1378, #420, .T. ) ;
#819 = ORIENTED_EDGE ( 'NONE', *, *, #387, .T. ) ;
#820 = DIRECTION ( 'NONE',  ( 0.000000000000000000, -0.4151624548736453924, -0.9097472924187728349 ) ) ;
#821 = FACE_OUTER_BOUND ( 'NONE', #636, .T. ) ;
#822 = ORIENTED_EDGE ( 'NONE', *, *, #1925, .F. ) ;
#823 = EDGE_CURVE ( 'NONE', #335, #1086, #918, .T. ) ;
#824 = ADVANCED_BREP_SHAPE_REPRESENTATION ( '\X2\53f34fa7677f\X0\-\X2\4e0a534a\X0\', ( #1269, #984 ), #833 ) ;
#825 = AXIS2_PLACEMENT_3D ( 'NONE', #1165, #849, #1263 ) ;
#826 = DIRECTION ( 'NONE',  ( -1.000000000000000000, 0.000000000000000000, 9.757819552369541139E-17 ) ) ;
#827 = EDGE_LOOP ( 'NONE', ( #1365, #1721, #1358, #368 ) ) ;
#828 = AXIS2_PLACEMENT_3D ( 'NONE', #936, #783, #1369 ) ;
#829 = AXIS2_PLACEMENT_3D ( 'NONE', #760, #1676, #256 ) ;
#830 = DIRECTION ( 'NONE',  ( -1.000000000000000000, -0.000000000000000000, -0.000000000000000000 ) ) ;
#831 = DIRECTION ( 'NONE',  ( 0.000000000000000000, 0.000000000000000000, 1.000000000000000000 ) ) ;
#832 = ORIENTED_EDGE ( 'NONE', *, *, #1652, .F. ) ;
#833 =( GEOMETRIC_REPRESENTATION_CONTEXT ( 3 ) GLOBAL_UNCERTAINTY_ASSIGNED_CONTEXT ( ( #1149 ) ) GLOBAL_UNIT_ASSIGNED_CONTEXT ( ( #1198, #721, #570 ) ) REPRESENTATION_CONTEXT ( 'NONE', 'WORKASPACE' ) );
#834 = DIRECTION ( 'NONE',  ( -1.000000000000000000, -0.000000000000000000, -0.000000000000000000 ) ) ;
#835 = FACE_BOUND ( 'NONE', #696, .T. ) ;
#836 = ORIENTED_EDGE ( 'NONE', *, *, #680, .T. ) ;
#837 = ORIENTED_EDGE ( 'NONE', *, *, #1131, .F. ) ;
#838 = CYLINDRICAL_SURFACE ( 'NONE', #1595, 1.600000000000000755 ) ;
#839 = EDGE_CURVE ( 'NONE', #1281, #1429, #258, .T. ) ;
#840 = VERTEX_POINT ( 'NONE', #123 ) ;
#841 = DIRECTION ( 'NONE',  ( 1.084202172485503448E-16, 0.000000000000000000, 1.000000000000000000 ) ) ;
#842 = LINE ( 'NONE', #1068, #1837 ) ;
#843 = CARTESIAN_POINT ( 'NONE',  ( 5.000000000000004441, 3.100000000000000977, -28.50000000000000355 ) ) ;
#844 = ORIENTED_EDGE ( 'NONE', *, *, #986, .F. ) ;
#845 = ORIENTED_EDGE ( 'NONE', *, *, #924, .F. ) ;
#846 = DIRECTION ( 'NONE',  ( 0.000000000000000000, 0.000000000000000000, 1.000000000000000000 ) ) ;
#847 = ORIENTED_EDGE ( 'NONE', *, *, #117, .F. ) ;
#848 = CARTESIAN_POINT ( 'NONE',  ( -3.275000000000007461, 25.99999999999999645, -9.337000000000001521 ) ) ;
#849 = DIRECTION ( 'NONE',  ( 0.000000000000000000, 1.000000000000000000, 2.376333528735352191E-16 ) ) ;
#850 = DIRECTION ( 'NONE',  ( 1.000000000000000000, -0.000000000000000000, -0.000000000000000000 ) ) ;
#851 = FACE_OUTER_BOUND ( 'NONE', #236, .T. ) ;
#852 = AXIS2_PLACEMENT_3D ( 'NONE', #704, #1148, #693 ) ;
#853 = FACE_OUTER_BOUND ( 'NONE', #980, .T. ) ;
#854 = VECTOR ( 'NONE', #1515, 1000.000000000000000 ) ;
#855 = ORIENTED_EDGE ( 'NONE', *, *, #1028, .T. ) ;
#856 = VECTOR ( 'NONE', #102, 1000.000000000000000 ) ;
#857 = DIRECTION ( 'NONE',  ( -1.000000000000000000, -0.000000000000000000, -0.000000000000000000 ) ) ;
#858 = ORIENTED_EDGE ( 'NONE', *, *, #891, .F. ) ;
#859 = EDGE_CURVE ( 'NONE', #1638, #1153, #1809, .T. ) ;
#860 = CARTESIAN_POINT ( 'NONE',  ( 0.000000000000000000, 6.499999999999996447, 4.000000000000000000 ) ) ;
#861 = LINE ( 'NONE', #543, #659 ) ;
#862 = ADVANCED_FACE ( 'NONE', ( #780 ), #493, .F. ) ;
#863 = CARTESIAN_POINT ( 'NONE',  ( 0.9999999999999913403, 20.99999999999999289, 7.800000000000001599 ) ) ;
#864 = ORIENTED_EDGE ( 'NONE', *, *, #1078, .T. ) ;
#865 = DIRECTION ( 'NONE',  ( -1.000000000000000000, 0.000000000000000000, 9.757819552369541139E-17 ) ) ;
#866 = ORIENTED_EDGE ( 'NONE', *, *, #875, .T. ) ;
#867 = LOCAL_TIME ( 12, 55, 41.00000000000000000, #203 ) ;
#868 = PERSON_AND_ORGANIZATION ( #408, #1308 ) ;
#869 = DIRECTION ( 'NONE',  ( -1.000000000000000000, -0.000000000000000000, -0.000000000000000000 ) ) ;
#870 = EDGE_CURVE ( 'NONE', #332, #684, #1401, .T. ) ;
#871 = APPROVAL ( #318, 'æœª' ) ;
#872 = VERTEX_POINT ( 'NONE', #1411 ) ;
#873 = VECTOR ( 'NONE', #1805, 1000.000000000000000 ) ;
#874 = LINE ( 'NONE', #729, #1776 ) ;
#875 = EDGE_CURVE ( 'NONE', #1759, #425, #948, .T. ) ;
#876 = CIRCLE ( 'NONE', #1127, 1.600000000000000089 ) ;
#877 = CARTESIAN_POINT ( 'NONE',  ( 7.000000000000000000, 18.99999999999999645, -29.19999999999999929 ) ) ;
#878 = DIRECTION ( 'NONE',  ( -1.000000000000000000, 0.000000000000000000, 0.000000000000000000 ) ) ;
#879 = VERTEX_POINT ( 'NONE', #639 ) ;
#880 = CARTESIAN_POINT ( 'NONE',  ( 3.999999999999990674, 23.99999999999999645, -29.19999999999999929 ) ) ;
#881 = LINE ( 'NONE', #1648, #726 ) ;
#882 = ORIENTED_EDGE ( 'NONE', *, *, #1546, .F. ) ;
#883 = ADVANCED_FACE ( 'NONE', ( #1248 ), #1103, .F. ) ;
#884 = ORIENTED_EDGE ( 'NONE', *, *, #426, .T. ) ;
#885 = CARTESIAN_POINT ( 'NONE',  ( 5.000000000000004441, 3.100000000000000089, -34.00000000000000000 ) ) ;
#886 = ORIENTED_EDGE ( 'NONE', *, *, #944, .F. ) ;
#887 = APPROVAL_STATUS ( 'not_yet_approved' ) ;
#888 = DIRECTION ( 'NONE',  ( -1.000000000000000000, -0.000000000000000000, 0.000000000000000000 ) ) ;
#889 = CIRCLE ( 'NONE', #1843, 1.600000000000000755 ) ;
#890 = AXIS2_PLACEMENT_3D ( 'NONE', #1070, #1368, #1960 ) ;
#891 = EDGE_CURVE ( 'NONE', #1681, #501, #730, .T. ) ;
#892 = PLANE ( 'NONE',  #530 ) ;
#893 = CARTESIAN_POINT ( 'NONE',  ( 1.999999999999999112, 4.000000000000000000, 62.50000000000000000 ) ) ;
#894 = ORIENTED_EDGE ( 'NONE', *, *, #520, .F. ) ;
#895 = AXIS2_PLACEMENT_3D ( 'NONE', #500, #1834, #55 ) ;
#896 = DIRECTION ( 'NONE',  ( 0.000000000000000000, 3.469446951953611428E-15, 1.000000000000000000 ) ) ;
#897 = ORIENTED_EDGE ( 'NONE', *, *, #217, .T. ) ;
#898 = PERSON_AND_ORGANIZATION ( #408, #1308 ) ;
#899 = EDGE_CURVE ( 'NONE', #1305, #1521, #1864, .T. ) ;
#900 = CC_DESIGN_PERSON_AND_ORGANIZATION_ASSIGNMENT ( #1660, #292, ( #697 ) ) ;
#901 = DIRECTION ( 'NONE',  ( -9.306456416184588263E-17, 0.000000000000000000, -1.000000000000000000 ) ) ;
#902 = ORIENTED_EDGE ( 'NONE', *, *, #650, .T. ) ;
#903 = LINE ( 'NONE', #1212, #62 ) ;
#904 = DIRECTION ( 'NONE',  ( 1.000000000000000000, -0.000000000000000000, -0.000000000000000000 ) ) ;
#905 = EDGE_CURVE ( 'NONE', #1207, #1168, #1656, .T. ) ;
#906 = LINE ( 'NONE', #280, #1692 ) ;
#907 = CARTESIAN_POINT ( 'NONE',  ( 4.500000000000000888, 11.74999999999999645, 17.80000000000000426 ) ) ;
#908 = LINE ( 'NONE', #1236, #854 ) ;
#909 = ORIENTED_EDGE ( 'NONE', *, *, #214, .T. ) ;
#910 = ORIENTED_EDGE ( 'NONE', *, *, #343, .T. ) ;
#911 = DIRECTION ( 'NONE',  ( 1.000000000000000000, 0.000000000000000000, -0.000000000000000000 ) ) ;
#912 = ORIENTED_EDGE ( 'NONE', *, *, #1098, .F. ) ;
#913 = CARTESIAN_POINT ( 'NONE',  ( 7.000000000000000000, 0.000000000000000000, -20.00000000000000000 ) ) ;
#914 = APPLICATION_PROTOCOL_DEFINITION ( 'international standard', 'config_control_design', 1994, #1526 ) ;
#915 = DIRECTION ( 'NONE',  ( 6.570922257487903830E-17, 0.000000000000000000, 1.000000000000000000 ) ) ;
#916 = CARTESIAN_POINT ( 'NONE',  ( -0.9999999999999792388, 22.00000000000000000, 49.64473742004934564 ) ) ;
#917 = DIRECTION ( 'NONE',  ( 1.000000000000000000, 0.000000000000000000, -0.000000000000000000 ) ) ;
#918 = LINE ( 'NONE', #1364, #1561 ) ;
#919 = ORIENTED_EDGE ( 'NONE', *, *, #1295, .F. ) ;
#920 = VERTEX_POINT ( 'NONE', #1719 ) ;
#921 = DIRECTION ( 'NONE',  ( 0.000000000000000000, -1.971276677246372258E-17, 1.000000000000000000 ) ) ;
#922 = ORIENTED_EDGE ( 'NONE', *, *, #1833, .T. ) ;
#923 = ORIENTED_EDGE ( 'NONE', *, *, #978, .T. ) ;
#924 = EDGE_CURVE ( 'NONE', #1578, #744, #906, .T. ) ;
#925 = DATE_TIME_ROLE ( 'classification_date' ) ;
#926 = DIRECTION ( 'NONE',  ( 0.000000000000000000, -1.000000000000000000, -1.045014142154703244E-16 ) ) ;
#927 = VECTOR ( 'NONE', #274, 1000.000000000000000 ) ;
#928 = ADVANCED_FACE ( 'NONE', ( #1512 ), #748, .F. ) ;
#929 = DIRECTION ( 'NONE',  ( -1.000000000000000000, 0.000000000000000000, 0.000000000000000000 ) ) ;
#930 = ORIENTED_EDGE ( 'NONE', *, *, #1219, .T. ) ;
#931 = CARTESIAN_POINT ( 'NONE',  ( -5.000000000000007994, 25.27251735415887524, -11.20000000000000107 ) ) ;
#932 = ADVANCED_FACE ( 'NONE', ( #727 ), #1941, .F. ) ;
#933 = CARTESIAN_POINT ( 'NONE',  ( 7.000000000000000000, -3.000000000000019096, 57.78260869565213653 ) ) ;
#934 = ORIENTED_EDGE ( 'NONE', *, *, #215, .F. ) ;
#935 = CC_DESIGN_PERSON_AND_ORGANIZATION_ASSIGNMENT ( #253, #40, ( #1567 ) ) ;
#936 = CARTESIAN_POINT ( 'NONE',  ( -3.275000000000008349, 27.19999999999999574, -16.33699999999999974 ) ) ;
#937 = DIRECTION ( 'NONE',  ( -0.5634384369710554452, 0.000000000000000000, -0.8261580525199848646 ) ) ;
#938 = ORIENTED_EDGE ( 'NONE', *, *, #160, .F. ) ;
#939 = VECTOR ( 'NONE', #1287, 1000.000000000000000 ) ;
#940 = CARTESIAN_POINT ( 'NONE',  ( -4.501000000000007439, 16.99999999999999645, 55.00658097017269910 ) ) ;
#941 = EDGE_LOOP ( 'NONE', ( #1085, #1061, #1667, #1945, #930 ) ) ;
#942 = DIRECTION ( 'NONE',  ( 1.000000000000000000, 0.000000000000000000, -9.757819552369542371E-17 ) ) ;
#943 = LINE ( 'NONE', #1891, #1064 ) ;
#944 = EDGE_CURVE ( 'NONE', #33, #1039, #737, .T. ) ;
#945 = LINE ( 'NONE', #1556, #1601 ) ;
#946 = DIRECTION ( 'NONE',  ( 0.000000000000000000, 0.000000000000000000, 1.000000000000000000 ) ) ;
#947 = EDGE_LOOP ( 'NONE', ( #816, #1482, #369, #21 ) ) ;
#948 = LINE ( 'NONE', #460, #1110 ) ;
#949 = ADVANCED_FACE ( 'NONE', ( #1705 ), #741, .F. ) ;
#950 = EDGE_LOOP ( 'NONE', ( #484, #1010, #724, #707 ) ) ;
#951 = CARTESIAN_POINT ( 'NONE',  ( 5.000000000000000888, 2.654351659482291126, 70.39040537556122956 ) ) ;
#952 = VERTEX_POINT ( 'NONE', #770 ) ;
#953 = EDGE_CURVE ( 'NONE', #548, #1184, #1811, .T. ) ;
#954 = FACE_OUTER_BOUND ( 'NONE', #252, .T. ) ;
#955 = EDGE_CURVE ( 'NONE', #840, #501, #1139, .T. ) ;
#956 = LINE ( 'NONE', #1570, #1321 ) ;
#957 = CARTESIAN_POINT ( 'NONE',  ( 7.000000000000000000, -2.000000000000019096, 57.78260869565213653 ) ) ;
#958 = DIRECTION ( 'NONE',  ( 5.204170427930422269E-16, 1.000000000000000000, 2.775557561562891745E-15 ) ) ;
#959 = ORIENTED_EDGE ( 'NONE', *, *, #1652, .T. ) ;
#960 = ADVANCED_FACE ( 'NONE', ( #991 ), #1471, .T. ) ;
#961 = FACE_OUTER_BOUND ( 'NONE', #57, .T. ) ;
#962 = DIRECTION ( 'NONE',  ( 1.000000000000000000, 0.000000000000000000, -0.000000000000000000 ) ) ;
#963 = DIRECTION ( 'NONE',  ( 0.000000000000000000, 0.000000000000000000, -1.000000000000000000 ) ) ;
#964 = ORIENTED_EDGE ( 'NONE', *, *, #331, .T. ) ;
#965 = EDGE_CURVE ( 'NONE', #1568, #1053, #791, .T. ) ;
#966 = VECTOR ( 'NONE', #108, 1000.000000000000000 ) ;
#967 = CARTESIAN_POINT ( 'NONE',  ( 7.000000000000000000, 15.49999999999999289, -14.20000000000000462 ) ) ;
#968 = AXIS2_PLACEMENT_3D ( 'NONE', #213, #1444, #522 ) ;
#969 = PLANE ( 'NONE',  #432 ) ;
#970 = CARTESIAN_POINT ( 'NONE',  ( -0.5000000000000081046, 27.19999999999999574, -14.68700000000000117 ) ) ;
#971 = CARTESIAN_POINT ( 'NONE',  ( 7.000000000000000000, 1.959434878635765230E-16, -1.600000000000000089 ) ) ;
#972 = PLANE ( 'NONE',  #233 ) ;
#973 = EDGE_CURVE ( 'NONE', #677, #739, #903, .T. ) ;
#974 = AXIS2_PLACEMENT_3D ( 'NONE', #1188, #423, #1037 ) ;
#975 = LINE ( 'NONE', #681, #1585 ) ;
#976 = ORIENTED_EDGE ( 'NONE', *, *, #171, .T. ) ;
#977 = AXIS2_PLACEMENT_3D ( 'NONE', #1688, #754, #1 ) ;
#978 = EDGE_CURVE ( 'NONE', #804, #1294, #608, .T. ) ;
#979 = PLANE ( 'NONE',  #1307 ) ;
#980 = EDGE_LOOP ( 'NONE', ( #1262, #790, #1370, #480, #1767 ) ) ;
#981 = VERTEX_POINT ( 'NONE', #1887 ) ;
#982 = CIRCLE ( 'NONE', #1277, 4.500000000000005329 ) ;
#983 = CARTESIAN_POINT ( 'NONE',  ( 3.999999999999993339, 20.99999999999999289, -3.722582566473828896E-16 ) ) ;
#984 = AXIS2_PLACEMENT_3D ( 'NONE', #1487, #301, #711 ) ;
#985 = CARTESIAN_POINT ( 'NONE',  ( 3.999999999999992450, 25.99999999999999645, -9.337000000000001521 ) ) ;
#986 = EDGE_CURVE ( 'NONE', #981, #1211, #1644, .T. ) ;
#987 = LOCAL_TIME ( 12, 55, 41.00000000000000000, #1937 ) ;
#988 = EDGE_LOOP ( 'NONE', ( #195, #349, #1586, #886, #1466, #135, #1431, #832, #782, #1791 ) ) ;
#989 = PLANE ( 'NONE',  #635 ) ;
#990 = ORIENTED_EDGE ( 'NONE', *, *, #171, .F. ) ;
#991 = FACE_OUTER_BOUND ( 'NONE', #1006, .T. ) ;
#992 = DIRECTION ( 'NONE',  ( 1.000000000000000000, -0.000000000000000000, -9.757819552369541139E-17 ) ) ;
#993 = DIRECTION ( 'NONE',  ( -1.000000000000000000, 0.000000000000000000, 9.757819552369541139E-17 ) ) ;
#994 = LINE ( 'NONE', #44, #1637 ) ;
#995 = CIRCLE ( 'NONE', #1231, 1.650000000000000355 ) ;
#996 = DIRECTION ( 'NONE',  ( 0.000000000000000000, 0.000000000000000000, 1.000000000000000000 ) ) ;
#997 = ORIENTED_EDGE ( 'NONE', *, *, #1728, .T. ) ;
#998 = DIRECTION ( 'NONE',  ( 0.000000000000000000, 1.000000000000000000, -0.000000000000000000 ) ) ;
#999 = EDGE_CURVE ( 'NONE', #307, #1657, #881, .T. ) ;
#1000 = ORIENTED_EDGE ( 'NONE', *, *, #924, .T. ) ;
#1001 = LINE ( 'NONE', #235, #1222 ) ;
#1002 = ORIENTED_EDGE ( 'NONE', *, *, #944, .T. ) ;
#1003 = APPLICATION_CONTEXT ( 'configuration controlled 3d designs of mechanical parts and assemblies' ) ;
#1004 = DIRECTION ( 'NONE',  ( 1.000000000000000000, -0.000000000000000000, -9.757819552369541139E-17 ) ) ;
#1005 = DIRECTION ( 'NONE',  ( 0.000000000000000000, 0.000000000000000000, -1.000000000000000000 ) ) ;
#1006 = EDGE_LOOP ( 'NONE', ( #1376, #1260, #1162, #249, #1894, #469 ) ) ;
#1007 = DIRECTION ( 'NONE',  ( -1.000000000000000000, 0.000000000000000000, -0.000000000000000000 ) ) ;
#1008 = CIRCLE ( 'NONE', #626, 4.500000000000003553 ) ;
#1009 = APPROVAL_DATE_TIME ( #418, #1458 ) ;
#1010 = ORIENTED_EDGE ( 'NONE', *, *, #276, .T. ) ;
#1011 = DIRECTION ( 'NONE',  ( -0.5634384369710547791, 0.000000000000000000, -0.8261580525199853087 ) ) ;
#1012 = EDGE_CURVE ( 'NONE', #287, #1623, #861, .T. ) ;
#1013 = CARTESIAN_POINT ( 'NONE',  ( -3.275000000000008793, 18.99999999999999645, -23.33700000000000330 ) ) ;
#1014 = CARTESIAN_POINT ( 'NONE',  ( 4.500000000000000888, 0.000000000000000000, 0.000000000000000000 ) ) ;
#1015 = EDGE_CURVE ( 'NONE', #1397, #1759, #842, .T. ) ;
#1016 = VERTEX_POINT ( 'NONE', #703 ) ;
#1017 = CARTESIAN_POINT ( 'NONE',  ( 0.000000000000000000, 0.000000000000000000, 47.50000000000000000 ) ) ;
#1018 = VECTOR ( 'NONE', #1965, 1000.000000000000000 ) ;
#1019 = EDGE_LOOP ( 'NONE', ( #513, #353, #909, #569 ) ) ;
#1020 = ORIENTED_EDGE ( 'NONE', *, *, #1043, .T. ) ;
#1021 = DIRECTION ( 'NONE',  ( 6.806311348934043525E-17, -0.6819983600625025844, 0.7313537016191666851 ) ) ;
#1022 = DIRECTION ( 'NONE',  ( 0.000000000000000000, -4.523398894333264428E-17, 1.000000000000000000 ) ) ;
#1023 = LINE ( 'NONE', #1631, #470 ) ;
#1024 = EDGE_CURVE ( 'NONE', #1731, #1859, #1104, .T. ) ;
#1025 = LINE ( 'NONE', #1957, #1480 ) ;
#1026 = ORIENTED_EDGE ( 'NONE', *, *, #1959, .F. ) ;
#1027 = EDGE_LOOP ( 'NONE', ( #1836, #558, #1251, #1603, #1042, #591, #1500, #1240 ) ) ;
#1028 = EDGE_CURVE ( 'NONE', #1168, #1888, #1642, .T. ) ;
#1029 = VECTOR ( 'NONE', #1569, 1000.000000000000000 ) ;
#1030 = FACE_BOUND ( 'NONE', #127, .T. ) ;
#1031 = VECTOR ( 'NONE', #1666, 1000.000000000000000 ) ;
#1032 = ORIENTED_EDGE ( 'NONE', *, *, #554, .F. ) ;
#1033 = CALENDAR_DATE ( 2026, 23, 3 ) ;
#1034 = ORIENTED_EDGE ( 'NONE', *, *, #1312, .T. ) ;
#1035 = CARTESIAN_POINT ( 'NONE',  ( -2.000000000000017319, 22.00000000000000000, 10.80000000000000071 ) ) ;
#1036 = PLANE ( 'NONE',  #1658 ) ;
#1037 = DIRECTION ( 'NONE',  ( 0.000000000000000000, 0.000000000000000000, -1.000000000000000000 ) ) ;
#1038 = ORIENTED_EDGE ( 'NONE', *, *, #1735, .F. ) ;
#1039 = VERTEX_POINT ( 'NONE', #116 ) ;
#1040 = DIRECTION ( 'NONE',  ( 0.000000000000000000, 0.000000000000000000, -1.000000000000000000 ) ) ;
#1041 = ADVANCED_FACE ( 'NONE', ( #1385 ), #115, .T. ) ;
#1042 = ORIENTED_EDGE ( 'NONE', *, *, #839, .F. ) ;
#1043 = EDGE_CURVE ( 'NONE', #332, #1780, #88, .T. ) ;
#1044 = APPROVAL_STATUS ( 'not_yet_approved' ) ;
#1045 = CARTESIAN_POINT ( 'NONE',  ( 7.000000000000000000, 6.499999999999996447, 4.000000000000000000 ) ) ;
#1046 = CARTESIAN_POINT ( 'NONE',  ( -0.5000000000000088818, 20.99999999999999645, -23.33700000000000330 ) ) ;
#1047 = PLANE ( 'NONE',  #435 ) ;
#1048 = DIRECTION ( 'NONE',  ( 6.806311348934042292E-17, -0.6819983600625025844, 0.7313537016191666851 ) ) ;
#1049 = DIRECTION ( 'NONE',  ( -2.957696414445268746E-16, -0.6819983600625025844, 0.7313537016191666851 ) ) ;
#1050 = ORIENTED_EDGE ( 'NONE', *, *, #300, .F. ) ;
#1051 = PERSON_AND_ORGANIZATION_ROLE ( 'creator' ) ;
#1052 = LINE ( 'NONE', #1404, #52 ) ;
#1053 = VERTEX_POINT ( 'NONE', #1150 ) ;
#1054 = DIRECTION ( 'NONE',  ( -1.000000000000000000, 0.000000000000000000, 9.306456416184587030E-17 ) ) ;
#1055 = DIRECTION ( 'NONE',  ( 0.000000000000000000, -7.131640956793534317E-15, 1.000000000000000000 ) ) ;
#1056 = CC_DESIGN_APPROVAL ( #871, ( #1567 ) ) ;
#1057 = DIRECTION ( 'NONE',  ( 0.000000000000000000, 0.000000000000000000, 1.000000000000000000 ) ) ;
#1058 = CARTESIAN_POINT ( 'NONE',  ( 0.000000000000000000, 4.000000000000000000, 4.000000000000003553 ) ) ;
#1059 = LINE ( 'NONE', #170, #595 ) ;
#1060 = AXIS2_PLACEMENT_3D ( 'NONE', #341, #38, #181 ) ;
#1061 = ORIENTED_EDGE ( 'NONE', *, *, #556, .F. ) ;
#1062 = ORIENTED_EDGE ( 'NONE', *, *, #557, .T. ) ;
#1063 = CALENDAR_DATE ( 2026, 23, 3 ) ;
#1064 = VECTOR ( 'NONE', #834, 1000.000000000000000 ) ;
#1065 = LINE ( 'NONE', #145, #421 ) ;
#1066 = EDGE_CURVE ( 'NONE', #1671, #477, #695, .T. ) ;
#1067 = DIRECTION ( 'NONE',  ( 1.000000000000000000, -0.000000000000000000, -0.000000000000000000 ) ) ;
#1068 = CARTESIAN_POINT ( 'NONE',  ( 5.000000000000000888, 2.654351659482292014, 70.39040537556122956 ) ) ;
#1069 = ORIENTED_EDGE ( 'NONE', *, *, #169, .F. ) ;
#1070 = CARTESIAN_POINT ( 'NONE',  ( 7.001000000000006551, 7.999999999999996447, 17.80000000000000071 ) ) ;
#1071 = CARTESIAN_POINT ( 'NONE',  ( 0.000000000000000000, 3.100000000000000089, -34.00000000000000000 ) ) ;
#1072 = ORIENTED_EDGE ( 'NONE', *, *, #1163, .T. ) ;
#1073 = ORIENTED_EDGE ( 'NONE', *, *, #46, .T. ) ;
#1074 = ORIENTED_EDGE ( 'NONE', *, *, #1948, .F. ) ;
#1075 = DIRECTION ( 'NONE',  ( 0.000000000000000000, -1.000000000000000000, 0.000000000000000000 ) ) ;
#1076 = EDGE_CURVE ( 'NONE', #1281, #1351, #1799, .T. ) ;
#1077 = AXIS2_PLACEMENT_3D ( 'NONE', #1961, #1696, #600 ) ;
#1078 = EDGE_CURVE ( 'NONE', #198, #1731, #1757, .T. ) ;
#1079 = ORIENTED_EDGE ( 'NONE', *, *, #564, .T. ) ;
#1080 = DIRECTION ( 'NONE',  ( -0.000000000000000000, 1.000000000000000000, -0.000000000000000000 ) ) ;
#1081 = CARTESIAN_POINT ( 'NONE',  ( 5.000000000000004441, -2.999999999999999112, -28.50000000000001066 ) ) ;
#1082 = ORIENTED_EDGE ( 'NONE', *, *, #1332, .F. ) ;
#1083 = DIRECTION ( 'NONE',  ( 0.000000000000000000, 0.000000000000000000, -1.000000000000000000 ) ) ;
#1084 = ORIENTED_EDGE ( 'NONE', *, *, #658, .F. ) ;
#1085 = ORIENTED_EDGE ( 'NONE', *, *, #1440, .F. ) ;
#1086 = VERTEX_POINT ( 'NONE', #708 ) ;
#1087 = CARTESIAN_POINT ( 'NONE',  ( 5.000000000000000000, 3.999999999999998224, 60.85000000000000142 ) ) ;
#1088 = CARTESIAN_POINT ( 'NONE',  ( -2.000000000000017319, 22.00000000000000000, 48.17845823440966768 ) ) ;
#1089 = ORIENTED_EDGE ( 'NONE', *, *, #1128, .F. ) ;
#1090 = CARTESIAN_POINT ( 'NONE',  ( 7.000000000000000000, 3.100000000000000977, -28.50000000000000355 ) ) ;
#1091 = VERTEX_POINT ( 'NONE', #1654 ) ;
#1092 = APPROVAL_DATE_TIME ( #461, #871 ) ;
#1093 = VECTOR ( 'NONE', #71, 1000.000000000000000 ) ;
#1094 = VECTOR ( 'NONE', #679, 1000.000000000000000 ) ;
#1095 = DIRECTION ( 'NONE',  ( -1.000000000000000000, 0.000000000000000000, 9.757819552369541139E-17 ) ) ;
#1096 = ORIENTED_EDGE ( 'NONE', *, *, #1024, .F. ) ;
#1097 = VERTEX_POINT ( 'NONE', #1325 ) ;
#1098 = EDGE_CURVE ( 'NONE', #1053, #1568, #397, .T. ) ;
#1099 = DIRECTION ( 'NONE',  ( 0.000000000000000000, 0.000000000000000000, 1.000000000000000000 ) ) ;
#1100 = CARTESIAN_POINT ( 'NONE',  ( 7.000000000000000000, 0.000000000000000000, 0.000000000000000000 ) ) ;
#1101 = EDGE_CURVE ( 'NONE', #1581, #739, #1008, .T. ) ;
#1102 = FACE_OUTER_BOUND ( 'NONE', #381, .T. ) ;
#1103 = CYLINDRICAL_SURFACE ( 'NONE', #1243, 1.600000000000000755 ) ;
#1104 = LINE ( 'NONE', #660, #1438 ) ;
#1105 = ADVANCED_FACE ( 'NONE', ( #1912, #1920, #1030, #1903, #382 ), #1159, .F. ) ;
#1106 = EDGE_LOOP ( 'NONE', ( #882, #275, #528, #1882, #112, #803, #1529, #1477 ) ) ;
#1107 = DIRECTION ( 'NONE',  ( 0.000000000000000000, 1.000000000000000000, 0.000000000000000000 ) ) ;
#1108 = AXIS2_PLACEMENT_3D ( 'NONE', #372, #1453, #239 ) ;
#1109 = DIRECTION ( 'NONE',  ( -9.306456416184588263E-17, -0.000000000000000000, -1.000000000000000000 ) ) ;
#1110 = VECTOR ( 'NONE', #39, 1000.000000000000000 ) ;
#1111 = DIRECTION ( 'NONE',  ( 1.084202172485504187E-16, 0.000000000000000000, 1.000000000000000000 ) ) ;
#1112 = CARTESIAN_POINT ( 'NONE',  ( -4.501000000000007439, 4.000000000000000000, -28.57413601349979260 ) ) ;
#1113 = ORIENTED_EDGE ( 'NONE', *, *, #1621, .F. ) ;
#1114 = VECTOR ( 'NONE', #1403, 1000.000000000000000 ) ;
#1115 = CARTESIAN_POINT ( 'NONE',  ( 7.000000000000000000, 18.99999999999999645, -29.19999999999999929 ) ) ;
#1116 = DIRECTION ( 'NONE',  ( 0.000000000000000000, -1.000000000000000000, 1.577021341797097560E-16 ) ) ;
#1117 = VERTEX_POINT ( 'NONE', #1170 ) ;
#1118 = DIRECTION ( 'NONE',  ( 0.000000000000000000, 0.000000000000000000, 1.000000000000000000 ) ) ;
#1119 = ORIENTED_EDGE ( 'NONE', *, *, #1528, .F. ) ;
#1120 = LINE ( 'NONE', #971, #1914 ) ;
#1121 = CARTESIAN_POINT ( 'NONE',  ( -0.5000000000000083267, 27.19999999999999574, -17.98699999999999832 ) ) ;
#1122 = PLANE ( 'NONE',  #1183 ) ;
#1123 = VERTEX_POINT ( 'NONE', #126 ) ;
#1124 = EDGE_CURVE ( 'NONE', #1387, #1016, #874, .T. ) ;
#1125 = VECTOR ( 'NONE', #1343, 1000.000000000000000 ) ;
#1126 = PLANE ( 'NONE',  #968 ) ;
#1127 = AXIS2_PLACEMENT_3D ( 'NONE', #1264, #1446, #488 ) ;
#1128 = EDGE_CURVE ( 'NONE', #1141, #1294, #1476, .T. ) ;
#1129 = ORIENTED_EDGE ( 'NONE', *, *, #146, .T. ) ;
#1130 = ORIENTED_EDGE ( 'NONE', *, *, #1161, .T. ) ;
#1131 = EDGE_CURVE ( 'NONE', #1207, #1581, #367, .T. ) ;
#1132 = DIRECTION ( 'NONE',  ( 0.000000000000000000, 0.000000000000000000, 1.000000000000000000 ) ) ;
#1133 = ORIENTED_EDGE ( 'NONE', *, *, #1921, .F. ) ;
#1134 = DIRECTION ( 'NONE',  ( 0.000000000000000000, -1.577021341797097560E-16, 1.000000000000000000 ) ) ;
#1135 = ORIENTED_EDGE ( 'NONE', *, *, #11, .T. ) ;
#1136 = CARTESIAN_POINT ( 'NONE',  ( -0.5000000000000082157, 27.19999999999999574, -16.33699999999999974 ) ) ;
#1137 = EDGE_CURVE ( 'NONE', #118, #184, #241, .T. ) ;
#1138 = PRODUCT_DEFINITION ( 'æœ', '', #697, #250 ) ;
#1139 = CIRCLE ( 'NONE', #282, 1.649999999999998579 ) ;
#1140 = CARTESIAN_POINT ( 'NONE',  ( 7.000000000000000000, 6.500000000000000000, -29.19999999999999929 ) ) ;
#1141 = VERTEX_POINT ( 'NONE', #717 ) ;
#1142 = CIRCLE ( 'NONE', #124, 1.650000000000000355 ) ;
#1143 = ORIENTED_EDGE ( 'NONE', *, *, #290, .T. ) ;
#1144 = LINE ( 'NONE', #1610, #202 ) ;
#1145 = ORIENTED_EDGE ( 'NONE', *, *, #1137, .F. ) ;
#1146 = DIRECTION ( 'NONE',  ( 0.000000000000000000, 2.602085213965208275E-15, 1.000000000000000000 ) ) ;
#1147 = ADVANCED_FACE ( 'NONE', ( #853 ), #568, .F. ) ;
#1148 = DIRECTION ( 'NONE',  ( 0.000000000000000000, -1.000000000000000000, 0.000000000000000000 ) ) ;
#1149 = UNCERTAINTY_MEASURE_WITH_UNIT (LENGTH_MEASURE( 1.000000000000000082E-05 ), #1198, 'distance_accuracy_value', 'NONE');
#1150 = CARTESIAN_POINT ( 'NONE',  ( 5.000000000000004441, 0.000000000000000000, -18.39999999999999858 ) ) ;
#1151 = ORIENTED_EDGE ( 'NONE', *, *, #69, .F. ) ;
#1152 = DIRECTION ( 'NONE',  ( -1.000000000000000000, 0.000000000000000000, 0.000000000000000000 ) ) ;
#1153 = VERTEX_POINT ( 'NONE', #1608 ) ;
#1154 = VECTOR ( 'NONE', #37, 1000.000000000000000 ) ;
#1155 = CARTESIAN_POINT ( 'NONE',  ( 1.999999999999999112, 3.999999999999998224, 62.50000000000000000 ) ) ;
#1156 = AXIS2_PLACEMENT_3D ( 'NONE', #130, #293, #915 ) ;
#1157 = CARTESIAN_POINT ( 'NONE',  ( 21.90479651964898622, 3.999999999999999112, 62.50000000000000000 ) ) ;
#1158 = ORIENTED_EDGE ( 'NONE', *, *, #1703, .F. ) ;
#1159 = PLANE ( 'NONE',  #247 ) ;
#1160 = EDGE_CURVE ( 'NONE', #1141, #34, #1946, .T. ) ;
#1161 = EDGE_CURVE ( 'NONE', #705, #1351, #578, .T. ) ;
#1162 = ORIENTED_EDGE ( 'NONE', *, *, #183, .F. ) ;
#1163 = EDGE_CURVE ( 'NONE', #358, #385, #1142, .T. ) ;
#1164 = ORIENTED_EDGE ( 'NONE', *, *, #875, .F. ) ;
#1165 = CARTESIAN_POINT ( 'NONE',  ( 4.225000000000000533, -2.999999999999997335, -34.20000000000000284 ) ) ;
#1166 = ORIENTED_EDGE ( 'NONE', *, *, #1571, .F. ) ;
#1167 = FACE_OUTER_BOUND ( 'NONE', #1626, .T. ) ;
#1168 = VERTEX_POINT ( 'NONE', #1530 ) ;
#1169 = ORIENTED_EDGE ( 'NONE', *, *, #58, .T. ) ;
#1170 = CARTESIAN_POINT ( 'NONE',  ( -3.275000000000007017, 22.00000000000000000, -11.20000000000000107 ) ) ;
#1171 = AXIS2_PLACEMENT_3D ( 'NONE', #1213, #1817, #442 ) ;
#1172 = ORIENTED_EDGE ( 'NONE', *, *, #722, .T. ) ;
#1173 = VECTOR ( 'NONE', #246, 1000.000000000000000 ) ;
#1174 = VECTOR ( 'NONE', #1182, 1000.000000000000000 ) ;
#1175 = CARTESIAN_POINT ( 'NONE',  ( 4.500000000000000888, 15.49999999999999645, 17.80000000000000071 ) ) ;
#1176 = VERTEX_POINT ( 'NONE', #474 ) ;
#1177 = CARTESIAN_POINT ( 'NONE',  ( -5.000000000000007994, 25.99999999999999645, -9.337000000000001521 ) ) ;
#1178 = DIRECTION ( 'NONE',  ( -1.000000000000000000, 0.000000000000000000, 9.306456416184589495E-17 ) ) ;
#1179 = PLANE ( 'NONE',  #89 ) ;
#1180 = DIRECTION ( 'NONE',  ( 0.000000000000000000, 0.000000000000000000, 1.000000000000000000 ) ) ;
#1181 = VERTEX_POINT ( 'NONE', #1394 ) ;
#1182 = DIRECTION ( 'NONE',  ( 3.942553354492745133E-17, -1.000000000000000000, -7.885106708985490266E-17 ) ) ;
#1183 = AXIS2_PLACEMENT_3D ( 'NONE', #386, #1134, #1725 ) ;
#1184 = VERTEX_POINT ( 'NONE', #9 ) ;
#1185 = VERTEX_POINT ( 'NONE', #1087 ) ;
#1186 = FACE_OUTER_BOUND ( 'NONE', #1911, .T. ) ;
#1187 = CARTESIAN_POINT ( 'NONE',  ( 4.225000000000007638, -3.000000000000019096, 57.78260869565213653 ) ) ;
#1188 = CARTESIAN_POINT ( 'NONE',  ( -4.501000000000007439, 3.999999999999998224, 62.50000000000000000 ) ) ;
#1189 = ADVANCED_FACE ( 'NONE', ( #15 ), #1544, .T. ) ;
#1190 = CIRCLE ( 'NONE', #1361, 1.649999999999998579 ) ;
#1191 = ORIENTED_EDGE ( 'NONE', *, *, #161, .T. ) ;
#1192 = AXIS2_PLACEMENT_3D ( 'NONE', #521, #510, #841 ) ;
#1193 = CARTESIAN_POINT ( 'NONE',  ( 19.11077027627482394, 22.00000000000000000, -11.20000000000000284 ) ) ;
#1194 = ORIENTED_EDGE ( 'NONE', *, *, #978, .F. ) ;
#1195 = EDGE_CURVE ( 'NONE', #670, #1039, #1706, .T. ) ;
#1196 = DIRECTION ( 'NONE',  ( 1.000000000000000000, 0.000000000000000000, 0.000000000000000000 ) ) ;
#1197 = ORIENTED_EDGE ( 'NONE', *, *, #509, .F. ) ;
#1198 =( LENGTH_UNIT ( ) NAMED_UNIT ( * ) SI_UNIT ( .MILLI., .METRE. ) );
#1199 = PLANE ( 'NONE',  #1732 ) ;
#1200 = ORIENTED_EDGE ( 'NONE', *, *, #414, .T. ) ;
#1201 = CARTESIAN_POINT ( 'NONE',  ( 7.000000000000000000, 7.999999999999996447, 17.80000000000000071 ) ) ;
#1202 = CARTESIAN_POINT ( 'NONE',  ( 4.500000000000000888, 7.999999999999992895, -14.20000000000000284 ) ) ;
#1203 = DIRECTION ( 'NONE',  ( 0.000000000000000000, 0.000000000000000000, 1.000000000000000000 ) ) ;
#1204 = FACE_OUTER_BOUND ( 'NONE', #30, .T. ) ;
#1205 = ORIENTED_EDGE ( 'NONE', *, *, #1076, .F. ) ;
#1206 = FACE_OUTER_BOUND ( 'NONE', #1919, .T. ) ;
#1207 = VERTEX_POINT ( 'NONE', #766 ) ;
#1208 = AXIS2_PLACEMENT_3D ( 'NONE', #692, #764, #1111 ) ;
#1209 = CARTESIAN_POINT ( 'NONE',  ( -3.275000000000008793, 20.99999999999999645, -21.33700000000000330 ) ) ;
#1210 = AXIS2_PLACEMENT_3D ( 'NONE', #885, #1337, #545 ) ;
#1211 = VERTEX_POINT ( 'NONE', #587 ) ;
#1212 = CARTESIAN_POINT ( 'NONE',  ( 31.65336144876025770, 6.563277878031139601, 66.19859520899437655 ) ) ;
#1213 = CARTESIAN_POINT ( 'NONE',  ( -4.500000000000008882, 22.00000000000000000, -29.19999999999999929 ) ) ;
#1214 = EDGE_CURVE ( 'NONE', #48, #212, #1246, .T. ) ;
#1215 = CARTESIAN_POINT ( 'NONE',  ( 5.000000000000000888, 7.868390842953765230, 64.79903290236383384 ) ) ;
#1216 = DIRECTION ( 'NONE',  ( 1.084202172485503448E-16, 0.000000000000000000, 1.000000000000000000 ) ) ;
#1217 = LINE ( 'NONE', #151, #1031 ) ;
#1218 = EDGE_CURVE ( 'NONE', #1185, #1681, #1900, .T. ) ;
#1219 = EDGE_CURVE ( 'NONE', #1402, #684, #468, .T. ) ;
#1220 = LINE ( 'NONE', #313, #1273 ) ;
#1221 = ORIENTED_EDGE ( 'NONE', *, *, #245, .F. ) ;
#1222 = VECTOR ( 'NONE', #1152, 1000.000000000000000 ) ;
#1223 = CARTESIAN_POINT ( 'NONE',  ( -4.500000000000007105, 25.27251735415887524, -11.20000000000000107 ) ) ;
#1224 = FACE_OUTER_BOUND ( 'NONE', #1342, .T. ) ;
#1225 = DIRECTION ( 'NONE',  ( 0.000000000000000000, 1.084202172485504434E-16, 1.000000000000000000 ) ) ;
#1226 = CARTESIAN_POINT ( 'NONE',  ( -5.001000000000018986, 4.000000000000004441, 14.00000000000000711 ) ) ;
#1227 = CYLINDRICAL_SURFACE ( 'NONE', #1773, 1.000000000000000888 ) ;
#1228 = CARTESIAN_POINT ( 'NONE',  ( 0.9999999999999983347, 16.99999999999999645, 55.00658097017269199 ) ) ;
#1229 = AXIS2_PLACEMENT_3D ( 'NONE', #848, #992, #370 ) ;
#1230 = ORIENTED_EDGE ( 'NONE', *, *, #1274, .T. ) ;
#1231 = AXIS2_PLACEMENT_3D ( 'NONE', #446, #749, #1374 ) ;
#1232 = CC_DESIGN_DATE_AND_TIME_ASSIGNMENT ( #547, #1478, ( #1138 ) ) ;
#1233 = EDGE_CURVE ( 'NONE', #1521, #1123, #1059, .T. ) ;
#1234 = CARTESIAN_POINT ( 'NONE',  ( 5.000000000000004441, 3.100000000000000977, -28.50000000000000355 ) ) ;
#1235 = EDGE_CURVE ( 'NONE', #6, #1638, #1822, .T. ) ;
#1236 = CARTESIAN_POINT ( 'NONE',  ( -3.275000000000007905, 25.99999999999999645, -11.33700000000000152 ) ) ;
#1237 = DIRECTION ( 'NONE',  ( 1.000000000000000000, 0.000000000000000000, -0.000000000000000000 ) ) ;
#1238 = ORIENTED_EDGE ( 'NONE', *, *, #1076, .T. ) ;
#1239 = ORIENTED_EDGE ( 'NONE', *, *, #1312, .F. ) ;
#1240 = ORIENTED_EDGE ( 'NONE', *, *, #1746, .F. ) ;
#1241 = ORIENTED_EDGE ( 'NONE', *, *, #1318, .T. ) ;
#1242 = CARTESIAN_POINT ( 'NONE',  ( 3.000000000000000000, 6.499999999999996447, 64.00000000000000000 ) ) ;
#1243 = AXIS2_PLACEMENT_3D ( 'NONE', #913, #1522, #156 ) ;
#1244 = CARTESIAN_POINT ( 'NONE',  ( -0.5000000000000082157, 27.19999999999999574, -16.33699999999999974 ) ) ;
#1245 = ORIENTED_EDGE ( 'NONE', *, *, #796, .T. ) ;
#1246 = LINE ( 'NONE', #466, #1114 ) ;
#1247 = CARTESIAN_POINT ( 'NONE',  ( 19.72792206135787296, 3.999999999999999112, 62.50000000000000000 ) ) ;
#1248 = FACE_OUTER_BOUND ( 'NONE', #950, .T. ) ;
#1249 = CARTESIAN_POINT ( 'NONE',  ( 7.000000000000000000, 3.100000000000000089, -34.00000000000000000 ) ) ;
#1250 = DIRECTION ( 'NONE',  ( 1.000000000000000000, 0.000000000000000000, 0.000000000000000000 ) ) ;
#1251 = ORIENTED_EDGE ( 'NONE', *, *, #1546, .T. ) ;
#1252 = APPROVAL ( #1044, 'æœª' ) ;
#1253 = ORIENTED_EDGE ( 'NONE', *, *, #1697, .T. ) ;
#1254 = PLANE ( 'NONE',  #366 ) ;
#1255 = DIRECTION ( 'NONE',  ( -1.000000000000000000, -0.000000000000000000, -0.000000000000000000 ) ) ;
#1256 = CARTESIAN_POINT ( 'NONE',  ( 0.9999999999999878986, 23.99999999999999645, -29.19999999999999929 ) ) ;
#1257 = VECTOR ( 'NONE', #1708, 1000.000000000000000 ) ;
#1258 = CYLINDRICAL_SURFACE ( 'NONE', #91, 2.500000000000000444 ) ;
#1259 = LINE ( 'NONE', #1857, #966 ) ;
#1260 = ORIENTED_EDGE ( 'NONE', *, *, #1541, .F. ) ;
#1261 = CARTESIAN_POINT ( 'NONE',  ( 5.000000000000004441, 4.000000000000000000, -28.57413601349979970 ) ) ;
#1262 = ORIENTED_EDGE ( 'NONE', *, *, #1160, .T. ) ;
#1263 = DIRECTION ( 'NONE',  ( 0.000000000000000000, -2.376333528735352191E-16, 1.000000000000000000 ) ) ;
#1264 = CARTESIAN_POINT ( 'NONE',  ( 5.000000000000004441, 0.000000000000000000, 0.000000000000000000 ) ) ;
#1265 = VERTEX_POINT ( 'NONE', #1669 ) ;
#1266 = DIRECTION ( 'NONE',  ( 0.000000000000000000, 0.000000000000000000, -1.000000000000000000 ) ) ;
#1267 = DIRECTION ( 'NONE',  ( -1.000000000000000000, -3.252606517456513918E-17, -0.000000000000000000 ) ) ;
#1268 = CIRCLE ( 'NONE', #1270, 1.650000000000000355 ) ;
#1269 = MANIFOLD_SOLID_BREP ( 'Ô²½Ç8', #177 ) ;
#1270 = AXIS2_PLACEMENT_3D ( 'NONE', #1712, #690, #1722 ) ;
#1271 = FACE_OUTER_BOUND ( 'NONE', #393, .T. ) ;
#1272 = AXIS2_PLACEMENT_3D ( 'NONE', #985, #1597, #1005 ) ;
#1273 = VECTOR ( 'NONE', #921, 1000.000000000000000 ) ;
#1274 = EDGE_CURVE ( 'NONE', #1938, #120, #1718, .T. ) ;
#1275 = CARTESIAN_POINT ( 'NONE',  ( -0.9999999999999792388, 24.00000000000000000, 47.50000000000000000 ) ) ;
#1276 = EDGE_CURVE ( 'NONE', #1123, #405, #22, .T. ) ;
#1277 = AXIS2_PLACEMENT_3D ( 'NONE', #167, #1685, #18 ) ;
#1278 = EDGE_CURVE ( 'NONE', #1185, #840, #1831, .T. ) ;
#1279 = CARTESIAN_POINT ( 'NONE',  ( 7.001000000000006551, 11.74999999999999645, 17.80000000000000426 ) ) ;
#1280 = ORIENTED_EDGE ( 'NONE', *, *, #511, .F. ) ;
#1281 = VERTEX_POINT ( 'NONE', #186 ) ;
#1282 = VECTOR ( 'NONE', #344, 1000.000000000000000 ) ;
#1283 = LINE ( 'NONE', #1424, #482 ) ;
#1284 = VERTEX_POINT ( 'NONE', #1081 ) ;
#1285 = ADVANCED_FACE ( 'NONE', ( #1206 ), #306, .F. ) ;
#1286 = DIRECTION ( 'NONE',  ( 0.000000000000000000, 0.000000000000000000, -1.000000000000000000 ) ) ;
#1287 = DIRECTION ( 'NONE',  ( 0.000000000000000000, 1.000000000000000000, 0.000000000000000000 ) ) ;
#1288 = ORIENTED_EDGE ( 'NONE', *, *, #1015, .F. ) ;
#1289 = EDGE_CURVE ( 'NONE', #872, #1756, #1812, .T. ) ;
#1290 = DIRECTION ( 'NONE',  ( -0.000000000000000000, -0.000000000000000000, -1.000000000000000000 ) ) ;
#1291 = AXIS2_PLACEMENT_3D ( 'NONE', #1808, #1334, #1057 ) ;
#1292 = ORIENTED_EDGE ( 'NONE', *, *, #161, .F. ) ;
#1293 = CARTESIAN_POINT ( 'NONE',  ( 7.001000000000006551, 15.49999999999999645, 17.80000000000000071 ) ) ;
#1294 = VERTEX_POINT ( 'NONE', #1228 ) ;
#1295 = EDGE_CURVE ( 'NONE', #142, #80, #1844, .T. ) ;
#1296 = FACE_BOUND ( 'NONE', #229, .T. ) ;
#1297 = LINE ( 'NONE', #512, #1885 ) ;
#1298 = VECTOR ( 'NONE', #1723, 1000.000000000000000 ) ;
#1299 = VECTOR ( 'NONE', #1344, 1000.000000000000000 ) ;
#1300 = PLANE ( 'NONE',  #1108 ) ;
#1301 = ORIENTED_EDGE ( 'NONE', *, *, #761, .F. ) ;
#1302 = EDGE_LOOP ( 'NONE', ( #1711, #1050 ) ) ;
#1303 = FACE_OUTER_BOUND ( 'NONE', #260, .T. ) ;
#1304 = CIRCLE ( 'NONE', #601, 1.600000000000000089 ) ;
#1305 = VERTEX_POINT ( 'NONE', #154 ) ;
#1306 = DIRECTION ( 'NONE',  ( 1.000000000000000000, -0.000000000000000000, -9.306456416184588263E-17 ) ) ;
#1307 = AXIS2_PLACEMENT_3D ( 'NONE', #1293, #227, #243 ) ;
#1308 = ORGANIZATION ( 'æœª', 'æœª', '' ) ;
#1309 = FACE_OUTER_BOUND ( 'NONE', #1936, .T. ) ;
#1310 = ORIENTED_EDGE ( 'NONE', *, *, #1484, .F. ) ;
#1311 = CARTESIAN_POINT ( 'NONE',  ( 7.000000000000000000, 0.000000000000000000, 0.000000000000000000 ) ) ;
#1312 = EDGE_CURVE ( 'NONE', #501, #840, #763, .T. ) ;
#1313 = ORIENTED_EDGE ( 'NONE', *, *, #1784, .F. ) ;
#1314 = DIRECTION ( 'NONE',  ( 0.000000000000000000, -0.7313537016191666851, -0.6819983600625025844 ) ) ;
#1315 = ORIENTED_EDGE ( 'NONE', *, *, #905, .F. ) ;
#1316 = LINE ( 'NONE', #1770, #1395 ) ;
#1317 = CARTESIAN_POINT ( 'NONE',  ( -3.275000000000008349, 27.19999999999999574, -14.68700000000000117 ) ) ;
#1318 = EDGE_CURVE ( 'NONE', #613, #1888, #1220, .T. ) ;
#1319 = CIRCLE ( 'NONE', #672, 3.750000000000000000 ) ;
#1320 = ORIENTED_EDGE ( 'NONE', *, *, #1959, .T. ) ;
#1321 = VECTOR ( 'NONE', #1109, 1000.000000000000000 ) ;
#1322 = CARTESIAN_POINT ( 'NONE',  ( 3.999999999999994671, 18.99999999999999645, 7.800000000000001599 ) ) ;
#1323 = EDGE_LOOP ( 'NONE', ( #1620, #1813, #478, #864 ) ) ;
#1324 = ORIENTED_EDGE ( 'NONE', *, *, #453, .T. ) ;
#1325 = CARTESIAN_POINT ( 'NONE',  ( 0.000000000000000000, 6.500000000000000000, -29.19999999999999929 ) ) ;
#1326 = ORIENTED_EDGE ( 'NONE', *, *, #1012, .T. ) ;
#1327 = DIRECTION ( 'NONE',  ( -1.000000000000000000, 0.000000000000000000, 9.757819552369541139E-17 ) ) ;
#1328 = LINE ( 'NONE', #23, #305 ) ;
#1329 = ORIENTED_EDGE ( 'NONE', *, *, #1440, .T. ) ;
#1330 = DIRECTION ( 'NONE',  ( -9.306456416184589495E-17, 0.000000000000000000, -1.000000000000000000 ) ) ;
#1331 = DIRECTION ( 'NONE',  ( -0.000000000000000000, 0.6819983600625024733, -0.7313537016191667961 ) ) ;
#1332 = EDGE_CURVE ( 'NONE', #1086, #1578, #285, .T. ) ;
#1333 = DIRECTION ( 'NONE',  ( 0.000000000000000000, 0.4151624548736455034, 0.9097472924187729459 ) ) ;
#1334 = DIRECTION ( 'NONE',  ( 1.000000000000000000, 0.000000000000000000, -0.000000000000000000 ) ) ;
#1335 = AXIS2_PLACEMENT_3D ( 'NONE', #1071, #328, #447 ) ;
#1336 = ORIENTED_EDGE ( 'NONE', *, *, #1621, .T. ) ;
#1337 = DIRECTION ( 'NONE',  ( 1.000000000000000000, 0.000000000000000000, -0.000000000000000000 ) ) ;
#1338 = ORIENTED_EDGE ( 'NONE', *, *, #786, .F. ) ;
#1339 = AXIS2_PLACEMENT_3D ( 'NONE', #1493, #1617, #272 ) ;
#1340 = DIRECTION ( 'NONE',  ( 1.000000000000000000, -0.000000000000000000, -0.000000000000000000 ) ) ;
#1341 = DIRECTION ( 'NONE',  ( 0.000000000000000000, -0.000000000000000000, -1.000000000000000000 ) ) ;
#1342 = EDGE_LOOP ( 'NONE', ( #1169, #694, #456, #1069 ) ) ;
#1343 = DIRECTION ( 'NONE',  ( 0.000000000000000000, 1.000000000000000000, 0.000000000000000000 ) ) ;
#1344 = DIRECTION ( 'NONE',  ( -5.690457492311863610E-15, 0.6819983600624973663, -0.7313537016191715701 ) ) ;
#1345 = ADVANCED_FACE ( 'NONE', ( #338 ), #495, .T. ) ;
#1346 = CARTESIAN_POINT ( 'NONE',  ( 3.000000000000000000, 6.499999999999996447, 47.50000000000000000 ) ) ;
#1347 = CARTESIAN_POINT ( 'NONE',  ( 7.000000000000000000, -3.000000000000002665, 57.99999999999999289 ) ) ;
#1348 = DIRECTION ( 'NONE',  ( 1.000000000000000000, -4.336808689942020694E-16, 0.000000000000000000 ) ) ;
#1349 = EDGE_LOOP ( 'NONE', ( #597, #79, #1485, #140 ) ) ;
#1350 = DIRECTION ( 'NONE',  ( -1.000000000000000000, -0.000000000000000000, -0.000000000000000000 ) ) ;
#1351 = VERTEX_POINT ( 'NONE', #1895 ) ;
#1352 = VECTOR ( 'NONE', #1075, 1000.000000000000000 ) ;
#1353 = LINE ( 'NONE', #1653, #109 ) ;
#1354 = DIRECTION ( 'NONE',  ( 0.000000000000000000, 0.000000000000000000, 1.000000000000000000 ) ) ;
#1355 = VECTOR ( 'NONE', #1455, 1000.000000000000000 ) ;
#1356 = APPROVAL_ROLE ( '' ) ;
#1357 = DIRECTION ( 'NONE',  ( 0.000000000000000000, 0.000000000000000000, 1.000000000000000000 ) ) ;
#1358 = ORIENTED_EDGE ( 'NONE', *, *, #223, .F. ) ;
#1359 = EDGE_CURVE ( 'NONE', #1016, #118, #531, .T. ) ;
#1360 = CARTESIAN_POINT ( 'NONE',  ( 0.9999999999999991118, 6.499999999999996447, 14.00000000000000178 ) ) ;
#1361 = AXIS2_PLACEMENT_3D ( 'NONE', #794, #1872, #340 ) ;
#1362 = CYLINDRICAL_SURFACE ( 'NONE', #1679, 2.000000000000001776 ) ;
#1363 = ORIENTED_EDGE ( 'NONE', *, *, #1461, .F. ) ;
#1364 = CARTESIAN_POINT ( 'NONE',  ( 7.001000000000006551, 15.49999999999999645, -14.20000000000000462 ) ) ;
#1365 = ORIENTED_EDGE ( 'NONE', *, *, #1233, .T. ) ;
#1366 = AXIS2_PLACEMENT_3D ( 'NONE', #1249, #1849, #1266 ) ;
#1367 = CARTESIAN_POINT ( 'NONE',  ( -3.275000000000005684, 22.00000000000000000, 10.80000000000000071 ) ) ;
#1368 = DIRECTION ( 'NONE',  ( 0.000000000000000000, -1.000000000000000000, 1.084202172485504311E-16 ) ) ;
#1369 = DIRECTION ( 'NONE',  ( 8.673617379884034239E-17, 0.000000000000000000, 1.000000000000000000 ) ) ;
#1370 = ORIENTED_EDGE ( 'NONE', *, *, #129, .T. ) ;
#1371 = DIRECTION ( 'NONE',  ( 0.000000000000000000, -0.6819983600625021403, 0.7313537016191671292 ) ) ;
#1372 = PLANE ( 'NONE',  #829 ) ;
#1373 = DIRECTION ( 'NONE',  ( -1.000000000000000000, 0.000000000000000000, 9.757819552369541139E-17 ) ) ;
#1374 = DIRECTION ( 'NONE',  ( 0.000000000000000000, 0.000000000000000000, 1.000000000000000000 ) ) ;
#1375 = ORIENTED_EDGE ( 'NONE', *, *, #1066, .F. ) ;
#1376 = ORIENTED_EDGE ( 'NONE', *, *, #11, .F. ) ;
#1377 = DIRECTION ( 'NONE',  ( -1.000000000000000000, 0.000000000000000000, 9.757819552369542371E-17 ) ) ;
#1378 = VERTEX_POINT ( 'NONE', #1761 ) ;
#1379 = DIRECTION ( 'NONE',  ( -0.000000000000000000, -0.000000000000000000, -1.000000000000000000 ) ) ;
#1380 = ORIENTED_EDGE ( 'NONE', *, *, #133, .T. ) ;
#1381 = AXIS2_PLACEMENT_3D ( 'NONE', #428, #261, #139 ) ;
#1382 = VERTEX_POINT ( 'NONE', #550 ) ;
#1383 = CARTESIAN_POINT ( 'NONE',  ( -1.999999999999970912, 16.46145171119657391, 54.11782411828321671 ) ) ;
#1384 = DIRECTION ( 'NONE',  ( 1.000000000000000000, -0.000000000000000000, -9.306456416184587030E-17 ) ) ;
#1385 = FACE_OUTER_BOUND ( 'NONE', #1456, .T. ) ;
#1386 = DIRECTION ( 'NONE',  ( -1.000000000000000000, -3.252606517456513918E-17, -0.000000000000000000 ) ) ;
#1387 = VERTEX_POINT ( 'NONE', #1013 ) ;
#1388 = CARTESIAN_POINT ( 'NONE',  ( -2.500000000000009326, 23.99999999999999645, -9.337000000000001521 ) ) ;
#1389 = VERTEX_POINT ( 'NONE', #1115 ) ;
#1390 = EDGE_CURVE ( 'NONE', #385, #358, #1268, .T. ) ;
#1391 = CARTESIAN_POINT ( 'NONE',  ( 4.500000000000000888, 6.499999999999996447, 47.50000000000000000 ) ) ;
#1392 = CARTESIAN_POINT ( 'NONE',  ( 7.000000000000000000, 18.99999999999999645, 52.86184355012335345 ) ) ;
#1393 = ORIENTED_EDGE ( 'NONE', *, *, #1233, .F. ) ;
#1394 = CARTESIAN_POINT ( 'NONE',  ( 3.999999999999994671, 18.99999999999999645, 7.800000000000001599 ) ) ;
#1395 = VECTOR ( 'NONE', #1011, 1000.000000000000000 ) ;
#1396 = ORIENTED_EDGE ( 'NONE', *, *, #905, .T. ) ;
#1397 = VERTEX_POINT ( 'NONE', #951 ) ;
#1398 = ORIENTED_EDGE ( 'NONE', *, *, #955, .T. ) ;
#1399 = ADVANCED_FACE ( 'NONE', ( #1563 ), #1612, .F. ) ;
#1400 = CARTESIAN_POINT ( 'NONE',  ( -1.999999999999992228, 19.00000000000001066, 10.80000000000000071 ) ) ;
#1401 = LINE ( 'NONE', #1112, #82 ) ;
#1402 = VERTEX_POINT ( 'NONE', #199 ) ;
#1403 = DIRECTION ( 'NONE',  ( 1.000000000000000000, -0.000000000000000000, -9.757819552369542371E-17 ) ) ;
#1404 = CARTESIAN_POINT ( 'NONE',  ( -0.5000000000000077716, 23.99999999999999645, -13.70000000000000284 ) ) ;
#1405 = EDGE_LOOP ( 'NONE', ( #1422, #113, #1823, #503 ) ) ;
#1406 = PERSON_AND_ORGANIZATION ( #408, #1308 ) ;
#1407 = DIRECTION ( 'NONE',  ( 0.000000000000000000, 1.045014142154703244E-16, -1.000000000000000000 ) ) ;
#1408 = AXIS2_PLACEMENT_3D ( 'NONE', #957, #1771, #1146 ) ;
#1409 = CARTESIAN_POINT ( 'NONE',  ( 6.225000000000000533, 4.000000000000000000, 55.96165158468899392 ) ) ;
#1410 = VECTOR ( 'NONE', #1537, 1000.000000000000000 ) ;
#1411 = CARTESIAN_POINT ( 'NONE',  ( 3.000000000000000000, 16.99999999999999645, 55.00658097017269910 ) ) ;
#1412 = VECTOR ( 'NONE', #1806, 1000.000000000000000 ) ;
#1413 = ORIENTED_EDGE ( 'NONE', *, *, #311, .F. ) ;
#1414 = VECTOR ( 'NONE', #1331, 1000.000000000000114 ) ;
#1415 = DIRECTION ( 'NONE',  ( 0.000000000000000000, 0.000000000000000000, 1.000000000000000000 ) ) ;
#1416 = CARTESIAN_POINT ( 'NONE',  ( -4.501000000000007439, 24.00000000000000000, 47.50000000000000000 ) ) ;
#1417 = LINE ( 'NONE', #176, #321 ) ;
#1418 = VECTOR ( 'NONE', #29, 1000.000000000000000 ) ;
#1419 = ORIENTED_EDGE ( 'NONE', *, *, #232, .F. ) ;
#1420 = DIRECTION ( 'NONE',  ( 1.084202172485504187E-16, 0.000000000000000000, 1.000000000000000000 ) ) ;
#1421 = ORIENTED_EDGE ( 'NONE', *, *, #955, .F. ) ;
#1422 = ORIENTED_EDGE ( 'NONE', *, *, #69, .T. ) ;
#1423 = LINE ( 'NONE', #1459, #87 ) ;
#1424 = CARTESIAN_POINT ( 'NONE',  ( -3.275000000000008793, 18.99999999999999645, -23.33700000000000330 ) ) ;
#1425 = EDGE_LOOP ( 'NONE', ( #1245, #767, #541, #107, #337, #439, #566, #959, #1562, #716, #1301, #811, #1280 ) ) ;
#1426 = ADVANCED_FACE ( 'NONE', ( #1451, #1296 ), #1917, .F. ) ;
#1427 = DIRECTION ( 'NONE',  ( -1.000000000000000000, -0.000000000000000000, -0.000000000000000000 ) ) ;
#1428 = CARTESIAN_POINT ( 'NONE',  ( 0.9999999999999904521, 16.99999999999999645, -29.19999999999999929 ) ) ;
#1429 = VERTEX_POINT ( 'NONE', #860 ) ;
#1430 = FACE_BOUND ( 'NONE', #1800, .T. ) ;
#1431 = ORIENTED_EDGE ( 'NONE', *, *, #1970, .F. ) ;
#1432 = CARTESIAN_POINT ( 'NONE',  ( -3.275000000000008349, 27.19999999999999574, -17.98699999999999832 ) ) ;
#1433 = VERTEX_POINT ( 'NONE', #390 ) ;
#1434 = CARTESIAN_POINT ( 'NONE',  ( 5.000000000000004441, 1.959434878635765230E-16, -1.600000000000000089 ) ) ;
#1435 = VECTOR ( 'NONE', #850, 1000.000000000000000 ) ;
#1436 = ORIENTED_EDGE ( 'NONE', *, *, #230, .T. ) ;
#1437 = VECTOR ( 'NONE', #1306, 1000.000000000000000 ) ;
#1438 = VECTOR ( 'NONE', #1340, 1000.000000000000000 ) ;
#1439 = LINE ( 'NONE', #1140, #1762 ) ;
#1440 = EDGE_CURVE ( 'NONE', #705, #684, #1423, .T. ) ;
#1441 = EDGE_CURVE ( 'NONE', #405, #1387, #1775, .T. ) ;
#1442 = FACE_OUTER_BOUND ( 'NONE', #1106, .T. ) ;
#1443 = DIRECTION ( 'NONE',  ( 9.306456416184587030E-17, 0.000000000000000000, 1.000000000000000000 ) ) ;
#1444 = DIRECTION ( 'NONE',  ( -1.000000000000000000, -0.000000000000000000, 0.000000000000000000 ) ) ;
#1445 = EDGE_LOOP ( 'NONE', ( #1089, #1539, #1609, #923 ) ) ;
#1446 = DIRECTION ( 'NONE',  ( -1.000000000000000000, -0.000000000000000000, 0.000000000000000000 ) ) ;
#1447 = ORIENTED_EDGE ( 'NONE', *, *, #1218, .T. ) ;
#1448 = VERTEX_POINT ( 'NONE', #49 ) ;
#1449 = CARTESIAN_POINT ( 'NONE',  ( -4.501000000000007439, 24.00000000000000000, 47.50000000000000000 ) ) ;
#1450 = ORIENTED_EDGE ( 'NONE', *, *, #1163, .F. ) ;
#1451 = FACE_OUTER_BOUND ( 'NONE', #1943, .T. ) ;
#1452 = CARTESIAN_POINT ( 'NONE',  ( 3.999999999999994671, -2.965882636488805790, 7.800000000000001599 ) ) ;
#1453 = DIRECTION ( 'NONE',  ( -2.959049972559718064E-17, 0.9097472924187729459, -0.4151624548736455034 ) ) ;
#1454 = VERTEX_POINT ( 'NONE', #649 ) ;
#1455 = DIRECTION ( 'NONE',  ( -1.000000000000000000, 0.000000000000000000, 9.757819552369541139E-17 ) ) ;
#1456 = EDGE_LOOP ( 'NONE', ( #1690, #884, #1649, #1797 ) ) ;
#1457 = EDGE_CURVE ( 'NONE', #1521, #120, #347, .T. ) ;
#1458 = APPROVAL ( #887, 'æœª' ) ;
#1459 = CARTESIAN_POINT ( 'NONE',  ( 0.000000000000000000, 4.000000000000000000, 85.40894014733147799 ) ) ;
#1460 = VECTOR ( 'NONE', #400, 1000.000000000000000 ) ;
#1461 = EDGE_CURVE ( 'NONE', #425, #670, #1717, .T. ) ;
#1462 = VECTOR ( 'NONE', #1824, 1000.000000000000000 ) ;
#1463 = VECTOR ( 'NONE', #747, 1000.000000000000000 ) ;
#1464 = AXIS2_PLACEMENT_3D ( 'NONE', #536, #998, #1354 ) ;
#1465 = CARTESIAN_POINT ( 'NONE',  ( -4.501000000000007439, 3.999999999999998224, 62.50000000000000000 ) ) ;
#1466 = ORIENTED_EDGE ( 'NONE', *, *, #378, .F. ) ;
#1467 = CARTESIAN_POINT ( 'NONE',  ( 0.9999999999999978906, 19.00000000000001066, 52.86184355012333924 ) ) ;
#1468 = ORIENTED_EDGE ( 'NONE', *, *, #276, .F. ) ;
#1469 = DIRECTION ( 'NONE',  ( 0.000000000000000000, 0.000000000000000000, 1.000000000000000000 ) ) ;
#1470 = EDGE_LOOP ( 'NONE', ( #858, #546, #648, #1398 ) ) ;
#1471 = PLANE ( 'NONE',  #525 ) ;
#1472 = CARTESIAN_POINT ( 'NONE',  ( -2.500000000000005773, 22.00000000000000000, 10.80000000000000071 ) ) ;
#1473 = AXIS2_PLACEMENT_3D ( 'NONE', #1758, #1905, #1118 ) ;
#1474 = CYLINDRICAL_SURFACE ( 'NONE', #1689, 1.649999999999998579 ) ;
#1475 = VERTEX_POINT ( 'NONE', #77 ) ;
#1476 = LINE ( 'NONE', #1506, #1534 ) ;
#1477 = ORIENTED_EDGE ( 'NONE', *, *, #1781, .T. ) ;
#1478 = DATE_TIME_ROLE ( 'creation_date' ) ;
#1479 = CARTESIAN_POINT ( 'NONE',  ( -2.500000000000005773, 17.00000000000000355, 10.80000000000000071 ) ) ;
#1480 = VECTOR ( 'NONE', #1481, 1000.000000000000000 ) ;
#1481 = DIRECTION ( 'NONE',  ( 0.5634384369710554452, 0.000000000000000000, 0.8261580525199848646 ) ) ;
#1482 = ORIENTED_EDGE ( 'NONE', *, *, #1124, .F. ) ;
#1483 = CIRCLE ( 'NONE', #1366, 5.499999999999998224 ) ;
#1484 = EDGE_CURVE ( 'NONE', #1284, #1039, #1572, .T. ) ;
#1485 = ORIENTED_EDGE ( 'NONE', *, *, #1766, .T. ) ;
#1486 = CARTESIAN_POINT ( 'NONE',  ( -0.5000000000000077716, -2.965882636488805790, 7.800000000000001599 ) ) ;
#1487 = CARTESIAN_POINT ( 'NONE',  ( 0.000000000000000000, 0.000000000000000000, 0.000000000000000000 ) ) ;
#1488 = FACE_OUTER_BOUND ( 'NONE', #719, .T. ) ;
#1489 = DIRECTION ( 'NONE',  ( -1.000000000000000000, 0.000000000000000000, 0.000000000000000000 ) ) ;
#1490 = EDGE_CURVE ( 'NONE', #1475, #198, #678, .T. ) ;
#1491 = ORIENTED_EDGE ( 'NONE', *, *, #54, .T. ) ;
#1492 = VERTEX_POINT ( 'NONE', #792 ) ;
#1493 = CARTESIAN_POINT ( 'NONE',  ( 5.000000000000000888, 3.999999999999998224, 62.50000000000000000 ) ) ;
#1494 = EDGE_CURVE ( 'NONE', #299, #1764, #889, .T. ) ;
#1495 = ORIENTED_EDGE ( 'NONE', *, *, #1571, .T. ) ;
#1496 = CIRCLE ( 'NONE', #625, 4.500000000000003553 ) ;
#1497 = VECTOR ( 'NONE', #1632, 1000.000000000000000 ) ;
#1498 = CARTESIAN_POINT ( 'NONE',  ( -0.5000000000000073275, 25.99999999999999645, -9.337000000000001521 ) ) ;
#1499 = DIRECTION ( 'NONE',  ( 0.000000000000000000, 0.000000000000000000, -1.000000000000000000 ) ) ;
#1500 = ORIENTED_EDGE ( 'NONE', *, *, #1557, .F. ) ;
#1501 = CARTESIAN_POINT ( 'NONE',  ( 6.999999999999999112, 6.563277878031139601, 66.19859520899437655 ) ) ;
#1502 = LINE ( 'NONE', #1820, #1955 ) ;
#1503 = DIRECTION ( 'NONE',  ( 0.000000000000000000, 0.000000000000000000, -1.000000000000000000 ) ) ;
#1504 = ORIENTED_EDGE ( 'NONE', *, *, #1795, .F. ) ;
#1505 = CARTESIAN_POINT ( 'NONE',  ( 0.9999999999999947820, 24.00000000000000000, 47.50000000000000000 ) ) ;
#1506 = CARTESIAN_POINT ( 'NONE',  ( 0.9999999999999974465, 24.00000000000000000, 47.50000000000000000 ) ) ;
#1507 = ORIENTED_EDGE ( 'NONE', *, *, #1137, .T. ) ;
#1508 = LINE ( 'NONE', #590, #1257 ) ;
#1509 = ORIENTED_EDGE ( 'NONE', *, *, #524, .T. ) ;
#1510 = CARTESIAN_POINT ( 'NONE',  ( 3.999999999999994671, 20.99999999999999289, 50.71710613007402202 ) ) ;
#1511 = CARTESIAN_POINT ( 'NONE',  ( 6.999999999999999112, 3.999999999999999112, 62.50000000000000000 ) ) ;
#1512 = FACE_OUTER_BOUND ( 'NONE', #519, .T. ) ;
#1513 = CARTESIAN_POINT ( 'NONE',  ( -2.000000000000018652, 22.00000000000000000, 49.64473742004933854 ) ) ;
#1514 = AXIS2_PLACEMENT_3D ( 'NONE', #1247, #808, #1848 ) ;
#1515 = DIRECTION ( 'NONE',  ( 0.000000000000000000, 1.000000000000000000, 0.000000000000000000 ) ) ;
#1516 = ORIENTED_EDGE ( 'NONE', *, *, #58, .F. ) ;
#1517 = ORIENTED_EDGE ( 'NONE', *, *, #1457, .T. ) ;
#1518 = VERTEX_POINT ( 'NONE', #1317 ) ;
#1519 = CIRCLE ( 'NONE', #1291, 3.750000000000000000 ) ;
#1520 = DIRECTION ( 'NONE',  ( 0.000000000000000000, 0.000000000000000000, 1.000000000000000000 ) ) ;
#1521 = VERTEX_POINT ( 'NONE', #36 ) ;
#1522 = DIRECTION ( 'NONE',  ( -1.000000000000000000, -0.000000000000000000, -0.000000000000000000 ) ) ;
#1523 = ORIENTED_EDGE ( 'NONE', *, *, #74, .T. ) ;
#1524 = FACE_OUTER_BOUND ( 'NONE', #1915, .T. ) ;
#1525 = ADVANCED_FACE ( 'NONE', ( #396 ), #1254, .T. ) ;
#1526 = APPLICATION_CONTEXT ( 'configuration controlled 3d designs of mechanical parts and assemblies' ) ;
#1527 = DIRECTION ( 'NONE',  ( 0.000000000000000000, -1.000000000000000000, 0.000000000000000000 ) ) ;
#1528 = EDGE_CURVE ( 'NONE', #380, #677, #1496, .T. ) ;
#1529 = ORIENTED_EDGE ( 'NONE', *, *, #557, .F. ) ;
#1530 = CARTESIAN_POINT ( 'NONE',  ( 5.000000000000004441, 4.000000000000000000, 55.96165158468899392 ) ) ;
#1531 = VECTOR ( 'NONE', #1754, 1000.000000000000000 ) ;
#1532 = COORDINATED_UNIVERSAL_TIME_OFFSET ( 8, 0, .AHEAD. ) ;
#1533 = EDGE_CURVE ( 'NONE', #1492, #242, #1664, .T. ) ;
#1534 = VECTOR ( 'NONE', #1779, 1000.000000000000000 ) ;
#1535 = CARTESIAN_POINT ( 'NONE',  ( -0.5000000000000086597, 18.99999999999999645, -21.33700000000000330 ) ) ;
#1536 = ADVANCED_FACE ( 'NONE', ( #1524 ), #295, .T. ) ;
#1537 = DIRECTION ( 'NONE',  ( 0.000000000000000000, 2.376333528735352191E-16, -1.000000000000000000 ) ) ;
#1538 = PRODUCT_DEFINITION_SHAPE ( 'NONE', 'NONE',  #1138 ) ;
#1539 = ORIENTED_EDGE ( 'NONE', *, *, #310, .T. ) ;
#1540 = VECTOR ( 'NONE', #1575, 1000.000000000000000 ) ;
#1541 = EDGE_CURVE ( 'NONE', #417, #399, #1782, .T. ) ;
#1542 = CARTESIAN_POINT ( 'NONE',  ( 5.000000000000004441, 4.000000000000000000, 57.99999999999999289 ) ) ;
#1543 = DIRECTION ( 'NONE',  ( 0.000000000000000000, -1.000000000000000000, 0.000000000000000000 ) ) ;
#1544 = PLANE ( 'NONE',  #563 ) ;
#1545 = CIRCLE ( 'NONE', #1884, 1.650000000000000355 ) ;
#1546 = EDGE_CURVE ( 'NONE', #1091, #1097, #573, .T. ) ;
#1547 = VECTOR ( 'NONE', #1080, 1000.000000000000000 ) ;
#1548 = CYLINDRICAL_SURFACE ( 'NONE', #1514, 4.500000000000004441 ) ;
#1549 = ORIENTED_EDGE ( 'NONE', *, *, #1332, .T. ) ;
#1550 = SHAPE_DEFINITION_REPRESENTATION ( #1538, #824 ) ;
#1551 = EDGE_CURVE ( 'NONE', #670, #920, #1819, .T. ) ;
#1552 = LINE ( 'NONE', #1865, #1818 ) ;
#1553 = ORIENTED_EDGE ( 'NONE', *, *, #1078, .F. ) ;
#1554 = EDGE_LOOP ( 'NONE', ( #579, #588 ) ) ;
#1555 = DIRECTION ( 'NONE',  ( 1.000000000000000000, -0.000000000000000000, -0.000000000000000000 ) ) ;
#1556 = CARTESIAN_POINT ( 'NONE',  ( 7.000000000000000000, 0.000000000000000000, -18.39999999999999858 ) ) ;
#1557 = EDGE_CURVE ( 'NONE', #751, #810, #422, .T. ) ;
#1558 = VECTOR ( 'NONE', #1901, 1000.000000000000000 ) ;
#1559 = CARTESIAN_POINT ( 'NONE',  ( 5.000000000000000888, -2.909747292418790821, 58.19777115052578154 ) ) ;
#1560 = VECTOR ( 'NONE', #1929, 1000.000000000000000 ) ;
#1561 = VECTOR ( 'NONE', #1350, 1000.000000000000000 ) ;
#1562 = ORIENTED_EDGE ( 'NONE', *, *, #1863, .T. ) ;
#1563 = FACE_OUTER_BOUND ( 'NONE', #789, .T. ) ;
#1564 = CARTESIAN_POINT ( 'NONE',  ( 3.999999999999999112, 20.99999999999999289, 50.71710613007402202 ) ) ;
#1565 = CARTESIAN_POINT ( 'NONE',  ( -0.5000000000000082157, 23.99999999999999645, -9.337000000000001521 ) ) ;
#1566 = CARTESIAN_POINT ( 'NONE',  ( 7.001000000000006551, 11.74999999999999645, 21.55000000000000426 ) ) ;
#1567 = SECURITY_CLASSIFICATION ( '', '', #1619 ) ;
#1568 = VERTEX_POINT ( 'NONE', #1794 ) ;
#1569 = DIRECTION ( 'NONE',  ( -0.000000000000000000, -0.000000000000000000, -1.000000000000000000 ) ) ;
#1570 = CARTESIAN_POINT ( 'NONE',  ( 0.9999999999999941158, 19.00000000000001066, 10.80000000000000071 ) ) ;
#1571 = EDGE_CURVE ( 'NONE', #1780, #33, #583, .T. ) ;
#1572 = LINE ( 'NONE', #637, #314 ) ;
#1573 = DIRECTION ( 'NONE',  ( 1.000000000000000000, -0.000000000000000000, -0.000000000000000000 ) ) ;
#1574 = EDGE_LOOP ( 'NONE', ( #774, #757, #1904, #1062, #449, #1166 ) ) ;
#1575 = DIRECTION ( 'NONE',  ( -1.000000000000000000, -3.252606517456513918E-17, -0.000000000000000000 ) ) ;
#1576 = EDGE_LOOP ( 'NONE', ( #1798, #733, #922, #1238 ) ) ;
#1577 = PLANE ( 'NONE',  #1829 ) ;
#1578 = VERTEX_POINT ( 'NONE', #1202 ) ;
#1579 = ADVANCED_FACE ( 'NONE', ( #1224 ), #1036, .T. ) ;
#1580 = CARTESIAN_POINT ( 'NONE',  ( -3.275000000000007461, 25.99999999999999645, -9.337000000000001521 ) ) ;
#1581 = VERTEX_POINT ( 'NONE', #1215 ) ;
#1582 = ORIENTED_EDGE ( 'NONE', *, *, #453, .F. ) ;
#1583 = DIRECTION ( 'NONE',  ( 0.000000000000000000, 0.000000000000000000, 1.000000000000000000 ) ) ;
#1584 = ADVANCED_FACE ( 'NONE', ( #1647 ), #1179, .F. ) ;
#1585 = VECTOR ( 'NONE', #534, 1000.000000000000000 ) ;
#1586 = ORIENTED_EDGE ( 'NONE', *, *, #1195, .T. ) ;
#1587 = CARTESIAN_POINT ( 'NONE',  ( -5.000000000000002665, 23.99999999999999645, 41.63488325744143737 ) ) ;
#1588 = VECTOR ( 'NONE', #735, 1000.000000000000000 ) ;
#1589 = DIRECTION ( 'NONE',  ( 0.000000000000000000, -0.6819983600625025844, 0.7313537016191666851 ) ) ;
#1590 = DIRECTION ( 'NONE',  ( -0.000000000000000000, 1.000000000000000000, 1.577021341797097560E-16 ) ) ;
#1591 = DIRECTION ( 'NONE',  ( -1.000000000000000000, 0.000000000000000000, 9.757819552369541139E-17 ) ) ;
#1592 = LINE ( 'NONE', #785, #1796 ) ;
#1593 = PLANE ( 'NONE',  #1753 ) ;
#1594 = ORIENTED_EDGE ( 'NONE', *, *, #823, .F. ) ;
#1595 = AXIS2_PLACEMENT_3D ( 'NONE', #676, #830, #846 ) ;
#1596 = CARTESIAN_POINT ( 'NONE',  ( 0.9999999999999913403, 23.99999999999999645, 7.800000000000001599 ) ) ;
#1597 = DIRECTION ( 'NONE',  ( 1.000000000000000000, -0.000000000000000000, -9.757819552369542371E-17 ) ) ;
#1598 = ADVANCED_FACE ( 'NONE', ( #279 ), #1372, .F. ) ;
#1599 = ORIENTED_EDGE ( 'NONE', *, *, #1441, .T. ) ;
#1600 = LINE ( 'NONE', #970, #1355 ) ;
#1601 = VECTOR ( 'NONE', #795, 1000.000000000000000 ) ;
#1602 = EDGE_CURVE ( 'NONE', #184, #345, #1023, .T. ) ;
#1603 = ORIENTED_EDGE ( 'NONE', *, *, #352, .T. ) ;
#1604 = CIRCLE ( 'NONE', #646, 1.600000000000000089 ) ;
#1605 = DIRECTION ( 'NONE',  ( 3.252606517456513918E-17, -1.000000000000000000, 0.000000000000000000 ) ) ;
#1606 = PLANE ( 'NONE',  #852 ) ;
#1607 = EDGE_LOOP ( 'NONE', ( #1447, #586 ) ) ;
#1608 = CARTESIAN_POINT ( 'NONE',  ( -5.000000000000007994, 25.27251735415887524, -11.20000000000000107 ) ) ;
#1609 = ORIENTED_EDGE ( 'NONE', *, *, #414, .F. ) ;
#1610 = CARTESIAN_POINT ( 'NONE',  ( 7.001000000000006551, 7.999999999999996447, 17.80000000000000071 ) ) ;
#1611 = ORIENTED_EDGE ( 'NONE', *, *, #133, .F. ) ;
#1612 = PLANE ( 'NONE',  #825 ) ;
#1613 = AXIS2_PLACEMENT_3D ( 'NONE', #542, #1004, #86 ) ;
#1614 = AXIS2_PLACEMENT_3D ( 'NONE', #297, #911, #1520 ) ;
#1615 = FACE_OUTER_BOUND ( 'NONE', #1958, .T. ) ;
#1616 = ORIENTED_EDGE ( 'NONE', *, *, #973, .T. ) ;
#1617 = DIRECTION ( 'NONE',  ( 1.000000000000000000, 0.000000000000000000, -0.000000000000000000 ) ) ;
#1618 = ORIENTED_EDGE ( 'NONE', *, *, #1640, .F. ) ;
#1619 = SECURITY_CLASSIFICATION_LEVEL ( 'unclassified' ) ;
#1620 = ORIENTED_EDGE ( 'NONE', *, *, #129, .F. ) ;
#1621 = EDGE_CURVE ( 'NONE', #1265, #804, #433, .T. ) ;
#1622 = DIRECTION ( 'NONE',  ( 1.000000000000000000, -0.000000000000000000, -0.000000000000000000 ) ) ;
#1623 = VERTEX_POINT ( 'NONE', #443 ) ;
#1624 = ORIENTED_EDGE ( 'NONE', *, *, #1295, .T. ) ;
#1625 = CARTESIAN_POINT ( 'NONE',  ( -1.999999999999992228, 19.00000000000001066, 10.80000000000000071 ) ) ;
#1626 = EDGE_LOOP ( 'NONE', ( #1934, #938, #269, #1726 ) ) ;
#1627 = DATE_AND_TIME ( #1768, #806 ) ;
#1628 = LINE ( 'NONE', #732, #1760 ) ;
#1629 = ORIENTED_EDGE ( 'NONE', *, *, #1274, .F. ) ;
#1630 = LINE ( 'NONE', #407, #709 ) ;
#1631 = CARTESIAN_POINT ( 'NONE',  ( 3.999999999999994671, 23.99999999999999645, 7.800000000000001599 ) ) ;
#1632 = DIRECTION ( 'NONE',  ( 0.000000000000000000, 1.000000000000000000, 0.000000000000000000 ) ) ;
#1633 = DIRECTION ( 'NONE',  ( -1.000000000000000000, 0.000000000000000000, 0.000000000000000000 ) ) ;
#1634 = LINE ( 'NONE', #1226, #814 ) ;
#1635 = ORIENTED_EDGE ( 'NONE', *, *, #1795, .T. ) ;
#1636 = ADVANCED_FACE ( 'NONE', ( #1488 ), #892, .F. ) ;
#1637 = VECTOR ( 'NONE', #1290, 1000.000000000000000 ) ;
#1638 = VERTEX_POINT ( 'NONE', #4 ) ;
#1639 = DIRECTION ( 'NONE',  ( 1.000000000000000000, -0.000000000000000000, -9.757819552369541139E-17 ) ) ;
#1640 = EDGE_CURVE ( 'NONE', #677, #1176, #593, .T. ) ;
#1641 = ORIENTED_EDGE ( 'NONE', *, *, #1318, .F. ) ;
#1642 = LINE ( 'NONE', #1409, #927 ) ;
#1643 = DIRECTION ( 'NONE',  ( 0.000000000000000000, -1.000000000000000000, 0.000000000000000000 ) ) ;
#1644 = LINE ( 'NONE', #1346, #1497 ) ;
#1645 = CARTESIAN_POINT ( 'NONE',  ( 4.999999999999997335, 6.499999999999996447, 47.50000000000000000 ) ) ;
#1646 = ORIENTED_EDGE ( 'NONE', *, *, #1484, .T. ) ;
#1647 = FACE_OUTER_BOUND ( 'NONE', #1323, .T. ) ;
#1648 = CARTESIAN_POINT ( 'NONE',  ( 3.999999999999994671, 20.99999999999999289, 7.800000000000001599 ) ) ;
#1649 = ORIENTED_EDGE ( 'NONE', *, *, #986, .T. ) ;
#1650 = ORIENTED_EDGE ( 'NONE', *, *, #650, .F. ) ;
#1651 = AXIS2_PLACEMENT_3D ( 'NONE', #348, #216, #958 ) ;
#1652 = EDGE_CURVE ( 'NONE', #380, #687, #122, .T. ) ;
#1653 = CARTESIAN_POINT ( 'NONE',  ( 7.000000000000000000, 1.959434878635767449E-16, -21.60000000000000142 ) ) ;
#1654 = CARTESIAN_POINT ( 'NONE',  ( 4.500000000000000888, 6.500000000000000000, -29.19999999999999929 ) ) ;
#1655 = AXIS2_PLACEMENT_3D ( 'NONE', #880, #1940, #304 ) ;
#1656 = CIRCLE ( 'NONE', #594, 2.500000000000002220 ) ;
#1657 = VERTEX_POINT ( 'NONE', #409 ) ;
#1658 = AXIS2_PLACEMENT_3D ( 'NONE', #725, #606, #736 ) ;
#1659 = AXIS2_PLACEMENT_3D ( 'NONE', #1155, #1752, #1605 ) ;
#1660 = PERSON_AND_ORGANIZATION ( #408, #1308 ) ;
#1661 = DIRECTION ( 'NONE',  ( 1.000000000000000000, 0.000000000000000000, -9.306456416184588263E-17 ) ) ;
#1662 = EDGE_LOOP ( 'NONE', ( #83, #1032, #773, #1947, #174, #165, #298, #492 ) ) ;
#1663 = VECTOR ( 'NONE', #615, 1000.000000000000000 ) ;
#1664 = LINE ( 'NONE', #562, #25 ) ;
#1665 = DIRECTION ( 'NONE',  ( -0.000000000000000000, 1.000000000000000000, -0.000000000000000000 ) ) ;
#1666 = DIRECTION ( 'NONE',  ( 0.000000000000000000, -1.000000000000000000, 0.000000000000000000 ) ) ;
#1667 = ORIENTED_EDGE ( 'NONE', *, *, #352, .F. ) ;
#1668 = DIRECTION ( 'NONE',  ( 9.341074473209561334E-17, 0.000000000000000000, 1.000000000000000000 ) ) ;
#1669 = CARTESIAN_POINT ( 'NONE',  ( -3.275000000000005684, 17.00000000000000355, 10.80000000000000071 ) ) ;
#1670 = VECTOR ( 'NONE', #1379, 1000.000000000000000 ) ;
#1671 = VERTEX_POINT ( 'NONE', #641 ) ;
#1672 = ORIENTED_EDGE ( 'NONE', *, *, #1551, .F. ) ;
#1673 = CARTESIAN_POINT ( 'NONE',  ( 21.90479651964898622, 5.607142857142859427, 58.29677601872863590 ) ) ;
#1674 = EDGE_CURVE ( 'NONE', #1448, #1756, #982, .T. ) ;
#1675 = CARTESIAN_POINT ( 'NONE',  ( 3.000000000000000000, 16.99999999999999645, 47.50000000000000000 ) ) ;
#1676 = DIRECTION ( 'NONE',  ( 1.000000000000000000, -4.336808689942021187E-16, 0.000000000000000000 ) ) ;
#1677 = EDGE_CURVE ( 'NONE', #577, #1578, #1552, .T. ) ;
#1678 = DIRECTION ( 'NONE',  ( 0.000000000000000000, 1.000000000000000000, -0.000000000000000000 ) ) ;
#1679 = AXIS2_PLACEMENT_3D ( 'NONE', #1046, #1373, #1216 ) ;
#1680 = LINE ( 'NONE', #893, #656 ) ;
#1681 = VERTEX_POINT ( 'NONE', #1694 ) ;
#1682 = DIRECTION ( 'NONE',  ( -1.000000000000000000, 0.000000000000000000, 9.757819552369541139E-17 ) ) ;
#1683 = ORIENTED_EDGE ( 'NONE', *, *, #300, .T. ) ;
#1684 = CARTESIAN_POINT ( 'NONE',  ( -5.000000000000002665, -14.27104638678679649, 82.67555590253452635 ) ) ;
#1685 = DIRECTION ( 'NONE',  ( 1.000000000000000000, -4.336808689942021187E-16, 0.000000000000000000 ) ) ;
#1686 = ORIENTED_EDGE ( 'NONE', *, *, #1015, .T. ) ;
#1687 = CARTESIAN_POINT ( 'NONE',  ( -0.5000000000000077716, 27.19999999999999574, -11.33700000000000152 ) ) ;
#1688 = CARTESIAN_POINT ( 'NONE',  ( 7.000000000000000000, 3.999999999999998224, 62.50000000000000000 ) ) ;
#1689 = AXIS2_PLACEMENT_3D ( 'NONE', #1465, #78, #552 ) ;
#1690 = ORIENTED_EDGE ( 'NONE', *, *, #1766, .F. ) ;
#1691 = ORIENTED_EDGE ( 'NONE', *, *, #899, .T. ) ;
#1692 = VECTOR ( 'NONE', #1225, 1000.000000000000000 ) ;
#1693 = VECTOR ( 'NONE', #1765, 1000.000000000000000 ) ;
#1694 = CARTESIAN_POINT ( 'NONE',  ( 5.000000000000000000, 3.999999999999998224, 64.15000000000000568 ) ) ;
#1695 = ADVANCED_FACE ( 'NONE', ( #633 ), #1845, .F. ) ;
#1696 = DIRECTION ( 'NONE',  ( -1.000000000000000000, -0.000000000000000000, -0.000000000000000000 ) ) ;
#1697 = EDGE_CURVE ( 'NONE', #142, #663, #652, .T. ) ;
#1698 = ORIENTED_EDGE ( 'NONE', *, *, #311, .T. ) ;
#1699 = ORIENTED_EDGE ( 'NONE', *, *, #486, .F. ) ;
#1700 = AXIS2_PLACEMENT_3D ( 'NONE', #1498, #1327, #105 ) ;
#1701 = PLANE ( 'NONE',  #802 ) ;
#1702 = ORIENTED_EDGE ( 'NONE', *, *, #361, .F. ) ;
#1703 = EDGE_CURVE ( 'NONE', #920, #1759, #1747, .T. ) ;
#1704 = EDGE_CURVE ( 'NONE', #1671, #142, #32, .T. ) ;
#1705 = FACE_OUTER_BOUND ( 'NONE', #494, .T. ) ;
#1706 = LINE ( 'NONE', #322, #1410 ) ;
#1707 = ADVANCED_FACE ( 'NONE', ( #320 ), #1258, .T. ) ;
#1708 = DIRECTION ( 'NONE',  ( -0.000000000000000000, 1.000000000000000000, -0.000000000000000000 ) ) ;
#1709 = CARTESIAN_POINT ( 'NONE',  ( -0.9999999999999878986, 19.00000000000001066, 52.86184355012333924 ) ) ;
#1710 = DIRECTION ( 'NONE',  ( 0.000000000000000000, -1.000000000000000000, 0.000000000000000000 ) ) ;
#1711 = ORIENTED_EDGE ( 'NONE', *, *, #1728, .F. ) ;
#1712 = CARTESIAN_POINT ( 'NONE',  ( -0.5000000000000082157, 27.19999999999999574, -16.33699999999999974 ) ) ;
#1713 = FACE_OUTER_BOUND ( 'NONE', #682, .T. ) ;
#1714 = ORIENTED_EDGE ( 'NONE', *, *, #556, .T. ) ;
#1715 = DATE_AND_TIME ( #166, #867 ) ;
#1716 = DIRECTION ( 'NONE',  ( 0.000000000000000000, -0.6819983600625018072, 0.7313537016191673512 ) ) ;
#1717 = CIRCLE ( 'NONE', #1408, 1.000000000000000888 ) ;
#1718 = CIRCLE ( 'NONE', #828, 5.000000000000000888 ) ;
#1719 = CARTESIAN_POINT ( 'NONE',  ( 5.000000000000004441, -2.999999999999999112, 57.78260869565214364 ) ) ;
#1720 = EDGE_LOOP ( 'NONE', ( #1143, #1874, #1380, #836, #1230, #1840, #1599, #363, #65, #17, #76 ) ) ;
#1721 = ORIENTED_EDGE ( 'NONE', *, *, #1276, .T. ) ;
#1722 = DIRECTION ( 'NONE',  ( 6.570922257487903830E-17, 0.000000000000000000, 1.000000000000000000 ) ) ;
#1723 = DIRECTION ( 'NONE',  ( 1.000000000000000000, -0.000000000000000000, -0.000000000000000000 ) ) ;
#1724 = CC_DESIGN_DATE_AND_TIME_ASSIGNMENT ( #1715, #925, ( #1567 ) ) ;
#1725 = DIRECTION ( 'NONE',  ( 0.000000000000000000, -1.000000000000000000, -1.577021341797097560E-16 ) ) ;
#1726 = ORIENTED_EDGE ( 'NONE', *, *, #343, .F. ) ;
#1727 = LINE ( 'NONE', #237, #208 ) ;
#1728 = EDGE_CURVE ( 'NONE', #952, #1922, #1304, .T. ) ;
#1729 = DIRECTION ( 'NONE',  ( 0.000000000000000000, -1.045014142154703244E-16, 1.000000000000000000 ) ) ;
#1730 = LINE ( 'NONE', #657, #1298 ) ;
#1731 = VERTEX_POINT ( 'NONE', #1400 ) ;
#1732 = AXIS2_PLACEMENT_3D ( 'NONE', #1803, #1661, #901 ) ;
#1733 = CARTESIAN_POINT ( 'NONE',  ( 0.07276463389118986713, 3.100000000000000977, -28.50000000000000355 ) ) ;
#1734 = ORIENTED_EDGE ( 'NONE', *, *, #436, .T. ) ;
#1735 = EDGE_CURVE ( 'NONE', #1153, #35, #797, .T. ) ;
#1736 = DIRECTION ( 'NONE',  ( 0.000000000000000000, 1.084202172485504311E-16, 1.000000000000000000 ) ) ;
#1737 = FACE_OUTER_BOUND ( 'NONE', #429, .T. ) ;
#1738 = ORIENTED_EDGE ( 'NONE', *, *, #1235, .T. ) ;
#1739 = FACE_OUTER_BOUND ( 'NONE', #1720, .T. ) ;
#1740 = EDGE_LOOP ( 'NONE', ( #1616, #1635, #1133, #1618 ) ) ;
#1741 = CARTESIAN_POINT ( 'NONE',  ( 7.001000000000001222, 2.654351659482292458, 70.39040537556122956 ) ) ;
#1742 = VERTEX_POINT ( 'NONE', #12 ) ;
#1743 = CYLINDRICAL_SURFACE ( 'NONE', #673, 5.000000000000000888 ) ;
#1744 = AXIS2_PLACEMENT_3D ( 'NONE', #283, #1384, #1931 ) ;
#1745 = AXIS2_PLACEMENT_3D ( 'NONE', #179, #1237, #457 ) ;
#1746 = EDGE_CURVE ( 'NONE', #981, #751, #479, .T. ) ;
#1747 = CIRCLE ( 'NONE', #895, 1.000000000000000888 ) ;
#1748 = ORIENTED_EDGE ( 'NONE', *, *, #999, .F. ) ;
#1749 = PLANE ( 'NONE',  #607 ) ;
#1750 = EDGE_LOOP ( 'NONE', ( #589, #1683, #178, #473 ) ) ;
#1751 = EDGE_LOOP ( 'NONE', ( #1787, #1611, #234, #710, #1789, #323 ) ) ;
#1752 = DIRECTION ( 'NONE',  ( -1.000000000000000000, -3.252606517456513918E-17, 0.000000000000000000 ) ) ;
#1753 = AXIS2_PLACEMENT_3D ( 'NONE', #75, #1643, #1341 ) ;
#1754 = DIRECTION ( 'NONE',  ( 1.000000000000000000, 0.000000000000000000, -0.000000000000000000 ) ) ;
#1755 = ADVANCED_FACE ( 'NONE', ( #334 ), #1701, .T. ) ;
#1756 = VERTEX_POINT ( 'NONE', #768 ) ;
#1757 = LINE ( 'NONE', #1625, #342 ) ;
#1758 = CARTESIAN_POINT ( 'NONE',  ( 0.9999999999999913403, 20.99999999999999289, 75.00100000000000477 ) ) ;
#1759 = VERTEX_POINT ( 'NONE', #1559 ) ;
#1760 = VECTOR ( 'NONE', #476, 1000.000000000000000 ) ;
#1761 = CARTESIAN_POINT ( 'NONE',  ( -3.275000000000007905, 25.27251735415887524, -11.20000000000000107 ) ) ;
#1762 = VECTOR ( 'NONE', #1590, 1000.000000000000000 ) ;
#1763 = CYLINDRICAL_SURFACE ( 'NONE', #592, 3.750000000000000000 ) ;
#1764 = VERTEX_POINT ( 'NONE', #204 ) ;
#1765 = DIRECTION ( 'NONE',  ( -1.000000000000000000, 0.000000000000000000, 0.000000000000000000 ) ) ;
#1766 = EDGE_CURVE ( 'NONE', #1742, #1492, #1850, .T. ) ;
#1767 = ORIENTED_EDGE ( 'NONE', *, *, #310, .F. ) ;
#1768 = CALENDAR_DATE ( 2026, 23, 3 ) ;
#1769 = ORIENTED_EDGE ( 'NONE', *, *, #173, .F. ) ;
#1770 = CARTESIAN_POINT ( 'NONE',  ( 1.321493270020213995, 19.00000000000001066, 56.26580081155645274 ) ) ;
#1771 = DIRECTION ( 'NONE',  ( 1.000000000000000000, 0.000000000000000000, -0.000000000000000000 ) ) ;
#1772 = CARTESIAN_POINT ( 'NONE',  ( -3.275000000000007461, 25.99999999999999645, -11.33700000000000152 ) ) ;
#1773 = AXIS2_PLACEMENT_3D ( 'NONE', #617, #750, #611 ) ;
#1774 = ORIENTED_EDGE ( 'NONE', *, *, #3, .F. ) ;
#1775 = CIRCLE ( 'NONE', #1613, 2.000000000000001776 ) ;
#1776 = VECTOR ( 'NONE', #1639, 1000.000000000000000 ) ;
#1777 = CARTESIAN_POINT ( 'NONE',  ( 7.001000000000006551, 11.74999999999999645, 17.80000000000000426 ) ) ;
#1778 = ORIENTED_EDGE ( 'NONE', *, *, #1161, .F. ) ;
#1779 = DIRECTION ( 'NONE',  ( 6.806311348934042292E-17, -0.6819983600625025844, 0.7313537016191666851 ) ) ;
#1780 = VERTEX_POINT ( 'NONE', #1234 ) ;
#1781 = EDGE_CURVE ( 'NONE', #1402, #1097, #1417, .T. ) ;
#1782 = LINE ( 'NONE', #1383, #1299 ) ;
#1783 = DIRECTION ( 'NONE',  ( 0.000000000000000000, 0.000000000000000000, 1.000000000000000000 ) ) ;
#1784 = EDGE_CURVE ( 'NONE', #1168, #332, #788, .T. ) ;
#1785 = VECTOR ( 'NONE', #1107, 1000.000000000000000 ) ;
#1786 = ORIENTED_EDGE ( 'NONE', *, *, #54, .F. ) ;
#1787 = ORIENTED_EDGE ( 'NONE', *, *, #1214, .F. ) ;
#1788 = CARTESIAN_POINT ( 'NONE',  ( 1.999999999999999112, 6.499999999999996447, 4.000000000000000888 ) ) ;
#1789 = ORIENTED_EDGE ( 'NONE', *, *, #1235, .F. ) ;
#1790 = MECHANICAL_CONTEXT ( 'NONE', #1526, 'mechanical' ) ;
#1791 = ORIENTED_EDGE ( 'NONE', *, *, #1640, .T. ) ;
#1792 = PLANE ( 'NONE',  #1171 ) ;
#1793 = VECTOR ( 'NONE', #1807, 1000.000000000000000 ) ;
#1794 = CARTESIAN_POINT ( 'NONE',  ( 5.000000000000004441, 1.959434878635768681E-16, -21.60000000000000142 ) ) ;
#1795 = EDGE_CURVE ( 'NONE', #739, #1397, #621, .T. ) ;
#1796 = VECTOR ( 'NONE', #630, 1000.000000000000000 ) ;
#1797 = ORIENTED_EDGE ( 'NONE', *, *, #786, .T. ) ;
#1798 = ORIENTED_EDGE ( 'NONE', *, *, #722, .F. ) ;
#1799 = LINE ( 'NONE', #1788, #1174 ) ;
#1800 = EDGE_LOOP ( 'NONE', ( #912, #262 ) ) ;
#1801 = LINE ( 'NONE', #877, #1670 ) ;
#1802 = EDGE_CURVE ( 'NONE', #872, #1294, #326, .T. ) ;
#1803 = CARTESIAN_POINT ( 'NONE',  ( 0.9999999999999904521, 18.99999999999999645, -29.19999999999999929 ) ) ;
#1804 = DIRECTION ( 'NONE',  ( -0.7071067811865505703, 0.5171451618607934009, 0.4822456651582981424 ) ) ;
#1805 = DIRECTION ( 'NONE',  ( 0.000000000000000000, -1.084202172485504311E-16, -1.000000000000000000 ) ) ;
#1806 = DIRECTION ( 'NONE',  ( 1.000000000000000000, -0.000000000000000000, -9.306456416184588263E-17 ) ) ;
#1807 = DIRECTION ( 'NONE',  ( -1.000000000000000000, 0.000000000000000000, 9.757819552369541139E-17 ) ) ;
#1808 = CARTESIAN_POINT ( 'NONE',  ( 7.000000000000000000, 11.74999999999999645, -14.20000000000000284 ) ) ;
#1809 = CIRCLE ( 'NONE', #1744, 1.999999999999999112 ) ;
#1810 = ADVANCED_FACE ( 'NONE', ( #954 ), #809, .F. ) ;
#1811 = LINE ( 'NONE', #437, #26 ) ;
#1812 = LINE ( 'NONE', #438, #219 ) ;
#1813 = ORIENTED_EDGE ( 'NONE', *, *, #1541, .T. ) ;
#1814 = ADVANCED_FACE ( 'NONE', ( #686 ), #979, .F. ) ;
#1815 = COORDINATED_UNIVERSAL_TIME_OFFSET ( 8, 0, .AHEAD. ) ;
#1816 = DIRECTION ( 'NONE',  ( 1.000000000000000000, 0.000000000000000000, 0.000000000000000000 ) ) ;
#1817 = DIRECTION ( 'NONE',  ( 0.000000000000000000, 1.000000000000000000, -0.000000000000000000 ) ) ;
#1818 = VECTOR ( 'NONE', #1427, 1000.000000000000000 ) ;
#1819 = LINE ( 'NONE', #1187, #1463 ) ;
#1820 = CARTESIAN_POINT ( 'NONE',  ( 19.11077027627482394, 22.00000000000000000, -11.20000000000000284 ) ) ;
#1821 = ORIENTED_EDGE ( 'NONE', *, *, #485, .F. ) ;
#1822 = LINE ( 'NONE', #1388, #527 ) ;
#1823 = ORIENTED_EDGE ( 'NONE', *, *, #1214, .T. ) ;
#1824 = DIRECTION ( 'NONE',  ( 1.000000000000000000, -0.000000000000000000, -9.757819552369542371E-17 ) ) ;
#1825 = CARTESIAN_POINT ( 'NONE',  ( 7.000000000000000000, 6.500000000000000000, -29.19999999999999929 ) ) ;
#1826 = CARTESIAN_POINT ( 'NONE',  ( -3.275000000000005684, 17.00000000000000355, 10.80000000000000071 ) ) ;
#1827 = VECTOR ( 'NONE', #642, 1000.000000000000000 ) ;
#1828 = CARTESIAN_POINT ( 'NONE',  ( 4.500000000000000888, 16.99999999999999645, -29.19999999999999929 ) ) ;
#1829 = AXIS2_PLACEMENT_3D ( 'NONE', #346, #70, #371 ) ;
#1830 = DIRECTION ( 'NONE',  ( 0.000000000000000000, -1.000000000000000000, 0.000000000000000000 ) ) ;
#1831 = LINE ( 'NONE', #624, #1932 ) ;
#1832 = VERTEX_POINT ( 'NONE', #1432 ) ;
#1833 = EDGE_CURVE ( 'NONE', #810, #1281, #61, .T. ) ;
#1834 = DIRECTION ( 'NONE',  ( -1.000000000000000000, -0.000000000000000000, 0.000000000000000000 ) ) ;
#1835 = CARTESIAN_POINT ( 'NONE',  ( 0.000000000000000000, 0.000000000000000000, 14.00000000000000178 ) ) ;
#1836 = ORIENTED_EDGE ( 'NONE', *, *, #426, .F. ) ;
#1837 = VECTOR ( 'NONE', #820, 1000.000000000000114 ) ;
#1838 = LINE ( 'NONE', #465, #516 ) ;
#1839 = DIRECTION ( 'NONE',  ( -0.000000000000000000, -1.000000000000000000, -0.000000000000000000 ) ) ;
#1840 = ORIENTED_EDGE ( 'NONE', *, *, #223, .T. ) ;
#1841 = ORIENTED_EDGE ( 'NONE', *, *, #973, .F. ) ;
#1842 = VECTOR ( 'NONE', #1830, 1000.000000000000000 ) ;
#1843 = AXIS2_PLACEMENT_3D ( 'NONE', #377, #238, #97 ) ;
#1844 = CIRCLE ( 'NONE', #1614, 3.750000000000000000 ) ;
#1845 = PLANE ( 'NONE',  #631 ) ;
#1846 = DIRECTION ( 'NONE',  ( 6.570922257487903830E-17, 0.000000000000000000, 1.000000000000000000 ) ) ;
#1847 = CARTESIAN_POINT ( 'NONE',  ( 31.65336144876025770, 6.563277878031139601, 66.19859520899437655 ) ) ;
#1848 = DIRECTION ( 'NONE',  ( 0.000000000000000000, -1.000000000000000000, 0.000000000000000000 ) ) ;
#1849 = DIRECTION ( 'NONE',  ( 1.000000000000000000, 0.000000000000000000, 0.000000000000000000 ) ) ;
#1850 = LINE ( 'NONE', #1391, #1785 ) ;
#1851 = ORIENTED_EDGE ( 'NONE', *, *, #387, .F. ) ;
#1852 = VECTOR ( 'NONE', #209, 1000.000000000000000 ) ;
#1853 = ORIENTED_EDGE ( 'NONE', *, *, #1066, .T. ) ;
#1854 = CARTESIAN_POINT ( 'NONE',  ( 0.000000000000000000, 0.000000000000000000, 0.000000000000000000 ) ) ;
#1855 = CARTESIAN_POINT ( 'NONE',  ( 1.907460370276616413, 7.868390842953763453, 64.79903290236383384 ) ) ;
#1856 = DIRECTION ( 'NONE',  ( -0.000000000000000000, -0.000000000000000000, -1.000000000000000000 ) ) ;
#1857 = CARTESIAN_POINT ( 'NONE',  ( 3.999999999999990674, 18.99999999999999645, -29.19999999999999929 ) ) ;
#1858 = FACE_OUTER_BOUND ( 'NONE', #1662, .T. ) ;
#1859 = VERTEX_POINT ( 'NONE', #374 ) ;
#1860 = CARTESIAN_POINT ( 'NONE',  ( -0.5000000000000082157, 27.19999999999999574, -16.33699999999999974 ) ) ;
#1861 = LINE ( 'NONE', #362, #1154 ) ;
#1862 = ADVANCED_FACE ( 'NONE', ( #698 ), #508, .F. ) ;
#1863 = EDGE_CURVE ( 'NONE', #687, #1184, #1001, .T. ) ;
#1864 = CIRCLE ( 'NONE', #1208, 5.000000000000000888 ) ;
#1865 = CARTESIAN_POINT ( 'NONE',  ( 7.001000000000006551, 7.999999999999992895, -14.20000000000000284 ) ) ;
#1866 = VECTOR ( 'NONE', #1443, 1000.000000000000000 ) ;
#1867 = DIRECTION ( 'NONE',  ( -1.000000000000000000, -3.252606517456514535E-17, 0.000000000000000000 ) ) ;
#1868 = ORIENTED_EDGE ( 'NONE', *, *, #215, .T. ) ;
#1869 = ADVANCED_FACE ( 'NONE', ( #821 ), #838, .F. ) ;
#1870 = DIRECTION ( 'NONE',  ( 0.000000000000000000, 0.000000000000000000, -1.000000000000000000 ) ) ;
#1871 = CARTESIAN_POINT ( 'NONE',  ( 4.500000000000000888, 7.999999999999996447, 17.80000000000000071 ) ) ;
#1872 = DIRECTION ( 'NONE',  ( 1.000000000000000000, 0.000000000000000000, -0.000000000000000000 ) ) ;
#1873 = ADVANCED_FACE ( 'NONE', ( #1303 ), #662, .F. ) ;
#1874 = ORIENTED_EDGE ( 'NONE', *, *, #1948, .T. ) ;
#1875 = ADVANCED_FACE ( 'NONE', ( #526 ), #989, .F. ) ;
#1876 = DIRECTION ( 'NONE',  ( 0.000000000000000000, 0.6819983600625025844, -0.7313537016191666851 ) ) ;
#1877 = ORIENTED_EDGE ( 'NONE', *, *, #1962, .T. ) ;
#1878 = ORIENTED_EDGE ( 'NONE', *, *, #271, .F. ) ;
#1879 = CARTESIAN_POINT ( 'NONE',  ( 7.000000000000000000, 0.000000000000000000, 0.000000000000000000 ) ) ;
#1880 = ORIENTED_EDGE ( 'NONE', *, *, #3, .T. ) ;
#1881 = LINE ( 'NONE', #1855, #1093 ) ;
#1882 = ORIENTED_EDGE ( 'NONE', *, *, #273, .F. ) ;
#1883 = FACE_OUTER_BOUND ( 'NONE', #1750, .T. ) ;
#1884 = AXIS2_PLACEMENT_3D ( 'NONE', #638, #1591, #1203 ) ;
#1885 = VECTOR ( 'NONE', #532, 1000.000000000000000 ) ;
#1886 = CARTESIAN_POINT ( 'NONE',  ( 2.999999999999998668, 4.000000000000000000, 55.96165158468899392 ) ) ;
#1887 = CARTESIAN_POINT ( 'NONE',  ( 3.000000000000000000, 6.499999999999996447, 47.50000000000000000 ) ) ;
#1888 = VERTEX_POINT ( 'NONE', #1886 ) ;
#1889 = CARTESIAN_POINT ( 'NONE',  ( -1.999999999999992228, 19.00000000000001066, 56.48505869448136707 ) ) ;
#1890 = DIRECTION ( 'NONE',  ( -9.856383386231857595E-17, 0.000000000000000000, -1.000000000000000000 ) ) ;
#1891 = CARTESIAN_POINT ( 'NONE',  ( 7.000000000000000000, 0.000000000000000000, 1.600000000000000089 ) ) ;
#1892 = ORIENTED_EDGE ( 'NONE', *, *, #511, .T. ) ;
#1893 = CARTESIAN_POINT ( 'NONE',  ( -4.501000000000007439, 3.100000000000000089, -34.00000000000000000 ) ) ;
#1894 = ORIENTED_EDGE ( 'NONE', *, *, #50, .F. ) ;
#1895 = CARTESIAN_POINT ( 'NONE',  ( 1.999999999999999112, 4.000000000000000000, 4.000000000000003553 ) ) ;
#1896 = CARTESIAN_POINT ( 'NONE',  ( -5.000000000000002665, 23.99999999999999645, 42.36802285026125503 ) ) ;
#1897 = AXIS2_PLACEMENT_3D ( 'NONE', #319, #175, #431 ) ;
#1898 = ADVANCED_FACE ( 'NONE', ( #1442 ), #1122, .F. ) ;
#1899 = EDGE_CURVE ( 'NONE', #80, #744, #1144, .T. ) ;
#1900 = CIRCLE ( 'NONE', #1745, 1.649999999999998579 ) ;
#1901 = DIRECTION ( 'NONE',  ( 0.000000000000000000, -1.000000000000000000, -1.137523590804463723E-15 ) ) ;
#1902 = ORIENTED_EDGE ( 'NONE', *, *, #217, .F. ) ;
#1903 = FACE_BOUND ( 'NONE', #270, .T. ) ;
#1904 = ORIENTED_EDGE ( 'NONE', *, *, #1219, .F. ) ;
#1905 = DIRECTION ( 'NONE',  ( -1.000000000000000000, 0.000000000000000000, 0.000000000000000000 ) ) ;
#1906 = EDGE_LOOP ( 'NONE', ( #98, #1320, #194, #620 ) ) ;
#1907 = DIRECTION ( 'NONE',  ( 1.135736202682209697E-16, -0.000000000000000000, 1.000000000000000000 ) ) ;
#1908 = CC_DESIGN_SECURITY_CLASSIFICATION ( #1567, ( #697 ) ) ;
#1909 = ADVANCED_FACE ( 'NONE', ( #351 ), #1749, .F. ) ;
#1910 = DIRECTION ( 'NONE',  ( -1.000000000000000000, -0.000000000000000000, -0.000000000000000000 ) ) ;
#1911 = EDGE_LOOP ( 'NONE', ( #1135, #1878, #934, #1964, #720, #240 ) ) ;
#1912 = FACE_BOUND ( 'NONE', #1933, .T. ) ;
#1913 = DIRECTION ( 'NONE',  ( 0.000000000000000000, 0.000000000000000000, -1.000000000000000000 ) ) ;
#1914 = VECTOR ( 'NONE', #529, 1000.000000000000000 ) ;
#1915 = EDGE_LOOP ( 'NONE', ( #1413, #700, #1892, #1880, #618, #1582, #1738 ) ) ;
#1916 = CIRCLE ( 'NONE', #616, 1.600000000000000755 ) ;
#1917 = PLANE ( 'NONE',  #467 ) ;
#1918 = FACE_OUTER_BOUND ( 'NONE', #1751, .T. ) ;
#1919 = EDGE_LOOP ( 'NONE', ( #897, #603, #1549, #628 ) ) ;
#1920 = FACE_BOUND ( 'NONE', #1302, .T. ) ;
#1921 = EDGE_CURVE ( 'NONE', #1176, #1397, #357, .T. ) ;
#1922 = VERTEX_POINT ( 'NONE', #211 ) ;
#1923 = PERSON_AND_ORGANIZATION ( #408, #1308 ) ;
#1924 = CARTESIAN_POINT ( 'NONE',  ( -0.5000000000000081046, 27.19999999999999574, -14.68700000000000117 ) ) ;
#1925 = EDGE_CURVE ( 'NONE', #385, #1518, #1600, .T. ) ;
#1926 = EDGE_LOOP ( 'NONE', ( #1363, #1164, #1158, #1672 ) ) ;
#1927 = PLANE ( 'NONE',  #683 ) ;
#1928 = FACE_OUTER_BOUND ( 'NONE', #395, .T. ) ;
#1929 = DIRECTION ( 'NONE',  ( -1.000000000000000000, -0.000000000000000000, -0.000000000000000000 ) ) ;
#1930 = ORIENTED_EDGE ( 'NONE', *, *, #1746, .T. ) ;
#1931 = DIRECTION ( 'NONE',  ( 0.000000000000000000, 0.000000000000000000, 1.000000000000000000 ) ) ;
#1932 = VECTOR ( 'NONE', #1555, 1000.000000000000000 ) ;
#1933 = EDGE_LOOP ( 'NONE', ( #758, #131 ) ) ;
#1934 = ORIENTED_EDGE ( 'NONE', *, *, #761, .T. ) ;
#1935 = DIRECTION ( 'NONE',  ( -1.000000000000000000, -0.000000000000000000, 0.000000000000000000 ) ) ;
#1936 = EDGE_LOOP ( 'NONE', ( #1686, #866, #1523, #373 ) ) ;
#1937 = COORDINATED_UNIVERSAL_TIME_OFFSET ( 8, 0, .AHEAD. ) ;
#1938 = VERTEX_POINT ( 'NONE', #218 ) ;
#1939 = CARTESIAN_POINT ( 'NONE',  ( -0.5000000000000077716, 23.99999999999999645, 7.800000000000001599 ) ) ;
#1940 = DIRECTION ( 'NONE',  ( 0.000000000000000000, 1.000000000000000000, -0.000000000000000000 ) ) ;
#1941 = CYLINDRICAL_SURFACE ( 'NONE', #974, 1.649999999999998579 ) ;
#1942 = CARTESIAN_POINT ( 'NONE',  ( 4.500000000000000888, 16.99999999999999645, -29.19999999999999929 ) ) ;
#1943 = EDGE_LOOP ( 'NONE', ( #1877, #1324, #1145, #506, #1129, #1393, #291, #1221 ) ) ;
#1944 = CARTESIAN_POINT ( 'NONE',  ( 1.100056072177510421E-16, 4.000000000000000000, -28.57413601349979260 ) ) ;
#1945 = ORIENTED_EDGE ( 'NONE', *, *, #1781, .F. ) ;
#1946 = LINE ( 'NONE', #1467, #1693 ) ;
#1947 = ORIENTED_EDGE ( 'NONE', *, *, #1359, .T. ) ;
#1948 = EDGE_CURVE ( 'NONE', #1117, #1378, #81, .T. ) ;
#1949 = PERSON_AND_ORGANIZATION ( #408, #1308 ) ;
#1950 = PLANE ( 'NONE',  #483 ) ;
#1951 = ORIENTED_EDGE ( 'NONE', *, *, #524, .F. ) ;
#1952 = CIRCLE ( 'NONE', #1192, 2.000000000000001776 ) ;
#1953 = DIRECTION ( 'NONE',  ( 1.000000000000000000, 8.384496800554598652E-15, -0.000000000000000000 ) ) ;
#1954 = DIRECTION ( 'NONE',  ( -1.000000000000000000, 0.000000000000000000, 0.000000000000000000 ) ) ;
#1955 = VECTOR ( 'NONE', #585, 1000.000000000000000 ) ;
#1956 = ADVANCED_FACE ( 'NONE', ( #365 ), #1593, .T. ) ;
#1957 = CARTESIAN_POINT ( 'NONE',  ( -35.11570741700136722, 23.99999999999999645, -2.523151688920647562 ) ) ;
#1958 = EDGE_LOOP ( 'NONE', ( #73, #1253, #1491, #1375 ) ) ;
#1959 = EDGE_CURVE ( 'NONE', #1448, #1207, #756, .T. ) ;
#1960 = DIRECTION ( 'NONE',  ( 0.000000000000000000, -1.084202172485504311E-16, -1.000000000000000000 ) ) ;
#1961 = CARTESIAN_POINT ( 'NONE',  ( 7.001000000000006551, 11.74999999999999645, -14.20000000000000284 ) ) ;
#1962 = EDGE_CURVE ( 'NONE', #212, #6, #94, .T. ) ;
#1963 = VERTEX_POINT ( 'NONE', #119 ) ;
#1964 = ORIENTED_EDGE ( 'NONE', *, *, #290, .F. ) ;
#1965 = DIRECTION ( 'NONE',  ( 1.000000000000000000, 3.252606517456513918E-17, 0.000000000000000000 ) ) ;
#1966 = CARTESIAN_POINT ( 'NONE',  ( 5.000000000000004441, 0.000000000000000000, 0.000000000000000000 ) ) ;
#1967 = ORIENTED_EDGE ( 'NONE', *, *, #1195, .F. ) ;
#1968 = DIRECTION ( 'NONE',  ( 0.000000000000000000, 1.000000000000000000, 0.000000000000000000 ) ) ;
#1969 = DIRECTION ( 'NONE',  ( 0.000000000000000000, 0.000000000000000000, -1.000000000000000000 ) ) ;
#1970 = EDGE_CURVE ( 'NONE', #687, #1389, #1801, .T. ) ;
#1971 = VECTOR ( 'NONE', #746, 1000.000000000000000 ) ;
ENDSEC;
END-ISO-10303-21;
