ISO-10303-21;
HEADER;
FILE_DESCRIPTION (( 'STEP AP214' ),
    '1' );
FILE_NAME ('×ó²à°å.STEP',
    '2026-03-19T10:59:05',
    ( '' ),
    ( '' ),
    'SwSTEP 2.0',
    'SolidWorks 2023',
    '' );
FILE_SCHEMA (( 'AUTOMOTIVE_DESIGN' ));
ENDSEC;

DATA;
#1 = DIRECTION ( 'NONE',  ( -1.000000000000000000, 0.000000000000000000, 0.000000000000000000 ) ) ;
#2 = ORIENTED_EDGE ( 'NONE', *, *, #4420, .T. ) ;
#3 = ORIENTED_EDGE ( 'NONE', *, *, #2045, .T. ) ;
#4 = ORIENTED_EDGE ( 'NONE', *, *, #106, .T. ) ;
#5 = AXIS2_PLACEMENT_3D ( 'NONE', #4562, #1458, #6700 ) ;
#6 = CIRCLE ( 'NONE', #2370, 2.049999999999999822 ) ;
#7 = ORIENTED_EDGE ( 'NONE', *, *, #5436, .T. ) ;
#8 = EDGE_CURVE ( 'NONE', #2433, #4036, #6934, .T. ) ;
#9 = CARTESIAN_POINT ( 'NONE',  ( -4.422545647627139864, -10.99552708463976458, 3.500000000000000000 ) ) ;
#10 = DIRECTION ( 'NONE',  ( -1.927470528863119295E-16, -1.000000000000000000, 0.000000000000000000 ) ) ;
#11 = CARTESIAN_POINT ( 'NONE',  ( 67.44792988951998325, -19.12942000970458167, 3.500000000000000000 ) ) ;
#12 = CARTESIAN_POINT ( 'NONE',  ( 93.50000000000001421, -4.000000000000000000, 0.000000000000000000 ) ) ;
#13 = AXIS2_PLACEMENT_3D ( 'NONE', #3562, #3159, #2528 ) ;
#14 = ORIENTED_EDGE ( 'NONE', *, *, #5173, .F. ) ;
#15 = ORIENTED_EDGE ( 'NONE', *, *, #6317, .F. ) ;
#16 = AXIS2_PLACEMENT_3D ( 'NONE', #1181, #2621, #5829 ) ;
#17 = AXIS2_PLACEMENT_3D ( 'NONE', #1736, #1206, #2679 ) ;
#18 = DIRECTION ( 'NONE',  ( 1.000000000000000000, 0.000000000000000000, -0.000000000000000000 ) ) ;
#19 = CARTESIAN_POINT ( 'NONE',  ( 89.50000000000001421, -18.50000000000000000, 1.725000000000000089 ) ) ;
#20 = DIRECTION ( 'NONE',  ( 1.000000000000000000, -0.000000000000000000, -0.000000000000000000 ) ) ;
#21 = DIRECTION ( 'NONE',  ( 0.7522364576801211511, -0.6588932476030266994, 0.000000000000000000 ) ) ;
#22 = PLANE ( 'NONE',  #5237 ) ;
#23 = ORIENTED_EDGE ( 'NONE', *, *, #1630, .F. ) ;
#24 = VECTOR ( 'NONE', #1034, 1000.000000000000000 ) ;
#25 = ORIENTED_EDGE ( 'NONE', *, *, #6425, .T. ) ;
#26 = ORIENTED_EDGE ( 'NONE', *, *, #5252, .T. ) ;
#27 = CARTESIAN_POINT ( 'NONE',  ( 33.40000000000000568, 0.000000000000000000, 3.000000000000000000 ) ) ;
#28 = DIRECTION ( 'NONE',  ( -0.000000000000000000, 1.000000000000000000, -0.000000000000000000 ) ) ;
#29 = DIRECTION ( 'NONE',  ( 0.000000000000000000, -0.000000000000000000, -1.000000000000000000 ) ) ;
#30 = CARTESIAN_POINT ( 'NONE',  ( 74.99360889468384528, -22.57887326920805293, 2.867732791780984503 ) ) ;
#31 = EDGE_LOOP ( 'NONE', ( #5145, #3962, #3304, #3958 ) ) ;
#32 = VECTOR ( 'NONE', #28, 1000.000000000000000 ) ;
#33 = EDGE_CURVE ( 'NONE', #1221, #5588, #3125, .T. ) ;
#34 = VERTEX_POINT ( 'NONE', #6298 ) ;
#35 = CARTESIAN_POINT ( 'NONE',  ( -29.16666666666673180, -18.33333333333332504, -1.666666666666628771 ) ) ;
#36 = FACE_OUTER_BOUND ( 'NONE', #6649, .T. ) ;
#37 = CARTESIAN_POINT ( 'NONE',  ( 70.00000000000000000, 0.000000000000000000, 3.500000000000000000 ) ) ;
#38 = EDGE_LOOP ( 'NONE', ( #3618, #487, #5337, #1716 ) ) ;
#39 = EDGE_LOOP ( 'NONE', ( #3320, #6738, #5050, #732 ) ) ;
#40 = EDGE_CURVE ( 'NONE', #3092, #3428, #5804, .T. ) ;
#41 = VERTEX_POINT ( 'NONE', #4274 ) ;
#42 = ORIENTED_EDGE ( 'NONE', *, *, #144, .T. ) ;
#43 = DIRECTION ( 'NONE',  ( -0.9094744755858004126, 0.4157597602677939874, 0.000000000000000000 ) ) ;
#44 = CARTESIAN_POINT ( 'NONE',  ( 0.000000000000000000, 0.000000000000000000, 3.500000000000000000 ) ) ;
#45 = DIRECTION ( 'NONE',  ( -1.000000000000000000, 0.000000000000000000, 0.000000000000000000 ) ) ;
#46 = FACE_BOUND ( 'NONE', #3217, .T. ) ;
#47 = VERTEX_POINT ( 'NONE', #6405 ) ;
#48 = EDGE_CURVE ( 'NONE', #5096, #2503, #3354, .T. ) ;
#49 = VERTEX_POINT ( 'NONE', #4306 ) ;
#50 = CARTESIAN_POINT ( 'NONE',  ( -1.683748498798798732, -18.25000000000000355, 91.99722379239923953 ) ) ;
#51 = CARTESIAN_POINT ( 'NONE',  ( -5.740332142833193707, -10.50000000000000711, 3.500000000000003109 ) ) ;
#52 = CARTESIAN_POINT ( 'NONE',  ( -27.50000000000000000, -7.000000000000004441, 2.500000000000000000 ) ) ;
#53 = CARTESIAN_POINT ( 'NONE',  ( 31.25000000000000711, -18.50000000000000000, 3.500000000000003109 ) ) ;
#54 = CARTESIAN_POINT ( 'NONE',  ( -7.349999999999995204, -10.50000000000000888, -0.5000000000000000000 ) ) ;
#55 = ORIENTED_EDGE ( 'NONE', *, *, #4157, .T. ) ;
#56 = EDGE_CURVE ( 'NONE', #1928, #2864, #1084, .T. ) ;
#57 = ORIENTED_EDGE ( 'NONE', *, *, #6317, .T. ) ;
#58 = ORIENTED_EDGE ( 'NONE', *, *, #6765, .F. ) ;
#59 = LINE ( 'NONE', #2207, #5595 ) ;
#60 = DIRECTION ( 'NONE',  ( -0.000000000000000000, 1.000000000000000000, -0.000000000000000000 ) ) ;
#61 = CARTESIAN_POINT ( 'NONE',  ( -21.00000000000001066, -26.50000000000000355, 6.000000000000000000 ) ) ;
#62 = CARTESIAN_POINT ( 'NONE',  ( 3.000000000000002665, -16.50000000000001066, 3.500000000000003109 ) ) ;
#63 = ORIENTED_EDGE ( 'NONE', *, *, #1536, .F. ) ;
#64 = ADVANCED_FACE ( 'NONE', ( #1124 ), #3227, .T. ) ;
#65 = VERTEX_POINT ( 'NONE', #5349 ) ;
#66 = CARTESIAN_POINT ( 'NONE',  ( 86.31826857315519419, 1.500000000000005995, 6.000000000000000000 ) ) ;
#67 = CARTESIAN_POINT ( 'NONE',  ( 70.00000000000000000, 0.000000000000000000, 3.000000000000000000 ) ) ;
#68 = PRESENTATION_LAYER_ASSIGNMENT (  '', '', ( #6555 ) ) ;
#69 = CARTESIAN_POINT ( 'NONE',  ( 72.68750000000001421, -10.50000000000000711, -0.5000000000000000000 ) ) ;
#70 = ORIENTED_EDGE ( 'NONE', *, *, #2845, .T. ) ;
#71 = CIRCLE ( 'NONE', #3989, 1.000000000000000000 ) ;
#72 = ORIENTED_EDGE ( 'NONE', *, *, #351, .T. ) ;
#73 = EDGE_LOOP ( 'NONE', ( #4873, #1945, #3336, #6746, #6808, #3109, #1430, #2994, #5369, #2695 ) ) ;
#74 = DIRECTION ( 'NONE',  ( -0.000000000000000000, -0.000000000000000000, -1.000000000000000000 ) ) ;
#75 = EDGE_CURVE ( 'NONE', #4794, #6181, #1649, .T. ) ;
#76 = CARTESIAN_POINT ( 'NONE',  ( -15.49999999999999822, -4.499999999999997335, 1.000000000000000000 ) ) ;
#77 = EDGE_CURVE ( 'NONE', #6364, #5823, #2817, .T. ) ;
#78 = PLANE ( 'NONE',  #1920 ) ;
#79 = DIRECTION ( 'NONE',  ( -0.000000000000000000, 0.000000000000000000, 1.000000000000000000 ) ) ;
#80 = ORIENTED_EDGE ( 'NONE', *, *, #1011, .T. ) ;
#81 = AXIS2_PLACEMENT_3D ( 'NONE', #1539, #6400, #4855 ) ;
#82 = ORIENTED_EDGE ( 'NONE', *, *, #5673, .F. ) ;
#83 =( NAMED_UNIT ( * ) PLANE_ANGLE_UNIT ( ) SI_UNIT ( $, .RADIAN. ) );
#84 = AXIS2_PLACEMENT_3D ( 'NONE', #3491, #2028, #4669 ) ;
#85 = EDGE_CURVE ( 'NONE', #4551, #2024, #5455, .T. ) ;
#86 = DIRECTION ( 'NONE',  ( 0.000000000000000000, 0.000000000000000000, 1.000000000000000000 ) ) ;
#87 = DIRECTION ( 'NONE',  ( -0.000000000000000000, -0.000000000000000000, -1.000000000000000000 ) ) ;
#88 = LINE ( 'NONE', #2690, #6050 ) ;
#89 = LINE ( 'NONE', #3760, #6477 ) ;
#90 = FACE_OUTER_BOUND ( 'NONE', #6095, .T. ) ;
#91 = ORIENTED_EDGE ( 'NONE', *, *, #5891, .T. ) ;
#92 = VERTEX_POINT ( 'NONE', #665 ) ;
#93 = VECTOR ( 'NONE', #4829, 1000.000000000000114 ) ;
#94 = ORIENTED_EDGE ( 'NONE', *, *, #1730, .T. ) ;
#95 = EDGE_CURVE ( 'NONE', #4728, #4638, #4342, .T. ) ;
#96 = DIRECTION ( 'NONE',  ( 1.000000000000000000, 0.000000000000000000, 0.000000000000000000 ) ) ;
#97 = VECTOR ( 'NONE', #6667, 1000.000000000000000 ) ;
#98 = CARTESIAN_POINT ( 'NONE',  ( 62.63182519208454835, 1.399999999999995914, 3.000000000000000000 ) ) ;
#99 = CYLINDRICAL_SURFACE ( 'NONE', #6833, 1.000000000000000000 ) ;
#100 = CIRCLE ( 'NONE', #6353, 1.000000000000000888 ) ;
#101 = CARTESIAN_POINT ( 'NONE',  ( 75.01909820294729059, -22.59052552441420403, 2.398185307580717129 ) ) ;
#102 = VERTEX_POINT ( 'NONE', #3330 ) ;
#103 = PLANE ( 'NONE',  #5687 ) ;
#104 = VECTOR ( 'NONE', #1988, 1000.000000000000000 ) ;
#106 = EDGE_CURVE ( 'NONE', #4578, #4564, #6245, .T. ) ;
#105 = LINE ( 'NONE', #35, #436 ) ;
#107 = CYLINDRICAL_SURFACE ( 'NONE', #4787, 1.000000000000000888 ) ;
#108 = VECTOR ( 'NONE', #1071, 1000.000000000000000 ) ;
#109 = CARTESIAN_POINT ( 'NONE',  ( -14.09999999999999787, -18.50000000000000355, 2.000000000000000000 ) ) ;
#110 = ORIENTED_EDGE ( 'NONE', *, *, #2026, .T. ) ;
#111 = CIRCLE ( 'NONE', #1909, 3.000000000000000000 ) ;
#112 = ORIENTED_EDGE ( 'NONE', *, *, #4665, .T. ) ;
#113 = ORIENTED_EDGE ( 'NONE', *, *, #2853, .F. ) ;
#114 = CARTESIAN_POINT ( 'NONE',  ( 75.30497232138958452, -22.77276035812548471, 1.362866285785736098 ) ) ;
#115 = LINE ( 'NONE', #2753, #2153 ) ;
#116 = FACE_OUTER_BOUND ( 'NONE', #2080, .T. ) ;
#117 = ORIENTED_EDGE ( 'NONE', *, *, #3402, .T. ) ;
#118 = DIRECTION ( 'NONE',  ( 0.000000000000000000, 0.000000000000000000, -1.000000000000000000 ) ) ;
#119 = EDGE_LOOP ( 'NONE', ( #5435, #3594, #3100, #6899, #80, #1470, #2906, #1319, #3856 ) ) ;
#120 = VECTOR ( 'NONE', #335, 1000.000000000000000 ) ;
#121 = ORIENTED_EDGE ( 'NONE', *, *, #769, .T. ) ;
#122 = ADVANCED_FACE ( 'NONE', ( #145 ), #2777, .F. ) ;
#123 = ADVANCED_FACE ( 'NONE', ( #3815 ), #103, .T. ) ;
#124 = PLANE ( 'NONE',  #1640 ) ;
#125 = CIRCLE ( 'NONE', #3926, 2.049999999999999822 ) ;
#126 = ORIENTED_EDGE ( 'NONE', *, *, #2654, .F. ) ;
#127 = DIRECTION ( 'NONE',  ( -1.000000000000000000, 0.000000000000000000, 0.000000000000000000 ) ) ;
#128 = LINE ( 'NONE', #5515, #538 ) ;
#129 = AXIS2_PLACEMENT_3D ( 'NONE', #5713, #3613, #5776 ) ;
#130 = DIRECTION ( 'NONE',  ( 0.000000000000000000, 0.000000000000000000, 1.000000000000000000 ) ) ;
#131 = CARTESIAN_POINT ( 'NONE',  ( 93.50200000000000955, -7.000000000000004441, 4.000000000000000888 ) ) ;
#132 = CARTESIAN_POINT ( 'NONE',  ( 75.25644541605322502, -24.25881597577796711, 1.480198891063835953 ) ) ;
#133 = ORIENTED_EDGE ( 'NONE', *, *, #2524, .T. ) ;
#134 = ORIENTED_EDGE ( 'NONE', *, *, #3095, .T. ) ;
#135 = VECTOR ( 'NONE', #2458, 1000.000000000000000 ) ;
#136 = EDGE_CURVE ( 'NONE', #2897, #3408, #4133, .T. ) ;
#137 = LINE ( 'NONE', #5449, #1573 ) ;
#138 = CARTESIAN_POINT ( 'NONE',  ( -22.50000000000000000, -3.600000000000004974, -1.700000000000000178 ) ) ;
#140 = DIRECTION ( 'NONE',  ( 0.000000000000000000, 0.000000000000000000, 1.000000000000000000 ) ) ;
#139 = CIRCLE ( 'NONE', #5049, 1.000000000000000888 ) ;
#141 = CARTESIAN_POINT ( 'NONE',  ( -15.49999999999999822, -3.599999999999995648, -1.700000000000000178 ) ) ;
#142 = ORIENTED_EDGE ( 'NONE', *, *, #1983, .T. ) ;
#143 = AXIS2_PLACEMENT_3D ( 'NONE', #6751, #6785, #3088 ) ;
#144 = EDGE_CURVE ( 'NONE', #367, #5280, #3791, .T. ) ;
#145 = FACE_OUTER_BOUND ( 'NONE', #4552, .T. ) ;
#146 = DIRECTION ( 'NONE',  ( 0.000000000000000000, -0.000000000000000000, -1.000000000000000000 ) ) ;
#147 = CARTESIAN_POINT ( 'NONE',  ( 0.000000000000000000, 4.500000000000000000, 3.500000000000000000 ) ) ;
#148 = CARTESIAN_POINT ( 'NONE',  ( -29.40630915771290788, -17.09369084228710634, -1.906309157712795965 ) ) ;
#149 = ORIENTED_EDGE ( 'NONE', *, *, #2297, .F. ) ;
#150 = EDGE_LOOP ( 'NONE', ( #2896, #5704, #2768, #5984, #6327, #6770, #25, #5206, #2705 ) ) ;
#151 = ORIENTED_EDGE ( 'NONE', *, *, #933, .T. ) ;
#152 = DIRECTION ( 'NONE',  ( 1.000000000000000000, 0.000000000000000000, 0.000000000000000000 ) ) ;
#153 = LINE ( 'NONE', #1093, #5045 ) ;
#154 = CARTESIAN_POINT ( 'NONE',  ( 91.10000000000000853, -18.50000000000000000, 6.000000000000000000 ) ) ;
#155 = CARTESIAN_POINT ( 'NONE',  ( 42.36817480791545876, 1.399999999999998579, 0.000000000000000000 ) ) ;
#156 = EDGE_LOOP ( 'NONE', ( #3644, #3731, #4978, #6790 ) ) ;
#157 = ORIENTED_EDGE ( 'NONE', *, *, #287, .T. ) ;
#158 = DIRECTION ( 'NONE',  ( -0.000000000000000000, -0.000000000000000000, -1.000000000000000000 ) ) ;
#159 = CARTESIAN_POINT ( 'NONE',  ( 79.67567567567569142, -11.74691119691119923, 3.499999999999989342 ) ) ;
#160 = DIRECTION ( 'NONE',  ( -0.000000000000000000, -0.000000000000000000, -1.000000000000000000 ) ) ;
#161 = EDGE_CURVE ( 'NONE', #3428, #4633, #543, .T. ) ;
#162 = DIRECTION ( 'NONE',  ( 0.1945569374730864720, -0.9808912264268110359, 0.000000000000000000 ) ) ;
#163 = CARTESIAN_POINT ( 'NONE',  ( 75.51661863870117486, -23.91622930954682502, 0.9899868854833069332 ) ) ;
#164 = ORIENTED_EDGE ( 'NONE', *, *, #6816, .T. ) ;
#165 = ORIENTED_EDGE ( 'NONE', *, *, #4224, .T. ) ;
#166 = DIRECTION ( 'NONE',  ( -0.000000000000000000, -0.000000000000000000, 1.000000000000000000 ) ) ;
#167 = DIRECTION ( 'NONE',  ( 1.000000000000000000, 0.000000000000000000, 0.000000000000000000 ) ) ;
#168 = DIRECTION ( 'NONE',  ( 0.000000000000000000, 0.000000000000000000, -1.000000000000000000 ) ) ;
#169 = EDGE_CURVE ( 'NONE', #6684, #3932, #2916, .T. ) ;
#170 = LINE ( 'NONE', #271, #2913 ) ;
#171 = ORIENTED_EDGE ( 'NONE', *, *, #3746, .F. ) ;
#172 = CYLINDRICAL_SURFACE ( 'NONE', #5122, 2.000000000000001776 ) ;
#173 = DIRECTION ( 'NONE',  ( 1.000000000000000000, 0.000000000000000000, 0.000000000000000000 ) ) ;
#174 = EDGE_CURVE ( 'NONE', #5358, #5720, #5584, .T. ) ;
#175 = EDGE_CURVE ( 'NONE', #5664, #2149, #89, .T. ) ;
#176 = CARTESIAN_POINT ( 'NONE',  ( -8.849999999999996092, -18.50000000000000355, 5.000000000000000888 ) ) ;
#177 = EDGE_LOOP ( 'NONE', ( #1097, #3303, #3634, #1263 ) ) ;
#178 = VERTEX_POINT ( 'NONE', #477 ) ;
#179 = VERTEX_POINT ( 'NONE', #4219 ) ;
#180 = FACE_OUTER_BOUND ( 'NONE', #757, .T. ) ;
#181 = CARTESIAN_POINT ( 'NONE',  ( 66.11539504185323324, -2.271529070723416588, 3.499999999999999556 ) ) ;
#182 = EDGE_CURVE ( 'NONE', #1250, #4640, #1453, .T. ) ;
#183 = DIRECTION ( 'NONE',  ( -1.000000000000000000, 0.000000000000000000, 0.000000000000000000 ) ) ;
#184 = ORIENTED_EDGE ( 'NONE', *, *, #6393, .T. ) ;
#185 = ORIENTED_EDGE ( 'NONE', *, *, #5079, .F. ) ;
#186 = AXIS2_PLACEMENT_3D ( 'NONE', #4726, #2571, #1025 ) ;
#187 = CARTESIAN_POINT ( 'NONE',  ( 7.300451356145845949, -14.62753688062399071, 3.500000000000000000 ) ) ;
#188 = CARTESIAN_POINT ( 'NONE',  ( 36.41227766016831424, -21.33047371415610627, 3.500000000000000000 ) ) ;
#189 = CIRCLE ( 'NONE', #1990, 1.000000000000000000 ) ;
#190 = CARTESIAN_POINT ( 'NONE',  ( 3.000000000000002665, -16.50000000000001066, 6.000000000000000000 ) ) ;
#191 = CARTESIAN_POINT ( 'NONE',  ( 0.9500000000000025091, -16.50000000000001066, -0.5000000000000000000 ) ) ;
#192 =( GEOMETRIC_REPRESENTATION_CONTEXT ( 3 ) GLOBAL_UNCERTAINTY_ASSIGNED_CONTEXT ( ( #2870 ) ) GLOBAL_UNIT_ASSIGNED_CONTEXT ( ( #3778, #2110, #2713 ) ) REPRESENTATION_CONTEXT ( 'NONE', 'WORKASPACE' ) );
#193 = CARTESIAN_POINT ( 'NONE',  ( 17.92856625858350839, -11.50000000000000711, 91.99722379239923953 ) ) ;
#194 = CARTESIAN_POINT ( 'NONE',  ( 75.00994634109670756, -24.41452886775913456, 2.415196714916338916 ) ) ;
#195 = ORIENTED_EDGE ( 'NONE', *, *, #5834, .T. ) ;
#196 = EDGE_LOOP ( 'NONE', ( #1153, #3732, #4803, #4921 ) ) ;
#197 = CARTESIAN_POINT ( 'NONE',  ( -16.50000000000001066, -6.100000000000005862, -1.699999999999999956 ) ) ;
#198 = DIRECTION ( 'NONE',  ( -0.000000000000000000, -0.000000000000000000, -1.000000000000000000 ) ) ;
#199 = CARTESIAN_POINT ( 'NONE',  ( 75.03707019198662920, -19.74283765081882080, 2.255783526269892647 ) ) ;
#200 = CARTESIAN_POINT ( 'NONE',  ( 5.000000000000000888, -3.600000000000000089, 6.000000000000000000 ) ) ;
#201 = ORIENTED_EDGE ( 'NONE', *, *, #459, .F. ) ;
#202 = AXIS2_PLACEMENT_3D ( 'NONE', #4085, #299, #2445 ) ;
#203 = EDGE_CURVE ( 'NONE', #4362, #1038, #440, .T. ) ;
#204 = AXIS2_PLACEMENT_3D ( 'NONE', #6737, #925, #850 ) ;
#205 = AXIS2_PLACEMENT_3D ( 'NONE', #5847, #4310, #1 ) ;
#206 = DIRECTION ( 'NONE',  ( -0.000000000000000000, 0.000000000000000000, 1.000000000000000000 ) ) ;
#207 = FACE_OUTER_BOUND ( 'NONE', #5790, .T. ) ;
#208 = CARTESIAN_POINT ( 'NONE',  ( 17.92856625858350839, -11.50000000000000711, -0.5000000000000004441 ) ) ;
#209 = ORIENTED_EDGE ( 'NONE', *, *, #5250, .F. ) ;
#210 = AXIS2_PLACEMENT_3D ( 'NONE', #4826, #6475, #1054 ) ;
#211 = VECTOR ( 'NONE', #3364, 1000.000000000000000 ) ;
#212 = ORIENTED_EDGE ( 'NONE', *, *, #175, .F. ) ;
#213 = ADVANCED_FACE ( 'NONE', ( #5299 ), #4370, .F. ) ;
#214 = EDGE_CURVE ( 'NONE', #6166, #445, #4260, .T. ) ;
#215 = ORIENTED_EDGE ( 'NONE', *, *, #6113, .F. ) ;
#216 = FACE_OUTER_BOUND ( 'NONE', #6435, .T. ) ;
#217 = AXIS2_PLACEMENT_3D ( 'NONE', #5978, #4933, #6472 ) ;
#218 = CARTESIAN_POINT ( 'NONE',  ( 0.4576338188774069504, -23.79935615910761726, 3.278051747475045463 ) ) ;
#219 = DIRECTION ( 'NONE',  ( 0.000000000000000000, -1.000000000000000000, 0.000000000000000000 ) ) ;
#220 = ORIENTED_EDGE ( 'NONE', *, *, #3630, .T. ) ;
#221 = ORIENTED_EDGE ( 'NONE', *, *, #999, .T. ) ;
#222 = AXIS2_PLACEMENT_3D ( 'NONE', #6523, #5364, #571 ) ;
#223 = EDGE_CURVE ( 'NONE', #3564, #2149, #3729, .T. ) ;
#224 = LINE ( 'NONE', #1320, #2104 ) ;
#225 = CARTESIAN_POINT ( 'NONE',  ( 70.00000000000000000, 0.000000000000000000, 3.499999999999999556 ) ) ;
#226 = DIRECTION ( 'NONE',  ( -1.000000000000000000, 0.000000000000000000, 0.000000000000000000 ) ) ;
#227 = CARTESIAN_POINT ( 'NONE',  ( -1.600000000000000089, 0.000000000000000000, 1.000000000000000000 ) ) ;
#228 = VECTOR ( 'NONE', #96, 1000.000000000000000 ) ;
#229 = DIRECTION ( 'NONE',  ( 0.000000000000000000, 0.000000000000000000, -1.000000000000000000 ) ) ;
#230 = PLANE ( 'NONE',  #783 ) ;
#231 = EDGE_LOOP ( 'NONE', ( #2965, #5867, #3438, #2251 ) ) ;
#232 = EDGE_LOOP ( 'NONE', ( #3502, #2793, #6063, #1606 ) ) ;
#233 = VERTEX_POINT ( 'NONE', #4330 ) ;
#234 = VECTOR ( 'NONE', #3719, 1000.000000000000000 ) ;
#235 = DIRECTION ( 'NONE',  ( -1.000000000000000000, 0.000000000000000000, 0.000000000000000000 ) ) ;
#236 = CARTESIAN_POINT ( 'NONE',  ( -16.49999999999999645, -8.500000000000007105, -1.700000000000000400 ) ) ;
#237 = DIRECTION ( 'NONE',  ( -0.000000000000000000, -1.000000000000000000, -0.000000000000000000 ) ) ;
#238 = CARTESIAN_POINT ( 'NONE',  ( 79.50000000000001421, 0.4999999999999970024, 6.000000000000000000 ) ) ;
#239 = ORIENTED_EDGE ( 'NONE', *, *, #2627, .T. ) ;
#240 = AXIS2_PLACEMENT_3D ( 'NONE', #5661, #6824, #6786 ) ;
#241 = CIRCLE ( 'NONE', #3819, 0.9999999999999991118 ) ;
#242 = VECTOR ( 'NONE', #3984, 1000.000000000000000 ) ;
#243 = DIRECTION ( 'NONE',  ( 1.000000000000000000, 3.469446951953611033E-15, 0.000000000000000000 ) ) ;
#244 = CYLINDRICAL_SURFACE ( 'NONE', #5243, 2.000000000000000000 ) ;
#245 = PLANE ( 'NONE',  #5123 ) ;
#246 = ORIENTED_EDGE ( 'NONE', *, *, #491, .T. ) ;
#247 = EDGE_CURVE ( 'NONE', #4095, #5472, #4811, .T. ) ;
#248 = ORIENTED_EDGE ( 'NONE', *, *, #5979, .T. ) ;
#249 = ORIENTED_EDGE ( 'NONE', *, *, #542, .T. ) ;
#250 = DIRECTION ( 'NONE',  ( 0.000000000000000000, -1.000000000000000000, 0.000000000000000000 ) ) ;
#251 = AXIS2_PLACEMENT_3D ( 'NONE', #3129, #4724, #6728 ) ;
#252 = DIRECTION ( 'NONE',  ( -0.000000000000000000, -0.000000000000000000, -1.000000000000000000 ) ) ;
#253 = DIRECTION ( 'NONE',  ( 0.000000000000000000, 1.000000000000000000, 0.000000000000000000 ) ) ;
#254 = EDGE_CURVE ( 'NONE', #3013, #2172, #6878, .T. ) ;
#255 = EDGE_LOOP ( 'NONE', ( #4609, #5574, #5919, #1209 ) ) ;
#256 = EDGE_LOOP ( 'NONE', ( #676, #519 ) ) ;
#257 = VECTOR ( 'NONE', #5630, 1000.000000000000000 ) ;
#258 = CARTESIAN_POINT ( 'NONE',  ( -7.368174807915457869, -1.599999999999995426, 3.500000000000003109 ) ) ;
#259 = DIRECTION ( 'NONE',  ( -1.000000000000000000, 0.000000000000000000, 0.000000000000000000 ) ) ;
#260 = DIRECTION ( 'NONE',  ( -0.000000000000000000, -1.000000000000000000, -0.000000000000000000 ) ) ;
#261 = DIRECTION ( 'NONE',  ( -1.000000000000000000, 0.000000000000000000, 0.000000000000000000 ) ) ;
#262 = EDGE_CURVE ( 'NONE', #5744, #4675, #5863, .T. ) ;
#263 = LINE ( 'NONE', #3353, #3554 ) ;
#264 = ORIENTED_EDGE ( 'NONE', *, *, #941, .F. ) ;
#265 = ORIENTED_EDGE ( 'NONE', *, *, #5041, .F. ) ;
#266 = ORIENTED_EDGE ( 'NONE', *, *, #2926, .F. ) ;
#267 = LINE ( 'NONE', #5028, #4917 ) ;
#268 = LINE ( 'NONE', #3326, #766 ) ;
#269 = CARTESIAN_POINT ( 'NONE',  ( -22.50000000000000000, -3.399999999999995914, 4.000000000000000000 ) ) ;
#270 = EDGE_CURVE ( 'NONE', #3610, #5301, #5331, .T. ) ;
#271 = CARTESIAN_POINT ( 'NONE',  ( -2.750000000000064393, -21.50000000000000000, 4.799999999999995381 ) ) ;
#272 = ORIENTED_EDGE ( 'NONE', *, *, #734, .F. ) ;
#273 = APPLICATION_CONTEXT ( 'automotive_design' ) ;
#274 = CARTESIAN_POINT ( 'NONE',  ( 34.25000000000000711, -11.71782813964461845, -55.82353258373179727 ) ) ;
#275 = LINE ( 'NONE', #4997, #3680 ) ;
#276 = CARTESIAN_POINT ( 'NONE',  ( 21.64625639182108685, -24.50000000000000000, 3.500000000000003109 ) ) ;
#277 = EDGE_CURVE ( 'NONE', #2211, #2554, #3149, .T. ) ;
#278 = DIRECTION ( 'NONE',  ( 1.000000000000000000, 0.000000000000000000, 0.000000000000000000 ) ) ;
#279 = ORIENTED_EDGE ( 'NONE', *, *, #270, .T. ) ;
#280 = VERTEX_POINT ( 'NONE', #2622 ) ;
#281 = ORIENTED_EDGE ( 'NONE', *, *, #4722, .T. ) ;
#282 = CARTESIAN_POINT ( 'NONE',  ( 93.50000000000001421, -2.399527641708707915, 6.000000000000000000 ) ) ;
#283 = CARTESIAN_POINT ( 'NONE',  ( 31.05544306252691911, -11.95476505286242030, 3.500000000000003109 ) ) ;
#284 = DIRECTION ( 'NONE',  ( 0.000000000000000000, 0.000000000000000000, -1.000000000000000000 ) ) ;
#285 = ORIENTED_EDGE ( 'NONE', *, *, #4780, .T. ) ;
#286 = ORIENTED_EDGE ( 'NONE', *, *, #3746, .T. ) ;
#287 = EDGE_CURVE ( 'NONE', #233, #2563, #6702, .T. ) ;
#288 = EDGE_CURVE ( 'NONE', #49, #3970, #4295, .T. ) ;
#289 = CARTESIAN_POINT ( 'NONE',  ( 36.47137113740091507, -20.22205197715848968, 3.250840022780923544 ) ) ;
#290 = FACE_OUTER_BOUND ( 'NONE', #1302, .T. ) ;
#291 = DIRECTION ( 'NONE',  ( 0.2556729478064223571, 0.9667633338930342601, 0.000000000000000000 ) ) ;
#292 = DIRECTION ( 'NONE',  ( 0.000000000000000000, -0.000000000000000000, 1.000000000000000000 ) ) ;
#293 = ORIENTED_EDGE ( 'NONE', *, *, #6075, .F. ) ;
#294 = VECTOR ( 'NONE', #2755, 1000.000000000000000 ) ;
#295 = ORIENTED_EDGE ( 'NONE', *, *, #1076, .T. ) ;
#296 = EDGE_CURVE ( 'NONE', #1899, #6522, #2093, .T. ) ;
#297 = EDGE_CURVE ( 'NONE', #2434, #6429, #3915, .T. ) ;
#298 = LINE ( 'NONE', #893, #3145 ) ;
#299 = DIRECTION ( 'NONE',  ( 0.000000000000000000, 0.000000000000000000, 1.000000000000000000 ) ) ;
#300 = CARTESIAN_POINT ( 'NONE',  ( -7.368174807915457869, 1.400000000000004352, 1.000000000000000000 ) ) ;
#301 = DIRECTION ( 'NONE',  ( 1.000000000000000000, 0.000000000000000000, -0.000000000000000000 ) ) ;
#302 = VERTEX_POINT ( 'NONE', #5935 ) ;
#303 = ORIENTED_EDGE ( 'NONE', *, *, #4005, .F. ) ;
#304 = ADVANCED_FACE ( 'NONE', ( #1150 ), #3286, .T. ) ;
#305 = CYLINDRICAL_SURFACE ( 'NONE', #5576, 1.000000000000000888 ) ;
#306 = LINE ( 'NONE', #1961, #4579 ) ;
#307 = DIRECTION ( 'NONE',  ( 1.000000000000000000, 0.000000000000000000, 0.000000000000000000 ) ) ;
#308 = LINE ( 'NONE', #5599, #6384 ) ;
#309 = CIRCLE ( 'NONE', #1662, 2.000000000000000000 ) ;
#310 = DIRECTION ( 'NONE',  ( -1.000000000000000000, 0.000000000000000000, 0.000000000000000000 ) ) ;
#311 = VERTEX_POINT ( 'NONE', #2802 ) ;
#312 = ORIENTED_EDGE ( 'NONE', *, *, #5360, .T. ) ;
#313 = AXIS2_PLACEMENT_3D ( 'NONE', #5706, #1484, #979 ) ;
#314 = CIRCLE ( 'NONE', #2791, 1.000000000000000888 ) ;
#315 = ORIENTED_EDGE ( 'NONE', *, *, #5775, .T. ) ;
#316 = DIRECTION ( 'NONE',  ( 0.000000000000000000, 0.000000000000000000, 1.000000000000000000 ) ) ;
#317 = DIRECTION ( 'NONE',  ( 1.000000000000000000, -3.469446951953614189E-15, 0.000000000000000000 ) ) ;
#318 = VECTOR ( 'NONE', #5913, 1000.000000000000000 ) ;
#319 = DIRECTION ( 'NONE',  ( 0.000000000000000000, 0.000000000000000000, 1.000000000000000000 ) ) ;
#320 = AXIS2_PLACEMENT_3D ( 'NONE', #4748, #3058, #4616 ) ;
#321 = VERTEX_POINT ( 'NONE', #1822 ) ;
#322 = ORIENTED_EDGE ( 'NONE', *, *, #1729, .F. ) ;
#323 = AXIS2_PLACEMENT_3D ( 'NONE', #3950, #6004, #3977 ) ;
#324 = FACE_OUTER_BOUND ( 'NONE', #5669, .T. ) ;
#325 = CARTESIAN_POINT ( 'NONE',  ( -2.750000000000064837, -26.50000000000000000, 2.749999999999995115 ) ) ;
#326 = CARTESIAN_POINT ( 'NONE',  ( -25.50000000000000355, -1.599999999999994760, 4.000000000000000000 ) ) ;
#327 = DIRECTION ( 'NONE',  ( -2.668805347656626678E-16, -1.000000000000000000, 0.000000000000000000 ) ) ;
#328 = VECTOR ( 'NONE', #6457, 1000.000000000000000 ) ;
#329 = ADVANCED_FACE ( 'NONE', ( #2943 ), #721, .F. ) ;
#330 = ORIENTED_EDGE ( 'NONE', *, *, #5144, .F. ) ;
#331 = AXIS2_PLACEMENT_3D ( 'NONE', #3526, #5659, #863 ) ;
#332 = ADVANCED_FACE ( 'NONE', ( #2871 ), #3837, .T. ) ;
#333 = VERTEX_POINT ( 'NONE', #1713 ) ;
#334 = VECTOR ( 'NONE', #5373, 1000.000000000000000 ) ;
#335 = DIRECTION ( 'NONE',  ( -0.7071067811865491270, 0.7071067811865459074, 0.000000000000000000 ) ) ;
#336 = LINE ( 'NONE', #6708, #4667 ) ;
#337 = CARTESIAN_POINT ( 'NONE',  ( 35.00000000000000000, 0.000000000000000000, 3.500000000000000000 ) ) ;
#338 = DIRECTION ( 'NONE',  ( 0.9808912264268109249, -0.1945569374730866385, 0.000000000000000000 ) ) ;
#339 = VERTEX_POINT ( 'NONE', #1747 ) ;
#340 = EDGE_CURVE ( 'NONE', #6187, #2781, #5969, .T. ) ;
#341 = ORIENTED_EDGE ( 'NONE', *, *, #3060, .T. ) ;
#342 = VECTOR ( 'NONE', #2969, 1000.000000000000000 ) ;
#343 = VECTOR ( 'NONE', #5442, 1000.000000000000000 ) ;
#344 = CARTESIAN_POINT ( 'NONE',  ( 1.626379040597121017, -20.25674932087425617, -0.5000000000000000000 ) ) ;
#345 = CYLINDRICAL_SURFACE ( 'NONE', #3471, 1.000000000000000888 ) ;
#346 = CARTESIAN_POINT ( 'NONE',  ( 67.68732966102589899, -14.27148697336255623, 3.500000000000000000 ) ) ;
#348 = AXIS2_PLACEMENT_3D ( 'NONE', #6152, #1174, #6116 ) ;
#347 = FACE_OUTER_BOUND ( 'NONE', #5406, .T. ) ;
#349 = CARTESIAN_POINT ( 'NONE',  ( -8.849999999999996092, -20.00000000000000355, 14.05062109405231396 ) ) ;
#350 = EDGE_LOOP ( 'NONE', ( #6874, #636, #4666, #909, #3311, #3407, #3900, #3839, #559, #703, #2259 ) ) ;
#351 = EDGE_CURVE ( 'NONE', #3762, #1845, #1182, .T. ) ;
#352 = ORIENTED_EDGE ( 'NONE', *, *, #1296, .T. ) ;
#353 = ORIENTED_EDGE ( 'NONE', *, *, #6584, .T. ) ;
#354 = AXIS2_PLACEMENT_3D ( 'NONE', #5675, #5155, #362 ) ;
#355 = LINE ( 'NONE', #5738, #2002 ) ;
#356 = DIRECTION ( 'NONE',  ( -0.000000000000000000, 0.000000000000000000, 1.000000000000000000 ) ) ;
#357 = CARTESIAN_POINT ( 'NONE',  ( -11.50000000000000533, -10.50000000000000711, -0.5000000000000004441 ) ) ;
#358 = VECTOR ( 'NONE', #4010, 1000.000000000000000 ) ;
#359 = ADVANCED_FACE ( 'NONE', ( #5445 ), #6003, .F. ) ;
#360 = VERTEX_POINT ( 'NONE', #1217 ) ;
#361 = VERTEX_POINT ( 'NONE', #4471 ) ;
#362 = DIRECTION ( 'NONE',  ( 0.000000000000000000, 0.000000000000000000, -1.000000000000000000 ) ) ;
#363 = CARTESIAN_POINT ( 'NONE',  ( 93.50000000000001421, -26.50000000000000000, 6.000000000000000000 ) ) ;
#364 = LINE ( 'NONE', #4598, #4485 ) ;
#365 = DIRECTION ( 'NONE',  ( -1.000000000000000000, -6.938893903907222067E-15, 0.000000000000000000 ) ) ;
#366 = B_SPLINE_CURVE_WITH_KNOTS ( 'NONE', 3,
 ( #3285, #5862, #2090, #6496 ),
 .UNSPECIFIED., .F., .F.,
 ( 4, 4 ),
 ( -1.140176450874226709E-05, 0.0008476943825986841445 ),
 .UNSPECIFIED. ) ;
#367 = VERTEX_POINT ( 'NONE', #652 ) ;
#368 = ORIENTED_EDGE ( 'NONE', *, *, #3622, .T. ) ;
#369 = EDGE_CURVE ( 'NONE', #1212, #4795, #6604, .T. ) ;
#370 = PLANE ( 'NONE',  #3254 ) ;
#371 = FACE_OUTER_BOUND ( 'NONE', #6420, .T. ) ;
#372 = CARTESIAN_POINT ( 'NONE',  ( 0.000000000000000000, 4.500000000000000000, 3.000000000000000000 ) ) ;
#373 = VECTOR ( 'NONE', #3467, 1000.000000000000000 ) ;
#374 = CARTESIAN_POINT ( 'NONE',  ( 30.08772233983155431, -20.09042769776575810, -0.5000000000000004441 ) ) ;
#375 = ORIENTED_EDGE ( 'NONE', *, *, #4110, .F. ) ;
#376 = VERTEX_POINT ( 'NONE', #4918 ) ;
#377 = ADVANCED_FACE ( 'NONE', ( #4435 ), #2311, .T. ) ;
#378 = EDGE_CURVE ( 'NONE', #471, #6342, #263, .T. ) ;
#379 = CARTESIAN_POINT ( 'NONE',  ( 90.50000000000001421, -2.399527641708707915, 6.000000000000000000 ) ) ;
#380 = DIRECTION ( 'NONE',  ( 0.7071067811865474617, -0.7071067811865474617, 0.000000000000000000 ) ) ;
#381 = LINE ( 'NONE', #4092, #6282 ) ;
#382 = CARTESIAN_POINT ( 'NONE',  ( -2.750000000000064837, -21.50000000000000000, 2.749999999999995115 ) ) ;
#383 = DIRECTION ( 'NONE',  ( 1.000000000000000000, 0.000000000000000000, 0.000000000000000000 ) ) ;
#384 = ORIENTED_EDGE ( 'NONE', *, *, #4032, .T. ) ;
#385 = ORIENTED_EDGE ( 'NONE', *, *, #6789, .T. ) ;
#386 = ORIENTED_EDGE ( 'NONE', *, *, #3953, .F. ) ;
#387 = EDGE_CURVE ( 'NONE', #4500, #4986, #4983, .T. ) ;
#388 = DIRECTION ( 'NONE',  ( 1.000000000000000000, 0.000000000000000000, 0.000000000000000000 ) ) ;
#389 = ADVANCED_FACE ( 'NONE', ( #691 ), #2840, .F. ) ;
#390 = DIRECTION ( 'NONE',  ( 0.000000000000000000, -1.000000000000000000, -0.000000000000000000 ) ) ;
#391 = CARTESIAN_POINT ( 'NONE',  ( 79.50000000000001421, 0.4999999999999970024, 6.001000000000000334 ) ) ;
#392 = CARTESIAN_POINT ( 'NONE',  ( 38.88460495814677387, -2.271529070723415256, 6.000000000000000000 ) ) ;
#393 = ORIENTED_EDGE ( 'NONE', *, *, #5606, .F. ) ;
#394 = ORIENTED_EDGE ( 'NONE', *, *, #3943, .F. ) ;
#395 = ADVANCED_FACE ( 'NONE', ( #3418 ), #5060, .F. ) ;
#396 = CARTESIAN_POINT ( 'NONE',  ( 35.44455693747309510, -11.95476505286242030, -0.5000000000000004441 ) ) ;
#397 = DIRECTION ( 'NONE',  ( -0.000000000000000000, -0.000000000000000000, 1.000000000000000000 ) ) ;
#398 = DIRECTION ( 'NONE',  ( 0.000000000000000000, 0.000000000000000000, -1.000000000000000000 ) ) ;
#399 = LINE ( 'NONE', #5679, #4459 ) ;
#400 = ORIENTED_EDGE ( 'NONE', *, *, #1036, .F. ) ;
#401 = VERTEX_POINT ( 'NONE', #3451 ) ;
#402 = CARTESIAN_POINT ( 'NONE',  ( -1.582575694955842716, -19.50000000000000000, 3.500000000000000000 ) ) ;
#403 = LINE ( 'NONE', #2550, #3774 ) ;
#404 = DIRECTION ( 'NONE',  ( 0.7071067811865491270, -0.7071067811865459074, -0.000000000000000000 ) ) ;
#405 = AXIS2_PLACEMENT_3D ( 'NONE', #4103, #1413, #5709 ) ;
#406 = CARTESIAN_POINT ( 'NONE',  ( -22.50000000000000000, -1.599999999999995648, -4.000000000000000000 ) ) ;
#407 = EDGE_LOOP ( 'NONE', ( #1387, #4105, #1008, #6385 ) ) ;
#408 = ORIENTED_EDGE ( 'NONE', *, *, #987, .F. ) ;
#409 = DIRECTION ( 'NONE',  ( -1.000000000000000000, 0.000000000000000000, 0.000000000000000000 ) ) ;
#410 = CARTESIAN_POINT ( 'NONE',  ( -8.849999999999996092, -18.50000000000000355, 14.05062109405231396 ) ) ;
#411 = CARTESIAN_POINT ( 'NONE',  ( -0.7112576415576523647, -12.25223645768012837, -0.5000000000000004441 ) ) ;
#412 = CARTESIAN_POINT ( 'NONE',  ( 93.50000000000001421, -4.000000000000000000, 0.000000000000000000 ) ) ;
#413 = CARTESIAN_POINT ( 'NONE',  ( 85.00000000000001421, 4.500000000000001776, 1.000000000000000888 ) ) ;
#414 = ORIENTED_EDGE ( 'NONE', *, *, #5570, .F. ) ;
#415 = EDGE_CURVE ( 'NONE', #3334, #529, #5547, .T. ) ;
#416 = EDGE_CURVE ( 'NONE', #2130, #41, #428, .T. ) ;
#417 = ORIENTED_EDGE ( 'NONE', *, *, #521, .F. ) ;
#418 = VECTOR ( 'NONE', #3620, 1000.000000000000000 ) ;
#419 = CARTESIAN_POINT ( 'NONE',  ( 63.50000000000001421, -16.50000000000000355, 3.500000000000003109 ) ) ;
#420 = CARTESIAN_POINT ( 'NONE',  ( 85.00000000000001421, -8.500000000000003553, -0.5000000000000000000 ) ) ;
#421 = CARTESIAN_POINT ( 'NONE',  ( -1.052364393954625443, -11.50000000000000711, 3.500000000000003109 ) ) ;
#422 = CARTESIAN_POINT ( 'NONE',  ( 36.41227766016831424, -20.09042769776545967, -0.5000000000000000000 ) ) ;
#423 = ORIENTED_EDGE ( 'NONE', *, *, #203, .T. ) ;
#424 = AXIS2_PLACEMENT_3D ( 'NONE', #2746, #2821, #6517 ) ;
#425 = EDGE_CURVE ( 'NONE', #5413, #6191, #658, .T. ) ;
#426 = ORIENTED_EDGE ( 'NONE', *, *, #3500, .T. ) ;
#427 = ORIENTED_EDGE ( 'NONE', *, *, #5909, .F. ) ;
#428 = CIRCLE ( 'NONE', #1784, 1.600000000000004086 ) ;
#429 = FACE_OUTER_BOUND ( 'NONE', #777, .T. ) ;
#430 = VECTOR ( 'NONE', #5425, 1000.000000000000000 ) ;
#431 = CARTESIAN_POINT ( 'NONE',  ( -7.349999999999995204, -26.50000000000000355, -4.000999999999999446 ) ) ;
#432 = DIRECTION ( 'NONE',  ( 1.000000000000000000, 0.000000000000000000, 0.000000000000000000 ) ) ;
#433 = VERTEX_POINT ( 'NONE', #1882 ) ;
#434 = ADVANCED_FACE ( 'NONE', ( #2479 ), #5119, .T. ) ;
#435 = ORIENTED_EDGE ( 'NONE', *, *, #1060, .F. ) ;
#436 = VECTOR ( 'NONE', #3817, 1000.000000000000114 ) ;
#437 = VECTOR ( 'NONE', #2701, 1000.000000000000000 ) ;
#438 = AXIS2_PLACEMENT_3D ( 'NONE', #3265, #630, #1691 ) ;
#439 = CARTESIAN_POINT ( 'NONE',  ( -12.50000000000000355, -8.500000000000007105, 0.5000000000000004441 ) ) ;
#440 = CIRCLE ( 'NONE', #4902, 1.000000000000000888 ) ;
#441 = LINE ( 'NONE', #5195, #2555 ) ;
#442 = CARTESIAN_POINT ( 'NONE',  ( 28.83204939202513017, -22.29723704804910511, -55.82353258373179727 ) ) ;
#443 = VECTOR ( 'NONE', #2030, 1000.000000000000000 ) ;
#444 = CARTESIAN_POINT ( 'NONE',  ( 17.92856625858350839, -10.50000000000000711, 3.500000000000031086 ) ) ;
#445 = VERTEX_POINT ( 'NONE', #5158 ) ;
#446 = EDGE_LOOP ( 'NONE', ( #5612, #776, #1639, #2102 ) ) ;
#447 = VECTOR ( 'NONE', #6750, 1000.000000000000000 ) ;
#448 = DIRECTION ( 'NONE',  ( 0.000000000000000000, 0.000000000000000000, -1.000000000000000000 ) ) ;
#449 = CARTESIAN_POINT ( 'NONE',  ( 59.19954864385415760, -14.62753688062398894, -0.5000000000000004441 ) ) ;
#450 = DIRECTION ( 'NONE',  ( 0.000000000000000000, 0.000000000000000000, 1.000000000000000000 ) ) ;
#451 = DIRECTION ( 'NONE',  ( 0.000000000000000000, 1.000000000000000000, -0.000000000000000000 ) ) ;
#452 = LINE ( 'NONE', #4718, #1676 ) ;
#453 = ORIENTED_EDGE ( 'NONE', *, *, #6159, .F. ) ;
#454 = AXIS2_PLACEMENT_3D ( 'NONE', #6846, #3490, #3588 ) ;
#455 = ORIENTED_EDGE ( 'NONE', *, *, #4577, .T. ) ;
#456 = AXIS2_PLACEMENT_3D ( 'NONE', #1457, #5746, #1879 ) ;
#457 = DIRECTION ( 'NONE',  ( -1.000000000000000000, 0.000000000000000000, 0.000000000000000000 ) ) ;
#458 = CARTESIAN_POINT ( 'NONE',  ( 74.15384615384616041, 1.730769230769233280, -9.227922061357867634 ) ) ;
#459 = EDGE_CURVE ( 'NONE', #1442, #5655, #4011, .T. ) ;
#460 = DIRECTION ( 'NONE',  ( 0.000000000000000000, 0.000000000000000000, -1.000000000000000000 ) ) ;
#461 = CARTESIAN_POINT ( 'NONE',  ( 80.00000000000001421, -19.50000000000000000, -0.5000000000000000000 ) ) ;
#462 = VERTEX_POINT ( 'NONE', #2515 ) ;
#463 = CIRCLE ( 'NONE', #1477, 1.000000000000000888 ) ;
#464 = VERTEX_POINT ( 'NONE', #1393 ) ;
#465 = CARTESIAN_POINT ( 'NONE',  ( 48.37687680394342493, -12.48089122642681659, 3.500000000000003109 ) ) ;
#466 = EDGE_CURVE ( 'NONE', #1846, #5186, #6276, .T. ) ;
#467 = EDGE_CURVE ( 'NONE', #6394, #6827, #3894, .T. ) ;
#468 = CARTESIAN_POINT ( 'NONE',  ( -14.09999999999999787, -20.00000000000000355, 14.05062109405231396 ) ) ;
#469 = DIRECTION ( 'NONE',  ( -1.000000000000000000, 0.000000000000000000, 0.000000000000000000 ) ) ;
#470 = VERTEX_POINT ( 'NONE', #3073 ) ;
#471 = VERTEX_POINT ( 'NONE', #6769 ) ;
#472 = EDGE_CURVE ( 'NONE', #3289, #6394, #6230, .T. ) ;
#473 = CARTESIAN_POINT ( 'NONE',  ( -10.49999999999999822, -3.599999999999995648, -1.700000000000000178 ) ) ;
#474 = DIRECTION ( 'NONE',  ( -1.000000000000000000, 0.000000000000000000, 0.000000000000000000 ) ) ;
#475 = AXIS2_PLACEMENT_3D ( 'NONE', #782, #815, #2430 ) ;
#476 = CYLINDRICAL_SURFACE ( 'NONE', #5944, 3.250000000000000888 ) ;
#477 = CARTESIAN_POINT ( 'NONE',  ( -4.420904884749274011, 0.8400000000000024114, 0.000000000000000000 ) ) ;
#478 = CYLINDRICAL_SURFACE ( 'NONE', #4905, 1.000000000000000888 ) ;
#479 = ORIENTED_EDGE ( 'NONE', *, *, #605, .T. ) ;
#480 = VERTEX_POINT ( 'NONE', #4112 ) ;
#481 = EDGE_CURVE ( 'NONE', #1349, #4813, #5315, .T. ) ;
#482 = CARTESIAN_POINT ( 'NONE',  ( -0.02911644369872081611, -12.84973239741057860, -55.82353258373179727 ) ) ;
#483 = CARTESIAN_POINT ( 'NONE',  ( 6.488585344085265660, -18.45698040282307062, 3.500000000000000000 ) ) ;
#484 = CARTESIAN_POINT ( 'NONE',  ( -12.50000000000000711, -26.50000000000000355, 1.999999999999998224 ) ) ;
#485 = DIRECTION ( 'NONE',  ( -0.9094744755858003016, 0.4157597602677939319, 0.000000000000000000 ) ) ;
#486 = ORIENTED_EDGE ( 'NONE', *, *, #1837, .F. ) ;
#487 = ORIENTED_EDGE ( 'NONE', *, *, #855, .T. ) ;
#488 = EDGE_CURVE ( 'NONE', #5316, #3574, #4567, .T. ) ;
#489 = DIRECTION ( 'NONE',  ( 0.000000000000000000, -1.000000000000000000, 0.000000000000000000 ) ) ;
#490 = CYLINDRICAL_SURFACE ( 'NONE', #880, 3.000000000000002665 ) ;
#491 = EDGE_CURVE ( 'NONE', #5774, #1999, #1495, .T. ) ;
#492 = DIRECTION ( 'NONE',  ( -1.797640907747984631E-16, -1.000000000000000000, 0.000000000000000000 ) ) ;
#493 = ORIENTED_EDGE ( 'NONE', *, *, #5868, .F. ) ;
#494 = ORIENTED_EDGE ( 'NONE', *, *, #4704, .F. ) ;
#495 = EDGE_CURVE ( 'NONE', #2957, #1876, #4348, .T. ) ;
#496 = DIRECTION ( 'NONE',  ( 0.000000000000000000, 0.000000000000000000, -1.000000000000000000 ) ) ;
#497 = CARTESIAN_POINT ( 'NONE',  ( 30.08772233983282618, -20.09042769776292658, 3.500000000000000000 ) ) ;
#498 = DIRECTION ( 'NONE',  ( -1.000000000000000000, 0.000000000000000000, 0.000000000000000000 ) ) ;
#499 = CARTESIAN_POINT ( 'NONE',  ( 1.412277660168312465, -24.50000000000000000, 3.500000000000003109 ) ) ;
#500 = ORIENTED_EDGE ( 'NONE', *, *, #5288, .F. ) ;
#501 = EDGE_LOOP ( 'NONE', ( #889, #6398, #2873, #3995 ) ) ;
#502 = EDGE_CURVE ( 'NONE', #1855, #5316, #2345, .T. ) ;
#503 = EDGE_CURVE ( 'NONE', #1876, #3574, #399, .T. ) ;
#504 = CARTESIAN_POINT ( 'NONE',  ( 68.07156952992167476, -17.76520829632589127, -55.82353258373179727 ) ) ;
#505 = DIRECTION ( 'NONE',  ( 0.2556729478064221350, 0.9667633338930343712, 0.000000000000000000 ) ) ;
#506 = FACE_OUTER_BOUND ( 'NONE', #3162, .T. ) ;
#507 = DIRECTION ( 'NONE',  ( 1.000000000000000000, 0.000000000000000000, 0.000000000000000000 ) ) ;
#508 = DIRECTION ( 'NONE',  ( 1.000000000000000000, 0.000000000000000000, 0.000000000000000000 ) ) ;
#509 = ORIENTED_EDGE ( 'NONE', *, *, #136, .T. ) ;
#510 = EDGE_LOOP ( 'NONE', ( #5120, #1133, #3406, #5208 ) ) ;
#511 = ADVANCED_FACE ( 'NONE', ( #2546 ), #6236, .F. ) ;
#512 = ADVANCED_FACE ( 'NONE', ( #4563 ), #3039, .F. ) ;
#513 = EDGE_LOOP ( 'NONE', ( #1321, #6703, #6842, #3841 ) ) ;
#514 = DIRECTION ( 'NONE',  ( -1.000000000000000000, 0.000000000000000000, 0.000000000000000000 ) ) ;
#515 = CARTESIAN_POINT ( 'NONE',  ( -0.9290584113754267737, -15.75000000000000000, -0.5000000000000000000 ) ) ;
#516 = CARTESIAN_POINT ( 'NONE',  ( -2.849999999999992095, -17.25000000000000000, 3.500000000000000000 ) ) ;
#517 = DIRECTION ( 'NONE',  ( -1.000000000000000000, 0.000000000000000000, 0.000000000000000000 ) ) ;
#518 = ADVANCED_FACE ( 'NONE', ( #5717 ), #4663, .F. ) ;
#519 = ORIENTED_EDGE ( 'NONE', *, *, #6142, .F. ) ;
#520 = AXIS2_PLACEMENT_3D ( 'NONE', #5610, #6267, #1487 ) ;
#521 = EDGE_CURVE ( 'NONE', #5788, #6872, #2021, .T. ) ;
#522 = ORIENTED_EDGE ( 'NONE', *, *, #4611, .F. ) ;
#523 = DIRECTION ( 'NONE',  ( 0.000000000000000000, -1.000000000000000000, 0.000000000000000000 ) ) ;
#524 = DIRECTION ( 'NONE',  ( -0.000000000000000000, -0.000000000000000000, 1.000000000000000000 ) ) ;
#525 = CARTESIAN_POINT ( 'NONE',  ( 81.00000000000001421, -11.29285714285714803, 3.500000000000000000 ) ) ;
#526 = CARTESIAN_POINT ( 'NONE',  ( 68.48732929018946436, -16.85573382074009530, 3.500000000000003109 ) ) ;
#527 = ORIENTED_EDGE ( 'NONE', *, *, #3385, .T. ) ;
#528 = ORIENTED_EDGE ( 'NONE', *, *, #5209, .T. ) ;
#529 = VERTEX_POINT ( 'NONE', #3515 ) ;
#530 = DIRECTION ( 'NONE',  ( -0.9667633338930342601, 0.2556729478064220795, 0.000000000000000000 ) ) ;
#531 = CARTESIAN_POINT ( 'NONE',  ( 89.50000000000001421, -18.50000000000000000, 6.000000000000000000 ) ) ;
#532 = DIRECTION ( 'NONE',  ( -1.000000000000000000, 0.000000000000000000, -0.000000000000000000 ) ) ;
#533 = CARTESIAN_POINT ( 'NONE',  ( -22.50000000000000000, -15.67157287525381548, 5.000000000000007994 ) ) ;
#534 = VECTOR ( 'NONE', #2197, 1000.000000000000000 ) ;
#535 = ORIENTED_EDGE ( 'NONE', *, *, #6789, .F. ) ;
#536 = ORIENTED_EDGE ( 'NONE', *, *, #2184, .F. ) ;
#537 = VECTOR ( 'NONE', #1917, 1000.000000000000000 ) ;
#538 = VECTOR ( 'NONE', #6099, 1000.000000000000000 ) ;
#539 = CARTESIAN_POINT ( 'NONE',  ( 0.000000000000000000, 0.000000000000000000, 3.500000000000000000 ) ) ;
#540 = CARTESIAN_POINT ( 'NONE',  ( -1.683748498798790960, -15.75000000000000000, 3.500000000000000000 ) ) ;
#541 = DIRECTION ( 'NONE',  ( 1.000000000000000000, 0.000000000000000000, 0.000000000000000000 ) ) ;
#542 = EDGE_CURVE ( 'NONE', #3864, #595, #5648, .T. ) ;
#543 = LINE ( 'NONE', #3214, #550 ) ;
#544 = DIRECTION ( 'NONE',  ( 0.000000000000000000, 0.000000000000000000, 1.000000000000000000 ) ) ;
#545 = AXIS2_PLACEMENT_3D ( 'NONE', #4935, #206, #1833 ) ;
#546 = VERTEX_POINT ( 'NONE', #1382 ) ;
#547 = AXIS2_PLACEMENT_3D ( 'NONE', #4781, #4270, #3847 ) ;
#548 = ORIENTED_EDGE ( 'NONE', *, *, #5662, .F. ) ;
#549 = ORIENTED_EDGE ( 'NONE', *, *, #1232, .T. ) ;
#550 = VECTOR ( 'NONE', #6497, 1000.000000000000000 ) ;
#551 = AXIS2_PLACEMENT_3D ( 'NONE', #3838, #1781, #6641 ) ;
#552 = CARTESIAN_POINT ( 'NONE',  ( -26.00000000000001421, -7.000000000000004441, 4.499999999999987566 ) ) ;
#553 = DIRECTION ( 'NONE',  ( 0.000000000000000000, -1.000000000000000000, 0.000000000000000000 ) ) ;
#554 = CYLINDRICAL_SURFACE ( 'NONE', #3483, 1.000000000000000000 ) ;
#555 = EDGE_CURVE ( 'NONE', #6373, #6534, #355, .T. ) ;
#556 = LINE ( 'NONE', #3259, #6810 ) ;
#557 = ORIENTED_EDGE ( 'NONE', *, *, #3857, .F. ) ;
#558 = AXIS2_PLACEMENT_3D ( 'NONE', #5760, #1508, #3662 ) ;
#559 = ORIENTED_EDGE ( 'NONE', *, *, #5522, .T. ) ;
#560 = FACE_OUTER_BOUND ( 'NONE', #3115, .T. ) ;
#561 = LINE ( 'NONE', #2668, #2354 ) ;
#562 = AXIS2_PLACEMENT_3D ( 'NONE', #1859, #1787, #2347 ) ;
#563 = ADVANCED_FACE ( 'NONE', ( #6759 ), #6727, .F. ) ;
#564 = ADVANCED_FACE ( 'NONE', ( #5246 ), #4204, .F. ) ;
#565 = LINE ( 'NONE', #6408, #2674 ) ;
#566 = ORIENTED_EDGE ( 'NONE', *, *, #4627, .F. ) ;
#567 = EDGE_LOOP ( 'NONE', ( #6582, #6087, #4556, #1075, #4842, #3114, #6692, #6129, #673 ) ) ;
#568 = ORIENTED_EDGE ( 'NONE', *, *, #5010, .F. ) ;
#569 = AXIS2_PLACEMENT_3D ( 'NONE', #1324, #4982, #5545 ) ;
#570 = AXIS2_PLACEMENT_3D ( 'NONE', #5887, #2189, #4698 ) ;
#571 = DIRECTION ( 'NONE',  ( -1.000000000000000000, 0.000000000000000000, -0.000000000000000000 ) ) ;
#572 = CARTESIAN_POINT ( 'NONE',  ( 78.24999999999992895, -26.50000000000000000, 0.7000000000000066169 ) ) ;
#573 = CARTESIAN_POINT ( 'NONE',  ( 59.39410558132723850, -13.64664565419717945, 3.500000000000003109 ) ) ;
#574 = CARTESIAN_POINT ( 'NONE',  ( 60.21528446506179222, -14.21731652335774676, 91.99722379239923953 ) ) ;
#575 = ORIENTED_EDGE ( 'NONE', *, *, #5400, .F. ) ;
#576 = ORIENTED_EDGE ( 'NONE', *, *, #1497, .F. ) ;
#577 = VECTOR ( 'NONE', #5030, 1000.000000000000000 ) ;
#578 = FACE_OUTER_BOUND ( 'NONE', #3374, .T. ) ;
#579 = EDGE_CURVE ( 'NONE', #3479, #2658, #5638, .T. ) ;
#580 = DIRECTION ( 'NONE',  ( -0.000000000000000000, -0.000000000000000000, 1.000000000000000000 ) ) ;
#581 = CARTESIAN_POINT ( 'NONE',  ( -13.93795006481866494, -7.500000000000016875, -1.700000000000000178 ) ) ;
#582 = CARTESIAN_POINT ( 'NONE',  ( 31.00000000000006395, -20.50000000000001421, -0.5000000000000000000 ) ) ;
#583 = DIRECTION ( 'NONE',  ( -0.000000000000000000, 1.000000000000000000, -0.000000000000000000 ) ) ;
#584 = PRODUCT_DEFINITION ( 'æœ', '', #3650, #823 ) ;
#585 = CARTESIAN_POINT ( 'NONE',  ( -25.50000000000000355, -7.000000000000004441, 4.999999999999987566 ) ) ;
#586 = EDGE_LOOP ( 'NONE', ( #4940, #959, #2675, #6763 ) ) ;
#587 = AXIS2_PLACEMENT_3D ( 'NONE', #650, #3351, #720 ) ;
#588 = ORIENTED_EDGE ( 'NONE', *, *, #4537, .F. ) ;
#589 = ORIENTED_EDGE ( 'NONE', *, *, #3987, .T. ) ;
#590 = EDGE_CURVE ( 'NONE', #602, #462, #4014, .T. ) ;
#591 = LINE ( 'NONE', #3292, #228 ) ;
#592 = DIRECTION ( 'NONE',  ( -5.782411586589356653E-16, 1.000000000000000000, -0.000000000000000000 ) ) ;
#593 = CARTESIAN_POINT ( 'NONE',  ( 0.000000000000000000, 0.000000000000000000, 1.000000000000000000 ) ) ;
#594 = CARTESIAN_POINT ( 'NONE',  ( 93.50000000000001421, -1.095090516825905302, 0.000000000000000000 ) ) ;
#595 = VERTEX_POINT ( 'NONE', #4651 ) ;
#596 = DIRECTION ( 'NONE',  ( -0.000000000000000000, -0.000000000000000000, 1.000000000000000000 ) ) ;
#597 = ADVANCED_FACE ( 'NONE', ( #2005 ), #3504, .T. ) ;
#598 = EDGE_CURVE ( 'NONE', #6818, #5519, #4672, .T. ) ;
#599 = CARTESIAN_POINT ( 'NONE',  ( 3.000000000000002665, -16.50000000000001066, 3.500000000000003109 ) ) ;
#600 = PLANE ( 'NONE',  #4131 ) ;
#601 = DIRECTION ( 'NONE',  ( 0.000000000000000000, -1.000000000000000000, 0.000000000000000000 ) ) ;
#602 = VERTEX_POINT ( 'NONE', #1410 ) ;
#603 = VERTEX_POINT ( 'NONE', #3606 ) ;
#604 = EDGE_LOOP ( 'NONE', ( #3025, #3689, #568, #1952 ) ) ;
#605 = EDGE_CURVE ( 'NONE', #6319, #6827, #5571, .T. ) ;
#606 = ADVANCED_FACE ( 'NONE', ( #5210 ), #3063, .F. ) ;
#607 = FACE_OUTER_BOUND ( 'NONE', #31, .T. ) ;
#608 = CARTESIAN_POINT ( 'NONE',  ( 33.24999999999992895, -21.50000000000000000, 0.7000000000000066169 ) ) ;
#609 = LINE ( 'NONE', #4944, #5818 ) ;
#610 = CARTESIAN_POINT ( 'NONE',  ( -15.50000000000000000, -1.599999999999994760, -1.700000000000000178 ) ) ;
#611 = ORIENTED_EDGE ( 'NONE', *, *, #3429, .T. ) ;
#612 = EDGE_LOOP ( 'NONE', ( #1561, #2625, #385, #6251 ) ) ;
#613 = EDGE_CURVE ( 'NONE', #4633, #794, #1337, .T. ) ;
#614 = DIRECTION ( 'NONE',  ( 0.000000000000000000, 0.000000000000000000, -1.000000000000000000 ) ) ;
#615 = CARTESIAN_POINT ( 'NONE',  ( 0.4122776601683184050, -23.50000000000000000, 1.999999999999989120 ) ) ;
#616 = CARTESIAN_POINT ( 'NONE',  ( -22.50000000000000000, -7.000000000000004441, 2.500000000000000000 ) ) ;
#617 = CARTESIAN_POINT ( 'NONE',  ( -4.225534275865165057, -15.33333333333333393, 3.499999999999999556 ) ) ;
#618 = DIRECTION ( 'NONE',  ( 1.000000000000000000, 0.000000000000000000, 0.000000000000000000 ) ) ;
#619 = PLANE ( 'NONE',  #1563 ) ;
#620 = ORIENTED_EDGE ( 'NONE', *, *, #613, .T. ) ;
#621 = ORIENTED_EDGE ( 'NONE', *, *, #6721, .F. ) ;
#622 = ORIENTED_EDGE ( 'NONE', *, *, #4641, .T. ) ;
#623 = CARTESIAN_POINT ( 'NONE',  ( -22.50000000000000000, -6.100000000000005862, 2.000000000000000000 ) ) ;
#624 = DIRECTION ( 'NONE',  ( 0.000000000000000000, -0.000000000000000000, -1.000000000000000000 ) ) ;
#625 = DIRECTION ( 'NONE',  ( -0.000000000000000000, 0.000000000000000000, 1.000000000000000000 ) ) ;
#626 = LINE ( 'NONE', #594, #5232 ) ;
#627 = ORIENTED_EDGE ( 'NONE', *, *, #2833, .T. ) ;
#628 = CARTESIAN_POINT ( 'NONE',  ( -25.50000000000000355, -1.599999999999994760, 4.000000000000000000 ) ) ;
#629 = CARTESIAN_POINT ( 'NONE',  ( 34.25000000000000711, -11.71782813964461845, -55.82353258373179727 ) ) ;
#630 = DIRECTION ( 'NONE',  ( 0.000000000000000000, -1.000000000000000000, 0.000000000000000000 ) ) ;
#631 = VECTOR ( 'NONE', #6453, 1000.000000000000000 ) ;
#632 = CARTESIAN_POINT ( 'NONE',  ( -0.7469987990390337673, -15.10000000000000142, 91.99722379239923953 ) ) ;
#633 = ORIENTED_EDGE ( 'NONE', *, *, #4610, .F. ) ;
#635 = ADVANCED_FACE ( 'NONE', ( #1517 ), #5148, .F. ) ;
#634 = CIRCLE ( 'NONE', #5319, 1.000000000000000888 ) ;
#636 = ORIENTED_EDGE ( 'NONE', *, *, #6188, .T. ) ;
#637 = ORIENTED_EDGE ( 'NONE', *, *, #5803, .F. ) ;
#638 = VECTOR ( 'NONE', #4690, 1000.000000000000000 ) ;
#639 = CARTESIAN_POINT ( 'NONE',  ( 75.21837563925998893, -22.70768739727838437, 1.559482178736102620 ) ) ;
#640 = CYLINDRICAL_SURFACE ( 'NONE', #6726, 1.000000000000000888 ) ;
#641 = CARTESIAN_POINT ( 'NONE',  ( 93.50000000000001421, -26.50000000000000000, 1.725000000000000089 ) ) ;
#642 = DIRECTION ( 'NONE',  ( -0.000000000000000000, -0.000000000000000000, -1.000000000000000000 ) ) ;
#643 = EDGE_CURVE ( 'NONE', #5814, #6342, #5768, .T. ) ;
#644 = ORIENTED_EDGE ( 'NONE', *, *, #369, .T. ) ;
#645 = ORIENTED_EDGE ( 'NONE', *, *, #5040, .F. ) ;
#646 = CARTESIAN_POINT ( 'NONE',  ( 81.00000000000001421, -23.67534793979027441, 3.500000000000000000 ) ) ;
#647 = AXIS2_PLACEMENT_3D ( 'NONE', #19, #4809, #5267 ) ;
#648 = DIRECTION ( 'NONE',  ( -0.9094744755858003016, 0.4157597602677939319, 0.000000000000000000 ) ) ;
#649 = CARTESIAN_POINT ( 'NONE',  ( 35.00000000000000000, 0.000000000000000000, 3.499999999999999556 ) ) ;
#650 = CARTESIAN_POINT ( 'NONE',  ( 62.63182519208454835, 1.399999999999995914, 3.500000000000000000 ) ) ;
#651 = EDGE_CURVE ( 'NONE', #3524, #464, #5180, .T. ) ;
#652 = CARTESIAN_POINT ( 'NONE',  ( 4.468929208867482572, -2.304226675533800783, 3.500000000000000000 ) ) ;
#653 = CARTESIAN_POINT ( 'NONE',  ( 75.03790682901178855, -24.40243705710602740, 3.289959364006426856 ) ) ;
#654 = EDGE_LOOP ( 'NONE', ( #1951, #4814 ) ) ;
#655 = ORIENTED_EDGE ( 'NONE', *, *, #3630, .F. ) ;
#656 = AXIS2_PLACEMENT_3D ( 'NONE', #2780, #3742, #6546 ) ;
#657 = FACE_OUTER_BOUND ( 'NONE', #119, .T. ) ;
#658 = CIRCLE ( 'NONE', #5006, 1.600000000000000089 ) ;
#659 = FACE_OUTER_BOUND ( 'NONE', #6462, .T. ) ;
#660 = DIRECTION ( 'NONE',  ( -1.000000000000000000, 0.000000000000000000, 0.000000000000000000 ) ) ;
#661 = VECTOR ( 'NONE', #2529, 1000.000000000000000 ) ;
#662 = EDGE_CURVE ( 'NONE', #321, #2004, #1893, .T. ) ;
#663 = LINE ( 'NONE', #1577, #437 ) ;
#664 = ORIENTED_EDGE ( 'NONE', *, *, #5360, .F. ) ;
#665 = CARTESIAN_POINT ( 'NONE',  ( 65.55000000000001137, -16.50000000000000355, 6.000000000000000000 ) ) ;
#666 = VECTOR ( 'NONE', #6895, 1000.000000000000000 ) ;
#667 = AXIS2_PLACEMENT_3D ( 'NONE', #3355, #756, #722 ) ;
#668 = ADVANCED_FACE ( 'NONE', ( #873 ), #2534, .T. ) ;
#669 = CARTESIAN_POINT ( 'NONE',  ( 0.000000000000000000, 0.000000000000000000, 1.000000000000000000 ) ) ;
#670 = CARTESIAN_POINT ( 'NONE',  ( 85.00000000000001421, 1.000000000000001332, 0.000000000000000000 ) ) ;
#671 = ADVANCED_FACE ( 'NONE', ( #2604 ), #4723, .F. ) ;
#672 = DIRECTION ( 'NONE',  ( 1.000000000000000000, 0.000000000000000000, 0.000000000000000000 ) ) ;
#673 = ORIENTED_EDGE ( 'NONE', *, *, #598, .T. ) ;
#674 = VECTOR ( 'NONE', #43, 999.9999999999998863 ) ;
#675 = ORIENTED_EDGE ( 'NONE', *, *, #5511, .F. ) ;
#676 = ORIENTED_EDGE ( 'NONE', *, *, #2524, .F. ) ;
#677 = VECTOR ( 'NONE', #4226, 1000.000000000000000 ) ;
#678 = EDGE_CURVE ( 'NONE', #6421, #4772, #3669, .T. ) ;
#679 = CARTESIAN_POINT ( 'NONE',  ( -12.50000000000000355, -10.76794919243112858, 15.49546024484603102 ) ) ;
#680 = CARTESIAN_POINT ( 'NONE',  ( 59.19954864385415760, -14.62753688062398894, -55.82353258373179727 ) ) ;
#681 = LINE ( 'NONE', #2828, #6719 ) ;
#682 = CARTESIAN_POINT ( 'NONE',  ( 28.83204939202513017, -22.29723704804910511, -0.5000000000000004441 ) ) ;
#683 = VERTEX_POINT ( 'NONE', #3165 ) ;
#684 = AXIS2_PLACEMENT_3D ( 'NONE', #225, #3973, #2377 ) ;
#685 = ORIENTED_EDGE ( 'NONE', *, *, #6816, .F. ) ;
#686 = ADVANCED_FACE ( 'NONE', ( #4276 ), #5951, .F. ) ;
#687 = CARTESIAN_POINT ( 'NONE',  ( 67.48732929018946436, -16.85573382074009530, -0.5000000000000004441 ) ) ;
#688 = CARTESIAN_POINT ( 'NONE',  ( 36.41227766016830003, -21.40992436820971889, 1.999999999994746869 ) ) ;
#689 = DIRECTION ( 'NONE',  ( 1.000000000000000000, 0.000000000000000000, 0.000000000000000000 ) ) ;
#690 = FACE_OUTER_BOUND ( 'NONE', #1308, .T. ) ;
#691 = FACE_OUTER_BOUND ( 'NONE', #586, .T. ) ;
#692 = CARTESIAN_POINT ( 'NONE',  ( 75.08370395787953555, -24.37803303174008107, 1.985401853306130615 ) ) ;
#693 = EDGE_LOOP ( 'NONE', ( #6174, #1242, #2743, #4321 ) ) ;
#694 = VERTEX_POINT ( 'NONE', #5283 ) ;
#695 = AXIS2_PLACEMENT_3D ( 'NONE', #300, #4540, #4412 ) ;
#696 = EDGE_CURVE ( 'NONE', #1733, #3092, #1562, .T. ) ;
#697 = ADVANCED_FACE ( 'NONE', ( #2255 ), #6331, .T. ) ;
#698 = CYLINDRICAL_SURFACE ( 'NONE', #6490, 2.049999999999999822 ) ;
#699 = LINE ( 'NONE', #4961, #4223 ) ;
#701 = DIRECTION ( 'NONE',  ( -0.000000000000000000, -0.000000000000000000, 1.000000000000000000 ) ) ;
#700 = AXIS2_PLACEMENT_3D ( 'NONE', #2380, #2275, #261 ) ;
#702 = DIRECTION ( 'NONE',  ( 0.000000000000000000, -1.000000000000000000, 0.000000000000000000 ) ) ;
#703 = ORIENTED_EDGE ( 'NONE', *, *, #5979, .F. ) ;
#704 = CIRCLE ( 'NONE', #4712, 3.000000000000002665 ) ;
#705 = CARTESIAN_POINT ( 'NONE',  ( 30.57909511525072332, 0.8400000000000006350, 3.499999999999999556 ) ) ;
#706 = PLANE ( 'NONE',  #1905 ) ;
#707 = DIRECTION ( 'NONE',  ( 0.000000000000000000, 0.000000000000000000, 1.000000000000000000 ) ) ;
#708 = ORIENTED_EDGE ( 'NONE', *, *, #3219, .F. ) ;
#709 = VERTEX_POINT ( 'NONE', #1546 ) ;
#710 = ORIENTED_EDGE ( 'NONE', *, *, #6393, .F. ) ;
#711 = VERTEX_POINT ( 'NONE', #1125 ) ;
#712 = DIRECTION ( 'NONE',  ( 1.000000000000000000, 0.000000000000000000, 0.000000000000000000 ) ) ;
#713 = PLANE ( 'NONE',  #6172 ) ;
#714 = CARTESIAN_POINT ( 'NONE',  ( 3.000000000000002665, -16.50000000000001066, -0.5000000000000000000 ) ) ;
#715 = ORIENTED_EDGE ( 'NONE', *, *, #2833, .F. ) ;
#716 = ORIENTED_EDGE ( 'NONE', *, *, #643, .F. ) ;
#717 = CARTESIAN_POINT ( 'NONE',  ( 81.00000000000001421, -12.69285714285714661, -0.5000000000000000000 ) ) ;
#718 = LINE ( 'NONE', #4980, #2820 ) ;
#719 = LINE ( 'NONE', #2867, #4461 ) ;
#720 = DIRECTION ( 'NONE',  ( -1.000000000000000000, 0.000000000000000000, 0.000000000000000000 ) ) ;
#721 = CYLINDRICAL_SURFACE ( 'NONE', #5473, 1.000000000000000888 ) ;
#722 = DIRECTION ( 'NONE',  ( -1.000000000000000000, 0.000000000000000000, 0.000000000000000000 ) ) ;
#723 = ADVANCED_FACE ( 'NONE', ( #560 ), #5393, .T. ) ;
#724 = ORIENTED_EDGE ( 'NONE', *, *, #2142, .F. ) ;
#725 = ADVANCED_FACE ( 'NONE', ( #1021 ), #4344, .T. ) ;
#726 = ORIENTED_EDGE ( 'NONE', *, *, #4021, .T. ) ;
#727 = ORIENTED_EDGE ( 'NONE', *, *, #296, .T. ) ;
#728 = LINE ( 'NONE', #6537, #3473 ) ;
#729 = DIRECTION ( 'NONE',  ( 0.000000000000000000, 0.000000000000000000, -1.000000000000000000 ) ) ;
#730 = CARTESIAN_POINT ( 'NONE',  ( -3.849999999999992539, -18.50000000000000000, 3.500000000000003109 ) ) ;
#731 = CARTESIAN_POINT ( 'NONE',  ( 79.50000000000001421, 0.4999999999999970024, 0.000000000000000000 ) ) ;
#732 = ORIENTED_EDGE ( 'NONE', *, *, #5868, .T. ) ;
#733 = EDGE_CURVE ( 'NONE', #1836, #47, #4752, .T. ) ;
#734 = EDGE_CURVE ( 'NONE', #6527, #1285, #2778, .T. ) ;
#735 = CARTESIAN_POINT ( 'NONE',  ( -7.349999999999995204, -14.50000000000000178, 0.5000000000000000000 ) ) ;
#736 = CARTESIAN_POINT ( 'NONE',  ( 85.00000000000001421, 4.500000000000001776, -33.43835071544514648 ) ) ;
#737 = CARTESIAN_POINT ( 'NONE',  ( 0.4122776601683184050, -20.92408023253031146, 1.999999999999988232 ) ) ;
#738 = VERTEX_POINT ( 'NONE', #5875 ) ;
#739 = EDGE_CURVE ( 'NONE', #603, #1052, #1085, .T. ) ;
#740 = ORIENTED_EDGE ( 'NONE', *, *, #5026, .T. ) ;
#741 = VERTEX_POINT ( 'NONE', #1164 ) ;
#742 = ORIENTED_EDGE ( 'NONE', *, *, #4282, .F. ) ;
#743 = DIRECTION ( 'NONE',  ( 0.7522364576801210401, -0.6588932476030266994, -0.000000000000000000 ) ) ;
#744 = CARTESIAN_POINT ( 'NONE',  ( -1.683748498798798732, -17.25000000000000000, 3.500000000000000000 ) ) ;
#745 = CIRCLE ( 'NONE', #6103, 1.000000000000000888 ) ;
#746 = CYLINDRICAL_SURFACE ( 'NONE', #5207, 3.000000000000002665 ) ;
#747 = ORIENTED_EDGE ( 'NONE', *, *, #472, .F. ) ;
#748 = VECTOR ( 'NONE', #846, 1000.000000000000000 ) ;
#749 = ORIENTED_EDGE ( 'NONE', *, *, #2894, .F. ) ;
#750 = DIRECTION ( 'NONE',  ( 1.261617073437677999E-16, -1.000000000000000000, 0.000000000000000000 ) ) ;
#751 = ORIENTED_EDGE ( 'NONE', *, *, #1821, .T. ) ;
#752 = FACE_OUTER_BOUND ( 'NONE', #2392, .T. ) ;
#753 = LINE ( 'NONE', #1818, #5782 ) ;
#754 = CARTESIAN_POINT ( 'NONE',  ( -3.849999999999992539, -10.50000000000000711, -0.5000000000000000000 ) ) ;
#755 = CARTESIAN_POINT ( 'NONE',  ( 32.25000000000000711, -11.71782813964461845, -0.5000000000000004441 ) ) ;
#756 = DIRECTION ( 'NONE',  ( -0.000000000000000000, -0.000000000000000000, -1.000000000000000000 ) ) ;
#757 = EDGE_LOOP ( 'NONE', ( #5756, #2426, #3445, #113 ) ) ;
#758 = EDGE_LOOP ( 'NONE', ( #6088, #6777, #6354, #6724, #142, #1975, #5603, #1739 ) ) ;
#759 = ORIENTED_EDGE ( 'NONE', *, *, #5437, .F. ) ;
#760 = EDGE_CURVE ( 'NONE', #34, #3365, #4019, .T. ) ;
#761 = LINE ( 'NONE', #2909, #792 ) ;
#762 = DIRECTION ( 'NONE',  ( 0.000000000000000000, 0.000000000000000000, -1.000000000000000000 ) ) ;
#763 = CARTESIAN_POINT ( 'NONE',  ( 75.08194637531249782, -19.56974995426944730, 2.024353604752606284 ) ) ;
#764 = CARTESIAN_POINT ( 'NONE',  ( 63.50000000000001421, -16.50000000000000355, 91.99722379239923953 ) ) ;
#765 = ORIENTED_EDGE ( 'NONE', *, *, #1286, .T. ) ;
#766 = VECTOR ( 'NONE', #4444, 1000.000000000000000 ) ;
#767 = VECTOR ( 'NONE', #3512, 1000.000000000000000 ) ;
#768 = AXIS2_PLACEMENT_3D ( 'NONE', #5666, #316, #3569 ) ;
#769 = EDGE_CURVE ( 'NONE', #4633, #1400, #4860, .T. ) ;
#770 = DIRECTION ( 'NONE',  ( 1.000000000000000000, 0.000000000000000000, 0.000000000000000000 ) ) ;
#771 = CARTESIAN_POINT ( 'NONE',  ( -1.582575694955842938, -18.50000000000000000, -0.5000000000000004441 ) ) ;
#772 = CARTESIAN_POINT ( 'NONE',  ( 11.87561080813789793, -16.77851033387344870, 3.500000000000003109 ) ) ;
#773 = ORIENTED_EDGE ( 'NONE', *, *, #3700, .T. ) ;
#774 = AXIS2_PLACEMENT_3D ( 'NONE', #274, #3331, #1759 ) ;
#775 = VECTOR ( 'NONE', #3878, 1000.000000000000000 ) ;
#776 = ORIENTED_EDGE ( 'NONE', *, *, #1679, .F. ) ;
#777 = EDGE_LOOP ( 'NONE', ( #6338, #996, #4850, #4727, #5371, #3344, #2480, #1224, #6608, #2334, #6585, #3052, #493, #1991, #4534, #921, #3192, #3236, #2927, #3568, #6288, #2532, #1203, #2741, #5215, #5234, #5089, #575 ) ) ;
#778 = ADVANCED_FACE ( 'NONE', ( #4893 ), #5844, .F. ) ;
#779 = CARTESIAN_POINT ( 'NONE',  ( 76.00000000000001421, 4.500000000000005329, 6.000000000000000000 ) ) ;
#780 = EDGE_CURVE ( 'NONE', #2640, #1899, #105, .T. ) ;
#781 = AXIS2_PLACEMENT_3D ( 'NONE', #5949, #6542, #1193 ) ;
#782 = CARTESIAN_POINT ( 'NONE',  ( 63.50000000000001421, -16.50000000000000355, -0.5000000000000000000 ) ) ;
#783 = AXIS2_PLACEMENT_3D ( 'NONE', #5484, #3909, #5446 ) ;
#784 = DIRECTION ( 'NONE',  ( -0.000000000000000000, -1.000000000000000000, -2.551063935260008765E-17 ) ) ;
#785 = ORIENTED_EDGE ( 'NONE', *, *, #3077, .T. ) ;
#786 = ORIENTED_EDGE ( 'NONE', *, *, #2970, .F. ) ;
#787 = VECTOR ( 'NONE', #712, 1000.000000000000000 ) ;
#788 = CARTESIAN_POINT ( 'NONE',  ( -7.349999999999995204, -26.50000000000000355, 0.5000000000000000000 ) ) ;
#789 = CARTESIAN_POINT ( 'NONE',  ( 36.45764928795746584, -21.62987723578040544, 2.222045891219293079 ) ) ;
#790 = CARTESIAN_POINT ( 'NONE',  ( 30.05476151662178097, -21.59098315022981751, 2.153206081765463686 ) ) ;
#791 = DIRECTION ( 'NONE',  ( -0.2556729478064219130, 0.9667633338930343712, 0.000000000000000000 ) ) ;
#792 = VECTOR ( 'NONE', #5751, 1000.000000000000000 ) ;
#793 = DIRECTION ( 'NONE',  ( 0.000000000000000000, 0.000000000000000000, 1.000000000000000000 ) ) ;
#794 = VERTEX_POINT ( 'NONE', #2180 ) ;
#795 = ORIENTED_EDGE ( 'NONE', *, *, #6796, .T. ) ;
#796 = AXIS2_PLACEMENT_3D ( 'NONE', #3035, #1977, #5156 ) ;
#797 = DIRECTION ( 'NONE',  ( -0.000000000000000000, -0.000000000000000000, -1.000000000000000000 ) ) ;
#798 = CYLINDRICAL_SURFACE ( 'NONE', #945, 1.600000000000004086 ) ;
#799 = DIRECTION ( 'NONE',  ( 1.000000000000000000, 0.000000000000000000, 0.000000000000000000 ) ) ;
#800 = DIRECTION ( 'NONE',  ( -0.000000000000000000, -0.000000000000000000, -1.000000000000000000 ) ) ;
#801 = ORIENTED_EDGE ( 'NONE', *, *, #2231, .T. ) ;
#802 = AXIS2_PLACEMENT_3D ( 'NONE', #3257, #2209, #29 ) ;
#803 = AXIS2_PLACEMENT_3D ( 'NONE', #44, #5432, #6415 ) ;
#804 = VECTOR ( 'NONE', #3758, 1000.000000000000114 ) ;
#805 = DIRECTION ( 'NONE',  ( -1.000000000000000000, 0.000000000000000000, 0.000000000000000000 ) ) ;
#806 = CARTESIAN_POINT ( 'NONE',  ( -12.50000000000000533, -18.50000000000000355, 14.05062109405231396 ) ) ;
#807 = CARTESIAN_POINT ( 'NONE',  ( 1.600000000000000089, 1.959434878635765230E-16, 0.000000000000000000 ) ) ;
#808 = CARTESIAN_POINT ( 'NONE',  ( 68.07156952992167476, -17.76520829632589127, 3.500000000000000000 ) ) ;
#809 = EDGE_LOOP ( 'NONE', ( #4526, #6441, #4729, #4144 ) ) ;
#810 = AXIS2_PLACEMENT_3D ( 'NONE', #5667, #1547, #2044 ) ;
#811 = EDGE_CURVE ( 'NONE', #433, #4632, #3194, .T. ) ;
#812 = ORIENTED_EDGE ( 'NONE', *, *, #4201, .T. ) ;
#813 = VERTEX_POINT ( 'NONE', #6437 ) ;
#814 = CARTESIAN_POINT ( 'NONE',  ( -1.052364393954625443, -11.50000000000000711, -55.82353258373179727 ) ) ;
#815 = DIRECTION ( 'NONE',  ( 0.000000000000000000, 0.000000000000000000, -1.000000000000000000 ) ) ;
#816 = DIRECTION ( 'NONE',  ( 1.000000000000000000, 0.000000000000000000, -0.000000000000000000 ) ) ;
#817 = ORIENTED_EDGE ( 'NONE', *, *, #1857, .F. ) ;
#818 = ADVANCED_FACE ( 'NONE', ( #3775 ), #3264, .F. ) ;
#819 = VERTEX_POINT ( 'NONE', #2854 ) ;
#820 = PLANE ( 'NONE',  #5883 ) ;
#821 = CARTESIAN_POINT ( 'NONE',  ( -1.017456315103259401, -13.97808708393076138, -55.82353258373179727 ) ) ;
#822 = CARTESIAN_POINT ( 'NONE',  ( 1.412277660168318461, -21.00364639817820844, 3.500000000000003109 ) ) ;
#823 = PRODUCT_DEFINITION_CONTEXT ( 'detailed design', #984, 'design' ) ;
#824 = CARTESIAN_POINT ( 'NONE',  ( 68.48732929018946436, -16.85573382074009530, 3.500000000000003109 ) ) ;
#825 = ORIENTED_EDGE ( 'NONE', *, *, #3272, .T. ) ;
#826 = EDGE_CURVE ( 'NONE', #5464, #3408, #2953, .T. ) ;
#827 = VERTEX_POINT ( 'NONE', #705 ) ;
#828 = DIRECTION ( 'NONE',  ( 1.000000000000000000, 0.000000000000000000, -0.000000000000000000 ) ) ;
#829 = CARTESIAN_POINT ( 'NONE',  ( 30.08772233983155431, -21.33047371415606719, 1.999999999999998668 ) ) ;
#830 = DIRECTION ( 'NONE',  ( 0.000000000000000000, 0.000000000000000000, -1.000000000000000000 ) ) ;
#831 = LINE ( 'NONE', #5492, #1454 ) ;
#832 = ORIENTED_EDGE ( 'NONE', *, *, #1170, .T. ) ;
#833 = CARTESIAN_POINT ( 'NONE',  ( 60.21528446506179222, -14.21731652335774676, -0.5000000000000000000 ) ) ;
#834 = CARTESIAN_POINT ( 'NONE',  ( 67.36300533670159041, -13.32554102741661239, 91.99722379239923953 ) ) ;
#835 = DIRECTION ( 'NONE',  ( 0.000000000000000000, -1.000000000000000000, 0.000000000000000000 ) ) ;
#836 = DIRECTION ( 'NONE',  ( -0.000000000000000000, 0.000000000000000000, 1.000000000000000000 ) ) ;
#837 = ORIENTED_EDGE ( 'NONE', *, *, #4956, .T. ) ;
#838 = ORIENTED_EDGE ( 'NONE', *, *, #4318, .T. ) ;
#839 = ORIENTED_EDGE ( 'NONE', *, *, #521, .T. ) ;
#840 = DIRECTION ( 'NONE',  ( 1.000000000000000000, 0.000000000000000000, 0.000000000000000000 ) ) ;
#841 = CARTESIAN_POINT ( 'NONE',  ( -0.9290584113754267737, -15.75000000000000000, 3.500000000000000000 ) ) ;
#842 = EDGE_CURVE ( 'NONE', #6364, #5011, #4450, .T. ) ;
#843 = CARTESIAN_POINT ( 'NONE',  ( -15.49999999999999822, -7.500000000000016875, -0.4999999999999987232 ) ) ;
#844 = EDGE_LOOP ( 'NONE', ( #5414, #1363, #6261, #3381, #3986, #5187, #6594, #5310, #239, #3929 ) ) ;
#845 = EDGE_LOOP ( 'NONE', ( #1655, #3345, #91, #869 ) ) ;
#846 = DIRECTION ( 'NONE',  ( 0.000000000000000000, 0.000000000000000000, -1.000000000000000000 ) ) ;
#847 = ADVANCED_FACE ( 'NONE', ( #6650 ), #172, .T. ) ;
#848 = CARTESIAN_POINT ( 'NONE',  ( 10.87561080813789793, -16.77851033387344870, 3.500000000000003109 ) ) ;
#849 = DIRECTION ( 'NONE',  ( -0.000000000000000000, -0.000000000000000000, -1.000000000000000000 ) ) ;
#850 = DIRECTION ( 'NONE',  ( -1.000000000000000000, 0.000000000000000000, 0.000000000000000000 ) ) ;
#851 = ORIENTED_EDGE ( 'NONE', *, *, #4305, .F. ) ;
#852 = VECTOR ( 'NONE', #5741, 1000.000000000000000 ) ;
#853 = ORIENTED_EDGE ( 'NONE', *, *, #1821, .F. ) ;
#854 = VECTOR ( 'NONE', #3189, 1000.000000000000000 ) ;
#855 = EDGE_CURVE ( 'NONE', #2004, #5042, #2920, .T. ) ;
#856 = CARTESIAN_POINT ( 'NONE',  ( 3.000000000000002665, -16.50000000000001066, -0.5000000000000000000 ) ) ;
#857 = CARTESIAN_POINT ( 'NONE',  ( -12.50000000000000355, -10.76794919243113036, 0.5000000000000004441 ) ) ;
#858 = DIRECTION ( 'NONE',  ( 0.000000000000000000, 0.000000000000000000, 1.000000000000000000 ) ) ;
#859 = CARTESIAN_POINT ( 'NONE',  ( 7.174593208866281380, -18.63840397036846497, 3.500000000000000000 ) ) ;
#860 = ORIENTED_EDGE ( 'NONE', *, *, #3306, .T. ) ;
#861 = VERTEX_POINT ( 'NONE', #5981 ) ;
#862 = FACE_OUTER_BOUND ( 'NONE', #6074, .T. ) ;
#863 = DIRECTION ( 'NONE',  ( -1.000000000000000000, 0.000000000000000000, 0.000000000000000000 ) ) ;
#864 = CARTESIAN_POINT ( 'NONE',  ( 68.40000000000000568, 0.000000000000000000, 0.000000000000000000 ) ) ;
#865 = LINE ( 'NONE', #2099, #4264 ) ;
#866 = VECTOR ( 'NONE', #5297, 1000.000000000000000 ) ;
#867 = LINE ( 'NONE', #6186, #5789 ) ;
#868 = ORIENTED_EDGE ( 'NONE', *, *, #416, .T. ) ;
#869 = ORIENTED_EDGE ( 'NONE', *, *, #1884, .T. ) ;
#870 = AXIS2_PLACEMENT_3D ( 'NONE', #1853, #5020, #1780 ) ;
#871 = AXIS2_PLACEMENT_3D ( 'NONE', #4754, #460, #4689 ) ;
#872 = ORIENTED_EDGE ( 'NONE', *, *, #2749, .F. ) ;
#873 = FACE_OUTER_BOUND ( 'NONE', #1009, .T. ) ;
#874 = DIRECTION ( 'NONE',  ( 1.000000000000000000, 0.000000000000000000, 0.000000000000000000 ) ) ;
#875 = VECTOR ( 'NONE', #1339, 1000.000000000000000 ) ;
#876 = CARTESIAN_POINT ( 'NONE',  ( 35.00000000000000000, 0.000000000000000000, 3.000000000000000000 ) ) ;
#877 = VECTOR ( 'NONE', #2887, 1000.000000000000000 ) ;
#878 = ORIENTED_EDGE ( 'NONE', *, *, #5437, .T. ) ;
#879 = ORIENTED_EDGE ( 'NONE', *, *, #3085, .F. ) ;
#880 = AXIS2_PLACEMENT_3D ( 'NONE', #3534, #2535, #874 ) ;
#881 = ADVANCED_FACE ( 'NONE', ( #1195 ), #3403, .T. ) ;
#882 = CIRCLE ( 'NONE', #3793, 3.000000000000002665 ) ;
#883 = DIRECTION ( 'NONE',  ( 1.000000000000000000, -1.069746143519030148E-14, 0.000000000000000000 ) ) ;
#884 = CARTESIAN_POINT ( 'NONE',  ( -13.50000000000000533, -14.50000000000000178, -0.5000000000000000000 ) ) ;
#885 = DIRECTION ( 'NONE',  ( -4.064536379798533046E-16, -1.000000000000000000, 0.000000000000000000 ) ) ;
#886 = CARTESIAN_POINT ( 'NONE',  ( -8.849999999999996092, -18.50000000000000355, 14.05062109405231396 ) ) ;
#887 = ORIENTED_EDGE ( 'NONE', *, *, #2869, .F. ) ;
#888 = VECTOR ( 'NONE', #1013, 1000.000000000000000 ) ;
#889 = ORIENTED_EDGE ( 'NONE', *, *, #495, .T. ) ;
#890 = ADVANCED_FACE ( 'NONE', ( #3883 ), #4517, .F. ) ;
#891 = ADVANCED_FACE ( 'NONE', ( #1305 ), #5035, .F. ) ;
#892 = CIRCLE ( 'NONE', #2816, 2.050000000000000266 ) ;
#893 = CARTESIAN_POINT ( 'NONE',  ( -12.50000000000000355, -8.500000000000007105, -17.93908891458577060 ) ) ;
#894 = DIRECTION ( 'NONE',  ( 0.000000000000000000, 0.000000000000000000, 1.000000000000000000 ) ) ;
#895 = PLANE ( 'NONE',  #5833 ) ;
#896 = LINE ( 'NONE', #5726, #1796 ) ;
#897 = ORIENTED_EDGE ( 'NONE', *, *, #3772, .F. ) ;
#898 = EDGE_LOOP ( 'NONE', ( #1613, #4910, #536, #2946 ) ) ;
#899 = AXIS2_PLACEMENT_3D ( 'NONE', #5086, #6201, #5118 ) ;
#900 = CIRCLE ( 'NONE', #5930, 4.000000000000000000 ) ;
#901 = EDGE_CURVE ( 'NONE', #3428, #2937, #6915, .T. ) ;
#902 = EDGE_CURVE ( 'NONE', #3201, #6527, #3901, .T. ) ;
#903 = CARTESIAN_POINT ( 'NONE',  ( -1.600000000000000089, 0.000000000000000000, 3.500000000000000000 ) ) ;
#904 = CARTESIAN_POINT ( 'NONE',  ( -3.849999999999992539, -18.50000000000000000, -0.5000000000000000000 ) ) ;
#905 = CARTESIAN_POINT ( 'NONE',  ( 75.08772233983154365, -22.62514444610564723, 3.500000000000003109 ) ) ;
#906 = CARTESIAN_POINT ( 'NONE',  ( 35.49999999999993605, -19.50000000000000355, -0.5000000000000000000 ) ) ;
#907 = PLANE ( 'NONE',  #992 ) ;
#908 = VECTOR ( 'NONE', #4730, 1000.000000000000000 ) ;
#909 = ORIENTED_EDGE ( 'NONE', *, *, #5010, .T. ) ;
#910 = ADVANCED_FACE ( 'NONE', ( #6619 ), #1275, .F. ) ;
#911 = ORIENTED_EDGE ( 'NONE', *, *, #5347, .T. ) ;
#912 = VERTEX_POINT ( 'NONE', #735 ) ;
#913 = VECTOR ( 'NONE', #6208, 1000.000000000000000 ) ;
#914 = CIRCLE ( 'NONE', #4158, 1.600000000000004086 ) ;
#915 = DIRECTION ( 'NONE',  ( -0.000000000000000000, -0.000000000000000000, -1.000000000000000000 ) ) ;
#916 = DIRECTION ( 'NONE',  ( -0.000000000000000000, -0.000000000000000000, -1.000000000000000000 ) ) ;
#917 = DIRECTION ( 'NONE',  ( -0.000000000000000000, -2.551063935260008765E-17, 1.000000000000000000 ) ) ;
#918 = DIRECTION ( 'NONE',  ( 0.000000000000000000, 0.000000000000000000, -1.000000000000000000 ) ) ;
#919 = AXIS2_PLACEMENT_3D ( 'NONE', #1140, #4288, #2120 ) ;
#920 = VERTEX_POINT ( 'NONE', #5496 ) ;
#921 = ORIENTED_EDGE ( 'NONE', *, *, #1651, .T. ) ;
#922 = CARTESIAN_POINT ( 'NONE',  ( -22.50000000000000000, -3.399999999999995914, 4.000000000000000000 ) ) ;
#923 = CYLINDRICAL_SURFACE ( 'NONE', #456, 2.000000000000000000 ) ;
#924 = LINE ( 'NONE', #5190, #2159 ) ;
#925 = DIRECTION ( 'NONE',  ( 0.000000000000000000, 0.000000000000000000, -1.000000000000000000 ) ) ;
#926 = ORIENTED_EDGE ( 'NONE', *, *, #6387, .T. ) ;
#927 = ORIENTED_EDGE ( 'NONE', *, *, #4665, .F. ) ;
#928 = CIRCLE ( 'NONE', #4957, 1.000000000000000888 ) ;
#929 = CARTESIAN_POINT ( 'NONE',  ( -7.368174807915457869, 1.400000000000004352, 0.000000000000000000 ) ) ;
#930 = CARTESIAN_POINT ( 'NONE',  ( -1.198507090442535590E-16, -1.599999999999996758, 6.000000000000000000 ) ) ;
#931 = EDGE_CURVE ( 'NONE', #1965, #49, #3990, .T. ) ;
#932 = PLANE ( 'NONE',  #4054 ) ;
#933 = EDGE_CURVE ( 'NONE', #5110, #827, #3356, .T. ) ;
#934 = LINE ( 'NONE', #444, #5468 ) ;
#935 = EDGE_LOOP ( 'NONE', ( #2973, #6054, #2933, #286 ) ) ;
#936 = ORIENTED_EDGE ( 'NONE', *, *, #459, .T. ) ;
#937 = DIRECTION ( 'NONE',  ( -1.000000000000000000, 0.000000000000000000, 0.000000000000000000 ) ) ;
#938 = DIRECTION ( 'NONE',  ( 0.000000000000000000, 0.000000000000000000, -1.000000000000000000 ) ) ;
#939 = DIRECTION ( 'NONE',  ( 0.000000000000000000, 0.000000000000000000, -1.000000000000000000 ) ) ;
#940 = LINE ( 'NONE', #2068, #3043 ) ;
#941 = EDGE_CURVE ( 'NONE', #6661, #602, #4676, .T. ) ;
#942 = EDGE_CURVE ( 'NONE', #3494, #5539, #3432, .T. ) ;
#943 = LINE ( 'NONE', #3090, #6583 ) ;
#944 = ORIENTED_EDGE ( 'NONE', *, *, #1309, .F. ) ;
#945 = AXIS2_PLACEMENT_3D ( 'NONE', #2389, #4927, #167 ) ;
#946 = ORIENTED_EDGE ( 'NONE', *, *, #5235, .F. ) ;
#947 = CARTESIAN_POINT ( 'NONE',  ( 21.64625639182108685, -23.50000000000000000, 3.500000000000003109 ) ) ;
#948 = DIRECTION ( 'NONE',  ( 0.000000000000000000, 0.000000000000000000, -1.000000000000000000 ) ) ;
#949 = EDGE_CURVE ( 'NONE', #2359, #1212, #5350, .T. ) ;
#950 = CARTESIAN_POINT ( 'NONE',  ( -12.50000000000000355, -8.500000000000007105, -17.93908891458577060 ) ) ;
#951 = CARTESIAN_POINT ( 'NONE',  ( -16.50000000000001066, -6.100000000000005862, -1.699999999999999956 ) ) ;
#952 = ORIENTED_EDGE ( 'NONE', *, *, #6464, .F. ) ;
#953 = VERTEX_POINT ( 'NONE', #4386 ) ;
#954 = ORIENTED_EDGE ( 'NONE', *, *, #6418, .T. ) ;
#955 = DIRECTION ( 'NONE',  ( -0.000000000000000000, -0.000000000000000000, -1.000000000000000000 ) ) ;
#956 = DIRECTION ( 'NONE',  ( 1.000000000000000000, 0.000000000000000000, -0.000000000000000000 ) ) ;
#957 = CARTESIAN_POINT ( 'NONE',  ( 67.48732929018946436, -16.85573382074009530, 3.500000000000003109 ) ) ;
#958 = VERTEX_POINT ( 'NONE', #1507 ) ;
#959 = ORIENTED_EDGE ( 'NONE', *, *, #3596, .T. ) ;
#960 = DIRECTION ( 'NONE',  ( 0.000000000000000000, 0.000000000000000000, 1.000000000000000000 ) ) ;
#961 = DIRECTION ( 'NONE',  ( 1.000000000000000000, 0.000000000000000000, 0.000000000000000000 ) ) ;
#962 = CARTESIAN_POINT ( 'NONE',  ( -4.420904884749274899, 0.8400000000000026334, 1.000000000000000000 ) ) ;
#963 = AXIS2_PLACEMENT_3D ( 'NONE', #876, #3067, #6126 ) ;
#964 = LINE ( 'NONE', #6179, #2687 ) ;
#965 = VERTEX_POINT ( 'NONE', #1474 ) ;
#966 = ORIENTED_EDGE ( 'NONE', *, *, #842, .T. ) ;
#967 = ADVANCED_FACE ( 'NONE', ( #862 ), #4580, .F. ) ;
#968 = EDGE_CURVE ( 'NONE', #6500, #1212, #3598, .T. ) ;
#969 = FACE_OUTER_BOUND ( 'NONE', #1786, .T. ) ;
#970 = DIRECTION ( 'NONE',  ( 0.000000000000000000, 0.000000000000000000, 1.000000000000000000 ) ) ;
#971 = DIRECTION ( 'NONE',  ( -1.000000000000000000, 0.000000000000000000, 0.000000000000000000 ) ) ;
#972 = FACE_OUTER_BOUND ( 'NONE', #4069, .T. ) ;
#973 = DIRECTION ( 'NONE',  ( 0.000000000000000000, -1.000000000000000000, 0.000000000000000000 ) ) ;
#975 = VERTEX_POINT ( 'NONE', #344 ) ;
#974 = AXIS2_PLACEMENT_3D ( 'NONE', #6432, #553, #1118 ) ;
#976 = VERTEX_POINT ( 'NONE', #1432 ) ;
#977 = ADVANCED_FACE ( 'NONE', ( #969 ), #305, .F. ) ;
#978 = AXIS2_PLACEMENT_3D ( 'NONE', #5029, #2285, #4991 ) ;
#979 = DIRECTION ( 'NONE',  ( 0.000000000000000000, -0.000000000000000000, -1.000000000000000000 ) ) ;
#980 = CARTESIAN_POINT ( 'NONE',  ( -5.740332142833193707, -12.50000000000000711, -0.5000000000000004441 ) ) ;
#981 = DIRECTION ( 'NONE',  ( 1.000000000000000000, 0.000000000000000000, 0.000000000000000000 ) ) ;
#982 = CARTESIAN_POINT ( 'NONE',  ( 63.50000000000001421, -16.50000000000000355, 6.000000000000000000 ) ) ;
#983 = EDGE_LOOP ( 'NONE', ( #4088, #3069, #3372, #5880 ) ) ;
#984 = APPLICATION_CONTEXT ( 'automotive_design' ) ;
#985 = AXIS2_PLACEMENT_3D ( 'NONE', #5285, #492, #2637 ) ;
#986 = ORIENTED_EDGE ( 'NONE', *, *, #3306, .F. ) ;
#987 = EDGE_CURVE ( 'NONE', #3083, #5744, #1107, .T. ) ;
#988 = EDGE_CURVE ( 'NONE', #361, #912, #3559, .T. ) ;
#989 = ORIENTED_EDGE ( 'NONE', *, *, #5347, .F. ) ;
#990 = VECTOR ( 'NONE', #2504, 1000.000000000000000 ) ;
#991 = DIRECTION ( 'NONE',  ( 0.7071067811865459074, 0.7071067811865491270, -0.000000000000000000 ) ) ;
#992 = AXIS2_PLACEMENT_3D ( 'NONE', #5175, #5242, #485 ) ;
#993 = LINE ( 'NONE', #5291, #3261 ) ;
#994 = VECTOR ( 'NONE', #3158, 1000.000000000000000 ) ;
#995 = LINE ( 'NONE', #610, #1642 ) ;
#996 = ORIENTED_EDGE ( 'NONE', *, *, #340, .T. ) ;
#997 = CIRCLE ( 'NONE', #6589, 3.000000000000002665 ) ;
#998 = ORIENTED_EDGE ( 'NONE', *, *, #1623, .T. ) ;
#999 = EDGE_CURVE ( 'NONE', #4618, #958, #5730, .T. ) ;
#1000 = VECTOR ( 'NONE', #524, 1000.000000000000000 ) ;
#1001 = DIRECTION ( 'NONE',  ( -1.000000000000000000, 0.000000000000000000, 0.000000000000000000 ) ) ;
#1002 = FACE_OUTER_BOUND ( 'NONE', #2775, .T. ) ;
#1003 = FACE_OUTER_BOUND ( 'NONE', #2852, .T. ) ;
#1004 = AXIS2_PLACEMENT_3D ( 'NONE', #5431, #496, #1092 ) ;
#1005 = DIRECTION ( 'NONE',  ( -1.000000000000000000, 0.000000000000000000, 0.000000000000000000 ) ) ;
#1006 = CARTESIAN_POINT ( 'NONE',  ( 2.000000000000000888, -3.600000000000000533, 3.500000000000000000 ) ) ;
#1007 = EDGE_CURVE ( 'NONE', #1871, #6111, #3086, .T. ) ;
#1008 = ORIENTED_EDGE ( 'NONE', *, *, #5052, .T. ) ;
#1009 = EDGE_LOOP ( 'NONE', ( #4053, #3532, #3453, #1936 ) ) ;
#1010 = VECTOR ( 'NONE', #2737, 1000.000000000000000 ) ;
#1011 = EDGE_CURVE ( 'NONE', #1408, #3074, #2569, .T. ) ;
#1012 = CARTESIAN_POINT ( 'NONE',  ( 42.36817480791545876, 1.399999999999998579, 6.000000000000000000 ) ) ;
#1013 = DIRECTION ( 'NONE',  ( 0.000000000000000000, -1.000000000000000000, 0.000000000000000000 ) ) ;
#1014 = CARTESIAN_POINT ( 'NONE',  ( 66.11539504185323324, -2.271529070723417476, -9.227922061357867634 ) ) ;
#1015 = DIRECTION ( 'NONE',  ( -1.000000000000000000, 0.000000000000000000, 0.000000000000000000 ) ) ;
#1016 = LINE ( 'NONE', #413, #6691 ) ;
#1017 = ORIENTED_EDGE ( 'NONE', *, *, #5252, .F. ) ;
#1018 = VECTOR ( 'NONE', #1214, 1000.000000000000000 ) ;
#1019 = CARTESIAN_POINT ( 'NONE',  ( -7.349999999999995204, -26.50000000000000355, -4.000999999999999446 ) ) ;
#1020 = VECTOR ( 'NONE', #2998, 1000.000000000000000 ) ;
#1021 = FACE_OUTER_BOUND ( 'NONE', #4351, .T. ) ;
#1022 = DIRECTION ( 'NONE',  ( 0.000000000000000000, 0.000000000000000000, -1.000000000000000000 ) ) ;
#1023 = DIRECTION ( 'NONE',  ( -1.000000000000000000, 1.927470528863119295E-16, 0.000000000000000000 ) ) ;
#1024 = EDGE_CURVE ( 'NONE', #6670, #4796, #1346, .T. ) ;
#1025 = DIRECTION ( 'NONE',  ( -1.000000000000000000, 0.000000000000000000, 0.000000000000000000 ) ) ;
#1026 = ADVANCED_FACE ( 'NONE', ( #5658 ), #4546, .F. ) ;
#1027 = ORIENTED_EDGE ( 'NONE', *, *, #378, .T. ) ;
#1028 = CIRCLE ( 'NONE', #348, 1.000000000000000000 ) ;
#1029 = EDGE_LOOP ( 'NONE', ( #868, #1037 ) ) ;
#1030 = AXIS2_PLACEMENT_3D ( 'NONE', #6381, #6838, #4760 ) ;
#1031 = CARTESIAN_POINT ( 'NONE',  ( 30.08772233983155431, -21.33047371415606719, -0.5000000000000004441 ) ) ;
#1032 = AXIS2_PLACEMENT_3D ( 'NONE', #5725, #1924, #3112 ) ;
#1033 = CARTESIAN_POINT ( 'NONE',  ( 30.00000000000000000, -20.36109254262456858, 2.499580356087397703 ) ) ;
#1034 = DIRECTION ( 'NONE',  ( -0.000000000000000000, -0.000000000000000000, -1.000000000000000000 ) ) ;
#1035 = EDGE_CURVE ( 'NONE', #2846, #3564, #5759, .T. ) ;
#1036 = EDGE_CURVE ( 'NONE', #2503, #4262, #1895, .T. ) ;
#1037 = ORIENTED_EDGE ( 'NONE', *, *, #1766, .T. ) ;
#1038 = VERTEX_POINT ( 'NONE', #833 ) ;
#1039 = LINE ( 'NONE', #3180, #3033 ) ;
#1040 = LINE ( 'NONE', #581, #866 ) ;
#1041 = CARTESIAN_POINT ( 'NONE',  ( -25.50000000000000355, -21.00000000000001066, 6.000000000000000000 ) ) ;
#1042 = EDGE_CURVE ( 'NONE', #5069, #339, #6150, .T. ) ;
#1043 = DIRECTION ( 'NONE',  ( 0.000000000000000000, 0.000000000000000000, 1.000000000000000000 ) ) ;
#1044 = DIRECTION ( 'NONE',  ( -0.000000000000000000, -0.000000000000000000, -1.000000000000000000 ) ) ;
#1045 = ORIENTED_EDGE ( 'NONE', *, *, #3713, .F. ) ;
#1046 = ORIENTED_EDGE ( 'NONE', *, *, #2853, .T. ) ;
#1047 = AXIS2_PLACEMENT_3D ( 'NONE', #736, #3991, #6115 ) ;
#1048 = CARTESIAN_POINT ( 'NONE',  ( 0.000000000000000000, 0.000000000000000000, 3.500000000000000000 ) ) ;
#1049 = CARTESIAN_POINT ( 'NONE',  ( 78.24999999999992895, -21.50000000000000000, 2.750000000000000000 ) ) ;
#1050 = DIRECTION ( 'NONE',  ( 0.000000000000000000, -1.000000000000000000, 0.000000000000000000 ) ) ;
#1051 = CARTESIAN_POINT ( 'NONE',  ( -7.349999999999995204, -8.500000000000007105, -0.5000000000000000000 ) ) ;
#1052 = VERTEX_POINT ( 'NONE', #5098 ) ;
#1053 = CARTESIAN_POINT ( 'NONE',  ( -2.750000000000064837, -21.50000000000000000, 0.6999999999999952927 ) ) ;
#1054 = DIRECTION ( 'NONE',  ( 0.7522364576801211511, -0.6588932476030266994, 0.000000000000000000 ) ) ;
#1055 = LINE ( 'NONE', #3196, #6586 ) ;
#1056 = DIRECTION ( 'NONE',  ( -1.000000000000000000, 0.000000000000000000, 0.000000000000000000 ) ) ;
#1057 = DIRECTION ( 'NONE',  ( -1.000000000000000000, 0.000000000000000000, -0.000000000000000000 ) ) ;
#1058 = VERTEX_POINT ( 'NONE', #903 ) ;
#1059 = VERTEX_POINT ( 'NONE', #5169 ) ;
#1060 = EDGE_CURVE ( 'NONE', #813, #965, #2805, .T. ) ;
#1061 = LINE ( 'NONE', #6414, #4797 ) ;
#1062 = LINE ( 'NONE', #680, #4271 ) ;
#1063 = LINE ( 'NONE', #468, #4256 ) ;
#1064 = DIRECTION ( 'NONE',  ( 0.000000000000000000, 0.000000000000000000, 1.000000000000000000 ) ) ;
#1065 = VERTEX_POINT ( 'NONE', #2525 ) ;
#1066 = ORIENTED_EDGE ( 'NONE', *, *, #1930, .F. ) ;
#1067 = ADVANCED_FACE ( 'NONE', ( #6821 ), #4642, .F. ) ;
#1068 = CARTESIAN_POINT ( 'NONE',  ( 44.85374360817894512, -23.50000000000000000, 3.500000000000003109 ) ) ;
#1069 = DIRECTION ( 'NONE',  ( -1.000000000000000000, 0.000000000000000000, 0.000000000000000000 ) ) ;
#1070 = DIRECTION ( 'NONE',  ( -0.000000000000000000, -2.551063935260008765E-17, 1.000000000000000000 ) ) ;
#1071 = DIRECTION ( 'NONE',  ( 0.000000000000000000, 0.000000000000000000, 1.000000000000000000 ) ) ;
#1072 = DIRECTION ( 'NONE',  ( -0.000000000000000000, -0.000000000000000000, -1.000000000000000000 ) ) ;
#1073 = ORIENTED_EDGE ( 'NONE', *, *, #77, .F. ) ;
#1074 = ORIENTED_EDGE ( 'NONE', *, *, #3376, .F. ) ;
#1075 = ORIENTED_EDGE ( 'NONE', *, *, #6377, .T. ) ;
#1076 = EDGE_CURVE ( 'NONE', #5559, #5774, #4126, .T. ) ;
#1077 = DIRECTION ( 'NONE',  ( -0.000000000000000000, 0.000000000000000000, -1.000000000000000000 ) ) ;
#1078 = DIRECTION ( 'NONE',  ( -1.000000000000000000, 0.000000000000000000, 0.000000000000000000 ) ) ;
#1079 = CARTESIAN_POINT ( 'NONE',  ( 0.4122776601683184050, -23.50000000000000000, -7.431795761534271350 ) ) ;
#1080 = CARTESIAN_POINT ( 'NONE',  ( -39.37265766372466658, -3.399999999999995914, 4.000000000000000000 ) ) ;
#1081 = ORIENTED_EDGE ( 'NONE', *, *, #6729, .F. ) ;
#1082 = COLOUR_RGB ( '',0.7921568627450980005, 0.8196078431372548767, 0.9333333333333333481 ) ;
#1083 = VECTOR ( 'NONE', #79, 1000.000000000000000 ) ;
#1084 = LINE ( 'NONE', #1053, #4240 ) ;
#1085 = LINE ( 'NONE', #1690, #4242 ) ;
#1086 = CARTESIAN_POINT ( 'NONE',  ( -22.50000000000000000, -3.399999999999995914, -4.000000000000000000 ) ) ;
#1087 = LINE ( 'NONE', #3302, #430 ) ;
#1088 = ORIENTED_EDGE ( 'NONE', *, *, #4448, .F. ) ;
#1089 = EDGE_LOOP ( 'NONE', ( #3871, #1469, #5977, #2122, #589, #6733, #3752, #5390 ) ) ;
#1090 = VERTEX_POINT ( 'NONE', #1253 ) ;
#1091 = ORIENTED_EDGE ( 'NONE', *, *, #6543, .T. ) ;
#1092 = DIRECTION ( 'NONE',  ( -1.000000000000000000, 0.000000000000000000, 0.000000000000000000 ) ) ;
#1093 = CARTESIAN_POINT ( 'NONE',  ( 11.68105387066481349, -15.79761910744664100, -0.5000000000000281997 ) ) ;
#1094 = CARTESIAN_POINT ( 'NONE',  ( -0.7469987990390385413, -17.90000000000000568, 3.500000000000003109 ) ) ;
#1095 = DIRECTION ( 'NONE',  ( 0.000000000000000000, -1.000000000000000000, 0.000000000000000000 ) ) ;
#1096 = VECTOR ( 'NONE', #894, 1000.000000000000000 ) ;
#1097 = ORIENTED_EDGE ( 'NONE', *, *, #6378, .F. ) ;
#1098 = EDGE_CURVE ( 'NONE', #5263, #6872, #4400, .T. ) ;
#1099 = ORIENTED_EDGE ( 'NONE', *, *, #4165, .T. ) ;
#1100 = AXIS2_PLACEMENT_3D ( 'NONE', #6202, #3545, #365 ) ;
#1101 = CIRCLE ( 'NONE', #5456, 1.000000000000000888 ) ;
#1102 = PLANE ( 'NONE',  #6037 ) ;
#1103 = LINE ( 'NONE', #3246, #1997 ) ;
#1104 = CYLINDRICAL_SURFACE ( 'NONE', #3593, 1.000000000000000888 ) ;
#1105 = DIRECTION ( 'NONE',  ( 1.000000000000000000, 0.000000000000000000, 0.000000000000000000 ) ) ;
#1106 = DIRECTION ( 'NONE',  ( -1.000000000000000000, 0.000000000000000000, 0.000000000000000000 ) ) ;
#1107 = CIRCLE ( 'NONE', #2239, 1.000000000000000888 ) ;
#1108 = EDGE_CURVE ( 'NONE', #6500, #433, #5929, .T. ) ;
#1109 = EDGE_CURVE ( 'NONE', #5965, #5224, #5793, .T. ) ;
#1110 = ORIENTED_EDGE ( 'NONE', *, *, #5040, .T. ) ;
#1111 = VECTOR ( 'NONE', #1301, 1000.000000000000000 ) ;
#1112 = EDGE_CURVE ( 'NONE', #2769, #4516, #1668, .T. ) ;
#1113 = ORIENTED_EDGE ( 'NONE', *, *, #2749, .T. ) ;
#1114 = VECTOR ( 'NONE', #1616, 1000.000000000000000 ) ;
#1115 = VERTEX_POINT ( 'NONE', #1146 ) ;
#1116 = CIRCLE ( 'NONE', #5024, 1.000000000000000000 ) ;
#1117 = CARTESIAN_POINT ( 'NONE',  ( -4.500000000000000000, -1.599999999999995870, 0.000000000000000000 ) ) ;
#1118 = DIRECTION ( 'NONE',  ( 0.000000000000000000, -0.000000000000000000, -1.000000000000000000 ) ) ;
#1119 = CARTESIAN_POINT ( 'NONE',  ( 27.63182519208454835, 1.400000000000000133, 6.000000000000000000 ) ) ;
#1120 = DIRECTION ( 'NONE',  ( 0.000000000000000000, 0.000000000000000000, 1.000000000000000000 ) ) ;
#1121 = ORIENTED_EDGE ( 'NONE', *, *, #2143, .F. ) ;
#1122 = ADVANCED_FACE ( 'NONE', ( #3832, #578 ), #3281, .F. ) ;
#1123 = CIRCLE ( 'NONE', #1568, 1.000000000000000000 ) ;
#1124 = FACE_OUTER_BOUND ( 'NONE', #2748, .T. ) ;
#1125 = CARTESIAN_POINT ( 'NONE',  ( 85.00000000000001421, -4.500000000000006217, 0.000000000000000000 ) ) ;
#1126 = CARTESIAN_POINT ( 'NONE',  ( 63.50000000000001421, -16.50000000000000355, 6.000000000000000000 ) ) ;
#1127 = MANIFOLD_SOLID_BREP ( 'µ¹½Ç4', #1560 ) ;
#1128 = AXIS2_PLACEMENT_3D ( 'NONE', #1827, #797, #235 ) ;
#1129 = LINE ( 'NONE', #632, #3012 ) ;
#1130 = ORIENTED_EDGE ( 'NONE', *, *, #2879, .T. ) ;
#1131 = EDGE_CURVE ( 'NONE', #5280, #2344, #2195, .T. ) ;
#1132 = EDGE_CURVE ( 'NONE', #3207, #3887, #6212, .T. ) ;
#1133 = ORIENTED_EDGE ( 'NONE', *, *, #4954, .T. ) ;
#1134 = ORIENTED_EDGE ( 'NONE', *, *, #2964, .T. ) ;
#1135 = AXIS2_PLACEMENT_3D ( 'NONE', #3579, #4596, #2437 ) ;
#1136 = AXIS2_PLACEMENT_3D ( 'NONE', #2017, #5188, #4696 ) ;
#1137 = DIRECTION ( 'NONE',  ( 1.000000000000000000, 0.000000000000000000, 0.000000000000000000 ) ) ;
#1138 = DIRECTION ( 'NONE',  ( -0.000000000000000000, -0.000000000000000000, -1.000000000000000000 ) ) ;
#1139 = DIRECTION ( 'NONE',  ( -1.000000000000000000, 0.000000000000000000, 0.000000000000000000 ) ) ;
#1140 = CARTESIAN_POINT ( 'NONE',  ( 70.00000000000000000, 0.000000000000000000, 3.000000000000000000 ) ) ;
#1141 = AXIS2_PLACEMENT_3D ( 'NONE', #1435, #3120, #1015 ) ;
#1142 = AXIS2_PLACEMENT_3D ( 'NONE', #2302, #5852, #1173 ) ;
#1143 = ORIENTED_EDGE ( 'NONE', *, *, #6242, .F. ) ;
#1144 = ORIENTED_EDGE ( 'NONE', *, *, #2540, .T. ) ;
#1145 = VECTOR ( 'NONE', #2520, 1000.000000000000114 ) ;
#1146 = CARTESIAN_POINT ( 'NONE',  ( 5.050000000000002487, -16.50000000000001066, 6.000000000000000000 ) ) ;
#1147 = CARTESIAN_POINT ( 'NONE',  ( 35.00000000000000000, 0.000000000000000000, 0.000000000000000000 ) ) ;
#1148 = PLANE ( 'NONE',  #5222 ) ;
#1149 = DIRECTION ( 'NONE',  ( 0.9459459459459459429, 0.3243243243243243978, -0.000000000000000000 ) ) ;
#1150 = FACE_OUTER_BOUND ( 'NONE', #898, .T. ) ;
#1151 = DIRECTION ( 'NONE',  ( 0.000000000000000000, -1.000000000000000000, 0.000000000000000000 ) ) ;
#1152 = ORIENTED_EDGE ( 'NONE', *, *, #247, .T. ) ;
#1153 = ORIENTED_EDGE ( 'NONE', *, *, #5200, .T. ) ;
#1154 = CIRCLE ( 'NONE', #3278, 1.000000000000000888 ) ;
#1155 = VECTOR ( 'NONE', #4554, 1000.000000000000000 ) ;
#1156 = ADVANCED_FACE ( 'NONE', ( #6558 ), #124, .F. ) ;
#1157 = CARTESIAN_POINT ( 'NONE',  ( -11.50000000000000533, -10.50000000000000711, 3.499999999999999556 ) ) ;
#1158 = DIRECTION ( 'NONE',  ( 0.000000000000000000, 0.000000000000000000, -1.000000000000000000 ) ) ;
#1159 = CARTESIAN_POINT ( 'NONE',  ( 28.68607244643995458, -1.408658527960291451, 6.000000000000000000 ) ) ;
#1160 = CARTESIAN_POINT ( 'NONE',  ( 74.99360889468384528, -22.57887326920805293, 2.632267208219006172 ) ) ;
#1161 = EDGE_LOOP ( 'NONE', ( #6683, #627, #5025, #4733 ) ) ;
#1162 = DIRECTION ( 'NONE',  ( 0.000000000000000000, -0.000000000000000000, -1.000000000000000000 ) ) ;
#1163 = EDGE_CURVE ( 'NONE', #2434, #3770, #3988, .T. ) ;
#1164 = CARTESIAN_POINT ( 'NONE',  ( 85.00000000000001421, 1.000000000000001332, 1.725000000000000089 ) ) ;
#1165 = CARTESIAN_POINT ( 'NONE',  ( -2.750000000000064393, -21.50000000000000000, 4.799999999999995381 ) ) ;
#1166 = DIRECTION ( 'NONE',  ( -0.9459459459459460540, -0.3243243243243237317, 0.000000000000000000 ) ) ;
#1167 = EDGE_LOOP ( 'NONE', ( #4783, #4193, #3523, #5272, #486, #2890 ) ) ;
#1168 = ORIENTED_EDGE ( 'NONE', *, *, #288, .T. ) ;
#1169 = ORIENTED_EDGE ( 'NONE', *, *, #6059, .T. ) ;
#1170 = EDGE_CURVE ( 'NONE', #3289, #3723, #6492, .T. ) ;
#1171 = DIRECTION ( 'NONE',  ( 0.000000000000000000, 0.000000000000000000, 1.000000000000000000 ) ) ;
#1172 = EDGE_CURVE ( 'NONE', #975, #3762, #6892, .T. ) ;
#1173 = DIRECTION ( 'NONE',  ( 1.000000000000000000, 0.000000000000000000, -0.000000000000000000 ) ) ;
#1174 = DIRECTION ( 'NONE',  ( 0.000000000000000000, 0.000000000000000000, 1.000000000000000000 ) ) ;
#1175 = CARTESIAN_POINT ( 'NONE',  ( -3.413301413797751760, -14.75000000000000178, 3.499999999999999556 ) ) ;
#1176 = VERTEX_POINT ( 'NONE', #687 ) ;
#1177 = EDGE_LOOP ( 'NONE', ( #2717, #5039, #4499, #1422 ) ) ;
#1178 = DIRECTION ( 'NONE',  ( 0.000000000000000000, 0.000000000000000000, 1.000000000000000000 ) ) ;
#1179 = CARTESIAN_POINT ( 'NONE',  ( 31.11539504185323324, -2.271529070723414367, 3.499999999999999556 ) ) ;
#1180 = DIRECTION ( 'NONE',  ( 1.000000000000000000, 0.000000000000000000, 0.000000000000000000 ) ) ;
#1181 = CARTESIAN_POINT ( 'NONE',  ( 78.24999999999992895, -26.50000000000000000, 2.750000000000000000 ) ) ;
#1182 = LINE ( 'NONE', #3868, #5674 ) ;
#1183 = CARTESIAN_POINT ( 'NONE',  ( 75.01909820294729059, -22.59052552441420048, 3.101814692419273989 ) ) ;
#1184 = ORIENTED_EDGE ( 'NONE', *, *, #6280, .T. ) ;
#1185 = ORIENTED_EDGE ( 'NONE', *, *, #5846, .T. ) ;
#1186 = EDGE_LOOP ( 'NONE', ( #4315, #4059 ) ) ;
#1187 = DIRECTION ( 'NONE',  ( -0.000000000000000000, -1.000000000000000000, -0.000000000000000000 ) ) ;
#1188 = DIRECTION ( 'NONE',  ( 0.000000000000000000, 0.000000000000000000, 1.000000000000000000 ) ) ;
#1189 = DIRECTION ( 'NONE',  ( -1.000000000000000000, 0.000000000000000000, 0.000000000000000000 ) ) ;
#1190 = CARTESIAN_POINT ( 'NONE',  ( -11.50000000000000533, -14.50000000000000178, 3.499999999999999556 ) ) ;
#1191 = EDGE_LOOP ( 'NONE', ( #4955, #5948 ) ) ;
#1192 = EDGE_CURVE ( 'NONE', #1762, #2050, #3323, .T. ) ;
#1193 = DIRECTION ( 'NONE',  ( 1.000000000000000000, 0.000000000000000000, 0.000000000000000000 ) ) ;
#1194 = B_SPLINE_CURVE_WITH_KNOTS ( 'NONE', 3,
 ( #2856, #737, #3961, #6118, #1344, #6085, #6017, #1238, #3885, #1307, #3469, #3434, #4969, #5564, #5601, #1799 ),
 .UNSPECIFIED., .F., .F.,
 ( 4, 2, 2, 2, 2, 2, 2, 4 ),
 ( 0.000000000000000000, 0.0002350213895223179905, 0.0004700427790446359811, 0.0009400855580892719622, 0.001175106947611590522, 0.001410128337133909190, 0.001645149726656227858, 0.001880171116178546526 ),
 .UNSPECIFIED. ) ;
#1195 = FACE_OUTER_BOUND ( 'NONE', #3062, .T. ) ;
#1196 = DIRECTION ( 'NONE',  ( 1.000000000000000000, -4.336808689942017120E-17, -1.106347624303328504E-33 ) ) ;
#1197 = VECTOR ( 'NONE', #5999, 1000.000000000000000 ) ;
#1198 = CARTESIAN_POINT ( 'NONE',  ( 35.25000000000000711, -12.93565627928923156, 3.500000000000003109 ) ) ;
#1199 = VERTEX_POINT ( 'NONE', #6321 ) ;
#1200 = AXIS2_PLACEMENT_3D ( 'NONE', #5184, #319, #2509 ) ;
#1201 = ORIENTED_EDGE ( 'NONE', *, *, #2583, .F. ) ;
#1202 = EDGE_CURVE ( 'NONE', #1512, #65, #4209, .T. ) ;
#1203 = ORIENTED_EDGE ( 'NONE', *, *, #5647, .T. ) ;
#1204 = VECTOR ( 'NONE', #60, 1000.000000000000000 ) ;
#1205 = CARTESIAN_POINT ( 'NONE',  ( -27.50000000000000000, -1.599999999999995648, -4.000000000000000000 ) ) ;
#1206 = DIRECTION ( 'NONE',  ( -0.000000000000000000, -0.000000000000000000, -1.000000000000000000 ) ) ;
#1207 = DIRECTION ( 'NONE',  ( 0.000000000000000000, 0.000000000000000000, -1.000000000000000000 ) ) ;
#1208 = CARTESIAN_POINT ( 'NONE',  ( 81.00000000000001421, -24.50000000000000000, 3.500000000000003109 ) ) ;
#1209 = ORIENTED_EDGE ( 'NONE', *, *, #5026, .F. ) ;
#1210 = ADVANCED_FACE ( 'NONE', ( #324 ), #820, .F. ) ;
#1211 = EDGE_CURVE ( 'NONE', #1401, #3461, #2886, .T. ) ;
#1212 = VERTEX_POINT ( 'NONE', #258 ) ;
#1213 = VECTOR ( 'NONE', #198, 1000.000000000000000 ) ;
#1214 = DIRECTION ( 'NONE',  ( 0.000000000000000000, 0.000000000000000000, -1.000000000000000000 ) ) ;
#1215 = DIRECTION ( 'NONE',  ( 0.000000000000000000, 0.000000000000000000, -1.000000000000000000 ) ) ;
#1216 = DIRECTION ( 'NONE',  ( -0.9667633338930343712, -0.2556729478064219130, 0.000000000000000000 ) ) ;
#1217 = CARTESIAN_POINT ( 'NONE',  ( -3.413301413797751760, -15.75000000000000000, 3.500000000000000000 ) ) ;
#1218 = CYLINDRICAL_SURFACE ( 'NONE', #667, 4.000000000000000000 ) ;
#1219 = B_SPLINE_CURVE_WITH_KNOTS ( 'NONE', 3,
 ( #1300, #763, #2950, #6009, #199, #6046, #6674, #5093, #6539, #1888, #2912, #1228, #1861, #2878 ),
 .UNSPECIFIED., .F., .F.,
 ( 4, 2, 2, 2, 2, 2, 4 ),
 ( 0.000000000000000000, 0.0002177769743936224932, 0.0004355539487872449864, 0.0008711078975744865035, 0.001306661846361727858, 0.001524438820755348806, 0.001742215795148969537 ),
 .UNSPECIFIED. ) ;
#1220 = EDGE_LOOP ( 'NONE', ( #879, #6180, #4617, #1695 ) ) ;
#1221 = VERTEX_POINT ( 'NONE', #4006 ) ;
#1222 = AXIS2_PLACEMENT_3D ( 'NONE', #526, #4631, #1421 ) ;
#1223 = CIRCLE ( 'NONE', #2565, 4.500000000000003553 ) ;
#1224 = ORIENTED_EDGE ( 'NONE', *, *, #6445, .T. ) ;
#1225 = FACE_OUTER_BOUND ( 'NONE', #1297, .T. ) ;
#1226 = AXIS2_PLACEMENT_3D ( 'NONE', #6515, #1727, #770 ) ;
#1227 = CARTESIAN_POINT ( 'NONE',  ( 11.87561080813789793, -16.77851033387344870, -55.82353258373179727 ) ) ;
#1228 = CARTESIAN_POINT ( 'NONE',  ( 75.07041225008671859, -19.62483736748706065, 3.425406025536462451 ) ) ;
#1229 = VECTOR ( 'NONE', #3666, 1000.000000000000000 ) ;
#1230 = DIRECTION ( 'NONE',  ( -1.000000000000000000, 0.000000000000000000, 0.000000000000000000 ) ) ;
#1231 = ORIENTED_EDGE ( 'NONE', *, *, #933, .F. ) ;
#1232 = EDGE_CURVE ( 'NONE', #912, #3220, #2938, .T. ) ;
#1233 = EDGE_CURVE ( 'NONE', #6827, #5485, #2474, .T. ) ;
#1234 = VECTOR ( 'NONE', #4892, 1000.000000000000000 ) ;
#1235 = AXIS2_PLACEMENT_3D ( 'NONE', #238, #4963, #2420 ) ;
#1236 = DIRECTION ( 'NONE',  ( -1.000000000000000000, 0.000000000000000000, 0.000000000000000000 ) ) ;
#1237 = DIRECTION ( 'NONE',  ( -1.000000000000000000, 0.000000000000000000, 0.000000000000000000 ) ) ;
#1238 = CARTESIAN_POINT ( 'NONE',  ( 0.4999972144024029119, -20.59408030055863037, 2.828225787921014867 ) ) ;
#1239 = ORIENTED_EDGE ( 'NONE', *, *, #5144, .T. ) ;
#1240 = VECTOR ( 'NONE', #5276, 1000.000000000000000 ) ;
#1241 = ORIENTED_EDGE ( 'NONE', *, *, #4656, .F. ) ;
#1242 = ORIENTED_EDGE ( 'NONE', *, *, #6485, .T. ) ;
#1243 = CIRCLE ( 'NONE', #5927, 1.000000000000000000 ) ;
#1244 = CYLINDRICAL_SURFACE ( 'NONE', #2023, 4.500000000000003553 ) ;
#1245 = EDGE_CURVE ( 'NONE', #1442, #339, #2436, .T. ) ;
#1246 = CARTESIAN_POINT ( 'NONE',  ( 47.57143374141650582, -11.50000000000000711, 3.500000000000003109 ) ) ;
#1247 = EDGE_CURVE ( 'NONE', #3932, #2211, #189, .T. ) ;
#1248 = DIRECTION ( 'NONE',  ( 0.000000000000000000, 0.000000000000000000, 1.000000000000000000 ) ) ;
#1249 = VECTOR ( 'NONE', #6070, 1000.000000000000000 ) ;
#1250 = VERTEX_POINT ( 'NONE', #2898 ) ;
#1251 = VECTOR ( 'NONE', #1139, 1000.000000000000000 ) ;
#1252 = ORIENTED_EDGE ( 'NONE', *, *, #678, .T. ) ;
#1253 = CARTESIAN_POINT ( 'NONE',  ( 4.468929208867482572, -2.304226675533800783, 6.000000000000000000 ) ) ;
#1254 = CIRCLE ( 'NONE', #5152, 1.000000000000000000 ) ;
#1255 = EDGE_CURVE ( 'NONE', #2024, #3575, #224, .T. ) ;
#1256 = EDGE_CURVE ( 'NONE', #4794, #6187, #3972, .T. ) ;
#1257 = VERTEX_POINT ( 'NONE', #2374 ) ;
#1258 = CARTESIAN_POINT ( 'NONE',  ( -5.849999999999992539, -14.50000000000000355, 3.499999999999999556 ) ) ;
#1259 = FACE_OUTER_BOUND ( 'NONE', #845, .T. ) ;
#1260 = CARTESIAN_POINT ( 'NONE',  ( 1.412277660168312465, -23.50000000000000000, -0.5000000000000004441 ) ) ;
#1261 = DIRECTION ( 'NONE',  ( -0.000000000000000000, -0.000000000000000000, -1.000000000000000000 ) ) ;
#1262 = FACE_OUTER_BOUND ( 'NONE', #3848, .T. ) ;
#1263 = ORIENTED_EDGE ( 'NONE', *, *, #3790, .T. ) ;
#1264 = ORIENTED_EDGE ( 'NONE', *, *, #6464, .T. ) ;
#1265 = VECTOR ( 'NONE', #5229, 1000.000000000000000 ) ;
#1266 = EDGE_CURVE ( 'NONE', #2602, #360, #4979, .T. ) ;
#1267 = DIRECTION ( 'NONE',  ( 0.000000000000000000, 0.000000000000000000, 1.000000000000000000 ) ) ;
#1268 = CARTESIAN_POINT ( 'NONE',  ( 0.4122776601683184050, -23.50000000000000000, -0.5000000000000004441 ) ) ;
#1270 = CARTESIAN_POINT ( 'NONE',  ( 70.00000000000000000, 0.000000000000000000, 6.000000000000000000 ) ) ;
#1269 = CIRCLE ( 'NONE', #4824, 2.000000000000001776 ) ;
#1271 = LINE ( 'NONE', #1831, #3558 ) ;
#1272 = ORIENTED_EDGE ( 'NONE', *, *, #6729, .T. ) ;
#1273 = EDGE_CURVE ( 'NONE', #4658, #2131, #4503, .T. ) ;
#1274 = VECTOR ( 'NONE', #3673, 1000.000000000000000 ) ;
#1275 = CYLINDRICAL_SURFACE ( 'NONE', #4784, 1.600000000000000089 ) ;
#1276 = DIRECTION ( 'NONE',  ( -0.6819983600624943687, -0.7313537016191743456, 0.000000000000000000 ) ) ;
#1277 = LINE ( 'NONE', #5073, #2118 ) ;
#1278 = ORIENTED_EDGE ( 'NONE', *, *, #4610, .T. ) ;
#1279 = ORIENTED_EDGE ( 'NONE', *, *, #2810, .T. ) ;
#1280 = ORIENTED_EDGE ( 'NONE', *, *, #1580, .T. ) ;
#1281 = CARTESIAN_POINT ( 'NONE',  ( 0.5385889543109364519, -13.34699260004677690, 3.500000000000000000 ) ) ;
#1282 = CARTESIAN_POINT ( 'NONE',  ( 0.4122776601683184050, -23.50000000000000000, 1.999999999999989120 ) ) ;
#1283 = CARTESIAN_POINT ( 'NONE',  ( 31.11539504185323324, -2.271529070723414367, 6.000000000000000000 ) ) ;
#1284 = EDGE_LOOP ( 'NONE', ( #455, #5527, #2, #2299 ) ) ;
#1285 = VERTEX_POINT ( 'NONE', #717 ) ;
#1286 = EDGE_CURVE ( 'NONE', #6409, #4423, #4530, .T. ) ;
#1287 = ORIENTED_EDGE ( 'NONE', *, *, #6937, .T. ) ;
#1288 = DIRECTION ( 'NONE',  ( -1.000000000000000000, 0.000000000000000000, 0.000000000000000000 ) ) ;
#1289 = CARTESIAN_POINT ( 'NONE',  ( 3.000000000000002665, -16.50000000000001066, -4.000999999999999446 ) ) ;
#1290 = CARTESIAN_POINT ( 'NONE',  ( 33.24999999999992895, -21.50000000000000000, 2.750000000000000000 ) ) ;
#1291 = CYLINDRICAL_SURFACE ( 'NONE', #569, 1.000000000000000000 ) ;
#1292 = CARTESIAN_POINT ( 'NONE',  ( -25.50000000000000355, -21.00000000000001066, 6.000000000000000000 ) ) ;
#1293 = CARTESIAN_POINT ( 'NONE',  ( 75.55463724357878164, -23.82566861477863540, 0.9336254671538173344 ) ) ;
#1294 = VERTEX_POINT ( 'NONE', #187 ) ;
#1295 = ORIENTED_EDGE ( 'NONE', *, *, #1233, .T. ) ;
#1296 = EDGE_CURVE ( 'NONE', #6211, #953, #4717, .T. ) ;
#1297 = EDGE_LOOP ( 'NONE', ( #2313, #1099, #548, #3142 ) ) ;
#1298 = DIRECTION ( 'NONE',  ( 0.000000000000000000, 0.000000000000000000, 1.000000000000000000 ) ) ;
#1299 = DIRECTION ( 'NONE',  ( 1.000000000000000000, -1.797640907747984631E-16, -0.000000000000000000 ) ) ;
#1300 = CARTESIAN_POINT ( 'NONE',  ( 75.08772233983154365, -19.50000000000000000, 1.999999999999982681 ) ) ;
#1301 = DIRECTION ( 'NONE',  ( -0.000000000000000000, 1.000000000000000000, -0.000000000000000000 ) ) ;
#1302 = EDGE_LOOP ( 'NONE', ( #1750, #3913, #1381, #2078, #3487, #5381 ) ) ;
#1303 = EDGE_CURVE ( 'NONE', #5105, #3733, #1357, .T. ) ;
#1304 = EDGE_CURVE ( 'NONE', #4263, #4675, #4467, .T. ) ;
#1305 = FACE_OUTER_BOUND ( 'NONE', #3546, .T. ) ;
#1306 = DIRECTION ( 'NONE',  ( -0.000000000000000000, -0.000000000000000000, -1.000000000000000000 ) ) ;
#1307 = CARTESIAN_POINT ( 'NONE',  ( 0.4862531855678638437, -20.62592383562746434, 3.058267972562371373 ) ) ;
#1308 = EDGE_LOOP ( 'NONE', ( #352, #726, #3965, #2441, #1081, #3611 ) ) ;
#1309 = EDGE_CURVE ( 'NONE', #4618, #5309, #5644, .T. ) ;
#1310 = EDGE_LOOP ( 'NONE', ( #2522, #5957, #2632, #4408, #6732, #3930 ) ) ;
#1311 = ORIENTED_EDGE ( 'NONE', *, *, #1688, .T. ) ;
#1312 = LINE ( 'NONE', #814, #6366 ) ;
#1313 = CARTESIAN_POINT ( 'NONE',  ( 0.4971805263963770538, -23.90347601859509297, 2.594492916566427887 ) ) ;
#1314 = VECTOR ( 'NONE', #5471, 1000.000000000000000 ) ;
#1315 = CARTESIAN_POINT ( 'NONE',  ( 11.87561080813789793, -16.77851033387344870, -0.5000000000000004441 ) ) ;
#1316 = ORIENTED_EDGE ( 'NONE', *, *, #2362, .F. ) ;
#1317 = VERTEX_POINT ( 'NONE', #1815 ) ;
#1318 = EDGE_CURVE ( 'NONE', #2415, #5965, #2008, .T. ) ;
#1319 = ORIENTED_EDGE ( 'NONE', *, *, #2917, .F. ) ;
#1320 = CARTESIAN_POINT ( 'NONE',  ( -29.00000000000000000, -7.000000000000004441, 2.000000000000000000 ) ) ;
#1321 = ORIENTED_EDGE ( 'NONE', *, *, #4688, .F. ) ;
#1322 = DIRECTION ( 'NONE',  ( -1.000000000000000000, 0.000000000000000000, 0.000000000000000000 ) ) ;
#1323 = CARTESIAN_POINT ( 'NONE',  ( -0.7410796501650294132, -15.08425883328870931, 3.500000000000003109 ) ) ;
#1324 = CARTESIAN_POINT ( 'NONE',  ( -0.05236439395462548496, -11.50000000000000711, -55.82353258373179727 ) ) ;
#1325 = CARTESIAN_POINT ( 'NONE',  ( 32.25000000000000711, -11.71782813964461845, -55.82353258373179727 ) ) ;
#1326 = VERTEX_POINT ( 'NONE', #3414 ) ;
#1327 = EDGE_LOOP ( 'NONE', ( #3870, #2031, #2202, #1535 ) ) ;
#1328 = VECTOR ( 'NONE', #1299, 1000.000000000000000 ) ;
#1329 = LINE ( 'NONE', #4538, #4693 ) ;
#1331 = EDGE_CURVE ( 'NONE', #4280, #6622, #997, .T. ) ;
#1330 = PLANE ( 'NONE',  #5779 ) ;
#1332 = DIRECTION ( 'NONE',  ( -1.000000000000000000, 0.000000000000000000, 0.000000000000000000 ) ) ;
#1333 = ADVANCED_FACE ( 'NONE', ( #4147 ), #3105, .F. ) ;
#1334 = CARTESIAN_POINT ( 'NONE',  ( -14.09999999999999787, -18.50000000000000355, 5.000000000000000000 ) ) ;
#1335 = ORIENTED_EDGE ( 'NONE', *, *, #3077, .F. ) ;
#1336 = CIRCLE ( 'NONE', #5573, 4.000000000000003553 ) ;
#1337 = CIRCLE ( 'NONE', #5114, 4.500000000000003553 ) ;
#1338 = AXIS2_PLACEMENT_3D ( 'NONE', #1080, #2662, #3737 ) ;
#1339 = DIRECTION ( 'NONE',  ( 1.000000000000000000, 0.000000000000000000, 0.000000000000000000 ) ) ;
#1340 = LINE ( 'NONE', #147, #1389 ) ;
#1341 = DIRECTION ( 'NONE',  ( 0.000000000000000000, 0.000000000000000000, 1.000000000000000000 ) ) ;
#1342 = ADVANCED_FACE ( 'NONE', ( #6801 ), #1976, .T. ) ;
#1343 = EDGE_CURVE ( 'NONE', #5874, #2846, #4183, .T. ) ;
#1344 = CARTESIAN_POINT ( 'NONE',  ( 0.4576338188774095594, -20.70429023907060539, 2.221948252524958978 ) ) ;
#1345 = ORIENTED_EDGE ( 'NONE', *, *, #3500, .F. ) ;
#1346 = CIRCLE ( 'NONE', #5236, 2.999999999999999112 ) ;
#1347 = AXIS2_PLACEMENT_3D ( 'NONE', #4646, #6218, #1437 ) ;
#1348 = ORIENTED_EDGE ( 'NONE', *, *, #3104, .F. ) ;
#1349 = VERTEX_POINT ( 'NONE', #497 ) ;
#1350 = DIRECTION ( 'NONE',  ( 0.000000000000000000, 0.000000000000000000, 1.000000000000000000 ) ) ;
#1351 = VECTOR ( 'NONE', #1635, 1000.000000000000000 ) ;
#1352 = DIRECTION ( 'NONE',  ( -0.000000000000000000, 0.000000000000000000, 1.000000000000000000 ) ) ;
#1353 = EDGE_CURVE ( 'NONE', #1176, #6140, #5602, .T. ) ;
#1354 = CARTESIAN_POINT ( 'NONE',  ( 67.44792988951998325, -19.12942000970458523, -55.82353258373179727 ) ) ;
#1355 = EDGE_LOOP ( 'NONE', ( #4174, #6615, #1134, #6173, #293 ) ) ;
#1356 = ORIENTED_EDGE ( 'NONE', *, *, #2573, .T. ) ;
#1357 = LINE ( 'NONE', #1849, #2000 ) ;
#1358 = CARTESIAN_POINT ( 'NONE',  ( 80.00000000000001421, -19.50000000000000000, -0.5000000000000004441 ) ) ;
#1359 = CARTESIAN_POINT ( 'NONE',  ( 81.55000000000001137, 0.4999999999999971689, 6.001000000000000334 ) ) ;
#1360 = AXIS2_PLACEMENT_3D ( 'NONE', #5227, #6811, #2444 ) ;
#1361 = CARTESIAN_POINT ( 'NONE',  ( -27.50000000000000000, 0.000000000000000000, 0.000000000000000000 ) ) ;
#1362 = ORIENTED_EDGE ( 'NONE', *, *, #6694, .F. ) ;
#1363 = ORIENTED_EDGE ( 'NONE', *, *, #2244, .T. ) ;
#1364 = VECTOR ( 'NONE', #5189, 1000.000000000000000 ) ;
#1365 = CARTESIAN_POINT ( 'NONE',  ( 30.57909511525073043, 0.8399999999999998579, 0.000000000000000000 ) ) ;
#1366 = DIRECTION ( 'NONE',  ( -0.9667633338930343712, -0.2556729478064219685, 0.000000000000000000 ) ) ;
#1367 = CARTESIAN_POINT ( 'NONE',  ( -5.849999999999992539, -14.50000000000000355, 15.49546024484603102 ) ) ;
#1368 = DIRECTION ( 'NONE',  ( 1.000000000000000000, 0.000000000000000000, -0.000000000000000000 ) ) ;
#1369 = ORIENTED_EDGE ( 'NONE', *, *, #6694, .T. ) ;
#1370 = AXIS2_PLACEMENT_3D ( 'NONE', #6680, #5631, #5961 ) ;
#1371 = EDGE_CURVE ( 'NONE', #4262, #3805, #3155, .T. ) ;
#1372 = AXIS2_PLACEMENT_3D ( 'NONE', #6569, #5525, #4480 ) ;
#1373 = DIRECTION ( 'NONE',  ( -1.000000000000000000, 0.000000000000000000, 0.000000000000000000 ) ) ;
#1374 = DIRECTION ( 'NONE',  ( 0.000000000000000000, 0.000000000000000000, 1.000000000000000000 ) ) ;
#1375 = DIRECTION ( 'NONE',  ( -1.000000000000000000, 1.734723475976807094E-15, 0.000000000000000000 ) ) ;
#1376 = CIRCLE ( 'NONE', #2273, 1.000000000000000888 ) ;
#1377 = FACE_OUTER_BOUND ( 'NONE', #1839, .T. ) ;
#1378 = ORIENTED_EDGE ( 'NONE', *, *, #2057, .F. ) ;
#1379 = EDGE_LOOP ( 'NONE', ( #312, #839, #4012, #4742 ) ) ;
#1380 = ADVANCED_FACE ( 'NONE', ( #429, #6766, #2081, #6272, #3070 ), #4628, .T. ) ;
#1381 = ORIENTED_EDGE ( 'NONE', *, *, #3218, .T. ) ;
#1382 = CARTESIAN_POINT ( 'NONE',  ( -5.500000000000000000, -0.9473224931973076579, 0.000000000000000000 ) ) ;
#1383 = VECTOR ( 'NONE', #6026, 1000.000000000000000 ) ;
#1384 = CARTESIAN_POINT ( 'NONE',  ( 0.4224460566121333027, -23.65260825461469807, 2.041955362658433693 ) ) ;
#1385 = CARTESIAN_POINT ( 'NONE',  ( -2.750000000000064837, -26.50000000000000000, 2.749999999999995115 ) ) ;
#1386 = VERTEX_POINT ( 'NONE', #396 ) ;
#1387 = ORIENTED_EDGE ( 'NONE', *, *, #387, .F. ) ;
#1388 = ADVANCED_FACE ( 'NONE', ( #2643 ), #2579, .F. ) ;
#1389 = VECTOR ( 'NONE', #4029, 1000.000000000000000 ) ;
#1390 = CARTESIAN_POINT ( 'NONE',  ( 34.25000000000000711, -12.93565627928923156, 3.500000000000003109 ) ) ;
#1391 = CARTESIAN_POINT ( 'NONE',  ( -2.849999999999992095, -19.50000000000000000, 3.500000000000000000 ) ) ;
#1392 = CARTESIAN_POINT ( 'NONE',  ( 89.00000000000001421, 1.000000000000001332, 0.000000000000000000 ) ) ;
#1393 = CARTESIAN_POINT ( 'NONE',  ( -7.349999999999995204, -8.500000000000007105, 0.5000000000000000000 ) ) ;
#1394 = ORIENTED_EDGE ( 'NONE', *, *, #6592, .F. ) ;
#1395 = ORIENTED_EDGE ( 'NONE', *, *, #1172, .T. ) ;
#1396 = CARTESIAN_POINT ( 'NONE',  ( -25.99999999999998579, -17.50000000000000000, 2.000000000000000000 ) ) ;
#1397 = CARTESIAN_POINT ( 'NONE',  ( 78.24999999999992895, -21.50000000000000000, 0.7000000000000066169 ) ) ;
#1398 = DIRECTION ( 'NONE',  ( 0.000000000000000000, -1.000000000000000000, 0.000000000000000000 ) ) ;
#1399 = LINE ( 'NONE', #6711, #4683 ) ;
#1400 = VERTEX_POINT ( 'NONE', #6869 ) ;
#1401 = VERTEX_POINT ( 'NONE', #5257 ) ;
#1402 = CARTESIAN_POINT ( 'NONE',  ( -7.349999999999995204, -14.50000000000000355, -4.000999999999999446 ) ) ;
#1403 = LINE ( 'NONE', #5239, #2468 ) ;
#1404 = PLANE ( 'NONE',  #2292 ) ;
#1405 = DIRECTION ( 'NONE',  ( 0.000000000000000000, 0.000000000000000000, -1.000000000000000000 ) ) ;
#1406 = ORIENTED_EDGE ( 'NONE', *, *, #6397, .F. ) ;
#1407 = EDGE_CURVE ( 'NONE', #2658, #5231, #5819, .T. ) ;
#1408 = VERTEX_POINT ( 'NONE', #5745 ) ;
#1409 = ORIENTED_EDGE ( 'NONE', *, *, #3455, .T. ) ;
#1410 = CARTESIAN_POINT ( 'NONE',  ( 6.284715534938208670, -14.21731652335774676, -0.5000000000000000000 ) ) ;
#1411 = CARTESIAN_POINT ( 'NONE',  ( 0.5233821850937468989, -20.54553633019022740, 3.500000000000000000 ) ) ;
#1412 = EDGE_CURVE ( 'NONE', #1681, #5193, #4597, .T. ) ;
#1413 = DIRECTION ( 'NONE',  ( -0.000000000000000000, -0.000000000000000000, -1.000000000000000000 ) ) ;
#1414 = EDGE_CURVE ( 'NONE', #1294, #3365, #241, .T. ) ;
#1415 = ORIENTED_EDGE ( 'NONE', *, *, #6463, .F. ) ;
#1416 = ORIENTED_EDGE ( 'NONE', *, *, #5563, .F. ) ;
#1417 = CARTESIAN_POINT ( 'NONE',  ( -3.413301413797751760, -15.75000000000000000, -3.914063024657434831 ) ) ;
#1418 = DIRECTION ( 'NONE',  ( -1.000000000000000000, 0.000000000000000000, 0.000000000000000000 ) ) ;
#1419 = CARTESIAN_POINT ( 'NONE',  ( 75.08772233983154365, -19.50000000000000000, -0.5000000000000004441 ) ) ;
#1420 = EDGE_CURVE ( 'NONE', #6355, #3864, #3684, .T. ) ;
#1421 = DIRECTION ( 'NONE',  ( 1.000000000000000000, -3.469446951953611033E-15, 0.000000000000000000 ) ) ;
#1422 = ORIENTED_EDGE ( 'NONE', *, *, #3765, .F. ) ;
#1423 = VECTOR ( 'NONE', #2432, 1000.000000000000000 ) ;
#1424 = ORIENTED_EDGE ( 'NONE', *, *, #605, .F. ) ;
#1425 = DIRECTION ( 'NONE',  ( 0.7071067811865423547, 0.000000000000000000, -0.7071067811865527908 ) ) ;
#1426 = LINE ( 'NONE', #3551, #1096 ) ;
#1427 = DIRECTION ( 'NONE',  ( 1.000000000000000000, 7.434529182757744162E-17, 0.000000000000000000 ) ) ;
#1428 = EDGE_CURVE ( 'NONE', #280, #741, #4211, .T. ) ;
#1429 = FACE_BOUND ( 'NONE', #256, .T. ) ;
#1430 = ORIENTED_EDGE ( 'NONE', *, *, #1921, .T. ) ;
#1431 = ORIENTED_EDGE ( 'NONE', *, *, #5304, .T. ) ;
#1432 = CARTESIAN_POINT ( 'NONE',  ( 87.90000000000000568, -18.50000000000000000, 6.000000000000000000 ) ) ;
#1433 = LINE ( 'NONE', #1993, #6933 ) ;
#1434 = DIRECTION ( 'NONE',  ( -0.9667633338930343712, -0.2556729478064219685, 0.000000000000000000 ) ) ;
#1435 = CARTESIAN_POINT ( 'NONE',  ( 0.6297768039043050159, -12.09749593973045911, 91.99722379239923953 ) ) ;
#1436 = CIRCLE ( 'NONE', #84, 2.049999999999993161 ) ;
#1437 = DIRECTION ( 'NONE',  ( -1.000000000000000000, 0.000000000000000000, 0.000000000000000000 ) ) ;
#1438 = ORIENTED_EDGE ( 'NONE', *, *, #3005, .T. ) ;
#1439 = EDGE_CURVE ( 'NONE', #1450, #3745, #3541, .T. ) ;
#1440 = ORIENTED_EDGE ( 'NONE', *, *, #2154, .F. ) ;
#1441 = AXIS2_PLACEMENT_3D ( 'NONE', #3583, #6171, #2671 ) ;
#1442 = VERTEX_POINT ( 'NONE', #1456 ) ;
#1443 = AXIS2_PLACEMENT_3D ( 'NONE', #1693, #5878, #3853 ) ;
#1444 = DIRECTION ( 'NONE',  ( 1.000000000000000000, 0.000000000000000000, -0.000000000000000000 ) ) ;
#1445 = CARTESIAN_POINT ( 'NONE',  ( 88.36426365334267530, 3.694061104857532918, 6.000000000000000000 ) ) ;
#1446 = DIRECTION ( 'NONE',  ( -0.000000000000000000, -0.000000000000000000, 1.000000000000000000 ) ) ;
#1447 = AXIS2_PLACEMENT_3D ( 'NONE', #629, #6406, #5806 ) ;
#1448 = CARTESIAN_POINT ( 'NONE',  ( 67.48986343215159422, -16.78458705659207695, 3.500000000000003109 ) ) ;
#1449 = VECTOR ( 'NONE', #6621, 1000.000000000000000 ) ;
#1450 = VERTEX_POINT ( 'NONE', #1031 ) ;
#1451 = ORIENTED_EDGE ( 'NONE', *, *, #2758, .T. ) ;
#1452 = AXIS2_PLACEMENT_3D ( 'NONE', #1126, #2146, #4861 ) ;
#1453 = CIRCLE ( 'NONE', #3463, 1.000000000000000888 ) ;
#1454 = VECTOR ( 'NONE', #702, 1000.000000000000000 ) ;
#1455 = ADVANCED_FACE ( 'NONE', ( #3172 ), #5290, .F. ) ;
#1456 = CARTESIAN_POINT ( 'NONE',  ( -12.50000000000000533, -20.00000000000000355, 1.999999999999998224 ) ) ;
#1457 = CARTESIAN_POINT ( 'NONE',  ( -5.849999999999992539, -16.50000000000000000, 15.49546024484603102 ) ) ;
#1458 = DIRECTION ( 'NONE',  ( -1.211399075402798040E-16, -1.000000000000000000, 0.000000000000000000 ) ) ;
#1459 = DIRECTION ( 'NONE',  ( 1.000000000000000000, 8.673617379884027583E-16, 0.000000000000000000 ) ) ;
#1460 = ORIENTED_EDGE ( 'NONE', *, *, #2570, .F. ) ;
#1461 = ORIENTED_EDGE ( 'NONE', *, *, #598, .F. ) ;
#1462 = EDGE_CURVE ( 'NONE', #1090, #367, #4838, .T. ) ;
#1463 = ADVANCED_FACE ( 'NONE', ( #4904 ), #640, .F. ) ;
#1464 = AXIS2_PLACEMENT_3D ( 'NONE', #1068, #1632, #1601 ) ;
#1465 = CARTESIAN_POINT ( 'NONE',  ( 85.00000000000001421, 1.000000000000001332, 0.000000000000000000 ) ) ;
#1466 = DIRECTION ( 'NONE',  ( -1.000000000000000000, 0.000000000000000000, 0.000000000000000000 ) ) ;
#1467 = DIRECTION ( 'NONE',  ( 7.434529182757744162E-17, -1.000000000000000000, 0.000000000000000000 ) ) ;
#1468 = CARTESIAN_POINT ( 'NONE',  ( 48.37687680394342493, -12.48089122642681659, 3.500000000000000000 ) ) ;
#1469 = ORIENTED_EDGE ( 'NONE', *, *, #5477, .F. ) ;
#1470 = ORIENTED_EDGE ( 'NONE', *, *, #6082, .F. ) ;
#1471 = AXIS2_PLACEMENT_3D ( 'NONE', #3581, #6804, #5747 ) ;
#1472 = CIRCLE ( 'NONE', #4487, 1.000000000000000888 ) ;
#1473 = EDGE_CURVE ( 'NONE', #6866, #4764, #4317, .T. ) ;
#1474 = CARTESIAN_POINT ( 'NONE',  ( 92.54599508018748111, -0.2054665368511853218, 6.000000000000000000 ) ) ;
#1475 = CYLINDRICAL_SURFACE ( 'NONE', #331, 4.000000000000003553 ) ;
#1476 = LINE ( 'NONE', #3019, #4179 ) ;
#1478 = DIRECTION ( 'NONE',  ( 0.000000000000000000, 0.000000000000000000, 1.000000000000000000 ) ) ;
#1477 = AXIS2_PLACEMENT_3D ( 'NONE', #2176, #140, #1189 ) ;
#1479 = LINE ( 'NONE', #6787, #4015 ) ;
#1480 = VERTEX_POINT ( 'NONE', #3827 ) ;
#1481 = ORIENTED_EDGE ( 'NONE', *, *, #902, .F. ) ;
#1482 = VECTOR ( 'NONE', #5689, 1000.000000000000000 ) ;
#1483 = ORIENTED_EDGE ( 'NONE', *, *, #214, .F. ) ;
#1484 = DIRECTION ( 'NONE',  ( 0.000000000000000000, -1.000000000000000000, 0.000000000000000000 ) ) ;
#1485 = CARTESIAN_POINT ( 'NONE',  ( -0.7410796501650303014, -15.08425883328870931, 91.99722379239923953 ) ) ;
#1486 = CARTESIAN_POINT ( 'NONE',  ( 30.08772233983155431, -21.33047371415606719, 3.500000000000000000 ) ) ;
#1487 = DIRECTION ( 'NONE',  ( -1.000000000000000000, 0.000000000000000000, 0.000000000000000000 ) ) ;
#1488 = VECTOR ( 'NONE', #160, 1000.000000000000000 ) ;
#1489 = ORIENTED_EDGE ( 'NONE', *, *, #6635, .F. ) ;
#1490 = ORIENTED_EDGE ( 'NONE', *, *, #6779, .T. ) ;
#1491 = ORIENTED_EDGE ( 'NONE', *, *, #555, .T. ) ;
#1492 = CARTESIAN_POINT ( 'NONE',  ( 33.24999999999992895, -19.50000000000000000, 2.750000000000000000 ) ) ;
#1493 = CARTESIAN_POINT ( 'NONE',  ( 32.25000000000000711, -11.71782813964461845, -0.5000000000000004441 ) ) ;
#1494 = DIRECTION ( 'NONE',  ( -0.000000000000000000, -0.000000000000000000, -1.000000000000000000 ) ) ;
#1495 = LINE ( 'NONE', #1950, #6466 ) ;
#1496 = ORIENTED_EDGE ( 'NONE', *, *, #4507, .T. ) ;
#1497 = EDGE_CURVE ( 'NONE', #5472, #976, #914, .T. ) ;
#1498 = ORIENTED_EDGE ( 'NONE', *, *, #1688, .F. ) ;
#1499 = AXIS2_PLACEMENT_3D ( 'NONE', #5071, #6151, #6545 ) ;
#1500 = CARTESIAN_POINT ( 'NONE',  ( 30.08772233983155431, -21.33047371415606719, 3.500000000000000000 ) ) ;
#1501 = FACE_OUTER_BOUND ( 'NONE', #2859, .T. ) ;
#1502 = DIRECTION ( 'NONE',  ( 1.000000000000000000, 0.000000000000000000, 0.000000000000000000 ) ) ;
#1503 = LINE ( 'NONE', #6849, #4475 ) ;
#1504 = EDGE_LOOP ( 'NONE', ( #6860, #3, #1017, #3697 ) ) ;
#1505 = ADVANCED_FACE ( 'NONE', ( #5467, #2787 ), #1659, .F. ) ;
#1506 = ORIENTED_EDGE ( 'NONE', *, *, #6112, .F. ) ;
#1507 = CARTESIAN_POINT ( 'NONE',  ( -22.50000000000000000, -6.100000000000005862, -1.699999999999999956 ) ) ;
#1508 = DIRECTION ( 'NONE',  ( -0.000000000000000000, -0.000000000000000000, 1.000000000000000000 ) ) ;
#1509 = DIRECTION ( 'NONE',  ( -0.000000000000000000, -0.000000000000000000, -1.000000000000000000 ) ) ;
#1510 = DIRECTION ( 'NONE',  ( 1.000000000000000000, 0.000000000000000000, 0.000000000000000000 ) ) ;
#1511 = DIRECTION ( 'NONE',  ( -0.000000000000000000, -0.000000000000000000, -1.000000000000000000 ) ) ;
#1512 = VERTEX_POINT ( 'NONE', #2158 ) ;
#1513 = EDGE_CURVE ( 'NONE', #595, #4362, #1062, .T. ) ;
#1514 = ADVANCED_FACE ( 'NONE', ( #6524 ), #3859, .F. ) ;
#1515 = CARTESIAN_POINT ( 'NONE',  ( 79.50000000000001421, 0.4999999999999970024, 6.000000000000000000 ) ) ;
#1516 = EDGE_LOOP ( 'NONE', ( #2648, #740 ) ) ;
#1517 = FACE_OUTER_BOUND ( 'NONE', #758, .T. ) ;
#1518 = CARTESIAN_POINT ( 'NONE',  ( 67.44792988951998325, -19.12942000970458167, -0.5000000000000004441 ) ) ;
#1519 = CARTESIAN_POINT ( 'NONE',  ( -2.849999999999992095, -18.50000000000000000, 3.500000000000000000 ) ) ;
#1520 = VERTEX_POINT ( 'NONE', #5886 ) ;
#1521 = EDGE_LOOP ( 'NONE', ( #4757, #1675, #708, #3290 ) ) ;
#1522 = ORIENTED_EDGE ( 'NONE', *, *, #8, .F. ) ;
#1523 = DIRECTION ( 'NONE',  ( 0.000000000000000000, 0.000000000000000000, 1.000000000000000000 ) ) ;
#1524 = LINE ( 'NONE', #3647, #6049 ) ;
#1525 = DIRECTION ( 'NONE',  ( -1.000000000000000000, 0.000000000000000000, 0.000000000000000000 ) ) ;
#1526 = ORIENTED_EDGE ( 'NONE', *, *, #1353, .F. ) ;
#1527 = EDGE_CURVE ( 'NONE', #5106, #5742, #115, .T. ) ;
#1528 = ORIENTED_EDGE ( 'NONE', *, *, #33, .F. ) ;
#1529 = LINE ( 'NONE', #504, #5037 ) ;
#1530 = DIRECTION ( 'NONE',  ( 0.000000000000000000, -1.000000000000000000, 0.000000000000000000 ) ) ;
#1531 = CARTESIAN_POINT ( 'NONE',  ( -23.74999999999994671, -23.75000000000008171, 6.000000000000000000 ) ) ;
#1532 = VECTOR ( 'NONE', #6553, 1000.000000000000114 ) ;
#1533 = DIRECTION ( 'NONE',  ( 1.000000000000000000, 0.000000000000000000, 0.000000000000000000 ) ) ;
#1534 = ORIENTED_EDGE ( 'NONE', *, *, #288, .F. ) ;
#1535 = ORIENTED_EDGE ( 'NONE', *, *, #1766, .F. ) ;
#1536 = EDGE_CURVE ( 'NONE', #2980, #1706, #5825, .T. ) ;
#1537 = CARTESIAN_POINT ( 'NONE',  ( -2.849999999999992095, -19.50000000000000000, 3.500000000000000000 ) ) ;
#1538 = PLANE ( 'NONE',  #4369 ) ;
#1539 = CARTESIAN_POINT ( 'NONE',  ( -0.05236439395462548496, -11.50000000000000711, -55.82353258373179727 ) ) ;
#1540 = PLANE ( 'NONE',  #2144 ) ;
#1541 = LINE ( 'NONE', #4130, #661 ) ;
#1542 = VERTEX_POINT ( 'NONE', #572 ) ;
#1543 = ORIENTED_EDGE ( 'NONE', *, *, #1536, .T. ) ;
#1544 = CIRCLE ( 'NONE', #2105, 1.000000000000000888 ) ;
#1545 = ADVANCED_FACE ( 'NONE', ( #4394 ), #1699, .F. ) ;
#1546 = CARTESIAN_POINT ( 'NONE',  ( 66.59040426936127233, -13.96043282193328849, 3.500000000000003109 ) ) ;
#1547 = DIRECTION ( 'NONE',  ( 0.000000000000000000, -1.000000000000000000, 0.000000000000000000 ) ) ;
#1548 = CARTESIAN_POINT ( 'NONE',  ( 30.04236618112247115, -21.62982987326367024, 2.221948252524966527 ) ) ;
#1549 = ORIENTED_EDGE ( 'NONE', *, *, #2996, .T. ) ;
#1550 = AXIS2_PLACEMENT_3D ( 'NONE', #4895, #3267, #3777 ) ;
#1551 = ORIENTED_EDGE ( 'NONE', *, *, #3218, .F. ) ;
#1552 = ORIENTED_EDGE ( 'NONE', *, *, #3587, .F. ) ;
#1553 = ADVANCED_FACE ( 'NONE', ( #3340 ), #2827, .T. ) ;
#1554 = AXIS2_PLACEMENT_3D ( 'NONE', #1979, #5087, #1459 ) ;
#1555 = DIRECTION ( 'NONE',  ( 0.000000000000000000, 0.000000000000000000, -1.000000000000000000 ) ) ;
#1556 = AXIS2_PLACEMENT_3D ( 'NONE', #3602, #973, #5279 ) ;
#1557 = CARTESIAN_POINT ( 'NONE',  ( 42.36817480791545876, -1.600000000000001643, 1.000000000000000000 ) ) ;
#1558 = CARTESIAN_POINT ( 'NONE',  ( 35.00000000000000000, 0.000000000000000000, 3.000000000000000000 ) ) ;
#1559 = ORIENTED_EDGE ( 'NONE', *, *, #6782, .T. ) ;
#1560 = CLOSED_SHELL ( 'NONE', ( #2403, #2290, #4077, #1973, #6189, #4823, #6281, #3014, #5051, #389, #2409, #6756, #1858, #910, #3888, #5853, #377, #511, #1455, #5614, #1840, #3822, #2134, #4619, #2043, #434, #606, #6161, #518, #4404, #6581, #2191, #3964, #3041, #1122, #1380, #2322, #5596, #3299, #4040, #6852, #5153, #3430, #4649, #2884, #6368, #123, #2199, #5528, #723, #6233, #1514, #6065, #671, #2975, #2408, #2507, #2018, #3577, #512, #1156, #2289, #5859, #4925, #3681, #4464, #3712, #4031, #686, #304, #4697, #4145, #2076, #635, #2416, #3971, #3586, #5476, #5988, #5736, #6501, #668, #5182, #5685, #6925, #6520, #5505, #213, #5002, #4900, #6325, #2486, #4273, #5365, #5821, #890, #3509, #4966, #1892, #4383, #2919, #1210, #2254, #3050, #122, #564, #5877, #2656, #2007, #1847, #6607, #4703, #4736, #2665, #2215, #3944, #881, #332, #4430, #6018, #3465, #778, #3143, #1545, #1026, #395, #2245, #5672, #5641, #6093, #1463, #2473, #2064, #3638, #3282, #2958, #3721, #3898, #4104, #3728, #977, #2697, #5034, #2165, #2709, #4000, #5695, #4565, #1342, #597, #4834, #1631, #1333, #6663, #5822, #2442, #1748, #4187, #563, #4744, #359, #5555, #967, #818, #891, #329, #1848, #2612, #4419, #6312, #4290, #1067, #3179, #2108, #5767, #5998, #4971, #1505, #2719, #4248, #6865, #847, #697, #3814, #2877, #5326, #1974, #5534, #725, #64, #5333, #6873, #3501, #2071, #3266, #3899, #3773, #1388, #4965, #4648, #4225, #1553, #6020, #2995, #4111, #3510, #5216, #4825, #5634 ) ) ;
#1561 = ORIENTED_EDGE ( 'NONE', *, *, #2280, .T. ) ;
#1562 = CIRCLE ( 'NONE', #5911, 3.000000000000002665 ) ;
#1563 = AXIS2_PLACEMENT_3D ( 'NONE', #3800, #4812, #6879 ) ;
#1564 = LINE ( 'NONE', #4765, #4483 ) ;
#1565 = AXIS2_PLACEMENT_3D ( 'NONE', #5411, #4882, #2341 ) ;
#1566 = LINE ( 'NONE', #3692, #3003 ) ;
#1567 = CARTESIAN_POINT ( 'NONE',  ( 78.68750000000001421, -10.50000000000000711, 3.500000000000000000 ) ) ;
#1568 = AXIS2_PLACEMENT_3D ( 'NONE', #4196, #2034, #4581 ) ;
#1569 = CARTESIAN_POINT ( 'NONE',  ( 89.50000000000001421, -18.50000000000000000, 1.725000000000000089 ) ) ;
#1570 = CARTESIAN_POINT ( 'NONE',  ( 73.01182432432433700, -12.44594594594595272, -0.5000000000000004441 ) ) ;
#1571 = ORIENTED_EDGE ( 'NONE', *, *, #1112, .F. ) ;
#1572 = EDGE_LOOP ( 'NONE', ( #2806, #785 ) ) ;
#1573 = VECTOR ( 'NONE', #1267, 1000.000000000000000 ) ;
#1574 = CARTESIAN_POINT ( 'NONE',  ( -4.500000000000000000, -4.499999999999995559, 1.000000000000000000 ) ) ;
#1575 = LINE ( 'NONE', #3702, #1204 ) ;
#1576 = CARTESIAN_POINT ( 'NONE',  ( -26.00000000000001421, -21.49999999999999645, 4.000000000000000888 ) ) ;
#1577 = CARTESIAN_POINT ( 'NONE',  ( -12.50000000000000711, -26.50000000000000355, -17.93908891458577060 ) ) ;
#1578 = ORIENTED_EDGE ( 'NONE', *, *, #760, .F. ) ;
#1579 = AXIS2_PLACEMENT_3D ( 'NONE', #5966, #4504, #127 ) ;
#1580 = EDGE_CURVE ( 'NONE', #5938, #1512, #153, .T. ) ;
#1581 = EDGE_CURVE ( 'NONE', #3743, #2769, #2711, .T. ) ;
#1582 = ORIENTED_EDGE ( 'NONE', *, *, #5980, .T. ) ;
#1583 = VECTOR ( 'NONE', #3276, 1000.000000000000000 ) ;
#1584 = CARTESIAN_POINT ( 'NONE',  ( 70.00000000000000000, 4.500000000000002665, -14.36001392756986306 ) ) ;
#1585 = DIRECTION ( 'NONE',  ( -0.000000000000000000, -0.000000000000000000, 1.000000000000000000 ) ) ;
#1586 = CARTESIAN_POINT ( 'NONE',  ( 47.57143374141650582, -11.50000000000000711, -0.5000000000000004441 ) ) ;
#1587 = ORIENTED_EDGE ( 'NONE', *, *, #1407, .T. ) ;
#1588 = AXIS2_PLACEMENT_3D ( 'NONE', #52, #1634, #6877 ) ;
#1589 = EDGE_CURVE ( 'NONE', #6352, #3886, #5923, .T. ) ;
#1590 = ORIENTED_EDGE ( 'NONE', *, *, #203, .F. ) ;
#1591 = VECTOR ( 'NONE', #6486, 1000.000000000000000 ) ;
#1592 = ORIENTED_EDGE ( 'NONE', *, *, #5225, .T. ) ;
#1593 = DIRECTION ( 'NONE',  ( -1.000000000000000000, 0.000000000000000000, 0.000000000000000000 ) ) ;
#1594 = CARTESIAN_POINT ( 'NONE',  ( 2.000000000000000888, -3.600000000000000533, 3.500000000000000000 ) ) ;
#1595 = AXIS2_PLACEMENT_3D ( 'NONE', #2411, #4916, #1852 ) ;
#1596 = LINE ( 'NONE', #5854, #2704 ) ;
#1597 = FACE_BOUND ( 'NONE', #2792, .T. ) ;
#1598 = ORIENTED_EDGE ( 'NONE', *, *, #1371, .T. ) ;
#1599 = EDGE_CURVE ( 'NONE', #1607, #3997, #1703, .T. ) ;
#1600 = ORIENTED_EDGE ( 'NONE', *, *, #1255, .T. ) ;
#1601 = DIRECTION ( 'NONE',  ( 1.000000000000000000, 0.000000000000000000, 0.000000000000000000 ) ) ;
#1602 = DIRECTION ( 'NONE',  ( -0.000000000000000000, -0.000000000000000000, 1.000000000000000000 ) ) ;
#1603 = CARTESIAN_POINT ( 'NONE',  ( -22.50000000000000000, -3.599999999999995648, -4.000000000000000000 ) ) ;
#1604 = CARTESIAN_POINT ( 'NONE',  ( 91.10000000000000853, -18.50000000000000000, 1.725000000000000089 ) ) ;
#1605 = CARTESIAN_POINT ( 'NONE',  ( 33.24999999999992895, -21.50000000000000000, 2.750000000000000000 ) ) ;
#1606 = ORIENTED_EDGE ( 'NONE', *, *, #4576, .T. ) ;
#1607 = VERTEX_POINT ( 'NONE', #608 ) ;
#1608 = AXIS2_PLACEMENT_3D ( 'NONE', #2395, #4486, #6016 ) ;
#1609 = CARTESIAN_POINT ( 'NONE',  ( 70.00000000000000000, 4.500000000000002665, 0.000000000000000000 ) ) ;
#1610 = CARTESIAN_POINT ( 'NONE',  ( 6.616199132033664831, -1.504226675533800073, 6.000000000000000000 ) ) ;
#1611 = CARTESIAN_POINT ( 'NONE',  ( -8.849999999999996092, -18.50000000000000355, 0.5000000000000000000 ) ) ;
#1612 = DIRECTION ( 'NONE',  ( 0.000000000000000000, 0.000000000000000000, -1.000000000000000000 ) ) ;
#1613 = ORIENTED_EDGE ( 'NONE', *, *, #2917, .T. ) ;
#1614 = CARTESIAN_POINT ( 'NONE',  ( 0.4122776601683184050, 0.000000000000000000, -0.5000000000000004441 ) ) ;
#1615 = CARTESIAN_POINT ( 'NONE',  ( -7.349999999999995204, -8.500000000000007105, -4.000999999999999446 ) ) ;
#1616 = DIRECTION ( 'NONE',  ( 0.000000000000000000, 0.000000000000000000, 1.000000000000000000 ) ) ;
#1617 = EDGE_CURVE ( 'NONE', #6547, #5559, #4868, .T. ) ;
#1618 = DIRECTION ( 'NONE',  ( 0.6588932476030268104, 0.7522364576801209290, 0.000000000000000000 ) ) ;
#1619 = VERTEX_POINT ( 'NONE', #744 ) ;
#1620 = ORIENTED_EDGE ( 'NONE', *, *, #6289, .F. ) ;
#1621 = ORIENTED_EDGE ( 'NONE', *, *, #6937, .F. ) ;
#1622 = LINE ( 'NONE', #5320, #1687 ) ;
#1623 = EDGE_CURVE ( 'NONE', #1450, #2548, #2861, .T. ) ;
#1624 = CARTESIAN_POINT ( 'NONE',  ( 21.64625639182108685, -23.50000000000000000, -55.82353258373179727 ) ) ;
#1625 = EDGE_CURVE ( 'NONE', #2736, #6166, #3934, .T. ) ;
#1626 = FACE_OUTER_BOUND ( 'NONE', #6106, .T. ) ;
#1627 = CARTESIAN_POINT ( 'NONE',  ( 36.41227766016831424, -20.09042769776545967, 4.914213562373096700 ) ) ;
#1628 = VERTEX_POINT ( 'NONE', #1769 ) ;
#1629 = EDGE_LOOP ( 'NONE', ( #435, #5585, #5178, #5986 ) ) ;
#1630 = EDGE_CURVE ( 'NONE', #5177, #5485, #5061, .T. ) ;
#1631 = ADVANCED_FACE ( 'NONE', ( #6090 ), #713, .F. ) ;
#1632 = DIRECTION ( 'NONE',  ( -0.000000000000000000, -0.000000000000000000, -1.000000000000000000 ) ) ;
#1633 = LINE ( 'NONE', #5827, #3890 ) ;
#1634 = DIRECTION ( 'NONE',  ( 0.000000000000000000, -1.000000000000000000, 0.000000000000000000 ) ) ;
#1635 = DIRECTION ( 'NONE',  ( 2.990902544787599085E-16, -1.000000000000000000, 0.000000000000000000 ) ) ;
#1636 = DIRECTION ( 'NONE',  ( 1.000000000000000000, 0.000000000000000000, 0.000000000000000000 ) ) ;
#1637 = ORIENTED_EDGE ( 'NONE', *, *, #6112, .T. ) ;
#1638 = ORIENTED_EDGE ( 'NONE', *, *, #3801, .F. ) ;
#1639 = ORIENTED_EDGE ( 'NONE', *, *, #5522, .F. ) ;
#1640 = AXIS2_PLACEMENT_3D ( 'NONE', #5275, #3314, #4365 ) ;
#1641 = AXIS2_PLACEMENT_3D ( 'NONE', #1049, #5417, #1158 ) ;
#1642 = VECTOR ( 'NONE', #2227, 1000.000000000000000 ) ;
#1643 = EDGE_CURVE ( 'NONE', #819, #6411, #4720, .T. ) ;
#1644 = CARTESIAN_POINT ( 'NONE',  ( 30.57909511525073043, 0.8400000000000000799, 1.000000000000000000 ) ) ;
#1645 = CARTESIAN_POINT ( 'NONE',  ( 70.00000000000000000, 0.000000000000000000, -9.227922061357867634 ) ) ;
#1646 = CARTESIAN_POINT ( 'NONE',  ( -27.50000000000000000, -1.599999999999995648, -4.000000000000000000 ) ) ;
#1647 = PLANE ( 'NONE',  #1791 ) ;
#1648 = EDGE_LOOP ( 'NONE', ( #5764, #2616, #264, #4454 ) ) ;
#1649 = LINE ( 'NONE', #3262, #6921 ) ;
#1650 = DIRECTION ( 'NONE',  ( 0.000000000000000000, 0.000000000000000000, 1.000000000000000000 ) ) ;
#1651 = EDGE_CURVE ( 'NONE', #333, #3207, #5078, .T. ) ;
#1652 = DIRECTION ( 'NONE',  ( -0.000000000000000000, -0.000000000000000000, -1.000000000000000000 ) ) ;
#1653 = DIRECTION ( 'NONE',  ( 1.000000000000000000, 0.000000000000000000, 0.000000000000000000 ) ) ;
#1654 = DIRECTION ( 'NONE',  ( 0.000000000000000000, 0.000000000000000000, 1.000000000000000000 ) ) ;
#1655 = ORIENTED_EDGE ( 'NONE', *, *, #2664, .F. ) ;
#1656 = VERTEX_POINT ( 'NONE', #6061 ) ;
#1657 = ORIENTED_EDGE ( 'NONE', *, *, #5954, .F. ) ;
#1658 = DIRECTION ( 'NONE',  ( -0.000000000000000000, 1.000000000000000000, -0.000000000000000000 ) ) ;
#1659 = PLANE ( 'NONE',  #803 ) ;
#1660 = FACE_OUTER_BOUND ( 'NONE', #5009, .T. ) ;
#1661 = FACE_OUTER_BOUND ( 'NONE', #5521, .T. ) ;
#1662 = AXIS2_PLACEMENT_3D ( 'NONE', #1753, #2876, #1789 ) ;
#1663 = ORIENTED_EDGE ( 'NONE', *, *, #4816, .T. ) ;
#1664 = ORIENTED_EDGE ( 'NONE', *, *, #1623, .F. ) ;
#1665 = EDGE_CURVE ( 'NONE', #1065, #2602, #1719, .T. ) ;
#1666 = AXIS2_PLACEMENT_3D ( 'NONE', #947, #915, #1968 ) ;
#1667 = AXIS2_PLACEMENT_3D ( 'NONE', #1290, #4469, #2800 ) ;
#1668 = LINE ( 'NONE', #2271, #3101 ) ;
#1669 = CARTESIAN_POINT ( 'NONE',  ( 89.00000000000001421, 1.000000000000001332, -13.50925608610629602 ) ) ;
#1670 = DIRECTION ( 'NONE',  ( 1.000000000000000000, 0.000000000000000000, 0.000000000000000000 ) ) ;
#1671 = LINE ( 'NONE', #1567, #6839 ) ;
#1672 = CARTESIAN_POINT ( 'NONE',  ( -23.50000000000002132, -7.000000000000004441, 4.000000000000000888 ) ) ;
#1673 = DIRECTION ( 'NONE',  ( 0.000000000000000000, 0.000000000000000000, 1.000000000000000000 ) ) ;
#1674 = AXIS2_PLACEMENT_3D ( 'NONE', #5457, #3923, #2323 ) ;
#1675 = ORIENTED_EDGE ( 'NONE', *, *, #3004, .F. ) ;
#1676 = VECTOR ( 'NONE', #2631, 1000.000000000000000 ) ;
#1677 = ORIENTED_EDGE ( 'NONE', *, *, #4021, .F. ) ;
#1678 = EDGE_CURVE ( 'NONE', #3855, #6421, #4975, .T. ) ;
#1679 = EDGE_CURVE ( 'NONE', #6885, #2897, #2893, .T. ) ;
#1680 = CIRCLE ( 'NONE', #6919, 1.000000000000000888 ) ;
#1681 = VERTEX_POINT ( 'NONE', #1246 ) ;
#1682 = DIRECTION ( 'NONE',  ( 1.000000000000000000, -0.000000000000000000, -0.000000000000000000 ) ) ;
#1683 = LINE ( 'NONE', #4267, #5996 ) ;
#1684 = FACE_OUTER_BOUND ( 'NONE', #4964, .T. ) ;
#1685 = CARTESIAN_POINT ( 'NONE',  ( 3.000000000000002665, -16.50000000000001066, 91.99722379239923953 ) ) ;
#1686 = ORIENTED_EDGE ( 'NONE', *, *, #1744, .F. ) ;
#1687 = VECTOR ( 'NONE', #530, 1000.000000000000000 ) ;
#1688 = EDGE_CURVE ( 'NONE', #6693, #2905, #2505, .T. ) ;
#1689 = CARTESIAN_POINT ( 'NONE',  ( 42.36817480791545876, 1.399999999999998579, 1.000000000000000000 ) ) ;
#1690 = CARTESIAN_POINT ( 'NONE',  ( 59.06219459593107501, -16.63925516693673146, -0.5000000000000004441 ) ) ;
#1691 = DIRECTION ( 'NONE',  ( 0.000000000000000000, 0.000000000000000000, -1.000000000000000000 ) ) ;
#1692 = AXIS2_PLACEMENT_3D ( 'NONE', #4478, #1752, #6107 ) ;
#1693 = CARTESIAN_POINT ( 'NONE',  ( -0.9290584113754267737, -15.75000000000000000, -3.914063024657434831 ) ) ;
#1694 = ORIENTED_EDGE ( 'NONE', *, *, #1042, .F. ) ;
#1695 = ORIENTED_EDGE ( 'NONE', *, *, #6419, .F. ) ;
#1696 = ORIENTED_EDGE ( 'NONE', *, *, #5511, .T. ) ;
#1697 = CIRCLE ( 'NONE', #684, 4.500000000000003553 ) ;
#1698 = CYLINDRICAL_SURFACE ( 'NONE', #1004, 1.000000000000000888 ) ;
#1699 = CYLINDRICAL_SURFACE ( 'NONE', #17, 1.000000000000000000 ) ;
#1700 = DIRECTION ( 'NONE',  ( -0.5773502691896306160, 0.5773502691896281735, -0.5773502691896186256 ) ) ;
#1701 = DIRECTION ( 'NONE',  ( 1.000000000000000000, 0.000000000000000000, 0.000000000000000000 ) ) ;
#1702 = AXIS2_PLACEMENT_3D ( 'NONE', #2424, #5102, #5991 ) ;
#1703 = CIRCLE ( 'NONE', #6505, 2.049999999999993161 ) ;
#1704 = VERTEX_POINT ( 'NONE', #181 ) ;
#1705 = EDGE_CURVE ( 'NONE', #4188, #4977, #5056, .T. ) ;
#1706 = VERTEX_POINT ( 'NONE', #5506 ) ;
#1707 = CARTESIAN_POINT ( 'NONE',  ( 1.282973800746401327, -21.19593665109281844, -0.5000000000000004441 ) ) ;
#1708 = ORIENTED_EDGE ( 'NONE', *, *, #40, .T. ) ;
#1709 = CARTESIAN_POINT ( 'NONE',  ( 81.00000000000001421, -24.50000000000000000, -0.5000000000000000000 ) ) ;
#1710 = CARTESIAN_POINT ( 'NONE',  ( -4.422545647627139864, -10.99552708463976458, -0.5000000000000004441 ) ) ;
#1711 = DIRECTION ( 'NONE',  ( -1.000000000000000000, 0.000000000000000000, 0.000000000000000000 ) ) ;
#1712 = EDGE_CURVE ( 'NONE', #360, #2769, #4524, .T. ) ;
#1713 = CARTESIAN_POINT ( 'NONE',  ( 62.63182519208449150, -1.600000000000004086, 6.000000000000000000 ) ) ;
#1714 = DIRECTION ( 'NONE',  ( 0.000000000000000000, 0.000000000000000000, 1.000000000000000000 ) ) ;
#1715 = AXIS2_PLACEMENT_3D ( 'NONE', #980, #5149, #3096 ) ;
#1716 = ORIENTED_EDGE ( 'NONE', *, *, #4498, .F. ) ;
#1717 = VERTEX_POINT ( 'NONE', #4495 ) ;
#1718 = ORIENTED_EDGE ( 'NONE', *, *, #1712, .F. ) ;
#1719 = CIRCLE ( 'NONE', #4399, 1.000000000000000000 ) ;
#1720 = CARTESIAN_POINT ( 'NONE',  ( 32.25000000000000711, -23.20115786999287266, -0.5000000000000004441 ) ) ;
#1721 = DIRECTION ( 'NONE',  ( 0.000000000000000000, -2.551063935260008765E-17, 1.000000000000000000 ) ) ;
#1722 = DIRECTION ( 'NONE',  ( -1.000000000000000000, 0.000000000000000000, 0.000000000000000000 ) ) ;
#1723 = EDGE_CURVE ( 'NONE', #2993, #1812, #5005, .T. ) ;
#1724 = CARTESIAN_POINT ( 'NONE',  ( 60.36486379115212486, -18.98413384340920373, -0.5000000000000000000 ) ) ;
#1725 = EDGE_LOOP ( 'NONE', ( #5254, #1686, #2727, #3751 ) ) ;
#1726 = CARTESIAN_POINT ( 'NONE',  ( -16.49999999999999645, -8.500000000000007105, -1.700000000000000400 ) ) ;
#1727 = DIRECTION ( 'NONE',  ( 0.000000000000000000, 0.000000000000000000, 1.000000000000000000 ) ) ;
#1728 = CARTESIAN_POINT ( 'NONE',  ( -26.50000000000001421, -16.99999999999996803, 4.000000000000000888 ) ) ;
#1729 = EDGE_CURVE ( 'NONE', #3952, #5159, #6552, .T. ) ;
#1730 = EDGE_CURVE ( 'NONE', #4587, #5105, #2006, .T. ) ;
#1731 = CARTESIAN_POINT ( 'NONE',  ( 35.25000000000000711, -19.50000000000000000, 3.500000000000000000 ) ) ;
#1732 = ORIENTED_EDGE ( 'NONE', *, *, #247, .F. ) ;
#1733 = VERTEX_POINT ( 'NONE', #1445 ) ;
#1734 = EDGE_LOOP ( 'NONE', ( #3715, #1406, #4428, #2626 ) ) ;
#1735 = CYLINDRICAL_SURFACE ( 'NONE', #3358, 1.000000000000000888 ) ;
#1736 = CARTESIAN_POINT ( 'NONE',  ( 1.282973800746401327, -21.19593665109281844, 91.99722379239923953 ) ) ;
#1737 = DIRECTION ( 'NONE',  ( -0.000000000000000000, 0.000000000000000000, 1.000000000000000000 ) ) ;
#1738 = FACE_OUTER_BOUND ( 'NONE', #1751, .T. ) ;
#1739 = ORIENTED_EDGE ( 'NONE', *, *, #3987, .F. ) ;
#1740 = ORIENTED_EDGE ( 'NONE', *, *, #4202, .T. ) ;
#1741 = DIRECTION ( 'NONE',  ( 1.000000000000000000, -3.469446951953611033E-15, 0.000000000000000000 ) ) ;
#1742 = EDGE_CURVE ( 'NONE', #5378, #41, #4205, .T. ) ;
#1743 = CARTESIAN_POINT ( 'NONE',  ( 36.42244605661212375, -21.48308196877079013, 2.041955362658477657 ) ) ;
#1744 = EDGE_CURVE ( 'NONE', #3770, #4909, #4137, .T. ) ;
#1745 = DIRECTION ( 'NONE',  ( 0.000000000000000000, 0.000000000000000000, 1.000000000000000000 ) ) ;
#1746 = CYLINDRICAL_SURFACE ( 'NONE', #3384, 1.000000000000000888 ) ;
#1747 = CARTESIAN_POINT ( 'NONE',  ( -12.50000000000000533, -20.00000000000000355, 0.5000000000000004441 ) ) ;
#1748 = ADVANCED_FACE ( 'NONE', ( #6265 ), #5284, .F. ) ;
#1749 = CARTESIAN_POINT ( 'NONE',  ( 36.49999999999993605, -20.50000000000000000, 2.750000000000000000 ) ) ;
#1750 = ORIENTED_EDGE ( 'NONE', *, *, #3542, .T. ) ;
#1751 = EDGE_LOOP ( 'NONE', ( #2364, #6195, #2822, #4106 ) ) ;
#1752 = DIRECTION ( 'NONE',  ( 0.000000000000000000, 0.000000000000000000, 1.000000000000000000 ) ) ;
#1753 = CARTESIAN_POINT ( 'NONE',  ( -11.50000000000000533, -12.50000000000000711, 2.000000000000000000 ) ) ;
#1754 = DIRECTION ( 'NONE',  ( -0.000000000000000000, 0.000000000000000000, -1.000000000000000000 ) ) ;
#1755 = CARTESIAN_POINT ( 'NONE',  ( 67.03217012925219365, -20.03889448529038475, 3.500000000000003109 ) ) ;
#1756 = ORIENTED_EDGE ( 'NONE', *, *, #2231, .F. ) ;
#1757 = DIRECTION ( 'NONE',  ( 0.000000000000000000, 1.000000000000000000, 0.000000000000000000 ) ) ;
#1758 = EDGE_CURVE ( 'NONE', #1771, #5159, #5396, .T. ) ;
#1759 = DIRECTION ( 'NONE',  ( 0.9808912264268110359, -0.1945569374730864998, 0.000000000000000000 ) ) ;
#1760 = DIRECTION ( 'NONE',  ( 1.000000000000000000, 0.000000000000000000, 0.000000000000000000 ) ) ;
#1761 = DIRECTION ( 'NONE',  ( 0.9094744755858001906, -0.4157597602677942095, 0.000000000000000000 ) ) ;
#1762 = VERTEX_POINT ( 'NONE', #3607 ) ;
#1763 = AXIS2_PLACEMENT_3D ( 'NONE', #4001, #3506, #816 ) ;
#1764 = ORIENTED_EDGE ( 'NONE', *, *, #4061, .F. ) ;
#1765 = ORIENTED_EDGE ( 'NONE', *, *, #1665, .T. ) ;
#1766 = EDGE_CURVE ( 'NONE', #41, #2130, #4279, .T. ) ;
#1767 = EDGE_CURVE ( 'NONE', #3716, #4068, #5770, .T. ) ;
#1768 = LINE ( 'NONE', #3891, #787 ) ;
#1769 = CARTESIAN_POINT ( 'NONE',  ( 30.08772233983155431, -20.09042769776575810, 1.999999999999998668 ) ) ;
#1770 = CARTESIAN_POINT ( 'NONE',  ( -15.49999999999999822, -8.500000000000007105, -1.700000000000000400 ) ) ;
#1771 = VERTEX_POINT ( 'NONE', #6332 ) ;
#1772 = ORIENTED_EDGE ( 'NONE', *, *, #1371, .F. ) ;
#1773 = EDGE_CURVE ( 'NONE', #2149, #5874, #2506, .T. ) ;
#1774 = VECTOR ( 'NONE', #4594, 1000.000000000000000 ) ;
#1775 = CARTESIAN_POINT ( 'NONE',  ( 6.918920261059859911, -19.60516730426149579, 3.500000000000003109 ) ) ;
#1776 = VECTOR ( 'NONE', #4258, 1000.000000000000000 ) ;
#1777 = CARTESIAN_POINT ( 'NONE',  ( -8.849999999999996092, -20.00000000000000355, 0.5000000000000000000 ) ) ;
#1778 = DIRECTION ( 'NONE',  ( 0.000000000000000000, 0.000000000000000000, -1.000000000000000000 ) ) ;
#1779 = DIRECTION ( 'NONE',  ( -1.000000000000000000, -0.000000000000000000, -0.000000000000000000 ) ) ;
#1780 = DIRECTION ( 'NONE',  ( -1.000000000000000000, 0.000000000000000000, 0.000000000000000000 ) ) ;
#1781 = DIRECTION ( 'NONE',  ( 0.000000000000000000, 0.000000000000000000, -1.000000000000000000 ) ) ;
#1782 = ORIENTED_EDGE ( 'NONE', *, *, #6596, .T. ) ;
#1783 = ORIENTED_EDGE ( 'NONE', *, *, #6279, .F. ) ;
#1784 = AXIS2_PLACEMENT_3D ( 'NONE', #4508, #6640, #3976 ) ;
#1785 = AXIS2_PLACEMENT_3D ( 'NONE', #3197, #4278, #1653 ) ;
#1786 = EDGE_LOOP ( 'NONE', ( #4771, #272, #1481, #715 ) ) ;
#1787 = DIRECTION ( 'NONE',  ( 0.000000000000000000, 0.000000000000000000, 1.000000000000000000 ) ) ;
#1788 = VECTOR ( 'NONE', #5137, 1000.000000000000000 ) ;
#1789 = DIRECTION ( 'NONE',  ( -1.000000000000000000, 0.000000000000000000, 0.000000000000000000 ) ) ;
#1790 = LINE ( 'NONE', #3426, #2603 ) ;
#1791 = AXIS2_PLACEMENT_3D ( 'NONE', #5453, #2138, #2177 ) ;
#1792 = DIRECTION ( 'NONE',  ( -1.000000000000000000, 0.000000000000000000, 0.000000000000000000 ) ) ;
#1793 = EDGE_LOOP ( 'NONE', ( #5587, #621, #2372, #3171 ) ) ;
#1794 = CIRCLE ( 'NONE', #1452, 2.049999999999996270 ) ;
#1795 = AXIS2_PLACEMENT_3D ( 'NONE', #1689, #3882, #4384 ) ;
#1796 = VECTOR ( 'NONE', #1957, 1000.000000000000000 ) ;
#1797 = CARTESIAN_POINT ( 'NONE',  ( -26.17967389859482097, -6.100000000000005862, -1.699999999999999956 ) ) ;
#1798 = DIRECTION ( 'NONE',  ( -1.000000000000000000, 0.000000000000000000, 0.000000000000000000 ) ) ;
#1799 = CARTESIAN_POINT ( 'NONE',  ( 0.4122776601683184050, -21.00364639817820844, 3.500000000000003109 ) ) ;
#1800 = ORIENTED_EDGE ( 'NONE', *, *, #5134, .T. ) ;
#1801 = VECTOR ( 'NONE', #5902, 1000.000000000000000 ) ;
#1802 = EDGE_CURVE ( 'NONE', #3997, #1607, #2842, .T. ) ;
#1803 = ORIENTED_EDGE ( 'NONE', *, *, #5436, .F. ) ;
#1804 = ORIENTED_EDGE ( 'NONE', *, *, #3396, .T. ) ;
#1805 = ORIENTED_EDGE ( 'NONE', *, *, #5335, .F. ) ;
#1806 = CIRCLE ( 'NONE', #4804, 4.500000000000000000 ) ;
#1807 = CARTESIAN_POINT ( 'NONE',  ( 34.25000000000000711, -12.93565627928923156, -0.5000000000000004441 ) ) ;
#1808 = CARTESIAN_POINT ( 'NONE',  ( 0.4452982224756851792, -23.76078084641090982, 2.153501500399416457 ) ) ;
#1809 = CARTESIAN_POINT ( 'NONE',  ( 31.00000000000005684, -19.50000000000001776, 3.500000000000000000 ) ) ;
#1810 = EDGE_CURVE ( 'NONE', #2905, #4035, #5807, .T. ) ;
#1811 = AXIS2_PLACEMENT_3D ( 'NONE', #3975, #791, #1216 ) ;
#1812 = VERTEX_POINT ( 'NONE', #1943 ) ;
#1813 = VECTOR ( 'NONE', #3749, 1000.000000000000000 ) ;
#1814 = ORIENTED_EDGE ( 'NONE', *, *, #5004, .T. ) ;
#1815 = CARTESIAN_POINT ( 'NONE',  ( 85.00000000000001421, -26.50000000000000000, 1.725000000000000089 ) ) ;
#1816 = AXIS2_PLACEMENT_3D ( 'NONE', #5452, #2739, #6928 ) ;
#1817 = DIRECTION ( 'NONE',  ( -0.9459459459459460540, -0.3243243243243237317, 0.000000000000000000 ) ) ;
#1818 = CARTESIAN_POINT ( 'NONE',  ( 81.00000000000001421, -10.50000000000000711, 3.500000000000003109 ) ) ;
#1819 = AXIS2_PLACEMENT_3D ( 'NONE', #2264, #5321, #5990 ) ;
#1820 = LINE ( 'NONE', #4532, #1249 ) ;
#1821 = EDGE_CURVE ( 'NONE', #5552, #4578, #6862, .T. ) ;
#1822 = CARTESIAN_POINT ( 'NONE',  ( 33.40000000000000568, 0.000000000000000000, 3.500000000000000000 ) ) ;
#1823 = LINE ( 'NONE', #5970, #4793 ) ;
#1824 = ORIENTED_EDGE ( 'NONE', *, *, #6592, .T. ) ;
#1825 = ORIENTED_EDGE ( 'NONE', *, *, #6290, .F. ) ;
#1826 = AXIS2_PLACEMENT_3D ( 'NONE', #1830, #1754, #3956 ) ;
#1827 = CARTESIAN_POINT ( 'NONE',  ( 79.50000000000001421, 0.4999999999999970024, 6.001000000000000334 ) ) ;
#1828 = DIRECTION ( 'NONE',  ( 0.000000000000000000, -1.000000000000000000, 0.000000000000000000 ) ) ;
#1830 = CARTESIAN_POINT ( 'NONE',  ( 0.000000000000000000, 5.867447051098019790E-17, -4.000000000000000000 ) ) ;
#1829 = VECTOR ( 'NONE', #2801, 1000.000000000000000 ) ;
#1831 = CARTESIAN_POINT ( 'NONE',  ( 65.55000000000001137, -16.50000000000000355, -4.000999999999999446 ) ) ;
#1832 = VERTEX_POINT ( 'NONE', #3166 ) ;
#1833 = DIRECTION ( 'NONE',  ( -1.000000000000000000, 0.000000000000000000, 0.000000000000000000 ) ) ;
#1834 = LINE ( 'NONE', #6084, #373 ) ;
#1835 = LINE ( 'NONE', #6653, #877 ) ;
#1836 = VERTEX_POINT ( 'NONE', #6193 ) ;
#1837 = EDGE_CURVE ( 'NONE', #1846, #794, #704, .T. ) ;
#1838 = EDGE_LOOP ( 'NONE', ( #5565, #281, #6705, #1440 ) ) ;
#1839 = EDGE_LOOP ( 'NONE', ( #1718, #2397, #4946, #795, #2694, #4340, #2413, #2463, #1311, #742, #3657 ) ) ;
#1840 = ADVANCED_FACE ( 'NONE', ( #2074 ), #6830, .F. ) ;
#1841 = CARTESIAN_POINT ( 'NONE',  ( 74.60333844267950099, -24.50000000000000000, -0.5000000000000000000 ) ) ;
#1842 = DIRECTION ( 'NONE',  ( -1.000000000000000000, 1.211399075402798040E-16, 0.000000000000000000 ) ) ;
#1843 = ORIENTED_EDGE ( 'NONE', *, *, #3660, .T. ) ;
#1844 = DIRECTION ( 'NONE',  ( 0.000000000000000000, -0.000000000000000000, -1.000000000000000000 ) ) ;
#1845 = VERTEX_POINT ( 'NONE', #1411 ) ;
#1846 = VERTEX_POINT ( 'NONE', #3570 ) ;
#1847 = ADVANCED_FACE ( 'NONE', ( #4686 ), #490, .T. ) ;
#1848 = ADVANCED_FACE ( 'NONE', ( #4176 ), #4590, .F. ) ;
#1849 = CARTESIAN_POINT ( 'NONE',  ( -12.50000000000000355, -8.500000000000007105, 0.5000000000000004441 ) ) ;
#1850 = CARTESIAN_POINT ( 'NONE',  ( 36.44529822247567807, -21.59125456056699122, 2.153501500399451984 ) ) ;
#1851 = CYLINDRICAL_SURFACE ( 'NONE', #1667, 2.049999999999993161 ) ;
#1852 = DIRECTION ( 'NONE',  ( -1.000000000000000000, 0.000000000000000000, 0.000000000000000000 ) ) ;
#1853 = CARTESIAN_POINT ( 'NONE',  ( 1.412277660168318461, -21.00364639817820844, -55.82353258373179727 ) ) ;
#1854 = CARTESIAN_POINT ( 'NONE',  ( 75.05881157815537108, -22.60965866646427358, 3.369155047000509384 ) ) ;
#1855 = VERTEX_POINT ( 'NONE', #1518 ) ;
#1856 = ORIENTED_EDGE ( 'NONE', *, *, #1266, .F. ) ;
#1857 = EDGE_CURVE ( 'NONE', #3625, #6409, #1680, .T. ) ;
#1858 = ADVANCED_FACE ( 'NONE', ( #36 ), #6516, .F. ) ;
#1859 = CARTESIAN_POINT ( 'NONE',  ( 40.61109605065644246, -3.281097546600489689, 6.000000000000000000 ) ) ;
#1860 = CARTESIAN_POINT ( 'NONE',  ( 6.135136208847890238, -18.98413384340919663, 3.500000000000003109 ) ) ;
#1861 = CARTESIAN_POINT ( 'NONE',  ( 75.08195657431868142, -19.56962679211833489, 3.475689398033265043 ) ) ;
#1862 = CARTESIAN_POINT ( 'NONE',  ( 73.67537375900982966, -20.32694737248047545, 3.500000000000000000 ) ) ;
#1863 = ORIENTED_EDGE ( 'NONE', *, *, #3173, .F. ) ;
#1864 = EDGE_CURVE ( 'NONE', #47, #6566, #1055, .T. ) ;
#1865 = CARTESIAN_POINT ( 'NONE',  ( 0.000000000000000000, -19.50000000000000000, -0.5000000000000004441 ) ) ;
#1866 = CARTESIAN_POINT ( 'NONE',  ( -39.37265766372466658, -3.399999999999995914, -4.000000000000000000 ) ) ;
#1867 = DIRECTION ( 'NONE',  ( -1.000000000000000000, 0.000000000000000000, 0.000000000000000000 ) ) ;
#1868 = LINE ( 'NONE', #5531, #6127 ) ;
#1869 = ORIENTED_EDGE ( 'NONE', *, *, #4641, .F. ) ;
#1870 = ORIENTED_EDGE ( 'NONE', *, *, #3167, .T. ) ;
#1871 = VERTEX_POINT ( 'NONE', #2214 ) ;
#1872 = DIRECTION ( 'NONE',  ( 1.000000000000000000, 0.000000000000000000, 0.000000000000000000 ) ) ;
#1873 = CARTESIAN_POINT ( 'NONE',  ( -15.50000000000000000, -3.599999999999995204, 0.000000000000000000 ) ) ;
#1874 = CIRCLE ( 'NONE', #1200, 1.000000000000000888 ) ;
#1875 = PLANE ( 'NONE',  #1763 ) ;
#1876 = VERTEX_POINT ( 'NONE', #4788 ) ;
#1877 = EDGE_LOOP ( 'NONE', ( #4114, #3216, #7, #6305 ) ) ;
#1878 = DIRECTION ( 'NONE',  ( -1.000000000000000000, 0.000000000000000000, 0.000000000000000000 ) ) ;
#1879 = DIRECTION ( 'NONE',  ( -1.000000000000000000, 0.000000000000000000, 0.000000000000000000 ) ) ;
#1880 = CARTESIAN_POINT ( 'NONE',  ( 64.38890394934357175, -3.281097546600490134, 6.000000000000000000 ) ) ;
#1881 = UNCERTAINTY_MEASURE_WITH_UNIT (LENGTH_MEASURE( 1.000000000000000082E-05 ), #3661, 'distance_accuracy_value', 'NONE');
#1882 = CARTESIAN_POINT ( 'NONE',  ( -21.50000000000000000, -1.599999999999994760, 6.000000000000000000 ) ) ;
#1883 = ORIENTED_EDGE ( 'NONE', *, *, #3700, .F. ) ;
#1884 = EDGE_CURVE ( 'NONE', #4985, #2022, #4026, .T. ) ;
#1885 = ORIENTED_EDGE ( 'NONE', *, *, #75, .F. ) ;
#1886 = CARTESIAN_POINT ( 'NONE',  ( 81.00000000000001421, -10.50000000000000711, -0.5000000000000000000 ) ) ;
#1887 = DIRECTION ( 'NONE',  ( -0.000000000000000000, 1.000000000000000000, -0.000000000000000000 ) ) ;
#1888 = CARTESIAN_POINT ( 'NONE',  ( 75.03702674520607729, -19.74297255353428682, 3.243995459393901104 ) ) ;
#1889 = CARTESIAN_POINT ( 'NONE',  ( 44.85374360817894512, -23.50000000000000000, 91.99722379239923953 ) ) ;
#1890 = EDGE_LOOP ( 'NONE', ( #522, #3123, #5334, #6916 ) ) ;
#1891 = VECTOR ( 'NONE', #6069, 1000.000000000000000 ) ;
#1892 = ADVANCED_FACE ( 'NONE', ( #5312 ), #4753, .F. ) ;
#1893 = CIRCLE ( 'NONE', #3010, 1.599999999999997202 ) ;
#1894 = AXIS2_PLACEMENT_3D ( 'NONE', #6047, #3427, #5558 ) ;
#1895 = LINE ( 'NONE', #5238, #1902 ) ;
#1896 = CYLINDRICAL_SURFACE ( 'NONE', #1499, 1.000000000000000000 ) ;
#1897 = CARTESIAN_POINT ( 'NONE',  ( -1.683748498798790960, -14.75000000000000178, -0.5000000000000004441 ) ) ;
#1898 = DIRECTION ( 'NONE',  ( -0.000000000000000000, -0.000000000000000000, -1.000000000000000000 ) ) ;
#1899 = VERTEX_POINT ( 'NONE', #2256 ) ;
#1900 = EDGE_CURVE ( 'NONE', #462, #1294, #3818, .T. ) ;
#1901 = AXIS2_PLACEMENT_3D ( 'NONE', #1515, #6859, #6894 ) ;
#1902 = VECTOR ( 'NONE', #4028, 1000.000000000000000 ) ;
#1903 = CIRCLE ( 'NONE', #5792, 2.000000000000000000 ) ;
#1904 = ORIENTED_EDGE ( 'NONE', *, *, #5606, .T. ) ;
#1905 = AXIS2_PLACEMENT_3D ( 'NONE', #2819, #1276, #2921 ) ;
#1906 = EDGE_LOOP ( 'NONE', ( #1279, #1663 ) ) ;
#1907 = CARTESIAN_POINT ( 'NONE',  ( -5.740332142833193707, -12.50000000000000711, -55.82353258373179727 ) ) ;
#1908 = CARTESIAN_POINT ( 'NONE',  ( 0.4224881418587102533, -23.65279609018243079, 3.457835387832446816 ) ) ;
#1909 = AXIS2_PLACEMENT_3D ( 'NONE', #6687, #3439, #250 ) ;
#1910 = DIRECTION ( 'NONE',  ( -0.000000000000000000, -0.000000000000000000, -1.000000000000000000 ) ) ;
#1911 = ORIENTED_EDGE ( 'NONE', *, *, #5392, .T. ) ;
#1912 = ORIENTED_EDGE ( 'NONE', *, *, #161, .T. ) ;
#1913 = VECTOR ( 'NONE', #5973, 1000.000000000000114 ) ;
#1914 = DIRECTION ( 'NONE',  ( -1.927470528863119295E-16, -1.000000000000000000, 0.000000000000000000 ) ) ;
#1915 = DIRECTION ( 'NONE',  ( -0.000000000000000000, 0.000000000000000000, 1.000000000000000000 ) ) ;
#1916 = CARTESIAN_POINT ( 'NONE',  ( 0.000000000000000000, -19.50000000000000000, -0.5000000000000004441 ) ) ;
#1917 = DIRECTION ( 'NONE',  ( 0.000000000000000000, -1.000000000000000000, 0.000000000000000000 ) ) ;
#1918 = ORIENTED_EDGE ( 'NONE', *, *, #2092, .F. ) ;
#1919 = ORIENTED_EDGE ( 'NONE', *, *, #6845, .T. ) ;
#1920 = AXIS2_PLACEMENT_3D ( 'NONE', #2983, #4583, #6652 ) ;
#1921 = EDGE_CURVE ( 'NONE', #1386, #4263, #4908, .T. ) ;
#1922 = DIRECTION ( 'NONE',  ( 0.000000000000000000, 1.000000000000000000, 0.000000000000000000 ) ) ;
#1923 = DIRECTION ( 'NONE',  ( 1.000000000000000000, -0.000000000000000000, -0.000000000000000000 ) ) ;
#1924 = DIRECTION ( 'NONE',  ( 0.000000000000000000, 0.000000000000000000, -1.000000000000000000 ) ) ;
#1925 = CARTESIAN_POINT ( 'NONE',  ( 93.50000000000001421, -26.50000000000000000, 6.000000000000000000 ) ) ;
#1926 = EDGE_LOOP ( 'NONE', ( #6320, #5812, #5253, #6660 ) ) ;
#1927 = VECTOR ( 'NONE', #4030, 1000.000000000000000 ) ;
#1928 = VERTEX_POINT ( 'NONE', #5914 ) ;
#1929 = CIRCLE ( 'NONE', #2041, 1.599999999999997202 ) ;
#1930 = EDGE_CURVE ( 'NONE', #4692, #4578, #4359, .T. ) ;
#1931 = CARTESIAN_POINT ( 'NONE',  ( 35.25000000000000711, -18.50000000000000000, 3.500000000000003109 ) ) ;
#1932 = CYLINDRICAL_SURFACE ( 'NONE', #558, 2.049999999999996270 ) ;
#1933 = CARTESIAN_POINT ( 'NONE',  ( 48.57143374141650582, -10.50000000000000711, -0.5000000000000004441 ) ) ;
#1934 = CYLINDRICAL_SURFACE ( 'NONE', #2037, 3.250000000000000888 ) ;
#1935 = CARTESIAN_POINT ( 'NONE',  ( -22.50000000000000000, -24.00000000000001421, 5.000000000000007994 ) ) ;
#1936 = ORIENTED_EDGE ( 'NONE', *, *, #5946, .T. ) ;
#1937 = VERTEX_POINT ( 'NONE', #1165 ) ;
#1938 = ORIENTED_EDGE ( 'NONE', *, *, #6935, .F. ) ;
#1939 = EDGE_CURVE ( 'NONE', #5499, #92, #1794, .T. ) ;
#1940 = CARTESIAN_POINT ( 'NONE',  ( -1.582575694955842938, -18.50000000000000000, 91.99722379239923953 ) ) ;
#1941 = EDGE_CURVE ( 'NONE', #4013, #1317, #4387, .T. ) ;
#1942 = VECTOR ( 'NONE', #3477, 1000.000000000000000 ) ;
#1943 = CARTESIAN_POINT ( 'NONE',  ( -29.00000000000000000, -7.000000000000004441, 4.000000000000000888 ) ) ;
#1944 = DIRECTION ( 'NONE',  ( 0.000000000000000000, 0.000000000000000000, 1.000000000000000000 ) ) ;
#1945 = ORIENTED_EDGE ( 'NONE', *, *, #1473, .T. ) ;
#1946 = ORIENTED_EDGE ( 'NONE', *, *, #1837, .T. ) ;
#1947 = CARTESIAN_POINT ( 'NONE',  ( -25.50000000000000355, -21.00000000000001066, -9.718927473138723627 ) ) ;
#1948 = FACE_OUTER_BOUND ( 'NONE', #2306, .T. ) ;
#1949 = CARTESIAN_POINT ( 'NONE',  ( 32.25000000000000711, -23.20115786999287266, -55.82353258373179727 ) ) ;
#1950 = CARTESIAN_POINT ( 'NONE',  ( -12.50000000000000355, -8.500000000000007105, -17.93908891458577060 ) ) ;
#1951 = ORIENTED_EDGE ( 'NONE', *, *, #662, .T. ) ;
#1952 = ORIENTED_EDGE ( 'NONE', *, *, #1233, .F. ) ;
#1953 = EDGE_CURVE ( 'NONE', #6111, #2490, #561, .T. ) ;
#1954 = CARTESIAN_POINT ( 'NONE',  ( -25.50000000000000355, -21.00000000000001066, 4.999999999999988454 ) ) ;
#1955 = DIRECTION ( 'NONE',  ( -1.000000000000000000, 0.000000000000000000, 0.000000000000000000 ) ) ;
#1956 = DIRECTION ( 'NONE',  ( -0.9459459459459460540, -0.3243243243243237317, 0.000000000000000000 ) ) ;
#1957 = DIRECTION ( 'NONE',  ( -0.000000000000000000, -0.000000000000000000, 1.000000000000000000 ) ) ;
#1958 = EDGE_LOOP ( 'NONE', ( #5062, #4625, #3724, #2282 ) ) ;
#1959 = ORIENTED_EDGE ( 'NONE', *, *, #4096, .F. ) ;
#1960 = DIRECTION ( 'NONE',  ( 0.000000000000000000, 0.000000000000000000, 1.000000000000000000 ) ) ;
#1961 = CARTESIAN_POINT ( 'NONE',  ( 43.85374360817894512, -23.50000000000000000, 91.99722379239923953 ) ) ;
#1962 = CARTESIAN_POINT ( 'NONE',  ( -25.50000000000000355, -3.399999999999995914, 4.000000000000000000 ) ) ;
#1963 = CYLINDRICAL_SURFACE ( 'NONE', #1141, 1.000000000000000000 ) ;
#1964 = CARTESIAN_POINT ( 'NONE',  ( 86.31826857315519419, 4.500000000000002665, 0.000000000000000000 ) ) ;
#1965 = VERTEX_POINT ( 'NONE', #1728 ) ;
#1966 = EDGE_CURVE ( 'NONE', #2050, #1762, #5580, .T. ) ;
#1967 = VERTEX_POINT ( 'NONE', #4277 ) ;
#1968 = DIRECTION ( 'NONE',  ( 1.000000000000000000, 0.000000000000000000, 0.000000000000000000 ) ) ;
#1969 = DIRECTION ( 'NONE',  ( 0.000000000000000000, 0.000000000000000000, 1.000000000000000000 ) ) ;
#1970 = CYLINDRICAL_SURFACE ( 'NONE', #871, 1.000000000000000888 ) ;
#1971 = DIRECTION ( 'NONE',  ( 1.000000000000000000, -3.469446951953614189E-15, 0.000000000000000000 ) ) ;
#1972 = ORIENTED_EDGE ( 'NONE', *, *, #4924, .F. ) ;
#1973 = ADVANCED_FACE ( 'NONE', ( #4894 ), #107, .F. ) ;
#1974 = ADVANCED_FACE ( 'NONE', ( #5394 ), #600, .F. ) ;
#1975 = ORIENTED_EDGE ( 'NONE', *, *, #4611, .T. ) ;
#1976 = PLANE ( 'NONE',  #5355 ) ;
#1977 = DIRECTION ( 'NONE',  ( -0.000000000000000000, -0.000000000000000000, -1.000000000000000000 ) ) ;
#1978 = LINE ( 'NONE', #4109, #6057 ) ;
#1979 = CARTESIAN_POINT ( 'NONE',  ( 63.50000000000001421, -16.50000000000000355, 3.500000000000003109 ) ) ;
#1980 = MECHANICAL_DESIGN_GEOMETRIC_PRESENTATION_REPRESENTATION (  '', ( #6555 ), #4988 ) ;
#1981 = ORIENTED_EDGE ( 'NONE', *, *, #1304, .F. ) ;
#1982 = AXIS2_PLACEMENT_3D ( 'NONE', #155, #3342, #3411 ) ;
#1983 = EDGE_CURVE ( 'NONE', #5185, #3444, #6407, .T. ) ;
#1984 = ORIENTED_EDGE ( 'NONE', *, *, #2056, .T. ) ;
#1985 = DIRECTION ( 'NONE',  ( 0.000000000000000000, 0.000000000000000000, 1.000000000000000000 ) ) ;
#1986 = CARTESIAN_POINT ( 'NONE',  ( 2.000000000000000444, -0.5999999999999998668, 3.500000000000000000 ) ) ;
#1987 = LINE ( 'NONE', #4118, #1265 ) ;
#1988 = DIRECTION ( 'NONE',  ( 0.000000000000000000, 0.000000000000000000, -1.000000000000000000 ) ) ;
#1989 = ORIENTED_EDGE ( 'NONE', *, *, #4032, .F. ) ;
#1990 = AXIS2_PLACEMENT_3D ( 'NONE', #3482, #5512, #6132 ) ;
#1991 = ORIENTED_EDGE ( 'NONE', *, *, #6204, .T. ) ;
#1992 = DIRECTION ( 'NONE',  ( 0.000000000000000000, -0.000000000000000000, 1.000000000000000000 ) ) ;
#1993 = CARTESIAN_POINT ( 'NONE',  ( 30.08772233983155431, -20.09042769776575810, 4.914213562373096700 ) ) ;
#1994 = CARTESIAN_POINT ( 'NONE',  ( -11.50000000000000533, -12.50000000000000178, 0.5000000000000004441 ) ) ;
#1995 = EDGE_CURVE ( 'NONE', #1199, #5874, #4239, .T. ) ;
#1996 = DIRECTION ( 'NONE',  ( 0.000000000000000000, -1.000000000000000000, 0.000000000000000000 ) ) ;
#1997 = VECTOR ( 'NONE', #2620, 1000.000000000000000 ) ;
#1998 = DIRECTION ( 'NONE',  ( -0.000000000000000000, 1.000000000000000000, -0.000000000000000000 ) ) ;
#1999 = VERTEX_POINT ( 'NONE', #4308 ) ;
#2000 = VECTOR ( 'NONE', #1914, 1000.000000000000000 ) ;
#2001 = EDGE_LOOP ( 'NONE', ( #6030, #5873, #3312, #4164 ) ) ;
#2002 = VECTOR ( 'NONE', #1444, 1000.000000000000000 ) ;
#2003 = VECTOR ( 'NONE', #3333, 1000.000000000000000 ) ;
#2004 = VERTEX_POINT ( 'NONE', #2636 ) ;
#2005 = FACE_OUTER_BOUND ( 'NONE', #2373, .T. ) ;
#2006 = LINE ( 'NONE', #2605, #5281 ) ;
#2007 = ADVANCED_FACE ( 'NONE', ( #6370 ), #706, .F. ) ;
#2008 = CIRCLE ( 'NONE', #2237, 1.000000000000000000 ) ;
#2009 = FACE_OUTER_BOUND ( 'NONE', #5064, .T. ) ;
#2010 = AXIS2_PLACEMENT_3D ( 'NONE', #6936, #2667, #4237 ) ;
#2011 = CYLINDRICAL_SURFACE ( 'NONE', #520, 4.000000000000000000 ) ;
#2012 = AXIS2_PLACEMENT_3D ( 'NONE', #4998, #2325, #4452 ) ;
#2013 = ORIENTED_EDGE ( 'NONE', *, *, #2298, .F. ) ;
#2014 = ORIENTED_EDGE ( 'NONE', *, *, #1758, .T. ) ;
#2015 = AXIS2_PLACEMENT_3D ( 'NONE', #6679, #3960, #1237 ) ;
#2016 = EDGE_LOOP ( 'NONE', ( #1885, #6491, #1534, #3232, #5502, #3963 ) ) ;
#2017 = CARTESIAN_POINT ( 'NONE',  ( 68.48732929018946436, -16.85573382074009530, -0.5000000000000004441 ) ) ;
#2018 = ADVANCED_FACE ( 'NONE', ( #2855 ), #6620, .F. ) ;
#2019 = CARTESIAN_POINT ( 'NONE',  ( -5.849999999999992539, -16.50000000000000000, -0.5000000000000004441 ) ) ;
#2020 = LINE ( 'NONE', #1916, #2702 ) ;
#2021 = LINE ( 'NONE', #4151, #6344 ) ;
#2022 = VERTEX_POINT ( 'NONE', #2883 ) ;
#2023 = AXIS2_PLACEMENT_3D ( 'NONE', #6626, #2401, #152 ) ;
#2024 = VERTEX_POINT ( 'NONE', #5530 ) ;
#2025 = AXIS2_PLACEMENT_3D ( 'NONE', #4668, #2027, #6388 ) ;
#2026 = EDGE_CURVE ( 'NONE', #3163, #4658, #6699, .T. ) ;
#2027 = DIRECTION ( 'NONE',  ( -1.211399075402798040E-16, -1.000000000000000000, 0.000000000000000000 ) ) ;
#2028 = DIRECTION ( 'NONE',  ( 0.000000000000000000, -1.000000000000000000, 0.000000000000000000 ) ) ;
#2029 = CARTESIAN_POINT ( 'NONE',  ( 33.24999999999992895, -21.50000000000000000, 0.7000000000000066169 ) ) ;
#2030 = DIRECTION ( 'NONE',  ( 0.000000000000000000, 0.000000000000000000, 1.000000000000000000 ) ) ;
#2031 = ORIENTED_EDGE ( 'NONE', *, *, #2488, .F. ) ;
#2032 = ORIENTED_EDGE ( 'NONE', *, *, #1296, .F. ) ;
#2033 = CARTESIAN_POINT ( 'NONE',  ( -4.500000000000000000, -1.599999999999995870, 3.500000000000003109 ) ) ;
#2034 = DIRECTION ( 'NONE',  ( 0.000000000000000000, 0.000000000000000000, 1.000000000000000000 ) ) ;
#2035 = DIRECTION ( 'NONE',  ( -1.000000000000000000, 0.000000000000000000, 0.000000000000000000 ) ) ;
#2037 = AXIS2_PLACEMENT_3D ( 'NONE', #6185, #3309, #1207 ) ;
#2036 = LINE ( 'NONE', #412, #5494 ) ;
#2038 = CARTESIAN_POINT ( 'NONE',  ( 28.68607244643995458, -1.408658527960294560, 1.000000000000000000 ) ) ;
#2039 = ORIENTED_EDGE ( 'NONE', *, *, #5429, .T. ) ;
#2040 = VERTEX_POINT ( 'NONE', #5497 ) ;
#2041 = AXIS2_PLACEMENT_3D ( 'NONE', #337, #4636, #2590 ) ;
#2042 = CARTESIAN_POINT ( 'NONE',  ( -22.50000000000000000, -1.599999999999995648, -4.000000000000000000 ) ) ;
#2043 = ADVANCED_FACE ( 'NONE', ( #3884 ), #244, .F. ) ;
#2044 = DIRECTION ( 'NONE',  ( 0.000000000000000000, 0.000000000000000000, -1.000000000000000000 ) ) ;
#2045 = EDGE_CURVE ( 'NONE', #6086, #1065, #275, .T. ) ;
#2046 = CARTESIAN_POINT ( 'NONE',  ( 30.01374681443200743, -21.70819627670681129, 3.058267972562368708 ) ) ;
#2047 = VECTOR ( 'NONE', #4073, 1000.000000000000000 ) ;
#2048 = EDGE_LOOP ( 'NONE', ( #4832, #3076, #6754, #1981 ) ) ;
#2049 = EDGE_LOOP ( 'NONE', ( #3042, #5901, #5865, #303, #6504, #3437 ) ) ;
#2050 = VERTEX_POINT ( 'NONE', #6578 ) ;
#2051 = DIRECTION ( 'NONE',  ( 1.000000000000000000, 0.000000000000000000, 0.000000000000000000 ) ) ;
#2052 = DIRECTION ( 'NONE',  ( 0.000000000000000000, 0.000000000000000000, -1.000000000000000000 ) ) ;
#2053 = CARTESIAN_POINT ( 'NONE',  ( -29.00000000000000000, -7.000000000000004441, 4.000000000000000888 ) ) ;
#2054 = EDGE_LOOP ( 'NONE', ( #6564, #2858, #5928, #5244, #2686, #1168, #986 ) ) ;
#2055 = ORIENTED_EDGE ( 'NONE', *, *, #1245, .F. ) ;
#2056 = EDGE_CURVE ( 'NONE', #4304, #6330, #4936, .T. ) ;
#2057 = EDGE_CURVE ( 'NONE', #3494, #3083, #2294, .T. ) ;
#2058 = FACE_OUTER_BOUND ( 'NONE', #510, .T. ) ;
#2059 = FACE_OUTER_BOUND ( 'NONE', #5693, .T. ) ;
#2060 = LINE ( 'NONE', #962, #2270 ) ;
#2061 = FACE_OUTER_BOUND ( 'NONE', #5474, .T. ) ;
#2062 = ORIENTED_EDGE ( 'NONE', *, *, #733, .T. ) ;
#2063 = EDGE_LOOP ( 'NONE', ( #3714, #853, #3102, #4083 ) ) ;
#2064 = ADVANCED_FACE ( 'NONE', ( #207 ), #4547, .F. ) ;
#2065 = EDGE_CURVE ( 'NONE', #4813, #3479, #928, .T. ) ;
#2066 = FACE_OUTER_BOUND ( 'NONE', #3910, .T. ) ;
#2067 = DIRECTION ( 'NONE',  ( 1.000000000000000000, 0.000000000000000000, 0.000000000000000000 ) ) ;
#2068 = CARTESIAN_POINT ( 'NONE',  ( 54.81894612933521671, -15.79761910744664455, 3.500000000000003109 ) ) ;
#2069 = LINE ( 'NONE', #4170, #5463 ) ;
#2070 = VERTEX_POINT ( 'NONE', #4518 ) ;
#2071 = ADVANCED_FACE ( 'NONE', ( #6651 ), #2357, .F. ) ;
#2072 = ORIENTED_EDGE ( 'NONE', *, *, #2452, .F. ) ;
#2073 = DIRECTION ( 'NONE',  ( -0.000000000000000000, -0.000000000000000000, -1.000000000000000000 ) ) ;
#2074 = FACE_OUTER_BOUND ( 'NONE', #6006, .T. ) ;
#2075 = LINE ( 'NONE', #2940, #4230 ) ;
#2076 = ADVANCED_FACE ( 'NONE', ( #4451 ), #6052, .F. ) ;
#2077 = CARTESIAN_POINT ( 'NONE',  ( 44.59807066037252099, -22.53323666610696563, -0.5000000000000004441 ) ) ;
#2078 = ORIENTED_EDGE ( 'NONE', *, *, #1527, .F. ) ;
#2079 = ORIENTED_EDGE ( 'NONE', *, *, #5400, .T. ) ;
#2080 = EDGE_LOOP ( 'NONE', ( #4135, #3470, #4947, #1551, #6042, #897, #2593 ) ) ;
#2081 = FACE_BOUND ( 'NONE', #2923, .T. ) ;
#2082 = DIRECTION ( 'NONE',  ( -0.000000000000000000, 0.000000000000000000, 1.000000000000000000 ) ) ;
#2083 = LINE ( 'NONE', #4732, #294 ) ;
#2084 = ORIENTED_EDGE ( 'NONE', *, *, #425, .F. ) ;
#2085 = ORIENTED_EDGE ( 'NONE', *, *, #4621, .F. ) ;
#2086 = LINE ( 'NONE', #6875, #334 ) ;
#2087 = VECTOR ( 'NONE', #4431, 1000.000000000000000 ) ;
#2088 = CARTESIAN_POINT ( 'NONE',  ( 37.41227766016831424, -21.33047371415610627, 3.500000000000003109 ) ) ;
#2089 = EDGE_CURVE ( 'NONE', #1400, #4564, #1340, .T. ) ;
#2090 = CARTESIAN_POINT ( 'NONE',  ( 30.02862886259935848, -20.22205197715694069, 3.250840022784461159 ) ) ;
#2092 = EDGE_CURVE ( 'NONE', #5519, #1836, #1834, .T. ) ;
#2091 = VECTOR ( 'NONE', #284, 1000.000000000000000 ) ;
#2093 = LINE ( 'NONE', #1672, #6931 ) ;
#2094 = CARTESIAN_POINT ( 'NONE',  ( 6.918920261059859911, -19.60516730426149579, -0.5000000000000004441 ) ) ;
#2095 = EDGE_LOOP ( 'NONE', ( #4701, #3357, #5636, #749, #5293, #6676 ) ) ;
#2096 = ORIENTED_EDGE ( 'NONE', *, *, #6149, .F. ) ;
#2097 = CARTESIAN_POINT ( 'NONE',  ( 0.000000000000000000, 0.000000000000000000, 0.5000000000000000000 ) ) ;
#2098 = FACE_OUTER_BOUND ( 'NONE', #2314, .T. ) ;
#2099 = CARTESIAN_POINT ( 'NONE',  ( 74.60333844267950099, -24.50000000000000000, -0.5000000000000143219 ) ) ;
#2100 = EDGE_CURVE ( 'NONE', #3733, #5566, #5561, .T. ) ;
#2101 = CARTESIAN_POINT ( 'NONE',  ( 75.01909820294729059, -22.59052552441420048, 3.101814692419273989 ) ) ;
#2102 = ORIENTED_EDGE ( 'NONE', *, *, #6891, .F. ) ;
#2103 = ORIENTED_EDGE ( 'NONE', *, *, #1331, .T. ) ;
#2104 = VECTOR ( 'NONE', #6199, 1000.000000000000000 ) ;
#2105 = AXIS2_PLACEMENT_3D ( 'NONE', #6673, #5688, #961 ) ;
#2106 = DIRECTION ( 'NONE',  ( 1.000000000000000000, 0.000000000000000000, -0.000000000000000000 ) ) ;
#2107 = DIRECTION ( 'NONE',  ( -1.000000000000000000, 3.552713678800501718E-15, 0.000000000000000000 ) ) ;
#2108 = ADVANCED_FACE ( 'NONE', ( #4418 ), #1896, .F. ) ;
#2109 = CARTESIAN_POINT ( 'NONE',  ( -16.50000000000000355, -8.500000000000007105, 2.000000000000000000 ) ) ;
#2110 =( NAMED_UNIT ( * ) PLANE_ANGLE_UNIT ( ) SI_UNIT ( $, .RADIAN. ) );
#2111 = AXIS2_PLACEMENT_3D ( 'NONE', #2988, #6221, #3636 ) ;
#2112 = ORIENTED_EDGE ( 'NONE', *, *, #1939, .F. ) ;
#2113 = VECTOR ( 'NONE', #917, 1000.000000000000000 ) ;
#2114 = ORIENTED_EDGE ( 'NONE', *, *, #590, .T. ) ;
#2115 = CARTESIAN_POINT ( 'NONE',  ( 79.19607361829122283, -24.50000000000000000, 3.500000000000000000 ) ) ;
#2116 = AXIS2_PLACEMENT_3D ( 'NONE', #3959, #6051, #243 ) ;
#2117 = CARTESIAN_POINT ( 'NONE',  ( 7.105894418672759727, -13.64664565419717945, 3.500000000000003109 ) ) ;
#2118 = VECTOR ( 'NONE', #2358, 1000.000000000000000 ) ;
#2119 = CARTESIAN_POINT ( 'NONE',  ( 30.02862886259896413, -20.22205197715888403, 2.249159977219042705 ) ) ;
#2120 = DIRECTION ( 'NONE',  ( -1.000000000000000000, 0.000000000000000000, 0.000000000000000000 ) ) ;
#2121 = VERTEX_POINT ( 'NONE', #670 ) ;
#2122 = ORIENTED_EDGE ( 'NONE', *, *, #6662, .F. ) ;
#2123 = AXIS2_PLACEMENT_3D ( 'NONE', #6571, #5526, #1792 ) ;
#2124 = CARTESIAN_POINT ( 'NONE',  ( -27.50000000000000000, -1.599999999999994760, 4.000000000000000000 ) ) ;
#2125 = CARTESIAN_POINT ( 'NONE',  ( -15.49999999999999822, -7.500000000000016875, -1.700000000000000178 ) ) ;
#2126 = DIRECTION ( 'NONE',  ( -0.000000000000000000, -0.000000000000000000, -1.000000000000000000 ) ) ;
#2127 = AXIS2_PLACEMENT_3D ( 'NONE', #2752, #4798, #2785 ) ;
#2128 = DIRECTION ( 'NONE',  ( 0.000000000000000000, 0.000000000000000000, 1.000000000000000000 ) ) ;
#2129 = CARTESIAN_POINT ( 'NONE',  ( 62.63182519208454835, 1.399999999999995914, 6.000000000000000000 ) ) ;
#2130 = VERTEX_POINT ( 'NONE', #864 ) ;
#2131 = VERTEX_POINT ( 'NONE', #4715 ) ;
#2132 = ORIENTED_EDGE ( 'NONE', *, *, #1802, .T. ) ;
#2133 = AXIS2_PLACEMENT_3D ( 'NONE', #5328, #4845, #18 ) ;
#2134 = ADVANCED_FACE ( 'NONE', ( #5698 ), #1404, .T. ) ;
#2135 = DIRECTION ( 'NONE',  ( -0.000000000000000000, -1.000000000000000000, -0.000000000000000000 ) ) ;
#2136 = DIRECTION ( 'NONE',  ( 0.000000000000000000, 0.000000000000000000, 1.000000000000000000 ) ) ;
#2137 = CARTESIAN_POINT ( 'NONE',  ( 76.00000000000001421, 4.500000000000005329, 3.000000000000000000 ) ) ;
#2138 = DIRECTION ( 'NONE',  ( -0.7071067811865475727, -0.7071067811865475727, 0.000000000000000000 ) ) ;
#2139 = ORIENTED_EDGE ( 'NONE', *, *, #4325, .F. ) ;
#2140 = AXIS2_PLACEMENT_3D ( 'NONE', #4184, #2160, #498 ) ;
#2141 = ORIENTED_EDGE ( 'NONE', *, *, #8, .T. ) ;
#2142 = EDGE_CURVE ( 'NONE', #5105, #3508, #6178, .T. ) ;
#2143 = EDGE_CURVE ( 'NONE', #1052, #5594, #3527, .T. ) ;
#2144 = AXIS2_PLACEMENT_3D ( 'NONE', #2599, #1478, #3528 ) ;
#2145 = DIRECTION ( 'NONE',  ( 1.000000000000000000, 0.000000000000000000, 0.000000000000000000 ) ) ;
#2146 = DIRECTION ( 'NONE',  ( 0.000000000000000000, 0.000000000000000000, 1.000000000000000000 ) ) ;
#2147 = CARTESIAN_POINT ( 'NONE',  ( 86.31826857315519419, 4.500000000000005329, 6.000000000000000000 ) ) ;
#2148 = PRODUCT_CONTEXT ( 'NONE', #273, 'mechanical' ) ;
#2149 = VERTEX_POINT ( 'NONE', #1962 ) ;
#2150 = ORIENTED_EDGE ( 'NONE', *, *, #3421, .F. ) ;
#2151 = AXIS2_PLACEMENT_3D ( 'NONE', #6709, #4086, #1502 ) ;
#2152 = ORIENTED_EDGE ( 'NONE', *, *, #4009, .T. ) ;
#2153 = VECTOR ( 'NONE', #3308, 1000.000000000000000 ) ;
#2154 = EDGE_CURVE ( 'NONE', #5193, #738, #3628, .T. ) ;
#2155 = EDGE_CURVE ( 'NONE', #445, #6547, #1476, .T. ) ;
#2156 = ORIENTED_EDGE ( 'NONE', *, *, #733, .F. ) ;
#2157 = LINE ( 'NONE', #5922, #6820 ) ;
#2158 = CARTESIAN_POINT ( 'NONE',  ( 11.68105387066481526, -15.79761910744664100, -0.5000000000000004441 ) ) ;
#2159 = VECTOR ( 'NONE', #3544, 1000.000000000000000 ) ;
#2160 = DIRECTION ( 'NONE',  ( 0.000000000000000000, 0.000000000000000000, 1.000000000000000000 ) ) ;
#2161 = DIRECTION ( 'NONE',  ( -0.000000000000000000, -0.000000000000000000, -1.000000000000000000 ) ) ;
#2162 = AXIS2_PLACEMENT_3D ( 'NONE', #2496, #939, #2035 ) ;
#2163 = ORIENTED_EDGE ( 'NONE', *, *, #3549, .T. ) ;
#2164 = ORIENTED_EDGE ( 'NONE', *, *, #5801, .F. ) ;
#2165 = ADVANCED_FACE ( 'NONE', ( #2597 ), #4679, .F. ) ;
#2166 = DIRECTION ( 'NONE',  ( 0.000000000000000000, 1.000000000000000000, 0.000000000000000000 ) ) ;
#2167 = DIRECTION ( 'NONE',  ( -1.000000000000000000, 0.000000000000000000, 0.000000000000000000 ) ) ;
#2168 = DIRECTION ( 'NONE',  ( 0.000000000000000000, -0.000000000000000000, 1.000000000000000000 ) ) ;
#2169 = DIRECTION ( 'NONE',  ( -0.000000000000000000, -0.000000000000000000, -1.000000000000000000 ) ) ;
#2170 = CARTESIAN_POINT ( 'NONE',  ( 6.114882014779136732, -3.440377792556333691, 6.000000000000000000 ) ) ;
#2171 = VERTEX_POINT ( 'NONE', #905 ) ;
#2172 = VERTEX_POINT ( 'NONE', #2982 ) ;
#2173 = ORIENTED_EDGE ( 'NONE', *, *, #4236, .F. ) ;
#2174 = DIRECTION ( 'NONE',  ( -1.000000000000000000, 0.000000000000000000, 0.000000000000000000 ) ) ;
#2175 = FACE_OUTER_BOUND ( 'NONE', #4608, .T. ) ;
#2176 = CARTESIAN_POINT ( 'NONE',  ( 44.85374360817894512, -23.50000000000000000, -0.5000000000000004441 ) ) ;
#2177 = DIRECTION ( 'NONE',  ( 0.7071067811865474617, -0.7071067811865474617, 0.000000000000000000 ) ) ;
#2178 = ORIENTED_EDGE ( 'NONE', *, *, #6038, .T. ) ;
#2179 = ORIENTED_EDGE ( 'NONE', *, *, #999, .F. ) ;
#2180 = CARTESIAN_POINT ( 'NONE',  ( 65.57909511525072332, 0.8399999999999988587, 0.000000000000000000 ) ) ;
#2181 = CARTESIAN_POINT ( 'NONE',  ( -13.93795006481866494, -7.500000000000016875, -0.4999999999999987232 ) ) ;
#2182 = CARTESIAN_POINT ( 'NONE',  ( 73.01182432432433700, -12.44594594594595272, 3.500000000000000000 ) ) ;
#2183 = ORIENTED_EDGE ( 'NONE', *, *, #1995, .F. ) ;
#2184 = EDGE_CURVE ( 'NONE', #1038, #6565, #5503, .T. ) ;
#2185 = ORIENTED_EDGE ( 'NONE', *, *, #4871, .F. ) ;
#2186 = ORIENTED_EDGE ( 'NONE', *, *, #6710, .T. ) ;
#2187 = LINE ( 'NONE', #3307, #4243 ) ;
#2188 = DIRECTION ( 'NONE',  ( -1.000000000000000000, 0.000000000000000000, 0.000000000000000000 ) ) ;
#2189 = DIRECTION ( 'NONE',  ( 0.000000000000000000, 0.000000000000000000, 1.000000000000000000 ) ) ;
#2190 = FACE_BOUND ( 'NONE', #1191, .T. ) ;
#2191 = ADVANCED_FACE ( 'NONE', ( #6293 ), #5101, .T. ) ;
#2192 = EDGE_CURVE ( 'NONE', #3539, #4575, #2393, .T. ) ;
#2193 = ORIENTED_EDGE ( 'NONE', *, *, #3095, .F. ) ;
#2194 = ORIENTED_EDGE ( 'NONE', *, *, #6242, .T. ) ;
#2195 = LINE ( 'NONE', #4324, #5438 ) ;
#2196 = DIRECTION ( 'NONE',  ( 1.000000000000000000, 0.000000000000000000, -0.000000000000000000 ) ) ;
#2197 = DIRECTION ( 'NONE',  ( -0.000000000000000000, -0.000000000000000000, 1.000000000000000000 ) ) ;
#2198 = DIRECTION ( 'NONE',  ( 0.000000000000000000, -1.000000000000000000, 0.000000000000000000 ) ) ;
#2199 = ADVANCED_FACE ( 'NONE', ( #5171 ), #6184, .F. ) ;
#2200 = DIRECTION ( 'NONE',  ( -0.000000000000000000, 1.000000000000000000, -0.000000000000000000 ) ) ;
#2201 = FACE_OUTER_BOUND ( 'NONE', #2261, .T. ) ;
#2202 = ORIENTED_EDGE ( 'NONE', *, *, #2757, .T. ) ;
#2203 = ORIENTED_EDGE ( 'NONE', *, *, #2797, .F. ) ;
#2204 = B_SPLINE_CURVE_WITH_KNOTS ( 'NONE', 3,
 ( #5771, #2568, #6334, #790, #1548, #5058, #5212, #4139, #2536, #2046, #6863, #3675, #6266, #2508, #6897, #1486 ),
 .UNSPECIFIED., .F., .F.,
 ( 4, 2, 2, 2, 2, 2, 2, 4 ),
 ( 0.000000000000000000, 0.0002350213895223154427, 0.0004700427790446308853, 0.0009400855580892617707, 0.001175106947611576427, 0.001410128337133891409, 0.001645149726656205957, 0.001880171116178520939 ),
 .UNSPECIFIED. ) ;
#2205 = ORIENTED_EDGE ( 'NONE', *, *, #4119, .F. ) ;
#2206 = VECTOR ( 'NONE', #4140, 1000.000000000000000 ) ;
#2207 = CARTESIAN_POINT ( 'NONE',  ( -5.500000000000000000, -3.599999999999995648, -11.89803902718557005 ) ) ;
#2208 = FACE_OUTER_BOUND ( 'NONE', #4999, .T. ) ;
#2209 = DIRECTION ( 'NONE',  ( 0.000000000000000000, -1.000000000000000000, 0.000000000000000000 ) ) ;
#2210 = CARTESIAN_POINT ( 'NONE',  ( 35.25000000000000711, -19.50000000000000000, -0.5000000000000004441 ) ) ;
#2211 = VERTEX_POINT ( 'NONE', #411 ) ;
#2212 = CARTESIAN_POINT ( 'NONE',  ( 85.00000000000001421, -8.500000000000003553, -0.5000000000000000000 ) ) ;
#2213 = CARTESIAN_POINT ( 'NONE',  ( 64.38890394934357175, -3.281097546600490134, 3.000000000000000444 ) ) ;
#2214 = CARTESIAN_POINT ( 'NONE',  ( -10.49999999999999822, -3.599999999999995648, -4.000000000000000000 ) ) ;
#2215 = ADVANCED_FACE ( 'NONE', ( #3056 ), #4128, .F. ) ;
#2216 = CARTESIAN_POINT ( 'NONE',  ( -3.849999999999992095, -11.49702692197741527, -55.82353258373179727 ) ) ;
#2217 = VERTEX_POINT ( 'NONE', #2558 ) ;
#2218 = VERTEX_POINT ( 'NONE', #346 ) ;
#2219 = EDGE_LOOP ( 'NONE', ( #1552, #2185, #2655, #5214, #1657 ) ) ;
#2220 = CIRCLE ( 'NONE', #3659, 1.000000000000000888 ) ;
#2221 = EDGE_LOOP ( 'NONE', ( #6597, #954, #3633, #2832 ) ) ;
#2222 = EDGE_CURVE ( 'NONE', #683, #5185, #381, .T. ) ;
#2223 = DIRECTION ( 'NONE',  ( 1.000000000000000000, 0.000000000000000000, 0.000000000000000000 ) ) ;
#2224 = DIRECTION ( 'NONE',  ( -0.000000000000000000, -0.000000000000000000, -1.000000000000000000 ) ) ;
#2225 = DIRECTION ( 'NONE',  ( 0.000000000000000000, 0.000000000000000000, 1.000000000000000000 ) ) ;
#2226 = ORIENTED_EDGE ( 'NONE', *, *, #5758, .F. ) ;
#2227 = DIRECTION ( 'NONE',  ( -1.000000000000000000, 1.084202172485504434E-16, 2.765869060758321858E-33 ) ) ;
#2228 = ORIENTED_EDGE ( 'NONE', *, *, #1211, .T. ) ;
#2229 = EDGE_LOOP ( 'NONE', ( #4322, #2575, #2173, #765, #1362 ) ) ;
#2230 = VECTOR ( 'NONE', #5797, 1000.000000000000114 ) ;
#2231 = EDGE_CURVE ( 'NONE', #470, #529, #1154, .T. ) ;
#2232 = DIRECTION ( 'NONE',  ( -0.000000000000000000, -0.000000000000000000, -1.000000000000000000 ) ) ;
#2233 = CARTESIAN_POINT ( 'NONE',  ( 36.41227766016831424, -21.33047371415610627, 2.000000000000012879 ) ) ;
#2234 = CARTESIAN_POINT ( 'NONE',  ( -22.50000000000000000, -7.000000000000004441, 4.000000000000000888 ) ) ;
#2235 = DIRECTION ( 'NONE',  ( 0.000000000000000000, 0.000000000000000000, -1.000000000000000000 ) ) ;
#2236 = CARTESIAN_POINT ( 'NONE',  ( -27.75000000000001421, -7.000000000000004441, 2.750000000000020872 ) ) ;
#2237 = AXIS2_PLACEMENT_3D ( 'NONE', #5115, #2997, #1288 ) ;
#2238 = CARTESIAN_POINT ( 'NONE',  ( 35.25000000000000711, -12.93565627928923156, -55.82353258373179727 ) ) ;
#2239 = AXIS2_PLACEMENT_3D ( 'NONE', #1931, #2422, #6749 ) ;
#2240 = VERTEX_POINT ( 'NONE', #3119 ) ;
#2241 = AXIS2_PLACEMENT_3D ( 'NONE', #2094, #4883, #5377 ) ;
#2242 = ORIENTED_EDGE ( 'NONE', *, *, #4282, .T. ) ;
#2243 = EDGE_LOOP ( 'NONE', ( #2179, #5643, #4253, #4841, #2183, #5926, #6430, #3151 ) ) ;
#2244 = EDGE_CURVE ( 'NONE', #6211, #3253, #1376, .T. ) ;
#2245 = ADVANCED_FACE ( 'NONE', ( #4197 ), #6323, .F. ) ;
#2246 = AXIS2_PLACEMENT_3D ( 'NONE', #1605, #3184, #3251 ) ;
#2247 = CARTESIAN_POINT ( 'NONE',  ( -1.683748498798790960, -15.75000000000000000, -0.5000000000000000000 ) ) ;
#2248 = CARTESIAN_POINT ( 'NONE',  ( -4.420904884749274011, 0.8400000000000024114, 3.500000000000000000 ) ) ;
#2249 = CARTESIAN_POINT ( 'NONE',  ( 67.48732929018946436, -16.85573382074009530, 91.99722379239923953 ) ) ;
#2250 = CARTESIAN_POINT ( 'NONE',  ( -25.99999999999998579, -17.50000000000000000, -4.001000000000000334 ) ) ;
#2251 = ORIENTED_EDGE ( 'NONE', *, *, #4172, .T. ) ;
#2252 = VECTOR ( 'NONE', #6465, 1000.000000000000000 ) ;
#2253 = CARTESIAN_POINT ( 'NONE',  ( 6.114882014779136732, -3.440377792556333691, 3.500000000000000000 ) ) ;
#2254 = ADVANCED_FACE ( 'NONE', ( #5306 ), #5870, .F. ) ;
#2255 = FACE_OUTER_BOUND ( 'NONE', #1793, .T. ) ;
#2256 = CARTESIAN_POINT ( 'NONE',  ( -23.50000000000002132, -23.99999999999998934, 4.000000000000000000 ) ) ;
#2257 = CIRCLE ( 'NONE', #5702, 4.000000000000000000 ) ;
#2258 = LINE ( 'NONE', #4937, #5226 ) ;
#2259 = ORIENTED_EDGE ( 'NONE', *, *, #5348, .T. ) ;
#2260 = EDGE_LOOP ( 'NONE', ( #6883, #3472, #1843, #6081 ) ) ;
#2261 = EDGE_LOOP ( 'NONE', ( #2541, #3032, #249, #5622 ) ) ;
#2262 = CIRCLE ( 'NONE', #6153, 1.000000000000000000 ) ;
#2263 = DIRECTION ( 'NONE',  ( -0.000000000000000000, -0.000000000000000000, -1.000000000000000000 ) ) ;
#2264 = CARTESIAN_POINT ( 'NONE',  ( -0.05236439395462548496, -11.50000000000000711, 3.500000000000003109 ) ) ;
#2265 = PLANE ( 'NONE',  #2825 ) ;
#2266 = CARTESIAN_POINT ( 'NONE',  ( 18.12312319605659994, -12.48089122642681659, 3.500000000000000000 ) ) ;
#2267 = CIRCLE ( 'NONE', #4934, 2.999999999999995559 ) ;
#2268 = ORIENTED_EDGE ( 'NONE', *, *, #5628, .F. ) ;
#2269 = ORIENTED_EDGE ( 'NONE', *, *, #182, .F. ) ;
#2270 = VECTOR ( 'NONE', #6316, 1000.000000000000000 ) ;
#2271 = CARTESIAN_POINT ( 'NONE',  ( -1.683748498798790960, -15.75000000000000000, -3.914063024657434831 ) ) ;
#2272 = DIRECTION ( 'NONE',  ( 1.000000000000000000, -0.000000000000000000, -0.000000000000000000 ) ) ;
#2273 = AXIS2_PLACEMENT_3D ( 'NONE', #5240, #450, #2067 ) ;
#2274 = CYLINDRICAL_SURFACE ( 'NONE', #6469, 2.049999999999999822 ) ;
#2275 = DIRECTION ( 'NONE',  ( 0.000000000000000000, 0.000000000000000000, 1.000000000000000000 ) ) ;
#2276 = CARTESIAN_POINT ( 'NONE',  ( 81.00000000000001421, -24.50000000000000000, 3.500000000000003109 ) ) ;
#2277 = CARTESIAN_POINT ( 'NONE',  ( 75.43259073292674088, -24.06539207077118547, 1.127894932078596035 ) ) ;
#2278 = VECTOR ( 'NONE', #6792, 1000.000000000000000 ) ;
#2279 = ORIENTED_EDGE ( 'NONE', *, *, #1172, .F. ) ;
#2280 = EDGE_CURVE ( 'NONE', #401, #3260, #1575, .T. ) ;
#2281 = ORIENTED_EDGE ( 'NONE', *, *, #4603, .T. ) ;
#2282 = ORIENTED_EDGE ( 'NONE', *, *, #1900, .F. ) ;
#2283 = VECTOR ( 'NONE', #916, 1000.000000000000000 ) ;
#2284 = FACE_OUTER_BOUND ( 'NONE', #2766, .T. ) ;
#2285 = DIRECTION ( 'NONE',  ( -1.211399075402798040E-16, -1.000000000000000000, 0.000000000000000000 ) ) ;
#2286 = CARTESIAN_POINT ( 'NONE',  ( -12.50000000000000355, -8.500000000000007105, 1.000000000000000888 ) ) ;
#2287 = FACE_OUTER_BOUND ( 'NONE', #501, .T. ) ;
#2288 = ORIENTED_EDGE ( 'NONE', *, *, #2398, .T. ) ;
#2289 = ADVANCED_FACE ( 'NONE', ( #2208 ), #5838, .F. ) ;
#2290 = ADVANCED_FACE ( 'NONE', ( #3808 ), #5943, .F. ) ;
#2291 = CARTESIAN_POINT ( 'NONE',  ( 32.25000000000000711, -11.71782813964461845, -55.82353258373179727 ) ) ;
#2292 = AXIS2_PLACEMENT_3D ( 'NONE', #6256, #6717, #3600 ) ;
#2293 = DIRECTION ( 'NONE',  ( -1.000000000000000000, 0.000000000000000000, 0.000000000000000000 ) ) ;
#2294 = LINE ( 'NONE', #3496, #3178 ) ;
#2295 = FACE_OUTER_BOUND ( 'NONE', #4474, .T. ) ;
#2296 = ORIENTED_EDGE ( 'NONE', *, *, #1462, .T. ) ;
#2297 = EDGE_CURVE ( 'NONE', #3518, #311, #6927, .T. ) ;
#2298 = EDGE_CURVE ( 'NONE', #2070, #280, #5795, .T. ) ;
#2299 = ORIENTED_EDGE ( 'NONE', *, *, #2926, .T. ) ;
#2300 = VERTEX_POINT ( 'NONE', #6887 ) ;
#2301 = CARTESIAN_POINT ( 'NONE',  ( 63.68607244643996523, -1.408658527960293227, 3.500000000000000000 ) ) ;
#2302 = CARTESIAN_POINT ( 'NONE',  ( 0.000000000000000000, 0.000000000000000000, 3.500000000000000000 ) ) ;
#2303 = LINE ( 'NONE', #3497, #4702 ) ;
#2304 = DIRECTION ( 'NONE',  ( -0.000000000000000000, -0.000000000000000000, -1.000000000000000000 ) ) ;
#2305 = ORIENTED_EDGE ( 'NONE', *, *, #769, .F. ) ;
#2306 = EDGE_LOOP ( 'NONE', ( #1278, #5168, #528, #5680 ) ) ;
#2307 = DIRECTION ( 'NONE',  ( 0.000000000000000000, 0.000000000000000000, 1.000000000000000000 ) ) ;
#2308 = CARTESIAN_POINT ( 'NONE',  ( 34.25000000000000711, -18.50000000000000000, -55.82353258373179727 ) ) ;
#2309 = CARTESIAN_POINT ( 'NONE',  ( -0.7112576415576520317, -12.25223645768012837, 3.500000000000003109 ) ) ;
#2310 = DIRECTION ( 'NONE',  ( -1.000000000000000000, 0.000000000000000000, 0.000000000000000000 ) ) ;
#2311 = PLANE ( 'NONE',  #5461 ) ;
#2312 = CARTESIAN_POINT ( 'NONE',  ( 75.02645940460088525, -22.59389064517013423, 3.169416529873912314 ) ) ;
#2313 = ORIENTED_EDGE ( 'NONE', *, *, #4912, .T. ) ;
#2314 = EDGE_LOOP ( 'NONE', ( #4272, #1027, #716, #5749 ) ) ;
#2315 = EDGE_LOOP ( 'NONE', ( #2751, #509, #6024, #4885, #4896, #4763, #2592, #1424, #1782, #2782, #2501 ) ) ;
#2316 = EDGE_CURVE ( 'NONE', #1999, #2538, #1683, .T. ) ;
#2317 = DIRECTION ( 'NONE',  ( 0.000000000000000000, 0.000000000000000000, -1.000000000000000000 ) ) ;
#2318 = FACE_OUTER_BOUND ( 'NONE', #3530, .T. ) ;
#2319 = DIRECTION ( 'NONE',  ( 0.000000000000000000, -1.000000000000000000, 0.000000000000000000 ) ) ;
#2320 = FACE_OUTER_BOUND ( 'NONE', #4313, .T. ) ;
#2321 = ORIENTED_EDGE ( 'NONE', *, *, #1024, .T. ) ;
#2322 = ADVANCED_FACE ( 'NONE', ( #2098 ), #2699, .F. ) ;
#2323 = DIRECTION ( 'NONE',  ( -1.000000000000000000, 0.000000000000000000, 0.000000000000000000 ) ) ;
#2324 = CARTESIAN_POINT ( 'NONE',  ( 29.08772233983155076, -21.33047371415606719, 3.499999999999999556 ) ) ;
#2325 = DIRECTION ( 'NONE',  ( -0.000000000000000000, -0.000000000000000000, -1.000000000000000000 ) ) ;
#2326 = VERTEX_POINT ( 'NONE', #4378 ) ;
#2327 = ORIENTED_EDGE ( 'NONE', *, *, #1678, .F. ) ;
#2328 = EDGE_LOOP ( 'NONE', ( #1088, #3291, #3538, #998 ) ) ;
#2329 = ORIENTED_EDGE ( 'NONE', *, *, #1864, .F. ) ;
#2330 = EDGE_CURVE ( 'NONE', #480, #3461, #5125, .T. ) ;
#2331 = DIRECTION ( 'NONE',  ( -0.000000000000000000, -0.000000000000000000, 1.000000000000000000 ) ) ;
#2332 = CARTESIAN_POINT ( 'NONE',  ( 0.4779905520602475422, -23.85786226039359903, 2.365517892064702643 ) ) ;
#2333 = LINE ( 'NONE', #1770, #3103 ) ;
#2334 = ORIENTED_EDGE ( 'NONE', *, *, #6279, .T. ) ;
#2335 = ORIENTED_EDGE ( 'NONE', *, *, #3596, .F. ) ;
#2336 = CARTESIAN_POINT ( 'NONE',  ( 36.41227766016827871, -20.09042769776538151, 3.500000000000000000 ) ) ;
#2337 = AXIS2_PLACEMENT_3D ( 'NONE', #4539, #5490, #5450 ) ;
#2338 = CARTESIAN_POINT ( 'NONE',  ( 36.49718052639637023, -21.73394973275116726, 2.594492916566428331 ) ) ;
#2339 = FACE_OUTER_BOUND ( 'NONE', #3921, .T. ) ;
#2340 = CARTESIAN_POINT ( 'NONE',  ( 54.81894612933521671, -15.79761910744664100, -0.5000000000000004441 ) ) ;
#2341 = DIRECTION ( 'NONE',  ( -1.000000000000000000, 0.000000000000000000, 0.000000000000000000 ) ) ;
#2342 = DIRECTION ( 'NONE',  ( 0.000000000000000000, 0.000000000000000000, 1.000000000000000000 ) ) ;
#2343 = VERTEX_POINT ( 'NONE', #3293 ) ;
#2344 = VERTEX_POINT ( 'NONE', #1610 ) ;
#2345 = CIRCLE ( 'NONE', #1100, 1.000000000000000888 ) ;
#2346 = AXIS2_PLACEMENT_3D ( 'NONE', #1198, #5459, #672 ) ;
#2347 = DIRECTION ( 'NONE',  ( 1.000000000000000000, 0.000000000000000000, 0.000000000000000000 ) ) ;
#2348 = VECTOR ( 'NONE', #3017, 1000.000000000000000 ) ;
#2349 = CARTESIAN_POINT ( 'NONE',  ( 62.63182519208454835, -1.600000000000004086, 0.000000000000000000 ) ) ;
#2350 = DIRECTION ( 'NONE',  ( 0.000000000000000000, 0.000000000000000000, -1.000000000000000000 ) ) ;
#2351 = CARTESIAN_POINT ( 'NONE',  ( -0.7469987990390328791, -15.10000000000000142, 3.500000000000003109 ) ) ;
#2352 = CIRCLE ( 'NONE', #6240, 4.500000000000000000 ) ;
#2353 = ORIENTED_EDGE ( 'NONE', *, *, #3671, .T. ) ;
#2354 = VECTOR ( 'NONE', #4345, 1000.000000000000000 ) ;
#2355 = EDGE_CURVE ( 'NONE', #2602, #4516, #4887, .T. ) ;
#2356 = CARTESIAN_POINT ( 'NONE',  ( 36.60000000000000142, 1.959434878635762765E-16, 3.000000000000000000 ) ) ;
#2357 = PLANE ( 'NONE',  #5520 ) ;
#2358 = DIRECTION ( 'NONE',  ( 0.000000000000000000, 0.000000000000000000, 1.000000000000000000 ) ) ;
#2359 = VERTEX_POINT ( 'NONE', #2248 ) ;
#2360 = VECTOR ( 'NONE', #1350, 1000.000000000000000 ) ;
#2361 = EDGE_CURVE ( 'NONE', #5358, #178, #2352, .T. ) ;
#2362 = EDGE_CURVE ( 'NONE', #4304, #4068, #2660, .T. ) ;
#2363 = EDGE_LOOP ( 'NONE', ( #773, #6226 ) ) ;
#2364 = ORIENTED_EDGE ( 'NONE', *, *, #696, .F. ) ;
#2365 = CIRCLE ( 'NONE', #454, 1.000000000000000000 ) ;
#2366 = FACE_OUTER_BOUND ( 'NONE', #39, .T. ) ;
#2367 = CARTESIAN_POINT ( 'NONE',  ( 0.4122776601682996978, -23.57945065405362683, 1.999999999994696465 ) ) ;
#2368 = DIRECTION ( 'NONE',  ( 0.000000000000000000, 0.000000000000000000, -1.000000000000000000 ) ) ;
#2369 = ORIENTED_EDGE ( 'NONE', *, *, #6159, .T. ) ;
#2370 = AXIS2_PLACEMENT_3D ( 'NONE', #4049, #3543, #6234 ) ;
#2371 = EDGE_CURVE ( 'NONE', #1704, #5755, #3663, .T. ) ;
#2372 = ORIENTED_EDGE ( 'NONE', *, *, #6204, .F. ) ;
#2373 = EDGE_LOOP ( 'NONE', ( #1239, #5621 ) ) ;
#2374 = CARTESIAN_POINT ( 'NONE',  ( 30.00000000000006040, -20.50000000000001776, 2.750000000000000000 ) ) ;
#2375 = VECTOR ( 'NONE', #3223, 1000.000000000000000 ) ;
#2376 = ORIENTED_EDGE ( 'NONE', *, *, #262, .F. ) ;
#2377 = DIRECTION ( 'NONE',  ( -1.000000000000000000, -8.881784197001254296E-16, 0.000000000000000000 ) ) ;
#2378 = CARTESIAN_POINT ( 'NONE',  ( 32.25000000000000711, -11.71782813964461845, 3.500000000000000000 ) ) ;
#2379 = AXIS2_PLACEMENT_3D ( 'NONE', #6902, #955, #2051 ) ;
#2380 = CARTESIAN_POINT ( 'NONE',  ( 21.64625639182108685, -23.50000000000000000, -0.5000000000000004441 ) ) ;
#2381 = DIRECTION ( 'NONE',  ( 0.000000000000000000, -1.000000000000000000, 0.000000000000000000 ) ) ;
#2382 = CARTESIAN_POINT ( 'NONE',  ( 75.60153954773677754, -23.62092976931537081, 0.8658943593650350046 ) ) ;
#2383 = ORIENTED_EDGE ( 'NONE', *, *, #1941, .F. ) ;
#2384 = EDGE_CURVE ( 'NONE', #6818, #3770, #5277, .T. ) ;
#2385 = ORIENTED_EDGE ( 'NONE', *, *, #4576, .F. ) ;
#2386 = AXIS2_PLACEMENT_3D ( 'NONE', #582, #2168, #4739 ) ;
#2387 = ORIENTED_EDGE ( 'NONE', *, *, #2797, .T. ) ;
#2388 = CARTESIAN_POINT ( 'NONE',  ( -16.50000000000000355, -8.500000000000007105, 2.000000000000000000 ) ) ;
#2389 = CARTESIAN_POINT ( 'NONE',  ( 89.50000000000001421, -18.50000000000000000, 1.725000000000000089 ) ) ;
#2390 = DIRECTION ( 'NONE',  ( -0.000000000000000000, -0.000000000000000000, -1.000000000000000000 ) ) ;
#2391 = FACE_OUTER_BOUND ( 'NONE', #4283, .T. ) ;
#2392 = EDGE_LOOP ( 'NONE', ( #6379, #5486, #6444, #5121 ) ) ;
#2393 = CIRCLE ( 'NONE', #4827, 2.000000000000000000 ) ;
#2394 = DIRECTION ( 'NONE',  ( 0.000000000000000000, 0.000000000000000000, -1.000000000000000000 ) ) ;
#2395 = CARTESIAN_POINT ( 'NONE',  ( 31.25000000000000711, -12.93565627928923156, -55.82353258373179727 ) ) ;
#2396 = DIRECTION ( 'NONE',  ( 0.000000000000000000, 0.000000000000000000, 1.000000000000000000 ) ) ;
#2397 = ORIENTED_EDGE ( 'NONE', *, *, #6635, .T. ) ;
#2398 = EDGE_CURVE ( 'NONE', #5076, #6500, #2738, .T. ) ;
#2399 = VECTOR ( 'NONE', #2527, 1000.000000000000000 ) ;
#2400 = ORIENTED_EDGE ( 'NONE', *, *, #5757, .T. ) ;
#2401 = DIRECTION ( 'NONE',  ( -0.000000000000000000, -0.000000000000000000, 1.000000000000000000 ) ) ;
#2402 = CARTESIAN_POINT ( 'NONE',  ( -3.413301413797751760, -14.75000000000000178, -0.5000000000000004441 ) ) ;
#2403 = ADVANCED_FACE ( 'NONE', ( #2175 ), #4301, .F. ) ;
#2404 = CARTESIAN_POINT ( 'NONE',  ( 63.68607244643996523, -1.408658527960294116, 3.000000000000000000 ) ) ;
#2405 = VERTEX_POINT ( 'NONE', #2849 ) ;
#2406 = ORIENTED_EDGE ( 'NONE', *, *, #6550, .F. ) ;
#2407 = DIRECTION ( 'NONE',  ( -0.000000000000000000, -0.000000000000000000, -1.000000000000000000 ) ) ;
#2408 = ADVANCED_FACE ( 'NONE', ( #659 ), #6538, .F. ) ;
#2409 = ADVANCED_FACE ( 'NONE', ( #5066 ), #798, .F. ) ;
#2410 = DIRECTION ( 'NONE',  ( -1.000000000000000000, 0.000000000000000000, 0.000000000000000000 ) ) ;
#2411 = CARTESIAN_POINT ( 'NONE',  ( 59.58107973894016141, -19.60516730426150289, -0.5000000000000004441 ) ) ;
#2412 = DIRECTION ( 'NONE',  ( 0.000000000000000000, 0.000000000000000000, 1.000000000000000000 ) ) ;
#2413 = ORIENTED_EDGE ( 'NONE', *, *, #4364, .T. ) ;
#2414 = VERTEX_POINT ( 'NONE', #6108 ) ;
#2415 = VERTEX_POINT ( 'NONE', #3845 ) ;
#2416 = ADVANCED_FACE ( 'NONE', ( #2318 ), #3398, .F. ) ;
#2417 = DIRECTION ( 'NONE',  ( 1.000000000000000000, -0.000000000000000000, -0.000000000000000000 ) ) ;
#2418 = CARTESIAN_POINT ( 'NONE',  ( 36.41227766016831424, 0.000000000000000000, -7.431795761534271350 ) ) ;
#2419 = FACE_OUTER_BOUND ( 'NONE', #4333, .T. ) ;
#2420 = DIRECTION ( 'NONE',  ( 1.000000000000000000, 0.000000000000000000, 0.000000000000000000 ) ) ;
#2421 = ORIENTED_EDGE ( 'NONE', *, *, #95, .T. ) ;
#2422 = DIRECTION ( 'NONE',  ( -0.000000000000000000, -0.000000000000000000, -1.000000000000000000 ) ) ;
#2423 = DIRECTION ( 'NONE',  ( 0.000000000000000000, 1.000000000000000000, -0.000000000000000000 ) ) ;
#2424 = CARTESIAN_POINT ( 'NONE',  ( 35.00000000000000000, 0.000000000000000000, 3.499999999999999556 ) ) ;
#2425 = LINE ( 'NONE', #3405, #1449 ) ;
#2426 = ORIENTED_EDGE ( 'NONE', *, *, #2776, .F. ) ;
#2427 = ORIENTED_EDGE ( 'NONE', *, *, #1256, .F. ) ;
#2428 = ORIENTED_EDGE ( 'NONE', *, *, #6837, .F. ) ;
#2429 = FACE_OUTER_BOUND ( 'NONE', #1890, .T. ) ;
#2430 = DIRECTION ( 'NONE',  ( -1.000000000000000000, 0.000000000000000000, 0.000000000000000000 ) ) ;
#2431 = AXIS2_PLACEMENT_3D ( 'NONE', #1385, #6762, #918 ) ;
#2432 = DIRECTION ( 'NONE',  ( -0.000000000000000000, -0.000000000000000000, -1.000000000000000000 ) ) ;
#2433 = VERTEX_POINT ( 'NONE', #1268 ) ;
#2434 = VERTEX_POINT ( 'NONE', #1860 ) ;
#2435 = EDGE_CURVE ( 'NONE', #3508, #912, #6078, .T. ) ;
#2436 = LINE ( 'NONE', #6067, #748 ) ;
#2437 = DIRECTION ( 'NONE',  ( 1.000000000000000000, 0.000000000000000000, 0.000000000000000000 ) ) ;
#2438 = LINE ( 'NONE', #3072, #342 ) ;
#2439 = CARTESIAN_POINT ( 'NONE',  ( -14.09999999999999787, -18.50000000000000355, 14.05062109405231396 ) ) ;
#2440 = EDGE_LOOP ( 'NONE', ( #386, #4858, #2924, #4684 ) ) ;
#2441 = ORIENTED_EDGE ( 'NONE', *, *, #3850, .T. ) ;
#2442 = ADVANCED_FACE ( 'NONE', ( #2812 ), #1330, .F. ) ;
#2443 = AXIS2_PLACEMENT_3D ( 'NONE', #5893, #6315, #474 ) ;
#2444 = DIRECTION ( 'NONE',  ( 0.000000000000000000, 0.000000000000000000, -1.000000000000000000 ) ) ;
#2445 = DIRECTION ( 'NONE',  ( -1.000000000000000000, 0.000000000000000000, 0.000000000000000000 ) ) ;
#2446 = CARTESIAN_POINT ( 'NONE',  ( 35.25000000000000711, -18.50000000000000000, -0.5000000000000004441 ) ) ;
#2447 = LINE ( 'NONE', #4574, #6591 ) ;
#2448 = ORIENTED_EDGE ( 'NONE', *, *, #3402, .F. ) ;
#2449 = VECTOR ( 'NONE', #4950, 1000.000000000000000 ) ;
#2450 = ORIENTED_EDGE ( 'NONE', *, *, #949, .F. ) ;
#2451 = EDGE_CURVE ( 'NONE', #5011, #5692, #268, .T. ) ;
#2452 = EDGE_CURVE ( 'NONE', #4298, #2326, #4003, .T. ) ;
#2453 = AXIS2_PLACEMENT_3D ( 'NONE', #1361, #5748, #3000 ) ;
#2454 = VECTOR ( 'NONE', #6470, 1000.000000000000000 ) ;
#2455 = CARTESIAN_POINT ( 'NONE',  ( -22.50000000000000000, -6.100000000000005862, -1.699999999999999956 ) ) ;
#2456 = CARTESIAN_POINT ( 'NONE',  ( 31.00000000000006395, -20.50000000000001421, 4.914213562373096700 ) ) ;
#2457 = CARTESIAN_POINT ( 'NONE',  ( -11.50000000000000533, -12.50000000000000711, 3.499999999999999556 ) ) ;
#2458 = DIRECTION ( 'NONE',  ( 1.000000000000000000, -0.000000000000000000, -0.000000000000000000 ) ) ;
#2459 = DIRECTION ( 'NONE',  ( -0.000000000000000000, -0.000000000000000000, -1.000000000000000000 ) ) ;
#2460 = ORIENTED_EDGE ( 'NONE', *, *, #1245, .T. ) ;
#2461 = AXIS2_PLACEMENT_3D ( 'NONE', #1797, #3367, #2818 ) ;
#2462 = VECTOR ( 'NONE', #1714, 1000.000000000000000 ) ;
#2463 = ORIENTED_EDGE ( 'NONE', *, *, #5382, .F. ) ;
#2464 = EDGE_LOOP ( 'NONE', ( #832, #4186, #6826, #1814 ) ) ;
#2465 = DIRECTION ( 'NONE',  ( -0.000000000000000000, -0.000000000000000000, -1.000000000000000000 ) ) ;
#2466 = VECTOR ( 'NONE', #1005, 1000.000000000000000 ) ;
#2467 = DIRECTION ( 'NONE',  ( -0.000000000000000000, 1.000000000000000000, -0.000000000000000000 ) ) ;
#2468 = VECTOR ( 'NONE', #380, 1000.000000000000114 ) ;
#2469 = CARTESIAN_POINT ( 'NONE',  ( -2.849999999999992095, -17.25000000000000000, -0.5000000000000000000 ) ) ;
#2470 = EDGE_LOOP ( 'NONE', ( #63, #4501, #6005, #1825 ) ) ;
#2471 = ORIENTED_EDGE ( 'NONE', *, *, #1132, .F. ) ;
#2472 = AXIS2_PLACEMENT_3D ( 'NONE', #929, #4569, #6707 ) ;
#2473 = ADVANCED_FACE ( 'NONE', ( #3918 ), #6008, .F. ) ;
#2474 = LINE ( 'NONE', #4047, #3756 ) ;
#2475 = LINE ( 'NONE', #884, #6262 ) ;
#2476 = CIRCLE ( 'NONE', #1471, 3.000000000000000000 ) ;
#2477 = CARTESIAN_POINT ( 'NONE',  ( -0.7469987990390385413, -17.90000000000000568, 91.99722379239923953 ) ) ;
#2478 = VECTOR ( 'NONE', #1817, 1000.000000000000227 ) ;
#2479 = FACE_OUTER_BOUND ( 'NONE', #231, .T. ) ;
#2480 = ORIENTED_EDGE ( 'NONE', *, *, #1060, .T. ) ;
#2481 = EDGE_LOOP ( 'NONE', ( #6799, #4455 ) ) ;
#2482 = AXIS2_PLACEMENT_3D ( 'NONE', #5278, #6324, #1510 ) ;
#2483 = LINE ( 'NONE', #5162, #5033 ) ;
#2485 = EDGE_CURVE ( 'NONE', #2538, #4587, #309, .T. ) ;
#2484 = DIRECTION ( 'NONE',  ( 0.000000000000000000, -1.000000000000000000, 0.000000000000000000 ) ) ;
#2486 = ADVANCED_FACE ( 'NONE', ( #3362 ), #2911, .F. ) ;
#2487 = FACE_OUTER_BOUND ( 'NONE', #1161, .T. ) ;
#2488 = EDGE_CURVE ( 'NONE', #5533, #5378, #5338, .T. ) ;
#2489 = FACE_OUTER_BOUND ( 'NONE', #156, .T. ) ;
#2490 = VERTEX_POINT ( 'NONE', #138 ) ;
#2491 = AXIS2_PLACEMENT_3D ( 'NONE', #1270, #5067, #799 ) ;
#2492 = EDGE_LOOP ( 'NONE', ( #2703, #3914, #1637, #1287 ) ) ;
#2493 = VECTOR ( 'NONE', #398, 1000.000000000000000 ) ;
#2494 = CARTESIAN_POINT ( 'NONE',  ( -27.50000000000000000, -7.000000000000004441, 4.000000000000000888 ) ) ;
#2495 = DIRECTION ( 'NONE',  ( -1.000000000000000000, 0.000000000000000000, 0.000000000000000000 ) ) ;
#2496 = CARTESIAN_POINT ( 'NONE',  ( 63.50000000000001421, -16.50000000000000355, -0.5000000000000000000 ) ) ;
#2497 = FACE_OUTER_BOUND ( 'NONE', #2016, .T. ) ;
#2498 = EDGE_CURVE ( 'NONE', #3083, #3253, #699, .T. ) ;
#2499 = EDGE_CURVE ( 'NONE', #333, #1846, #3425, .T. ) ;
#2500 = CARTESIAN_POINT ( 'NONE',  ( 6.284715534938208670, -14.21731652335774676, 3.500000000000003109 ) ) ;
#2501 = ORIENTED_EDGE ( 'NONE', *, *, #902, .T. ) ;
#2502 = EDGE_LOOP ( 'NONE', ( #6299, #6668, #851, #3170 ) ) ;
#2503 = VERTEX_POINT ( 'NONE', #6646 ) ;
#2504 = DIRECTION ( 'NONE',  ( 0.000000000000000000, 0.000000000000000000, 1.000000000000000000 ) ) ;
#2505 = CIRCLE ( 'NONE', #6404, 1.000000000000000000 ) ;
#2506 = LINE ( 'NONE', #3065, #2047 ) ;
#2507 = ADVANCED_FACE ( 'NONE', ( #4479 ), #5554, .T. ) ;
#2508 = CARTESIAN_POINT ( 'NONE',  ( 30.07755394338773769, -21.48308196877075815, 3.458044637341529004 ) ) ;
#2509 = DIRECTION ( 'NONE',  ( -1.000000000000000000, 5.204170427930416550E-15, 0.000000000000000000 ) ) ;
#2510 = EDGE_LOOP ( 'NONE', ( #4694, #4749, #5447, #3061, #1587, #6884, #2888, #1252, #3696, #157, #1638 ) ) ;
#2511 = EDGE_LOOP ( 'NONE', ( #2400, #4407 ) ) ;
#2512 = DIRECTION ( 'NONE',  ( 0.000000000000000000, -1.000000000000000000, 0.000000000000000000 ) ) ;
#2513 = CARTESIAN_POINT ( 'NONE',  ( 42.36817480791545876, -1.600000000000001643, 0.000000000000000000 ) ) ;
#2514 = CARTESIAN_POINT ( 'NONE',  ( 48.37687680394342493, -12.48089122642681659, -0.5000000000000004441 ) ) ;
#2515 = CARTESIAN_POINT ( 'NONE',  ( 7.300451356145845949, -14.62753688062399071, -0.5000000000000004441 ) ) ;
#2516 = EDGE_LOOP ( 'NONE', ( #6268, #1870, #5151, #5074, #2427, #5908, #4639 ) ) ;
#2517 = ORIENTED_EDGE ( 'NONE', *, *, #579, .F. ) ;
#2518 = LINE ( 'NONE', #1465, #2587 ) ;
#2519 = CARTESIAN_POINT ( 'NONE',  ( 31.25000000000000711, -19.50000000000000000, 3.500000000000000000 ) ) ;
#2520 = DIRECTION ( 'NONE',  ( 0.7071067811865493491, -0.7071067811865455743, -0.000000000000000000 ) ) ;
#2521 = CARTESIAN_POINT ( 'NONE',  ( 31.05544306252691911, -11.95476505286242030, -0.5000000000000004441 ) ) ;
#2522 = ORIENTED_EDGE ( 'NONE', *, *, #6356, .T. ) ;
#2523 = EDGE_LOOP ( 'NONE', ( #4899, #4655, #3707, #2072, #2646 ) ) ;
#2524 = EDGE_CURVE ( 'NONE', #1542, #5302, #1436, .T. ) ;
#2525 = CARTESIAN_POINT ( 'NONE',  ( -4.225534275865165057, -15.33333333333333393, -0.5000000000000004441 ) ) ;
#2526 = PLANE ( 'NONE',  #5027 ) ;
#2527 = DIRECTION ( 'NONE',  ( 0.000000000000000000, 0.000000000000000000, 1.000000000000000000 ) ) ;
#2528 = DIRECTION ( 'NONE',  ( 1.000000000000000000, 0.000000000000000000, 0.000000000000000000 ) ) ;
#2529 = DIRECTION ( 'NONE',  ( -0.000000000000000000, -0.000000000000000000, 1.000000000000000000 ) ) ;
#2530 = VERTEX_POINT ( 'NONE', #857 ) ;
#2531 = ORIENTED_EDGE ( 'NONE', *, *, #2707, .F. ) ;
#2532 = ORIENTED_EDGE ( 'NONE', *, *, #2533, .T. ) ;
#2533 = EDGE_CURVE ( 'NONE', #3706, #861, #5724, .T. ) ;
#2534 = CYLINDRICAL_SURFACE ( 'NONE', #6689, 4.500000000000000000 ) ;
#2535 = DIRECTION ( 'NONE',  ( 0.000000000000000000, 0.000000000000000000, 1.000000000000000000 ) ) ;
#2536 = CARTESIAN_POINT ( 'NONE',  ( 30.00281947360349122, -21.73394973275113884, 2.905507083433554794 ) ) ;
#2537 = CARTESIAN_POINT ( 'NONE',  ( 36.41227766016831424, -21.33047371415610627, -7.431795761534271350 ) ) ;
#2538 = VERTEX_POINT ( 'NONE', #6207 ) ;
#2539 = EDGE_LOOP ( 'NONE', ( #3592, #6270, #341, #2369, #2139, #3635 ) ) ;
#2540 = EDGE_CURVE ( 'NONE', #4095, #2663, #5111, .T. ) ;
#2541 = ORIENTED_EDGE ( 'NONE', *, *, #3803, .F. ) ;
#2542 = AXIS2_PLACEMENT_3D ( 'NONE', #1175, #2304, #1701 ) ;
#2543 = CARTESIAN_POINT ( 'NONE',  ( -29.00000000000000000, -14.49999999999999822, 0.000000000000000000 ) ) ;
#2544 = CARTESIAN_POINT ( 'NONE',  ( 41.31392755356004898, -1.408658527960296336, 1.000000000000000000 ) ) ;
#2545 = LINE ( 'NONE', #4662, #5146 ) ;
#2546 = FACE_OUTER_BOUND ( 'NONE', #6019, .T. ) ;
#2547 = ORIENTED_EDGE ( 'NONE', *, *, #169, .T. ) ;
#2548 = VERTEX_POINT ( 'NONE', #829 ) ;
#2549 = FACE_OUTER_BOUND ( 'NONE', #2577, .T. ) ;
#2550 = CARTESIAN_POINT ( 'NONE',  ( 33.24999999999992895, -21.50000000000000000, 4.799999999999993605 ) ) ;
#2551 = CARTESIAN_POINT ( 'NONE',  ( 65.57909511525072332, 0.8399999999999984146, 3.000000000000000000 ) ) ;
#2552 = FACE_BOUND ( 'NONE', #3031, .T. ) ;
#2553 = ORIENTED_EDGE ( 'NONE', *, *, #1810, .F. ) ;
#2554 = VERTEX_POINT ( 'NONE', #5652 ) ;
#2555 = VECTOR ( 'NONE', #5752, 1000.000000000000000 ) ;
#2556 = DIRECTION ( 'NONE',  ( 0.000000000000000000, 0.000000000000000000, 1.000000000000000000 ) ) ;
#2557 = LINE ( 'NONE', #3087, #447 ) ;
#2558 = CARTESIAN_POINT ( 'NONE',  ( 35.44455693747309510, -11.95476505286242030, 3.500000000000000000 ) ) ;
#2559 = CARTESIAN_POINT ( 'NONE',  ( -1.676349562706285878, -14.73032354161088264, -0.5000000000000004441 ) ) ;
#2560 = CIRCLE ( 'NONE', #6798, 2.049999999999993161 ) ;
#2561 = DIRECTION ( 'NONE',  ( 0.000000000000000000, 1.000000000000000000, 0.000000000000000000 ) ) ;
#2562 = ORIENTED_EDGE ( 'NONE', *, *, #6595, .T. ) ;
#2563 = VERTEX_POINT ( 'NONE', #2519 ) ;
#2564 = AXIS2_PLACEMENT_3D ( 'NONE', #419, #2073, #3026 ) ;
#2565 = AXIS2_PLACEMENT_3D ( 'NONE', #4915, #3389, #689 ) ;
#2566 = DIRECTION ( 'NONE',  ( -0.000000000000000000, -0.000000000000000000, -1.000000000000000000 ) ) ;
#2567 = DIRECTION ( 'NONE',  ( 0.000000000000000000, 0.000000000000000000, -1.000000000000000000 ) ) ;
#2568 = CARTESIAN_POINT ( 'NONE',  ( 30.08772233983155076, -21.41003987980394996, 1.999999999999998668 ) ) ;
#2569 = CIRCLE ( 'NONE', #6473, 1.000000000000000888 ) ;
#2570 = EDGE_CURVE ( 'NONE', #5692, #4181, #336, .T. ) ;
#2571 = DIRECTION ( 'NONE',  ( -0.000000000000000000, -0.000000000000000000, -1.000000000000000000 ) ) ;
#2572 = CIRCLE ( 'NONE', #320, 1.000000000000000888 ) ;
#2573 = EDGE_CURVE ( 'NONE', #1832, #2658, #441, .T. ) ;
#2574 = ORIENTED_EDGE ( 'NONE', *, *, #3335, .F. ) ;
#2575 = ORIENTED_EDGE ( 'NONE', *, *, #6891, .T. ) ;
#2576 = AXIS2_PLACEMENT_3D ( 'NONE', #3741, #3332, #3776 ) ;
#2577 = EDGE_LOOP ( 'NONE', ( #4004, #4994, #5575, #4831 ) ) ;
#2578 = VECTOR ( 'NONE', #4708, 1000.000000000000000 ) ;
#2579 = PLANE ( 'NONE',  #4045 ) ;
#2580 = DIRECTION ( 'NONE',  ( 0.000000000000000000, 0.000000000000000000, -1.000000000000000000 ) ) ;
#2581 = CARTESIAN_POINT ( 'NONE',  ( 2.000000000000000888, -3.600000000000000533, 6.000000000000000000 ) ) ;
#2582 = EDGE_CURVE ( 'NONE', #6187, #5823, #3007, .T. ) ;
#2583 = EDGE_CURVE ( 'NONE', #6374, #6373, #6813, .T. ) ;
#2584 = ORIENTED_EDGE ( 'NONE', *, *, #1617, .F. ) ;
#2585 = AXIS2_PLACEMENT_3D ( 'NONE', #3560, #5099, #2495 ) ;
#2586 = ORIENTED_EDGE ( 'NONE', *, *, #4924, .T. ) ;
#2587 = VECTOR ( 'NONE', #828, 1000.000000000000000 ) ;
#2588 = DIRECTION ( 'NONE',  ( 0.000000000000000000, -1.000000000000000000, 0.000000000000000000 ) ) ;
#2589 = CARTESIAN_POINT ( 'NONE',  ( -25.50000000000000355, -1.599999999999994760, 6.000000000000000000 ) ) ;
#2590 = DIRECTION ( 'NONE',  ( -1.000000000000000000, 0.000000000000000000, 0.000000000000000000 ) ) ;
#2591 = DIRECTION ( 'NONE',  ( -0.000000000000000000, 0.000000000000000000, 1.000000000000000000 ) ) ;
#2592 = ORIENTED_EDGE ( 'NONE', *, *, #467, .T. ) ;
#2593 = ORIENTED_EDGE ( 'NONE', *, *, #5953, .F. ) ;
#2594 = VECTOR ( 'NONE', #2272, 1000.000000000000000 ) ;
#2595 = CARTESIAN_POINT ( 'NONE',  ( -21.50000000000000000, -1.599999999999994760, 6.000000000000000000 ) ) ;
#2596 = LINE ( 'NONE', #904, #3138 ) ;
#2597 = FACE_OUTER_BOUND ( 'NONE', #4511, .T. ) ;
#2599 = CARTESIAN_POINT ( 'NONE',  ( 0.000000000000000000, 0.000000000000000000, 3.500000000000000000 ) ) ;
#2598 = VECTOR ( 'NONE', #3327, 1000.000000000000000 ) ;
#2600 = CARTESIAN_POINT ( 'NONE',  ( 2.000000000000000444, -0.5999999999999998668, 6.000000000000000000 ) ) ;
#2601 = ORIENTED_EDGE ( 'NONE', *, *, #2089, .F. ) ;
#2602 = VERTEX_POINT ( 'NONE', #4020 ) ;
#2603 = VECTOR ( 'NONE', #701, 1000.000000000000000 ) ;
#2604 = FACE_OUTER_BOUND ( 'NONE', #2315, .T. ) ;
#2605 = CARTESIAN_POINT ( 'NONE',  ( -12.50000000000000355, -14.23205080756887853, 15.49546024484603102 ) ) ;
#2606 = CARTESIAN_POINT ( 'NONE',  ( -26.00000000000001421, -21.50000000000000000, 2.000000000000000000 ) ) ;
#2607 = APPLICATION_PROTOCOL_DEFINITION ( 'draft international standard', 'automotive_design', 1998, #984 ) ;
#2608 = ORIENTED_EDGE ( 'NONE', *, *, #2970, .T. ) ;
#2609 = VERTEX_POINT ( 'NONE', #6284 ) ;
#2610 = ORIENTED_EDGE ( 'NONE', *, *, #2057, .T. ) ;
#2611 = EDGE_CURVE ( 'NONE', #6632, #6819, #6905, .T. ) ;
#2612 = ADVANCED_FACE ( 'NONE', ( #4605 ), #3079, .F. ) ;
#2613 = DIRECTION ( 'NONE',  ( -1.000000000000000000, 0.000000000000000000, 0.000000000000000000 ) ) ;
#2614 = CARTESIAN_POINT ( 'NONE',  ( -21.00000000000001066, -26.50000000000000355, 2.000000000000000000 ) ) ;
#2615 = DIRECTION ( 'NONE',  ( -1.000000000000000000, 0.000000000000000000, 0.000000000000000000 ) ) ;
#2616 = ORIENTED_EDGE ( 'NONE', *, *, #6512, .T. ) ;
#2617 = EDGE_LOOP ( 'NONE', ( #4439, #5549, #4381, #6403, #165 ) ) ;
#2618 = EDGE_CURVE ( 'NONE', #4700, #1876, #1544, .T. ) ;
#2619 = FACE_OUTER_BOUND ( 'NONE', #3423, .T. ) ;
#2620 = DIRECTION ( 'NONE',  ( -0.000000000000000000, -0.000000000000000000, 1.000000000000000000 ) ) ;
#2621 = DIRECTION ( 'NONE',  ( 0.000000000000000000, -1.000000000000000000, 0.000000000000000000 ) ) ;
#2622 = CARTESIAN_POINT ( 'NONE',  ( 89.00000000000001421, 1.000000000000001332, 1.725000000000000089 ) ) ;
#2623 = LINE ( 'NONE', #4741, #3244 ) ;
#2624 = ORIENTED_EDGE ( 'NONE', *, *, #3772, .T. ) ;
#2625 = ORIENTED_EDGE ( 'NONE', *, *, #5562, .T. ) ;
#2626 = ORIENTED_EDGE ( 'NONE', *, *, #4070, .F. ) ;
#2627 = EDGE_CURVE ( 'NONE', #4640, #5594, #4117, .T. ) ;
#2628 = DIRECTION ( 'NONE',  ( 0.000000000000000000, 0.000000000000000000, -1.000000000000000000 ) ) ;
#2629 = DIRECTION ( 'NONE',  ( -0.9667633338930343712, 0.2556729478064220795, -0.000000000000000000 ) ) ;
#2630 = DIRECTION ( 'NONE',  ( -0.000000000000000000, -0.000000000000000000, -1.000000000000000000 ) ) ;
#2631 = DIRECTION ( 'NONE',  ( 0.000000000000000000, 0.000000000000000000, -1.000000000000000000 ) ) ;
#2632 = ORIENTED_EDGE ( 'NONE', *, *, #5647, .F. ) ;
#2633 = ORIENTED_EDGE ( 'NONE', *, *, #6104, .T. ) ;
#2634 = EDGE_CURVE ( 'NONE', #603, #6307, #6012, .T. ) ;
#2635 = DIRECTION ( 'NONE',  ( 0.000000000000000000, 0.000000000000000000, 1.000000000000000000 ) ) ;
#2636 = CARTESIAN_POINT ( 'NONE',  ( 36.60000000000000142, 1.959434878635763751E-16, 3.500000000000000000 ) ) ;
#2637 = DIRECTION ( 'NONE',  ( 1.000000000000000000, -1.797640907747984631E-16, 0.000000000000000000 ) ) ;
#2638 = FACE_OUTER_BOUND ( 'NONE', #1327, .T. ) ;
#2639 = VERTEX_POINT ( 'NONE', #1397 ) ;
#2640 = VERTEX_POINT ( 'NONE', #3520 ) ;
#2641 = ORIENTED_EDGE ( 'NONE', *, *, #6142, .T. ) ;
#2642 = CARTESIAN_POINT ( 'NONE',  ( -2.849999999999992095, -18.25000000000000355, 3.500000000000003109 ) ) ;
#2643 = FACE_OUTER_BOUND ( 'NONE', #2219, .T. ) ;
#2644 = DIRECTION ( 'NONE',  ( -0.000000000000000000, -0.000000000000000000, -1.000000000000000000 ) ) ;
#2645 = FACE_BOUND ( 'NONE', #150, .T. ) ;
#2646 = ORIENTED_EDGE ( 'NONE', *, *, #5546, .F. ) ;
#2647 = EDGE_CURVE ( 'NONE', #5177, #6319, #1426, .T. ) ;
#2648 = ORIENTED_EDGE ( 'NONE', *, *, #6120, .T. ) ;
#2649 = DIRECTION ( 'NONE',  ( -0.000000000000000000, -0.000000000000000000, -1.000000000000000000 ) ) ;
#2650 = FACE_OUTER_BOUND ( 'NONE', #2960, .T. ) ;
#2651 = DIRECTION ( 'NONE',  ( 0.000000000000000000, 0.000000000000000000, -1.000000000000000000 ) ) ;
#2652 = DIRECTION ( 'NONE',  ( -1.000000000000000000, 0.000000000000000000, 0.000000000000000000 ) ) ;
#2653 = LINE ( 'NONE', #2733, #2462 ) ;
#2654 = EDGE_CURVE ( 'NONE', #3136, #1408, #3045, .T. ) ;
#2655 = ORIENTED_EDGE ( 'NONE', *, *, #3542, .F. ) ;
#2656 = ADVANCED_FACE ( 'NONE', ( #371 ), #4635, .F. ) ;
#2657 = EDGE_LOOP ( 'NONE', ( #3413, #5866, #58, #5460 ) ) ;
#2658 = VERTEX_POINT ( 'NONE', #5228 ) ;
#2659 = CARTESIAN_POINT ( 'NONE',  ( -21.50000000000000000, -3.600000000000003197, 6.000000000000000000 ) ) ;
#2660 = LINE ( 'NONE', #5904, #4016 ) ;
#2661 = LINE ( 'NONE', #1079, #2375 ) ;
#2662 = DIRECTION ( 'NONE',  ( 0.000000000000000000, 1.885568995626961082E-16, 1.000000000000000000 ) ) ;
#2663 = VERTEX_POINT ( 'NONE', #3589 ) ;
#2664 = EDGE_CURVE ( 'NONE', #3997, #2022, #403, .T. ) ;
#2665 = ADVANCED_FACE ( 'NONE', ( #1501 ), #1148, .F. ) ;
#2666 = ORIENTED_EDGE ( 'NONE', *, *, #949, .T. ) ;
#2667 = DIRECTION ( 'NONE',  ( 0.000000000000000000, 1.000000000000000000, -0.000000000000000000 ) ) ;
#2668 = CARTESIAN_POINT ( 'NONE',  ( -22.50000000000000000, -3.599999999999995648, -4.000000000000000000 ) ) ;
#2669 = PLANE ( 'NONE',  #4343 ) ;
#2670 = DIRECTION ( 'NONE',  ( 0.9808912264268110359, -0.1945569374730864720, 0.000000000000000000 ) ) ;
#2671 = DIRECTION ( 'NONE',  ( 1.000000000000000000, 0.000000000000000000, -0.000000000000000000 ) ) ;
#2672 = EDGE_CURVE ( 'NONE', #5594, #5286, #2220, .T. ) ;
#2673 = ORIENTED_EDGE ( 'NONE', *, *, #4586, .T. ) ;
#2674 = VECTOR ( 'NONE', #6478, 1000.000000000000000 ) ;
#2675 = ORIENTED_EDGE ( 'NONE', *, *, #1939, .T. ) ;
#2676 = VERTEX_POINT ( 'NONE', #3653 ) ;
#2677 = FACE_OUTER_BOUND ( 'NONE', #4222, .T. ) ;
#2678 = AXIS2_PLACEMENT_3D ( 'NONE', #599, #3300, #6369 ) ;
#2679 = DIRECTION ( 'NONE',  ( -1.000000000000000000, 0.000000000000000000, 0.000000000000000000 ) ) ;
#2680 = AXIS2_PLACEMENT_3D ( 'NONE', #3705, #1120, #4820 ) ;
#2681 = CARTESIAN_POINT ( 'NONE',  ( -1.683748498798798732, -17.25000000000000000, -0.5000000000000000000 ) ) ;
#2682 = VECTOR ( 'NONE', #3222, 1000.000000000000000 ) ;
#2683 = DIRECTION ( 'NONE',  ( 0.000000000000000000, 0.000000000000000000, 1.000000000000000000 ) ) ;
#2684 = EDGE_LOOP ( 'NONE', ( #3452, #1348, #6541, #2353 ) ) ;
#2685 = EDGE_CURVE ( 'NONE', #2326, #2040, #6423, .T. ) ;
#2686 = ORIENTED_EDGE ( 'NONE', *, *, #6765, .T. ) ;
#2687 = VECTOR ( 'NONE', #2979, 1000.000000000000000 ) ;
#2688 = DIRECTION ( 'NONE',  ( -0.000000000000000000, -0.000000000000000000, 1.000000000000000000 ) ) ;
#2689 = DIRECTION ( 'NONE',  ( -0.000000000000000000, -0.000000000000000000, -1.000000000000000000 ) ) ;
#2690 = CARTESIAN_POINT ( 'NONE',  ( -10.49999999999999822, -3.599999999999995648, -4.000000000000000000 ) ) ;
#2691 = VECTOR ( 'NONE', #2628, 1000.000000000000000 ) ;
#2692 = CARTESIAN_POINT ( 'NONE',  ( 54.62438919186213582, -16.77851033387345225, 3.500000000000003109 ) ) ;
#2693 = FACE_OUTER_BOUND ( 'NONE', #2095, .T. ) ;
#2694 = ORIENTED_EDGE ( 'NONE', *, *, #2192, .T. ) ;
#2695 = ORIENTED_EDGE ( 'NONE', *, *, #942, .T. ) ;
#2696 = VERTEX_POINT ( 'NONE', #2125 ) ;
#2697 = ADVANCED_FACE ( 'NONE', ( #2059 ), #2730, .F. ) ;
#2698 = CARTESIAN_POINT ( 'NONE',  ( -14.09999999999999787, -20.00000000000000355, 2.000000000000000000 ) ) ;
#2699 = PLANE ( 'NONE',  #3873 ) ;
#2700 = DIRECTION ( 'NONE',  ( -1.000000000000000000, 0.000000000000000000, 0.000000000000000000 ) ) ;
#2701 = DIRECTION ( 'NONE',  ( 0.000000000000000000, 0.000000000000000000, 1.000000000000000000 ) ) ;
#2702 = VECTOR ( 'NONE', #432, 1000.000000000000000 ) ;
#2703 = ORIENTED_EDGE ( 'NONE', *, *, #6425, .F. ) ;
#2704 = VECTOR ( 'NONE', #2580, 1000.000000000000000 ) ;
#2705 = ORIENTED_EDGE ( 'NONE', *, *, #5769, .T. ) ;
#2706 = AXIS2_PLACEMENT_3D ( 'NONE', #3809, #2773, #1722 ) ;
#2707 = EDGE_CURVE ( 'NONE', #2663, #4095, #4773, .T. ) ;
#2708 = DIRECTION ( 'NONE',  ( 1.000000000000000000, -1.734723475976805517E-15, 0.000000000000000000 ) ) ;
#2709 = ADVANCED_FACE ( 'NONE', ( #2650 ), #4846, .F. ) ;
#2711 = CIRCLE ( 'NONE', #3053, 1.000000000000000000 ) ;
#2710 = CARTESIAN_POINT ( 'NONE',  ( 63.50000000000001421, -16.50000000000000355, -0.5000000000000000000 ) ) ;
#2712 = DIRECTION ( 'NONE',  ( -0.7522364576801209290, 0.6588932476030268104, 0.000000000000000000 ) ) ;
#2713 =( NAMED_UNIT ( * ) SI_UNIT ( $, .STERADIAN. ) SOLID_ANGLE_UNIT ( ) );
#2714 = ORIENTED_EDGE ( 'NONE', *, *, #5488, .T. ) ;
#2715 = ORIENTED_EDGE ( 'NONE', *, *, #4062, .F. ) ;
#2716 = CIRCLE ( 'NONE', #2386, 1.000000000000000888 ) ;
#2717 = ORIENTED_EDGE ( 'NONE', *, *, #3258, .F. ) ;
#2718 = ORIENTED_EDGE ( 'NONE', *, *, #6290, .T. ) ;
#2719 = ADVANCED_FACE ( 'NONE', ( #1002 ), #6876, .F. ) ;
#2720 = PLANE ( 'NONE',  #2127 ) ;
#2721 = DIRECTION ( 'NONE',  ( 0.000000000000000000, 0.000000000000000000, -1.000000000000000000 ) ) ;
#2722 = CIRCLE ( 'NONE', #6623, 1.000000000000000888 ) ;
#2723 = CARTESIAN_POINT ( 'NONE',  ( 36.41227766016831424, -21.33047371415610627, 3.500000000000000000 ) ) ;
#2724 = CARTESIAN_POINT ( 'NONE',  ( -7.349999999999995204, -8.500000000000007105, 0.5000000000000000000 ) ) ;
#2725 = AXIS2_PLACEMENT_3D ( 'NONE', #5761, #5660, #1434 ) ;
#2726 = ORIENTED_EDGE ( 'NONE', *, *, #1941, .T. ) ;
#2727 = ORIENTED_EDGE ( 'NONE', *, *, #1163, .F. ) ;
#2728 = PRESENTATION_STYLE_ASSIGNMENT (( #6853 ) ) ;
#2729 = CARTESIAN_POINT ( 'NONE',  ( 10.87561080813789793, -16.77851033387344870, -55.82353258373179727 ) ) ;
#2730 = CYLINDRICAL_SURFACE ( 'NONE', #2784, 1.000000000000000888 ) ;
#2731 = DIRECTION ( 'NONE',  ( -1.000000000000000000, 0.000000000000000000, 0.000000000000000000 ) ) ;
#2732 = CARTESIAN_POINT ( 'NONE',  ( -14.09999999999999787, -18.50000000000000355, 14.05062109405231396 ) ) ;
#2733 = CARTESIAN_POINT ( 'NONE',  ( 6.135136208847889350, -18.98413384340919663, 91.99722379239923953 ) ) ;
#2734 = ORIENTED_EDGE ( 'NONE', *, *, #1581, .F. ) ;
#2735 = ORIENTED_EDGE ( 'NONE', *, *, #1730, .F. ) ;
#2736 = VERTEX_POINT ( 'NONE', #3181 ) ;
#2737 = DIRECTION ( 'NONE',  ( 0.000000000000000000, 0.000000000000000000, 1.000000000000000000 ) ) ;
#2738 = LINE ( 'NONE', #4777, #32 ) ;
#2739 = DIRECTION ( 'NONE',  ( -0.000000000000000000, -0.000000000000000000, -1.000000000000000000 ) ) ;
#2740 = DIRECTION ( 'NONE',  ( 1.000000000000000000, 0.000000000000000000, 0.000000000000000000 ) ) ;
#2741 = ORIENTED_EDGE ( 'NONE', *, *, #3912, .T. ) ;
#2742 = EDGE_CURVE ( 'NONE', #6297, #2609, #1103, .T. ) ;
#2743 = ORIENTED_EDGE ( 'NONE', *, *, #3396, .F. ) ;
#2744 = CARTESIAN_POINT ( 'NONE',  ( 81.00000000000001421, -24.50000000000000000, -0.5000000000000000000 ) ) ;
#2745 = CARTESIAN_POINT ( 'NONE',  ( -15.50000000000000000, -3.599999999999995204, -1.700000000000000178 ) ) ;
#2746 = CARTESIAN_POINT ( 'NONE',  ( 1.412277660168318461, -21.00364639817820844, -0.5000000000000004441 ) ) ;
#2747 = ORIENTED_EDGE ( 'NONE', *, *, #4864, .T. ) ;
#2748 = EDGE_LOOP ( 'NONE', ( #315, #557, #2986, #3658 ) ) ;
#2749 = EDGE_CURVE ( 'NONE', #4013, #694, #5784, .T. ) ;
#2750 = VERTEX_POINT ( 'NONE', #4738 ) ;
#2751 = ORIENTED_EDGE ( 'NONE', *, *, #4537, .T. ) ;
#2752 = CARTESIAN_POINT ( 'NONE',  ( 70.00000000000000000, 0.000000000000000000, 1.725000000000000089 ) ) ;
#2753 = CARTESIAN_POINT ( 'NONE',  ( -26.00000000000001421, -17.50000000000000000, 4.000000000000000888 ) ) ;
#2754 = CARTESIAN_POINT ( 'NONE',  ( 61.45000000000001705, -16.50000000000000355, 6.000000000000000000 ) ) ;
#2755 = DIRECTION ( 'NONE',  ( 0.000000000000000000, 0.000000000000000000, -1.000000000000000000 ) ) ;
#2756 = EDGE_LOOP ( 'NONE', ( #2032, #3091, #1110, #1804, #1677 ) ) ;
#2757 = EDGE_CURVE ( 'NONE', #5533, #2130, #1566, .T. ) ;
#2758 = EDGE_CURVE ( 'NONE', #3970, #4794, #1633, .T. ) ;
#2759 = EDGE_LOOP ( 'NONE', ( #6868, #1918, #1461, #1394 ) ) ;
#2760 = DIRECTION ( 'NONE',  ( -0.000000000000000000, -0.000000000000000000, -1.000000000000000000 ) ) ;
#2761 = CARTESIAN_POINT ( 'NONE',  ( 44.85374360817894512, -24.50000000000000000, 3.500000000000003109 ) ) ;
#2762 = CARTESIAN_POINT ( 'NONE',  ( -2.750000000000064837, -26.50000000000000000, 0.6999999999999952927 ) ) ;
#2763 = FACE_OUTER_BOUND ( 'NONE', #2756, .T. ) ;
#2764 = DIRECTION ( 'NONE',  ( 1.000000000000000000, -0.000000000000000000, -0.000000000000000000 ) ) ;
#2765 = DIRECTION ( 'NONE',  ( -0.000000000000000000, -0.000000000000000000, 1.000000000000000000 ) ) ;
#2766 = EDGE_LOOP ( 'NONE', ( #4482, #860, #1451, #5889, #6758, #1073, #6156 ) ) ;
#2767 = EDGE_CURVE ( 'NONE', #2696, #4638, #1040, .T. ) ;
#2768 = ORIENTED_EDGE ( 'NONE', *, *, #5113, .T. ) ;
#2769 = VERTEX_POINT ( 'NONE', #540 ) ;
#2770 = CIRCLE ( 'NONE', #2431, 2.049999999999999822 ) ;
#2771 = PLANE ( 'NONE',  #3922 ) ;
#2772 = DIRECTION ( 'NONE',  ( 0.000000000000000000, -1.000000000000000000, 0.000000000000000000 ) ) ;
#2773 = DIRECTION ( 'NONE',  ( 0.000000000000000000, -0.000000000000000000, -1.000000000000000000 ) ) ;
#2774 = CARTESIAN_POINT ( 'NONE',  ( 61.45000000000001705, -16.50000000000000355, -4.000999999999999446 ) ) ;
#2775 = EDGE_LOOP ( 'NONE', ( #675, #4195, #3649, #911 ) ) ;
#2776 = EDGE_CURVE ( 'NONE', #5159, #2750, #4766, .T. ) ;
#2777 = CYLINDRICAL_SURFACE ( 'NONE', #1795, 3.000000000000002665 ) ;
#2778 = LINE ( 'NONE', #4307, #318 ) ;
#2779 = CARTESIAN_POINT ( 'NONE',  ( 48.57143374141650582, -11.50000000000000711, -55.82353258373179727 ) ) ;
#2780 = CARTESIAN_POINT ( 'NONE',  ( 33.24999999999992895, -26.50000000000000000, 2.750000000000000000 ) ) ;
#2781 = VERTEX_POINT ( 'NONE', #6389 ) ;
#2782 = ORIENTED_EDGE ( 'NONE', *, *, #3064, .F. ) ;
#2783 = ORIENTED_EDGE ( 'NONE', *, *, #3842, .T. ) ;
#2784 = AXIS2_PLACEMENT_3D ( 'NONE', #3757, #6847, #3147 ) ;
#2785 = DIRECTION ( 'NONE',  ( 1.000000000000000000, 0.000000000000000000, -0.000000000000000000 ) ) ;
#2786 = EDGE_CURVE ( 'NONE', #5218, #1058, #5670, .T. ) ;
#2787 = FACE_OUTER_BOUND ( 'NONE', #5882, .T. ) ;
#2788 = EDGE_CURVE ( 'NONE', #4692, #5856, #3211, .T. ) ;
#2789 = CARTESIAN_POINT ( 'NONE',  ( 80.00000000000001421, -18.50000000000000000, -0.5000000000000000000 ) ) ;
#2790 = LINE ( 'NONE', #1208, #1314 ) ;
#2791 = AXIS2_PLACEMENT_3D ( 'NONE', #2901, #3866, #4367 ) ;
#2792 = EDGE_LOOP ( 'NONE', ( #3804, #423, #3321, #164, #6367, #4938, #2824, #5642, #5820 ) ) ;
#2793 = ORIENTED_EDGE ( 'NONE', *, *, #2869, .T. ) ;
#2794 = AXIS2_PLACEMENT_3D ( 'NONE', #6861, #1650, #2106 ) ;
#2795 = AXIS2_PLACEMENT_3D ( 'NONE', #3371, #1898, #310 ) ;
#2796 = CARTESIAN_POINT ( 'NONE',  ( -0.9290584113754267737, -17.25000000000000000, -0.5000000000000000000 ) ) ;
#2797 = EDGE_CURVE ( 'NONE', #5309, #2966, #6455, .T. ) ;
#2798 = EDGE_CURVE ( 'NONE', #2846, #3575, #5409, .T. ) ;
#2799 = CARTESIAN_POINT ( 'NONE',  ( 36.48625318556786823, -21.70819627670685392, 2.441732027437620189 ) ) ;
#2800 = DIRECTION ( 'NONE',  ( 0.000000000000000000, 0.000000000000000000, -1.000000000000000000 ) ) ;
#2801 = DIRECTION ( 'NONE',  ( 0.000000000000000000, -0.000000000000000000, -1.000000000000000000 ) ) ;
#2802 = CARTESIAN_POINT ( 'NONE',  ( 68.17381614751239738, -15.69040589228146487, -0.5000000000000004441 ) ) ;
#2803 = VECTOR ( 'NONE', #5245, 1000.000000000000000 ) ;
#2804 = LINE ( 'NONE', #5518, #4363 ) ;
#2805 = CIRCLE ( 'NONE', #6695, 3.000000000000002665 ) ;
#2806 = ORIENTED_EDGE ( 'NONE', *, *, #2488, .T. ) ;
#2807 = AXIS2_PLACEMENT_3D ( 'NONE', #6350, #3695, #4220 ) ;
#2808 = VERTEX_POINT ( 'NONE', #3350 ) ;
#2809 = AXIS2_PLACEMENT_3D ( 'NONE', #53, #2169, #4740 ) ;
#2810 = EDGE_CURVE ( 'NONE', #2639, #1326, #2560, .T. ) ;
#2811 = CARTESIAN_POINT ( 'NONE',  ( -25.50000000000000355, -1.599999999999994760, 4.000000000000000000 ) ) ;
#2812 = FACE_OUTER_BOUND ( 'NONE', #693, .T. ) ;
#2813 = CARTESIAN_POINT ( 'NONE',  ( -16.50000000000000355, -8.500000000000007105, -4.000999999999999446 ) ) ;
#2814 = PLANE ( 'NONE',  #1338 ) ;
#2815 = ORIENTED_EDGE ( 'NONE', *, *, #5684, .F. ) ;
#2816 = AXIS2_PLACEMENT_3D ( 'NONE', #856, #960, #5623 ) ;
#2817 = LINE ( 'NONE', #628, #1234 ) ;
#2818 = DIRECTION ( 'NONE',  ( 0.000000000000000000, 0.000000000000000000, 1.000000000000000000 ) ) ;
#2819 = CARTESIAN_POINT ( 'NONE',  ( 93.50000000000001421, -1.095090516825905302, 6.001000000000000334 ) ) ;
#2820 = VECTOR ( 'NONE', #648, 1000.000000000000114 ) ;
#2821 = DIRECTION ( 'NONE',  ( 0.000000000000000000, 0.000000000000000000, 1.000000000000000000 ) ) ;
#2822 = ORIENTED_EDGE ( 'NONE', *, *, #901, .F. ) ;
#2823 = ORIENTED_EDGE ( 'NONE', *, *, #1304, .T. ) ;
#2824 = ORIENTED_EDGE ( 'NONE', *, *, #5063, .F. ) ;
#2825 = AXIS2_PLACEMENT_3D ( 'NONE', #3089, #4747, #6217 ) ;
#2826 = CARTESIAN_POINT ( 'NONE',  ( 44.59807066037252099, -22.53323666610696563, 3.500000000000000000 ) ) ;
#2827 = PLANE ( 'NONE',  #6835 ) ;
#2828 = CARTESIAN_POINT ( 'NONE',  ( 85.00000000000001421, -8.500000000000003553, 1.000000000000000000 ) ) ;
#2829 = DIRECTION ( 'NONE',  ( -1.000000000000000000, 0.000000000000000000, 0.000000000000000000 ) ) ;
#2830 = VECTOR ( 'NONE', #3654, 1000.000000000000000 ) ;
#2831 = ORIENTED_EDGE ( 'NONE', *, *, #1773, .T. ) ;
#2832 = ORIENTED_EDGE ( 'NONE', *, *, #6243, .F. ) ;
#2833 = EDGE_CURVE ( 'NONE', #1059, #3201, #3974, .T. ) ;
#2834 = EDGE_CURVE ( 'NONE', #1115, #2609, #4674, .T. ) ;
#2835 = VECTOR ( 'NONE', #5298, 1000.000000000000000 ) ;
#2836 = FILL_AREA_STYLE_COLOUR ( '', #1082 ) ;
#2837 = DIRECTION ( 'NONE',  ( 1.000000000000000000, 0.000000000000000000, 0.000000000000000000 ) ) ;
#2838 = CARTESIAN_POINT ( 'NONE',  ( 63.50000000000001421, -16.50000000000000355, 3.500000000000003109 ) ) ;
#2839 = DIRECTION ( 'NONE',  ( -0.000000000000000000, 1.000000000000000000, -0.000000000000000000 ) ) ;
#2840 = CYLINDRICAL_SURFACE ( 'NONE', #3454, 2.049999999999996270 ) ;
#2841 = CARTESIAN_POINT ( 'NONE',  ( 75.14174542453770300, -24.34824497460736836, 1.777215796071219378 ) ) ;
#2842 = CIRCLE ( 'NONE', #810, 2.049999999999993161 ) ;
#2843 = ORIENTED_EDGE ( 'NONE', *, *, #4507, .F. ) ;
#2844 = ORIENTED_EDGE ( 'NONE', *, *, #33, .T. ) ;
#2845 = EDGE_CURVE ( 'NONE', #1706, #1520, #753, .T. ) ;
#2846 = VERTEX_POINT ( 'NONE', #2234 ) ;
#2847 = VECTOR ( 'NONE', #4458, 1000.000000000000000 ) ;
#2848 = CARTESIAN_POINT ( 'NONE',  ( -0.6660605559646731733, -18.10000000000000142, -0.5000000000000000000 ) ) ;
#2849 = CARTESIAN_POINT ( 'NONE',  ( 4.420904884749274899, 0.8400000000000009681, 3.500000000000000000 ) ) ;
#2850 = CYLINDRICAL_SURFACE ( 'NONE', #5495, 4.000000000000000000 ) ;
#2851 = DIRECTION ( 'NONE',  ( -1.000000000000000000, 0.000000000000000000, 0.000000000000000000 ) ) ;
#2852 = EDGE_LOOP ( 'NONE', ( #6058, #6259, #1783, #1708, #1912, #121 ) ) ;
#2853 = EDGE_CURVE ( 'NONE', #4153, #1771, #6495, .T. ) ;
#2854 = CARTESIAN_POINT ( 'NONE',  ( 44.59807066037252099, -22.53323666610696563, -0.5000000000000004441 ) ) ;
#2855 = FACE_OUTER_BOUND ( 'NONE', #2523, .T. ) ;
#2856 = CARTESIAN_POINT ( 'NONE',  ( 0.4122776601683184050, -21.00364639817820844, 1.999999999999989120 ) ) ;
#2857 = ORIENTED_EDGE ( 'NONE', *, *, #988, .F. ) ;
#2858 = ORIENTED_EDGE ( 'NONE', *, *, #2798, .T. ) ;
#2859 = EDGE_LOOP ( 'NONE', ( #3394, #4154, #2205, #1824 ) ) ;
#2860 = DIRECTION ( 'NONE',  ( 0.000000000000000000, 0.000000000000000000, 1.000000000000000000 ) ) ;
#2861 = LINE ( 'NONE', #5609, #4173 ) ;
#2862 = LINE ( 'NONE', #3379, #4210 ) ;
#2863 = ORIENTED_EDGE ( 'NONE', *, *, #6196, .T. ) ;
#2864 = VERTEX_POINT ( 'NONE', #2762 ) ;
#2865 = DIRECTION ( 'NONE',  ( 1.000000000000000000, 1.261617073437677999E-16, 0.000000000000000000 ) ) ;
#2866 = CARTESIAN_POINT ( 'NONE',  ( 36.48816173500070192, -21.71757273468299942, 3.062765141996995233 ) ) ;
#2867 = CARTESIAN_POINT ( 'NONE',  ( 85.00000000000001421, -4.500000000000006217, -89.54697091471047088 ) ) ;
#2868 = LINE ( 'NONE', #1359, #1488 ) ;
#2869 = EDGE_CURVE ( 'NONE', #2211, #5540, #3316, .T. ) ;
#2870 = UNCERTAINTY_MEASURE_WITH_UNIT (LENGTH_MEASURE( 1.000000000000000082E-05 ), #3778, 'distance_accuracy_value', 'NONE');
#2871 = FACE_OUTER_BOUND ( 'NONE', #5633, .T. ) ;
#2872 = CARTESIAN_POINT ( 'NONE',  ( 75.08772233983154365, -24.37485555389435277, 3.500000000000003109 ) ) ;
#2873 = ORIENTED_EDGE ( 'NONE', *, *, #488, .F. ) ;
#2874 = ORIENTED_EDGE ( 'NONE', *, *, #2672, .F. ) ;
#2875 = FACE_OUTER_BOUND ( 'NONE', #5405, .T. ) ;
#2877 = ADVANCED_FACE ( 'NONE', ( #2339 ), #5018, .T. ) ;
#2876 = DIRECTION ( 'NONE',  ( -0.000000000000000000, -0.000000000000000000, 1.000000000000000000 ) ) ;
#2878 = CARTESIAN_POINT ( 'NONE',  ( 75.08772233983154365, -19.50000000000000000, 3.500000000000000000 ) ) ;
#2879 = EDGE_CURVE ( 'NONE', #1401, #827, #6802, .T. ) ;
#2880 = CARTESIAN_POINT ( 'NONE',  ( -12.50000000000000533, -18.50000000000000355, 0.5000000000000004441 ) ) ;
#2881 = ORIENTED_EDGE ( 'NONE', *, *, #5225, .F. ) ;
#2882 = CARTESIAN_POINT ( 'NONE',  ( -26.50000000000001066, -7.000000000000004441, 4.000000000000000888 ) ) ;
#2883 = CARTESIAN_POINT ( 'NONE',  ( 33.24999999999992895, -26.50000000000000000, 4.799999999999993605 ) ) ;
#2884 = ADVANCED_FACE ( 'NONE', ( #1259 ), #1851, .F. ) ;
#2885 = EDGE_CURVE ( 'NONE', #5856, #5552, #1223, .T. ) ;
#2886 = CIRCLE ( 'NONE', #2989, 3.000000000000002665 ) ;
#2887 = DIRECTION ( 'NONE',  ( -1.000000000000000000, 0.000000000000000000, 0.000000000000000000 ) ) ;
#2888 = ORIENTED_EDGE ( 'NONE', *, *, #4657, .T. ) ;
#2889 = AXIS2_PLACEMENT_3D ( 'NONE', #6593, #4496, #1844 ) ;
#2890 = ORIENTED_EDGE ( 'NONE', *, *, #2499, .F. ) ;
#2891 = ORIENTED_EDGE ( 'NONE', *, *, #3429, .F. ) ;
#2892 = CARTESIAN_POINT ( 'NONE',  ( -16.50000000000000355, -8.500000000000007105, -0.4999999999999995559 ) ) ;
#2893 = LINE ( 'NONE', #6627, #2847 ) ;
#2894 = EDGE_CURVE ( 'NONE', #958, #4728, #128, .T. ) ;
#2895 = DIRECTION ( 'NONE',  ( 1.000000000000000000, 3.469446951953611033E-15, 0.000000000000000000 ) ) ;
#2896 = ORIENTED_EDGE ( 'NONE', *, *, #5052, .F. ) ;
#2897 = VERTEX_POINT ( 'NONE', #4879 ) ;
#2898 = CARTESIAN_POINT ( 'NONE',  ( 54.81894612933521671, -15.79761910744664455, 3.500000000000000000 ) ) ;
#2899 = VECTOR ( 'NONE', #2689, 1000.000000000000000 ) ;
#2900 = CARTESIAN_POINT ( 'NONE',  ( 81.00000000000001421, -10.50000000000000711, -0.5000000000000000000 ) ) ;
#2901 = CARTESIAN_POINT ( 'NONE',  ( 48.57143374141650582, -11.50000000000000711, 3.500000000000003109 ) ) ;
#2902 = FACE_OUTER_BOUND ( 'NONE', #5810, .T. ) ;
#2903 = DIRECTION ( 'NONE',  ( 1.000000000000000000, 0.000000000000000000, 0.000000000000000000 ) ) ;
#2904 = CARTESIAN_POINT ( 'NONE',  ( 75.58740329699539018, -23.29160297921059453, 0.8862848965278424807 ) ) ;
#2905 = VERTEX_POINT ( 'NONE', #1323 ) ;
#2906 = ORIENTED_EDGE ( 'NONE', *, *, #3313, .T. ) ;
#2907 = VECTOR ( 'NONE', #3908, 1000.000000000000114 ) ;
#2908 = VECTOR ( 'NONE', #1778, 1000.000000000000000 ) ;
#2909 = CARTESIAN_POINT ( 'NONE',  ( -22.50000000000000000, -3.600000000000004974, -1.700000000000000178 ) ) ;
#2910 = VECTOR ( 'NONE', #523, 1000.000000000000000 ) ;
#2911 = PLANE ( 'NONE',  #978 ) ;
#2912 = CARTESIAN_POINT ( 'NONE',  ( 75.04807905405655788, -19.71114294941239109, 3.310048046740931227 ) ) ;
#2913 = VECTOR ( 'NONE', #3985, 1000.000000000000000 ) ;
#2914 = CARTESIAN_POINT ( 'NONE',  ( 89.00000000000001421, -4.000000000000000000, -13.50925608610629602 ) ) ;
#2915 = ORIENTED_EDGE ( 'NONE', *, *, #6644, .T. ) ;
#2916 = CIRCLE ( 'NONE', #6812, 1.000000000000000000 ) ;
#2917 = EDGE_CURVE ( 'NONE', #376, #709, #1336, .T. ) ;
#2918 = CIRCLE ( 'NONE', #5690, 1.000000000000000888 ) ;
#2919 = ADVANCED_FACE ( 'NONE', ( #4402 ), #2274, .F. ) ;
#2920 = LINE ( 'NONE', #2356, #6809 ) ;
#2921 = DIRECTION ( 'NONE',  ( 0.7313537016191743456, -0.6819983600624943687, 0.000000000000000000 ) ) ;
#2922 = DIRECTION ( 'NONE',  ( 1.000000000000000000, 0.000000000000000000, 0.000000000000000000 ) ) ;
#2923 = EDGE_LOOP ( 'NONE', ( #1938, #2112 ) ) ;
#2924 = ORIENTED_EDGE ( 'NONE', *, *, #5063, .T. ) ;
#2925 = EDGE_CURVE ( 'NONE', #738, #3040, #1101, .T. ) ;
#2926 = EDGE_CURVE ( 'NONE', #711, #3821, #719, .T. ) ;
#2927 = ORIENTED_EDGE ( 'NONE', *, *, #2611, .F. ) ;
#2928 = CIRCLE ( 'NONE', #1464, 1.000000000000000888 ) ;
#2929 = CARTESIAN_POINT ( 'NONE',  ( 18.12312319605659994, -12.48089122642681481, -0.5000000000000004441 ) ) ;
#2930 = CARTESIAN_POINT ( 'NONE',  ( -1.676349562706285878, -14.73032354161088264, 3.500000000000003109 ) ) ;
#2931 = LINE ( 'NONE', #5048, #5440 ) ;
#2932 = AXIS2_PLACEMENT_3D ( 'NONE', #236, #1721, #4513 ) ;
#2933 = ORIENTED_EDGE ( 'NONE', *, *, #6636, .F. ) ;
#2934 = AXIS2_PLACEMENT_3D ( 'NONE', #3755, #3795, #5892 ) ;
#2935 = ORIENTED_EDGE ( 'NONE', *, *, #4490, .F. ) ;
#2936 = EDGE_CURVE ( 'NONE', #4772, #233, #4981, .T. ) ;
#2937 = VERTEX_POINT ( 'NONE', #5544 ) ;
#2938 = LINE ( 'NONE', #788, #6780 ) ;
#2939 = CARTESIAN_POINT ( 'NONE',  ( 36.50000556500410198, -21.74005841183100074, 2.906104123970203013 ) ) ;
#2940 = CARTESIAN_POINT ( 'NONE',  ( 78.24999999999992895, -21.50000000000000000, 4.799999999999993605 ) ) ;
#2941 = VECTOR ( 'NONE', #4426, 1000.000000000000000 ) ;
#2942 = CARTESIAN_POINT ( 'NONE',  ( -7.349999999999995204, -26.50000000000000355, -0.5000000000000000000 ) ) ;
#2943 = FACE_OUTER_BOUND ( 'NONE', #6336, .T. ) ;
#2944 = EDGE_CURVE ( 'NONE', #3864, #1681, #314, .T. ) ;
#2945 = ORIENTED_EDGE ( 'NONE', *, *, #1318, .F. ) ;
#2946 = ORIENTED_EDGE ( 'NONE', *, *, #6550, .T. ) ;
#2947 = CIRCLE ( 'NONE', #4391, 2.000000000000001776 ) ;
#2948 = DIRECTION ( 'NONE',  ( 1.000000000000000000, 0.000000000000000000, 0.000000000000000000 ) ) ;
#2949 = DIRECTION ( 'NONE',  ( -1.000000000000000000, 0.000000000000000000, 0.000000000000000000 ) ) ;
#2950 = CARTESIAN_POINT ( 'NONE',  ( 75.07037558674306865, -19.62498637189662176, 2.074778192754691553 ) ) ;
#2951 = CARTESIAN_POINT ( 'NONE',  ( -22.50000000000000000, -15.67157287525381548, 6.000000000000000000 ) ) ;
#2952 = ORIENTED_EDGE ( 'NONE', *, *, #1098, .T. ) ;
#2953 = LINE ( 'NONE', #4417, #3015 ) ;
#2954 = DIRECTION ( 'NONE',  ( 0.000000000000000000, -0.000000000000000000, 1.000000000000000000 ) ) ;
#2955 = DIRECTION ( 'NONE',  ( 0.000000000000000000, -1.000000000000000000, 0.000000000000000000 ) ) ;
#2956 = CARTESIAN_POINT ( 'NONE',  ( 0.000000000000000000, 0.000000000000000000, 3.500000000000000000 ) ) ;
#2957 = VERTEX_POINT ( 'NONE', #6001 ) ;
#2958 = ADVANCED_FACE ( 'NONE', ( #5249 ), #1970, .F. ) ;
#2959 = ORIENTED_EDGE ( 'NONE', *, *, #5421, .T. ) ;
#2960 = EDGE_LOOP ( 'NONE', ( #1590, #4171, #6128, #2406 ) ) ;
#2961 = DIRECTION ( 'NONE',  ( 0.000000000000000000, 0.000000000000000000, -1.000000000000000000 ) ) ;
#2962 = DIRECTION ( 'NONE',  ( 0.000000000000000000, 0.000000000000000000, 1.000000000000000000 ) ) ;
#2963 = CARTESIAN_POINT ( 'NONE',  ( 73.67537375900982966, -20.32694737248047545, -55.82353258373179727 ) ) ;
#2964 = EDGE_CURVE ( 'NONE', #2548, #4813, #2204, .T. ) ;
#2965 = ORIENTED_EDGE ( 'NONE', *, *, #3383, .T. ) ;
#2966 = VERTEX_POINT ( 'NONE', #2109 ) ;
#2967 = DIRECTION ( 'NONE',  ( -1.000000000000000000, 0.000000000000000000, 0.000000000000000000 ) ) ;
#2968 = PLANE ( 'NONE',  #5260 ) ;
#2969 = DIRECTION ( 'NONE',  ( -0.000000000000000000, 1.000000000000000000, -0.000000000000000000 ) ) ;
#2970 = EDGE_CURVE ( 'NONE', #1326, #5302, #2075, .T. ) ;
#2971 = EDGE_CURVE ( 'NONE', #5224, #5814, #6576, .T. ) ;
#2972 = DIRECTION ( 'NONE',  ( -0.000000000000000000, -0.000000000000000000, -1.000000000000000000 ) ) ;
#2973 = ORIENTED_EDGE ( 'NONE', *, *, #6082, .T. ) ;
#2974 = EDGE_LOOP ( 'NONE', ( #3854, #5325 ) ) ;
#2975 = ADVANCED_FACE ( 'NONE', ( #3066 ), #3097, .F. ) ;
#2976 = CARTESIAN_POINT ( 'NONE',  ( -2.750000000000064837, -19.50000000000000000, 2.749999999999995115 ) ) ;
#2977 = DIRECTION ( 'NONE',  ( 1.000000000000000000, 0.000000000000000000, 0.000000000000000000 ) ) ;
#2978 = FACE_OUTER_BOUND ( 'NONE', #3082, .T. ) ;
#2979 = DIRECTION ( 'NONE',  ( 0.000000000000000000, 0.000000000000000000, 1.000000000000000000 ) ) ;
#2980 = VERTEX_POINT ( 'NONE', #421 ) ;
#2981 = DIRECTION ( 'NONE',  ( 0.000000000000000000, -0.000000000000000000, -1.000000000000000000 ) ) ;
#2982 = CARTESIAN_POINT ( 'NONE',  ( -14.09999999999999787, -18.50000000000000355, 2.000000000000000000 ) ) ;
#2983 = CARTESIAN_POINT ( 'NONE',  ( 93.50000000000001421, -26.50000000000000000, 1.725000000000000089 ) ) ;
#2984 = DIRECTION ( 'NONE',  ( 0.000000000000000000, 0.000000000000000000, 1.000000000000000000 ) ) ;
#2985 = VERTEX_POINT ( 'NONE', #2606 ) ;
#2986 = ORIENTED_EDGE ( 'NONE', *, *, #4735, .F. ) ;
#2987 = EDGE_LOOP ( 'NONE', ( #1144, #6413 ) ) ;
#2988 = CARTESIAN_POINT ( 'NONE',  ( -15.50000000000000000, -3.599999999999995204, -11.89803902718557005 ) ) ;
#2989 = AXIS2_PLACEMENT_3D ( 'NONE', #6734, #5578, #1878 ) ;
#2990 = CARTESIAN_POINT ( 'NONE',  ( 0.4452384833780859696, -23.76050943607377164, 3.346793918234550969 ) ) ;
#2991 = VECTOR ( 'NONE', #2683, 1000.000000000000000 ) ;
#2992 = FACE_OUTER_BOUND ( 'NONE', #4493, .T. ) ;
#2993 = VERTEX_POINT ( 'NONE', #4725 ) ;
#2994 = ORIENTED_EDGE ( 'NONE', *, *, #6720, .F. ) ;
#2995 = ADVANCED_FACE ( 'NONE', ( #4623 ), #4206, .T. ) ;
#2996 = EDGE_CURVE ( 'NONE', #2640, #4334, #6224, .T. ) ;
#2997 = DIRECTION ( 'NONE',  ( 0.000000000000000000, 0.000000000000000000, 1.000000000000000000 ) ) ;
#2998 = DIRECTION ( 'NONE',  ( 0.000000000000000000, 0.000000000000000000, 1.000000000000000000 ) ) ;
#2999 = CARTESIAN_POINT ( 'NONE',  ( 1.626379040597121017, -20.25674932087425617, 3.500000000000003109 ) ) ;
#3000 = DIRECTION ( 'NONE',  ( 0.000000000000000000, 0.000000000000000000, 1.000000000000000000 ) ) ;
#3001 = ORIENTED_EDGE ( 'NONE', *, *, #555, .F. ) ;
#3002 = ORIENTED_EDGE ( 'NONE', *, *, #3660, .F. ) ;
#3003 = VECTOR ( 'NONE', #5374, 1000.000000000000000 ) ;
#3004 = EDGE_CURVE ( 'NONE', #4986, #4939, #4007, .T. ) ;
#3005 = EDGE_CURVE ( 'NONE', #4181, #683, #6831, .T. ) ;
#3006 = CARTESIAN_POINT ( 'NONE',  ( 6.135136208847890238, -18.98413384340919663, -0.5000000000000000000 ) ) ;
#3007 = LINE ( 'NONE', #2589, #4557 ) ;
#3008 = CYLINDRICAL_SURFACE ( 'NONE', #1032, 1.000000000000000000 ) ;
#3009 = LINE ( 'NONE', #406, #3133 ) ;
#3010 = AXIS2_PLACEMENT_3D ( 'NONE', #3094, #3533, #3128 ) ;
#3011 = ORIENTED_EDGE ( 'NONE', *, *, #3167, .F. ) ;
#3012 = VECTOR ( 'NONE', #5395, 1000.000000000000000 ) ;
#3013 = VERTEX_POINT ( 'NONE', #5740 ) ;
#3014 = ADVANCED_FACE ( 'NONE', ( #4177 ), #6302, .F. ) ;
#3015 = VECTOR ( 'NONE', #3851, 1000.000000000000000 ) ;
#3016 = CIRCLE ( 'NONE', #2012, 1.000000000000000888 ) ;
#3017 = DIRECTION ( 'NONE',  ( 1.000000000000000000, -1.211399075402798040E-16, 0.000000000000000000 ) ) ;
#3018 = DIRECTION ( 'NONE',  ( 0.3243243243243243423, -0.9459459459459459429, 0.000000000000000000 ) ) ;
#3019 = CARTESIAN_POINT ( 'NONE',  ( -15.49999999999999822, -4.499999999999997335, 0.000000000000000000 ) ) ;
#3020 = CYLINDRICAL_SURFACE ( 'NONE', #2482, 1.000000000000000888 ) ;
#3021 = DIRECTION ( 'NONE',  ( -1.927470528863119295E-16, -1.000000000000000000, 0.000000000000000000 ) ) ;
#3022 = VECTOR ( 'NONE', #1585, 1000.000000000000000 ) ;
#3023 = ORIENTED_EDGE ( 'NONE', *, *, #4789, .F. ) ;
#3024 = CIRCLE ( 'NONE', #1235, 2.049999999999996270 ) ;
#3025 = ORIENTED_EDGE ( 'NONE', *, *, #467, .F. ) ;
#3026 = DIRECTION ( 'NONE',  ( 1.000000000000000000, 0.000000000000000000, 0.000000000000000000 ) ) ;
#3027 = VECTOR ( 'NONE', #21, 1000.000000000000000 ) ;
#3028 = DIRECTION ( 'NONE',  ( 0.000000000000000000, 0.000000000000000000, -1.000000000000000000 ) ) ;
#3029 = AXIS2_PLACEMENT_3D ( 'NONE', #5504, #4425, #5608 ) ;
#3030 = LINE ( 'NONE', #3537, #2206 ) ;
#3031 = EDGE_LOOP ( 'NONE', ( #3624, #4792 ) ) ;
#3032 = ORIENTED_EDGE ( 'NONE', *, *, #1420, .T. ) ;
#3033 = VECTOR ( 'NONE', #2688, 1000.000000000000000 ) ;
#3034 = DIRECTION ( 'NONE',  ( -0.000000000000000000, -0.000000000000000000, -1.000000000000000000 ) ) ;
#3035 = CARTESIAN_POINT ( 'NONE',  ( 35.00000000000000000, 0.000000000000000000, 1.000000000000000000 ) ) ;
#3036 = CIRCLE ( 'NONE', #6395, 1.999999999999998224 ) ;
#3037 = CARTESIAN_POINT ( 'NONE',  ( -1.582575694955842938, -19.50000000000000000, 2.749999999999995115 ) ) ;
#3038 = AXIS2_PLACEMENT_3D ( 'NONE', #431, #3140, #3685 ) ;
#3039 = PLANE ( 'NONE',  #1441 ) ;
#3040 = VERTEX_POINT ( 'NONE', #1586 ) ;
#3041 = ADVANCED_FACE ( 'NONE', ( #2009 ), #3608, .F. ) ;
#3042 = ORIENTED_EDGE ( 'NONE', *, *, #3857, .T. ) ;
#3043 = VECTOR ( 'NONE', #6752, 1000.000000000000000 ) ;
#3044 = DIRECTION ( 'NONE',  ( 0.7071067811865463515, -0.7071067811865487940, 0.000000000000000000 ) ) ;
#3045 = LINE ( 'NONE', #5163, #418 ) ;
#3046 = LINE ( 'NONE', #4057, #3164 ) ;
#3047 = DIRECTION ( 'NONE',  ( -1.000000000000000000, 0.000000000000000000, 0.000000000000000000 ) ) ;
#3048 = EDGE_LOOP ( 'NONE', ( #6900, #4289, #6198, #3928, #1664 ) ) ;
#3049 = CIRCLE ( 'NONE', #5386, 1.599999999999997202 ) ;
#3050 = ADVANCED_FACE ( 'NONE', ( #6372 ), #3711, .F. ) ;
#3051 = EDGE_CURVE ( 'NONE', #4640, #603, #3820, .T. ) ;
#3052 = ORIENTED_EDGE ( 'NONE', *, *, #2885, .F. ) ;
#3053 = AXIS2_PLACEMENT_3D ( 'NONE', #5366, #2224, #3785 ) ;
#3054 = CARTESIAN_POINT ( 'NONE',  ( 6.918920261059859911, -19.60516730426149579, 91.99722379239923953 ) ) ;
#3055 = FACE_OUTER_BOUND ( 'NONE', #2539, .T. ) ;
#3056 = FACE_OUTER_BOUND ( 'NONE', #2492, .T. ) ;
#3057 = DIRECTION ( 'NONE',  ( 0.000000000000000000, 0.000000000000000000, 1.000000000000000000 ) ) ;
#3058 = DIRECTION ( 'NONE',  ( 0.000000000000000000, 0.000000000000000000, 1.000000000000000000 ) ) ;
#3059 = ORIENTED_EDGE ( 'NONE', *, *, #2355, .T. ) ;
#3060 = EDGE_CURVE ( 'NONE', #6624, #6056, #4862, .T. ) ;
#3061 = ORIENTED_EDGE ( 'NONE', *, *, #579, .T. ) ;
#3062 = EDGE_LOOP ( 'NONE', ( #3863, #5729, #1409, #1904 ) ) ;
#3063 = PLANE ( 'NONE',  #4227 ) ;
#3064 = EDGE_CURVE ( 'NONE', #3201, #3518, #6439, .T. ) ;
#3065 = CARTESIAN_POINT ( 'NONE',  ( -39.37265766372466658, -3.399999999999995914, 4.000000000000000000 ) ) ;
#3066 = FACE_OUTER_BOUND ( 'NONE', #2464, .T. ) ;
#3067 = DIRECTION ( 'NONE',  ( -0.000000000000000000, -0.000000000000000000, -1.000000000000000000 ) ) ;
#3068 = ORIENTED_EDGE ( 'NONE', *, *, #5262, .T. ) ;
#3069 = ORIENTED_EDGE ( 'NONE', *, *, #2056, .F. ) ;
#3070 = FACE_BOUND ( 'NONE', #2363, .T. ) ;
#3071 = DIRECTION ( 'NONE',  ( 0.000000000000000000, 0.000000000000000000, -1.000000000000000000 ) ) ;
#3072 = CARTESIAN_POINT ( 'NONE',  ( -25.50000000000000355, -1.599999999999994760, 4.000000000000000000 ) ) ;
#3073 = CARTESIAN_POINT ( 'NONE',  ( 31.25000000000000711, -19.50000000000000000, -0.5000000000000004441 ) ) ;
#3074 = VERTEX_POINT ( 'NONE', #2182 ) ;
#3075 = EDGE_CURVE ( 'NONE', #2405, #5358, #1087, .T. ) ;
#3076 = ORIENTED_EDGE ( 'NONE', *, *, #6076, .F. ) ;
#3077 = EDGE_CURVE ( 'NONE', #5378, #5533, #3447, .T. ) ;
#3078 = DIRECTION ( 'NONE',  ( 0.000000000000000000, 1.000000000000000000, -0.000000000000000000 ) ) ;
#3079 = CYLINDRICAL_SURFACE ( 'NONE', #6228, 1.000000000000000000 ) ;
#3080 = DIRECTION ( 'NONE',  ( -0.3243243243243237872, 0.9459459459459461650, 0.000000000000000000 ) ) ;
#3081 = DIRECTION ( 'NONE',  ( 0.000000000000000000, 1.000000000000000000, 0.000000000000000000 ) ) ;
#3082 = EDGE_LOOP ( 'NONE', ( #6102, #4042, #5956, #6920 ) ) ;
#3083 = VERTEX_POINT ( 'NONE', #1731 ) ;
#3084 = EDGE_CURVE ( 'NONE', #5848, #3743, #1129, .T. ) ;
#3085 = EDGE_CURVE ( 'NONE', #2131, #4890, #6232, .T. ) ;
#3086 = LINE ( 'NONE', #6182, #1788 ) ;
#3087 = CARTESIAN_POINT ( 'NONE',  ( -4.500000000000000000, -4.499999999999995559, 0.000000000000000000 ) ) ;
#3088 = DIRECTION ( 'NONE',  ( -1.000000000000000000, 0.000000000000000000, 0.000000000000000000 ) ) ;
#3089 = CARTESIAN_POINT ( 'NONE',  ( -23.50000000000000000, -24.00000000000002487, -4.000999999999999446 ) ) ;
#3090 = CARTESIAN_POINT ( 'NONE',  ( -27.50000000000000000, -3.399999999999995914, -4.000000000000000000 ) ) ;
#3091 = ORIENTED_EDGE ( 'NONE', *, *, #4102, .F. ) ;
#3092 = VERTEX_POINT ( 'NONE', #2147 ) ;
#3093 = EDGE_CURVE ( 'NONE', #2022, #4985, #6909, .T. ) ;
#3094 = CARTESIAN_POINT ( 'NONE',  ( 35.00000000000000000, 0.000000000000000000, 3.500000000000000000 ) ) ;
#3095 = EDGE_CURVE ( 'NONE', #3886, #367, #3896, .T. ) ;
#3096 = DIRECTION ( 'NONE',  ( -1.000000000000000000, 0.000000000000000000, 0.000000000000000000 ) ) ;
#3097 = PLANE ( 'NONE',  #5116 ) ;
#3098 = CARTESIAN_POINT ( 'NONE',  ( 21.90192933962750388, -22.53323666610696563, 3.500000000000000000 ) ) ;
#3099 = VERTEX_POINT ( 'NONE', #5915 ) ;
#3100 = ORIENTED_EDGE ( 'NONE', *, *, #1412, .T. ) ;
#3101 = VECTOR ( 'NONE', #448, 1000.000000000000000 ) ;
#3102 = ORIENTED_EDGE ( 'NONE', *, *, #3287, .F. ) ;
#3103 = VECTOR ( 'NONE', #784, 1000.000000000000000 ) ;
#3104 = EDGE_CURVE ( 'NONE', #2172, #4673, #5313, .T. ) ;
#3105 = PLANE ( 'NONE',  #3674 ) ;
#3106 = CARTESIAN_POINT ( 'NONE',  ( 1.600000000000000089, 1.959434878635765230E-16, 3.500000000000000000 ) ) ;
#3107 = CARTESIAN_POINT ( 'NONE',  ( 93.50000000000001421, -4.000000000000000000, 1.725000000000000089 ) ) ;
#3108 = ORIENTED_EDGE ( 'NONE', *, *, #842, .F. ) ;
#3109 = ORIENTED_EDGE ( 'NONE', *, *, #3455, .F. ) ;
#3110 = DIRECTION ( 'NONE',  ( -0.000000000000000000, -0.000000000000000000, 1.000000000000000000 ) ) ;
#3111 = CARTESIAN_POINT ( 'NONE',  ( 59.06219459593107501, -16.63925516693673146, 3.500000000000000000 ) ) ;
#3112 = DIRECTION ( 'NONE',  ( -1.000000000000000000, 0.000000000000000000, 0.000000000000000000 ) ) ;
#3113 = CARTESIAN_POINT ( 'NONE',  ( -21.00000000000001066, -26.50000000000000000, 3.000000000000000000 ) ) ;
#3114 = ORIENTED_EDGE ( 'NONE', *, *, #297, .F. ) ;
#3115 = EDGE_LOOP ( 'NONE', ( #2376, #4884, #3585, #2823 ) ) ;
#3116 = AXIS2_PLACEMENT_3D ( 'NONE', #6612, #1828, #762 ) ;
#3117 = DIRECTION ( 'NONE',  ( 0.000000000000000000, 0.000000000000000000, -1.000000000000000000 ) ) ;
#3118 = LINE ( 'NONE', #6854, #5363 ) ;
#3119 = CARTESIAN_POINT ( 'NONE',  ( 59.32540679113373727, -18.63840397036847207, -0.5000000000000004441 ) ) ;
#3120 = DIRECTION ( 'NONE',  ( -0.000000000000000000, -0.000000000000000000, -1.000000000000000000 ) ) ;
#3121 = VECTOR ( 'NONE', #601, 1000.000000000000000 ) ;
#3122 = LINE ( 'NONE', #2038, #4350 ) ;
#3123 = ORIENTED_EDGE ( 'NONE', *, *, #6671, .T. ) ;
#3124 = EDGE_CURVE ( 'NONE', #6140, #3625, #2258, .T. ) ;
#3125 = LINE ( 'NONE', #2212, #6357 ) ;
#3126 = VECTOR ( 'NONE', #4589, 1000.000000000000000 ) ;
#3127 = AXIS2_PLACEMENT_3D ( 'NONE', #4488, #278, #6682 ) ;
#3128 = DIRECTION ( 'NONE',  ( -1.000000000000000000, 0.000000000000000000, 0.000000000000000000 ) ) ;
#3129 = CARTESIAN_POINT ( 'NONE',  ( 70.00000000000000000, 0.000000000000000000, 0.000000000000000000 ) ) ;
#3130 = DIRECTION ( 'NONE',  ( -0.000000000000000000, -0.000000000000000000, -1.000000000000000000 ) ) ;
#3131 = AXIS2_PLACEMENT_3D ( 'NONE', #3054, #4612, #3626 ) ;
#3132 = DIRECTION ( 'NONE',  ( 0.000000000000000000, 0.000000000000000000, 1.000000000000000000 ) ) ;
#3133 = VECTOR ( 'NONE', #4607, 1000.000000000000000 ) ;
#3134 = ORIENTED_EDGE ( 'NONE', *, *, #1428, .F. ) ;
#3135 = EDGE_CURVE ( 'NONE', #3762, #4036, #4560, .T. ) ;
#3136 = VERTEX_POINT ( 'NONE', #69 ) ;
#3137 = VECTOR ( 'NONE', #2200, 1000.000000000000000 ) ;
#3138 = VECTOR ( 'NONE', #4091, 1000.000000000000000 ) ;
#3139 = DIRECTION ( 'NONE',  ( 0.000000000000000000, -0.000000000000000000, -1.000000000000000000 ) ) ;
#3140 = DIRECTION ( 'NONE',  ( -1.000000000000000000, 0.000000000000000000, 0.000000000000000000 ) ) ;
#3141 = FACE_BOUND ( 'NONE', #73, .T. ) ;
#3142 = ORIENTED_EDGE ( 'NONE', *, *, #1900, .T. ) ;
#3143 = ADVANCED_FACE ( 'NONE', ( #2295 ), #2669, .F. ) ;
#3144 = ORIENTED_EDGE ( 'NONE', *, *, #4009, .F. ) ;
#3145 = VECTOR ( 'NONE', #1985, 1000.000000000000000 ) ;
#3146 = DIRECTION ( 'NONE',  ( 1.000000000000000000, 0.000000000000000000, 0.000000000000000000 ) ) ;
#3147 = DIRECTION ( 'NONE',  ( -1.000000000000000000, 0.000000000000000000, 0.000000000000000000 ) ) ;
#3148 = CARTESIAN_POINT ( 'NONE',  ( 36.41227766016831424, -21.33047371415610627, 2.000000000000012879 ) ) ;
#3149 = LINE ( 'NONE', #4848, #3027 ) ;
#3150 = CARTESIAN_POINT ( 'NONE',  ( 81.00000000000001421, -10.50000000000000711, 3.500000000000003109 ) ) ;
#3151 = ORIENTED_EDGE ( 'NONE', *, *, #4750, .F. ) ;
#3152 = ORIENTED_EDGE ( 'NONE', *, *, #1678, .T. ) ;
#3153 = ORIENTED_EDGE ( 'NONE', *, *, #4335, .T. ) ;
#3154 = AXIS2_PLACEMENT_3D ( 'NONE', #4949, #6000, #4468 ) ;
#3155 = CIRCLE ( 'NONE', #4932, 2.049999999999996270 ) ;
#3156 = DIRECTION ( 'NONE',  ( 1.000000000000000000, -8.673617379884027583E-16, 0.000000000000000000 ) ) ;
#3157 = DIRECTION ( 'NONE',  ( -1.000000000000000000, 1.211399075402798040E-16, 0.000000000000000000 ) ) ;
#3158 = DIRECTION ( 'NONE',  ( -0.000000000000000000, -0.000000000000000000, 1.000000000000000000 ) ) ;
#3160 = AXIS2_PLACEMENT_3D ( 'NONE', #1897, #1341, #1375 ) ;
#3159 = DIRECTION ( 'NONE',  ( -0.000000000000000000, -0.000000000000000000, -1.000000000000000000 ) ) ;
#3161 = LINE ( 'NONE', #6258, #3347 ) ;
#3162 = EDGE_LOOP ( 'NONE', ( #4659, #3153, #4025, #1621 ) ) ;
#3163 = VERTEX_POINT ( 'NONE', #4346 ) ;
#3164 = VECTOR ( 'NONE', #404, 1000.000000000000000 ) ;
#3165 = CARTESIAN_POINT ( 'NONE',  ( -10.49999999999999822, -1.599999999999995204, -1.700000000000000178 ) ) ;
#3166 = CARTESIAN_POINT ( 'NONE',  ( 11.61993786033147735, -17.74527366776648307, -0.5000000000000004441 ) ) ;
#3167 = EDGE_CURVE ( 'NONE', #6522, #3420, #5983, .T. ) ;
#3168 = DIRECTION ( 'NONE',  ( 1.000000000000000000, 0.000000000000000000, 0.000000000000000000 ) ) ;
#3169 = DIRECTION ( 'NONE',  ( 1.000000000000000000, 0.000000000000000000, 0.000000000000000000 ) ) ;
#3170 = ORIENTED_EDGE ( 'NONE', *, *, #3671, .F. ) ;
#3171 = ORIENTED_EDGE ( 'NONE', *, *, #2371, .F. ) ;
#3172 = FACE_OUTER_BOUND ( 'NONE', #6788, .T. ) ;
#3173 = EDGE_CURVE ( 'NONE', #5566, #2172, #565, .T. ) ;
#3174 = CARTESIAN_POINT ( 'NONE',  ( -8.849999999999996092, -18.50000000000000355, 5.000000000000000000 ) ) ;
#3175 = CARTESIAN_POINT ( 'NONE',  ( 6.284715534938208670, -14.21731652335774676, 91.99722379239923953 ) ) ;
#3176 = EDGE_LOOP ( 'NONE', ( #6048, #4647, #2633, #3667 ) ) ;
#3177 = ORIENTED_EDGE ( 'NONE', *, *, #4023, .F. ) ;
#3178 = VECTOR ( 'NONE', #3925, 1000.000000000000000 ) ;
#3179 = ADVANCED_FACE ( 'NONE', ( #4421 ), #4790, .F. ) ;
#3180 = CARTESIAN_POINT ( 'NONE',  ( -11.50000000000000533, -14.50000000000000178, 3.499999999999999556 ) ) ;
#3181 = CARTESIAN_POINT ( 'NONE',  ( -5.500000000000000000, -3.599999999999995648, 0.000000000000000000 ) ) ;
#3182 = CARTESIAN_POINT ( 'NONE',  ( 68.49814047183672017, -16.63635183822741226, -0.5000000000000004441 ) ) ;
#3183 = DIRECTION ( 'NONE',  ( -0.000000000000000000, -0.000000000000000000, -1.000000000000000000 ) ) ;
#3184 = DIRECTION ( 'NONE',  ( -0.000000000000000000, -1.000000000000000000, -0.000000000000000000 ) ) ;
#3185 = ORIENTED_EDGE ( 'NONE', *, *, #901, .T. ) ;
#3186 = ORIENTED_EDGE ( 'NONE', *, *, #5295, .T. ) ;
#3187 = ORIENTED_EDGE ( 'NONE', *, *, #3313, .F. ) ;
#3188 = DIRECTION ( 'NONE',  ( 0.000000000000000000, -0.000000000000000000, -1.000000000000000000 ) ) ;
#3189 = DIRECTION ( 'NONE',  ( 0.000000000000000000, 0.000000000000000000, -1.000000000000000000 ) ) ;
#3190 = DIRECTION ( 'NONE',  ( 0.000000000000000000, 0.000000000000000000, 1.000000000000000000 ) ) ;
#3191 = DIRECTION ( 'NONE',  ( 1.000000000000000000, 0.000000000000000000, 0.000000000000000000 ) ) ;
#3192 = ORIENTED_EDGE ( 'NONE', *, *, #1132, .T. ) ;
#3193 = ORIENTED_EDGE ( 'NONE', *, *, #651, .T. ) ;
#3195 = EDGE_CURVE ( 'NONE', #4675, #2217, #5344, .T. ) ;
#3194 = LINE ( 'NONE', #5311, #2910 ) ;
#3196 = CARTESIAN_POINT ( 'NONE',  ( 1.412277660168312465, -24.50000000000000000, 91.99722379239923953 ) ) ;
#3197 = CARTESIAN_POINT ( 'NONE',  ( -1.582575694955842938, -18.50000000000000000, 3.500000000000003109 ) ) ;
#3198 = LINE ( 'NONE', #6864, #3645 ) ;
#3199 = CARTESIAN_POINT ( 'NONE',  ( 59.89558155308108667, -14.76559299485081667, 3.500000000000000000 ) ) ;
#3200 = ORIENTED_EDGE ( 'NONE', *, *, #1439, .T. ) ;
#3201 = VERTEX_POINT ( 'NONE', #6053 ) ;
#3202 = ORIENTED_EDGE ( 'NONE', *, *, #6418, .F. ) ;
#3203 = CARTESIAN_POINT ( 'NONE',  ( 75.43857649233575557, -22.94532054344572813, 1.116872677108167178 ) ) ;
#3204 = CARTESIAN_POINT ( 'NONE',  ( 36.41227766016831424, 0.000000000000000000, -0.5000000000000004441 ) ) ;
#3205 = LINE ( 'NONE', #1557, #1813 ) ;
#3206 = FACE_BOUND ( 'NONE', #4626, .T. ) ;
#3207 = VERTEX_POINT ( 'NONE', #4549 ) ;
#3208 = ORIENTED_EDGE ( 'NONE', *, *, #3943, .T. ) ;
#3209 = EDGE_CURVE ( 'NONE', #3220, #4709, #1835, .T. ) ;
#3210 = DIRECTION ( 'NONE',  ( -1.000000000000000000, 1.144917494144691673E-13, 0.000000000000000000 ) ) ;
#3211 = LINE ( 'NONE', #5329, #534 ) ;
#3212 = CARTESIAN_POINT ( 'NONE',  ( 35.44455693747309510, -11.95476505286242030, -0.5000000000000004441 ) ) ;
#3213 = CIRCLE ( 'NONE', #4100, 2.049999999999996270 ) ;
#3214 = CARTESIAN_POINT ( 'NONE',  ( 93.50000000000001421, 4.500000000000007105, 0.000000000000000000 ) ) ;
#3215 = PLANE ( 'NONE',  #6248 ) ;
#3216 = ORIENTED_EDGE ( 'NONE', *, *, #1767, .T. ) ;
#3217 = EDGE_LOOP ( 'NONE', ( #927, #2547, #4372, #3781, #2959, #3783, #2114, #6165, #6219 ) ) ;
#3218 = EDGE_CURVE ( 'NONE', #2985, #5742, #1277, .T. ) ;
#3219 = EDGE_CURVE ( 'NONE', #4852, #4986, #2425, .T. ) ;
#3220 = VERTEX_POINT ( 'NONE', #5498 ) ;
#3221 = LINE ( 'NONE', #1117, #4247 ) ;
#3222 = DIRECTION ( 'NONE',  ( 1.000000000000000000, 0.000000000000000000, 0.000000000000000000 ) ) ;
#3223 = DIRECTION ( 'NONE',  ( -0.000000000000000000, -0.000000000000000000, -1.000000000000000000 ) ) ;
#3224 = FACE_BOUND ( 'NONE', #6471, .T. ) ;
#3225 = ORIENTED_EDGE ( 'NONE', *, *, #6880, .F. ) ;
#3226 = EDGE_CURVE ( 'NONE', #2808, #2171, #3016, .T. ) ;
#3227 = PLANE ( 'NONE',  #4361 ) ;
#3228 = VECTOR ( 'NONE', #4559, 1000.000000000000000 ) ;
#3229 = DIRECTION ( 'NONE',  ( -0.9667633338930343712, -0.2556729478064219130, 0.000000000000000000 ) ) ;
#3230 = DIRECTION ( 'NONE',  ( 0.000000000000000000, -0.000000000000000000, 1.000000000000000000 ) ) ;
#3231 = DIRECTION ( 'NONE',  ( -0.000000000000000000, -0.000000000000000000, -1.000000000000000000 ) ) ;
#3232 = ORIENTED_EDGE ( 'NONE', *, *, #931, .F. ) ;
#3233 = AXIS2_PLACEMENT_3D ( 'NONE', #193, #229, #3949 ) ;
#3234 = ORIENTED_EDGE ( 'NONE', *, *, #4657, .F. ) ;
#3235 = AXIS2_PLACEMENT_3D ( 'NONE', #649, #6638, #226 ) ;
#3236 = ORIENTED_EDGE ( 'NONE', *, *, #4704, .T. ) ;
#3237 = DIRECTION ( 'NONE',  ( 0.000000000000000000, -1.000000000000000000, 0.000000000000000000 ) ) ;
#3238 = CARTESIAN_POINT ( 'NONE',  ( -12.50000000000000355, -8.500000000000007105, -17.93908891458577060 ) ) ;
#3239 = AXIS2_PLACEMENT_3D ( 'NONE', #62, #6510, #2740 ) ;
#3240 = CARTESIAN_POINT ( 'NONE',  ( 30.08772233983155431, -20.09042769776575810, 1.999999999999998668 ) ) ;
#3241 = CARTESIAN_POINT ( 'NONE',  ( -23.50000000000002842, -23.00000000000000000, 4.000000000000000888 ) ) ;
#3242 = ORIENTED_EDGE ( 'NONE', *, *, #4413, .F. ) ;
#3243 = ORIENTED_EDGE ( 'NONE', *, *, #85, .T. ) ;
#3244 = VECTOR ( 'NONE', #1151, 1000.000000000000000 ) ;
#3245 = CYLINDRICAL_SURFACE ( 'NONE', #6603, 1.000000000000000000 ) ;
#3246 = CARTESIAN_POINT ( 'NONE',  ( 0.9500000000000025091, -16.50000000000001066, -4.000999999999999446 ) ) ;
#3247 = CARTESIAN_POINT ( 'NONE',  ( 44.85374360817894512, -23.50000000000000000, 91.99722379239923953 ) ) ;
#3248 = AXIS2_PLACEMENT_3D ( 'NONE', #6587, #4974, #3377 ) ;
#3249 = EDGE_CURVE ( 'NONE', #5773, #5179, #1868, .T. ) ;
#3250 = CARTESIAN_POINT ( 'NONE',  ( 34.25000000000000711, -11.71782813964461845, 3.500000000000000000 ) ) ;
#3251 = DIRECTION ( 'NONE',  ( 0.000000000000000000, 0.000000000000000000, -1.000000000000000000 ) ) ;
#3252 = ORIENTED_EDGE ( 'NONE', *, *, #3935, .F. ) ;
#3253 = VERTEX_POINT ( 'NONE', #3993 ) ;
#3254 = AXIS2_PLACEMENT_3D ( 'NONE', #4634, #1425, #1922 ) ;
#3255 = CARTESIAN_POINT ( 'NONE',  ( 81.00000000000001421, -10.50000000000000711, 3.500000000000003109 ) ) ;
#3256 = CARTESIAN_POINT ( 'NONE',  ( -3.849999999999992539, -10.50000000000000711, 91.99722379239923953 ) ) ;
#3257 = CARTESIAN_POINT ( 'NONE',  ( 78.24999999999992895, -21.50000000000000000, 2.750000000000000000 ) ) ;
#3258 = EDGE_CURVE ( 'NONE', #4254, #1656, #3459, .T. ) ;
#3259 = CARTESIAN_POINT ( 'NONE',  ( -29.00000000000000000, -14.49999999999999822, 0.000000000000000000 ) ) ;
#3260 = VERTEX_POINT ( 'NONE', #176 ) ;
#3261 = VECTOR ( 'NONE', #4251, 1000.000000000000000 ) ;
#3262 = CARTESIAN_POINT ( 'NONE',  ( -30.83333333333340320, -15.66666666666660923, -0.3333333333333018400 ) ) ;
#3263 = CIRCLE ( 'NONE', #1702, 4.500000000000003553 ) ;
#3264 = CYLINDRICAL_SURFACE ( 'NONE', #1226, 1.000000000000000888 ) ;
#3265 = CARTESIAN_POINT ( 'NONE',  ( 33.24999999999992895, -26.50000000000000000, 2.750000000000000000 ) ) ;
#3266 = ADVANCED_FACE ( 'NONE', ( #5038 ), #6579, .T. ) ;
#3267 = DIRECTION ( 'NONE',  ( -0.000000000000000000, 0.000000000000000000, 1.000000000000000000 ) ) ;
#3268 = ORIENTED_EDGE ( 'NONE', *, *, #6845, .F. ) ;
#3269 = ORIENTED_EDGE ( 'NONE', *, *, #1108, .F. ) ;
#3270 = CIRCLE ( 'NONE', #3824, 1.000000000000000000 ) ;
#3271 = ORIENTED_EDGE ( 'NONE', *, *, #2222, .T. ) ;
#3272 = EDGE_CURVE ( 'NONE', #3879, #1967, #1194, .T. ) ;
#3273 = CARTESIAN_POINT ( 'NONE',  ( 68.48732929018946436, -16.85573382074009530, 91.99722379239923953 ) ) ;
#3274 = VECTOR ( 'NONE', #1022, 1000.000000000000000 ) ;
#3275 = DIRECTION ( 'NONE',  ( 0.000000000000000000, 0.000000000000000000, -1.000000000000000000 ) ) ;
#3276 = DIRECTION ( 'NONE',  ( 1.000000000000000000, 1.261617073437677999E-16, -0.000000000000000000 ) ) ;
#3277 = DIRECTION ( 'NONE',  ( -0.000000000000000000, 0.000000000000000000, -1.000000000000000000 ) ) ;
#3278 = AXIS2_PLACEMENT_3D ( 'NONE', #6823, #4614, #971 ) ;
#3279 = EDGE_LOOP ( 'NONE', ( #6572, #330, #5508, #3744 ) ) ;
#3280 = ORIENTED_EDGE ( 'NONE', *, *, #4871, .T. ) ;
#3281 = PLANE ( 'NONE',  #4543 ) ;
#3282 = ADVANCED_FACE ( 'NONE', ( #3927 ), #5103, .F. ) ;
#3283 = PLANE ( 'NONE',  #4037 ) ;
#3284 = DIRECTION ( 'NONE',  ( 0.000000000000000000, -1.000000000000000000, 0.000000000000000000 ) ) ;
#3285 = CARTESIAN_POINT ( 'NONE',  ( 30.00000000000006040, -20.50000000000001776, 2.750000000000000000 ) ) ;
#3286 = CYLINDRICAL_SURFACE ( 'NONE', #1565, 4.000000000000003553 ) ;
#3287 = EDGE_CURVE ( 'NONE', #4245, #5552, #3902, .T. ) ;
#3288 = CARTESIAN_POINT ( 'NONE',  ( 41.31392755356004898, -1.408658527960295892, 6.000000000000000000 ) ) ;
#3289 = VERTEX_POINT ( 'NONE', #808 ) ;
#3290 = ORIENTED_EDGE ( 'NONE', *, *, #5769, .F. ) ;
#3291 = ORIENTED_EDGE ( 'NONE', *, *, #4325, .T. ) ;
#3292 = CARTESIAN_POINT ( 'NONE',  ( 0.000000000000000000, -19.50000000000000000, -0.5000000000000004441 ) ) ;
#3293 = CARTESIAN_POINT ( 'NONE',  ( -5.849999999999994316, -14.50000000000000355, -0.5000000000000000000 ) ) ;
#3294 = LINE ( 'NONE', #2137, #6503 ) ;
#3295 = CARTESIAN_POINT ( 'NONE',  ( 78.24999999999992895, -21.50000000000000000, 0.7000000000000066169 ) ) ;
#3296 = ORIENTED_EDGE ( 'NONE', *, *, #3104, .T. ) ;
#3297 = DIRECTION ( 'NONE',  ( -1.000000000000000000, 0.000000000000000000, 0.000000000000000000 ) ) ;
#3298 = EDGE_CURVE ( 'NONE', #5231, #5938, #4125, .T. ) ;
#3299 = ADVANCED_FACE ( 'NONE', ( #1377 ), #245, .F. ) ;
#3300 = DIRECTION ( 'NONE',  ( -0.000000000000000000, -0.000000000000000000, -1.000000000000000000 ) ) ;
#3301 = DIRECTION ( 'NONE',  ( 0.000000000000000000, 0.000000000000000000, 1.000000000000000000 ) ) ;
#3302 = CARTESIAN_POINT ( 'NONE',  ( 4.420904884749275787, 0.8400000000000016342, 1.000000000000000000 ) ) ;
#3303 = ORIENTED_EDGE ( 'NONE', *, *, #3060, .F. ) ;
#3304 = ORIENTED_EDGE ( 'NONE', *, *, #1420, .F. ) ;
#3305 = ORIENTED_EDGE ( 'NONE', *, *, #5775, .F. ) ;
#3306 = EDGE_CURVE ( 'NONE', #3564, #3970, #4520, .T. ) ;
#3307 = CARTESIAN_POINT ( 'NONE',  ( 36.41227766016831424, -19.50000000000000000, 3.500000000000000000 ) ) ;
#3308 = DIRECTION ( 'NONE',  ( 0.000000000000000000, -1.000000000000000000, 0.000000000000000000 ) ) ;
#3309 = DIRECTION ( 'NONE',  ( 0.000000000000000000, -1.000000000000000000, 0.000000000000000000 ) ) ;
#3310 = LINE ( 'NONE', #5434, #4442 ) ;
#3311 = ORIENTED_EDGE ( 'NONE', *, *, #1353, .T. ) ;
#3312 = ORIENTED_EDGE ( 'NONE', *, *, #1712, .T. ) ;
#3313 = EDGE_CURVE ( 'NONE', #2218, #709, #100, .T. ) ;
#3314 = DIRECTION ( 'NONE',  ( 0.000000000000000000, 1.000000000000000000, -0.000000000000000000 ) ) ;
#3315 = LINE ( 'NONE', #4432, #343 ) ;
#3316 = LINE ( 'NONE', #2309, #6345 ) ;
#3317 = LINE ( 'NONE', #4810, #3937 ) ;
#3318 = DIRECTION ( 'NONE',  ( -0.000000000000000000, -0.000000000000000000, 1.000000000000000000 ) ) ;
#3319 = DIRECTION ( 'NONE',  ( 1.000000000000000000, -0.000000000000000000, 0.000000000000000000 ) ) ;
#3320 = ORIENTED_EDGE ( 'NONE', *, *, #2788, .F. ) ;
#3321 = ORIENTED_EDGE ( 'NONE', *, *, #2184, .T. ) ;
#3322 = ORIENTED_EDGE ( 'NONE', *, *, #4110, .T. ) ;
#3323 = CIRCLE ( 'NONE', #5994, 2.049999999999996270 ) ;
#3324 = AXIS2_PLACEMENT_3D ( 'NONE', #5925, #3277, #1525 ) ;
#3325 = CARTESIAN_POINT ( 'NONE',  ( 34.25000000000000711, -12.93565627928923156, 3.500000000000000000 ) ) ;
#3326 = CARTESIAN_POINT ( 'NONE',  ( -27.50000000000000000, -1.599999999999994760, 6.000000000000000000 ) ) ;
#3327 = DIRECTION ( 'NONE',  ( -0.000000000000000000, -0.000000000000000000, -1.000000000000000000 ) ) ;
#3328 = FACE_OUTER_BOUND ( 'NONE', #6064, .T. ) ;
#3329 = EDGE_LOOP ( 'NONE', ( #6041, #1571, #2734, #3678 ) ) ;
#3330 = CARTESIAN_POINT ( 'NONE',  ( -25.99999999999998579, -17.50000000000000000, 2.000000000000000000 ) ) ;
#3331 = DIRECTION ( 'NONE',  ( -0.1945569374730864998, -0.9808912264268110359, 0.000000000000000000 ) ) ;
#3332 = DIRECTION ( 'NONE',  ( 0.000000000000000000, 0.000000000000000000, 1.000000000000000000 ) ) ;
#3333 = DIRECTION ( 'NONE',  ( -0.000000000000000000, 0.000000000000000000, -1.000000000000000000 ) ) ;
#3334 = VERTEX_POINT ( 'NONE', #3632 ) ;
#3335 = EDGE_CURVE ( 'NONE', #1090, #6352, #5577, .T. ) ;
#3336 = ORIENTED_EDGE ( 'NONE', *, *, #4023, .T. ) ;
#3337 = ORIENTED_EDGE ( 'NONE', *, *, #2045, .F. ) ;
#3338 = VECTOR ( 'NONE', #2167, 1000.000000000000000 ) ;
#3339 = DIRECTION ( 'NONE',  ( -1.000000000000000000, -3.469446951953611033E-15, 0.000000000000000000 ) ) ;
#3340 = FACE_OUTER_BOUND ( 'NONE', #4089, .T. ) ;
#3341 = LINE ( 'NONE', #3992, #1583 ) ;
#3342 = DIRECTION ( 'NONE',  ( 0.000000000000000000, 0.000000000000000000, 1.000000000000000000 ) ) ;
#3343 = EDGE_CURVE ( 'NONE', #5318, #2985, #4094, .T. ) ;
#3344 = ORIENTED_EDGE ( 'NONE', *, *, #3813, .T. ) ;
#3345 = ORIENTED_EDGE ( 'NONE', *, *, #1599, .F. ) ;
#3346 = AXIS2_PLACEMENT_3D ( 'NONE', #2439, #1057, #6806 ) ;
#3347 = VECTOR ( 'NONE', #3021, 1000.000000000000000 ) ;
#3348 = DIRECTION ( 'NONE',  ( -1.000000000000000000, -3.469446951953614189E-15, 0.000000000000000000 ) ) ;
#3349 = CARTESIAN_POINT ( 'NONE',  ( 36.44523848337809113, -21.59098315022985659, 3.346793918234514997 ) ) ;
#3350 = CARTESIAN_POINT ( 'NONE',  ( 75.01909820294729059, -22.59052552441420403, 3.500000000000000000 ) ) ;
#3351 = DIRECTION ( 'NONE',  ( -0.000000000000000000, 0.000000000000000000, 1.000000000000000000 ) ) ;
#3352 = EDGE_CURVE ( 'NONE', #339, #4709, #3161, .T. ) ;
#3353 = CARTESIAN_POINT ( 'NONE',  ( -3.849999999999992539, -18.25000000000000355, 3.500000000000003109 ) ) ;
#3354 = CIRCLE ( 'NONE', #1901, 2.049999999999996270 ) ;
#3355 = CARTESIAN_POINT ( 'NONE',  ( 3.000000000000002665, -16.50000000000001066, 91.99722379239923953 ) ) ;
#3356 = CIRCLE ( 'NONE', #545, 2.999999999999999112 ) ;
#3357 = ORIENTED_EDGE ( 'NONE', *, *, #2767, .T. ) ;
#3358 = AXIS2_PLACEMENT_3D ( 'NONE', #3273, #74, #1593 ) ;
#3359 = EDGE_LOOP ( 'NONE', ( #4132, #1620, #4447, #5176, #3939, #4, #2601 ) ) ;
#3360 = CIRCLE ( 'NONE', #2585, 1.000000000000000000 ) ;
#3361 = PLANE ( 'NONE',  #6939 ) ;
#3362 = FACE_OUTER_BOUND ( 'NONE', #6548, .T. ) ;
#3363 = LINE ( 'NONE', #4992, #242 ) ;
#3364 = DIRECTION ( 'NONE',  ( -0.000000000000000000, -0.000000000000000000, 1.000000000000000000 ) ) ;
#3365 = VERTEX_POINT ( 'NONE', #2500 ) ;
#3366 = AXIS2_PLACEMENT_3D ( 'NONE', #5523, #6611, #3954 ) ;
#3367 = DIRECTION ( 'NONE',  ( 0.000000000000000000, 1.000000000000000000, -0.000000000000000000 ) ) ;
#3368 = VECTOR ( 'NONE', #2839, 1000.000000000000000 ) ;
#3369 = DIRECTION ( 'NONE',  ( 1.000000000000000000, 0.000000000000000000, 0.000000000000000000 ) ) ;
#3370 = AXIS2_PLACEMENT_3D ( 'NONE', #2019, #4148, #2410 ) ;
#3371 = CARTESIAN_POINT ( 'NONE',  ( 67.03217012925219365, -20.03889448529038475, 91.99722379239923953 ) ) ;
#3372 = ORIENTED_EDGE ( 'NONE', *, *, #2362, .T. ) ;
#3373 = ORIENTED_EDGE ( 'NONE', *, *, #4224, .F. ) ;
#3374 = EDGE_LOOP ( 'NONE', ( #6386, #6642, #1911, #134, #42, #3481, #566, #2666 ) ) ;
#3375 = CIRCLE ( 'NONE', #4385, 1.000000000000000888 ) ;
#3376 = EDGE_CURVE ( 'NONE', #2240, #4700, #1541, .T. ) ;
#3377 = DIRECTION ( 'NONE',  ( -0.000000000000000000, 0.000000000000000000, 1.000000000000000000 ) ) ;
#3378 = DIRECTION ( 'NONE',  ( -1.000000000000000000, 0.000000000000000000, 0.000000000000000000 ) ) ;
#3379 = CARTESIAN_POINT ( 'NONE',  ( 85.00000000000001421, -8.500000000000003553, -0.5000000000000000000 ) ) ;
#3380 = CIRCLE ( 'NONE', #2491, 4.500000000000003553 ) ;
#3381 = ORIENTED_EDGE ( 'NONE', *, *, #987, .T. ) ;
#3382 = EDGE_LOOP ( 'NONE', ( #6073, #6930, #1549, #368 ) ) ;
#3383 = EDGE_CURVE ( 'NONE', #2300, #5664, #943, .T. ) ;
#3384 = AXIS2_PLACEMENT_3D ( 'NONE', #6002, #4951, #2310 ) ;
#3385 = EDGE_CURVE ( 'NONE', #401, #5069, #5763, .T. ) ;
#3386 = SURFACE_STYLE_FILL_AREA ( #4844 ) ;
#3387 = ORIENTED_EDGE ( 'NONE', *, *, #4456, .F. ) ;
#3388 = CARTESIAN_POINT ( 'NONE',  ( 36.45763381887741872, -21.62982987326370932, 3.278051747475007716 ) ) ;
#3389 = DIRECTION ( 'NONE',  ( 0.000000000000000000, 0.000000000000000000, 1.000000000000000000 ) ) ;
#3390 = DIRECTION ( 'NONE',  ( 1.000000000000000000, 0.000000000000000000, 0.000000000000000000 ) ) ;
#3391 = CARTESIAN_POINT ( 'NONE',  ( 63.50000000000001421, -16.50000000000000355, -4.000999999999999446 ) ) ;
#3392 = CARTESIAN_POINT ( 'NONE',  ( 75.08772233983154365, -22.62514444610564723, 3.500000000000003109 ) ) ;
#3393 = ORIENTED_EDGE ( 'NONE', *, *, #4545, .F. ) ;
#3394 = ORIENTED_EDGE ( 'NONE', *, *, #2384, .T. ) ;
#3395 = EDGE_CURVE ( 'NONE', #6624, #1349, #2572, .T. ) ;
#3396 = EDGE_CURVE ( 'NONE', #5971, #2676, #867, .T. ) ;
#3397 = FACE_OUTER_BOUND ( 'NONE', #3511, .T. ) ;
#3398 = PLANE ( 'NONE',  #2932 ) ;
#3399 = CYLINDRICAL_SURFACE ( 'NONE', #695, 3.000000000000000000 ) ;
#3400 = LINE ( 'NONE', #200, #6131 ) ;
#3401 = ORIENTED_EDGE ( 'NONE', *, *, #3813, .F. ) ;
#3402 = EDGE_CURVE ( 'NONE', #3334, #3855, #4568, .T. ) ;
#3403 = PLANE ( 'NONE',  #774 ) ;
#3404 = DIRECTION ( 'NONE',  ( 0.000000000000000000, 0.000000000000000000, -1.000000000000000000 ) ) ;
#3405 = CARTESIAN_POINT ( 'NONE',  ( 44.85374360817894512, -24.50000000000000000, 3.500000000000003109 ) ) ;
#3406 = ORIENTED_EDGE ( 'NONE', *, *, #1202, .F. ) ;
#3407 = ORIENTED_EDGE ( 'NONE', *, *, #3124, .T. ) ;
#3408 = VERTEX_POINT ( 'NONE', #6753 ) ;
#3409 = DIRECTION ( 'NONE',  ( 1.000000000000000000, -0.000000000000000000, -0.000000000000000000 ) ) ;
#3410 = DIRECTION ( 'NONE',  ( 1.000000000000000000, -0.000000000000000000, -0.000000000000000000 ) ) ;
#3411 = DIRECTION ( 'NONE',  ( 1.000000000000000000, 0.000000000000000000, 0.000000000000000000 ) ) ;
#3412 = ORIENTED_EDGE ( 'NONE', *, *, #1318, .T. ) ;
#3413 = ORIENTED_EDGE ( 'NONE', *, *, #5954, .T. ) ;
#3414 = CARTESIAN_POINT ( 'NONE',  ( 78.24999999999992895, -21.50000000000000000, 4.799999999999993605 ) ) ;
#3415 = LINE ( 'NONE', #2900, #2594 ) ;
#3416 = CARTESIAN_POINT ( 'NONE',  ( 78.24999999999992895, -21.50000000000000000, 2.750000000000000000 ) ) ;
#3417 = PLANE ( 'NONE',  #1811 ) ;
#3418 = FACE_OUTER_BOUND ( 'NONE', #1177, .T. ) ;
#3419 = CARTESIAN_POINT ( 'NONE',  ( 75.60919669338622384, -23.50788259213854658, 0.8555309225170484311 ) ) ;
#3420 = VERTEX_POINT ( 'NONE', #1935 ) ;
#3421 = EDGE_CURVE ( 'NONE', #179, #1771, #1479, .T. ) ;
#3422 = ORIENTED_EDGE ( 'NONE', *, *, #2971, .T. ) ;
#3423 = EDGE_LOOP ( 'NONE', ( #6881, #149, #5075, #3763 ) ) ;
#3424 = DIRECTION ( 'NONE',  ( 1.000000000000000000, 0.000000000000000000, 0.000000000000000000 ) ) ;
#3425 = LINE ( 'NONE', #2349, #1213 ) ;
#3426 = CARTESIAN_POINT ( 'NONE',  ( 89.00000000000001421, 1.000000000000001332, -13.50925608610629602 ) ) ;
#3427 = DIRECTION ( 'NONE',  ( -0.000000000000000000, -0.000000000000000000, -1.000000000000000000 ) ) ;
#3428 = VERTEX_POINT ( 'NONE', #1964 ) ;
#3429 = EDGE_CURVE ( 'NONE', #5588, #3821, #1016, .T. ) ;
#3430 = ADVANCED_FACE ( 'NONE', ( #4681 ), #6825, .F. ) ;
#3431 = CIRCLE ( 'NONE', #405, 1.000000000000000888 ) ;
#3432 = LINE ( 'NONE', #1865, #875 ) ;
#3433 = DIRECTION ( 'NONE',  ( 0.000000000000000000, 0.000000000000000000, 1.000000000000000000 ) ) ;
#3434 = CARTESIAN_POINT ( 'NONE',  ( 0.4576492879574839967, -20.70424287655389506, 3.277954108780706921 ) ) ;
#3435 = ORIENTED_EDGE ( 'NONE', *, *, #223, .T. ) ;
#3436 = EDGE_CURVE ( 'NONE', #5681, #5110, #3122, .T. ) ;
#3437 = ORIENTED_EDGE ( 'NONE', *, *, #270, .F. ) ;
#3438 = ORIENTED_EDGE ( 'NONE', *, *, #2451, .T. ) ;
#3439 = DIRECTION ( 'NONE',  ( 0.000000000000000000, -2.551063935260008765E-17, 1.000000000000000000 ) ) ;
#3440 = DIRECTION ( 'NONE',  ( 0.000000000000000000, -0.000000000000000000, -1.000000000000000000 ) ) ;
#3441 = CARTESIAN_POINT ( 'NONE',  ( 68.49814047183672017, -16.63635183822741226, 3.500000000000003109 ) ) ;
#3442 = ORIENTED_EDGE ( 'NONE', *, *, #6499, .T. ) ;
#3443 = AXIS2_PLACEMENT_3D ( 'NONE', #5624, #6742, #6773 ) ;
#3444 = VERTEX_POINT ( 'NONE', #5663 ) ;
#3445 = ORIENTED_EDGE ( 'NONE', *, *, #1758, .F. ) ;
#3446 = CARTESIAN_POINT ( 'NONE',  ( 11.87561080813789793, -16.77851033387344870, -0.5000000000000004441 ) ) ;
#3447 = CIRCLE ( 'NONE', #5906, 1.600000000000004086 ) ;
#3448 = CARTESIAN_POINT ( 'NONE',  ( 1.626379040597120351, -20.25674932087425972, 91.99722379239923953 ) ) ;
#3449 = DIRECTION ( 'NONE',  ( -1.000000000000000000, 0.000000000000000000, 0.000000000000000000 ) ) ;
#3450 = CARTESIAN_POINT ( 'NONE',  ( 36.41227766016827871, -20.09042769776538151, 3.500000000000000000 ) ) ;
#3451 = CARTESIAN_POINT ( 'NONE',  ( -8.849999999999996092, -20.00000000000000355, 5.000000000000000000 ) ) ;
#3452 = ORIENTED_EDGE ( 'NONE', *, *, #5288, .T. ) ;
#3453 = ORIENTED_EDGE ( 'NONE', *, *, #2361, .T. ) ;
#3454 = AXIS2_PLACEMENT_3D ( 'NONE', #3391, #5517, #5583 ) ;
#3455 = EDGE_CURVE ( 'NONE', #1386, #6307, #2069, .T. ) ;
#3456 = LINE ( 'NONE', #2388, #3806 ) ;
#3457 = CARTESIAN_POINT ( 'NONE',  ( 81.00000000000001421, -10.50000000000000711, 91.99722379239923953 ) ) ;
#3458 = CYLINDRICAL_SURFACE ( 'NONE', #5611, 3.250000000000007550 ) ;
#3459 = CIRCLE ( 'NONE', #4466, 1.000000000000000888 ) ;
#3460 = CARTESIAN_POINT ( 'NONE',  ( 27.63182519208453414, -1.599999999999998979, 6.000000000000000000 ) ) ;
#3461 = VERTEX_POINT ( 'NONE', #5700 ) ;
#3462 = AXIS2_PLACEMENT_3D ( 'NONE', #6301, #356, #3637 ) ;
#3463 = AXIS2_PLACEMENT_3D ( 'NONE', #2692, #3183, #1105 ) ;
#3464 = AXIS2_PLACEMENT_3D ( 'NONE', #5094, #5654, #3623 ) ;
#3465 = ADVANCED_FACE ( 'NONE', ( #6857 ), #907, .F. ) ;
#3466 = DIRECTION ( 'NONE',  ( 1.000000000000000000, 0.000000000000000000, 0.000000000000000000 ) ) ;
#3467 = DIRECTION ( 'NONE',  ( -0.000000000000000000, -0.000000000000000000, -1.000000000000000000 ) ) ;
#3468 = LINE ( 'NONE', #4395, #1927 ) ;
#3469 = CARTESIAN_POINT ( 'NONE',  ( 0.4779905520602491520, -20.64578413778462362, 3.134482107935272044 ) ) ;
#3470 = ORIENTED_EDGE ( 'NONE', *, *, #780, .T. ) ;
#3471 = AXIS2_PLACEMENT_3D ( 'NONE', #2456, #3627, #4613 ) ;
#3472 = ORIENTED_EDGE ( 'NONE', *, *, #2583, .T. ) ;
#3473 = VECTOR ( 'NONE', #3875, 1000.000000000000000 ) ;
#3474 = EDGE_CURVE ( 'NONE', #965, #4280, #452, .T. ) ;
#3475 = LINE ( 'NONE', #282, #3798 ) ;
#3476 = EDGE_CURVE ( 'NONE', #2040, #4076, #4440, .T. ) ;
#3477 = DIRECTION ( 'NONE',  ( -1.000000000000000000, 4.336808689942017736E-17, -0.000000000000000000 ) ) ;
#3478 = DIRECTION ( 'NONE',  ( 0.000000000000000000, 0.000000000000000000, -1.000000000000000000 ) ) ;
#3479 = VERTEX_POINT ( 'NONE', #3529 ) ;
#3480 = VECTOR ( 'NONE', #3834, 1000.000000000000000 ) ;
#3481 = ORIENTED_EDGE ( 'NONE', *, *, #6356, .F. ) ;
#3482 = CARTESIAN_POINT ( 'NONE',  ( -0.05236439395462548496, -11.50000000000000711, -0.5000000000000004441 ) ) ;
#3483 = AXIS2_PLACEMENT_3D ( 'NONE', #6433, #5871, #660 ) ;
#3484 = CYLINDRICAL_SURFACE ( 'NONE', #796, 4.499999999999997335 ) ;
#3485 = LINE ( 'NONE', #5716, #4275 ) ;
#3486 = DIRECTION ( 'NONE',  ( 0.000000000000000000, 1.000000000000000000, 0.000000000000000000 ) ) ;
#3487 = ORIENTED_EDGE ( 'NONE', *, *, #3754, .T. ) ;
#3488 = ORIENTED_EDGE ( 'NONE', *, *, #4062, .T. ) ;
#3489 = VECTOR ( 'NONE', #4191, 1000.000000000000000 ) ;
#3490 = DIRECTION ( 'NONE',  ( -0.000000000000000000, -0.000000000000000000, -1.000000000000000000 ) ) ;
#3491 = CARTESIAN_POINT ( 'NONE',  ( 78.24999999999992895, -26.50000000000000000, 2.750000000000000000 ) ) ;
#3492 = CARTESIAN_POINT ( 'NONE',  ( 3.000000000000002665, -16.50000000000001066, 91.99722379239923953 ) ) ;
#3493 = CARTESIAN_POINT ( 'NONE',  ( -15.49999999999999822, -7.500000000000016875, -0.4999999999999987232 ) ) ;
#3494 = VERTEX_POINT ( 'NONE', #2210 ) ;
#3495 = CARTESIAN_POINT ( 'NONE',  ( 27.63182519208454835, 1.400000000000000133, 0.000000000000000000 ) ) ;
#3496 = CARTESIAN_POINT ( 'NONE',  ( 35.25000000000000711, -19.50000000000000000, 2.750000000000000000 ) ) ;
#3497 = CARTESIAN_POINT ( 'NONE',  ( -29.83333333333337478, -13.66666666666662877, 0.6666666666667038221 ) ) ;
#3498 = DIRECTION ( 'NONE',  ( 1.000000000000000000, 0.000000000000000000, -0.000000000000000000 ) ) ;
#3499 = EDGE_LOOP ( 'NONE', ( #4122, #72, #6655, #4682, #4200 ) ) ;
#3500 = EDGE_CURVE ( 'NONE', #2131, #5361, #4785, .T. ) ;
#3501 = ADVANCED_FACE ( 'NONE', ( #3328 ), #2814, .F. ) ;
#3502 = ORIENTED_EDGE ( 'NONE', *, *, #277, .F. ) ;
#3503 = ORIENTED_EDGE ( 'NONE', *, *, #3226, .T. ) ;
#3504 = PLANE ( 'NONE',  #313 ) ;
#3505 = CARTESIAN_POINT ( 'NONE',  ( -2.750000000000064837, -19.50000000000000000, 2.749999999999995115 ) ) ;
#3506 = DIRECTION ( 'NONE',  ( 0.000000000000000000, 0.000000000000000000, 1.000000000000000000 ) ) ;
#3507 = AXIS2_PLACEMENT_3D ( 'NONE', #3457, #3983, #5591 ) ;
#3508 = VERTEX_POINT ( 'NONE', #6889 ) ;
#3509 = ADVANCED_FACE ( 'NONE', ( #5308 ), #5907, .F. ) ;
#3510 = ADVANCED_FACE ( 'NONE', ( #6929 ), #1647, .T. ) ;
#3511 = EDGE_LOOP ( 'NONE', ( #4373, #1883, #4585, #1598 ) ) ;
#3512 = DIRECTION ( 'NONE',  ( -0.000000000000000000, 0.000000000000000000, 1.000000000000000000 ) ) ;
#3513 = CARTESIAN_POINT ( 'NONE',  ( 70.00000000000000000, 0.000000000000000000, 3.499999999999999556 ) ) ;
#3514 = LINE ( 'NONE', #3037, #4255 ) ;
#3515 = CARTESIAN_POINT ( 'NONE',  ( 32.25000000000000711, -18.50000000000000000, -0.5000000000000004441 ) ) ;
#3516 = ORIENTED_EDGE ( 'NONE', *, *, #4305, .T. ) ;
#3517 = EDGE_CURVE ( 'NONE', #6191, #5413, #6474, .T. ) ;
#3518 = VERTEX_POINT ( 'NONE', #4889 ) ;
#3519 = LINE ( 'NONE', #5686, #6371 ) ;
#3520 = CARTESIAN_POINT ( 'NONE',  ( -22.50000000000000000, -25.00000000000001421, 5.000000000000007994 ) ) ;
#3521 = CARTESIAN_POINT ( 'NONE',  ( -12.50000000000000355, -8.500000000000007105, -17.93908891458577060 ) ) ;
#3522 = CARTESIAN_POINT ( 'NONE',  ( 85.00000000000001421, -4.500000000000006217, 1.000000000000000000 ) ) ;
#3523 = ORIENTED_EDGE ( 'NONE', *, *, #6289, .T. ) ;
#3524 = VERTEX_POINT ( 'NONE', #1051 ) ;
#3525 = CARTESIAN_POINT ( 'NONE',  ( 72.68750000000001421, -11.50000000000000711, 3.500000000000003109 ) ) ;
#3526 = CARTESIAN_POINT ( 'NONE',  ( 63.50000000000001421, -16.50000000000000355, 91.99722379239923953 ) ) ;
#3527 = LINE ( 'NONE', #3561, #2399 ) ;
#3528 = DIRECTION ( 'NONE',  ( 1.000000000000000000, 0.000000000000000000, -0.000000000000000000 ) ) ;
#3529 = CARTESIAN_POINT ( 'NONE',  ( 28.83204939202513017, -22.29723704804910511, 3.500000000000000000 ) ) ;
#3530 = EDGE_LOOP ( 'NONE', ( #5013, #6138, #1740, #4822, #3779 ) ) ;
#3531 = EDGE_LOOP ( 'NONE', ( #3651, #4375, #3185, #4521, #2103, #4281, #3001, #1201, #3023, #3940, #4592, #1483, #5665, #2935, #2747, #5192, #4743, #2843, #2321, #5282, #4833, #6481, #1946 ) ) ;
#3532 = ORIENTED_EDGE ( 'NONE', *, *, #3075, .T. ) ;
#3533 = DIRECTION ( 'NONE',  ( 0.000000000000000000, -0.000000000000000000, -1.000000000000000000 ) ) ;
#3534 = CARTESIAN_POINT ( 'NONE',  ( 90.50000000000001421, -2.399527641708707915, 6.001000000000000334 ) ) ;
#3536 = EDGE_CURVE ( 'NONE', #2639, #1542, #4231, .T. ) ;
#3535 = VECTOR ( 'NONE', #3829, 1000.000000000000000 ) ;
#3537 = CARTESIAN_POINT ( 'NONE',  ( -8.849999999999996092, -18.50000000000000355, 0.5000000000000000000 ) ) ;
#3538 = ORIENTED_EDGE ( 'NONE', *, *, #1439, .F. ) ;
#3539 = VERTEX_POINT ( 'NONE', #1190 ) ;
#3540 = AXIS2_PLACEMENT_3D ( 'NONE', #98, #6467, #6361 ) ;
#3541 = LINE ( 'NONE', #5815, #5941 ) ;
#3542 = EDGE_CURVE ( 'NONE', #4875, #102, #4303, .T. ) ;
#3543 = DIRECTION ( 'NONE',  ( 0.000000000000000000, -1.000000000000000000, 0.000000000000000000 ) ) ;
#3544 = DIRECTION ( 'NONE',  ( -0.000000000000000000, -0.000000000000000000, -1.000000000000000000 ) ) ;
#3545 = DIRECTION ( 'NONE',  ( 0.000000000000000000, 0.000000000000000000, 1.000000000000000000 ) ) ;
#3546 = EDGE_LOOP ( 'NONE', ( #408, #1378, #3872, #6158 ) ) ;
#3547 = ORIENTED_EDGE ( 'NONE', *, *, #1864, .T. ) ;
#3548 = AXIS2_PLACEMENT_3D ( 'NONE', #6347, #1602, #1670 ) ;
#3549 = EDGE_CURVE ( 'NONE', #4709, #5655, #663, .T. ) ;
#3550 = CARTESIAN_POINT ( 'NONE',  ( 36.41227766016831424, -21.33047371415610627, -0.5000000000000004441 ) ) ;
#3551 = CARTESIAN_POINT ( 'NONE',  ( 67.49851237746938182, -16.60908147058193052, 91.99722379239923953 ) ) ;
#3552 = LINE ( 'NONE', #442, #1482 ) ;
#3553 = CARTESIAN_POINT ( 'NONE',  ( 35.49999999999993605, -20.50000000000000000, -0.5000000000000000000 ) ) ;
#3554 = VECTOR ( 'NONE', #5483, 1000.000000000000000 ) ;
#3555 = ORIENTED_EDGE ( 'NONE', *, *, #643, .T. ) ;
#3556 = EDGE_LOOP ( 'NONE', ( #2517, #1169, #6412, #1356 ) ) ;
#3557 = VECTOR ( 'NONE', #4996, 1000.000000000000000 ) ;
#3558 = VECTOR ( 'NONE', #6080, 1000.000000000000000 ) ;
#3559 = LINE ( 'NONE', #1402, #6358 ) ;
#3560 = CARTESIAN_POINT ( 'NONE',  ( -2.849999999999992095, -18.25000000000000355, -0.5000000000000004441 ) ) ;
#3561 = CARTESIAN_POINT ( 'NONE',  ( 37.66795060797473838, -22.29723704804913709, -55.82353258373179727 ) ) ;
#3562 = CARTESIAN_POINT ( 'NONE',  ( 7.368174807915457869, 1.400000000000002576, 6.000000000000000000 ) ) ;
#3563 = DIRECTION ( 'NONE',  ( -0.000000000000000000, -0.000000000000000000, -1.000000000000000000 ) ) ;
#3564 = VERTEX_POINT ( 'NONE', #5840 ) ;
#3565 = CIRCLE ( 'NONE', #6815, 1.000000000000000888 ) ;
#3566 = ORIENTED_EDGE ( 'NONE', *, *, #5200, .F. ) ;
#3567 = ORIENTED_EDGE ( 'NONE', *, *, #5562, .F. ) ;
#3568 = ORIENTED_EDGE ( 'NONE', *, *, #6029, .T. ) ;
#3569 = DIRECTION ( 'NONE',  ( -1.000000000000000000, 1.734723475976807094E-15, 0.000000000000000000 ) ) ;
#3570 = CARTESIAN_POINT ( 'NONE',  ( 62.63182519208454835, -1.600000000000004086, 0.000000000000000000 ) ) ;
#3571 = CIRCLE ( 'NONE', #5921, 1.600000000000004086 ) ;
#3572 = DIRECTION ( 'NONE',  ( 0.9094744755858001906, -0.4157597602677942095, 0.000000000000000000 ) ) ;
#3573 = LINE ( 'NONE', #2537, #1423 ) ;
#3574 = VERTEX_POINT ( 'NONE', #1724 ) ;
#3575 = VERTEX_POINT ( 'NONE', #4380 ) ;
#3576 = AXIS2_PLACEMENT_3D ( 'NONE', #6077, #1298, #3424 ) ;
#3577 = ADVANCED_FACE ( 'NONE', ( #5419 ), #6402, .T. ) ;
#3578 = CARTESIAN_POINT ( 'NONE',  ( 33.24999999999992895, -21.50000000000000000, 2.750000000000000000 ) ) ;
#3579 = CARTESIAN_POINT ( 'NONE',  ( -5.849999999999992539, -16.50000000000000000, 3.499999999999999556 ) ) ;
#3580 = VECTOR ( 'NONE', #6666, 1000.000000000000000 ) ;
#3581 = CARTESIAN_POINT ( 'NONE',  ( 7.368174807915457869, 1.400000000000002576, 3.500000000000000000 ) ) ;
#3582 = CIRCLE ( 'NONE', #570, 1.000000000000000888 ) ;
#3583 = CARTESIAN_POINT ( 'NONE',  ( 0.000000000000000000, 0.000000000000000000, 3.500000000000000000 ) ) ;
#3584 = ORIENTED_EDGE ( 'NONE', *, *, #1810, .T. ) ;
#3585 = ORIENTED_EDGE ( 'NONE', *, *, #6720, .T. ) ;
#3586 = ADVANCED_FACE ( 'NONE', ( #3224, #6434, #5976, #3810, #6363 ), #5345, .F. ) ;
#3587 = EDGE_CURVE ( 'NONE', #4551, #2993, #556, .T. ) ;
#3588 = DIRECTION ( 'NONE',  ( 1.000000000000000000, 0.000000000000000000, 0.000000000000000000 ) ) ;
#3589 = CARTESIAN_POINT ( 'NONE',  ( 87.90000000000000568, -18.50000000000000000, 1.725000000000000089 ) ) ;
#3590 = FACE_OUTER_BOUND ( 'NONE', #4163, .T. ) ;
#3591 = CARTESIAN_POINT ( 'NONE',  ( 0.4122776601683184050, -21.00364639817820844, 1.999999999999989120 ) ) ;
#3592 = ORIENTED_EDGE ( 'NONE', *, *, #6075, .T. ) ;
#3593 = AXIS2_PLACEMENT_3D ( 'NONE', #3247, #2651, #4847 ) ;
#3594 = ORIENTED_EDGE ( 'NONE', *, *, #2944, .T. ) ;
#3595 = EDGE_CURVE ( 'NONE', #4280, #2937, #626, .T. ) ;
#3596 = EDGE_CURVE ( 'NONE', #1762, #5499, #5947, .T. ) ;
#3597 = AXIS2_PLACEMENT_3D ( 'NONE', #822, #5221, #4080 ) ;
#3598 = LINE ( 'NONE', #2033, #2348 ) ;
#3599 = LINE ( 'NONE', #5731, #888 ) ;
#3600 = DIRECTION ( 'NONE',  ( -1.000000000000000000, 0.000000000000000000, 0.000000000000000000 ) ) ;
#3601 = CARTESIAN_POINT ( 'NONE',  ( -26.50000000000001066, -7.000000000000004441, 4.000000000000000888 ) ) ;
#3602 = CARTESIAN_POINT ( 'NONE',  ( 33.24999999999992895, -19.50000000000000000, 2.750000000000000000 ) ) ;
#3603 = ORIENTED_EDGE ( 'NONE', *, *, #6223, .T. ) ;
#3604 = EDGE_CURVE ( 'NONE', #2050, #92, #1271, .T. ) ;
#3605 = ORIENTED_EDGE ( 'NONE', *, *, #77, .T. ) ;
#3606 = CARTESIAN_POINT ( 'NONE',  ( 54.88006213966855285, -17.74527366776648662, -0.5000000000000004441 ) ) ;
#3607 = CARTESIAN_POINT ( 'NONE',  ( 61.45000000000001705, -16.50000000000000355, -0.5000000000000000000 ) ) ;
#3608 = PLANE ( 'NONE',  #985 ) ;
#3609 = FACE_BOUND ( 'NONE', #1572, .T. ) ;
#3610 = VERTEX_POINT ( 'NONE', #4515 ) ;
#3611 = ORIENTED_EDGE ( 'NONE', *, *, #2244, .F. ) ;
#3612 = ORIENTED_EDGE ( 'NONE', *, *, #6197, .F. ) ;
#3613 = DIRECTION ( 'NONE',  ( 0.000000000000000000, 0.000000000000000000, 1.000000000000000000 ) ) ;
#3614 = CARTESIAN_POINT ( 'NONE',  ( 48.57143374141650582, -10.50000000000000711, 3.500000000000003109 ) ) ;
#3615 = LINE ( 'NONE', #5646, #4602 ) ;
#3616 = DIRECTION ( 'NONE',  ( 0.000000000000000000, -0.000000000000000000, -1.000000000000000000 ) ) ;
#3617 = VERTEX_POINT ( 'NONE', #141 ) ;
#3618 = ORIENTED_EDGE ( 'NONE', *, *, #5900, .F. ) ;
#3619 = FACE_OUTER_BOUND ( 'NONE', #6631, .T. ) ;
#3620 = DIRECTION ( 'NONE',  ( -0.000000000000000000, 0.000000000000000000, 1.000000000000000000 ) ) ;
#3621 = CARTESIAN_POINT ( 'NONE',  ( 87.90000000000000568, -18.50000000000000000, 1.725000000000000089 ) ) ;
#3622 = EDGE_CURVE ( 'NONE', #4334, #2781, #3957, .T. ) ;
#3623 = DIRECTION ( 'NONE',  ( 0.000000000000000000, -0.000000000000000000, 1.000000000000000000 ) ) ;
#3624 = ORIENTED_EDGE ( 'NONE', *, *, #1884, .F. ) ;
#3625 = VERTEX_POINT ( 'NONE', #3920 ) ;
#3626 = DIRECTION ( 'NONE',  ( -1.000000000000000000, 0.000000000000000000, 0.000000000000000000 ) ) ;
#3627 = DIRECTION ( 'NONE',  ( -0.000000000000000000, -0.000000000000000000, -1.000000000000000000 ) ) ;
#3628 = LINE ( 'NONE', #1933, #257 ) ;
#3629 = DIRECTION ( 'NONE',  ( -1.000000000000000000, 0.000000000000000000, 0.000000000000000000 ) ) ;
#3630 = EDGE_CURVE ( 'NONE', #3805, #4262, #5912, .T. ) ;
#3631 = EDGE_CURVE ( 'NONE', #1937, #2414, #170, .T. ) ;
#3632 = CARTESIAN_POINT ( 'NONE',  ( 32.25000000000000711, -12.93565627928923156, -0.5000000000000004441 ) ) ;
#3633 = ORIENTED_EDGE ( 'NONE', *, *, #3517, .F. ) ;
#3634 = ORIENTED_EDGE ( 'NONE', *, *, #3801, .T. ) ;
#3635 = ORIENTED_EDGE ( 'NONE', *, *, #5261, .T. ) ;
#3636 = DIRECTION ( 'NONE',  ( -1.000000000000000000, 4.336808689942017120E-17, 0.000000000000000000 ) ) ;
#3637 = DIRECTION ( 'NONE',  ( 1.000000000000000000, 0.000000000000000000, 0.000000000000000000 ) ) ;
#3638 = ADVANCED_FACE ( 'NONE', ( #2320 ), #4414, .F. ) ;
#3639 = CARTESIAN_POINT ( 'NONE',  ( -10.49999999999999822, -1.599999999999995648, -4.000000000000000000 ) ) ;
#3640 = DIRECTION ( 'NONE',  ( 1.000000000000000000, 0.000000000000000000, 0.000000000000000000 ) ) ;
#3641 = ORIENTED_EDGE ( 'NONE', *, *, #3790, .F. ) ;
#3642 = ORIENTED_EDGE ( 'NONE', *, *, #3722, .T. ) ;
#3643 = AXIS2_PLACEMENT_3D ( 'NONE', #1012, #2760, #3156 ) ;
#3644 = ORIENTED_EDGE ( 'NONE', *, *, #144, .F. ) ;
#3645 = VECTOR ( 'NONE', #2670, 1000.000000000000114 ) ;
#3646 = DIRECTION ( 'NONE',  ( 0.000000000000000000, -1.000000000000000000, 1.885568995626961082E-16 ) ) ;
#3647 = CARTESIAN_POINT ( 'NONE',  ( -3.849999999999992095, -11.49702692197741527, 3.500000000000000000 ) ) ;
#3648 = LINE ( 'NONE', #3175, #24 ) ;
#3649 = ORIENTED_EDGE ( 'NONE', *, *, #2611, .T. ) ;
#3650 = PRODUCT_DEFINITION_FORMATION_WITH_SPECIFIED_SOURCE ( 'ä»', '', #6740, .NOT_KNOWN. ) ;
#3651 = ORIENTED_EDGE ( 'NONE', *, *, #613, .F. ) ;
#3652 = CARTESIAN_POINT ( 'NONE',  ( 7.174593208866281380, -18.63840397036846497, -0.5000000000000004441 ) ) ;
#3653 = CARTESIAN_POINT ( 'NONE',  ( 36.41227766016831424, -20.09042769776545967, 2.000000000000012879 ) ) ;
#3654 = DIRECTION ( 'NONE',  ( -0.000000000000000000, -1.000000000000000000, -0.000000000000000000 ) ) ;
#3655 = CARTESIAN_POINT ( 'NONE',  ( 0.000000000000000000, -10.50000000000000711, 0.5000000000000000000 ) ) ;
#3656 = LINE ( 'NONE', #1925, #6480 ) ;
#3657 = ORIENTED_EDGE ( 'NONE', *, *, #1581, .T. ) ;
#3658 = ORIENTED_EDGE ( 'NONE', *, *, #651, .F. ) ;
#3659 = AXIS2_PLACEMENT_3D ( 'NONE', #2088, #4293, #6911 ) ;
#3660 = EDGE_CURVE ( 'NONE', #6373, #2070, #4929, .T. ) ;
#3661 =( LENGTH_UNIT ( ) NAMED_UNIT ( * ) SI_UNIT ( .MILLI., .METRE. ) );
#3662 = DIRECTION ( 'NONE',  ( 1.000000000000000000, 0.000000000000000000, 0.000000000000000000 ) ) ;
#3663 = LINE ( 'NONE', #1014, #994 ) ;
#3664 = DIRECTION ( 'NONE',  ( 0.000000000000000000, 1.000000000000000000, 0.000000000000000000 ) ) ;
#3665 = AXIS2_PLACEMENT_3D ( 'NONE', #950, #1023, #6761 ) ;
#3666 = DIRECTION ( 'NONE',  ( 0.000000000000000000, 0.000000000000000000, -1.000000000000000000 ) ) ;
#3667 = ORIENTED_EDGE ( 'NONE', *, *, #2834, .T. ) ;
#3668 = CARTESIAN_POINT ( 'NONE',  ( 59.39410558132723850, -13.64664565419717945, -0.5000000000000004441 ) ) ;
#3669 = CIRCLE ( 'NONE', #5012, 1.000000000000000888 ) ;
#3670 = VECTOR ( 'NONE', #836, 1000.000000000000000 ) ;
#3671 = EDGE_CURVE ( 'NONE', #3013, #3099, #5068, .T. ) ;
#3672 = DIRECTION ( 'NONE',  ( -0.000000000000000000, -0.000000000000000000, 1.000000000000000000 ) ) ;
#3673 = DIRECTION ( 'NONE',  ( -1.000000000000000000, -0.000000000000000000, -0.000000000000000000 ) ) ;
#3674 = AXIS2_PLACEMENT_3D ( 'NONE', #1492, #4660, #4250 ) ;
#3675 = CARTESIAN_POINT ( 'NONE',  ( 30.04235071204237784, -21.62987723578037702, 3.277954108780700704 ) ) ;
#3676 = AXIS2_PLACEMENT_3D ( 'NONE', #6783, #4166, #1992 ) ;
#3677 = AXIS2_PLACEMENT_3D ( 'NONE', #6540, #5593, #1368 ) ;
#3678 = ORIENTED_EDGE ( 'NONE', *, *, #3084, .F. ) ;
#3679 = ORIENTED_EDGE ( 'NONE', *, *, #4577, .F. ) ;
#3680 = VECTOR ( 'NONE', #3404, 1000.000000000000000 ) ;
#3681 = ADVANCED_FACE ( 'NONE', ( #2287 ), #5626, .T. ) ;
#3682 = EDGE_CURVE ( 'NONE', #4632, #6352, #3400, .T. ) ;
#3683 = AXIS2_PLACEMENT_3D ( 'NONE', #1325, #162, #4952 ) ;
#3684 = LINE ( 'NONE', #465, #908 ) ;
#3685 = DIRECTION ( 'NONE',  ( 0.000000000000000000, 0.000000000000000000, 1.000000000000000000 ) ) ;
#3686 = LINE ( 'NONE', #2724, #4544 ) ;
#3687 = ORIENTED_EDGE ( 'NONE', *, *, #1414, .T. ) ;
#3688 = VECTOR ( 'NONE', #6283, 1000.000000000000000 ) ;
#3689 = ORIENTED_EDGE ( 'NONE', *, *, #5758, .T. ) ;
#3690 = AXIS2_PLACEMENT_3D ( 'NONE', #573, #2644, #4212 ) ;
#3691 = FACE_OUTER_BOUND ( 'NONE', #2260, .T. ) ;
#3692 = CARTESIAN_POINT ( 'NONE',  ( 68.40000000000000568, 0.000000000000000000, 3.000000000000000000 ) ) ;
#3693 = CARTESIAN_POINT ( 'NONE',  ( -26.00000000000001421, -20.50000000000000000, 4.499999999999987566 ) ) ;
#3694 = DIRECTION ( 'NONE',  ( 0.000000000000000000, 0.000000000000000000, 1.000000000000000000 ) ) ;
#3695 = DIRECTION ( 'NONE',  ( -0.1945569374730866663, -0.9808912264268110359, 0.000000000000000000 ) ) ;
#3696 = ORIENTED_EDGE ( 'NONE', *, *, #2936, .T. ) ;
#3697 = ORIENTED_EDGE ( 'NONE', *, *, #5828, .F. ) ;
#3698 = AXIS2_PLACEMENT_3D ( 'NONE', #4066, #3828, #1737 ) ;
#3699 = ORIENTED_EDGE ( 'NONE', *, *, #5828, .T. ) ;
#3700 = EDGE_CURVE ( 'NONE', #2503, #5096, #3024, .T. ) ;
#3701 = DIRECTION ( 'NONE',  ( -0.000000000000000000, -0.000000000000000000, 1.000000000000000000 ) ) ;
#3702 = CARTESIAN_POINT ( 'NONE',  ( -8.849999999999996092, -18.50000000000000355, 5.000000000000000000 ) ) ;
#3704 = CARTESIAN_POINT ( 'NONE',  ( 7.105894418672759727, -13.64664565419717945, 91.99722379239923953 ) ) ;
#3703 = VECTOR ( 'NONE', #1398, 1000.000000000000000 ) ;
#3705 = CARTESIAN_POINT ( 'NONE',  ( 0.000000000000000000, 0.000000000000000000, 0.000000000000000000 ) ) ;
#3706 = VERTEX_POINT ( 'NONE', #3460 ) ;
#3707 = ORIENTED_EDGE ( 'NONE', *, *, #2685, .F. ) ;
#3708 = CIRCLE ( 'NONE', #1595, 1.000000000000000888 ) ;
#3709 = DIRECTION ( 'NONE',  ( -0.000000000000000000, -0.000000000000000000, 1.000000000000000000 ) ) ;
#3710 = DIRECTION ( 'NONE',  ( 0.000000000000000000, 0.000000000000000000, 1.000000000000000000 ) ) ;
#3711 = CYLINDRICAL_SURFACE ( 'NONE', #205, 2.999999999999999112 ) ;
#3712 = ADVANCED_FACE ( 'NONE', ( #2391 ), #6146, .F. ) ;
#3713 = EDGE_CURVE ( 'NONE', #2957, #5294, #2918, .T. ) ;
#3714 = ORIENTED_EDGE ( 'NONE', *, *, #106, .F. ) ;
#3715 = ORIENTED_EDGE ( 'NONE', *, *, #4318, .F. ) ;
#3716 = VERTEX_POINT ( 'NONE', #3493 ) ;
#3717 = DIRECTION ( 'NONE',  ( -0.000000000000000000, -0.000000000000000000, 1.000000000000000000 ) ) ;
#3718 = DIRECTION ( 'NONE',  ( 0.000000000000000000, 0.000000000000000000, -1.000000000000000000 ) ) ;
#3719 = DIRECTION ( 'NONE',  ( -1.000000000000000000, 0.000000000000000000, 0.000000000000000000 ) ) ;
#3720 = LINE ( 'NONE', #1627, #6043 ) ;
#3721 = ADVANCED_FACE ( 'NONE', ( #4541 ), #6675, .F. ) ;
#3722 = EDGE_CURVE ( 'NONE', #3879, #4977, #831, .T. ) ;
#3723 = VERTEX_POINT ( 'NONE', #1862 ) ;
#3724 = ORIENTED_EDGE ( 'NONE', *, *, #1414, .F. ) ;
#3725 = PLANE ( 'NONE',  #2934 ) ;
#3726 = CARTESIAN_POINT ( 'NONE',  ( 0.000000000000000000, 0.000000000000000000, 3.500000000000000000 ) ) ;
#3727 = CARTESIAN_POINT ( 'NONE',  ( -26.00000000000001421, -17.50000000000000000, 2.000000000000000000 ) ) ;
#3728 = ADVANCED_FACE ( 'NONE', ( #6648 ), #4446, .F. ) ;
#3729 = LINE ( 'NONE', #4769, #3137 ) ;
#3730 = CARTESIAN_POINT ( 'NONE',  ( 73.01182432432433700, -12.44594594594595272, -0.5000000000000004441 ) ) ;
#3731 = ORIENTED_EDGE ( 'NONE', *, *, #1462, .F. ) ;
#3732 = ORIENTED_EDGE ( 'NONE', *, *, #6419, .T. ) ;
#3733 = VERTEX_POINT ( 'NONE', #2880 ) ;
#3734 = CARTESIAN_POINT ( 'NONE',  ( -16.50000000000001066, -7.500000000000016875, -1.700000000000000178 ) ) ;
#3735 = CARTESIAN_POINT ( 'NONE',  ( 68.17381614751239738, -15.69040589228146487, -55.82353258373179727 ) ) ;
#3736 = FACE_OUTER_BOUND ( 'NONE', #1958, .T. ) ;
#3737 = DIRECTION ( 'NONE',  ( 0.000000000000000000, -1.000000000000000000, 1.885568995626961082E-16 ) ) ;
#3738 = ORIENTED_EDGE ( 'NONE', *, *, #4202, .F. ) ;
#3739 = ORIENTED_EDGE ( 'NONE', *, *, #6628, .F. ) ;
#3740 = DIRECTION ( 'NONE',  ( 1.000000000000000000, 0.000000000000000000, 0.000000000000000000 ) ) ;
#3741 = CARTESIAN_POINT ( 'NONE',  ( 35.25000000000000711, -12.93565627928923156, -0.5000000000000004441 ) ) ;
#3742 = DIRECTION ( 'NONE',  ( 0.000000000000000000, -1.000000000000000000, 0.000000000000000000 ) ) ;
#3743 = VERTEX_POINT ( 'NONE', #2351 ) ;
#3744 = ORIENTED_EDGE ( 'NONE', *, *, #5165, .T. ) ;
#3745 = VERTEX_POINT ( 'NONE', #374 ) ;
#3746 = EDGE_CURVE ( 'NONE', #6011, #2218, #896, .T. ) ;
#3747 = CARTESIAN_POINT ( 'NONE',  ( 91.10000000000000853, -18.50000000000000000, 1.725000000000000089 ) ) ;
#3748 = DIRECTION ( 'NONE',  ( 0.000000000000000000, 0.000000000000000000, 1.000000000000000000 ) ) ;
#3749 = DIRECTION ( 'NONE',  ( 0.000000000000000000, 0.000000000000000000, 1.000000000000000000 ) ) ;
#3750 = CYLINDRICAL_SURFACE ( 'NONE', #919, 4.500000000000003553 ) ;
#3751 = ORIENTED_EDGE ( 'NONE', *, *, #3981, .F. ) ;
#3752 = ORIENTED_EDGE ( 'NONE', *, *, #2155, .T. ) ;
#3753 = CIRCLE ( 'NONE', #6442, 4.000000000000000000 ) ;
#3754 = EDGE_CURVE ( 'NONE', #5106, #6181, #964, .T. ) ;
#3755 = CARTESIAN_POINT ( 'NONE',  ( -4.500000000000000000, -4.499999999999995559, -89.54697091471047088 ) ) ;
#3756 = VECTOR ( 'NONE', #2407, 1000.000000000000000 ) ;
#3757 = CARTESIAN_POINT ( 'NONE',  ( 68.48732929018946436, -16.85573382074009530, 91.99722379239923953 ) ) ;
#3758 = DIRECTION ( 'NONE',  ( -0.9667633338930343712, -0.2556729478064219685, 0.000000000000000000 ) ) ;
#3759 = VECTOR ( 'NONE', #4178, 1000.000000000000000 ) ;
#3760 = CARTESIAN_POINT ( 'NONE',  ( -39.37265766372466658, -3.399999999999995914, 4.000000000000000000 ) ) ;
#3761 = DIRECTION ( 'NONE',  ( 1.000000000000000000, 0.000000000000000000, -0.000000000000000000 ) ) ;
#3762 = VERTEX_POINT ( 'NONE', #5230 ) ;
#3763 = ORIENTED_EDGE ( 'NONE', *, *, #2647, .F. ) ;
#3764 = ORIENTED_EDGE ( 'NONE', *, *, #3765, .T. ) ;
#3765 = EDGE_CURVE ( 'NONE', #1656, #1520, #934, .T. ) ;
#3766 = CARTESIAN_POINT ( 'NONE',  ( 74.60333844267950099, -24.50000000000000000, 3.500000000000003109 ) ) ;
#3767 = DIRECTION ( 'NONE',  ( -0.000000000000000000, -0.000000000000000000, 1.000000000000000000 ) ) ;
#3768 = DIRECTION ( 'NONE',  ( -0.000000000000000000, -0.000000000000000000, -1.000000000000000000 ) ) ;
#3769 = DIRECTION ( 'NONE',  ( 0.000000000000000000, 0.000000000000000000, 1.000000000000000000 ) ) ;
#3770 = VERTEX_POINT ( 'NONE', #859 ) ;
#3771 = DIRECTION ( 'NONE',  ( -0.5773502691896298389, 0.5773502691896298389, -0.5773502691896177375 ) ) ;
#3772 = EDGE_CURVE ( 'NONE', #5773, #5318, #4058, .T. ) ;
#3773 = ADVANCED_FACE ( 'NONE', ( #6817 ), #4671, .F. ) ;
#3774 = VECTOR ( 'NONE', #4160, 1000.000000000000000 ) ;
#3775 = FACE_OUTER_BOUND ( 'NONE', #4409, .T. ) ;
#3776 = DIRECTION ( 'NONE',  ( -1.000000000000000000, 0.000000000000000000, 0.000000000000000000 ) ) ;
#3777 = DIRECTION ( 'NONE',  ( -1.000000000000000000, 0.000000000000000000, 0.000000000000000000 ) ) ;
#3778 =( LENGTH_UNIT ( ) NAMED_UNIT ( * ) SI_UNIT ( .MILLI., .METRE. ) );
#3779 = ORIENTED_EDGE ( 'NONE', *, *, #1983, .F. ) ;
#3780 = AXIS2_PLACEMENT_3D ( 'NONE', #4098, #2566, #6192 ) ;
#3781 = ORIENTED_EDGE ( 'NONE', *, *, #277, .T. ) ;
#3782 = VECTOR ( 'NONE', #1446, 1000.000000000000000 ) ;
#3783 = ORIENTED_EDGE ( 'NONE', *, *, #941, .T. ) ;
#3784 = LINE ( 'NONE', #3826, #6483 ) ;
#3785 = DIRECTION ( 'NONE',  ( 1.000000000000000000, 0.000000000000000000, 0.000000000000000000 ) ) ;
#3786 = VECTOR ( 'NONE', #4481, 1000.000000000000000 ) ;
#3787 = CARTESIAN_POINT ( 'NONE',  ( 71.60000000000000853, 1.959434878635772626E-16, 3.500000000000000000 ) ) ;
#3788 = PLANE ( 'NONE',  #3324 ) ;
#3789 = VERTEX_POINT ( 'NONE', #6318 ) ;
#3790 = EDGE_CURVE ( 'NONE', #2563, #470, #2447, .T. ) ;
#3791 = CIRCLE ( 'NONE', #6588, 2.000000000000000000 ) ;
#3792 = EDGE_LOOP ( 'NONE', ( #5671, #4347, #4774, #825 ) ) ;
#3793 = AXIS2_PLACEMENT_3D ( 'NONE', #2129, #1044, #508 ) ;
#3794 = DIRECTION ( 'NONE',  ( 1.000000000000000000, -0.000000000000000000, -0.000000000000000000 ) ) ;
#3795 = DIRECTION ( 'NONE',  ( 1.259855038418910030E-16, 1.000000000000000000, 0.000000000000000000 ) ) ;
#3796 = CARTESIAN_POINT ( 'NONE',  ( -16.50000000000000355, -6.099999999999996092, 2.000000000000000000 ) ) ;
#3797 = CARTESIAN_POINT ( 'NONE',  ( 5.050000000000002487, -16.50000000000001066, -4.000999999999999446 ) ) ;
#3798 = VECTOR ( 'NONE', #2331, 1000.000000000000000 ) ;
#3799 = DIRECTION ( 'NONE',  ( -0.000000000000000000, -0.000000000000000000, -1.000000000000000000 ) ) ;
#3800 = CARTESIAN_POINT ( 'NONE',  ( -16.49999999999999645, -8.500000000000007105, -1.700000000000000400 ) ) ;
#3801 = EDGE_CURVE ( 'NONE', #6624, #2563, #1399, .T. ) ;
#3802 = EDGE_LOOP ( 'NONE', ( #5703, #2608, #2641, #4865 ) ) ;
#3803 = EDGE_CURVE ( 'NONE', #6355, #4362, #1503, .T. ) ;
#3804 = ORIENTED_EDGE ( 'NONE', *, *, #3803, .T. ) ;
#3805 = VERTEX_POINT ( 'NONE', #6776 ) ;
#3806 = VECTOR ( 'NONE', #2948, 1000.000000000000000 ) ;
#3807 = DIRECTION ( 'NONE',  ( 0.000000000000000000, 0.000000000000000000, -1.000000000000000000 ) ) ;
#3808 = FACE_OUTER_BOUND ( 'NONE', #3802, .T. ) ;
#3809 = CARTESIAN_POINT ( 'NONE',  ( 0.000000000000000000, 0.000000000000000000, 3.500000000000000000 ) ) ;
#3810 = FACE_BOUND ( 'NONE', #1516, .T. ) ;
#3811 = ORIENTED_EDGE ( 'NONE', *, *, #5757, .F. ) ;
#3812 = AXIS2_PLACEMENT_3D ( 'NONE', #1289, #5016, #2837 ) ;
#3813 = EDGE_CURVE ( 'NONE', #5179, #813, #3656, .T. ) ;
#3814 = ADVANCED_FACE ( 'NONE', ( #2489 ), #6209, .T. ) ;
#3815 = FACE_OUTER_BOUND ( 'NONE', #5841, .T. ) ;
#3816 = CIRCLE ( 'NONE', #13, 3.000000000000000000 ) ;
#3817 = DIRECTION ( 'NONE',  ( -0.5773502691896296168, 0.5773502691896263972, -0.5773502691896210681 ) ) ;
#3819 = AXIS2_PLACEMENT_3D ( 'NONE', #2117, #3034, #5219 ) ;
#3818 = LINE ( 'NONE', #5952, #1000 ) ;
#3820 = LINE ( 'NONE', #4388, #2003 ) ;
#3821 = VERTEX_POINT ( 'NONE', #3522 ) ;
#3822 = ADVANCED_FACE ( 'NONE', ( #2061, #4192, #2552, #1429 ), #5787, .F. ) ;
#3823 = ORIENTED_EDGE ( 'NONE', *, *, #5173, .T. ) ;
#3824 = AXIS2_PLACEMENT_3D ( 'NONE', #1260, #4506, #5059 ) ;
#3825 = ORIENTED_EDGE ( 'NONE', *, *, #6378, .T. ) ;
#3826 = CARTESIAN_POINT ( 'NONE',  ( -7.349999999999995204, -26.50000000000000355, -4.000999999999999446 ) ) ;
#3827 = CARTESIAN_POINT ( 'NONE',  ( -0.02911644369872081611, -12.84973239741057860, 3.500000000000000000 ) ) ;
#3828 = DIRECTION ( 'NONE',  ( -1.000000000000000000, 0.000000000000000000, -0.000000000000000000 ) ) ;
#3829 = DIRECTION ( 'NONE',  ( -0.000000000000000000, -0.000000000000000000, -1.000000000000000000 ) ) ;
#3830 = ORIENTED_EDGE ( 'NONE', *, *, #4529, .T. ) ;
#3831 = EDGE_LOOP ( 'NONE', ( #4550, #5835 ) ) ;
#3832 = FACE_BOUND ( 'NONE', #2511, .T. ) ;
#3833 = EDGE_LOOP ( 'NONE', ( #6287, #353, #2288, #5535 ) ) ;
#3834 = DIRECTION ( 'NONE',  ( 0.000000000000000000, -1.000000000000000000, 0.000000000000000000 ) ) ;
#3835 = DIRECTION ( 'NONE',  ( -0.000000000000000000, -0.000000000000000000, 1.000000000000000000 ) ) ;
#3836 = LINE ( 'NONE', #3727, #4497 ) ;
#3837 = PLANE ( 'NONE',  #3683 ) ;
#3838 = CARTESIAN_POINT ( 'NONE',  ( 54.62438919186213582, -16.77851033387345225, -55.82353258373179727 ) ) ;
#3839 = ORIENTED_EDGE ( 'NONE', *, *, #4236, .T. ) ;
#3840 = VECTOR ( 'NONE', #2954, 1000.000000000000000 ) ;
#3841 = ORIENTED_EDGE ( 'NONE', *, *, #1428, .T. ) ;
#3842 = EDGE_CURVE ( 'NONE', #6111, #1199, #3009, .T. ) ;
#3843 = EDGE_CURVE ( 'NONE', #5399, #5179, #6745, .T. ) ;
#3844 = CARTESIAN_POINT ( 'NONE',  ( -29.00000000000000000, -14.49999999999999822, 2.000000000000000000 ) ) ;
#3845 = CARTESIAN_POINT ( 'NONE',  ( -3.849999999999992539, -18.50000000000000000, -0.5000000000000000000 ) ) ;
#3846 = FACE_OUTER_BOUND ( 'NONE', #3329, .T. ) ;
#3847 = DIRECTION ( 'NONE',  ( 0.000000000000000000, -0.000000000000000000, 1.000000000000000000 ) ) ;
#3848 = EDGE_LOOP ( 'NONE', ( #426, #5198, #209, #5964 ) ) ;
#3849 = DIRECTION ( 'NONE',  ( -0.000000000000000000, -1.000000000000000000, -2.551063935260008765E-17 ) ) ;
#3850 = EDGE_CURVE ( 'NONE', #6866, #5539, #3565, .T. ) ;
#3851 = DIRECTION ( 'NONE',  ( 1.000000000000000000, 0.000000000000000000, -0.000000000000000000 ) ) ;
#3852 = DIRECTION ( 'NONE',  ( -1.000000000000000000, 0.000000000000000000, 0.000000000000000000 ) ) ;
#3853 = DIRECTION ( 'NONE',  ( 0.000000000000000000, 0.000000000000000000, -1.000000000000000000 ) ) ;
#3854 = ORIENTED_EDGE ( 'NONE', *, *, #3517, .T. ) ;
#3855 = VERTEX_POINT ( 'NONE', #2521 ) ;
#3856 = ORIENTED_EDGE ( 'NONE', *, *, #5269, .T. ) ;
#3857 = EDGE_CURVE ( 'NONE', #3610, #3952, #4162, .T. ) ;
#3858 = DIRECTION ( 'NONE',  ( -0.000000000000000000, -0.000000000000000000, 1.000000000000000000 ) ) ;
#3859 = PLANE ( 'NONE',  #1142 ) ;
#3860 = CARTESIAN_POINT ( 'NONE',  ( -15.49999999999999822, -8.500000000000017764, -0.4999999999999987232 ) ) ;
#3861 = LINE ( 'NONE', #5572, #5657 ) ;
#3862 = VERTEX_POINT ( 'NONE', #6249 ) ;
#3863 = ORIENTED_EDGE ( 'NONE', *, *, #6922, .F. ) ;
#3864 = VERTEX_POINT ( 'NONE', #1468 ) ;
#3865 = CARTESIAN_POINT ( 'NONE',  ( -12.50000000000000355, -14.23205080756887853, 0.5000000000000004441 ) ) ;
#3866 = DIRECTION ( 'NONE',  ( -0.000000000000000000, -0.000000000000000000, -1.000000000000000000 ) ) ;
#3867 = CARTESIAN_POINT ( 'NONE',  ( -0.05236439395462548496, -10.50000000000000711, -0.5000000000000143219 ) ) ;
#3868 = CARTESIAN_POINT ( 'NONE',  ( 0.5233821850937468989, -20.54553633019022740, -55.82353258373179727 ) ) ;
#3869 = CARTESIAN_POINT ( 'NONE',  ( 36.49999999999993605, -20.36109254216550468, 2.499580356339635934 ) ) ;
#3870 = ORIENTED_EDGE ( 'NONE', *, *, #1742, .F. ) ;
#3871 = ORIENTED_EDGE ( 'NONE', *, *, #4156, .F. ) ;
#3872 = ORIENTED_EDGE ( 'NONE', *, *, #5987, .F. ) ;
#3873 = AXIS2_PLACEMENT_3D ( 'NONE', #3256, #1078, #2136 ) ;
#3874 = AXIS2_PLACEMENT_3D ( 'NONE', #6163, #3478, #5640 ) ;
#3875 = DIRECTION ( 'NONE',  ( -0.000000000000000000, -1.000000000000000000, -0.000000000000000000 ) ) ;
#3876 = CARTESIAN_POINT ( 'NONE',  ( 74.60333844267950099, -23.50000000000000000, -0.5000000000000004441 ) ) ;
#3877 = LINE ( 'NONE', #1367, #5273 ) ;
#3878 = DIRECTION ( 'NONE',  ( 0.000000000000000000, -1.000000000000000000, 0.000000000000000000 ) ) ;
#3879 = VERTEX_POINT ( 'NONE', #3591 ) ;
#3881 = EDGE_CURVE ( 'NONE', #4909, #4898, #5130, .T. ) ;
#3880 = AXIS2_PLACEMENT_3D ( 'NONE', #6440, #6335, #3169 ) ;
#3882 = DIRECTION ( 'NONE',  ( -0.000000000000000000, -0.000000000000000000, -1.000000000000000000 ) ) ;
#3883 = FACE_OUTER_BOUND ( 'NONE', #4522, .T. ) ;
#3884 = FACE_OUTER_BOUND ( 'NONE', #4973, .T. ) ;
#3885 = CARTESIAN_POINT ( 'NONE',  ( 0.4971805263963767207, -20.60017037958312969, 2.905507083433555238 ) ) ;
#3886 = VERTEX_POINT ( 'NONE', #1006 ) ;
#3887 = VERTEX_POINT ( 'NONE', #3288 ) ;
#3888 = ADVANCED_FACE ( 'NONE', ( #90 ), #5300, .F. ) ;
#3889 = VERTEX_POINT ( 'NONE', #3730 ) ;
#3890 = VECTOR ( 'NONE', #1530, 1000.000000000000000 ) ;
#3891 = CARTESIAN_POINT ( 'NONE',  ( 0.000000000000000000, -19.50000000000000000, -0.5000000000000004441 ) ) ;
#3892 = CARTESIAN_POINT ( 'NONE',  ( -4.988272402590862242, -10.50000000000000711, -0.5000000000000000000 ) ) ;
#3893 = VECTOR ( 'NONE', #6634, 1000.000000000000000 ) ;
#3894 = CIRCLE ( 'NONE', #6013, 1.000000000000000888 ) ;
#3895 = DIRECTION ( 'NONE',  ( 0.000000000000000000, -1.000000000000000000, 0.000000000000000000 ) ) ;
#3896 = CIRCLE ( 'NONE', #1550, 3.000000000000000000 ) ;
#3897 = ORIENTED_EDGE ( 'NONE', *, *, #1343, .T. ) ;
#3898 = ADVANCED_FACE ( 'NONE', ( #6458 ), #478, .F. ) ;
#3899 = ADVANCED_FACE ( 'NONE', ( #4296 ), #3215, .T. ) ;
#3900 = ORIENTED_EDGE ( 'NONE', *, *, #1857, .T. ) ;
#3901 = CIRCLE ( 'NONE', #2116, 1.000000000000000888 ) ;
#3902 = CIRCLE ( 'NONE', #4356, 2.000000000000001776 ) ;
#3903 = DIRECTION ( 'NONE',  ( 0.000000000000000000, 0.000000000000000000, 1.000000000000000000 ) ) ;
#3904 = CARTESIAN_POINT ( 'NONE',  ( -21.50000000000000000, -3.600000000000003197, 3.500000000000000000 ) ) ;
#3905 = VECTOR ( 'NONE', #1196, 1000.000000000000000 ) ;
#3906 = DIRECTION ( 'NONE',  ( 0.000000000000000000, 0.000000000000000000, 1.000000000000000000 ) ) ;
#3907 = CARTESIAN_POINT ( 'NONE',  ( 93.50000000000001421, 4.500000000000006217, 6.000000000000000000 ) ) ;
#3908 = DIRECTION ( 'NONE',  ( 0.7071067811865474617, -0.7071067811865474617, 0.000000000000000000 ) ) ;
#3909 = DIRECTION ( 'NONE',  ( 0.000000000000000000, -1.000000000000000000, 0.000000000000000000 ) ) ;
#3910 = EDGE_LOOP ( 'NONE', ( #479, #1295, #23, #6511 ) ) ;
#3911 = AXIS2_PLACEMENT_3D ( 'NONE', #5197, #4637, #1533 ) ;
#3912 = EDGE_CURVE ( 'NONE', #2344, #1090, #1903, .T. ) ;
#3913 = ORIENTED_EDGE ( 'NONE', *, *, #6113, .T. ) ;
#3914 = ORIENTED_EDGE ( 'NONE', *, *, #3376, .T. ) ;
#3915 = CIRCLE ( 'NONE', #6365, 4.000000000000000000 ) ;
#3916 = AXIS2_PLACEMENT_3D ( 'NONE', #1907, #6124, #3933 ) ;
#3917 = FACE_OUTER_BOUND ( 'NONE', #3279, .T. ) ;
#3918 = FACE_OUTER_BOUND ( 'NONE', #1926, .T. ) ;
#3919 = FACE_OUTER_BOUND ( 'NONE', #5303, .T. ) ;
#3920 = CARTESIAN_POINT ( 'NONE',  ( 73.67537375900982966, -20.32694737248047545, -0.5000000000000004441 ) ) ;
#3921 = EDGE_LOOP ( 'NONE', ( #4082, #6147, #5513, #1959 ) ) ;
#3922 = AXIS2_PLACEMENT_3D ( 'NONE', #2097, #1077, #514 ) ;
#3923 = DIRECTION ( 'NONE',  ( 0.000000000000000000, 0.000000000000000000, -1.000000000000000000 ) ) ;
#3924 = CIRCLE ( 'NONE', #899, 1.000000000000000888 ) ;
#3925 = DIRECTION ( 'NONE',  ( -0.000000000000000000, -0.000000000000000000, 1.000000000000000000 ) ) ;
#3926 = AXIS2_PLACEMENT_3D ( 'NONE', #325, #5677, #3071 ) ;
#3927 = FACE_OUTER_BOUND ( 'NONE', #5389, .T. ) ;
#3928 = ORIENTED_EDGE ( 'NONE', *, *, #2964, .F. ) ;
#3929 = ORIENTED_EDGE ( 'NONE', *, *, #2672, .T. ) ;
#3930 = ORIENTED_EDGE ( 'NONE', *, *, #3075, .F. ) ;
#3931 = VECTOR ( 'NONE', #3190, 1000.000000000000000 ) ;
#3932 = VERTEX_POINT ( 'NONE', #5896 ) ;
#3933 = DIRECTION ( 'NONE',  ( 1.000000000000000000, 0.000000000000000000, 0.000000000000000000 ) ) ;
#3934 = LINE ( 'NONE', #1873, #1942 ) ;
#3935 = EDGE_CURVE ( 'NONE', #3074, #3889, #4331, .T. ) ;
#3936 = CARTESIAN_POINT ( 'NONE',  ( 27.63182519208454480, -1.599999999999999867, 0.000000000000000000 ) ) ;
#3937 = VECTOR ( 'NONE', #20, 1000.000000000000000 ) ;
#3938 = VECTOR ( 'NONE', #4355, 1000.000000000000000 ) ;
#3939 = ORIENTED_EDGE ( 'NONE', *, *, #1930, .T. ) ;
#3940 = ORIENTED_EDGE ( 'NONE', *, *, #4881, .F. ) ;
#3941 = VECTOR ( 'NONE', #3948, 1000.000000000000000 ) ;
#3942 = CARTESIAN_POINT ( 'NONE',  ( 5.000000000000000888, -3.600000000000000089, 3.500000000000000000 ) ) ;
#3943 = EDGE_CURVE ( 'NONE', #741, #1317, #2623, .T. ) ;
#3944 = ADVANCED_FACE ( 'NONE', ( #2201 ), #6914, .F. ) ;
#3945 = CYLINDRICAL_SURFACE ( 'NONE', #1579, 1.000000000000000888 ) ;
#3946 = AXIS2_PLACEMENT_3D ( 'NONE', #834, #4065, #6216 ) ;
#3947 = CARTESIAN_POINT ( 'NONE',  ( 48.57143374141650582, -11.50000000000000711, -0.5000000000000004441 ) ) ;
#3948 = DIRECTION ( 'NONE',  ( -1.000000000000000000, -7.288754100742885708E-17, 0.000000000000000000 ) ) ;
#3949 = DIRECTION ( 'NONE',  ( -1.000000000000000000, 0.000000000000000000, 0.000000000000000000 ) ) ;
#3950 = CARTESIAN_POINT ( 'NONE',  ( 37.41227766016831424, -21.33047371415610627, -0.5000000000000004441 ) ) ;
#3951 = ORIENTED_EDGE ( 'NONE', *, *, #4881, .T. ) ;
#3952 = VERTEX_POINT ( 'NONE', #54 ) ;
#3953 = EDGE_CURVE ( 'NONE', #5193, #1408, #5864, .T. ) ;
#3954 = DIRECTION ( 'NONE',  ( 0.9808912264268110359, 0.1945569374730865830, 0.000000000000000000 ) ) ;
#3955 = DIRECTION ( 'NONE',  ( -0.000000000000000000, 0.000000000000000000, 1.000000000000000000 ) ) ;
#3956 = DIRECTION ( 'NONE',  ( -1.000000000000000000, 0.000000000000000000, 0.000000000000000000 ) ) ;
#3957 = LINE ( 'NONE', #2951, #1111 ) ;
#3958 = ORIENTED_EDGE ( 'NONE', *, *, #6333, .F. ) ;
#3959 = CARTESIAN_POINT ( 'NONE',  ( 80.00000000000001421, -12.69285714285714661, 3.500000000000003109 ) ) ;
#3960 = DIRECTION ( 'NONE',  ( 0.000000000000000000, 0.000000000000000000, -1.000000000000000000 ) ) ;
#3961 = CARTESIAN_POINT ( 'NONE',  ( 0.4224881418587155268, -20.85085030799579187, 2.042164612167566951 ) ) ;
#3962 = ORIENTED_EDGE ( 'NONE', *, *, #2944, .F. ) ;
#3963 = ORIENTED_EDGE ( 'NONE', *, *, #4528, .F. ) ;
#3964 = ADVANCED_FACE ( 'NONE', ( #5332 ), #22, .F. ) ;
#3965 = ORIENTED_EDGE ( 'NONE', *, *, #6485, .F. ) ;
#3966 = DIRECTION ( 'NONE',  ( 0.000000000000000000, 0.000000000000000000, -1.000000000000000000 ) ) ;
#3967 = CARTESIAN_POINT ( 'NONE',  ( 0.4122776601683183495, -23.57956616564787566, 3.500000000000000444 ) ) ;
#3968 = CARTESIAN_POINT ( 'NONE',  ( -0.05236439395460423807, -10.50000000000000711, -0.5000000000000000000 ) ) ;
#3969 = ORIENTED_EDGE ( 'NONE', *, *, #4172, .F. ) ;
#3970 = VERTEX_POINT ( 'NONE', #585 ) ;
#3971 = ADVANCED_FACE ( 'NONE', ( #2693 ), #619, .F. ) ;
#3972 = LINE ( 'NONE', #1947, #1774 ) ;
#3973 = DIRECTION ( 'NONE',  ( -0.000000000000000000, 0.000000000000000000, 1.000000000000000000 ) ) ;
#3974 = LINE ( 'NONE', #159, #2449 ) ;
#3975 = CARTESIAN_POINT ( 'NONE',  ( 59.06219459593107501, -16.63925516693673146, -55.82353258373179727 ) ) ;
#3976 = DIRECTION ( 'NONE',  ( 1.000000000000000000, 0.000000000000000000, 0.000000000000000000 ) ) ;
#3977 = DIRECTION ( 'NONE',  ( -1.000000000000000000, 0.000000000000000000, 0.000000000000000000 ) ) ;
#3978 = EDGE_LOOP ( 'NONE', ( #414, #2152, #6556 ) ) ;
#3979 = EDGE_LOOP ( 'NONE', ( #3202, #3811, #6656, #2084 ) ) ;
#3980 = EDGE_CURVE ( 'NONE', #302, #333, #882, .T. ) ;
#3981 = EDGE_CURVE ( 'NONE', #4898, #2434, #2653, .T. ) ;
#3982 = LINE ( 'NONE', #4410, #6260 ) ;
#3983 = DIRECTION ( 'NONE',  ( 1.000000000000000000, 0.000000000000000000, -0.000000000000000000 ) ) ;
#3984 = DIRECTION ( 'NONE',  ( -0.000000000000000000, 0.000000000000000000, 1.000000000000000000 ) ) ;
#3985 = DIRECTION ( 'NONE',  ( -0.000000000000000000, -1.000000000000000000, -0.000000000000000000 ) ) ;
#3986 = ORIENTED_EDGE ( 'NONE', *, *, #262, .T. ) ;
#3987 = EDGE_CURVE ( 'NONE', #3617, #6166, #4770, .T. ) ;
#3988 = CIRCLE ( 'NONE', #4874, 1.000000000000000888 ) ;
#3989 = AXIS2_PLACEMENT_3D ( 'NONE', #5668, #1910, #1971 ) ;
#3990 = LINE ( 'NONE', #2882, #3557 ) ;
#3991 = DIRECTION ( 'NONE',  ( -1.000000000000000000, 0.000000000000000000, -0.000000000000000000 ) ) ;
#3992 = CARTESIAN_POINT ( 'NONE',  ( 5.000000000000000888, -3.600000000000000089, 3.500000000000000000 ) ) ;
#3993 = CARTESIAN_POINT ( 'NONE',  ( 35.49999999999993605, -19.50000000000000355, 3.500000000000000000 ) ) ;
#3995 = ORIENTED_EDGE ( 'NONE', *, *, #4449, .T. ) ;
#3994 = VECTOR ( 'NONE', #4337, 1000.000000000000000 ) ;
#3996 = EDGE_LOOP ( 'NONE', ( #2335, #5462, #6313, #4182 ) ) ;
#3997 = VERTEX_POINT ( 'NONE', #4849 ) ;
#3998 = DIRECTION ( 'NONE',  ( 1.000000000000000000, 0.000000000000000000, 0.000000000000000000 ) ) ;
#3999 = DIRECTION ( 'NONE',  ( 0.000000000000000000, -1.000000000000000000, 0.000000000000000000 ) ) ;
#4000 = ADVANCED_FACE ( 'NONE', ( #6392 ), #6498, .F. ) ;
#4001 = CARTESIAN_POINT ( 'NONE',  ( 0.000000000000000000, 0.000000000000000000, 5.000000000000000000 ) ) ;
#4002 = ORIENTED_EDGE ( 'NONE', *, *, #2570, .T. ) ;
#4003 = CIRCLE ( 'NONE', #5001, 1.000000000000000888 ) ;
#4004 = ORIENTED_EDGE ( 'NONE', *, *, #5335, .T. ) ;
#4005 = EDGE_CURVE ( 'NONE', #4575, #2750, #1823, .T. ) ;
#4006 = CARTESIAN_POINT ( 'NONE',  ( 85.00000000000001421, -8.500000000000003553, -0.5000000000000000000 ) ) ;
#4007 = CIRCLE ( 'NONE', #6122, 1.000000000000000888 ) ;
#4008 = LINE ( 'NONE', #4108, #1364 ) ;
#4009 = EDGE_CURVE ( 'NONE', #4076, #2171, #5427, .T. ) ;
#4010 = DIRECTION ( 'NONE',  ( 0.000000000000000000, -1.000000000000000000, 0.000000000000000000 ) ) ;
#4011 = LINE ( 'NONE', #5619, #4121 ) ;
#4012 = ORIENTED_EDGE ( 'NONE', *, *, #1098, .F. ) ;
#4013 = VERTEX_POINT ( 'NONE', #6533 ) ;
#4014 = CIRCLE ( 'NONE', #768, 1.000000000000000000 ) ;
#4015 = VECTOR ( 'NONE', #5205, 999.9999999999998863 ) ;
#4016 = VECTOR ( 'NONE', #592, 1000.000000000000000 ) ;
#4017 = CARTESIAN_POINT ( 'NONE',  ( 59.32540679113373727, -18.63840397036847207, 3.500000000000000000 ) ) ;
#4018 = VECTOR ( 'NONE', #1757, 1000.000000000000000 ) ;
#4019 = CIRCLE ( 'NONE', #2678, 4.000000000000000000 ) ;
#4021 = EDGE_CURVE ( 'NONE', #953, #2676, #6253, .T. ) ;
#4020 = CARTESIAN_POINT ( 'NONE',  ( -3.413301413797751760, -15.75000000000000000, -0.5000000000000000000 ) ) ;
#4022 = CARTESIAN_POINT ( 'NONE',  ( 78.24999999999992895, -19.50000000000000000, 2.750000000000000000 ) ) ;
#4023 = EDGE_CURVE ( 'NONE', #4764, #1052, #4134, .T. ) ;
#4024 = DIRECTION ( 'NONE',  ( -0.000000000000000000, -0.000000000000000000, -1.000000000000000000 ) ) ;
#4025 = ORIENTED_EDGE ( 'NONE', *, *, #1643, .F. ) ;
#4026 = CIRCLE ( 'NONE', #438, 2.049999999999993161 ) ;
#4027 = AXIS2_PLACEMENT_3D ( 'NONE', #4393, #5885, #2223 ) ;
#4028 = DIRECTION ( 'NONE',  ( -0.000000000000000000, -0.000000000000000000, -1.000000000000000000 ) ) ;
#4029 = DIRECTION ( 'NONE',  ( 1.000000000000000000, 7.434529182757744162E-17, 0.000000000000000000 ) ) ;
#4030 = DIRECTION ( 'NONE',  ( 0.000000000000000000, 0.000000000000000000, -1.000000000000000000 ) ) ;
#4031 = ADVANCED_FACE ( 'NONE', ( #4436 ), #230, .F. ) ;
#4032 = EDGE_CURVE ( 'NONE', #529, #233, #2804, .T. ) ;
#4033 = CARTESIAN_POINT ( 'NONE',  ( 76.00000000000001421, 2.500000000000005329, 6.000000000000000000 ) ) ;
#4034 = EDGE_LOOP ( 'NONE', ( #786, #5500, #6906, #133 ) ) ;
#4035 = VERTEX_POINT ( 'NONE', #6072 ) ;
#4036 = VERTEX_POINT ( 'NONE', #6040 ) ;
#4037 = AXIS2_PLACEMENT_3D ( 'NONE', #539, #4737, #2196 ) ;
#4038 = LINE ( 'NONE', #6060, #6139 ) ;
#4039 = CARTESIAN_POINT ( 'NONE',  ( 0.4881617350007060874, -23.88709902052691803, 3.062765141997020102 ) ) ;
#4040 = ADVANCED_FACE ( 'NONE', ( #1262 ), #1218, .T. ) ;
#4041 = LINE ( 'NONE', #1354, #5097 ) ;
#4042 = ORIENTED_EDGE ( 'NONE', *, *, #5079, .T. ) ;
#4043 = VECTOR ( 'NONE', #397, 1000.000000000000000 ) ;
#4044 = ORIENTED_EDGE ( 'NONE', *, *, #4912, .F. ) ;
#4045 = AXIS2_PLACEMENT_3D ( 'NONE', #2543, #991, #1523 ) ;
#4046 = ORIENTED_EDGE ( 'NONE', *, *, #1665, .F. ) ;
#4047 = CARTESIAN_POINT ( 'NONE',  ( 67.48986343215159422, -16.78458705659207695, 91.99722379239923953 ) ) ;
#4048 = VECTOR ( 'NONE', #5733, 1000.000000000000000 ) ;
#4049 = CARTESIAN_POINT ( 'NONE',  ( -2.750000000000064837, -21.50000000000000000, 2.749999999999995115 ) ) ;
#4050 = LINE ( 'NONE', #2477, #6609 ) ;
#4051 = DIRECTION ( 'NONE',  ( -1.000000000000000000, 1.211399075402798040E-16, 0.000000000000000000 ) ) ;
#4052 = ORIENTED_EDGE ( 'NONE', *, *, #5719, .T. ) ;
#4053 = ORIENTED_EDGE ( 'NONE', *, *, #4627, .T. ) ;
#4054 = AXIS2_PLACEMENT_3D ( 'NONE', #6743, #3080, #1956 ) ;
#4055 = DIRECTION ( 'NONE',  ( -1.000000000000000000, 0.000000000000000000, 0.000000000000000000 ) ) ;
#4056 = DIRECTION ( 'NONE',  ( 0.000000000000000000, 0.000000000000000000, 1.000000000000000000 ) ) ;
#4057 = CARTESIAN_POINT ( 'NONE',  ( 28.50100000000028899, -72.00100000000001899, 4.000000000000000888 ) ) ;
#4058 = LINE ( 'NONE', #3113, #2578 ) ;
#4059 = ORIENTED_EDGE ( 'NONE', *, *, #4835, .T. ) ;
#4060 = EDGE_LOOP ( 'NONE', ( #5430, #5346, #1694, #535, #3393, #6832, #6907, #5023, #549 ) ) ;
#4061 = EDGE_CURVE ( 'NONE', #920, #2040, #6091, .T. ) ;
#4062 = EDGE_CURVE ( 'NONE', #6342, #5788, #1116, .T. ) ;
#4063 = DIRECTION ( 'NONE',  ( 1.000000000000000000, 0.000000000000000000, 0.000000000000000000 ) ) ;
#4064 = CARTESIAN_POINT ( 'NONE',  ( 75.08772233983154365, -19.50000000000000000, 1.999999999999982681 ) ) ;
#4065 = DIRECTION ( 'NONE',  ( -0.000000000000000000, -0.000000000000000000, -1.000000000000000000 ) ) ;
#4066 = CARTESIAN_POINT ( 'NONE',  ( -15.49999999999999822, 0.000000000000000000, 0.000000000000000000 ) ) ;
#4067 = CARTESIAN_POINT ( 'NONE',  ( -21.00000000000001066, -26.50000000000000355, 2.000000000000000000 ) ) ;
#4068 = VERTEX_POINT ( 'NONE', #4867 ) ;
#4069 = EDGE_LOOP ( 'NONE', ( #4097, #2385, #5044, #6250 ) ) ;
#4070 = EDGE_CURVE ( 'NONE', #5263, #1619, #6484, .T. ) ;
#4071 = ORIENTED_EDGE ( 'NONE', *, *, #5570, .T. ) ;
#4072 = CARTESIAN_POINT ( 'NONE',  ( 32.25000000000000711, -23.20115786999287266, 3.500000000000000000 ) ) ;
#4073 = DIRECTION ( 'NONE',  ( 1.000000000000000000, -0.000000000000000000, -0.000000000000000000 ) ) ;
#4074 = LINE ( 'NONE', #4624, #6329 ) ;
#4075 = ORIENTED_EDGE ( 'NONE', *, *, #369, .F. ) ;
#4076 = VERTEX_POINT ( 'NONE', #6380 ) ;
#4077 = ADVANCED_FACE ( 'NONE', ( #4316 ), #1735, .F. ) ;
#4078 = DIRECTION ( 'NONE',  ( -0.000000000000000000, -0.000000000000000000, 1.000000000000000000 ) ) ;
#4079 = CARTESIAN_POINT ( 'NONE',  ( 67.49851237746938182, -16.60908147058193052, -0.5000000000000000000 ) ) ;
#4080 = DIRECTION ( 'NONE',  ( 1.000000000000000000, -3.469446951953614189E-15, 0.000000000000000000 ) ) ;
#4081 = DIRECTION ( 'NONE',  ( 0.000000000000000000, 0.000000000000000000, 1.000000000000000000 ) ) ;
#4082 = ORIENTED_EDGE ( 'NONE', *, *, #6499, .F. ) ;
#4083 = ORIENTED_EDGE ( 'NONE', *, *, #5728, .F. ) ;
#4084 = DIRECTION ( 'NONE',  ( 0.000000000000000000, 0.000000000000000000, -1.000000000000000000 ) ) ;
#4085 = CARTESIAN_POINT ( 'NONE',  ( 54.62438919186213582, -16.77851033387345225, -0.5000000000000004441 ) ) ;
#4086 = DIRECTION ( 'NONE',  ( 0.000000000000000000, 0.000000000000000000, 1.000000000000000000 ) ) ;
#4087 = CARTESIAN_POINT ( 'NONE',  ( 93.50000000000001421, -26.50000000000000000, 1.725000000000000089 ) ) ;
#4088 = ORIENTED_EDGE ( 'NONE', *, *, #5477, .T. ) ;
#4089 = EDGE_LOOP ( 'NONE', ( #6237, #94, #6851, #6755 ) ) ;
#4090 = CARTESIAN_POINT ( 'NONE',  ( -8.849999999999996092, -20.00000000000000355, 0.5000000000000000000 ) ) ;
#4091 = DIRECTION ( 'NONE',  ( -0.000000000000000000, 0.000000000000000000, -1.000000000000000000 ) ) ;
#4092 = CARTESIAN_POINT ( 'NONE',  ( -10.49999999999999822, -1.599999999999995648, -1.700000000000000178 ) ) ;
#4093 = LINE ( 'NONE', #4680, #4155 ) ;
#4094 = LINE ( 'NONE', #4067, #2230 ) ;
#4095 = VERTEX_POINT ( 'NONE', #3747 ) ;
#4096 = EDGE_CURVE ( 'NONE', #5088, #6632, #5401, .T. ) ;
#4097 = ORIENTED_EDGE ( 'NONE', *, *, #5421, .F. ) ;
#4098 = CARTESIAN_POINT ( 'NONE',  ( 7.368174807915457869, 1.400000000000002576, 1.000000000000000000 ) ) ;
#4099 = DIRECTION ( 'NONE',  ( 0.000000000000000000, 0.000000000000000000, 1.000000000000000000 ) ) ;
#4100 = AXIS2_PLACEMENT_3D ( 'NONE', #982, #3132, #3640 ) ;
#4101 = CARTESIAN_POINT ( 'NONE',  ( -22.50000000000000000, -25.00000000000001421, 4.000000000000000000 ) ) ;
#4102 = EDGE_CURVE ( 'NONE', #5286, #6211, #2187, .T. ) ;
#4103 = CARTESIAN_POINT ( 'NONE',  ( 17.92856625858350839, -11.50000000000000711, 3.500000000000003109 ) ) ;
#4104 = ADVANCED_FACE ( 'NONE', ( #607 ), #1698, .F. ) ;
#4105 = ORIENTED_EDGE ( 'NONE', *, *, #5546, .T. ) ;
#4106 = ORIENTED_EDGE ( 'NONE', *, *, #40, .F. ) ;
#4107 = DIRECTION ( 'NONE',  ( 0.000000000000000000, 1.000000000000000000, 0.000000000000000000 ) ) ;
#4108 = CARTESIAN_POINT ( 'NONE',  ( 39.42090488474927668, 0.8399999999999995248, 1.000000000000000000 ) ) ;
#4109 = CARTESIAN_POINT ( 'NONE',  ( 93.50000000000001421, -1.095090516825905302, 6.000000000000000000 ) ) ;
#4110 = EDGE_CURVE ( 'NONE', #694, #3220, #3784, .T. ) ;
#4111 = ADVANCED_FACE ( 'NONE', ( #5289 ), #4285, .T. ) ;
#4112 = CARTESIAN_POINT ( 'NONE',  ( 38.88460495814677387, -2.271529070723415256, 3.499999999999999556 ) ) ;
#4113 = ORIENTED_EDGE ( 'NONE', *, *, #4326, .F. ) ;
#4114 = ORIENTED_EDGE ( 'NONE', *, *, #6882, .T. ) ;
#4115 = VECTOR ( 'NONE', #4571, 1000.000000000000000 ) ;
#4116 = LINE ( 'NONE', #4159, #4143 ) ;
#4117 = LINE ( 'NONE', #3111, #6461 ) ;
#4118 = CARTESIAN_POINT ( 'NONE',  ( 93.50000000000001421, -4.000000000000000000, -13.50925608610629602 ) ) ;
#4119 = EDGE_CURVE ( 'NONE', #4542, #4909, #1622, .T. ) ;
#4120 = DIRECTION ( 'NONE',  ( -0.000000000000000000, -0.000000000000000000, -1.000000000000000000 ) ) ;
#4121 = VECTOR ( 'NONE', #327, 1000.000000000000000 ) ;
#4122 = ORIENTED_EDGE ( 'NONE', *, *, #3135, .F. ) ;
#4123 = AXIS2_PLACEMENT_3D ( 'NONE', #190, #6560, #1180 ) ;
#4124 = ORIENTED_EDGE ( 'NONE', *, *, #5834, .F. ) ;
#4125 = CIRCLE ( 'NONE', #4235, 1.000000000000000888 ) ;
#4126 = LINE ( 'NONE', #6254, #4246 ) ;
#4127 = CARTESIAN_POINT ( 'NONE',  ( 78.68750000000001421, -10.50000000000000711, -55.82353258373179727 ) ) ;
#4128 = PLANE ( 'NONE',  #2725 ) ;
#4129 = CARTESIAN_POINT ( 'NONE',  ( 6.604418446918923991, -14.76559299485081667, -0.5000000000000004441 ) ) ;
#4130 = CARTESIAN_POINT ( 'NONE',  ( 59.32540679113373727, -18.63840397036847207, -55.82353258373179727 ) ) ;
#4131 = AXIS2_PLACEMENT_3D ( 'NONE', #2181, #5424, #5982 ) ;
#4132 = ORIENTED_EDGE ( 'NONE', *, *, #5041, .T. ) ;
#4133 = CIRCLE ( 'NONE', #781, 1.000000000000000888 ) ;
#4134 = CIRCLE ( 'NONE', #323, 1.000000000000000888 ) ;
#4135 = ORIENTED_EDGE ( 'NONE', *, *, #2996, .F. ) ;
#4136 = CARTESIAN_POINT ( 'NONE',  ( -7.349999999999995204, -8.500000000000007105, -4.000999999999999446 ) ) ;
#4137 = LINE ( 'NONE', #5247, #6844 ) ;
#4138 = CIRCLE ( 'NONE', #6252, 1.000000000000000888 ) ;
#4139 = CARTESIAN_POINT ( 'NONE',  ( 30.00000278559747002, -21.74003981177564171, 2.828225787921013978 ) ) ;
#4140 = DIRECTION ( 'NONE',  ( 0.000000000000000000, -1.000000000000000000, 0.000000000000000000 ) ) ;
#4141 = ORIENTED_EDGE ( 'NONE', *, *, #6513, .F. ) ;
#4142 = ORIENTED_EDGE ( 'NONE', *, *, #1773, .F. ) ;
#4143 = VECTOR ( 'NONE', #3110, 1000.000000000000000 ) ;
#4144 = ORIENTED_EDGE ( 'NONE', *, *, #3051, .T. ) ;
#4145 = ADVANCED_FACE ( 'NONE', ( #4249, #2677 ), #2720, .F. ) ;
#4146 = EDGE_CURVE ( 'NONE', #2808, #5294, #5850, .T. ) ;
#4147 = FACE_OUTER_BOUND ( 'NONE', #177, .T. ) ;
#4148 = DIRECTION ( 'NONE',  ( -0.000000000000000000, -0.000000000000000000, -1.000000000000000000 ) ) ;
#4149 = LINE ( 'NONE', #2053, #2493 ) ;
#4150 = AXIS2_PLACEMENT_3D ( 'NONE', #5322, #532, #2082 ) ;
#4151 = CARTESIAN_POINT ( 'NONE',  ( -2.849999999999992095, -17.25000000000000000, -0.5000000000000004441 ) ) ;
#4152 = VECTOR ( 'NONE', #3646, 1000.000000000000000 ) ;
#4153 = VERTEX_POINT ( 'NONE', #9 ) ;
#4154 = ORIENTED_EDGE ( 'NONE', *, *, #1744, .T. ) ;
#4155 = VECTOR ( 'NONE', #5699, 1000.000000000000000 ) ;
#4156 = EDGE_CURVE ( 'NONE', #6330, #5559, #2157, .T. ) ;
#4157 = EDGE_CURVE ( 'NONE', #920, #4500, #4911, .T. ) ;
#4158 = AXIS2_PLACEMENT_3D ( 'NONE', #531, #3748, #6447 ) ;
#4159 = CARTESIAN_POINT ( 'NONE',  ( 88.36426365334267530, 3.694061104857531141, 6.001000000000000334 ) ) ;
#4160 = DIRECTION ( 'NONE',  ( -0.000000000000000000, -1.000000000000000000, -0.000000000000000000 ) ) ;
#4161 = CARTESIAN_POINT ( 'NONE',  ( -2.849999999999992095, -19.50000000000000000, -0.5000000000000004441 ) ) ;
#4162 = LINE ( 'NONE', #5754, #104 ) ;
#4163 = EDGE_LOOP ( 'NONE', ( #4113, #417, #2715, #5256 ) ) ;
#4164 = ORIENTED_EDGE ( 'NONE', *, *, #1112, .T. ) ;
#4165 = EDGE_CURVE ( 'NONE', #6643, #4254, #1061, .T. ) ;
#4166 = DIRECTION ( 'NONE',  ( 0.000000000000000000, 1.000000000000000000, 0.000000000000000000 ) ) ;
#4167 = CARTESIAN_POINT ( 'NONE',  ( -5.740332142833193707, -12.50000000000000711, 3.500000000000003109 ) ) ;
#4168 = DIRECTION ( 'NONE',  ( 0.000000000000000000, -0.000000000000000000, 1.000000000000000000 ) ) ;
#4169 = CARTESIAN_POINT ( 'NONE',  ( 37.66795060797473838, -22.29723704804913709, 3.500000000000000000 ) ) ;
#4170 = CARTESIAN_POINT ( 'NONE',  ( 34.25000000000000711, -11.71782813964461845, -0.5000000000000004441 ) ) ;
#4171 = ORIENTED_EDGE ( 'NONE', *, *, #1513, .F. ) ;
#4172 = EDGE_CURVE ( 'NONE', #5692, #2300, #5989, .T. ) ;
#4173 = VECTOR ( 'NONE', #1352, 1000.000000000000000 ) ;
#4174 = ORIENTED_EDGE ( 'NONE', *, *, #5261, .F. ) ;
#4175 = DIRECTION ( 'NONE',  ( 0.000000000000000000, 0.000000000000000000, -1.000000000000000000 ) ) ;
#4176 = FACE_OUTER_BOUND ( 'NONE', #3048, .T. ) ;
#4177 = FACE_OUTER_BOUND ( 'NONE', #4734, .T. ) ;
#4178 = DIRECTION ( 'NONE',  ( 0.000000000000000000, 0.000000000000000000, -1.000000000000000000 ) ) ;
#4179 = VECTOR ( 'NONE', #5732, 1000.000000000000000 ) ;
#4180 = VERTEX_POINT ( 'NONE', #2301 ) ;
#4181 = VERTEX_POINT ( 'NONE', #6025 ) ;
#4182 = ORIENTED_EDGE ( 'NONE', *, *, #6935, .T. ) ;
#4183 = LINE ( 'NONE', #922, #4152 ) ;
#4184 = CARTESIAN_POINT ( 'NONE',  ( 3.000000000000002665, -16.50000000000001066, -0.5000000000000000000 ) ) ;
#4185 = DIRECTION ( 'NONE',  ( -1.927470528863119295E-16, -1.000000000000000000, 0.000000000000000000 ) ) ;
#4186 = ORIENTED_EDGE ( 'NONE', *, *, #6880, .T. ) ;
#4187 = ADVANCED_FACE ( 'NONE', ( #216 ), #5568, .T. ) ;
#4188 = VERTEX_POINT ( 'NONE', #5046 ) ;
#4189 = CARTESIAN_POINT ( 'NONE',  ( -0.7469987990390385413, -17.90000000000000568, -0.5000000000000000000 ) ) ;
#4190 = CARTESIAN_POINT ( 'NONE',  ( 6.488585344085265660, -18.45698040282307062, -55.82353258373179727 ) ) ;
#4191 = DIRECTION ( 'NONE',  ( 0.000000000000000000, 0.000000000000000000, 1.000000000000000000 ) ) ;
#4192 = FACE_BOUND ( 'NONE', #2481, .T. ) ;
#4193 = ORIENTED_EDGE ( 'NONE', *, *, #6721, .T. ) ;
#4194 = EDGE_CURVE ( 'NONE', #2980, #3932, #1312, .T. ) ;
#4195 = ORIENTED_EDGE ( 'NONE', *, *, #4096, .T. ) ;
#4196 = CARTESIAN_POINT ( 'NONE',  ( -1.683748498798798732, -18.25000000000000355, -0.5000000000000004441 ) ) ;
#4197 = FACE_OUTER_BOUND ( 'NONE', #5993, .T. ) ;
#4198 = PLANE ( 'NONE',  #240 ) ;
#4199 = DIRECTION ( 'NONE',  ( 1.000000000000000000, 5.204170427930416550E-15, 0.000000000000000000 ) ) ;
#4200 = ORIENTED_EDGE ( 'NONE', *, *, #5846, .F. ) ;
#4201 = EDGE_CURVE ( 'NONE', #6622, #813, #3475, .T. ) ;
#4202 = EDGE_CURVE ( 'NONE', #4795, #5849, #111, .T. ) ;
#4203 = VERTEX_POINT ( 'NONE', #2826 ) ;
#4204 = CYLINDRICAL_SURFACE ( 'NONE', #3780, 3.000000000000000000 ) ;
#4205 = LINE ( 'NONE', #4652, #2283 ) ;
#4206 = PLANE ( 'NONE',  #3665 ) ;
#4207 = ORIENTED_EDGE ( 'NONE', *, *, #4942, .F. ) ;
#4208 = ORIENTED_EDGE ( 'NONE', *, *, #416, .F. ) ;
#4209 = CIRCLE ( 'NONE', #4441, 1.000000000000000888 ) ;
#4210 = VECTOR ( 'NONE', #219, 1000.000000000000000 ) ;
#4211 = LINE ( 'NONE', #6231, #5607 ) ;
#4212 = DIRECTION ( 'NONE',  ( 1.000000000000000000, 5.204170427930416550E-15, 0.000000000000000000 ) ) ;
#4213 = FACE_OUTER_BOUND ( 'NONE', #6654, .T. ) ;
#4214 = EDGE_LOOP ( 'NONE', ( #6807, #3252, #4719, #126 ) ) ;
#4215 = EDGE_LOOP ( 'NONE', ( #5627, #2132 ) ) ;
#4216 = CARTESIAN_POINT ( 'NONE',  ( 43.85374360817894512, -23.50000000000000000, 3.500000000000003109 ) ) ;
#4217 = CARTESIAN_POINT ( 'NONE',  ( 75.01909820294729059, -22.59052552441420403, 3.499999999999989342 ) ) ;
#4218 = CYLINDRICAL_SURFACE ( 'NONE', #6731, 1.000000000000000000 ) ;
#4219 = CARTESIAN_POINT ( 'NONE',  ( -1.017456315103257625, -13.97808708393076138, -0.5000000000000004441 ) ) ;
#4220 = DIRECTION ( 'NONE',  ( 0.9808912264268109249, -0.1945569374730866385, 0.000000000000000000 ) ) ;
#4221 = ORIENTED_EDGE ( 'NONE', *, *, #415, .F. ) ;
#4222 = EDGE_LOOP ( 'NONE', ( #3134, #2013, #15, #1972, #6686, #394 ) ) ;
#4223 = VECTOR ( 'NONE', #6045, 1000.000000000000000 ) ;
#4224 = EDGE_CURVE ( 'NONE', #2530, #2538, #4941, .T. ) ;
#4225 = ADVANCED_FACE ( 'NONE', ( #5003 ), #5465, .F. ) ;
#4226 = DIRECTION ( 'NONE',  ( -1.000000000000000000, 1.259855038418910030E-16, -0.000000000000000000 ) ) ;
#4227 = AXIS2_PLACEMENT_3D ( 'NONE', #2042, #840, #4175 ) ;
#4228 = CARTESIAN_POINT ( 'NONE',  ( 40.61109605065644246, -3.281097546600489689, 3.500000000000000444 ) ) ;
#4229 = FACE_OUTER_BOUND ( 'NONE', #6022, .T. ) ;
#4230 = VECTOR ( 'NONE', #260, 1000.000000000000000 ) ;
#4231 = LINE ( 'NONE', #3295, #2454 ) ;
#4232 = ORIENTED_EDGE ( 'NONE', *, *, #1042, .T. ) ;
#4233 = VERTEX_POINT ( 'NONE', #6551 ) ;
#4234 = VECTOR ( 'NONE', #3709, 1000.000000000000000 ) ;
#4235 = AXIS2_PLACEMENT_3D ( 'NONE', #772, #2459, #2922 ) ;
#4236 = EDGE_CURVE ( 'NONE', #6409, #5132, #1768, .T. ) ;
#4237 = DIRECTION ( 'NONE',  ( 0.000000000000000000, 0.000000000000000000, 1.000000000000000000 ) ) ;
#4238 = EDGE_CURVE ( 'NONE', #6630, #1450, #4138, .T. ) ;
#4239 = LINE ( 'NONE', #1086, #1114 ) ;
#4240 = VECTOR ( 'NONE', #4721, 1000.000000000000000 ) ;
#4241 = CARTESIAN_POINT ( 'NONE',  ( 81.00000000000001421, -23.67534793979027441, -55.82353258373179727 ) ) ;
#4242 = VECTOR ( 'NONE', #3229, 1000.000000000000114 ) ;
#4243 = VECTOR ( 'NONE', #1658, 1000.000000000000000 ) ;
#4244 = ORIENTED_EDGE ( 'NONE', *, *, #3843, .F. ) ;
#4245 = VERTEX_POINT ( 'NONE', #779 ) ;
#4246 = VECTOR ( 'NONE', #3794, 1000.000000000000000 ) ;
#4247 = VECTOR ( 'NONE', #3157, 1000.000000000000000 ) ;
#4248 = ADVANCED_FACE ( 'NONE', ( #2366 ), #1244, .F. ) ;
#4249 = FACE_BOUND ( 'NONE', #2987, .T. ) ;
#4250 = DIRECTION ( 'NONE',  ( 0.000000000000000000, -0.000000000000000000, -1.000000000000000000 ) ) ;
#4251 = DIRECTION ( 'NONE',  ( 0.000000000000000000, 1.000000000000000000, 0.000000000000000000 ) ) ;
#4252 = CARTESIAN_POINT ( 'NONE',  ( 81.00000000000001421, -12.69285714285714661, 3.500000000000003109 ) ) ;
#4253 = ORIENTED_EDGE ( 'NONE', *, *, #2798, .F. ) ;
#4254 = VERTEX_POINT ( 'NONE', #2929 ) ;
#4255 = VECTOR ( 'NONE', #4630, 1000.000000000000000 ) ;
#4256 = VECTOR ( 'NONE', #5924, 1000.000000000000000 ) ;
#4257 = CARTESIAN_POINT ( 'NONE',  ( 33.24999999999992895, -26.50000000000000000, 0.7000000000000066169 ) ) ;
#4258 = DIRECTION ( 'NONE',  ( -0.000000000000000000, 0.000000000000000000, 1.000000000000000000 ) ) ;
#4259 = DIRECTION ( 'NONE',  ( -0.000000000000000000, -0.000000000000000000, -1.000000000000000000 ) ) ;
#4260 = LINE ( 'NONE', #5270, #1351 ) ;
#4261 = CARTESIAN_POINT ( 'NONE',  ( -15.50000000000000000, -3.599999999999995204, -11.89803902718557005 ) ) ;
#4262 = VERTEX_POINT ( 'NONE', #5077 ) ;
#4263 = VERTEX_POINT ( 'NONE', #1807 ) ;
#4264 = VECTOR ( 'NONE', #2630, 1000.000000000000000 ) ;
#4265 = ORIENTED_EDGE ( 'NONE', *, *, #2894, .T. ) ;
#4266 = FACE_OUTER_BOUND ( 'NONE', #5142, .T. ) ;
#4267 = CARTESIAN_POINT ( 'NONE',  ( -12.50000000000000355, -8.500000000000007105, 2.000000000000000000 ) ) ;
#4269 = CARTESIAN_POINT ( 'NONE',  ( 66.11539504185323324, -2.271529070723416588, 6.000000000000000000 ) ) ;
#4268 = AXIS2_PLACEMENT_3D ( 'NONE', #372, #1467, #1427 ) ;
#4270 = DIRECTION ( 'NONE',  ( -0.000000000000000000, 1.000000000000000000, 0.000000000000000000 ) ) ;
#4271 = VECTOR ( 'NONE', #2721, 1000.000000000000000 ) ;
#4272 = ORIENTED_EDGE ( 'NONE', *, *, #6296, .T. ) ;
#4273 = ADVANCED_FACE ( 'NONE', ( #2429 ), #4523, .F. ) ;
#4274 = CARTESIAN_POINT ( 'NONE',  ( 71.60000000000000853, 1.959434878635772626E-16, 0.000000000000000000 ) ) ;
#4275 = VECTOR ( 'NONE', #1494, 1000.000000000000000 ) ;
#4276 = FACE_OUTER_BOUND ( 'NONE', #2440, .T. ) ;
#4277 = CARTESIAN_POINT ( 'NONE',  ( 0.4122776601683184050, -21.00364639817820844, 3.500000000000003109 ) ) ;
#4278 = DIRECTION ( 'NONE',  ( -0.000000000000000000, -0.000000000000000000, -1.000000000000000000 ) ) ;
#4279 = CIRCLE ( 'NONE', #251, 1.600000000000004086 ) ;
#4280 = VERTEX_POINT ( 'NONE', #4553 ) ;
#4281 = ORIENTED_EDGE ( 'NONE', *, *, #5557, .F. ) ;
#4282 = EDGE_CURVE ( 'NONE', #3743, #2905, #5589, .T. ) ;
#4283 = EDGE_LOOP ( 'NONE', ( #3503, #5649, #55, #4536, #4476, #837, #1506, #5454, #5199, #6519, #6123 ) ) ;
#4284 = VECTOR ( 'NONE', #2629, 1000.000000000000114 ) ;
#4285 = PLANE ( 'NONE',  #222 ) ;
#4286 = DIRECTION ( 'NONE',  ( -0.000000000000000000, -0.000000000000000000, -1.000000000000000000 ) ) ;
#4287 = CARTESIAN_POINT ( 'NONE',  ( 30.00000000000006040, -20.50000000000001776, 2.750000000000000000 ) ) ;
#4288 = DIRECTION ( 'NONE',  ( -0.000000000000000000, -0.000000000000000000, -1.000000000000000000 ) ) ;
#4289 = ORIENTED_EDGE ( 'NONE', *, *, #6059, .F. ) ;
#4290 = ADVANCED_FACE ( 'NONE', ( #180 ), #5536, .F. ) ;
#4291 = EDGE_LOOP ( 'NONE', ( #4312, #4437, #5160, #5339 ) ) ;
#4292 = LINE ( 'NONE', #2729, #5143 ) ;
#4293 = DIRECTION ( 'NONE',  ( -0.000000000000000000, -0.000000000000000000, -1.000000000000000000 ) ) ;
#4294 = DIRECTION ( 'NONE',  ( 0.000000000000000000, 0.000000000000000000, 1.000000000000000000 ) ) ;
#4295 = LINE ( 'NONE', #2236, #328 ) ;
#4296 = FACE_OUTER_BOUND ( 'NONE', #5805, .T. ) ;
#4297 = ORIENTED_EDGE ( 'NONE', *, *, #48, .F. ) ;
#4298 = VERTEX_POINT ( 'NONE', #1841 ) ;
#4299 = ORIENTED_EDGE ( 'NONE', *, *, #1024, .F. ) ;
#4300 = FACE_OUTER_BOUND ( 'NONE', #4034, .T. ) ;
#4301 = CYLINDRICAL_SURFACE ( 'NONE', #4695, 4.500000000000003553 ) ;
#4302 = DIRECTION ( 'NONE',  ( 0.000000000000000000, -0.000000000000000000, 1.000000000000000000 ) ) ;
#4303 = LINE ( 'NONE', #2250, #5683 ) ;
#4304 = VERTEX_POINT ( 'NONE', #2892 ) ;
#4305 = EDGE_CURVE ( 'NONE', #3099, #401, #4038, .T. ) ;
#4306 = CARTESIAN_POINT ( 'NONE',  ( -26.50000000000001066, -7.000000000000004441, 4.000000000000000888 ) ) ;
#4307 = CARTESIAN_POINT ( 'NONE',  ( 81.00000000000001421, -12.69285714285714661, -0.5000000000000281997 ) ) ;
#4308 = CARTESIAN_POINT ( 'NONE',  ( -12.50000000000000355, -8.500000000000007105, 1.999999999999998224 ) ) ;
#4309 = EDGE_CURVE ( 'NONE', #5540, #1480, #6160, .T. ) ;
#4310 = DIRECTION ( 'NONE',  ( -0.000000000000000000, -0.000000000000000000, -1.000000000000000000 ) ) ;
#4311 = DIRECTION ( 'NONE',  ( 0.000000000000000000, 0.000000000000000000, 1.000000000000000000 ) ) ;
#4312 = ORIENTED_EDGE ( 'NONE', *, *, #6445, .F. ) ;
#4313 = EDGE_LOOP ( 'NONE', ( #3612, #5317, #6867, #1074 ) ) ;
#4314 = ORIENTED_EDGE ( 'NONE', *, *, #3383, .F. ) ;
#4315 = ORIENTED_EDGE ( 'NONE', *, *, #5324, .T. ) ;
#4316 = FACE_OUTER_BOUND ( 'NONE', #604, .T. ) ;
#4317 = LINE ( 'NONE', #3204, #1591 ) ;
#4318 = EDGE_CURVE ( 'NONE', #4972, #5263, #1123, .T. ) ;
#4319 = FACE_OUTER_BOUND ( 'NONE', #5735, .T. ) ;
#4320 = CARTESIAN_POINT ( 'NONE',  ( 74.09113351927761926, -19.41747289689467948, 3.499999999999999556 ) ) ;
#4321 = ORIENTED_EDGE ( 'NONE', *, *, #6837, .T. ) ;
#4322 = ORIENTED_EDGE ( 'NONE', *, *, #826, .T. ) ;
#4323 = CIRCLE ( 'NONE', #1982, 3.000000000000002665 ) ;
#4324 = CARTESIAN_POINT ( 'NONE',  ( 6.616199132033664831, -1.504226675533800073, 1.000000000000000000 ) ) ;
#4325 = EDGE_CURVE ( 'NONE', #1628, #3745, #1433, .T. ) ;
#4326 = EDGE_CURVE ( 'NONE', #6872, #471, #3360, .T. ) ;
#4327 = DIRECTION ( 'NONE',  ( 0.000000000000000000, 0.000000000000000000, -1.000000000000000000 ) ) ;
#4328 = CARTESIAN_POINT ( 'NONE',  ( 85.00000000000001421, -26.50000000000000355, -0.5000000000000000000 ) ) ;
#4329 = CARTESIAN_POINT ( 'NONE',  ( -1.600000000000000089, 0.000000000000000000, 0.000000000000000000 ) ) ;
#4330 = CARTESIAN_POINT ( 'NONE',  ( 32.25000000000000711, -18.50000000000000000, 3.500000000000000000 ) ) ;
#4331 = LINE ( 'NONE', #1570, #6027 ) ;
#4332 = ORIENTED_EDGE ( 'NONE', *, *, #4119, .T. ) ;
#4333 = EDGE_LOOP ( 'NONE', ( #2450, #4805, #5154, #1241, #3738, #4075 ) ) ;
#4334 = VERTEX_POINT ( 'NONE', #6716 ) ;
#4335 = EDGE_CURVE ( 'NONE', #4939, #6411, #306, .T. ) ;
#4336 = LINE ( 'NONE', #482, #2691 ) ;
#4337 = DIRECTION ( 'NONE',  ( -0.000000000000000000, 1.000000000000000000, -0.000000000000000000 ) ) ;
#4338 = LINE ( 'NONE', #4379, #2598 ) ;
#4339 = CARTESIAN_POINT ( 'NONE',  ( 0.000000000000000000, 0.000000000000000000, 0.000000000000000000 ) ) ;
#4340 = ORIENTED_EDGE ( 'NONE', *, *, #4005, .T. ) ;
#4341 = AXIS2_PLACEMENT_3D ( 'NONE', #1986, #6246, #1466 ) ;
#4342 = LINE ( 'NONE', #1726, #5127 ) ;
#4343 = AXIS2_PLACEMENT_3D ( 'NONE', #2216, #1618, #2712 ) ;
#4344 = PLANE ( 'NONE',  #5682 ) ;
#4345 = DIRECTION ( 'NONE',  ( -0.000000000000000000, -2.551063935260008765E-17, 1.000000000000000000 ) ) ;
#4346 = CARTESIAN_POINT ( 'NONE',  ( -1.582575694955842716, -19.50000000000000000, -0.5000000000000004441 ) ) ;
#4347 = ORIENTED_EDGE ( 'NONE', *, *, #1705, .T. ) ;
#4348 = CIRCLE ( 'NONE', #1554, 4.000000000000003553 ) ;
#4349 = ORIENTED_EDGE ( 'NONE', *, *, #2092, .T. ) ;
#4350 = VECTOR ( 'NONE', #3563, 1000.000000000000000 ) ;
#4351 = EDGE_LOOP ( 'NONE', ( #1869, #82, #1984, #5274, #295, #246 ) ) ;
#4352 = ORIENTED_EDGE ( 'NONE', *, *, #3682, .T. ) ;
#4353 = CARTESIAN_POINT ( 'NONE',  ( 75.01909820294729059, -22.59052552441420403, 2.398185307580717129 ) ) ;
#4354 = AXIS2_PLACEMENT_3D ( 'NONE', #5597, #146, #805 ) ;
#4355 = DIRECTION ( 'NONE',  ( 0.000000000000000000, -1.000000000000000000, 0.000000000000000000 ) ) ;
#4356 = AXIS2_PLACEMENT_3D ( 'NONE', #4033, #707, #6154 ) ;
#4357 = DIRECTION ( 'NONE',  ( 0.000000000000000000, 0.000000000000000000, 1.000000000000000000 ) ) ;
#4358 = LINE ( 'NONE', #5259, #1083 ) ;
#4359 = CIRCLE ( 'NONE', #5798, 4.500000000000003553 ) ;
#4360 = EDGE_LOOP ( 'NONE', ( #2815, #6210, #151, #633, #4299, #710 ) ) ;
#4361 = AXIS2_PLACEMENT_3D ( 'NONE', #1019, #4859, #6436 ) ;
#4362 = VERTEX_POINT ( 'NONE', #449 ) ;
#4363 = VECTOR ( 'NONE', #2342, 1000.000000000000000 ) ;
#4364 = EDGE_CURVE ( 'NONE', #2750, #4153, #5475, .T. ) ;
#4365 = DIRECTION ( 'NONE',  ( 0.000000000000000000, 0.000000000000000000, 1.000000000000000000 ) ) ;
#4366 = CARTESIAN_POINT ( 'NONE',  ( 75.08772233983154365, -19.50000000000000000, 3.500000000000000000 ) ) ;
#4367 = DIRECTION ( 'NONE',  ( 1.000000000000000000, -1.734723475976805517E-15, 0.000000000000000000 ) ) ;
#4368 = FACE_OUTER_BOUND ( 'NONE', #4691, .T. ) ;
#4369 = AXIS2_PLACEMENT_3D ( 'NONE', #4127, #3018, #6215 ) ;
#4370 = CYLINDRICAL_SURFACE ( 'NONE', #6137, 1.600000000000004086 ) ;
#4371 = CARTESIAN_POINT ( 'NONE',  ( -4.988272402590862242, -10.50000000000000711, 15.49546024484603102 ) ) ;
#4372 = ORIENTED_EDGE ( 'NONE', *, *, #1247, .T. ) ;
#4373 = ORIENTED_EDGE ( 'NONE', *, *, #6280, .F. ) ;
#4374 = EDGE_CURVE ( 'NONE', #976, #5472, #3571, .T. ) ;
#4375 = ORIENTED_EDGE ( 'NONE', *, *, #161, .F. ) ;
#4376 = CIRCLE ( 'NONE', #1360, 2.049999999999993161 ) ;
#4377 = LINE ( 'NONE', #552, #2252 ) ;
#4378 = CARTESIAN_POINT ( 'NONE',  ( 75.01909820294729059, -22.59052552441420403, -0.5000000000000004441 ) ) ;
#4379 = CARTESIAN_POINT ( 'NONE',  ( 32.25000000000000711, -12.93565627928923156, -0.5000000000000004441 ) ) ;
#4380 = CARTESIAN_POINT ( 'NONE',  ( -22.50000000000000000, -7.000000000000004441, 2.000000000000000000 ) ) ;
#4381 = ORIENTED_EDGE ( 'NONE', *, *, #4843, .F. ) ;
#4382 = VECTOR ( 'NONE', #956, 1000.000000000000000 ) ;
#4383 = ADVANCED_FACE ( 'NONE', ( #5794 ), #1932, .F. ) ;
#4384 = DIRECTION ( 'NONE',  ( -1.000000000000000000, 0.000000000000000000, 0.000000000000000000 ) ) ;
#4385 = AXIS2_PLACEMENT_3D ( 'NONE', #2789, #2225, #1867 ) ;
#4386 = CARTESIAN_POINT ( 'NONE',  ( 36.49999999999993605, -20.50000000000000000, 2.750000000000000000 ) ) ;
#4387 = LINE ( 'NONE', #5458, #3022 ) ;
#4388 = CARTESIAN_POINT ( 'NONE',  ( 54.88006213966855285, -17.74527366776648662, -0.5000000000000143219 ) ) ;
#4389 = ORIENTED_EDGE ( 'NONE', *, *, #4989, .T. ) ;
#4390 = ORIENTED_EDGE ( 'NONE', *, *, #2664, .T. ) ;
#4391 = AXIS2_PLACEMENT_3D ( 'NONE', #5753, #6848, #4572 ) ;
#4392 = ORIENTED_EDGE ( 'NONE', *, *, #6677, .F. ) ;
#4393 = CARTESIAN_POINT ( 'NONE',  ( 74.60333844267950099, -23.50000000000000000, 3.500000000000003109 ) ) ;
#4394 = FACE_OUTER_BOUND ( 'NONE', #4970, .T. ) ;
#4395 = CARTESIAN_POINT ( 'NONE',  ( -16.50000000000001066, -7.500000000000016875, -0.4999999999999987232 ) ) ;
#4396 = DIRECTION ( 'NONE',  ( 0.000000000000000000, 1.000000000000000000, 2.551063935260008765E-17 ) ) ;
#4397 = ORIENTED_EDGE ( 'NONE', *, *, #3587, .T. ) ;
#4398 = ORIENTED_EDGE ( 'NONE', *, *, #4326, .T. ) ;
#4399 = AXIS2_PLACEMENT_3D ( 'NONE', #2402, #5569, #6125 ) ;
#4400 = LINE ( 'NONE', #2796, #6932 ) ;
#4401 = LINE ( 'NONE', #3448, #5705 ) ;
#4402 = FACE_OUTER_BOUND ( 'NONE', #3176, .T. ) ;
#4403 = LINE ( 'NONE', #6531, #5721 ) ;
#4404 = ADVANCED_FACE ( 'NONE', ( #5202 ), #2526, .F. ) ;
#4405 = DIRECTION ( 'NONE',  ( -1.000000000000000000, 0.000000000000000000, 0.000000000000000000 ) ) ;
#4406 = CARTESIAN_POINT ( 'NONE',  ( 75.03589961145088694, -22.59830476178835923, 3.236410534702700126 ) ) ;
#4407 = ORIENTED_EDGE ( 'NONE', *, *, #2786, .T. ) ;
#4408 = ORIENTED_EDGE ( 'NONE', *, *, #6223, .F. ) ;
#4409 = EDGE_LOOP ( 'NONE', ( #3177, #2428, #645, #2874, #1121 ) ) ;
#4410 = CARTESIAN_POINT ( 'NONE',  ( 47.57143374141650582, -11.50000000000000711, -55.82353258373179727 ) ) ;
#4411 = CARTESIAN_POINT ( 'NONE',  ( -2.606579316234578332E-15, -14.50000000000000355, 0.5000000000000000000 ) ) ;
#4412 = DIRECTION ( 'NONE',  ( -1.000000000000000000, 0.000000000000000000, 0.000000000000000000 ) ) ;
#4413 = EDGE_CURVE ( 'NONE', #5814, #2415, #2596, .T. ) ;
#4414 = CYLINDRICAL_SURFACE ( 'NONE', #1894, 1.000000000000000888 ) ;
#4415 = ORIENTED_EDGE ( 'NONE', *, *, #85, .F. ) ;
#4416 = DIRECTION ( 'NONE',  ( -1.000000000000000000, 0.000000000000000000, -0.000000000000000000 ) ) ;
#4417 = CARTESIAN_POINT ( 'NONE',  ( 0.000000000000000000, -19.50000000000000000, 3.500000000000000000 ) ) ;
#4418 = FACE_OUTER_BOUND ( 'NONE', #4558, .T. ) ;
#4419 = ADVANCED_FACE ( 'NONE', ( #3055 ), #345, .T. ) ;
#4420 = EDGE_CURVE ( 'NONE', #445, #711, #2557, .T. ) ;
#4421 = FACE_OUTER_BOUND ( 'NONE', #2001, .T. ) ;
#4422 = ORIENTED_EDGE ( 'NONE', *, *, #1802, .F. ) ;
#4423 = VERTEX_POINT ( 'NONE', #4064 ) ;
#4424 = ORIENTED_EDGE ( 'NONE', *, *, #6196, .F. ) ;
#4425 = DIRECTION ( 'NONE',  ( 1.000000000000000000, -0.000000000000000000, 0.000000000000000000 ) ) ;
#4426 = DIRECTION ( 'NONE',  ( 0.000000000000000000, 0.000000000000000000, -1.000000000000000000 ) ) ;
#4427 = LINE ( 'NONE', #4945, #1532 ) ;
#4428 = ORIENTED_EDGE ( 'NONE', *, *, #5057, .F. ) ;
#4429 = ORIENTED_EDGE ( 'NONE', *, *, #5719, .F. ) ;
#4430 = ADVANCED_FACE ( 'NONE', ( #4643 ), #1538, .F. ) ;
#4431 = DIRECTION ( 'NONE',  ( -0.000000000000000000, -0.000000000000000000, 1.000000000000000000 ) ) ;
#4432 = CARTESIAN_POINT ( 'NONE',  ( -27.50000000000000000, -1.599999999999994760, 4.000000000000000000 ) ) ;
#4433 = DIRECTION ( 'NONE',  ( 1.000000000000000000, 0.000000000000000000, 0.000000000000000000 ) ) ;
#4434 = LINE ( 'NONE', #6561, #5501 ) ;
#4435 = FACE_OUTER_BOUND ( 'NONE', #2657, .T. ) ;
#4436 = FACE_OUTER_BOUND ( 'NONE', #407, .T. ) ;
#4437 = ORIENTED_EDGE ( 'NONE', *, *, #3474, .T. ) ;
#4438 = ORIENTED_EDGE ( 'NONE', *, *, #3352, .T. ) ;
#4439 = ORIENTED_EDGE ( 'NONE', *, *, #2316, .F. ) ;
#4440 =( BOUNDED_CURVE ( )  B_SPLINE_CURVE ( 3, ( #101, #1160, #30, #2101 ),
 .UNSPECIFIED., .F., .T. ) 
 B_SPLINE_CURVE_WITH_KNOTS ( ( 4, 4 ),
 ( 3.033129438985871396, 3.250055868193712172 ),
 .UNSPECIFIED. ) 
 CURVE ( )  GEOMETRIC_REPRESENTATION_ITEM ( )  RATIONAL_B_SPLINE_CURVE ( ( 1.000000000000000000, 0.9960824199082322083, 0.9960824199082322083, 1.000000000000000000 ) ) 
 REPRESENTATION_ITEM ( '' )  );
#4441 = AXIS2_PLACEMENT_3D ( 'NONE', #3446, #5616, #2967 ) ;
#4442 = VECTOR ( 'NONE', #642, 1000.000000000000000 ) ;
#4443 = DIRECTION ( 'NONE',  ( 0.000000000000000000, 0.000000000000000000, -1.000000000000000000 ) ) ;
#4444 = DIRECTION ( 'NONE',  ( 0.000000000000000000, -1.084202172485504311E-16, -1.000000000000000000 ) ) ;
#4445 = CARTESIAN_POINT ( 'NONE',  ( -0.7469987990390328791, -15.10000000000000142, -0.5000000000000000000 ) ) ;
#4446 = CYLINDRICAL_SURFACE ( 'NONE', #2123, 1.000000000000000888 ) ;
#4447 = ORIENTED_EDGE ( 'NONE', *, *, #5934, .T. ) ;
#4448 = EDGE_CURVE ( 'NONE', #1628, #2548, #3118, .T. ) ;
#4449 = EDGE_CURVE ( 'NONE', #5316, #2957, #6183, .T. ) ;
#4450 = LINE ( 'NONE', #4967, #6239 ) ;
#4451 = FACE_OUTER_BOUND ( 'NONE', #6096, .T. ) ;
#4452 = DIRECTION ( 'NONE',  ( 1.000000000000000000, -1.214306433183763956E-13, 0.000000000000000000 ) ) ;
#4453 = EDGE_LOOP ( 'NONE', ( #215, #3280, #3243, #1600, #1431, #5637, #2387, #622, #6489, #5743, #4588, #5167, #3296, #3830, #936, #285, #6451 ) ) ;
#4454 = ORIENTED_EDGE ( 'NONE', *, *, #6303, .T. ) ;
#4455 = ORIENTED_EDGE ( 'NONE', *, *, #6782, .F. ) ;
#4456 = EDGE_CURVE ( 'NONE', #5106, #6522, #1403, .T. ) ;
#4457 = CARTESIAN_POINT ( 'NONE',  ( 29.08772233983155076, -21.33047371415606719, -0.5000000000000004441 ) ) ;
#4458 = DIRECTION ( 'NONE',  ( -0.000000000000000000, -0.000000000000000000, 1.000000000000000000 ) ) ;
#4459 = VECTOR ( 'NONE', #2972, 1000.000000000000000 ) ;
#4460 = FACE_OUTER_BOUND ( 'NONE', #2229, .T. ) ;
#4461 = VECTOR ( 'NONE', #5581, 1000.000000000000000 ) ;
#4462 = ORIENTED_EDGE ( 'NONE', *, *, #1742, .T. ) ;
#4463 = ORIENTED_EDGE ( 'NONE', *, *, #3881, .T. ) ;
#4464 = ADVANCED_FACE ( 'NONE', ( #2066 ), #1475, .T. ) ;
#4465 = AXIS2_PLACEMENT_3D ( 'NONE', #6015, #6577, #4484 ) ;
#4466 = AXIS2_PLACEMENT_3D ( 'NONE', #208, #2984, #6722 ) ;
#4467 = LINE ( 'NONE', #1390, #767 ) ;
#4468 = DIRECTION ( 'NONE',  ( 1.000000000000000000, 0.000000000000000000, 0.000000000000000000 ) ) ;
#4469 = DIRECTION ( 'NONE',  ( -0.000000000000000000, -1.000000000000000000, -0.000000000000000000 ) ) ;
#4470 = CARTESIAN_POINT ( 'NONE',  ( 67.49851237746938182, -16.60908147058193052, 3.500000000000003109 ) ) ;
#4471 = CARTESIAN_POINT ( 'NONE',  ( -7.349999999999995204, -14.50000000000000355, -0.5000000000000000000 ) ) ;
#4472 = AXIS2_PLACEMENT_3D ( 'NONE', #6391, #6349, #6913 ) ;
#4473 = CARTESIAN_POINT ( 'NONE',  ( 75.29844057901914312, -24.22188635136189205, 1.385985797737737446 ) ) ;
#4474 = EDGE_LOOP ( 'NONE', ( #5133, #1046, #2150, #1592 ) ) ;
#4475 = VECTOR ( 'NONE', #338, 1000.000000000000227 ) ;
#4476 = ORIENTED_EDGE ( 'NONE', *, *, #3004, .T. ) ;
#4477 = AXIS2_PLACEMENT_3D ( 'NONE', #5837, #2135, #6886 ) ;
#4478 = CARTESIAN_POINT ( 'NONE',  ( 0.000000000000000000, 0.000000000000000000, 3.500000000000000000 ) ) ;
#4479 = FACE_OUTER_BOUND ( 'NONE', #6723, .T. ) ;
#4480 = DIRECTION ( 'NONE',  ( 1.000000000000000000, 0.000000000000000000, 0.000000000000000000 ) ) ;
#4481 = DIRECTION ( 'NONE',  ( -0.000000000000000000, -0.000000000000000000, 1.000000000000000000 ) ) ;
#4482 = ORIENTED_EDGE ( 'NONE', *, *, #223, .F. ) ;
#4483 = VECTOR ( 'NONE', #2166, 1000.000000000000000 ) ;
#4484 = DIRECTION ( 'NONE',  ( 1.000000000000000000, 1.807003620809172610E-15, 0.000000000000000000 ) ) ;
#4485 = VECTOR ( 'NONE', #885, 1000.000000000000000 ) ;
#4486 = DIRECTION ( 'NONE',  ( 0.000000000000000000, 0.000000000000000000, -1.000000000000000000 ) ) ;
#4487 = AXIS2_PLACEMENT_3D ( 'NONE', #6910, #4878, #3210 ) ;
#4488 = CARTESIAN_POINT ( 'NONE',  ( -21.50000000000000000, 0.000000000000000000, 0.000000000000000000 ) ) ;
#4489 = EDGE_LOOP ( 'NONE', ( #1764, #4491, #3144, #4836 ) ) ;
#4490 = EDGE_CURVE ( 'NONE', #546, #2736, #3599, .T. ) ;
#4491 = ORIENTED_EDGE ( 'NONE', *, *, #5090, .F. ) ;
#4492 = CIRCLE ( 'NONE', #2706, 1.600000000000000089 ) ;
#4493 = EDGE_LOOP ( 'NONE', ( #6167, #4527, #2242, #3584 ) ) ;
#4494 = CARTESIAN_POINT ( 'NONE',  ( -22.50000000000000000, -15.67157287525381548, 4.000000000000000000 ) ) ;
#4495 = CARTESIAN_POINT ( 'NONE',  ( 34.25000000000000711, -18.50000000000000000, -0.5000000000000004441 ) ) ;
#4496 = DIRECTION ( 'NONE',  ( 0.000000000000000000, -1.000000000000000000, 0.000000000000000000 ) ) ;
#4497 = VECTOR ( 'NONE', #2198, 1000.000000000000000 ) ;
#4498 = EDGE_CURVE ( 'NONE', #321, #6205, #5942, .T. ) ;
#4499 = ORIENTED_EDGE ( 'NONE', *, *, #6779, .F. ) ;
#4500 = VERTEX_POINT ( 'NONE', #3766 ) ;
#4501 = ORIENTED_EDGE ( 'NONE', *, *, #4194, .T. ) ;
#4502 = CIRCLE ( 'NONE', #587, 3.000000000000002665 ) ;
#4503 = LINE ( 'NONE', #5054, #3228 ) ;
#4504 = DIRECTION ( 'NONE',  ( -0.000000000000000000, -0.000000000000000000, -1.000000000000000000 ) ) ;
#4505 = CARTESIAN_POINT ( 'NONE',  ( 29.38890394934356110, -3.281097546600488801, 0.9999999999999997780 ) ) ;
#4506 = DIRECTION ( 'NONE',  ( 0.000000000000000000, 0.000000000000000000, 1.000000000000000000 ) ) ;
#4507 = EDGE_CURVE ( 'NONE', #6670, #5720, #3221, .T. ) ;
#4508 = CARTESIAN_POINT ( 'NONE',  ( 70.00000000000000000, 0.000000000000000000, 0.000000000000000000 ) ) ;
#4509 = CARTESIAN_POINT ( 'NONE',  ( 75.48355640101884489, -23.01623975214726059, 1.042951893212079151 ) ) ;
#4510 = ORIENTED_EDGE ( 'NONE', *, *, #4374, .T. ) ;
#4511 = EDGE_LOOP ( 'NONE', ( #685, #3739, #3187, #171 ) ) ;
#4512 = DIRECTION ( 'NONE',  ( 1.000000000000000000, 0.000000000000000000, 0.000000000000000000 ) ) ;
#4513 = DIRECTION ( 'NONE',  ( 0.000000000000000000, -1.000000000000000000, -2.551063935260008765E-17 ) ) ;
#4514 = FACE_OUTER_BOUND ( 'NONE', #4601, .T. ) ;
#4515 = CARTESIAN_POINT ( 'NONE',  ( -7.349999999999995204, -10.50000000000000888, 0.5000000000000000000 ) ) ;
#4516 = VERTEX_POINT ( 'NONE', #2247 ) ;
#4517 = PLANE ( 'NONE',  #2461 ) ;
#4518 = CARTESIAN_POINT ( 'NONE',  ( 89.00000000000001421, -4.000000000000000000, 1.725000000000000089 ) ) ;
#4519 = CARTESIAN_POINT ( 'NONE',  ( 67.48986343215159422, -16.78458705659207695, -0.5000000000000000000 ) ) ;
#4520 = LINE ( 'NONE', #5632, #3670 ) ;
#4521 = ORIENTED_EDGE ( 'NONE', *, *, #3595, .F. ) ;
#4522 = EDGE_LOOP ( 'NONE', ( #6535, #944, #221, #4265 ) ) ;
#4523 = PLANE ( 'NONE',  #3248 ) ;
#4524 = LINE ( 'NONE', #841, #5620 ) ;
#4525 = FACE_OUTER_BOUND ( 'NONE', #2502, .T. ) ;
#4526 = ORIENTED_EDGE ( 'NONE', *, *, #739, .T. ) ;
#4527 = ORIENTED_EDGE ( 'NONE', *, *, #3084, .T. ) ;
#4528 = EDGE_CURVE ( 'NONE', #6181, #4875, #4377, .T. ) ;
#4529 = EDGE_CURVE ( 'NONE', #4673, #1442, #6506, .T. ) ;
#4530 = LINE ( 'NONE', #6097, #5336 ) ;
#4531 = FACE_OUTER_BOUND ( 'NONE', #1504, .T. ) ;
#4532 = CARTESIAN_POINT ( 'NONE',  ( 7.368174807915457869, -1.599999999999997424, 1.000000000000000000 ) ) ;
#4533 = DIRECTION ( 'NONE',  ( 1.000000000000000000, 0.000000000000000000, 0.000000000000000000 ) ) ;
#4534 = ORIENTED_EDGE ( 'NONE', *, *, #3980, .T. ) ;
#4535 = ORIENTED_EDGE ( 'NONE', *, *, #5803, .T. ) ;
#4536 = ORIENTED_EDGE ( 'NONE', *, *, #387, .T. ) ;
#4537 = EDGE_CURVE ( 'NONE', #6527, #2897, #4817, .T. ) ;
#4538 = CARTESIAN_POINT ( 'NONE',  ( 85.00000000000001421, 1.000000000000001332, -13.50925608610629602 ) ) ;
#4539 = CARTESIAN_POINT ( 'NONE',  ( 70.00000000000000000, 0.000000000000000000, 3.500000000000000000 ) ) ;
#4540 = DIRECTION ( 'NONE',  ( -0.000000000000000000, -0.000000000000000000, -1.000000000000000000 ) ) ;
#4541 = FACE_OUTER_BOUND ( 'NONE', #1521, .T. ) ;
#4542 = VERTEX_POINT ( 'NONE', #5384 ) ;
#4543 = AXIS2_PLACEMENT_3D ( 'NONE', #4713, #614, #4913 ) ;
#4544 = VECTOR ( 'NONE', #6904, 1000.000000000000000 ) ;
#4545 = EDGE_CURVE ( 'NONE', #3733, #5781, #6926, .T. ) ;
#4546 = CYLINDRICAL_SURFACE ( 'NONE', #3131, 1.000000000000000000 ) ;
#4547 = CYLINDRICAL_SURFACE ( 'NONE', #1608, 1.000000000000000888 ) ;
#4548 = FACE_OUTER_BOUND ( 'NONE', #1089, .T. ) ;
#4549 = CARTESIAN_POINT ( 'NONE',  ( 42.36817480791544455, -1.600000000000001865, 6.000000000000000000 ) ) ;
#4550 = ORIENTED_EDGE ( 'NONE', *, *, #2834, .F. ) ;
#4551 = VERTEX_POINT ( 'NONE', #3844 ) ;
#4552 = EDGE_LOOP ( 'NONE', ( #4987, #2228, #6450, #2471, #1805, #4392 ) ) ;
#4553 = CARTESIAN_POINT ( 'NONE',  ( 92.54599508018748111, -0.2054665368511853218, 0.000000000000000000 ) ) ;
#4554 = DIRECTION ( 'NONE',  ( 0.000000000000000000, 0.000000000000000000, 1.000000000000000000 ) ) ;
#4555 = LINE ( 'NONE', #843, #6669 ) ;
#4556 = ORIENTED_EDGE ( 'NONE', *, *, #5858, .T. ) ;
#4557 = VECTOR ( 'NONE', #1887, 1000.000000000000000 ) ;
#4558 = EDGE_LOOP ( 'NONE', ( #4046, #3337, #1489, #1856 ) ) ;
#4559 = DIRECTION ( 'NONE',  ( 0.000000000000000000, 0.000000000000000000, 1.000000000000000000 ) ) ;
#4560 = CIRCLE ( 'NONE', #424, 1.000000000000000000 ) ;
#4561 = CARTESIAN_POINT ( 'NONE',  ( -26.00000000000001421, -17.50000000000000000, -4.964194138592089800 ) ) ;
#4562 = CARTESIAN_POINT ( 'NONE',  ( -4.500000000000000000, -1.599999999999995870, -89.54697091471047088 ) ) ;
#4563 = FACE_OUTER_BOUND ( 'NONE', #5428, .T. ) ;
#4564 = VERTEX_POINT ( 'NONE', #4775 ) ;
#4565 = ADVANCED_FACE ( 'NONE', ( #4300 ), #5416, .F. ) ;
#4566 = ORIENTED_EDGE ( 'NONE', *, *, #1286, .F. ) ;
#4567 = CIRCLE ( 'NONE', #204, 4.000000000000003553 ) ;
#4568 = CIRCLE ( 'NONE', #1347, 1.000000000000000888 ) ;
#4569 = DIRECTION ( 'NONE',  ( 0.000000000000000000, 0.000000000000000000, 1.000000000000000000 ) ) ;
#4570 = VECTOR ( 'NONE', #2981, 1000.000000000000000 ) ;
#4571 = DIRECTION ( 'NONE',  ( -1.000000000000000000, 7.490669315265861922E-17, 0.000000000000000000 ) ) ;
#4572 = DIRECTION ( 'NONE',  ( -1.000000000000000000, 0.000000000000000000, 0.000000000000000000 ) ) ;
#4573 = AXIS2_PLACEMENT_3D ( 'NONE', #1889, #4993, #1230 ) ;
#4574 = CARTESIAN_POINT ( 'NONE',  ( 31.25000000000000711, -19.50000000000000000, 2.750000000000000000 ) ) ;
#4575 = VERTEX_POINT ( 'NONE', #1157 ) ;
#4576 = EDGE_CURVE ( 'NONE', #1480, #2554, #4336, .T. ) ;
#4577 = EDGE_CURVE ( 'NONE', #3821, #6547, #6360, .T. ) ;
#4578 = VERTEX_POINT ( 'NONE', #4745 ) ;
#4579 = VECTOR ( 'NONE', #4678, 1000.000000000000000 ) ;
#4580 = CYLINDRICAL_SURFACE ( 'NONE', #6021, 1.000000000000000888 ) ;
#4581 = DIRECTION ( 'NONE',  ( -1.000000000000000000, -3.469446951953614189E-15, 0.000000000000000000 ) ) ;
#4582 = DIRECTION ( 'NONE',  ( 1.000000000000000000, 0.000000000000000000, 0.000000000000000000 ) ) ;
#4583 = DIRECTION ( 'NONE',  ( 1.000000000000000000, 0.000000000000000000, 0.000000000000000000 ) ) ;
#4584 = DIRECTION ( 'NONE',  ( 1.000000000000000000, 2.940209281316622371E-17, 0.000000000000000000 ) ) ;
#4585 = ORIENTED_EDGE ( 'NONE', *, *, #1036, .T. ) ;
#4586 = EDGE_CURVE ( 'NONE', #4898, #975, #2257, .T. ) ;
#4587 = VERTEX_POINT ( 'NONE', #5869 ) ;
#4588 = ORIENTED_EDGE ( 'NONE', *, *, #6410, .T. ) ;
#4589 = DIRECTION ( 'NONE',  ( 0.000000000000000000, 1.000000000000000000, -0.000000000000000000 ) ) ;
#4590 = CYLINDRICAL_SURFACE ( 'NONE', #3462, 1.000000000000000888 ) ;
#4591 = FACE_OUTER_BOUND ( 'NONE', #38, .T. ) ;
#4592 = ORIENTED_EDGE ( 'NONE', *, *, #4420, .F. ) ;
#4593 = ORIENTED_EDGE ( 'NONE', *, *, #1589, .F. ) ;
#4594 = DIRECTION ( 'NONE',  ( 0.000000000000000000, 0.000000000000000000, 1.000000000000000000 ) ) ;
#4595 = CIRCLE ( 'NONE', #16, 2.049999999999993161 ) ;
#4596 = DIRECTION ( 'NONE',  ( 0.000000000000000000, 0.000000000000000000, 1.000000000000000000 ) ) ;
#4597 = CIRCLE ( 'NONE', #2379, 1.000000000000000888 ) ;
#4598 = CARTESIAN_POINT ( 'NONE',  ( -12.50000000000000355, -14.23205080756887853, 2.000000000000000000 ) ) ;
#4599 = DIRECTION ( 'NONE',  ( 1.000000000000000000, 5.898059818321139072E-14, 0.000000000000000000 ) ) ;
#4600 = EDGE_LOOP ( 'NONE', ( #5772, #4415, #4397, #5327 ) ) ;
#4601 = EDGE_LOOP ( 'NONE', ( #2714, #5650, #2783, #952, #3969, #4002 ) ) ;
#4602 = VECTOR ( 'NONE', #6768, 999.9999999999998863 ) ;
#4603 = EDGE_CURVE ( 'NONE', #5965, #3163, #591, .T. ) ;
#4604 = CARTESIAN_POINT ( 'NONE',  ( -7.368174807915458757, -1.599999999999995426, -1.700000000000000178 ) ) ;
#4605 = FACE_OUTER_BOUND ( 'NONE', #6625, .T. ) ;
#4606 = LINE ( 'NONE', #1531, #1145 ) ;
#4607 = DIRECTION ( 'NONE',  ( -0.000000000000000000, 1.000000000000000000, -0.000000000000000000 ) ) ;
#4608 = EDGE_LOOP ( 'NONE', ( #1066, #6554, #5420, #751 ) ) ;
#4609 = ORIENTED_EDGE ( 'NONE', *, *, #855, .F. ) ;
#4610 = EDGE_CURVE ( 'NONE', #4796, #827, #6399, .T. ) ;
#4611 = EDGE_CURVE ( 'NONE', #3444, #2736, #59, .T. ) ;
#4612 = DIRECTION ( 'NONE',  ( -0.000000000000000000, -0.000000000000000000, -1.000000000000000000 ) ) ;
#4613 = DIRECTION ( 'NONE',  ( -1.000000000000000000, 0.000000000000000000, 0.000000000000000000 ) ) ;
#4614 = DIRECTION ( 'NONE',  ( 0.000000000000000000, 0.000000000000000000, 1.000000000000000000 ) ) ;
#4615 = CARTESIAN_POINT ( 'NONE',  ( 75.01909820294729059, -22.59052552441420403, 3.499999999999989342 ) ) ;
#4616 = DIRECTION ( 'NONE',  ( 1.000000000000000000, 0.000000000000000000, 0.000000000000000000 ) ) ;
#4617 = ORIENTED_EDGE ( 'NONE', *, *, #2026, .F. ) ;
#4618 = VERTEX_POINT ( 'NONE', #623 ) ;
#4619 = ADVANCED_FACE ( 'NONE', ( #4266 ), #2771, .T. ) ;
#4620 = DIRECTION ( 'NONE',  ( -0.9667633338930341491, 0.2556729478064223571, 0.000000000000000000 ) ) ;
#4621 = EDGE_CURVE ( 'NONE', #6630, #1832, #4886, .T. ) ;
#4622 = CARTESIAN_POINT ( 'NONE',  ( 74.09113351927761926, -19.41747289689467948, -0.5000000000000004441 ) ) ;
#4623 = FACE_OUTER_BOUND ( 'NONE', #2617, .T. ) ;
#4624 = CARTESIAN_POINT ( 'NONE',  ( -29.00000000000000000, -7.000000000000004441, 4.000000000000000888 ) ) ;
#4625 = ORIENTED_EDGE ( 'NONE', *, *, #6512, .F. ) ;
#4626 = EDGE_LOOP ( 'NONE', ( #6712, #838, #2952, #4398, #5478, #3412, #2281, #110 ) ) ;
#4627 = EDGE_CURVE ( 'NONE', #2359, #2405, #1806, .T. ) ;
#4628 = PLANE ( 'NONE',  #129 ) ;
#4629 = LINE ( 'NONE', #6767, #4382 ) ;
#4630 = DIRECTION ( 'NONE',  ( 0.000000000000000000, 0.000000000000000000, -1.000000000000000000 ) ) ;
#4631 = DIRECTION ( 'NONE',  ( -0.000000000000000000, -0.000000000000000000, -1.000000000000000000 ) ) ;
#4632 = VERTEX_POINT ( 'NONE', #2659 ) ;
#4633 = VERTEX_POINT ( 'NONE', #1609 ) ;
#4634 = CARTESIAN_POINT ( 'NONE',  ( -23.50000000000002132, -7.000000000000004441, 4.000000000000000888 ) ) ;
#4635 = CYLINDRICAL_SURFACE ( 'NONE', #4341, 3.000000000000000000 ) ;
#4636 = DIRECTION ( 'NONE',  ( 0.000000000000000000, -0.000000000000000000, -1.000000000000000000 ) ) ;
#4637 = DIRECTION ( 'NONE',  ( 0.000000000000000000, 0.000000000000000000, 1.000000000000000000 ) ) ;
#4638 = VERTEX_POINT ( 'NONE', #3734 ) ;
#4639 = ORIENTED_EDGE ( 'NONE', *, *, #3754, .F. ) ;
#4640 = VERTEX_POINT ( 'NONE', #6007 ) ;
#4641 = EDGE_CURVE ( 'NONE', #2966, #1999, #3456, .T. ) ;
#4642 = PLANE ( 'NONE',  #3676 ) ;
#4643 = FACE_OUTER_BOUND ( 'NONE', #935, .T. ) ;
#4644 = DIRECTION ( 'NONE',  ( 1.000000000000000000, 0.000000000000000000, -0.000000000000000000 ) ) ;
#4645 = CARTESIAN_POINT ( 'NONE',  ( 85.00000000000001421, -8.500000000000003553, 1.000000000000000000 ) ) ;
#4646 = CARTESIAN_POINT ( 'NONE',  ( 31.25000000000000711, -12.93565627928923156, -0.5000000000000004441 ) ) ;
#4647 = ORIENTED_EDGE ( 'NONE', *, *, #5324, .F. ) ;
#4648 = ADVANCED_FACE ( 'NONE', ( #2284 ), #3361, .F. ) ;
#4649 = ADVANCED_FACE ( 'NONE', ( #3917 ), #698, .F. ) ;
#4650 = ORIENTED_EDGE ( 'NONE', *, *, #4374, .F. ) ;
#4651 = CARTESIAN_POINT ( 'NONE',  ( 59.19954864385415760, -14.62753688062398894, 3.500000000000000000 ) ) ;
#4652 = CARTESIAN_POINT ( 'NONE',  ( 71.60000000000000853, 1.959434878635771393E-16, 3.000000000000000000 ) ) ;
#4653 = DIRECTION ( 'NONE',  ( -0.000000000000000000, -0.000000000000000000, -1.000000000000000000 ) ) ;
#4654 = DIRECTION ( 'NONE',  ( 0.000000000000000000, 0.000000000000000000, -1.000000000000000000 ) ) ;
#4655 = ORIENTED_EDGE ( 'NONE', *, *, #4061, .T. ) ;
#4656 = EDGE_CURVE ( 'NONE', #5849, #546, #137, .T. ) ;
#4657 = EDGE_CURVE ( 'NONE', #5938, #6421, #267, .T. ) ;
#4658 = VERTEX_POINT ( 'NONE', #2848 ) ;
#4659 = ORIENTED_EDGE ( 'NONE', *, *, #4956, .F. ) ;
#4660 = DIRECTION ( 'NONE',  ( 0.000000000000000000, -1.000000000000000000, 0.000000000000000000 ) ) ;
#4661 = DIRECTION ( 'NONE',  ( 0.000000000000000000, 0.000000000000000000, -1.000000000000000000 ) ) ;
#4662 = CARTESIAN_POINT ( 'NONE',  ( -12.50000000000000355, -8.500000000000007105, 0.5000000000000004441 ) ) ;
#4663 = PLANE ( 'NONE',  #3346 ) ;
#4664 = EDGE_LOOP ( 'NONE', ( #201, #2460, #4438, #2163 ) ) ;
#4665 = EDGE_CURVE ( 'NONE', #6684, #1656, #5590, .T. ) ;
#4666 = ORIENTED_EDGE ( 'NONE', *, *, #1630, .T. ) ;
#4667 = VECTOR ( 'NONE', #1923, 1000.000000000000000 ) ;
#4668 = CARTESIAN_POINT ( 'NONE',  ( -4.500000000000000000, -1.599999999999995870, -89.54697091471047088 ) ) ;
#4669 = DIRECTION ( 'NONE',  ( 0.000000000000000000, 0.000000000000000000, -1.000000000000000000 ) ) ;
#4670 = CARTESIAN_POINT ( 'NONE',  ( 81.00000000000001421, -10.50000000000000711, -0.5000000000000000000 ) ) ;
#4671 = PLANE ( 'NONE',  #5359 ) ;
#4672 = CIRCLE ( 'NONE', #1666, 1.000000000000000888 ) ;
#4673 = VERTEX_POINT ( 'NONE', #5553 ) ;
#4674 = CIRCLE ( 'NONE', #4123, 2.049999999999999822 ) ;
#4675 = VERTEX_POINT ( 'NONE', #3325 ) ;
#4676 = CIRCLE ( 'NONE', #4903, 4.000000000000000000 ) ;
#4677 = DIRECTION ( 'NONE',  ( 1.000000000000000000, 0.000000000000000000, 0.000000000000000000 ) ) ;
#4678 = DIRECTION ( 'NONE',  ( 0.000000000000000000, 0.000000000000000000, -1.000000000000000000 ) ) ;
#4679 = CYLINDRICAL_SURFACE ( 'NONE', #3946, 1.000000000000000888 ) ;
#4680 = CARTESIAN_POINT ( 'NONE',  ( -8.849999999999996092, -18.50000000000000355, 14.05062109405231396 ) ) ;
#4681 = FACE_OUTER_BOUND ( 'NONE', #5857, .T. ) ;
#4682 = ORIENTED_EDGE ( 'NONE', *, *, #3272, .F. ) ;
#4683 = VECTOR ( 'NONE', #301, 1000.000000000000000 ) ;
#4684 = ORIENTED_EDGE ( 'NONE', *, *, #2654, .T. ) ;
#4685 = CARTESIAN_POINT ( 'NONE',  ( 70.00000000000000000, 0.000000000000000000, 0.000000000000000000 ) ) ;
#4686 = FACE_OUTER_BOUND ( 'NONE', #1629, .T. ) ;
#4687 = AXIS2_PLACEMENT_3D ( 'NONE', #4167, #5138, #6322 ) ;
#4688 = EDGE_CURVE ( 'NONE', #2121, #741, #1329, .T. ) ;
#4689 = DIRECTION ( 'NONE',  ( -1.000000000000000000, 0.000000000000000000, 0.000000000000000000 ) ) ;
#4690 = DIRECTION ( 'NONE',  ( -0.000000000000000000, 0.000000000000000000, -1.000000000000000000 ) ) ;
#4691 = EDGE_LOOP ( 'NONE', ( #1416, #2553, #1498, #2881 ) ) ;
#4692 = VERTEX_POINT ( 'NONE', #4960 ) ;
#4693 = VECTOR ( 'NONE', #166, 1000.000000000000000 ) ;
#4694 = ORIENTED_EDGE ( 'NONE', *, *, #3395, .T. ) ;
#4695 = AXIS2_PLACEMENT_3D ( 'NONE', #1645, #3767, #5524 ) ;
#4696 = DIRECTION ( 'NONE',  ( -1.000000000000000000, 0.000000000000000000, 0.000000000000000000 ) ) ;
#4697 = ADVANCED_FACE ( 'NONE', ( #657 ), #6672, .F. ) ;
#4698 = DIRECTION ( 'NONE',  ( -1.000000000000000000, 1.734723475976805517E-15, 0.000000000000000000 ) ) ;
#4699 = DIRECTION ( 'NONE',  ( -0.9667633338930341491, 0.2556729478064223016, 0.000000000000000000 ) ) ;
#4700 = VERTEX_POINT ( 'NONE', #4017 ) ;
#4701 = ORIENTED_EDGE ( 'NONE', *, *, #6662, .T. ) ;
#4702 = VECTOR ( 'NONE', #1700, 1000.000000000000114 ) ;
#4703 = ADVANCED_FACE ( 'NONE', ( #3397 ), #6645, .F. ) ;
#4704 = EDGE_CURVE ( 'NONE', #3887, #6819, #6706, .T. ) ;
#4705 = CARTESIAN_POINT ( 'NONE',  ( 44.85374360817895933, -24.50000000000000000, -0.5000000000000000000 ) ) ;
#4706 = DIRECTION ( 'NONE',  ( -0.9667633338930342601, 0.2556729478064220795, 0.000000000000000000 ) ) ;
#4707 = LINE ( 'NONE', #3621, #3489 ) ;
#4708 = DIRECTION ( 'NONE',  ( 0.000000000000000000, 0.000000000000000000, -1.000000000000000000 ) ) ;
#4709 = VERTEX_POINT ( 'NONE', #4926 ) ;
#4710 = AXIS2_PLACEMENT_3D ( 'NONE', #4819, #4302, #5592 ) ;
#4711 = ORIENTED_EDGE ( 'NONE', *, *, #4194, .F. ) ;
#4712 = AXIS2_PLACEMENT_3D ( 'NONE', #6760, #1969, #5211 ) ;
#4713 = CARTESIAN_POINT ( 'NONE',  ( 0.000000000000000000, 0.000000000000000000, 3.500000000000000000 ) ) ;
#4714 = DIRECTION ( 'NONE',  ( 1.000000000000000000, 0.000000000000000000, 0.000000000000000000 ) ) ;
#4715 = CARTESIAN_POINT ( 'NONE',  ( -0.6660605559646718410, -18.10000000000000497, 3.500000000000003109 ) ) ;
#4716 = DIRECTION ( 'NONE',  ( 0.9808912264268110359, 0.1945569374730865830, 0.000000000000000000 ) ) ;
#4717 = B_SPLINE_CURVE_WITH_KNOTS ( 'NONE', 3,
 ( #2336, #289, #6168, #6697 ),
 .UNSPECIFIED., .F., .F.,
 ( 4, 4 ),
 ( 4.289934679744405093E-17, 0.0008590961471016950310 ),
 .UNSPECIFIED. ) ;
#4718 = CARTESIAN_POINT ( 'NONE',  ( 92.54599508018748111, -0.2054665368511860435, 0.000000000000000000 ) ) ;
#4719 = ORIENTED_EDGE ( 'NONE', *, *, #1011, .F. ) ;
#4720 = CIRCLE ( 'NONE', #5842, 1.000000000000000888 ) ;
#4721 = DIRECTION ( 'NONE',  ( -0.000000000000000000, -1.000000000000000000, -0.000000000000000000 ) ) ;
#4722 = EDGE_CURVE ( 'NONE', #1681, #3040, #3982, .T. ) ;
#4723 = PLANE ( 'NONE',  #2794 ) ;
#4724 = DIRECTION ( 'NONE',  ( 0.000000000000000000, 0.000000000000000000, 1.000000000000000000 ) ) ;
#4725 = CARTESIAN_POINT ( 'NONE',  ( -29.00000000000000000, -14.49999999999999822, 4.000000000000000888 ) ) ;
#4726 = CARTESIAN_POINT ( 'NONE',  ( 70.00000000000000000, 0.000000000000000000, 3.000000000000000000 ) ) ;
#4727 = ORIENTED_EDGE ( 'NONE', *, *, #5953, .T. ) ;
#4728 = VERTEX_POINT ( 'NONE', #197 ) ;
#4729 = ORIENTED_EDGE ( 'NONE', *, *, #2627, .F. ) ;
#4730 = DIRECTION ( 'NONE',  ( 0.000000000000000000, 0.000000000000000000, 1.000000000000000000 ) ) ;
#4731 = PLANE ( 'NONE',  #4150 ) ;
#4732 = CARTESIAN_POINT ( 'NONE',  ( -21.50000000000000000, -3.600000000000003197, 6.000000000000000000 ) ) ;
#4733 = ORIENTED_EDGE ( 'NONE', *, *, #2297, .T. ) ;
#4734 = EDGE_LOOP ( 'NONE', ( #4297, #1184, #220, #400 ) ) ;
#4735 = EDGE_CURVE ( 'NONE', #464, #3610, #728, .T. ) ;
#4736 = ADVANCED_FACE ( 'NONE', ( #1225 ), #6044, .F. ) ;
#4737 = DIRECTION ( 'NONE',  ( 0.000000000000000000, 0.000000000000000000, 1.000000000000000000 ) ) ;
#4738 = CARTESIAN_POINT ( 'NONE',  ( -5.740332142833193707, -10.50000000000000711, 3.499999999999999556 ) ) ;
#4739 = DIRECTION ( 'NONE',  ( 1.000000000000000000, 0.000000000000000000, 0.000000000000000000 ) ) ;
#4740 = DIRECTION ( 'NONE',  ( 1.000000000000000000, 0.000000000000000000, 0.000000000000000000 ) ) ;
#4741 = CARTESIAN_POINT ( 'NONE',  ( 85.00000000000001421, 4.500000000000001776, 1.725000000000000089 ) ) ;
#4742 = ORIENTED_EDGE ( 'NONE', *, *, #4070, .T. ) ;
#4743 = ORIENTED_EDGE ( 'NONE', *, *, #174, .T. ) ;
#4744 = ADVANCED_FACE ( 'NONE', ( #2875 ), #4990, .F. ) ;
#4745 = CARTESIAN_POINT ( 'NONE',  ( 74.15384615384616041, 1.730769230769232614, 3.499999999999999556 ) ) ;
#4746 = CARTESIAN_POINT ( 'NONE',  ( 89.00000000000001421, 1.000000000000001332, 1.725000000000000089 ) ) ;
#4747 = DIRECTION ( 'NONE',  ( 0.7071067811865456854, 0.7071067811865494601, -0.000000000000000000 ) ) ;
#4748 = CARTESIAN_POINT ( 'NONE',  ( 31.00000000000006395, -20.50000000000001421, 3.500000000000000000 ) ) ;
#4749 = ORIENTED_EDGE ( 'NONE', *, *, #481, .T. ) ;
#4750 = EDGE_CURVE ( 'NONE', #958, #2490, #761, .T. ) ;
#4751 = CARTESIAN_POINT ( 'NONE',  ( 86.31826857315519419, 4.500000000000005329, 3.000000000000000000 ) ) ;
#4752 = LINE ( 'NONE', #2744, #666 ) ;
#4753 = PLANE ( 'NONE',  #5353 ) ;
#4754 = CARTESIAN_POINT ( 'NONE',  ( 74.60333844267950099, -23.50000000000000000, -55.82353258373179727 ) ) ;
#4755 = EDGE_LOOP ( 'NONE', ( #4314, #1264, #5509, #4142, #212 ) ) ;
#4756 = ORIENTED_EDGE ( 'NONE', *, *, #942, .F. ) ;
#4757 = ORIENTED_EDGE ( 'NONE', *, *, #4335, .F. ) ;
#4758 = AXIS2_PLACEMENT_3D ( 'NONE', #1558, #2161, #2615 ) ;
#4759 = CARTESIAN_POINT ( 'NONE',  ( 75.08868912716148714, -22.62223879860071563, 1.966295647165086091 ) ) ;
#4760 = DIRECTION ( 'NONE',  ( 1.000000000000000000, 0.000000000000000000, 0.000000000000000000 ) ) ;
#4761 = DIRECTION ( 'NONE',  ( 1.000000000000000000, 0.000000000000000000, 0.000000000000000000 ) ) ;
#4762 = FACE_BOUND ( 'NONE', #350, .T. ) ;
#4763 = ORIENTED_EDGE ( 'NONE', *, *, #472, .T. ) ;
#4764 = VERTEX_POINT ( 'NONE', #3550 ) ;
#4765 = CARTESIAN_POINT ( 'NONE',  ( 93.50000000000001421, -26.50000000000000000, 1.725000000000000089 ) ) ;
#4766 = LINE ( 'NONE', #51, #1776 ) ;
#4767 = CARTESIAN_POINT ( 'NONE',  ( 60.01141465591474855, -18.45698040282307772, 3.500000000000000000 ) ) ;
#4768 = EDGE_CURVE ( 'NONE', #2937, #1733, #4116, .T. ) ;
#4769 = CARTESIAN_POINT ( 'NONE',  ( -25.50000000000000355, -1.599999999999994760, 4.000000000000000000 ) ) ;
#4770 = LINE ( 'NONE', #4261, #6696 ) ;
#4771 = ORIENTED_EDGE ( 'NONE', *, *, #5348, .F. ) ;
#4772 = VERTEX_POINT ( 'NONE', #5194 ) ;
#4773 = CIRCLE ( 'NONE', #647, 1.600000000000004086 ) ;
#4774 = ORIENTED_EDGE ( 'NONE', *, *, #3722, .F. ) ;
#4775 = CARTESIAN_POINT ( 'NONE',  ( 76.00000000000001421, 4.500000000000005329, 3.500000000000000000 ) ) ;
#4776 = VECTOR ( 'NONE', #2381, 1000.000000000000000 ) ;
#4777 = CARTESIAN_POINT ( 'NONE',  ( -21.50000000000000000, -1.599999999999994760, 3.500000000000000000 ) ) ;
#4778 = DIRECTION ( 'NONE',  ( 1.000000000000000000, -8.673617379884048291E-16, 0.000000000000000000 ) ) ;
#4779 = AXIS2_PLACEMENT_3D ( 'NONE', #4505, #6035, #5443 ) ;
#4780 = EDGE_CURVE ( 'NONE', #5655, #5318, #6143, .T. ) ;
#4781 = CARTESIAN_POINT ( 'NONE',  ( 85.00000000000001421, 1.000000000000001332, -13.50925608610629602 ) ) ;
#4782 = EDGE_LOOP ( 'NONE', ( #453, #3825, #801, #4221, #117, #5223, #5287, #2186, #2085, #5095, #3200 ) ) ;
#4783 = ORIENTED_EDGE ( 'NONE', *, *, #3980, .F. ) ;
#4784 = AXIS2_PLACEMENT_3D ( 'NONE', #669, #5529, #1236 ) ;
#4785 = CIRCLE ( 'NONE', #3239, 4.000000000000000000 ) ;
#4786 = CARTESIAN_POINT ( 'NONE',  ( 31.25000000000000711, -12.93565627928923156, 3.500000000000003109 ) ) ;
#4787 = AXIS2_PLACEMENT_3D ( 'NONE', #2779, #6476, #4828 ) ;
#4788 = CARTESIAN_POINT ( 'NONE',  ( 60.36486379115212486, -18.98413384340920373, 3.500000000000003109 ) ) ;
#4789 = EDGE_CURVE ( 'NONE', #2121, #6374, #2518, .T. ) ;
#4790 = PLANE ( 'NONE',  #1443 ) ;
#4791 = CARTESIAN_POINT ( 'NONE',  ( 72.68750000000001421, -11.50000000000000711, -0.5000000000000004441 ) ) ;
#4792 = ORIENTED_EDGE ( 'NONE', *, *, #3093, .F. ) ;
#4793 = VECTOR ( 'NONE', #3319, 1000.000000000000000 ) ;
#4794 = VERTEX_POINT ( 'NONE', #1954 ) ;
#4795 = VERTEX_POINT ( 'NONE', #4604 ) ;
#4796 = VERTEX_POINT ( 'NONE', #1365 ) ;
#4797 = VECTOR ( 'NONE', #2263, 1000.000000000000000 ) ;
#4798 = DIRECTION ( 'NONE',  ( 0.000000000000000000, 0.000000000000000000, 1.000000000000000000 ) ) ;
#4799 = DIRECTION ( 'NONE',  ( -1.000000000000000000, 1.927470528863119295E-16, 0.000000000000000000 ) ) ;
#4800 = CARTESIAN_POINT ( 'NONE',  ( 66.32573610340175208, -19.33111558823231491, -0.5000000000000000000 ) ) ;
#4801 = EDGE_CURVE ( 'NONE', #6566, #4188, #2365, .T. ) ;
#4802 = DIRECTION ( 'NONE',  ( 1.000000000000000000, -0.000000000000000000, -0.000000000000000000 ) ) ;
#4803 = ORIENTED_EDGE ( 'NONE', *, *, #4603, .F. ) ;
#4804 = AXIS2_PLACEMENT_3D ( 'NONE', #1048, #3188, #5305 ) ;
#4805 = ORIENTED_EDGE ( 'NONE', *, *, #5946, .F. ) ;
#4806 = VECTOR ( 'NONE', #4802, 1000.000000000000000 ) ;
#4807 = AXIS2_PLACEMENT_3D ( 'NONE', #6416, #2052, #45 ) ;
#4808 = DIRECTION ( 'NONE',  ( -0.000000000000000000, -0.000000000000000000, -1.000000000000000000 ) ) ;
#4809 = DIRECTION ( 'NONE',  ( 0.000000000000000000, 0.000000000000000000, 1.000000000000000000 ) ) ;
#4810 = CARTESIAN_POINT ( 'NONE',  ( 85.00000000000001421, -8.500000000000003553, -0.5000000000000000000 ) ) ;
#4811 = LINE ( 'NONE', #1604, #108 ) ;
#4812 = DIRECTION ( 'NONE',  ( 0.000000000000000000, -2.551063935260008765E-17, 1.000000000000000000 ) ) ;
#4813 = VERTEX_POINT ( 'NONE', #1500 ) ;
#4814 = ORIENTED_EDGE ( 'NONE', *, *, #5900, .T. ) ;
#4815 = AXIS2_PLACEMENT_3D ( 'NONE', #3601, #6294, #3664 ) ;
#4816 = EDGE_CURVE ( 'NONE', #1326, #2639, #4376, .T. ) ;
#4817 = LINE ( 'NONE', #3255, #1240 ) ;
#4818 = DIRECTION ( 'NONE',  ( 1.000000000000000000, 0.000000000000000000, 0.000000000000000000 ) ) ;
#4819 = CARTESIAN_POINT ( 'NONE',  ( -11.50000000000000533, -12.50000000000000711, 0.5000000000000004441 ) ) ;
#4820 = DIRECTION ( 'NONE',  ( 1.000000000000000000, 0.000000000000000000, -0.000000000000000000 ) ) ;
#4821 = VERTEX_POINT ( 'NONE', #439 ) ;
#4822 = ORIENTED_EDGE ( 'NONE', *, *, #6671, .F. ) ;
#4823 = ADVANCED_FACE ( 'NONE', ( #2058 ), #5091, .F. ) ;
#4824 = AXIS2_PLACEMENT_3D ( 'NONE', #1880, #130, #3390 ) ;
#4825 = ADVANCED_FACE ( 'NONE', ( #3619 ), #370, .F. ) ;
#4826 = CARTESIAN_POINT ( 'NONE',  ( 0.5385889543109364519, -13.34699260004677690, -55.82353258373179727 ) ) ;
#4827 = AXIS2_PLACEMENT_3D ( 'NONE', #2457, #1509, #4582 ) ;
#4828 = DIRECTION ( 'NONE',  ( -1.000000000000000000, 0.000000000000000000, 0.000000000000000000 ) ) ;
#4829 = DIRECTION ( 'NONE',  ( 0.5773502691896286176, -0.5773502691896286176, 0.5773502691896200689 ) ) ;
#4830 = LINE ( 'NONE', #2077, #638 ) ;
#4831 = ORIENTED_EDGE ( 'NONE', *, *, #466, .T. ) ;
#4832 = ORIENTED_EDGE ( 'NONE', *, *, #1921, .F. ) ;
#4833 = ORIENTED_EDGE ( 'NONE', *, *, #6677, .T. ) ;
#4834 = ADVANCED_FACE ( 'NONE', ( #6772 ), #6741, .T. ) ;
#4835 = EDGE_CURVE ( 'NONE', #6297, #3862, #892, .T. ) ;
#4836 = ORIENTED_EDGE ( 'NONE', *, *, #3476, .F. ) ;
#4837 = DIRECTION ( 'NONE',  ( -0.000000000000000000, -0.000000000000000000, -1.000000000000000000 ) ) ;
#4838 = LINE ( 'NONE', #5960, #2941 ) ;
#4839 = CARTESIAN_POINT ( 'NONE',  ( 78.24999999999992895, -26.50000000000000000, 4.799999999999993605 ) ) ;
#4840 = CARTESIAN_POINT ( 'NONE',  ( 66.59040426936127233, -13.96043282193328849, -0.5000000000000000000 ) ) ;
#4841 = ORIENTED_EDGE ( 'NONE', *, *, #1343, .F. ) ;
#4842 = ORIENTED_EDGE ( 'NONE', *, *, #6794, .T. ) ;
#4843 = EDGE_CURVE ( 'NONE', #4821, #5774, #298, .T. ) ;
#4844 = FILL_AREA_STYLE ('',( #2836 ) ) ;
#4845 = DIRECTION ( 'NONE',  ( 0.000000000000000000, 0.000000000000000000, 1.000000000000000000 ) ) ;
#4846 = CYLINDRICAL_SURFACE ( 'NONE', #2443, 1.000000000000000888 ) ;
#4847 = DIRECTION ( 'NONE',  ( -1.000000000000000000, 0.000000000000000000, 0.000000000000000000 ) ) ;
#4848 = CARTESIAN_POINT ( 'NONE',  ( 0.5385889543109364519, -13.34699260004677690, -0.5000000000000004441 ) ) ;
#4849 = CARTESIAN_POINT ( 'NONE',  ( 33.24999999999992895, -21.50000000000000000, 4.799999999999993605 ) ) ;
#4850 = ORIENTED_EDGE ( 'NONE', *, *, #3622, .F. ) ;
#4851 = ORIENTED_EDGE ( 'NONE', *, *, #4942, .T. ) ;
#4852 = VERTEX_POINT ( 'NONE', #4705 ) ;
#4853 = CARTESIAN_POINT ( 'NONE',  ( 3.000000000000002665, -16.50000000000001066, -0.5000000000000000000 ) ) ;
#4854 = ADVANCED_BREP_SHAPE_REPRESENTATION ( '\X2\5de64fa7677f\X0\', ( #1127, #3880 ), #192 ) ;
#4855 = DIRECTION ( 'NONE',  ( -1.000000000000000000, 0.000000000000000000, 0.000000000000000000 ) ) ;
#4856 = FACE_OUTER_BOUND ( 'NONE', #3979, .T. ) ;
#4857 = DIRECTION ( 'NONE',  ( -0.7313537016191743456, 0.6819983600624943687, 0.000000000000000000 ) ) ;
#4858 = ORIENTED_EDGE ( 'NONE', *, *, #2154, .T. ) ;
#4859 = DIRECTION ( 'NONE',  ( -1.000000000000000000, 0.000000000000000000, 0.000000000000000000 ) ) ;
#4860 = LINE ( 'NONE', #1584, #4234 ) ;
#4861 = DIRECTION ( 'NONE',  ( 1.000000000000000000, 0.000000000000000000, 0.000000000000000000 ) ) ;
#4862 = LINE ( 'NONE', #5955, #5676 ) ;
#4863 = ORIENTED_EDGE ( 'NONE', *, *, #5909, .T. ) ;
#4864 = EDGE_CURVE ( 'NONE', #546, #178, #5482, .T. ) ;
#4865 = ORIENTED_EDGE ( 'NONE', *, *, #3536, .F. ) ;
#4866 = ORIENTED_EDGE ( 'NONE', *, *, #2498, .T. ) ;
#4867 = CARTESIAN_POINT ( 'NONE',  ( -16.50000000000001066, -7.500000000000016875, -0.4999999999999987232 ) ) ;
#4868 = LINE ( 'NONE', #76, #3938 ) ;
#4869 = DIRECTION ( 'NONE',  ( 1.000000000000000000, -0.000000000000000000, -0.000000000000000000 ) ) ;
#4870 = FACE_BOUND ( 'NONE', #5917, .T. ) ;
#4871 = EDGE_CURVE ( 'NONE', #102, #4551, #6175, .T. ) ;
#4872 = EDGE_CURVE ( 'NONE', #5742, #1899, #3519, .T. ) ;
#4873 = ORIENTED_EDGE ( 'NONE', *, *, #3850, .F. ) ;
#4874 = AXIS2_PLACEMENT_3D ( 'NONE', #1775, #2232, #1741 ) ;
#4875 = VERTEX_POINT ( 'NONE', #5651 ) ;
#4876 = VECTOR ( 'NONE', #1095, 1000.000000000000000 ) ;
#4877 = SURFACE_SIDE_STYLE ('',( #3386 ) ) ;
#4878 = DIRECTION ( 'NONE',  ( 0.000000000000000000, 0.000000000000000000, 1.000000000000000000 ) ) ;
#4879 = CARTESIAN_POINT ( 'NONE',  ( 81.00000000000001421, -18.50000000000000000, 3.500000000000003109 ) ) ;
#4880 = LINE ( 'NONE', #3212, #6725 ) ;
#4881 = EDGE_CURVE ( 'NONE', #711, #2121, #2483, .T. ) ;
#4882 = DIRECTION ( 'NONE',  ( -0.000000000000000000, -0.000000000000000000, -1.000000000000000000 ) ) ;
#4883 = DIRECTION ( 'NONE',  ( 0.000000000000000000, 0.000000000000000000, 1.000000000000000000 ) ) ;
#4884 = ORIENTED_EDGE ( 'NONE', *, *, #5084, .T. ) ;
#4885 = ORIENTED_EDGE ( 'NONE', *, *, #6513, .T. ) ;
#4886 = LINE ( 'NONE', #1720, #1913 ) ;
#4887 = LINE ( 'NONE', #515, #2682 ) ;
#4888 = CARTESIAN_POINT ( 'NONE',  ( 7.368174807915457869, -1.599999999999997424, 0.000000000000000000 ) ) ;
#4889 = CARTESIAN_POINT ( 'NONE',  ( 68.17381614751239738, -15.69040589228146132, 3.500000000000000000 ) ) ;
#4890 = VERTEX_POINT ( 'NONE', #402 ) ;
#4891 = VECTOR ( 'NONE', #5932, 1000.000000000000000 ) ;
#4892 = DIRECTION ( 'NONE',  ( -0.000000000000000000, -0.000000000000000000, 1.000000000000000000 ) ) ;
#4893 = FACE_OUTER_BOUND ( 'NONE', #232, .T. ) ;
#4894 = FACE_OUTER_BOUND ( 'NONE', #1838, .T. ) ;
#4895 = CARTESIAN_POINT ( 'NONE',  ( 2.000000000000000444, -0.5999999999999998668, 3.500000000000000000 ) ) ;
#4896 = ORIENTED_EDGE ( 'NONE', *, *, #1170, .F. ) ;
#4897 = VECTOR ( 'NONE', #4620, 1000.000000000000114 ) ;
#4898 = VERTEX_POINT ( 'NONE', #3006 ) ;
#4899 = ORIENTED_EDGE ( 'NONE', *, *, #4157, .F. ) ;
#4900 = ADVANCED_FACE ( 'NONE', ( #2549 ), #5126, .F. ) ;
#4901 = DIRECTION ( 'NONE',  ( -0.000000000000000000, 2.252887631138710800E-16, 1.000000000000000000 ) ) ;
#4902 = AXIS2_PLACEMENT_3D ( 'NONE', #3668, #3694, #5786 ) ;
#4903 = AXIS2_PLACEMENT_3D ( 'NONE', #6083, #2394, #6114 ) ;
#4904 = FACE_OUTER_BOUND ( 'NONE', #2759, .T. ) ;
#4905 = AXIS2_PLACEMENT_3D ( 'NONE', #2238, #5936, #1106 ) ;
#4906 = CARTESIAN_POINT ( 'NONE',  ( 68.40000000000000568, 0.000000000000000000, 3.500000000000000000 ) ) ;
#4907 = CARTESIAN_POINT ( 'NONE',  ( 93.50000000000001421, -2.399527641708707915, 0.000000000000000000 ) ) ;
#4908 = CIRCLE ( 'NONE', #2576, 1.000000000000000888 ) ;
#4909 = VERTEX_POINT ( 'NONE', #3652 ) ;
#4910 = ORIENTED_EDGE ( 'NONE', *, *, #6628, .T. ) ;
#4911 = CIRCLE ( 'NONE', #4027, 1.000000000000000888 ) ;
#4912 = EDGE_CURVE ( 'NONE', #1294, #6643, #2086, .T. ) ;
#4913 = DIRECTION ( 'NONE',  ( -1.000000000000000000, 0.000000000000000000, -0.000000000000000000 ) ) ;
#4914 = CARTESIAN_POINT ( 'NONE',  ( 81.00000000000001421, -11.29285714285714803, -0.5000000000000004441 ) ) ;
#4915 = CARTESIAN_POINT ( 'NONE',  ( 70.00000000000000000, 0.000000000000000000, 6.000000000000000000 ) ) ;
#4916 = DIRECTION ( 'NONE',  ( 0.000000000000000000, 0.000000000000000000, 1.000000000000000000 ) ) ;
#4917 = VECTOR ( 'NONE', #5065, 1000.000000000000114 ) ;
#4918 = CARTESIAN_POINT ( 'NONE',  ( 60.21528446506179222, -14.21731652335774676, 3.500000000000003109 ) ) ;
#4919 = CARTESIAN_POINT ( 'NONE',  ( 75.00850495080331370, -24.41427370777860517, 3.070464822700903706 ) ) ;
#4920 = EDGE_LOOP ( 'NONE', ( #5937, #5551, #4071, #5881, #1919, #5766 ) ) ;
#4921 = ORIENTED_EDGE ( 'NONE', *, *, #1109, .T. ) ;
#4922 = ORIENTED_EDGE ( 'NONE', *, *, #2485, .F. ) ;
#4923 = VECTOR ( 'NONE', #6665, 1000.000000000000000 ) ;
#4924 = EDGE_CURVE ( 'NONE', #5399, #6343, #1564, .T. ) ;
#4925 = ADVANCED_FACE ( 'NONE', ( #5783 ), #3283, .F. ) ;
#4926 = CARTESIAN_POINT ( 'NONE',  ( -12.50000000000000711, -26.50000000000000355, 0.5000000000000004441 ) ) ;
#4927 = DIRECTION ( 'NONE',  ( 0.000000000000000000, 0.000000000000000000, 1.000000000000000000 ) ) ;
#4928 = FACE_OUTER_BOUND ( 'NONE', #1906, .T. ) ;
#4929 = LINE ( 'NONE', #2914, #3786 ) ;
#4930 = ORIENTED_EDGE ( 'NONE', *, *, #351, .F. ) ;
#4931 = VECTOR ( 'NONE', #4761, 1000.000000000000000 ) ;
#4932 = AXIS2_PLACEMENT_3D ( 'NONE', #6308, #1555, #2613 ) ;
#4933 = DIRECTION ( 'NONE',  ( 0.000000000000000000, -0.000000000000000000, -1.000000000000000000 ) ) ;
#4934 = AXIS2_PLACEMENT_3D ( 'NONE', #1119, #5343, #4778 ) ;
#4935 = CARTESIAN_POINT ( 'NONE',  ( 27.63182519208454835, 1.400000000000000133, 3.500000000000000000 ) ) ;
#4936 = LINE ( 'NONE', #5598, #6744 ) ;
#4937 = CARTESIAN_POINT ( 'NONE',  ( 81.00000000000001421, -23.67534793979027441, -0.5000000000000004441 ) ) ;
#4938 = ORIENTED_EDGE ( 'NONE', *, *, #6923, .T. ) ;
#4939 = VERTEX_POINT ( 'NONE', #4216 ) ;
#4940 = ORIENTED_EDGE ( 'NONE', *, *, #1192, .F. ) ;
#4941 = LINE ( 'NONE', #679, #2360 ) ;
#4942 = EDGE_CURVE ( 'NONE', #5540, #2980, #1243, .T. ) ;
#4943 = DIRECTION ( 'NONE',  ( 0.000000000000000000, -1.000000000000000000, 0.000000000000000000 ) ) ;
#4944 = CARTESIAN_POINT ( 'NONE',  ( -22.50000000000000000, -24.00000000000001421, -9.718927473138723627 ) ) ;
#4945 = CARTESIAN_POINT ( 'NONE',  ( 78.68750000000001421, -10.50000000000000711, -0.5000000000000004441 ) ) ;
#4946 = ORIENTED_EDGE ( 'NONE', *, *, #5174, .T. ) ;
#4947 = ORIENTED_EDGE ( 'NONE', *, *, #4872, .F. ) ;
#4948 = CARTESIAN_POINT ( 'NONE',  ( 63.50000000000001421, -16.50000000000000355, -0.5000000000000000000 ) ) ;
#4949 = CARTESIAN_POINT ( 'NONE',  ( -1.683748498798798732, -18.25000000000000355, 3.500000000000003109 ) ) ;
#4950 = DIRECTION ( 'NONE',  ( 0.000000000000000000, -0.000000000000000000, 1.000000000000000000 ) ) ;
#4951 = DIRECTION ( 'NONE',  ( -0.000000000000000000, -0.000000000000000000, -1.000000000000000000 ) ) ;
#4952 = DIRECTION ( 'NONE',  ( 0.9808912264268110359, 0.1945569374730864720, 0.000000000000000000 ) ) ;
#4953 = CARTESIAN_POINT ( 'NONE',  ( 75.38663287409556801, -24.12508936796201908, 1.209426580183992295 ) ) ;
#4954 = EDGE_CURVE ( 'NONE', #5231, #65, #4292, .T. ) ;
#4955 = ORIENTED_EDGE ( 'NONE', *, *, #1966, .T. ) ;
#4956 = EDGE_CURVE ( 'NONE', #4939, #4203, #2928, .T. ) ;
#4957 = AXIS2_PLACEMENT_3D ( 'NONE', #2324, #1306, #1760 ) ;
#4958 = EDGE_LOOP ( 'NONE', ( #112, #3764, #5426, #2718 ) ) ;
#4959 = ORIENTED_EDGE ( 'NONE', *, *, #287, .F. ) ;
#4960 = CARTESIAN_POINT ( 'NONE',  ( 74.50000000000001421, 0.000000000000000000, 3.499999999999999556 ) ) ;
#4961 = CARTESIAN_POINT ( 'NONE',  ( 0.000000000000000000, -19.50000000000000000, 3.500000000000000000 ) ) ;
#4962 = FACE_OUTER_BOUND ( 'NONE', #4489, .T. ) ;
#4963 = DIRECTION ( 'NONE',  ( -0.000000000000000000, -0.000000000000000000, -1.000000000000000000 ) ) ;
#4964 = EDGE_LOOP ( 'NONE', ( #3679, #2891, #759, #5718, #2584 ) ) ;
#4965 = ADVANCED_FACE ( 'NONE', ( #5860 ), #6314, .T. ) ;
#4966 = ADVANCED_FACE ( 'NONE', ( #3691 ), #1102, .F. ) ;
#4967 = CARTESIAN_POINT ( 'NONE',  ( -25.50000000000000355, -1.599999999999994760, 4.000000000000000000 ) ) ;
#4968 = CARTESIAN_POINT ( 'NONE',  ( -11.50000000000000533, -12.50000000000000178, 15.49546024484603102 ) ) ;
#4969 = CARTESIAN_POINT ( 'NONE',  ( 0.4452982224756890095, -20.74286555176730573, 3.346498499600552012 ) ) ;
#4970 = EDGE_LOOP ( 'NONE', ( #2279, #185, #5604, #4930 ) ) ;
#4971 = ADVANCED_FACE ( 'NONE', ( #5408 ), #3245, .F. ) ;
#4972 = VERTEX_POINT ( 'NONE', #4189 ) ;
#4973 = EDGE_LOOP ( 'NONE', ( #6306, #6229, #724, #2735, #4922, #3373, #637, #6121 ) ) ;
#4974 = DIRECTION ( 'NONE',  ( -1.000000000000000000, 0.000000000000000000, -0.000000000000000000 ) ) ;
#4975 = LINE ( 'NONE', #283, #1155 ) ;
#4976 = DIRECTION ( 'NONE',  ( -1.000000000000000000, 0.000000000000000000, 0.000000000000000000 ) ) ;
#4977 = VERTEX_POINT ( 'NONE', #615 ) ;
#4978 = ORIENTED_EDGE ( 'NONE', *, *, #3912, .F. ) ;
#4979 = LINE ( 'NONE', #1417, #6570 ) ;
#4980 = CARTESIAN_POINT ( 'NONE',  ( 79.19607361829122283, -24.50000000000000000, -0.5000000000000004441 ) ) ;
#4981 = LINE ( 'NONE', #2378, #1891 ) ;
#4982 = DIRECTION ( 'NONE',  ( 0.000000000000000000, 0.000000000000000000, -1.000000000000000000 ) ) ;
#4983 = LINE ( 'NONE', #2276, #6908 ) ;
#4984 = CARTESIAN_POINT ( 'NONE',  ( 74.99473842805598167, -24.42025125019624454, 2.634848122985273378 ) ) ;
#4985 = VERTEX_POINT ( 'NONE', #4257 ) ;
#4986 = VERTEX_POINT ( 'NONE', #2761 ) ;
#4987 = ORIENTED_EDGE ( 'NONE', *, *, #5209, .F. ) ;
#4988 =( GEOMETRIC_REPRESENTATION_CONTEXT ( 3 ) GLOBAL_UNCERTAINTY_ASSIGNED_CONTEXT ( ( #1881 ) ) GLOBAL_UNIT_ASSIGNED_CONTEXT ( ( #3661, #83, #5441 ) ) REPRESENTATION_CONTEXT ( 'NONE', 'WORKASPACE' ) );
#4989 = EDGE_CURVE ( 'NONE', #3508, #3539, #1039, .T. ) ;
#4990 = CYLINDRICAL_SURFACE ( 'NONE', #3576, 1.000000000000000000 ) ;
#4991 = DIRECTION ( 'NONE',  ( 1.000000000000000000, -1.211399075402798040E-16, 0.000000000000000000 ) ) ;
#4992 = CARTESIAN_POINT ( 'NONE',  ( 0.4122776601683184050, -21.00364639817820844, 1.999999999999980904 ) ) ;
#4993 = DIRECTION ( 'NONE',  ( 0.000000000000000000, 0.000000000000000000, -1.000000000000000000 ) ) ;
#4994 = ORIENTED_EDGE ( 'NONE', *, *, #1651, .F. ) ;
#4995 = EDGE_CURVE ( 'NONE', #3617, #2490, #6454, .T. ) ;
#4996 = DIRECTION ( 'NONE',  ( 0.000000000000000000, 1.000000000000000000, 0.000000000000000000 ) ) ;
#4997 = CARTESIAN_POINT ( 'NONE',  ( -4.225534275865165057, -15.33333333333333393, 15.49546024484603102 ) ) ;
#4998 = CARTESIAN_POINT ( 'NONE',  ( 74.60333844267950099, -23.50000000000000000, 3.500000000000003109 ) ) ;
#4999 = EDGE_LOOP ( 'NONE', ( #2062, #3547, #5710, #4349 ) ) ;
#5000 = EDGE_LOOP ( 'NONE', ( #576, #4650 ) ) ;
#5001 = AXIS2_PLACEMENT_3D ( 'NONE', #3876, #1188, #6568 ) ;
#5002 = ADVANCED_FACE ( 'NONE', ( #6422 ), #3725, .F. ) ;
#5003 = FACE_OUTER_BOUND ( 'NONE', #3382, .T. ) ;
#5004 = EDGE_CURVE ( 'NONE', #6140, #3289, #1529, .T. ) ;
#5005 = LINE ( 'NONE', #5108, #6518 ) ;
#5006 = AXIS2_PLACEMENT_3D ( 'NONE', #6101, #2412, #4533 ) ;
#5007 = CARTESIAN_POINT ( 'NONE',  ( 86.31826857315519419, 1.500000000000005995, 3.000000000000000000 ) ) ;
#5008 = VECTOR ( 'NONE', #1166, 1000.000000000000114 ) ;
#5009 = EDGE_LOOP ( 'NONE', ( #494, #946, #5613, #989 ) ) ;
#5010 = EDGE_CURVE ( 'NONE', #5485, #1176, #1472, .T. ) ;
#5011 = VERTEX_POINT ( 'NONE', #2124 ) ;
#5012 = AXIS2_PLACEMENT_3D ( 'NONE', #4786, #5352, #2708 ) ;
#5013 = ORIENTED_EDGE ( 'NONE', *, *, #2222, .F. ) ;
#5014 = AXIS2_PLACEMENT_3D ( 'NONE', #4339, #3769, #3191 ) ;
#5015 = DIRECTION ( 'NONE',  ( -0.000000000000000000, -0.000000000000000000, -1.000000000000000000 ) ) ;
#5016 = DIRECTION ( 'NONE',  ( -0.000000000000000000, -0.000000000000000000, 1.000000000000000000 ) ) ;
#5017 = AXIS2_PLACEMENT_3D ( 'NONE', #771, #5036, #1798 ) ;
#5018 = CYLINDRICAL_SURFACE ( 'NONE', #4779, 1.999999999999998224 ) ;
#5019 = PLANE ( 'NONE',  #5 ) ;
#5020 = DIRECTION ( 'NONE',  ( 0.000000000000000000, 0.000000000000000000, -1.000000000000000000 ) ) ;
#5021 = VECTOR ( 'NONE', #5910, 1000.000000000000000 ) ;
#5022 = CARTESIAN_POINT ( 'NONE',  ( 75.55819455906369342, -23.18845958755029812, 0.9275272585364383593 ) ) ;
#5023 = ORIENTED_EDGE ( 'NONE', *, *, #2435, .T. ) ;
#5024 = AXIS2_PLACEMENT_3D ( 'NONE', #2642, #4837, #1137 ) ;
#5025 = ORIENTED_EDGE ( 'NONE', *, *, #3064, .T. ) ;
#5026 = EDGE_CURVE ( 'NONE', #5042, #6205, #5813, .T. ) ;
#5027 = AXIS2_PLACEMENT_3D ( 'NONE', #410, #4714, #938 ) ;
#5028 = CARTESIAN_POINT ( 'NONE',  ( 32.25000000000000711, -11.71782813964461845, 3.500000000000000000 ) ) ;
#5029 = CARTESIAN_POINT ( 'NONE',  ( -4.500000000000000000, -1.599999999999995870, -89.54697091471047088 ) ) ;
#5030 = DIRECTION ( 'NONE',  ( -0.000000000000000000, 1.000000000000000000, -0.000000000000000000 ) ) ;
#5031 = DIRECTION ( 'NONE',  ( -1.000000000000000000, 0.000000000000000000, 0.000000000000000000 ) ) ;
#5032 = ORIENTED_EDGE ( 'NONE', *, *, #1497, .T. ) ;
#5033 = VECTOR ( 'NONE', #3078, 1000.000000000000000 ) ;
#5034 = ADVANCED_FACE ( 'NONE', ( #2619 ), #3945, .F. ) ;
#5035 = CYLINDRICAL_SURFACE ( 'NONE', #1674, 1.000000000000000888 ) ;
#5036 = DIRECTION ( 'NONE',  ( 0.000000000000000000, 0.000000000000000000, 1.000000000000000000 ) ) ;
#5037 = VECTOR ( 'NONE', #580, 1000.000000000000000 ) ;
#5038 = FACE_OUTER_BOUND ( 'NONE', #3833, .T. ) ;
#5039 = ORIENTED_EDGE ( 'NONE', *, *, #4165, .F. ) ;
#5040 = EDGE_CURVE ( 'NONE', #5286, #5971, #6898, .T. ) ;
#5041 = EDGE_CURVE ( 'NONE', #1400, #4233, #1697, .T. ) ;
#5042 = VERTEX_POINT ( 'NONE', #5479 ) ;
#5043 = CIRCLE ( 'NONE', #1370, 2.049999999999999822 ) ;
#5044 = ORIENTED_EDGE ( 'NONE', *, *, #5217, .F. ) ;
#5045 = VECTOR ( 'NONE', #4286, 1000.000000000000000 ) ;
#5046 = CARTESIAN_POINT ( 'NONE',  ( 0.4122776601683184050, -23.50000000000000000, 3.500000000000000000 ) ) ;
#5047 = CARTESIAN_POINT ( 'NONE',  ( 0.5000055650041019817, -23.90958469767492289, 2.906104123970221664 ) ) ;
#5048 = CARTESIAN_POINT ( 'NONE',  ( 34.25000000000000711, -11.71782813964461845, -0.5000000000000004441 ) ) ;
#5049 = AXIS2_PLACEMENT_3D ( 'NONE', #2446, #858, #5164 ) ;
#5050 = ORIENTED_EDGE ( 'NONE', *, *, #2371, .T. ) ;
#5051 = ADVANCED_FACE ( 'NONE', ( #752 ), #5514, .F. ) ;
#5052 = EDGE_CURVE ( 'NONE', #4298, #4852, #6034, .T. ) ;
#5053 = ORIENTED_EDGE ( 'NONE', *, *, #3631, .T. ) ;
#5054 = CARTESIAN_POINT ( 'NONE',  ( -0.6660605559646740614, -18.10000000000000142, 91.99722379239923953 ) ) ;
#5055 = LINE ( 'NONE', #4366, #3480 ) ;
#5056 = B_SPLINE_CURVE_WITH_KNOTS ( 'NONE', 3,
 ( #6688, #3967, #1908, #2990, #218, #4039, #5047, #6162, #1313, #5537, #2332, #6590, #1808, #1384, #2367, #1282 ),
 .UNSPECIFIED., .F., .F.,
 ( 4, 2, 2, 2, 2, 2, 2, 4 ),
 ( 0.000000000000000000, 0.0002350213895223137893, 0.0004700427790446275785, 0.0009400855580892551570, 0.001175106947611569055, 0.001410128337133882736, 0.001645149726656196416, 0.001880171116178510314 ),
 .UNSPECIFIED. ) ;
#5057 = EDGE_CURVE ( 'NONE', #1619, #5361, #5487, .T. ) ;
#5058 = CARTESIAN_POINT ( 'NONE',  ( 30.01183826499917018, -21.71757273468296745, 2.437234858002981230 ) ) ;
#5059 = DIRECTION ( 'NONE',  ( -1.000000000000000000, 0.000000000000000000, 0.000000000000000000 ) ) ;
#5060 = CYLINDRICAL_SURFACE ( 'NONE', #3233, 1.000000000000000888 ) ;
#5061 = CIRCLE ( 'NONE', #475, 4.000000000000003553 ) ;
#5062 = ORIENTED_EDGE ( 'NONE', *, *, #590, .F. ) ;
#5063 = EDGE_CURVE ( 'NONE', #738, #3136, #3415, .T. ) ;
#5064 = EDGE_LOOP ( 'NONE', ( #5799, #6797, #4389, #5439, #3699, #3823 ) ) ;
#5065 = DIRECTION ( 'NONE',  ( 0.9808912264268110359, 0.1945569374730864720, -0.000000000000000000 ) ) ;
#5066 = FACE_OUTER_BOUND ( 'NONE', #6549, .T. ) ;
#5067 = DIRECTION ( 'NONE',  ( 0.000000000000000000, 0.000000000000000000, 1.000000000000000000 ) ) ;
#5068 = LINE ( 'NONE', #1334, #775 ) ;
#5069 = VERTEX_POINT ( 'NONE', #1777 ) ;
#5070 = DIRECTION ( 'NONE',  ( -0.000000000000000000, -0.000000000000000000, -1.000000000000000000 ) ) ;
#5071 = CARTESIAN_POINT ( 'NONE',  ( -3.413301413797751760, -14.75000000000000178, 15.49546024484603102 ) ) ;
#5072 = CARTESIAN_POINT ( 'NONE',  ( -39.37265766372466658, -1.599999999999994760, 6.000000000000000000 ) ) ;
#5073 = CARTESIAN_POINT ( 'NONE',  ( -26.00000000000001421, -21.49999999999999645, -4.964194138592089800 ) ) ;
#5074 = ORIENTED_EDGE ( 'NONE', *, *, #340, .F. ) ;
#5075 = ORIENTED_EDGE ( 'NONE', *, *, #6596, .F. ) ;
#5076 = VERTEX_POINT ( 'NONE', #3904 ) ;
#5077 = CARTESIAN_POINT ( 'NONE',  ( 77.45000000000001705, 0.4999999999999970024, 0.000000000000000000 ) ) ;
#5078 = LINE ( 'NONE', #6658, #5510 ) ;
#5079 = EDGE_CURVE ( 'NONE', #6429, #975, #4401, .T. ) ;
#5080 = LINE ( 'NONE', #2963, #2091 ) ;
#5081 = ORIENTED_EDGE ( 'NONE', *, *, #1705, .F. ) ;
#5082 = ORIENTED_EDGE ( 'NONE', *, *, #5557, .T. ) ;
#5083 = DIRECTION ( 'NONE',  ( -0.000000000000000000, -1.000000000000000000, -0.000000000000000000 ) ) ;
#5084 = EDGE_CURVE ( 'NONE', #5744, #1717, #5579, .T. ) ;
#5085 = DIRECTION ( 'NONE',  ( -1.000000000000000000, 1.797640907747984631E-16, -0.000000000000000000 ) ) ;
#5086 = CARTESIAN_POINT ( 'NONE',  ( 48.57143374141650582, -11.50000000000000711, -0.5000000000000004441 ) ) ;
#5087 = DIRECTION ( 'NONE',  ( -0.000000000000000000, -0.000000000000000000, -1.000000000000000000 ) ) ;
#5088 = VERTEX_POINT ( 'NONE', #1179 ) ;
#5089 = ORIENTED_EDGE ( 'NONE', *, *, #811, .F. ) ;
#5090 = EDGE_CURVE ( 'NONE', #2171, #920, #5055, .T. ) ;
#5091 = CYLINDRICAL_SURFACE ( 'NONE', #5255, 1.000000000000000888 ) ;
#5092 = CARTESIAN_POINT ( 'NONE',  ( 35.00000000000000000, 0.000000000000000000, 6.000000000000000000 ) ) ;
#5093 = CARTESIAN_POINT ( 'NONE',  ( 74.99997348038401412, -19.83461787068158699, 2.894002137439219968 ) ) ;
#5094 = CARTESIAN_POINT ( 'NONE',  ( -4.499999999999996447, -26.50000000000000000, 3.000000000000000000 ) ) ;
#5095 = ORIENTED_EDGE ( 'NONE', *, *, #4238, .T. ) ;
#5096 = VERTEX_POINT ( 'NONE', #6068 ) ;
#5097 = VECTOR ( 'NONE', #4654, 1000.000000000000000 ) ;
#5098 = CARTESIAN_POINT ( 'NONE',  ( 37.66795060797473127, -22.29723704804914064, -0.5000000000000004441 ) ) ;
#5099 = DIRECTION ( 'NONE',  ( 0.000000000000000000, 0.000000000000000000, 1.000000000000000000 ) ) ;
#5100 = EDGE_CURVE ( 'NONE', #5011, #5664, #3315, .T. ) ;
#5101 = PLANE ( 'NONE',  #143 ) ;
#5102 = DIRECTION ( 'NONE',  ( -0.000000000000000000, 0.000000000000000000, 1.000000000000000000 ) ) ;
#5103 = CYLINDRICAL_SURFACE ( 'NONE', #2795, 1.000000000000000888 ) ;
#5104 = ORIENTED_EDGE ( 'NONE', *, *, #2971, .F. ) ;
#5105 = VERTEX_POINT ( 'NONE', #3865 ) ;
#5106 = VERTEX_POINT ( 'NONE', #6529 ) ;
#5107 = CARTESIAN_POINT ( 'NONE',  ( -3.849999999999992539, -10.50000000000000711, 3.500000000000003109 ) ) ;
#5108 = CARTESIAN_POINT ( 'NONE',  ( -29.00000000000000000, -7.000000000000004441, 4.000000000000000888 ) ) ;
#5109 = LINE ( 'NONE', #6659, #6893 ) ;
#5110 = VERTEX_POINT ( 'NONE', #6559 ) ;
#5111 = CIRCLE ( 'NONE', #3443, 1.600000000000004086 ) ;
#5112 = VERTEX_POINT ( 'NONE', #1258 ) ;
#5113 = EDGE_CURVE ( 'NONE', #2326, #1855, #718, .T. ) ;
#5114 = AXIS2_PLACEMENT_3D ( 'NONE', #4685, #6300, #388 ) ;
#5115 = CARTESIAN_POINT ( 'NONE',  ( -2.849999999999992095, -18.50000000000000000, -0.5000000000000000000 ) ) ;
#5116 = AXIS2_PLACEMENT_3D ( 'NONE', #4241, #5809, #3572 ) ;
#5117 = CARTESIAN_POINT ( 'NONE',  ( 3.000000000000002665, -16.50000000000001066, -0.5000000000000000000 ) ) ;
#5118 = DIRECTION ( 'NONE',  ( -1.000000000000000000, 0.000000000000000000, 0.000000000000000000 ) ) ;
#5119 = PLANE ( 'NONE',  #2453 ) ;
#5120 = ORIENTED_EDGE ( 'NONE', *, *, #3298, .F. ) ;
#5121 = ORIENTED_EDGE ( 'NONE', *, *, #6104, .F. ) ;
#5122 = AXIS2_PLACEMENT_3D ( 'NONE', #5560, #6544, #3466 ) ;
#5123 = AXIS2_PLACEMENT_3D ( 'NONE', #2956, #2396, #3498 ) ;
#5124 = EDGE_CURVE ( 'NONE', #1059, #311, #6600, .T. ) ;
#5125 = CIRCLE ( 'NONE', #5233, 2.000000000000001776 ) ;
#5126 = PLANE ( 'NONE',  #2025 ) ;
#5127 = VECTOR ( 'NONE', #3849, 1000.000000000000000 ) ;
#5128 = CARTESIAN_POINT ( 'NONE',  ( 89.00000000000001421, 1.000000000000001332, 0.000000000000000000 ) ) ;
#5129 = CARTESIAN_POINT ( 'NONE',  ( 67.68732966102589899, -14.27148697336255800, -0.5000000000000004441 ) ) ;
#5130 = CIRCLE ( 'NONE', #2241, 1.000000000000000000 ) ;
#5131 = DIRECTION ( 'NONE',  ( 0.000000000000000000, 0.000000000000000000, -1.000000000000000000 ) ) ;
#5132 = VERTEX_POINT ( 'NONE', #1358 ) ;
#5133 = ORIENTED_EDGE ( 'NONE', *, *, #5382, .T. ) ;
#5134 = EDGE_CURVE ( 'NONE', #1512, #3855, #6274, .T. ) ;
#5135 = EDGE_CURVE ( 'NONE', #1704, #4692, #6610, .T. ) ;
#5136 = VECTOR ( 'NONE', #5340, 1000.000000000000000 ) ;
#5137 = DIRECTION ( 'NONE',  ( -1.000000000000000000, 0.000000000000000000, 0.000000000000000000 ) ) ;
#5138 = DIRECTION ( 'NONE',  ( -0.000000000000000000, -0.000000000000000000, -1.000000000000000000 ) ) ;
#5139 = DIRECTION ( 'NONE',  ( 0.000000000000000000, -1.000000000000000000, 0.000000000000000000 ) ) ;
#5140 = CARTESIAN_POINT ( 'NONE',  ( -0.7112576415576521427, -12.25223645768012837, 3.500000000000000000 ) ) ;
#5141 = DIRECTION ( 'NONE',  ( -0.000000000000000000, -0.000000000000000000, -1.000000000000000000 ) ) ;
#5142 = EDGE_LOOP ( 'NONE', ( #4535, #1415, #1091, #6850, #279 ) ) ;
#5143 = VECTOR ( 'NONE', #4327, 1000.000000000000000 ) ;
#5144 = EDGE_CURVE ( 'NONE', #1928, #1937, #6, .T. ) ;
#5145 = ORIENTED_EDGE ( 'NONE', *, *, #4722, .F. ) ;
#5146 = VECTOR ( 'NONE', #4185, 1000.000000000000000 ) ;
#5147 = CIRCLE ( 'NONE', #2140, 2.050000000000000266 ) ;
#5148 = PLANE ( 'NONE',  #2111 ) ;
#5149 = DIRECTION ( 'NONE',  ( 0.000000000000000000, 0.000000000000000000, 1.000000000000000000 ) ) ;
#5150 = LINE ( 'NONE', #357, #852 ) ;
#5151 = ORIENTED_EDGE ( 'NONE', *, *, #5469, .T. ) ;
#5152 = AXIS2_PLACEMENT_3D ( 'NONE', #2559, #3057, #3629 ) ;
#5153 = ADVANCED_FACE ( 'NONE', ( #4531 ), #923, .T. ) ;
#5154 = ORIENTED_EDGE ( 'NONE', *, *, #4864, .F. ) ;
#5155 = DIRECTION ( 'NONE',  ( 0.000000000000000000, -1.000000000000000000, -0.000000000000000000 ) ) ;
#5156 = DIRECTION ( 'NONE',  ( -1.000000000000000000, 0.000000000000000000, 0.000000000000000000 ) ) ;
#5157 = CARTESIAN_POINT ( 'NONE',  ( 31.05544306252691911, -11.95476505286242030, 3.500000000000000000 ) ) ;
#5158 = CARTESIAN_POINT ( 'NONE',  ( -15.49999999999999822, -4.500000000000006217, 0.000000000000000000 ) ) ;
#5159 = VERTEX_POINT ( 'NONE', #5715 ) ;
#5160 = ORIENTED_EDGE ( 'NONE', *, *, #3595, .T. ) ;
#5161 = AXIS2_PLACEMENT_3D ( 'NONE', #1949, #291, #4699 ) ;
#5162 = CARTESIAN_POINT ( 'NONE',  ( 85.00000000000001421, -4.500000000000006217, 0.000000000000000000 ) ) ;
#5163 = CARTESIAN_POINT ( 'NONE',  ( 72.68750000000001421, -10.50000000000000711, 3.500000000000003109 ) ) ;
#5164 = DIRECTION ( 'NONE',  ( -1.000000000000000000, 0.000000000000000000, 0.000000000000000000 ) ) ;
#5165 = EDGE_CURVE ( 'NONE', #2864, #2414, #125, .T. ) ;
#5166 = DIRECTION ( 'NONE',  ( 1.000000000000000000, 0.000000000000000000, 0.000000000000000000 ) ) ;
#5167 = ORIENTED_EDGE ( 'NONE', *, *, #3173, .T. ) ;
#5168 = ORIENTED_EDGE ( 'NONE', *, *, #2879, .F. ) ;
#5169 = CARTESIAN_POINT ( 'NONE',  ( 79.67567567567569142, -11.74691119691119923, -0.5000000000000004441 ) ) ;
#5170 = DIRECTION ( 'NONE',  ( 0.000000000000000000, -1.000000000000000000, 0.000000000000000000 ) ) ;
#5171 = FACE_OUTER_BOUND ( 'NONE', #2510, .T. ) ;
#5172 = LINE ( 'NONE', #4615, #4048 ) ;
#5173 = EDGE_CURVE ( 'NONE', #2343, #361, #2475, .T. ) ;
#5174 = EDGE_CURVE ( 'NONE', #6086, #5112, #6828, .T. ) ;
#5175 = CARTESIAN_POINT ( 'NONE',  ( 79.19607361829122283, -24.50000000000000000, -55.82353258373179727 ) ) ;
#5176 = ORIENTED_EDGE ( 'NONE', *, *, #5135, .T. ) ;
#5177 = VERTEX_POINT ( 'NONE', #4079 ) ;
#5178 = ORIENTED_EDGE ( 'NONE', *, *, #1331, .F. ) ;
#5179 = VERTEX_POINT ( 'NONE', #363 ) ;
#5180 = LINE ( 'NONE', #4136, #990 ) ;
#5181 = CARTESIAN_POINT ( 'NONE',  ( -13.93795006481866494, -7.500000000000016875, -0.4999999999999987232 ) ) ;
#5182 = ADVANCED_FACE ( 'NONE', ( #1948 ), #3484, .T. ) ;
#5183 = CARTESIAN_POINT ( 'NONE',  ( 44.85374360817894512, -23.50000000000000000, 3.500000000000003109 ) ) ;
#5184 = CARTESIAN_POINT ( 'NONE',  ( 67.36300533670159041, -13.32554102741661239, -0.5000000000000004441 ) ) ;
#5185 = VERTEX_POINT ( 'NONE', #6200 ) ;
#5186 = VERTEX_POINT ( 'NONE', #2513 ) ;
#5187 = ORIENTED_EDGE ( 'NONE', *, *, #3195, .T. ) ;
#5188 = DIRECTION ( 'NONE',  ( 0.000000000000000000, 0.000000000000000000, 1.000000000000000000 ) ) ;
#5189 = DIRECTION ( 'NONE',  ( -0.000000000000000000, -0.000000000000000000, -1.000000000000000000 ) ) ;
#5190 = CARTESIAN_POINT ( 'NONE',  ( 1.600000000000000089, 1.959434878635765230E-16, 1.000000000000000000 ) ) ;
#5191 = DIRECTION ( 'NONE',  ( -0.000000000000000000, -0.000000000000000000, -1.000000000000000000 ) ) ;
#5192 = ORIENTED_EDGE ( 'NONE', *, *, #2361, .F. ) ;
#5193 = VERTEX_POINT ( 'NONE', #3614 ) ;
#5194 = CARTESIAN_POINT ( 'NONE',  ( 32.25000000000000711, -12.93565627928923156, 3.500000000000000000 ) ) ;
#5195 = CARTESIAN_POINT ( 'NONE',  ( 11.61993786033147735, -17.74527366776648307, 3.499999999999989342 ) ) ;
#5196 = DIRECTION ( 'NONE',  ( -1.927470528863119295E-16, -1.000000000000000000, 0.000000000000000000 ) ) ;
#5197 = CARTESIAN_POINT ( 'NONE',  ( 6.114882014779136732, -3.440377792556333691, 3.500000000000000000 ) ) ;
#5198 = ORIENTED_EDGE ( 'NONE', *, *, #6397, .T. ) ;
#5199 = ORIENTED_EDGE ( 'NONE', *, *, #495, .F. ) ;
#5200 = EDGE_CURVE ( 'NONE', #5224, #4890, #4629, .T. ) ;
#5201 = DIRECTION ( 'NONE',  ( -1.000000000000000000, 0.000000000000000000, 0.000000000000000000 ) ) ;
#5202 = FACE_OUTER_BOUND ( 'NONE', #612, .T. ) ;
#5203 = DIRECTION ( 'NONE',  ( 0.000000000000000000, 0.000000000000000000, 1.000000000000000000 ) ) ;
#5204 = CARTESIAN_POINT ( 'NONE',  ( 74.15384615384616041, 1.730769230769232614, 6.000000000000000000 ) ) ;
#5205 = DIRECTION ( 'NONE',  ( -0.7522364576801210401, 0.6588932476030269214, 0.000000000000000000 ) ) ;
#5206 = ORIENTED_EDGE ( 'NONE', *, *, #1643, .T. ) ;
#5207 = AXIS2_PLACEMENT_3D ( 'NONE', #5007, #118, #4976 ) ;
#5208 = ORIENTED_EDGE ( 'NONE', *, *, #1580, .F. ) ;
#5209 = EDGE_CURVE ( 'NONE', #1401, #3789, #4008, .T. ) ;
#5210 = FACE_OUTER_BOUND ( 'NONE', #2243, .T. ) ;
#5211 = DIRECTION ( 'NONE',  ( 1.000000000000000000, 0.000000000000000000, 0.000000000000000000 ) ) ;
#5212 = CARTESIAN_POINT ( 'NONE',  ( 29.99999443499577367, -21.74005841183096877, 2.593895876029774783 ) ) ;
#5213 = PLANE ( 'NONE',  #3874 ) ;
#5214 = ORIENTED_EDGE ( 'NONE', *, *, #5451, .T. ) ;
#5215 = ORIENTED_EDGE ( 'NONE', *, *, #3335, .T. ) ;
#5216 = ADVANCED_FACE ( 'NONE', ( #290 ), #2968, .T. ) ;
#5217 = EDGE_CURVE ( 'NONE', #34, #1480, #2262, .T. ) ;
#5218 = VERTEX_POINT ( 'NONE', #3106 ) ;
#5219 = DIRECTION ( 'NONE',  ( 1.000000000000000000, 0.000000000000000000, 0.000000000000000000 ) ) ;
#5220 = CARTESIAN_POINT ( 'NONE',  ( -11.50000000000000355, -10.50000000000000711, 0.5000000000000004441 ) ) ;
#5221 = DIRECTION ( 'NONE',  ( -0.000000000000000000, -0.000000000000000000, -1.000000000000000000 ) ) ;
#5222 = AXIS2_PLACEMENT_3D ( 'NONE', #4190, #505, #4706 ) ;
#5223 = ORIENTED_EDGE ( 'NONE', *, *, #5134, .F. ) ;
#5224 = VERTEX_POINT ( 'NONE', #1391 ) ;
#5225 = EDGE_CURVE ( 'NONE', #179, #6693, #6698, .T. ) ;
#5226 = VECTOR ( 'NONE', #1761, 1000.000000000000114 ) ;
#5227 = CARTESIAN_POINT ( 'NONE',  ( 78.24999999999992895, -21.50000000000000000, 2.750000000000000000 ) ) ;
#5228 = CARTESIAN_POINT ( 'NONE',  ( 11.61993786033147913, -17.74527366776648307, 3.500000000000000000 ) ) ;
#5229 = DIRECTION ( 'NONE',  ( -0.000000000000000000, -0.000000000000000000, 1.000000000000000000 ) ) ;
#5230 = CARTESIAN_POINT ( 'NONE',  ( 0.5233821850937468989, -20.54553633019022740, -0.5000000000000004441 ) ) ;
#5231 = VERTEX_POINT ( 'NONE', #848 ) ;
#5232 = VECTOR ( 'NONE', #4857, 1000.000000000000000 ) ;
#5233 = AXIS2_PLACEMENT_3D ( 'NONE', #4228, #624, #5385 ) ;
#5234 = ORIENTED_EDGE ( 'NONE', *, *, #3682, .F. ) ;
#5235 = EDGE_CURVE ( 'NONE', #3461, #3887, #6133, .T. ) ;
#5236 = AXIS2_PLACEMENT_3D ( 'NONE', #3495, #5696, #4063 ) ;
#5237 = AXIS2_PLACEMENT_3D ( 'NONE', #4371, #6427, #5831 ) ;
#5238 = CARTESIAN_POINT ( 'NONE',  ( 77.45000000000001705, 0.4999999999999970024, 6.001000000000000334 ) ) ;
#5239 = CARTESIAN_POINT ( 'NONE',  ( 27.00099999999999767, -73.50100000000001899, 4.000000000000000888 ) ) ;
#5240 = CARTESIAN_POINT ( 'NONE',  ( 35.49999999999993605, -20.50000000000000000, 3.500000000000000000 ) ) ;
#5241 = LINE ( 'NONE', #4129, #5939 ) ;
#5242 = DIRECTION ( 'NONE',  ( 0.4157597602677939319, 0.9094744755858003016, 0.000000000000000000 ) ) ;
#5243 = AXIS2_PLACEMENT_3D ( 'NONE', #4968, #1374, #3369 ) ;
#5244 = ORIENTED_EDGE ( 'NONE', *, *, #6452, .F. ) ;
#5245 = DIRECTION ( 'NONE',  ( 0.000000000000000000, 0.000000000000000000, -1.000000000000000000 ) ) ;
#5246 = FACE_OUTER_BOUND ( 'NONE', #1310, .T. ) ;
#5247 = CARTESIAN_POINT ( 'NONE',  ( 7.174593208866281380, -18.63840397036846497, -55.82353258373179727 ) ) ;
#5248 = VECTOR ( 'NONE', #6822, 1000.000000000000000 ) ;
#5249 = FACE_OUTER_BOUND ( 'NONE', #3978, .T. ) ;
#5250 = EDGE_CURVE ( 'NONE', #4658, #4972, #900, .T. ) ;
#5251 = CYLINDRICAL_SURFACE ( 'NONE', #186, 1.600000000000004086 ) ;
#5252 = EDGE_CURVE ( 'NONE', #2343, #1065, #6376, .T. ) ;
#5253 = ORIENTED_EDGE ( 'NONE', *, *, #2573, .F. ) ;
#5254 = ORIENTED_EDGE ( 'NONE', *, *, #3881, .F. ) ;
#5255 = AXIS2_PLACEMENT_3D ( 'NONE', #6206, #5723, #4055 ) ;
#5256 = ORIENTED_EDGE ( 'NONE', *, *, #378, .F. ) ;
#5257 = CARTESIAN_POINT ( 'NONE',  ( 39.42090488474928378, 0.8400000000000009681, 3.499999999999999556 ) ) ;
#5258 = DIRECTION ( 'NONE',  ( -0.7522364576801210401, 0.6588932476030266994, -0.000000000000000000 ) ) ;
#5259 = CARTESIAN_POINT ( 'NONE',  ( 21.90192933962750743, -22.53323666610696563, 3.500000000000003109 ) ) ;
#5260 = AXIS2_PLACEMENT_3D ( 'NONE', #4561, #259, #5645 ) ;
#5261 = EDGE_CURVE ( 'NONE', #1628, #1257, #5635, .T. ) ;
#5262 = EDGE_CURVE ( 'NONE', #1317, #5399, #5367, .T. ) ;
#5263 = VERTEX_POINT ( 'NONE', #2681 ) ;
#5264 = ORIENTED_EDGE ( 'NONE', *, *, #2936, .F. ) ;
#5265 = CIRCLE ( 'NONE', #5605, 2.049999999999999822 ) ;
#5266 = DIRECTION ( 'NONE',  ( 1.000000000000000000, 1.734723475976807094E-15, 0.000000000000000000 ) ) ;
#5267 = DIRECTION ( 'NONE',  ( 1.000000000000000000, 0.000000000000000000, 0.000000000000000000 ) ) ;
#5268 = DIRECTION ( 'NONE',  ( -1.000000000000000000, 1.927470528863119295E-16, 0.000000000000000000 ) ) ;
#5269 = EDGE_CURVE ( 'NONE', #376, #595, #6714, .T. ) ;
#5270 = CARTESIAN_POINT ( 'NONE',  ( -15.50000000000000000, -1.599999999999997424, 0.000000000000000000 ) ) ;
#5271 = CARTESIAN_POINT ( 'NONE',  ( 93.50200000000000955, -7.000000000000004441, 4.000000000000000888 ) ) ;
#5272 = ORIENTED_EDGE ( 'NONE', *, *, #6038, .F. ) ;
#5273 = VECTOR ( 'NONE', #168, 1000.000000000000000 ) ;
#5274 = ORIENTED_EDGE ( 'NONE', *, *, #4156, .T. ) ;
#5275 = CARTESIAN_POINT ( 'NONE',  ( 81.00000000000001421, -10.50000000000000711, 91.99722379239923953 ) ) ;
#5276 = DIRECTION ( 'NONE',  ( 0.000000000000000000, -1.000000000000000000, 0.000000000000000000 ) ) ;
#5277 = LINE ( 'NONE', #483, #4284 ) ;
#5278 = CARTESIAN_POINT ( 'NONE',  ( 80.00000000000001421, -18.50000000000000000, 2.750000000000000000 ) ) ;
#5279 = DIRECTION ( 'NONE',  ( 0.000000000000000000, -0.000000000000000000, -1.000000000000000000 ) ) ;
#5280 = VERTEX_POINT ( 'NONE', #6448 ) ;
#5281 = VECTOR ( 'NONE', #6222, 1000.000000000000000 ) ;
#5282 = ORIENTED_EDGE ( 'NONE', *, *, #5811, .F. ) ;
#5283 = CARTESIAN_POINT ( 'NONE',  ( -7.349999999999995204, -26.50000000000000355, -0.5000000000000000000 ) ) ;
#5284 = PLANE ( 'NONE',  #5950 ) ;
#5285 = CARTESIAN_POINT ( 'NONE',  ( -13.50000000000000533, -14.50000000000000178, 15.49546024484603102 ) ) ;
#5286 = VERTEX_POINT ( 'NONE', #2723 ) ;
#5287 = ORIENTED_EDGE ( 'NONE', *, *, #1202, .T. ) ;
#5288 = EDGE_CURVE ( 'NONE', #3099, #4673, #1063, .T. ) ;
#5289 = FACE_OUTER_BOUND ( 'NONE', #4453, .T. ) ;
#5290 = PLANE ( 'NONE',  #354 ) ;
#5291 = CARTESIAN_POINT ( 'NONE',  ( -22.50000000000000000, -7.000000000000004441, 2.000000000000000000 ) ) ;
#5292 = FACE_BOUND ( 'NONE', #4782, .T. ) ;
#5293 = ORIENTED_EDGE ( 'NONE', *, *, #4750, .T. ) ;
#5294 = VERTEX_POINT ( 'NONE', #11 ) ;
#5295 = EDGE_CURVE ( 'NONE', #3260, #3013, #6870, .T. ) ;
#5296 = DIRECTION ( 'NONE',  ( 0.000000000000000000, 0.000000000000000000, -1.000000000000000000 ) ) ;
#5297 = DIRECTION ( 'NONE',  ( -1.000000000000000000, -0.000000000000000000, -0.000000000000000000 ) ) ;
#5298 = DIRECTION ( 'NONE',  ( -0.000000000000000000, -0.000000000000000000, 1.000000000000000000 ) ) ;
#5299 = FACE_OUTER_BOUND ( 'NONE', #6203, .T. ) ;
#5300 = CYLINDRICAL_SURFACE ( 'NONE', #2246, 2.049999999999993161 ) ;
#5301 = VERTEX_POINT ( 'NONE', #5220 ) ;
#5302 = VERTEX_POINT ( 'NONE', #4839 ) ;
#5303 = EDGE_LOOP ( 'NONE', ( #2268, #5053, #1559, #5897 ) ) ;
#5304 = EDGE_CURVE ( 'NONE', #3575, #4618, #993, .T. ) ;
#5305 = DIRECTION ( 'NONE',  ( -1.000000000000000000, 0.000000000000000000, 0.000000000000000000 ) ) ;
#5306 = FACE_OUTER_BOUND ( 'NONE', #1167, .T. ) ;
#5307 = DIRECTION ( 'NONE',  ( -0.000000000000000000, -0.000000000000000000, -1.000000000000000000 ) ) ;
#5308 = FACE_OUTER_BOUND ( 'NONE', #513, .T. ) ;
#5309 = VERTEX_POINT ( 'NONE', #6903 ) ;
#5310 = ORIENTED_EDGE ( 'NONE', *, *, #182, .T. ) ;
#5311 = CARTESIAN_POINT ( 'NONE',  ( -21.50000000000000000, -1.599999999999994760, 6.000000000000000000 ) ) ;
#5312 = FACE_OUTER_BOUND ( 'NONE', #5898, .T. ) ;
#5313 = LINE ( 'NONE', #109, #3121 ) ;
#5314 = SHAPE_DEFINITION_REPRESENTATION ( #6227, #4854 ) ;
#5315 = LINE ( 'NONE', #6701, #537 ) ;
#5316 = VERTEX_POINT ( 'NONE', #4800 ) ;
#5317 = ORIENTED_EDGE ( 'NONE', *, *, #503, .F. ) ;
#5318 = VERTEX_POINT ( 'NONE', #2614 ) ;
#5319 = AXIS2_PLACEMENT_3D ( 'NONE', #4791, #4311, #5916 ) ;
#5320 = CARTESIAN_POINT ( 'NONE',  ( 6.488585344085265660, -18.45698040282307062, -0.5000000000000004441 ) ) ;
#5321 = DIRECTION ( 'NONE',  ( -0.000000000000000000, -0.000000000000000000, -1.000000000000000000 ) ) ;
#5322 = CARTESIAN_POINT ( 'NONE',  ( -10.49999999999999822, -1.599999999999995648, -4.000000000000000000 ) ) ;
#5323 = FACE_BOUND ( 'NONE', #1186, .T. ) ;
#5324 = EDGE_CURVE ( 'NONE', #3862, #6297, #5147, .T. ) ;
#5325 = ORIENTED_EDGE ( 'NONE', *, *, #425, .T. ) ;
#5326 = ADVANCED_FACE ( 'NONE', ( #1660 ), #6382, .T. ) ;
#5327 = ORIENTED_EDGE ( 'NONE', *, *, #1723, .T. ) ;
#5328 = CARTESIAN_POINT ( 'NONE',  ( 0.000000000000000000, 0.000000000000000000, 4.000000000000000000 ) ) ;
#5329 = CARTESIAN_POINT ( 'NONE',  ( 74.50000000000001421, 0.000000000000000000, -9.227922061357867634 ) ) ;
#5330 = CARTESIAN_POINT ( 'NONE',  ( -1.676349562706285878, -14.73032354161088264, 91.99722379239923953 ) ) ;
#5331 = LINE ( 'NONE', #3655, #2466 ) ;
#5332 = FACE_OUTER_BOUND ( 'NONE', #2049, .T. ) ;
#5333 = ADVANCED_FACE ( 'NONE', ( #1626 ), #6340, .T. ) ;
#5334 = ORIENTED_EDGE ( 'NONE', *, *, #4656, .T. ) ;
#5335 = EDGE_CURVE ( 'NONE', #5186, #3207, #3205, .T. ) ;
#5336 = VECTOR ( 'NONE', #6664, 1000.000000000000000 ) ;
#5337 = ORIENTED_EDGE ( 'NONE', *, *, #6120, .F. ) ;
#5338 = CIRCLE ( 'NONE', #2337, 1.600000000000004086 ) ;
#5339 = ORIENTED_EDGE ( 'NONE', *, *, #4768, .T. ) ;
#5340 = DIRECTION ( 'NONE',  ( 1.000000000000000000, 0.000000000000000000, 0.000000000000000000 ) ) ;
#5341 = VECTOR ( 'NONE', #1261, 1000.000000000000000 ) ;
#5342 = DIRECTION ( 'NONE',  ( 0.000000000000000000, 0.000000000000000000, 1.000000000000000000 ) ) ;
#5343 = DIRECTION ( 'NONE',  ( -0.000000000000000000, -0.000000000000000000, -1.000000000000000000 ) ) ;
#5344 = CIRCLE ( 'NONE', #2346, 1.000000000000000888 ) ;
#5345 = PLANE ( 'NONE',  #2680 ) ;
#5346 = ORIENTED_EDGE ( 'NONE', *, *, #3352, .F. ) ;
#5347 = EDGE_CURVE ( 'NONE', #6819, #480, #1596, .T. ) ;
#5348 = EDGE_CURVE ( 'NONE', #1285, #1059, #3582, .T. ) ;
#5349 = CARTESIAN_POINT ( 'NONE',  ( 10.87561080813789793, -16.77851033387344870, -0.5000000000000004441 ) ) ;
#5350 = CIRCLE ( 'NONE', #4354, 3.000000000000000000 ) ;
#5351 = AXIS2_PLACEMENT_3D ( 'NONE', #731, #6110, #2851 ) ;
#5352 = DIRECTION ( 'NONE',  ( -0.000000000000000000, -0.000000000000000000, -1.000000000000000000 ) ) ;
#5353 = AXIS2_PLACEMENT_3D ( 'NONE', #5354, #6938, #3230 ) ;
#5354 = CARTESIAN_POINT ( 'NONE',  ( 89.00000000000001421, -4.000000000000000000, -13.50925608610629602 ) ) ;
#5355 = AXIS2_PLACEMENT_3D ( 'NONE', #3578, #2512, #3139 ) ;
#5356 = DIRECTION ( 'NONE',  ( 0.000000000000000000, -0.000000000000000000, -1.000000000000000000 ) ) ;
#5357 = LINE ( 'NONE', #461, #3759 ) ;
#5358 = VERTEX_POINT ( 'NONE', #5816 ) ;
#5359 = AXIS2_PLACEMENT_3D ( 'NONE', #6286, #5166, #5131 ) ;
#5360 = EDGE_CURVE ( 'NONE', #1619, #5788, #6840, .T. ) ;
#5361 = VERTEX_POINT ( 'NONE', #1094 ) ;
#5362 = ORIENTED_EDGE ( 'NONE', *, *, #3085, .T. ) ;
#5363 = VECTOR ( 'NONE', #5170, 1000.000000000000000 ) ;
#5364 = DIRECTION ( 'NONE',  ( 0.000000000000000000, 0.000000000000000000, -1.000000000000000000 ) ) ;
#5365 = ADVANCED_FACE ( 'NONE', ( #4319 ), #4731, .F. ) ;
#5366 = CARTESIAN_POINT ( 'NONE',  ( -1.683748498798790960, -14.75000000000000178, 3.500000000000003109 ) ) ;
#5367 = LINE ( 'NONE', #5777, #4931 ) ;
#5368 = CARTESIAN_POINT ( 'NONE',  ( -15.50000000000000000, -4.499999999999993783, 1.000000000000000888 ) ) ;
#5369 = ORIENTED_EDGE ( 'NONE', *, *, #5987, .T. ) ;
#5370 = VECTOR ( 'NONE', #5931, 1000.000000000000000 ) ;
#5371 = ORIENTED_EDGE ( 'NONE', *, *, #3249, .T. ) ;
#5372 = AXIS2_PLACEMENT_3D ( 'NONE', #1147, #86, #3146 ) ;
#5373 = DIRECTION ( 'NONE',  ( 0.9808912264268110359, 0.1945569374730865553, 0.000000000000000000 ) ) ;
#5374 = DIRECTION ( 'NONE',  ( -0.000000000000000000, -0.000000000000000000, -1.000000000000000000 ) ) ;
#5375 = CARTESIAN_POINT ( 'NONE',  ( -15.50000000000000000, -3.599999999999995204, 0.000000000000000000 ) ) ;
#5376 = DIRECTION ( 'NONE',  ( 0.000000000000000000, 0.000000000000000000, -1.000000000000000000 ) ) ;
#5377 = DIRECTION ( 'NONE',  ( -1.000000000000000000, -3.469446951953614189E-15, 0.000000000000000000 ) ) ;
#5378 = VERTEX_POINT ( 'NONE', #3787 ) ;
#5379 = ORIENTED_EDGE ( 'NONE', *, *, #2540, .F. ) ;
#5380 = VECTOR ( 'NONE', #1050, 1000.000000000000000 ) ;
#5381 = ORIENTED_EDGE ( 'NONE', *, *, #4528, .T. ) ;
#5382 = EDGE_CURVE ( 'NONE', #6693, #4153, #1524, .T. ) ;
#5383 = EDGE_CURVE ( 'NONE', #2609, #1115, #5043, .T. ) ;
#5384 = CARTESIAN_POINT ( 'NONE',  ( 21.90192933962750743, -22.53323666610696563, -0.5000000000000004441 ) ) ;
#5385 = DIRECTION ( 'NONE',  ( -1.000000000000000000, 0.000000000000000000, 0.000000000000000000 ) ) ;
#5387 = CYLINDRICAL_SURFACE ( 'NONE', #1816, 1.600000000000000089 ) ;
#5386 = AXIS2_PLACEMENT_3D ( 'NONE', #5968, #4294, #541 ) ;
#5388 = DIRECTION ( 'NONE',  ( 0.000000000000000000, 0.000000000000000000, 1.000000000000000000 ) ) ;
#5389 = EDGE_LOOP ( 'NONE', ( #6278, #3268, #1045, #5972 ) ) ;
#5390 = ORIENTED_EDGE ( 'NONE', *, *, #1617, .T. ) ;
#5391 = CIRCLE ( 'NONE', #700, 1.000000000000000888 ) ;
#5392 = EDGE_CURVE ( 'NONE', #5076, #3886, #3341, .T. ) ;
#5393 = PLANE ( 'NONE',  #1447 ) ;
#5394 = FACE_OUTER_BOUND ( 'NONE', #1877, .T. ) ;
#5395 = DIRECTION ( 'NONE',  ( 0.000000000000000000, 0.000000000000000000, 1.000000000000000000 ) ) ;
#5396 = CIRCLE ( 'NONE', #1715, 2.000000000000000000 ) ;
#5397 = ORIENTED_EDGE ( 'NONE', *, *, #4801, .F. ) ;
#5398 = ORIENTED_EDGE ( 'NONE', *, *, #2533, .F. ) ;
#5399 = VERTEX_POINT ( 'NONE', #641 ) ;
#5400 = EDGE_CURVE ( 'NONE', #5823, #433, #5470, .T. ) ;
#5401 = LINE ( 'NONE', #6901, #6359 ) ;
#5402 = CARTESIAN_POINT ( 'NONE',  ( 33.24999999999992895, -21.50000000000000000, 2.750000000000000000 ) ) ;
#5403 = CARTESIAN_POINT ( 'NONE',  ( 75.08772233983154365, -19.50000000000000000, 3.500000000000000000 ) ) ;
#5404 = FACE_OUTER_BOUND ( 'NONE', #255, .T. ) ;
#5405 = EDGE_LOOP ( 'NONE', ( #4424, #2164, #5081, #5397, #2329 ) ) ;
#5406 = EDGE_LOOP ( 'NONE', ( #3555, #3488, #664, #6606, #1345, #5362, #3566, #3422 ) ) ;
#5407 = DIRECTION ( 'NONE',  ( -1.000000000000000000, 0.000000000000000000, 0.000000000000000000 ) ) ;
#5408 = FACE_OUTER_BOUND ( 'NONE', #1734, .T. ) ;
#5409 = LINE ( 'NONE', #616, #2899 ) ;
#5410 = DIRECTION ( 'NONE',  ( 0.000000000000000000, -1.000000000000000000, 0.000000000000000000 ) ) ;
#5411 = CARTESIAN_POINT ( 'NONE',  ( 63.50000000000001421, -16.50000000000000355, 91.99722379239923953 ) ) ;
#5412 = DIRECTION ( 'NONE',  ( 1.000000000000000000, -0.000000000000000000, 0.000000000000000000 ) ) ;
#5413 = VERTEX_POINT ( 'NONE', #807 ) ;
#5414 = ORIENTED_EDGE ( 'NONE', *, *, #4102, .T. ) ;
#5415 = ORIENTED_EDGE ( 'NONE', *, *, #734, .T. ) ;
#5416 = CYLINDRICAL_SURFACE ( 'NONE', #4477, 2.049999999999993161 ) ;
#5417 = DIRECTION ( 'NONE',  ( -0.000000000000000000, -1.000000000000000000, -0.000000000000000000 ) ) ;
#5418 = CARTESIAN_POINT ( 'NONE',  ( 34.25000000000000711, -18.50000000000000000, 3.500000000000000000 ) ) ;
#5419 = FACE_OUTER_BOUND ( 'NONE', #1648, .T. ) ;
#5420 = ORIENTED_EDGE ( 'NONE', *, *, #2885, .T. ) ;
#5421 = EDGE_CURVE ( 'NONE', #2554, #6661, #1028, .T. ) ;
#5422 = CARTESIAN_POINT ( 'NONE',  ( -29.00000000000000000, -14.49999999999999822, 2.000000000000000000 ) ) ;
#5423 = DIRECTION ( 'NONE',  ( 0.000000000000000000, -0.000000000000000000, -1.000000000000000000 ) ) ;
#5424 = DIRECTION ( 'NONE',  ( -0.000000000000000000, 1.000000000000000000, 0.000000000000000000 ) ) ;
#5425 = DIRECTION ( 'NONE',  ( -0.000000000000000000, -0.000000000000000000, -1.000000000000000000 ) ) ;
#5426 = ORIENTED_EDGE ( 'NONE', *, *, #2845, .F. ) ;
#5427 = B_SPLINE_CURVE_WITH_KNOTS ( 'NONE', 3,
 ( #1183, #2312, #4406, #1854, #6605, #3392 ),
 .UNSPECIFIED., .F., .F.,
 ( 4, 2, 4 ),
 ( 0.007626221495883945753, 0.007830027408286869411, 0.008033833320689791335 ),
 .UNSPECIFIED. ) ;
#5428 = EDGE_LOOP ( 'NONE', ( #70, #1490, #4044, #3687, #1578, #6834, #6739, #4851, #1543 ) ) ;
#5429 = EDGE_CURVE ( 'NONE', #4516, #5848, #6269, .T. ) ;
#5430 = ORIENTED_EDGE ( 'NONE', *, *, #3209, .T. ) ;
#5431 = CARTESIAN_POINT ( 'NONE',  ( 48.57143374141650582, -11.50000000000000711, -55.82353258373179727 ) ) ;
#5432 = DIRECTION ( 'NONE',  ( 0.000000000000000000, 0.000000000000000000, -1.000000000000000000 ) ) ;
#5433 = LINE ( 'NONE', #3860, #5824 ) ;
#5434 = CARTESIAN_POINT ( 'NONE',  ( 35.49999999999993605, -19.50000000000000355, 4.914213562373096700 ) ) ;
#5435 = ORIENTED_EDGE ( 'NONE', *, *, #542, .F. ) ;
#5436 = EDGE_CURVE ( 'NONE', #4068, #4638, #3468, .T. ) ;
#5437 = EDGE_CURVE ( 'NONE', #5774, #5588, #681, .T. ) ;
#5438 = VECTOR ( 'NONE', #3903, 1000.000000000000000 ) ;
#5439 = ORIENTED_EDGE ( 'NONE', *, *, #6796, .F. ) ;
#5440 = VECTOR ( 'NONE', #253, 1000.000000000000000 ) ;
#5441 =( NAMED_UNIT ( * ) SI_UNIT ( $, .STERADIAN. ) SOLID_ANGLE_UNIT ( ) );
#5442 = DIRECTION ( 'NONE',  ( 0.000000000000000000, -1.000000000000000000, 0.000000000000000000 ) ) ;
#5443 = DIRECTION ( 'NONE',  ( 1.000000000000000000, 0.000000000000000000, 0.000000000000000000 ) ) ;
#5444 = FACE_OUTER_BOUND ( 'NONE', #2470, .T. ) ;
#5445 = FACE_OUTER_BOUND ( 'NONE', #3499, .T. ) ;
#5446 = DIRECTION ( 'NONE',  ( 0.000000000000000000, -0.000000000000000000, -1.000000000000000000 ) ) ;
#5447 = ORIENTED_EDGE ( 'NONE', *, *, #2065, .T. ) ;
#5448 = ORIENTED_EDGE ( 'NONE', *, *, #5392, .F. ) ;
#5449 = CARTESIAN_POINT ( 'NONE',  ( -5.500000000000000000, -0.9473224931973076579, -1.700000000000000178 ) ) ;
#5450 = DIRECTION ( 'NONE',  ( -1.000000000000000000, 0.000000000000000000, 0.000000000000000000 ) ) ;
#5451 = EDGE_CURVE ( 'NONE', #4875, #1965, #2303, .T. ) ;
#5452 = CARTESIAN_POINT ( 'NONE',  ( 0.000000000000000000, 0.000000000000000000, 1.000000000000000000 ) ) ;
#5453 = CARTESIAN_POINT ( 'NONE',  ( -25.50000000000000355, -21.00000000000001066, -9.718927473138723627 ) ) ;
#5454 = ORIENTED_EDGE ( 'NONE', *, *, #2618, .T. ) ;
#5455 = LINE ( 'NONE', #5422, #4018 ) ;
#5456 = AXIS2_PLACEMENT_3D ( 'NONE', #3947, #1745, #3449 ) ;
#5457 = CARTESIAN_POINT ( 'NONE',  ( 35.25000000000000711, -18.50000000000000000, -55.82353258373179727 ) ) ;
#5458 = CARTESIAN_POINT ( 'NONE',  ( 85.00000000000001421, -26.50000000000000355, -33.43835071544514648 ) ) ;
#5459 = DIRECTION ( 'NONE',  ( -0.000000000000000000, -0.000000000000000000, -1.000000000000000000 ) ) ;
#5460 = ORIENTED_EDGE ( 'NONE', *, *, #1723, .F. ) ;
#5461 = AXIS2_PLACEMENT_3D ( 'NONE', #131, #793, #6562 ) ;
#5462 = ORIENTED_EDGE ( 'NONE', *, *, #1966, .F. ) ;
#5463 = VECTOR ( 'NONE', #6295, 1000.000000000000000 ) ;
#5464 = VERTEX_POINT ( 'NONE', #5403 ) ;
#5465 = PLANE ( 'NONE',  #5802 ) ;
#5466 = AXIS2_PLACEMENT_3D ( 'NONE', #2213, #3672, #3740 ) ;
#5467 = FACE_BOUND ( 'NONE', #654, .T. ) ;
#5468 = VECTOR ( 'NONE', #2591, 1000.000000000000000 ) ;
#5469 = EDGE_CURVE ( 'NONE', #3420, #2781, #609, .T. ) ;
#5470 = LINE ( 'NONE', #5072, #135 ) ;
#5471 = DIRECTION ( 'NONE',  ( -1.000000000000000000, 0.000000000000000000, 0.000000000000000000 ) ) ;
#5472 = VERTEX_POINT ( 'NONE', #154 ) ;
#5473 = AXIS2_PLACEMENT_3D ( 'NONE', #6071, #6532, #2903 ) ;
#5474 = EDGE_LOOP ( 'NONE', ( #2624, #5940, #6119, #6460, #375, #872, #2726, #3068, #5656, #6858 ) ) ;
#5475 = CIRCLE ( 'NONE', #4687, 2.000000000000000000 ) ;
#5476 = ADVANCED_FACE ( 'NONE', ( #4548 ), #6525, .F. ) ;
#5477 = EDGE_CURVE ( 'NONE', #3716, #6330, #5433, .T. ) ;
#5478 = ORIENTED_EDGE ( 'NONE', *, *, #6296, .F. ) ;
#5479 = CARTESIAN_POINT ( 'NONE',  ( 36.60000000000000142, 1.959434878635763751E-16, 0.000000000000000000 ) ) ;
#5480 = DIRECTION ( 'NONE',  ( 1.000000000000000000, -0.000000000000000000, 0.000000000000000000 ) ) ;
#5481 = LINE ( 'NONE', #754, #3368 ) ;
#5482 = CIRCLE ( 'NONE', #2472, 3.000000000000000000 ) ;
#5483 = DIRECTION ( 'NONE',  ( 0.000000000000000000, -0.000000000000000000, 1.000000000000000000 ) ) ;
#5484 = CARTESIAN_POINT ( 'NONE',  ( 81.00000000000001421, -24.50000000000000000, 91.99722379239923953 ) ) ;
#5485 = VERTEX_POINT ( 'NONE', #4519 ) ;
#5486 = ORIENTED_EDGE ( 'NONE', *, *, #2742, .T. ) ;
#5487 = CIRCLE ( 'NONE', #3154, 1.000000000000000000 ) ;
#5488 = EDGE_CURVE ( 'NONE', #4181, #1871, #308, .T. ) ;
#5489 = DIRECTION ( 'NONE',  ( 0.000000000000000000, 0.000000000000000000, -1.000000000000000000 ) ) ;
#5490 = DIRECTION ( 'NONE',  ( 0.000000000000000000, -0.000000000000000000, -1.000000000000000000 ) ) ;
#5491 = CARTESIAN_POINT ( 'NONE',  ( -5.500000000000000000, -0.9473224931973076579, -1.700000000000000178 ) ) ;
#5492 = CARTESIAN_POINT ( 'NONE',  ( 0.4122776601683184050, -19.50000000000000000, 1.999999999999989120 ) ) ;
#5493 = ORIENTED_EDGE ( 'NONE', *, *, #4545, .T. ) ;
#5494 = VECTOR ( 'NONE', #451, 1000.000000000000000 ) ;
#5495 = AXIS2_PLACEMENT_3D ( 'NONE', #3492, #2390, #1332 ) ;
#5496 = CARTESIAN_POINT ( 'NONE',  ( 75.08772233983154365, -24.37485555389435277, 3.500000000000003109 ) ) ;
#5497 = CARTESIAN_POINT ( 'NONE',  ( 75.01909820294729059, -22.59052552441420403, 2.398185307580717129 ) ) ;
#5498 = CARTESIAN_POINT ( 'NONE',  ( -7.349999999999995204, -26.50000000000000355, 0.5000000000000000000 ) ) ;
#5499 = VERTEX_POINT ( 'NONE', #2754 ) ;
#5500 = ORIENTED_EDGE ( 'NONE', *, *, #2810, .F. ) ;
#5501 = VECTOR ( 'NONE', #1779, 1000.000000000000000 ) ;
#5502 = ORIENTED_EDGE ( 'NONE', *, *, #5451, .F. ) ;
#5503 = CIRCLE ( 'NONE', #2162, 4.000000000000003553 ) ;
#5504 = CARTESIAN_POINT ( 'NONE',  ( 0.4122776601683184050, 0.000000000000000000, -7.431795761534271350 ) ) ;
#5505 = ADVANCED_FACE ( 'NONE', ( #6487 ), #78, .T. ) ;
#5506 = CARTESIAN_POINT ( 'NONE',  ( -0.05236439395463199364, -10.50000000000000711, 3.500000000000003109 ) ) ;
#5507 = CARTESIAN_POINT ( 'NONE',  ( 1.103821443123443879, -12.97799675178436907, -0.5000000000000000000 ) ) ;
#5508 = ORIENTED_EDGE ( 'NONE', *, *, #56, .T. ) ;
#5509 = ORIENTED_EDGE ( 'NONE', *, *, #1995, .T. ) ;
#5510 = VECTOR ( 'NONE', #1842, 1000.000000000000000 ) ;
#5511 = EDGE_CURVE ( 'NONE', #5088, #480, #3263, .T. ) ;
#5512 = DIRECTION ( 'NONE',  ( 0.000000000000000000, 0.000000000000000000, 1.000000000000000000 ) ) ;
#5513 = ORIENTED_EDGE ( 'NONE', *, *, #6029, .F. ) ;
#5514 = CYLINDRICAL_SURFACE ( 'NONE', #3812, 2.049999999999999822 ) ;
#5515 = CARTESIAN_POINT ( 'NONE',  ( -26.17967389859482097, -6.100000000000005862, -1.699999999999999956 ) ) ;
#5516 = LINE ( 'NONE', #227, #3580 ) ;
#5517 = DIRECTION ( 'NONE',  ( -0.000000000000000000, -0.000000000000000000, 1.000000000000000000 ) ) ;
#5518 = CARTESIAN_POINT ( 'NONE',  ( 32.25000000000000711, -18.50000000000000000, -55.82353258373179727 ) ) ;
#5519 = VERTEX_POINT ( 'NONE', #276 ) ;
#5520 = AXIS2_PLACEMENT_3D ( 'NONE', #1866, #2423, #3433 ) ;
#5521 = EDGE_LOOP ( 'NONE', ( #322, #3305, #5985, #2562, #1113, #1143, #14, #26, #1765, #3059, #2039, #2915, #5843, #6713, #2014 ) ) ;
#5522 = EDGE_CURVE ( 'NONE', #5132, #6885, #3375, .T. ) ;
#5523 = CARTESIAN_POINT ( 'NONE',  ( 6.604418446918923991, -14.76559299485081667, -55.82353258373179727 ) ) ;
#5524 = DIRECTION ( 'NONE',  ( 1.000000000000000000, 0.000000000000000000, 0.000000000000000000 ) ) ;
#5525 = DIRECTION ( 'NONE',  ( 0.000000000000000000, 0.000000000000000000, 1.000000000000000000 ) ) ;
#5526 = DIRECTION ( 'NONE',  ( 0.000000000000000000, 0.000000000000000000, -1.000000000000000000 ) ) ;
#5527 = ORIENTED_EDGE ( 'NONE', *, *, #2155, .F. ) ;
#5528 = ADVANCED_FACE ( 'NONE', ( #6718 ), #1934, .T. ) ;
#5529 = DIRECTION ( 'NONE',  ( -0.000000000000000000, -0.000000000000000000, -1.000000000000000000 ) ) ;
#5530 = CARTESIAN_POINT ( 'NONE',  ( -29.00000000000000000, -7.000000000000004441, 2.000000000000000000 ) ) ;
#5531 = CARTESIAN_POINT ( 'NONE',  ( -24.49999999999999645, -26.50000000000000355, 6.000000000000000000 ) ) ;
#5532 = ORIENTED_EDGE ( 'NONE', *, *, #1247, .F. ) ;
#5533 = VERTEX_POINT ( 'NONE', #4906 ) ;
#5534 = ADVANCED_FACE ( 'NONE', ( #116 ), #2265, .F. ) ;
#5535 = ORIENTED_EDGE ( 'NONE', *, *, #1108, .T. ) ;
#5536 = CYLINDRICAL_SURFACE ( 'NONE', #3916, 2.000000000000000000 ) ;
#5537 = CARTESIAN_POINT ( 'NONE',  ( 0.4862531855678632331, -23.87772256255076186, 2.441732027437606867 ) ) ;
#5538 = CARTESIAN_POINT ( 'NONE',  ( -1.017456315103259401, -13.97808708393076138, 3.500000000000000000 ) ) ;
#5539 = VERTEX_POINT ( 'NONE', #906 ) ;
#5540 = VERTEX_POINT ( 'NONE', #5140 ) ;
#5541 = ORIENTED_EDGE ( 'NONE', *, *, #175, .T. ) ;
#5542 = CARTESIAN_POINT ( 'NONE',  ( 90.50000000000001421, -2.399527641708707915, 0.000000000000000000 ) ) ;
#5543 = CARTESIAN_POINT ( 'NONE',  ( 36.41227766016830714, -21.41003987980399970, 3.499999999999999112 ) ) ;
#5544 = CARTESIAN_POINT ( 'NONE',  ( 88.36426365334267530, 3.694061104857532918, 0.000000000000000000 ) ) ;
#5545 = DIRECTION ( 'NONE',  ( -1.000000000000000000, 0.000000000000000000, 0.000000000000000000 ) ) ;
#5546 = EDGE_CURVE ( 'NONE', #4500, #4298, #865, .T. ) ;
#5547 = LINE ( 'NONE', #755, #4776 ) ;
#5548 = CARTESIAN_POINT ( 'NONE',  ( 36.47137113740051717, -20.22205197715653924, 2.249159977215596129 ) ) ;
#5549 = ORIENTED_EDGE ( 'NONE', *, *, #491, .F. ) ;
#5550 = AXIS2_PLACEMENT_3D ( 'NONE', #3441, #5962, #2895 ) ;
#5551 = ORIENTED_EDGE ( 'NONE', *, *, #3476, .T. ) ;
#5552 = VERTEX_POINT ( 'NONE', #5204 ) ;
#5553 = CARTESIAN_POINT ( 'NONE',  ( -14.09999999999999787, -20.00000000000000355, 2.000000000000000000 ) ) ;
#5555 = ADVANCED_FACE ( 'NONE', ( #6856 ), #3020, .F. ) ;
#5554 = CYLINDRICAL_SURFACE ( 'NONE', #3116, 3.250000000000007550 ) ;
#5556 = CARTESIAN_POINT ( 'NONE',  ( 74.50000000000001421, 0.000000000000000000, 6.000000000000000000 ) ) ;
#5557 = EDGE_CURVE ( 'NONE', #6534, #6622, #2036, .T. ) ;
#5558 = DIRECTION ( 'NONE',  ( -1.000000000000000000, 0.000000000000000000, 0.000000000000000000 ) ) ;
#5559 = VERTEX_POINT ( 'NONE', #5796 ) ;
#5560 = CARTESIAN_POINT ( 'NONE',  ( 76.00000000000001421, 2.500000000000005329, -9.227922061357867634 ) ) ;
#5561 = LINE ( 'NONE', #806, #3840 ) ;
#5562 = EDGE_CURVE ( 'NONE', #3260, #5781, #4093, .T. ) ;
#5563 = EDGE_CURVE ( 'NONE', #4035, #179, #1254, .T. ) ;
#5564 = CARTESIAN_POINT ( 'NONE',  ( 0.4224460566121387428, -20.85103814356352103, 3.458044637341532557 ) ) ;
#5565 = ORIENTED_EDGE ( 'NONE', *, *, #1412, .F. ) ;
#5566 = VERTEX_POINT ( 'NONE', #5762 ) ;
#5567 = AXIS2_PLACEMENT_3D ( 'NONE', #3726, #5861, #1069 ) ;
#5568 = PLANE ( 'NONE',  #3029 ) ;
#5569 = DIRECTION ( 'NONE',  ( 0.000000000000000000, 0.000000000000000000, 1.000000000000000000 ) ) ;
#5570 = EDGE_CURVE ( 'NONE', #4076, #2808, #5172, .T. ) ;
#5571 = CIRCLE ( 'NONE', #2564, 4.000000000000003553 ) ;
#5572 = CARTESIAN_POINT ( 'NONE',  ( 66.59040426936127233, -13.96043282193328849, 91.99722379239923953 ) ) ;
#5573 = AXIS2_PLACEMENT_3D ( 'NONE', #2838, #87, #4433 ) ;
#5574 = ORIENTED_EDGE ( 'NONE', *, *, #662, .F. ) ;
#5575 = ORIENTED_EDGE ( 'NONE', *, *, #2499, .T. ) ;
#5576 = AXIS2_PLACEMENT_3D ( 'NONE', #5629, #3117, #1373 ) ;
#5577 = CIRCLE ( 'NONE', #6917, 3.000000000000000444 ) ;
#5578 = DIRECTION ( 'NONE',  ( -0.000000000000000000, 0.000000000000000000, 1.000000000000000000 ) ) ;
#5579 = LINE ( 'NONE', #2308, #1018 ) ;
#5580 = CIRCLE ( 'NONE', #6241, 2.049999999999996270 ) ;
#5581 = DIRECTION ( 'NONE',  ( -0.000000000000000000, -0.000000000000000000, 1.000000000000000000 ) ) ;
#5582 = FACE_OUTER_BOUND ( 'NONE', #809, .T. ) ;
#5583 = DIRECTION ( 'NONE',  ( 1.000000000000000000, 0.000000000000000000, 0.000000000000000000 ) ) ;
#5584 = CIRCLE ( 'NONE', #4472, 3.000000000000000000 ) ;
#5585 = ORIENTED_EDGE ( 'NONE', *, *, #4201, .F. ) ;
#5586 = VECTOR ( 'NONE', #3717, 1000.000000000000000 ) ;
#5587 = ORIENTED_EDGE ( 'NONE', *, *, #5934, .F. ) ;
#5588 = VERTEX_POINT ( 'NONE', #4645 ) ;
#5589 = CIRCLE ( 'NONE', #6598, 4.000000000000000000 ) ;
#5590 = LINE ( 'NONE', #1886, #5808 ) ;
#5591 = DIRECTION ( 'NONE',  ( -0.000000000000000000, 0.000000000000000000, -1.000000000000000000 ) ) ;
#5592 = DIRECTION ( 'NONE',  ( 1.000000000000000000, 0.000000000000000000, 0.000000000000000000 ) ) ;
#5593 = DIRECTION ( 'NONE',  ( 0.000000000000000000, 0.000000000000000000, 1.000000000000000000 ) ) ;
#5594 = VERTEX_POINT ( 'NONE', #4169 ) ;
#5595 = VECTOR ( 'NONE', #3701, 1000.000000000000000 ) ;
#5596 = ADVANCED_FACE ( 'NONE', ( #347 ), #1540, .F. ) ;
#5597 = CARTESIAN_POINT ( 'NONE',  ( -7.368174807915457869, 1.400000000000004352, 3.500000000000000000 ) ) ;
#5598 = CARTESIAN_POINT ( 'NONE',  ( -7.349999999999995204, -8.500000000000007105, -0.5000000000000000000 ) ) ;
#5600 = VECTOR ( 'NONE', #1322, 1000.000000000000000 ) ;
#5599 = CARTESIAN_POINT ( 'NONE',  ( -10.49999999999999822, -1.599999999999995648, -4.000000000000000000 ) ) ;
#5601 = CARTESIAN_POINT ( 'NONE',  ( 0.4122776601683056930, -20.92419574412459582, 3.500000000005270451 ) ) ;
#5602 = CIRCLE ( 'NONE', #1136, 1.000000000000000888 ) ;
#5603 = ORIENTED_EDGE ( 'NONE', *, *, #1625, .T. ) ;
#5604 = ORIENTED_EDGE ( 'NONE', *, *, #6794, .F. ) ;
#5605 = AXIS2_PLACEMENT_3D ( 'NONE', #382, #1996, #1405 ) ;
#5606 = EDGE_CURVE ( 'NONE', #6307, #1250, #940, .T. ) ;
#5607 = VECTOR ( 'NONE', #6339, 1000.000000000000000 ) ;
#5608 = DIRECTION ( 'NONE',  ( 0.000000000000000000, 0.000000000000000000, -1.000000000000000000 ) ) ;
#5609 = CARTESIAN_POINT ( 'NONE',  ( 30.08772233983155431, -21.33047371415606719, -7.431795761534271350 ) ) ;
#5610 = CARTESIAN_POINT ( 'NONE',  ( 3.000000000000002665, -16.50000000000001066, 91.99722379239923953 ) ) ;
#5611 = AXIS2_PLACEMENT_3D ( 'NONE', #4022, #2319, #830 ) ;
#5612 = ORIENTED_EDGE ( 'NONE', *, *, #136, .F. ) ;
#5613 = ORIENTED_EDGE ( 'NONE', *, *, #2330, .F. ) ;
#5614 = ADVANCED_FACE ( 'NONE', ( #4229 ), #4198, .F. ) ;
#5615 = AXIS2_PLACEMENT_3D ( 'NONE', #420, #390, #2567 ) ;
#5616 = DIRECTION ( 'NONE',  ( 0.000000000000000000, 0.000000000000000000, 1.000000000000000000 ) ) ;
#5617 = DIRECTION ( 'NONE',  ( 1.000000000000000000, 1.734723475976807094E-15, 0.000000000000000000 ) ) ;
#5618 = FACE_OUTER_BOUND ( 'NONE', #3556, .T. ) ;
#5619 = CARTESIAN_POINT ( 'NONE',  ( -12.50000000000000533, -20.00000000000000355, 2.000000000000000000 ) ) ;
#5620 = VECTOR ( 'NONE', #3410, 1000.000000000000000 ) ;
#5621 = ORIENTED_EDGE ( 'NONE', *, *, #5628, .T. ) ;
#5622 = ORIENTED_EDGE ( 'NONE', *, *, #1513, .T. ) ;
#5623 = DIRECTION ( 'NONE',  ( -1.000000000000000000, 0.000000000000000000, 0.000000000000000000 ) ) ;
#5624 = CARTESIAN_POINT ( 'NONE',  ( 89.50000000000001421, -18.50000000000000000, 1.725000000000000089 ) ) ;
#5625 = CARTESIAN_POINT ( 'NONE',  ( 0.4122776601683184050, -19.50000000000000000, 3.500000000000000000 ) ) ;
#5626 = CYLINDRICAL_SURFACE ( 'NONE', #5918, 4.000000000000003553 ) ;
#5627 = ORIENTED_EDGE ( 'NONE', *, *, #1599, .T. ) ;
#5628 = EDGE_CURVE ( 'NONE', #1937, #1928, #5265, .T. ) ;
#5629 = CARTESIAN_POINT ( 'NONE',  ( 80.00000000000001421, -12.69285714285714661, -55.82353258373179727 ) ) ;
#5630 = DIRECTION ( 'NONE',  ( 0.000000000000000000, -0.000000000000000000, -1.000000000000000000 ) ) ;
#5631 = DIRECTION ( 'NONE',  ( 0.000000000000000000, 0.000000000000000000, 1.000000000000000000 ) ) ;
#5632 = CARTESIAN_POINT ( 'NONE',  ( -25.50000000000000355, -7.000000000000004441, 2.500000000000000000 ) ) ;
#5633 = EDGE_LOOP ( 'NONE', ( #3234, #1280, #1800, #3152 ) ) ;
#5634 = ADVANCED_FACE ( 'NONE', ( #2497 ), #6888, .F. ) ;
#5635 = B_SPLINE_CURVE_WITH_KNOTS ( 'NONE', 3,
 ( #3240, #2119, #1033, #4287 ),
 .UNSPECIFIED., .F., .F.,
 ( 4, 4 ),
 ( 0.000000000000000000, 0.0008590961471014197520 ),
 .UNSPECIFIED. ) ;
#5636 = ORIENTED_EDGE ( 'NONE', *, *, #95, .F. ) ;
#5637 = ORIENTED_EDGE ( 'NONE', *, *, #1309, .T. ) ;
#5638 = LINE ( 'NONE', #4072, #4897 ) ;
#5639 = CARTESIAN_POINT ( 'NONE',  ( 44.85374360817894512, -23.50000000000000000, -0.5000000000000004441 ) ) ;
#5640 = DIRECTION ( 'NONE',  ( -1.000000000000000000, 0.000000000000000000, -0.000000000000000000 ) ) ;
#5641 = ADVANCED_FACE ( 'NONE', ( #972 ), #1963, .F. ) ;
#5642 = ORIENTED_EDGE ( 'NONE', *, *, #2925, .T. ) ;
#5643 = ORIENTED_EDGE ( 'NONE', *, *, #5304, .F. ) ;
#5644 = LINE ( 'NONE', #6599, #3893 ) ;
#5645 = DIRECTION ( 'NONE',  ( 0.000000000000000000, 0.000000000000000000, 1.000000000000000000 ) ) ;
#5646 = CARTESIAN_POINT ( 'NONE',  ( 60.01141465591474855, -18.45698040282307772, -0.5000000000000004441 ) ) ;
#5647 = EDGE_CURVE ( 'NONE', #861, #2344, #3816, .T. ) ;
#5648 = LINE ( 'NONE', #3199, #97 ) ;
#5649 = ORIENTED_EDGE ( 'NONE', *, *, #5090, .T. ) ;
#5650 = ORIENTED_EDGE ( 'NONE', *, *, #1007, .T. ) ;
#5651 = CARTESIAN_POINT ( 'NONE',  ( -25.99999999999998579, -17.50000000000000000, 4.499999999999987566 ) ) ;
#5652 = CARTESIAN_POINT ( 'NONE',  ( -0.02911644369872092367, -12.84973239741057860, -0.5000000000000004441 ) ) ;
#5653 = LINE ( 'NONE', #2551, #913 ) ;
#5654 = DIRECTION ( 'NONE',  ( 0.000000000000000000, 1.000000000000000000, 0.000000000000000000 ) ) ;
#5655 = VERTEX_POINT ( 'NONE', #484 ) ;
#5656 = ORIENTED_EDGE ( 'NONE', *, *, #3843, .T. ) ;
#5657 = VECTOR ( 'NONE', #6488, 1000.000000000000000 ) ;
#5658 = FACE_OUTER_BOUND ( 'NONE', #1725, .T. ) ;
#5659 = DIRECTION ( 'NONE',  ( -0.000000000000000000, -0.000000000000000000, -1.000000000000000000 ) ) ;
#5660 = DIRECTION ( 'NONE',  ( -0.2556729478064219685, 0.9667633338930343712, 0.000000000000000000 ) ) ;
#5661 = CARTESIAN_POINT ( 'NONE',  ( -16.50000000000000355, -11.50000000000000178, -0.5000000000000000000 ) ) ;
#5662 = EDGE_CURVE ( 'NONE', #462, #4254, #5241, .T. ) ;
#5663 = CARTESIAN_POINT ( 'NONE',  ( -5.500000000000000000, -3.599999999999995648, -1.700000000000000178 ) ) ;
#5664 = VERTEX_POINT ( 'NONE', #6257 ) ;
#5665 = ORIENTED_EDGE ( 'NONE', *, *, #1625, .F. ) ;
#5666 = CARTESIAN_POINT ( 'NONE',  ( 7.105894418672759727, -13.64664565419717945, -0.5000000000000004441 ) ) ;
#5667 = CARTESIAN_POINT ( 'NONE',  ( 33.24999999999992895, -21.50000000000000000, 2.750000000000000000 ) ) ;
#5668 = CARTESIAN_POINT ( 'NONE',  ( 1.282973800746401327, -21.19593665109281844, 3.500000000000003109 ) ) ;
#5669 = EDGE_LOOP ( 'NONE', ( #5448, #6778, #4352, #6528 ) ) ;
#5670 = CIRCLE ( 'NONE', #5567, 1.600000000000000089 ) ;
#5671 = ORIENTED_EDGE ( 'NONE', *, *, #5858, .F. ) ;
#5672 = ADVANCED_FACE ( 'NONE', ( #3736 ), #99, .F. ) ;
#5673 = EDGE_CURVE ( 'NONE', #4304, #2966, #5905, .T. ) ;
#5674 = VECTOR ( 'NONE', #3318, 1000.000000000000000 ) ;
#5675 = CARTESIAN_POINT ( 'NONE',  ( -8.849999999999996092, -20.00000000000000355, 14.05062109405231396 ) ) ;
#5676 = VECTOR ( 'NONE', #3231, 1000.000000000000000 ) ;
#5677 = DIRECTION ( 'NONE',  ( 0.000000000000000000, -1.000000000000000000, 0.000000000000000000 ) ) ;
#5678 = CARTESIAN_POINT ( 'NONE',  ( 89.00000000000001421, -4.000000000000000000, 0.000000000000000000 ) ) ;
#5679 = CARTESIAN_POINT ( 'NONE',  ( 60.36486379115212486, -18.98413384340920373, 91.99722379239923953 ) ) ;
#5680 = ORIENTED_EDGE ( 'NONE', *, *, #5811, .T. ) ;
#5681 = VERTEX_POINT ( 'NONE', #1159 ) ;
#5682 = AXIS2_PLACEMENT_3D ( 'NONE', #1615, #489, #5423 ) ;
#5683 = VECTOR ( 'NONE', #1612, 1000.000000000000000 ) ;
#5684 = EDGE_CURVE ( 'NONE', #5681, #3706, #2267, .T. ) ;
#5685 = ADVANCED_FACE ( 'NONE', ( #4856 ), #5387, .F. ) ;
#5686 = CARTESIAN_POINT ( 'NONE',  ( -23.49999999999998579, -24.00000000000002487, 4.000000000000000000 ) ) ;
#5687 = AXIS2_PLACEMENT_3D ( 'NONE', #2291, #4416, #6514 ) ;
#5688 = DIRECTION ( 'NONE',  ( -0.000000000000000000, -0.000000000000000000, -1.000000000000000000 ) ) ;
#5689 = DIRECTION ( 'NONE',  ( -0.000000000000000000, -0.000000000000000000, -1.000000000000000000 ) ) ;
#5690 = AXIS2_PLACEMENT_3D ( 'NONE', #1755, #800, #6010 ) ;
#5691 = DIRECTION ( 'NONE',  ( -0.000000000000000000, -0.000000000000000000, 1.000000000000000000 ) ) ;
#5692 = VERTEX_POINT ( 'NONE', #1646 ) ;
#5693 = EDGE_LOOP ( 'NONE', ( #2226, #747, #6836, #1526 ) ) ;
#5694 = VECTOR ( 'NONE', #3237, 1000.000000000000000 ) ;
#5695 = ADVANCED_FACE ( 'NONE', ( #4928 ), #5945, .T. ) ;
#5696 = DIRECTION ( 'NONE',  ( 0.000000000000000000, 0.000000000000000000, 1.000000000000000000 ) ) ;
#5697 = DIRECTION ( 'NONE',  ( 1.000000000000000000, 0.000000000000000000, 0.000000000000000000 ) ) ;
#5698 = FACE_OUTER_BOUND ( 'NONE', #4060, .T. ) ;
#5699 = DIRECTION ( 'NONE',  ( 0.000000000000000000, 0.000000000000000000, -1.000000000000000000 ) ) ;
#5700 = CARTESIAN_POINT ( 'NONE',  ( 41.31392755356004898, -1.408658527960295670, 3.500000000000000000 ) ) ;
#5701 = ORIENTED_EDGE ( 'NONE', *, *, #5673, .T. ) ;
#5702 = AXIS2_PLACEMENT_3D ( 'NONE', #4853, #3807, #2174 ) ;
#5703 = ORIENTED_EDGE ( 'NONE', *, *, #4816, .F. ) ;
#5704 = ORIENTED_EDGE ( 'NONE', *, *, #2452, .T. ) ;
#5705 = VECTOR ( 'NONE', #158, 1000.000000000000000 ) ;
#5706 = CARTESIAN_POINT ( 'NONE',  ( -2.750000000000064837, -21.50000000000000000, 2.749999999999995115 ) ) ;
#5707 = DIRECTION ( 'NONE',  ( 1.000000000000000000, -0.000000000000000000, 0.000000000000000000 ) ) ;
#5708 = DIRECTION ( 'NONE',  ( -0.000000000000000000, -0.000000000000000000, -1.000000000000000000 ) ) ;
#5709 = DIRECTION ( 'NONE',  ( 1.000000000000000000, 0.000000000000000000, 0.000000000000000000 ) ) ;
#5710 = ORIENTED_EDGE ( 'NONE', *, *, #6748, .F. ) ;
#5711 = AXIS2_PLACEMENT_3D ( 'NONE', #593, #6468, #5975 ) ;
#5712 = ORIENTED_EDGE ( 'NONE', *, *, #780, .F. ) ;
#5713 = CARTESIAN_POINT ( 'NONE',  ( 0.000000000000000000, 0.000000000000000000, 6.000000000000000000 ) ) ;
#5714 = CIRCLE ( 'NONE', #2151, 1.999999999999998224 ) ;
#5715 = CARTESIAN_POINT ( 'NONE',  ( -5.740332142833193707, -10.50000000000000711, -0.5000000000000000000 ) ) ;
#5716 = CARTESIAN_POINT ( 'NONE',  ( 27.63182519208454835, -1.599999999999999867, 0.000000000000000000 ) ) ;
#5717 = FACE_OUTER_BOUND ( 'NONE', #2684, .T. ) ;
#5718 = ORIENTED_EDGE ( 'NONE', *, *, #1076, .F. ) ;
#5719 = EDGE_CURVE ( 'NONE', #4772, #3334, #4338, .T. ) ;
#5720 = VERTEX_POINT ( 'NONE', #4888 ) ;
#5721 = VECTOR ( 'NONE', #6036, 1000.000000000000000 ) ;
#5722 = AXIS2_PLACEMENT_3D ( 'NONE', #6855, #5203, #4644 ) ;
#5723 = DIRECTION ( 'NONE',  ( 0.000000000000000000, 0.000000000000000000, -1.000000000000000000 ) ) ;
#5724 = LINE ( 'NONE', #930, #4115 ) ;
#5725 = CARTESIAN_POINT ( 'NONE',  ( -2.849999999999992095, -18.25000000000000355, 91.99722379239923953 ) ) ;
#5726 = CARTESIAN_POINT ( 'NONE',  ( 67.68732966102589899, -14.27148697336255623, -55.82353258373179727 ) ) ;
#5727 = ORIENTED_EDGE ( 'NONE', *, *, #5801, .T. ) ;
#5728 = EDGE_CURVE ( 'NONE', #4564, #4245, #3294, .T. ) ;
#5729 = ORIENTED_EDGE ( 'NONE', *, *, #6076, .T. ) ;
#5730 = LINE ( 'NONE', #2455, #4570 ) ;
#5731 = CARTESIAN_POINT ( 'NONE',  ( -5.500000000000000000, -1.599999999999995648, 0.000000000000000000 ) ) ;
#5732 = DIRECTION ( 'NONE',  ( 0.000000000000000000, 0.000000000000000000, 1.000000000000000000 ) ) ;
#5733 = DIRECTION ( 'NONE',  ( -0.000000000000000000, 0.000000000000000000, 1.000000000000000000 ) ) ;
#5734 = CARTESIAN_POINT ( 'NONE',  ( 67.36300533670159041, -13.32554102741661239, 3.500000000000003109 ) ) ;
#5735 = EDGE_LOOP ( 'NONE', ( #3271, #5832, #6843, #1438 ) ) ;
#5736 = ADVANCED_FACE ( 'NONE', ( #1684 ), #6362, .F. ) ;
#5737 = ORIENTED_EDGE ( 'NONE', *, *, #6757, .F. ) ;
#5738 = CARTESIAN_POINT ( 'NONE',  ( 89.00000000000001421, -4.000000000000000000, 0.000000000000000000 ) ) ;
#5739 = CARTESIAN_POINT ( 'NONE',  ( 30.08772233983155431, 0.000000000000000000, -7.431795761534271350 ) ) ;
#5740 = CARTESIAN_POINT ( 'NONE',  ( -14.09999999999999787, -18.50000000000000355, 5.000000000000000888 ) ) ;
#5741 = DIRECTION ( 'NONE',  ( 0.000000000000000000, 0.000000000000000000, -1.000000000000000000 ) ) ;
#5742 = VERTEX_POINT ( 'NONE', #1576 ) ;
#5743 = ORIENTED_EDGE ( 'NONE', *, *, #2485, .T. ) ;
#5744 = VERTEX_POINT ( 'NONE', #5418 ) ;
#5745 = CARTESIAN_POINT ( 'NONE',  ( 72.68750000000001421, -10.50000000000000711, 3.500000000000003109 ) ) ;
#5746 = DIRECTION ( 'NONE',  ( 0.000000000000000000, 0.000000000000000000, -1.000000000000000000 ) ) ;
#5747 = DIRECTION ( 'NONE',  ( -1.000000000000000000, 0.000000000000000000, 0.000000000000000000 ) ) ;
#5748 = DIRECTION ( 'NONE',  ( -1.000000000000000000, 0.000000000000000000, 0.000000000000000000 ) ) ;
#5749 = ORIENTED_EDGE ( 'NONE', *, *, #4413, .T. ) ;
#5750 = ORIENTED_EDGE ( 'NONE', *, *, #2634, .F. ) ;
#5751 = DIRECTION ( 'NONE',  ( 0.000000000000000000, 1.000000000000000000, -8.673617379884035472E-17 ) ) ;
#5752 = DIRECTION ( 'NONE',  ( -0.000000000000000000, 0.000000000000000000, 1.000000000000000000 ) ) ;
#5753 = CARTESIAN_POINT ( 'NONE',  ( 64.38890394934357175, -3.281097546600490134, 3.500000000000000000 ) ) ;
#5754 = CARTESIAN_POINT ( 'NONE',  ( -7.349999999999995204, -10.50000000000000888, -4.000999999999999446 ) ) ;
#5755 = VERTEX_POINT ( 'NONE', #4269 ) ;
#5756 = ORIENTED_EDGE ( 'NONE', *, *, #4364, .F. ) ;
#5757 = EDGE_CURVE ( 'NONE', #1058, #5218, #4492, .T. ) ;
#5758 = EDGE_CURVE ( 'NONE', #6394, #1176, #6509, .T. ) ;
#5759 = LINE ( 'NONE', #2494, #6130 ) ;
#5760 = CARTESIAN_POINT ( 'NONE',  ( 63.50000000000001421, -16.50000000000000355, -4.000999999999999446 ) ) ;
#5761 = CARTESIAN_POINT ( 'NONE',  ( 60.01141465591474855, -18.45698040282307772, -55.82353258373179727 ) ) ;
#5762 = CARTESIAN_POINT ( 'NONE',  ( -12.50000000000000533, -18.50000000000000355, 1.999999999999998224 ) ) ;
#5763 = LINE ( 'NONE', #349, #1229 ) ;
#5764 = ORIENTED_EDGE ( 'NONE', *, *, #760, .T. ) ;
#5765 = ORIENTED_EDGE ( 'NONE', *, *, #3093, .T. ) ;
#5766 = ORIENTED_EDGE ( 'NONE', *, *, #5113, .F. ) ;
#5767 = ADVANCED_FACE ( 'NONE', ( #3846 ), #554, .F. ) ;
#5768 = LINE ( 'NONE', #5107, #3126 ) ;
#5769 = EDGE_CURVE ( 'NONE', #6411, #4852, #463, .T. ) ;
#5770 = LINE ( 'NONE', #5181, #1274 ) ;
#5771 = CARTESIAN_POINT ( 'NONE',  ( 30.08772233983155431, -21.33047371415606719, 1.999999999999998668 ) ) ;
#5772 = ORIENTED_EDGE ( 'NONE', *, *, #6452, .T. ) ;
#5773 = VERTEX_POINT ( 'NONE', #61 ) ;
#5774 = VERTEX_POINT ( 'NONE', #2286 ) ;
#5775 = EDGE_CURVE ( 'NONE', #3524, #3952, #6401, .T. ) ;
#5776 = DIRECTION ( 'NONE',  ( 1.000000000000000000, 0.000000000000000000, -0.000000000000000000 ) ) ;
#5777 = CARTESIAN_POINT ( 'NONE',  ( 74.50000000000001421, -26.50000000000000000, 1.725000000000000089 ) ) ;
#5778 = CYLINDRICAL_SURFACE ( 'NONE', #4758, 1.599999999999997202 ) ;
#5779 = AXIS2_PLACEMENT_3D ( 'NONE', #2418, #5974, #3955 ) ;
#5780 = EDGE_LOOP ( 'NONE', ( #5082, #812, #3401, #4244, #2586, #5920 ) ) ;
#5781 = VERTEX_POINT ( 'NONE', #1611 ) ;
#5782 = VECTOR ( 'NONE', #5480, 1000.000000000000000 ) ;
#5783 = FACE_OUTER_BOUND ( 'NONE', #567, .T. ) ;
#5784 = LINE ( 'NONE', #4328, #3338 ) ;
#5785 = LINE ( 'NONE', #4670, #3703 ) ;
#5786 = DIRECTION ( 'NONE',  ( -1.000000000000000000, 3.469446951953611033E-15, 0.000000000000000000 ) ) ;
#5787 = PLANE ( 'NONE',  #3464 ) ;
#5788 = VERTEX_POINT ( 'NONE', #516 ) ;
#5789 = VECTOR ( 'NONE', #1998, 1000.000000000000000 ) ;
#5790 = EDGE_LOOP ( 'NONE', ( #2448, #4429, #6443, #2327 ) ) ;
#5791 = VECTOR ( 'NONE', #409, 1000.000000000000000 ) ;
#5792 = AXIS2_PLACEMENT_3D ( 'NONE', #2170, #1673, #1636 ) ;
#5793 = LINE ( 'NONE', #1537, #1197 ) ;
#5794 = FACE_OUTER_BOUND ( 'NONE', #3996, .T. ) ;
#5795 = LINE ( 'NONE', #4746, #3994 ) ;
#5796 = CARTESIAN_POINT ( 'NONE',  ( -15.50000000000000000, -8.500000000000007105, 1.000000000000000000 ) ) ;
#5797 = DIRECTION ( 'NONE',  ( -0.7071067811865489050, 0.7071067811865461294, 0.000000000000000000 ) ) ;
#5798 = AXIS2_PLACEMENT_3D ( 'NONE', #5876, #6896, #2107 ) ;
#5799 = ORIENTED_EDGE ( 'NONE', *, *, #988, .T. ) ;
#5800 = VECTOR ( 'NONE', #5376, 1000.000000000000000 ) ;
#5801 = EDGE_CURVE ( 'NONE', #4977, #2433, #2661, .T. ) ;
#5802 = AXIS2_PLACEMENT_3D ( 'NONE', #4494, #1872, #3966 ) ;
#5803 = EDGE_CURVE ( 'NONE', #5301, #2530, #6157, .T. ) ;
#5804 = LINE ( 'NONE', #4751, #2803 ) ;
#5805 = EDGE_LOOP ( 'NONE', ( #6105, #727, #3387, #6311 ) ) ;
#5806 = DIRECTION ( 'NONE',  ( 0.000000000000000000, 0.000000000000000000, -1.000000000000000000 ) ) ;
#5807 = LINE ( 'NONE', #1485, #2278 ) ;
#5808 = VECTOR ( 'NONE', #2417, 1000.000000000000000 ) ;
#5809 = DIRECTION ( 'NONE',  ( -0.4157597602677942095, -0.9094744755858001906, 0.000000000000000000 ) ) ;
#5810 = EDGE_LOOP ( 'NONE', ( #3108, #3605, #2079, #3269, #5836, #644, #6521, #6428, #1460, #6482 ) ) ;
#5811 = EDGE_CURVE ( 'NONE', #3789, #4796, #6164, .T. ) ;
#5812 = ORIENTED_EDGE ( 'NONE', *, *, #1407, .F. ) ;
#5813 = CIRCLE ( 'NONE', #5372, 1.599999999999997202 ) ;
#5814 = VERTEX_POINT ( 'NONE', #730 ) ;
#5815 = CARTESIAN_POINT ( 'NONE',  ( 30.08772233983155431, 0.000000000000000000, -0.5000000000000004441 ) ) ;
#5816 = CARTESIAN_POINT ( 'NONE',  ( 4.420904884749274899, 0.8400000000000015232, 0.000000000000000000 ) ) ;
#5817 = CARTESIAN_POINT ( 'NONE',  ( -39.37265766372466658, -3.399999999999995914, -4.000000000000000000 ) ) ;
#5818 = VECTOR ( 'NONE', #4357, 1000.000000000000000 ) ;
#5819 = CIRCLE ( 'NONE', #1030, 1.000000000000000888 ) ;
#5820 = ORIENTED_EDGE ( 'NONE', *, *, #6333, .T. ) ;
#5821 = ADVANCED_FACE ( 'NONE', ( #4514 ), #6613, .T. ) ;
#5822 = ADVANCED_FACE ( 'NONE', ( #4962 ), #3458, .T. ) ;
#5823 = VERTEX_POINT ( 'NONE', #6079 ) ;
#5824 = VECTOR ( 'NONE', #835, 1000.000000000000000 ) ;
#5825 = CIRCLE ( 'NONE', #1819, 1.000000000000000000 ) ;
#5826 = DIRECTION ( 'NONE',  ( 1.000000000000000000, 0.000000000000000000, 0.000000000000000000 ) ) ;
#5827 = CARTESIAN_POINT ( 'NONE',  ( -25.50000000000000355, -1.599999999999994760, 4.999999999999987566 ) ) ;
#5828 = EDGE_CURVE ( 'NONE', #5112, #2343, #3877, .T. ) ;
#5829 = DIRECTION ( 'NONE',  ( 0.000000000000000000, 0.000000000000000000, -1.000000000000000000 ) ) ;
#5830 = CARTESIAN_POINT ( 'NONE',  ( 3.000000000000002665, -16.50000000000001066, 3.500000000000003109 ) ) ;
#5831 = DIRECTION ( 'NONE',  ( 0.000000000000000000, 0.000000000000000000, 1.000000000000000000 ) ) ;
#5832 = ORIENTED_EDGE ( 'NONE', *, *, #6066, .F. ) ;
#5833 = AXIS2_PLACEMENT_3D ( 'NONE', #3521, #5268, #5196 ) ;
#5834 = EDGE_CURVE ( 'NONE', #4423, #5464, #1219, .T. ) ;
#5835 = ORIENTED_EDGE ( 'NONE', *, *, #5383, .F. ) ;
#5836 = ORIENTED_EDGE ( 'NONE', *, *, #968, .T. ) ;
#5837 = CARTESIAN_POINT ( 'NONE',  ( 78.24999999999992895, -21.50000000000000000, 2.750000000000000000 ) ) ;
#5838 = PLANE ( 'NONE',  #974 ) ;
#5839 = CARTESIAN_POINT ( 'NONE',  ( -7.349999999999995204, -26.50000000000000355, -0.5000000000000000000 ) ) ;
#5840 = CARTESIAN_POINT ( 'NONE',  ( -25.50000000000000355, -7.000000000000004441, 4.000000000000000000 ) ) ;
#5841 = EDGE_LOOP ( 'NONE', ( #6238, #384, #5264, #4052 ) ) ;
#5842 = AXIS2_PLACEMENT_3D ( 'NONE', #5639, #2962, #3378 ) ;
#5843 = ORIENTED_EDGE ( 'NONE', *, *, #5563, .T. ) ;
#5844 = PLANE ( 'NONE',  #210 ) ;
#5845 = DIRECTION ( 'NONE',  ( -1.000000000000000000, 0.000000000000000000, 0.000000000000000000 ) ) ;
#5846 = EDGE_CURVE ( 'NONE', #4036, #3879, #3363, .T. ) ;
#5847 = CARTESIAN_POINT ( 'NONE',  ( 27.63182519208454835, 1.400000000000000133, 1.000000000000000000 ) ) ;
#5848 = VERTEX_POINT ( 'NONE', #4445 ) ;
#5849 = VERTEX_POINT ( 'NONE', #5491 ) ;
#5850 = LINE ( 'NONE', #2115, #674 ) ;
#5851 = EDGE_CURVE ( 'NONE', #6374, #280, #1790, .T. ) ;
#5852 = DIRECTION ( 'NONE',  ( 0.000000000000000000, 0.000000000000000000, 1.000000000000000000 ) ) ;
#5853 = ADVANCED_FACE ( 'NONE', ( #3919 ), #6647, .F. ) ;
#5854 = CARTESIAN_POINT ( 'NONE',  ( 38.88460495814677387, -2.271529070723415700, -9.227922061357867634 ) ) ;
#5855 = CARTESIAN_POINT ( 'NONE',  ( -21.50000000000000000, -1.599999999999994760, 3.500000000000000000 ) ) ;
#5856 = VERTEX_POINT ( 'NONE', #5556 ) ;
#5857 = EDGE_LOOP ( 'NONE', ( #1272, #4756, #2610, #4866 ) ) ;
#5858 = EDGE_CURVE ( 'NONE', #4188, #1967, #6109, .T. ) ;
#5859 = ADVANCED_FACE ( 'NONE', ( #2978 ), #2850, .T. ) ;
#5860 = FACE_OUTER_BOUND ( 'NONE', #6800, .T. ) ;
#5861 = DIRECTION ( 'NONE',  ( 0.000000000000000000, -0.000000000000000000, -1.000000000000000000 ) ) ;
#5862 = CARTESIAN_POINT ( 'NONE',  ( 30.00000000000000000, -20.36109254262392554, 3.000419643914536749 ) ) ;
#5863 = LINE ( 'NONE', #3250, #6031 ) ;
#5864 = LINE ( 'NONE', #3150, #6924 ) ;
#5865 = ORIENTED_EDGE ( 'NONE', *, *, #2776, .T. ) ;
#5866 = ORIENTED_EDGE ( 'NONE', *, *, #931, .T. ) ;
#5867 = ORIENTED_EDGE ( 'NONE', *, *, #5100, .F. ) ;
#5868 = EDGE_CURVE ( 'NONE', #5755, #5856, #3380, .T. ) ;
#5869 = CARTESIAN_POINT ( 'NONE',  ( -12.50000000000000355, -14.23205080756887853, 1.999999999999998224 ) ) ;
#5870 = CYLINDRICAL_SURFACE ( 'NONE', #3540, 3.000000000000002665 ) ;
#5871 = DIRECTION ( 'NONE',  ( -0.000000000000000000, -0.000000000000000000, -1.000000000000000000 ) ) ;
#5872 = DIRECTION ( 'NONE',  ( -0.000000000000000000, -0.000000000000000000, -1.000000000000000000 ) ) ;
#5873 = ORIENTED_EDGE ( 'NONE', *, *, #1266, .T. ) ;
#5874 = VERTEX_POINT ( 'NONE', #269 ) ;
#5875 = CARTESIAN_POINT ( 'NONE',  ( 48.57143374141652004, -10.50000000000000711, -0.5000000000000000000 ) ) ;
#5876 = CARTESIAN_POINT ( 'NONE',  ( 70.00000000000000000, 0.000000000000000000, 3.499999999999999556 ) ) ;
#5877 = ADVANCED_FACE ( 'NONE', ( #2419 ), #3399, .F. ) ;
#5878 = DIRECTION ( 'NONE',  ( 0.000000000000000000, -1.000000000000000000, -0.000000000000000000 ) ) ;
#5879 = CARTESIAN_POINT ( 'NONE',  ( 81.00000000000001421, -18.50000000000000000, -0.5000000000000000000 ) ) ;
#5880 = ORIENTED_EDGE ( 'NONE', *, *, #1767, .F. ) ;
#5881 = ORIENTED_EDGE ( 'NONE', *, *, #4146, .T. ) ;
#5882 = EDGE_LOOP ( 'NONE', ( #1130, #1231, #3442, #1696, #6580, #5995 ) ) ;
#5883 = AXIS2_PLACEMENT_3D ( 'NONE', #3942, #750, #2865 ) ;
#5884 = CIRCLE ( 'NONE', #2542, 1.000000000000000000 ) ;
#5885 = DIRECTION ( 'NONE',  ( -0.000000000000000000, -0.000000000000000000, -1.000000000000000000 ) ) ;
#5886 = CARTESIAN_POINT ( 'NONE',  ( 17.92856625858350839, -10.50000000000000711, 3.500000000000003109 ) ) ;
#5887 = CARTESIAN_POINT ( 'NONE',  ( 80.00000000000001421, -12.69285714285714661, -0.5000000000000004441 ) ) ;
#5888 = LINE ( 'NONE', #533, #4876 ) ;
#5889 = ORIENTED_EDGE ( 'NONE', *, *, #1256, .T. ) ;
#5890 = EDGE_LOOP ( 'NONE', ( #5750, #5963, #2269, #393 ) ) ;
#5891 = EDGE_CURVE ( 'NONE', #1607, #4985, #6177, .T. ) ;
#5892 = DIRECTION ( 'NONE',  ( -1.000000000000000000, 1.259855038418910030E-16, 0.000000000000000000 ) ) ;
#5893 = CARTESIAN_POINT ( 'NONE',  ( 59.39410558132723850, -13.64664565419717945, 91.99722379239923953 ) ) ;
#5894 = DIRECTION ( 'NONE',  ( 0.000000000000000000, 0.000000000000000000, 1.000000000000000000 ) ) ;
#5895 = CARTESIAN_POINT ( 'NONE',  ( -0.05236439395462548496, -11.50000000000000711, -0.5000000000000004441 ) ) ;
#5896 = CARTESIAN_POINT ( 'NONE',  ( -1.052364393954625443, -11.50000000000000711, -0.5000000000000004441 ) ) ;
#5897 = ORIENTED_EDGE ( 'NONE', *, *, #56, .F. ) ;
#5898 = EDGE_LOOP ( 'NONE', ( #3002, #1491, #1582, #57 ) ) ;
#5899 = VECTOR ( 'NONE', #3284, 1000.000000000000000 ) ;
#5900 = EDGE_CURVE ( 'NONE', #2004, #321, #1929, .T. ) ;
#5901 = ORIENTED_EDGE ( 'NONE', *, *, #1729, .T. ) ;
#5902 = DIRECTION ( 'NONE',  ( -0.000000000000000000, -0.000000000000000000, -1.000000000000000000 ) ) ;
#5903 = AXIS2_PLACEMENT_3D ( 'NONE', #1940, #2465, #6829 ) ;
#5904 = CARTESIAN_POINT ( 'NONE',  ( -16.50000000000000355, -11.50000000000000178, -0.5000000000000000000 ) ) ;
#5905 = LINE ( 'NONE', #2813, #3931 ) ;
#5906 = AXIS2_PLACEMENT_3D ( 'NONE', #37, #5356, #1056 ) ;
#5907 = PLANE ( 'NONE',  #547 ) ;
#5908 = ORIENTED_EDGE ( 'NONE', *, *, #75, .T. ) ;
#5909 = EDGE_CURVE ( 'NONE', #2663, #976, #4707, .T. ) ;
#5910 = DIRECTION ( 'NONE',  ( 0.000000000000000000, 1.000000000000000000, 0.000000000000000000 ) ) ;
#5911 = AXIS2_PLACEMENT_3D ( 'NONE', #66, #2635, #2145 ) ;
#5912 = CIRCLE ( 'NONE', #5351, 2.049999999999996270 ) ;
#5913 = DIRECTION ( 'NONE',  ( -0.000000000000000000, -0.000000000000000000, -1.000000000000000000 ) ) ;
#5914 = CARTESIAN_POINT ( 'NONE',  ( -2.750000000000064837, -21.50000000000000000, 0.6999999999999952927 ) ) ;
#5915 = CARTESIAN_POINT ( 'NONE',  ( -14.09999999999999787, -20.00000000000000355, 5.000000000000000888 ) ) ;
#5916 = DIRECTION ( 'NONE',  ( -1.000000000000000000, -1.734723475976805517E-15, 0.000000000000000000 ) ) ;
#5917 = EDGE_LOOP ( 'NONE', ( #1522, #2863, #2156, #6277, #4332, #4463, #2673, #1395, #6271 ) ) ;
#5918 = AXIS2_PLACEMENT_3D ( 'NONE', #764, #4024, #5031 ) ;
#5919 = ORIENTED_EDGE ( 'NONE', *, *, #4498, .T. ) ;
#5920 = ORIENTED_EDGE ( 'NONE', *, *, #5980, .F. ) ;
#5921 = AXIS2_PLACEMENT_3D ( 'NONE', #6292, #970, #5697 ) ;
#5922 = CARTESIAN_POINT ( 'NONE',  ( -15.49999999999999822, -8.500000000000005329, 6.000000000000000000 ) ) ;
#5923 = LINE ( 'NONE', #1594, #6617 ) ;
#5924 = DIRECTION ( 'NONE',  ( 0.000000000000000000, 0.000000000000000000, -1.000000000000000000 ) ) ;
#5925 = CARTESIAN_POINT ( 'NONE',  ( 0.000000000000000000, 0.000000000000000000, -0.5000000000000000000 ) ) ;
#5926 = ORIENTED_EDGE ( 'NONE', *, *, #3842, .F. ) ;
#5927 = AXIS2_PLACEMENT_3D ( 'NONE', #6346, #4808, #5266 ) ;
#5928 = ORIENTED_EDGE ( 'NONE', *, *, #1255, .F. ) ;
#5929 = LINE ( 'NONE', #2595, #2087 ) ;
#5930 = AXIS2_PLACEMENT_3D ( 'NONE', #5117, #4661, #6803 ) ;
#5931 = DIRECTION ( 'NONE',  ( -1.000000000000000000, 0.000000000000000000, 0.000000000000000000 ) ) ;
#5932 = DIRECTION ( 'NONE',  ( -0.000000000000000000, 0.000000000000000000, 1.000000000000000000 ) ) ;
#5933 = CARTESIAN_POINT ( 'NONE',  ( 33.24999999999992895, -19.50000000000000000, 2.750000000000000000 ) ) ;
#5934 = EDGE_CURVE ( 'NONE', #4180, #1704, #2947, .T. ) ;
#5935 = CARTESIAN_POINT ( 'NONE',  ( 63.68607244643996523, -1.408658527960293227, 6.000000000000000000 ) ) ;
#5936 = DIRECTION ( 'NONE',  ( 0.000000000000000000, 0.000000000000000000, -1.000000000000000000 ) ) ;
#5937 = ORIENTED_EDGE ( 'NONE', *, *, #2685, .T. ) ;
#5938 = VERTEX_POINT ( 'NONE', #6774 ) ;
#5939 = VECTOR ( 'NONE', #4716, 1000.000000000000114 ) ;
#5940 = ORIENTED_EDGE ( 'NONE', *, *, #4780, .F. ) ;
#5941 = VECTOR ( 'NONE', #4107, 1000.000000000000000 ) ;
#5942 = LINE ( 'NONE', #27, #1801 ) ;
#5943 = CYLINDRICAL_SURFACE ( 'NONE', #1641, 2.049999999999993161 ) ;
#5945 = PLANE ( 'NONE',  #802 ) ;
#5944 = AXIS2_PLACEMENT_3D ( 'NONE', #5933, #5410, #2235 ) ;
#5946 = EDGE_CURVE ( 'NONE', #178, #2359, #2060, .T. ) ;
#5947 = LINE ( 'NONE', #2774, #211 ) ;
#5948 = ORIENTED_EDGE ( 'NONE', *, *, #1192, .T. ) ;
#5949 = CARTESIAN_POINT ( 'NONE',  ( 80.00000000000001421, -18.50000000000000000, 3.500000000000000000 ) ) ;
#5950 = AXIS2_PLACEMENT_3D ( 'NONE', #5739, #5707, #948 ) ;
#5951 = PLANE ( 'NONE',  #2010 ) ;
#5952 = CARTESIAN_POINT ( 'NONE',  ( 7.300451356145845949, -14.62753688062399071, -55.82353258373179727 ) ) ;
#5953 = EDGE_CURVE ( 'NONE', #4334, #5773, #4606, .T. ) ;
#5954 = EDGE_CURVE ( 'NONE', #2993, #1965, #3046, .T. ) ;
#5955 = CARTESIAN_POINT ( 'NONE',  ( 31.00000000000005684, -19.50000000000001776, 4.914213562373096700 ) ) ;
#5956 = ORIENTED_EDGE ( 'NONE', *, *, #4586, .F. ) ;
#5957 = ORIENTED_EDGE ( 'NONE', *, *, #1131, .T. ) ;
#5958 = ORIENTED_EDGE ( 'NONE', *, *, #4688, .T. ) ;
#5959 = CARTESIAN_POINT ( 'NONE',  ( 75.04257863081805624, -22.60125943429798312, 2.182552026089166208 ) ) ;
#5960 = CARTESIAN_POINT ( 'NONE',  ( 4.468929208867482572, -2.304226675533800339, 3.500000000000000000 ) ) ;
#5961 = DIRECTION ( 'NONE',  ( 1.000000000000000000, 0.000000000000000000, 0.000000000000000000 ) ) ;
#5962 = DIRECTION ( 'NONE',  ( -0.000000000000000000, -0.000000000000000000, -1.000000000000000000 ) ) ;
#5963 = ORIENTED_EDGE ( 'NONE', *, *, #3051, .F. ) ;
#5964 = ORIENTED_EDGE ( 'NONE', *, *, #1273, .T. ) ;
#5965 = VERTEX_POINT ( 'NONE', #4161 ) ;
#5966 = CARTESIAN_POINT ( 'NONE',  ( 68.49814047183672017, -16.63635183822741226, 91.99722379239923953 ) ) ;
#5967 = DIRECTION ( 'NONE',  ( 0.000000000000000000, -1.000000000000000000, 0.000000000000000000 ) ) ;
#5968 = CARTESIAN_POINT ( 'NONE',  ( 35.00000000000000000, 0.000000000000000000, 0.000000000000000000 ) ) ;
#5969 = LINE ( 'NONE', #1292, #2907 ) ;
#5970 = CARTESIAN_POINT ( 'NONE',  ( -4.988272402590862242, -10.50000000000000711, 3.499999999999999556 ) ) ;
#5971 = VERTEX_POINT ( 'NONE', #3148 ) ;
#5972 = ORIENTED_EDGE ( 'NONE', *, *, #4449, .F. ) ;
#5973 = DIRECTION ( 'NONE',  ( -0.9667633338930341491, 0.2556729478064223016, 0.000000000000000000 ) ) ;
#5974 = DIRECTION ( 'NONE',  ( -1.000000000000000000, 0.000000000000000000, -0.000000000000000000 ) ) ;
#5975 = DIRECTION ( 'NONE',  ( 1.000000000000000000, 0.000000000000000000, -0.000000000000000000 ) ) ;
#5976 = FACE_BOUND ( 'NONE', #1029, .T. ) ;
#5977 = ORIENTED_EDGE ( 'NONE', *, *, #6882, .F. ) ;
#5978 = CARTESIAN_POINT ( 'NONE',  ( 76.00000000000001421, 2.500000000000005329, 3.499999999999999556 ) ) ;
#5979 = EDGE_CURVE ( 'NONE', #1285, #6885, #5785, .T. ) ;
#5980 = EDGE_CURVE ( 'NONE', #6534, #6343, #1987, .T. ) ;
#5981 = CARTESIAN_POINT ( 'NONE',  ( 7.368174807915454316, -1.599999999999997424, 6.000000000000000000 ) ) ;
#5982 = DIRECTION ( 'NONE',  ( 0.000000000000000000, -0.000000000000000000, 1.000000000000000000 ) ) ;
#5983 = LINE ( 'NONE', #148, #93 ) ;
#5984 = ORIENTED_EDGE ( 'NONE', *, *, #502, .T. ) ;
#5985 = ORIENTED_EDGE ( 'NONE', *, *, #6149, .T. ) ;
#5986 = ORIENTED_EDGE ( 'NONE', *, *, #3474, .F. ) ;
#5987 = EDGE_CURVE ( 'NONE', #1717, #3494, #139, .T. ) ;
#5988 = ADVANCED_FACE ( 'NONE', ( #1003 ), #6247, .F. ) ;
#5989 = LINE ( 'NONE', #1205, #5694 ) ;
#5990 = DIRECTION ( 'NONE',  ( 1.000000000000000000, 0.000000000000000000, 0.000000000000000000 ) ) ;
#5991 = DIRECTION ( 'NONE',  ( -1.000000000000000000, 0.000000000000000000, 0.000000000000000000 ) ) ;
#5992 = LINE ( 'NONE', #2404, #3535 ) ;
#5993 = EDGE_LOOP ( 'NONE', ( #4711, #4207, #887, #5532 ) ) ;
#5994 = AXIS2_PLACEMENT_3D ( 'NONE', #4948, #2307, #6033 ) ;
#5995 = ORIENTED_EDGE ( 'NONE', *, *, #1211, .F. ) ;
#5996 = VECTOR ( 'NONE', #2772, 1000.000000000000000 ) ;
#5997 = AXIS2_PLACEMENT_3D ( 'NONE', #6526, #3895, #6092 ) ;
#5998 = ADVANCED_FACE ( 'NONE', ( #3590 ), #3008, .F. ) ;
#5999 = DIRECTION ( 'NONE',  ( 0.000000000000000000, 0.000000000000000000, 1.000000000000000000 ) ) ;
#6000 = DIRECTION ( 'NONE',  ( -0.000000000000000000, -0.000000000000000000, -1.000000000000000000 ) ) ;
#6001 = CARTESIAN_POINT ( 'NONE',  ( 66.32573610340175208, -19.33111558823231491, 3.500000000000003109 ) ) ;
#6002 = CARTESIAN_POINT ( 'NONE',  ( 35.49999999999993605, -20.50000000000000000, 4.914213562373096700 ) ) ;
#6003 = CYLINDRICAL_SURFACE ( 'NONE', #870, 1.000000000000000000 ) ;
#6004 = DIRECTION ( 'NONE',  ( 0.000000000000000000, 0.000000000000000000, 1.000000000000000000 ) ) ;
#6005 = ORIENTED_EDGE ( 'NONE', *, *, #169, .F. ) ;
#6006 = EDGE_LOOP ( 'NONE', ( #6396, #878, #1528, #2096, #3193, #6918 ) ) ;
#6007 = CARTESIAN_POINT ( 'NONE',  ( 54.88006213966855285, -17.74527366776648662, 3.500000000000000000 ) ) ;
#6008 = CYLINDRICAL_SURFACE ( 'NONE', #6573, 1.000000000000000888 ) ;
#6009 = CARTESIAN_POINT ( 'NONE',  ( 75.04809503970466267, -19.71107384618346714, 2.189874546556354051 ) ) ;
#6010 = DIRECTION ( 'NONE',  ( 1.000000000000000000, 6.938893903907222067E-15, 0.000000000000000000 ) ) ;
#6011 = VERTEX_POINT ( 'NONE', #5129 ) ;
#6012 = CIRCLE ( 'NONE', #202, 1.000000000000000888 ) ;
#6013 = AXIS2_PLACEMENT_3D ( 'NONE', #824, #5191, #4599 ) ;
#6014 = AXIS2_PLACEMENT_3D ( 'NONE', #391, #4653, #6793 ) ;
#6015 = CARTESIAN_POINT ( 'NONE',  ( 86.31826857315519419, 1.500000000000005995, 0.000000000000000000 ) ) ;
#6016 = DIRECTION ( 'NONE',  ( -1.000000000000000000, 0.000000000000000000, 0.000000000000000000 ) ) ;
#6017 = CARTESIAN_POINT ( 'NONE',  ( 0.5000055650041016486, -20.59406170050329976, 2.593895876029773007 ) ) ;
#6018 = ADVANCED_FACE ( 'NONE', ( #2487 ), #932, .F. ) ;
#6019 = EDGE_LOOP ( 'NONE', ( #6771, #5493, #3567, #3186, #6459, #1863 ) ) ;
#6020 = ADVANCED_FACE ( 'NONE', ( #6285 ), #895, .T. ) ;
#6021 = AXIS2_PLACEMENT_3D ( 'NONE', #6214, #6291, #937 ) ;
#6022 = EDGE_LOOP ( 'NONE', ( #5701, #2203, #5737, #2421, #1803, #1316 ) ) ;
#6023 = AXIS2_PLACEMENT_3D ( 'NONE', #1685, #5872, #517 ) ;
#6024 = ORIENTED_EDGE ( 'NONE', *, *, #826, .F. ) ;
#6025 = CARTESIAN_POINT ( 'NONE',  ( -10.49999999999999822, -1.599999999999995648, -4.000000000000000000 ) ) ;
#6026 = DIRECTION ( 'NONE',  ( 1.000000000000000000, -0.000000000000000000, -0.000000000000000000 ) ) ;
#6027 = VECTOR ( 'NONE', #1072, 1000.000000000000000 ) ;
#6028 = PLANE ( 'NONE',  #2889 ) ;
#6029 = EDGE_CURVE ( 'NONE', #6632, #5681, #5714, .T. ) ;
#6030 = ORIENTED_EDGE ( 'NONE', *, *, #2355, .F. ) ;
#6031 = VECTOR ( 'NONE', #583, 1000.000000000000000 ) ;
#6032 = ORIENTED_EDGE ( 'NONE', *, *, #1109, .F. ) ;
#6033 = DIRECTION ( 'NONE',  ( -1.000000000000000000, 0.000000000000000000, 0.000000000000000000 ) ) ;
#6034 = LINE ( 'NONE', #1709, #5600 ) ;
#6035 = DIRECTION ( 'NONE',  ( -0.000000000000000000, -0.000000000000000000, 1.000000000000000000 ) ) ;
#6036 = DIRECTION ( 'NONE',  ( 0.000000000000000000, 0.000000000000000000, 1.000000000000000000 ) ) ;
#6037 = AXIS2_PLACEMENT_3D ( 'NONE', #1669, #5826, #5296 ) ;
#6038 = EDGE_CURVE ( 'NONE', #794, #4233, #5653, .T. ) ;
#6039 = CARTESIAN_POINT ( 'NONE',  ( -7.368174807915457869, -1.599999999999995426, 0.000000000000000000 ) ) ;
#6040 = CARTESIAN_POINT ( 'NONE',  ( 0.4122776601683184050, -21.00364639817820844, -0.5000000000000004441 ) ) ;
#6041 = ORIENTED_EDGE ( 'NONE', *, *, #5429, .F. ) ;
#6042 = ORIENTED_EDGE ( 'NONE', *, *, #3343, .F. ) ;
#6043 = VECTOR ( 'NONE', #1064, 1000.000000000000000 ) ;
#6044 = PLANE ( 'NONE',  #3366 ) ;
#6045 = DIRECTION ( 'NONE',  ( 1.000000000000000000, 0.000000000000000000, -0.000000000000000000 ) ) ;
#6046 = CARTESIAN_POINT ( 'NONE',  ( 75.01017332594622644, -19.81496438264768045, 2.458976601290429720 ) ) ;
#6047 = CARTESIAN_POINT ( 'NONE',  ( 59.58107973894016141, -19.60516730426150289, 91.99722379239923953 ) ) ;
#6048 = ORIENTED_EDGE ( 'NONE', *, *, #2742, .F. ) ;
#6049 = VECTOR ( 'NONE', #5258, 1000.000000000000114 ) ;
#6050 = VECTOR ( 'NONE', #1070, 1000.000000000000000 ) ;
#6051 = DIRECTION ( 'NONE',  ( -0.000000000000000000, -0.000000000000000000, -1.000000000000000000 ) ) ;
#6052 = PLANE ( 'NONE',  #1047 ) ;
#6053 = CARTESIAN_POINT ( 'NONE',  ( 79.67567567567569142, -11.74691119691119923, 3.500000000000000000 ) ) ;
#6054 = ORIENTED_EDGE ( 'NONE', *, *, #3935, .T. ) ;
#6055 = PRODUCT_RELATED_PRODUCT_CATEGORY ( 'part', '', ( #6740 ) ) ;
#6056 = VERTEX_POINT ( 'NONE', #6814 ) ;
#6057 = VECTOR ( 'NONE', #6235, 1000.000000000000000 ) ;
#6058 = ORIENTED_EDGE ( 'NONE', *, *, #2089, .T. ) ;
#6059 = EDGE_CURVE ( 'NONE', #3479, #6630, #3552, .T. ) ;
#6060 = CARTESIAN_POINT ( 'NONE',  ( -8.849999999999996092, -20.00000000000000355, 5.000000000000000000 ) ) ;
#6061 = CARTESIAN_POINT ( 'NONE',  ( 17.92856625858353681, -10.50000000000000711, -0.5000000000000000000 ) ) ;
#6062 = LINE ( 'NONE', #6629, #6557 ) ;
#6063 = ORIENTED_EDGE ( 'NONE', *, *, #4309, .T. ) ;
#6064 = EDGE_LOOP ( 'NONE', ( #6094, #3435, #2831, #3897 ) ) ;
#6065 = ADVANCED_FACE ( 'NONE', ( #2763 ), #476, .T. ) ;
#6066 = EDGE_CURVE ( 'NONE', #1871, #5185, #88, .T. ) ;
#6067 = CARTESIAN_POINT ( 'NONE',  ( -12.50000000000000533, -20.00000000000000355, 14.05062109405231396 ) ) ;
#6068 = CARTESIAN_POINT ( 'NONE',  ( 81.55000000000001137, 0.4999999999999971689, 6.000000000000000000 ) ) ;
#6069 = DIRECTION ( 'NONE',  ( 0.000000000000000000, -1.000000000000000000, 0.000000000000000000 ) ) ;
#6070 = DIRECTION ( 'NONE',  ( 0.000000000000000000, 0.000000000000000000, 1.000000000000000000 ) ) ;
#6071 = CARTESIAN_POINT ( 'NONE',  ( 31.25000000000000711, -18.50000000000000000, -55.82353258373179727 ) ) ;
#6072 = CARTESIAN_POINT ( 'NONE',  ( -0.7410796501650294132, -15.08425883328870931, -0.5000000000000000000 ) ) ;
#6073 = ORIENTED_EDGE ( 'NONE', *, *, #5469, .F. ) ;
#6074 = EDGE_LOOP ( 'NONE', ( #817, #3225, #4141, #4124, #4566 ) ) ;
#6075 = EDGE_CURVE ( 'NONE', #1257, #1349, #366, .T. ) ;
#6076 = EDGE_CURVE ( 'NONE', #2217, #1386, #4880, .T. ) ;
#6077 = CARTESIAN_POINT ( 'NONE',  ( 1.412277660168312465, -23.50000000000000000, 91.99722379239923953 ) ) ;
#6078 = LINE ( 'NONE', #4411, #1328 ) ;
#6079 = CARTESIAN_POINT ( 'NONE',  ( -25.50000000000000355, -1.599999999999994760, 6.000000000000000000 ) ) ;
#6080 = DIRECTION ( 'NONE',  ( -0.000000000000000000, -0.000000000000000000, 1.000000000000000000 ) ) ;
#6081 = ORIENTED_EDGE ( 'NONE', *, *, #2298, .T. ) ;
#6082 = EDGE_CURVE ( 'NONE', #2218, #3074, #1671, .T. ) ;
#6083 = CARTESIAN_POINT ( 'NONE',  ( 3.000000000000002665, -16.50000000000001066, -0.5000000000000000000 ) ) ;
#6084 = CARTESIAN_POINT ( 'NONE',  ( 21.64625639182108685, -24.50000000000000000, -0.5000000000000004441 ) ) ;
#6085 = CARTESIAN_POINT ( 'NONE',  ( 0.4881617350007069200, -20.61654737765130818, 2.437234858002976789 ) ) ;
#6086 = VERTEX_POINT ( 'NONE', #617 ) ;
#6087 = ORIENTED_EDGE ( 'NONE', *, *, #4801, .T. ) ;
#6088 = ORIENTED_EDGE ( 'NONE', *, *, #4995, .T. ) ;
#6089 = DIRECTION ( 'NONE',  ( -0.000000000000000000, -0.000000000000000000, -1.000000000000000000 ) ) ;
#6090 = FACE_OUTER_BOUND ( 'NONE', #196, .T. ) ;
#6091 = B_SPLINE_CURVE_WITH_KNOTS ( 'NONE', 3,
 ( #2872, #653, #4919, #4984, #194, #692, #2841, #132, #4473, #4953, #2277, #163, #1293, #2382, #3419, #2904, #5022, #4509, #3203, #114, #639, #4759, #5959, #4353 ),
 .UNSPECIFIED., .F., .F.,
 ( 4, 2, 2, 2, 2, 2, 2, 2, 2, 2, 2, 4 ),
 ( 0.001663297919844801669, 0.002320002797540719058, 0.002976707675236636014, 0.003633412552932552969, 0.003961764991780516651, 0.004290117430628481200, 0.004618469869476445749, 0.004946822308324409431, 0.005275174747172373113, 0.005603527186020336795, 0.006260232063716243342, 0.006916936941412149889 ),
 .UNSPECIFIED. ) ;
#6092 = DIRECTION ( 'NONE',  ( 0.000000000000000000, 0.000000000000000000, -1.000000000000000000 ) ) ;
#6093 = ADVANCED_FACE ( 'NONE', ( #4368 ), #4218, .F. ) ;
#6094 = ORIENTED_EDGE ( 'NONE', *, *, #1035, .T. ) ;
#6095 = EDGE_LOOP ( 'NONE', ( #4422, #4390, #5765, #6890 ) ) ;
#6096 = EDGE_LOOP ( 'NONE', ( #5958, #3208, #2383, #6155, #2844, #611, #266, #3951 ) ) ;
#6097 = CARTESIAN_POINT ( 'NONE',  ( 75.08772233983154365, -19.50000000000000000, -7.431795761534271350 ) ) ;
#6098 = CARTESIAN_POINT ( 'NONE',  ( 36.47799055206024832, -21.68833597454967688, 2.365517892064723071 ) ) ;
#6099 = DIRECTION ( 'NONE',  ( 1.000000000000000000, -0.000000000000000000, -0.000000000000000000 ) ) ;
#6100 = LINE ( 'NONE', #2942, #358 ) ;
#6101 = CARTESIAN_POINT ( 'NONE',  ( 0.000000000000000000, 0.000000000000000000, 0.000000000000000000 ) ) ;
#6102 = ORIENTED_EDGE ( 'NONE', *, *, #297, .T. ) ;
#6104 = EDGE_CURVE ( 'NONE', #3862, #1115, #6456, .T. ) ;
#6103 = AXIS2_PLACEMENT_3D ( 'NONE', #1315, #1248, #2829 ) ;
#6105 = ORIENTED_EDGE ( 'NONE', *, *, #4872, .T. ) ;
#6106 = EDGE_LOOP ( 'NONE', ( #2194, #3322, #6220, #2857 ) ) ;
#6107 = DIRECTION ( 'NONE',  ( 1.000000000000000000, 0.000000000000000000, -0.000000000000000000 ) ) ;
#6108 = CARTESIAN_POINT ( 'NONE',  ( -2.750000000000064393, -26.50000000000000000, 4.799999999999995381 ) ) ;
#6109 = LINE ( 'NONE', #5625, #577 ) ;
#6110 = DIRECTION ( 'NONE',  ( 0.000000000000000000, 0.000000000000000000, -1.000000000000000000 ) ) ;
#6111 = VERTEX_POINT ( 'NONE', #1603 ) ;
#6112 = EDGE_CURVE ( 'NONE', #4700, #4203, #6390, .T. ) ;
#6113 = EDGE_CURVE ( 'NONE', #102, #2985, #3836, .T. ) ;
#6114 = DIRECTION ( 'NONE',  ( -1.000000000000000000, 0.000000000000000000, 0.000000000000000000 ) ) ;
#6115 = DIRECTION ( 'NONE',  ( -0.000000000000000000, 0.000000000000000000, 1.000000000000000000 ) ) ;
#6116 = DIRECTION ( 'NONE',  ( -1.000000000000000000, 1.734723475976807094E-15, 0.000000000000000000 ) ) ;
#6117 = AXIS2_PLACEMENT_3D ( 'NONE', #5092, #4056, #2977 ) ;
#6118 = CARTESIAN_POINT ( 'NONE',  ( 0.4452384833780895224, -20.74313696210445102, 2.153206081765456137 ) ) ;
#6119 = ORIENTED_EDGE ( 'NONE', *, *, #3549, .F. ) ;
#6120 = EDGE_CURVE ( 'NONE', #6205, #5042, #3049, .T. ) ;
#6121 = ORIENTED_EDGE ( 'NONE', *, *, #6805, .F. ) ;
#6122 = AXIS2_PLACEMENT_3D ( 'NONE', #5183, #5708, #3168 ) ;
#6123 = ORIENTED_EDGE ( 'NONE', *, *, #4146, .F. ) ;
#6124 = DIRECTION ( 'NONE',  ( -0.000000000000000000, 0.000000000000000000, 1.000000000000000000 ) ) ;
#6125 = DIRECTION ( 'NONE',  ( -1.000000000000000000, 0.000000000000000000, 0.000000000000000000 ) ) ;
#6126 = DIRECTION ( 'NONE',  ( -1.000000000000000000, 0.000000000000000000, 0.000000000000000000 ) ) ;
#6127 = VECTOR ( 'NONE', #4584, 1000.000000000000000 ) ;
#6128 = ORIENTED_EDGE ( 'NONE', *, *, #5269, .F. ) ;
#6129 = ORIENTED_EDGE ( 'NONE', *, *, #2384, .F. ) ;
#6130 = VECTOR ( 'NONE', #5201, 1000.000000000000000 ) ;
#6131 = VECTOR ( 'NONE', #6614, 1000.000000000000000 ) ;
#6132 = DIRECTION ( 'NONE',  ( -1.000000000000000000, 0.000000000000000000, 0.000000000000000000 ) ) ;
#6133 = LINE ( 'NONE', #2544, #1020 ) ;
#6134 = AXIS2_PLACEMENT_3D ( 'NONE', #67, #1652, #5845 ) ;
#6135 = LINE ( 'NONE', #3907, #3941 ) ;
#6136 = CARTESIAN_POINT ( 'NONE',  ( -4.500000000000000000, -1.599999999999995870, 0.000000000000000000 ) ) ;
#6137 = AXIS2_PLACEMENT_3D ( 'NONE', #1569, #2128, #507 ) ;
#6138 = ORIENTED_EDGE ( 'NONE', *, *, #6574, .F. ) ;
#6139 = VECTOR ( 'NONE', #3409, 1000.000000000000000 ) ;
#6140 = VERTEX_POINT ( 'NONE', #6912 ) ;
#6141 = VECTOR ( 'NONE', #1682, 1000.000000000000000 ) ;
#6142 = EDGE_CURVE ( 'NONE', #5302, #1542, #4595, .T. ) ;
#6143 = LINE ( 'NONE', #6244, #3688 ) ;
#6144 = DIRECTION ( 'NONE',  ( 0.000000000000000000, 0.000000000000000000, -1.000000000000000000 ) ) ;
#6145 = CARTESIAN_POINT ( 'NONE',  ( -2.750000000000064837, -21.50000000000000000, 2.749999999999995115 ) ) ;
#6146 = PLANE ( 'NONE',  #3677 ) ;
#6147 = ORIENTED_EDGE ( 'NONE', *, *, #3436, .F. ) ;
#6148 = AXIS2_PLACEMENT_3D ( 'NONE', #2976, #2588, #4084 ) ;
#6149 = EDGE_CURVE ( 'NONE', #3524, #1221, #3317, .T. ) ;
#6150 = LINE ( 'NONE', #4090, #5791 ) ;
#6151 = DIRECTION ( 'NONE',  ( 0.000000000000000000, 0.000000000000000000, -1.000000000000000000 ) ) ;
#6153 = AXIS2_PLACEMENT_3D ( 'NONE', #6735, #6169, #5617 ) ;
#6152 = CARTESIAN_POINT ( 'NONE',  ( 0.6297768039043050159, -12.09749593973045911, -0.5000000000000004441 ) ) ;
#6154 = DIRECTION ( 'NONE',  ( 1.000000000000000000, 0.000000000000000000, 0.000000000000000000 ) ) ;
#6155 = ORIENTED_EDGE ( 'NONE', *, *, #6595, .F. ) ;
#6156 = ORIENTED_EDGE ( 'NONE', *, *, #6387, .F. ) ;
#6157 = CIRCLE ( 'NONE', #4710, 2.000000000000000000 ) ;
#6158 = ORIENTED_EDGE ( 'NONE', *, *, #5084, .F. ) ;
#6159 = EDGE_CURVE ( 'NONE', #6056, #3745, #2716, .T. ) ;
#6160 = LINE ( 'NONE', #1281, #6704 ) ;
#6161 = ADVANCED_FACE ( 'NONE', ( #6424 ), #6348, .F. ) ;
#6162 = CARTESIAN_POINT ( 'NONE',  ( 0.4999972144024032450, -23.90956609761959584, 2.671774212078971367 ) ) ;
#6163 = CARTESIAN_POINT ( 'NONE',  ( 0.000000000000000000, 0.000000000000000000, 3.500000000000000000 ) ) ;
#6164 = CIRCLE ( 'NONE', #1372, 4.499999999999997335 ) ;
#6165 = ORIENTED_EDGE ( 'NONE', *, *, #5662, .T. ) ;
#6166 = VERTEX_POINT ( 'NONE', #5375 ) ;
#6167 = ORIENTED_EDGE ( 'NONE', *, *, #6644, .F. ) ;
#6168 = CARTESIAN_POINT ( 'NONE',  ( 36.49999999999993605, -20.36109254216692221, 3.000419643658844837 ) ) ;
#6169 = DIRECTION ( 'NONE',  ( -0.000000000000000000, -0.000000000000000000, -1.000000000000000000 ) ) ;
#6170 = CARTESIAN_POINT ( 'NONE',  ( -15.50000000000000000, -8.500000000000007105, -0.5000000000000000000 ) ) ;
#6171 = DIRECTION ( 'NONE',  ( 0.000000000000000000, 0.000000000000000000, 1.000000000000000000 ) ) ;
#6172 = AXIS2_PLACEMENT_3D ( 'NONE', #3505, #3999, #3440 ) ;
#6173 = ORIENTED_EDGE ( 'NONE', *, *, #481, .F. ) ;
#6174 = ORIENTED_EDGE ( 'NONE', *, *, #1473, .F. ) ;
#6175 = LINE ( 'NONE', #1396, #120 ) ;
#6176 = CARTESIAN_POINT ( 'NONE',  ( -2.849999999999992095, -18.50000000000000000, 2.749999999999995115 ) ) ;
#6177 = LINE ( 'NONE', #2029, #2830 ) ;
#6178 = CIRCLE ( 'NONE', #6633, 2.000000000000000000 ) ;
#6179 = CARTESIAN_POINT ( 'NONE',  ( -26.00000000000001421, -20.50000000000000000, -4.964194138592089800 ) ) ;
#6180 = ORIENTED_EDGE ( 'NONE', *, *, #1273, .F. ) ;
#6181 = VERTEX_POINT ( 'NONE', #3693 ) ;
#6182 = CARTESIAN_POINT ( 'NONE',  ( -10.49999999999999822, -3.599999999999995648, -4.000000000000000000 ) ) ;
#6183 = LINE ( 'NONE', #6784, #5248 ) ;
#6184 = PLANE ( 'NONE',  #5722 ) ;
#6185 = CARTESIAN_POINT ( 'NONE',  ( 33.24999999999992895, -19.50000000000000000, 2.750000000000000000 ) ) ;
#6186 = CARTESIAN_POINT ( 'NONE',  ( 36.41227766016831424, -19.50000000000000000, 2.000000000000012879 ) ) ;
#6187 = VERTEX_POINT ( 'NONE', #1041 ) ;
#6188 = EDGE_CURVE ( 'NONE', #311, #5177, #6273, .T. ) ;
#6189 = ADVANCED_FACE ( 'NONE', ( #506 ), #1104, .F. ) ;
#6190 = ORIENTED_EDGE ( 'NONE', *, *, #296, .F. ) ;
#6191 = VERTEX_POINT ( 'NONE', #4329 ) ;
#6192 = DIRECTION ( 'NONE',  ( -1.000000000000000000, 0.000000000000000000, 0.000000000000000000 ) ) ;
#6193 = CARTESIAN_POINT ( 'NONE',  ( 21.64625639182109751, -24.50000000000000000, -0.5000000000000000000 ) ) ;
#6194 = DIRECTION ( 'NONE',  ( 1.000000000000000000, -0.000000000000000000, -0.000000000000000000 ) ) ;
#6195 = ORIENTED_EDGE ( 'NONE', *, *, #4768, .F. ) ;
#6196 = EDGE_CURVE ( 'NONE', #2433, #47, #3270, .T. ) ;
#6197 = EDGE_CURVE ( 'NONE', #3574, #2240, #3708, .T. ) ;
#6198 = ORIENTED_EDGE ( 'NONE', *, *, #2065, .F. ) ;
#6199 = DIRECTION ( 'NONE',  ( 1.000000000000000000, 0.000000000000000000, 0.000000000000000000 ) ) ;
#6200 = CARTESIAN_POINT ( 'NONE',  ( -10.49999999999999822, -3.599999999999995648, -1.700000000000000178 ) ) ;
#6201 = DIRECTION ( 'NONE',  ( 0.000000000000000000, 0.000000000000000000, 1.000000000000000000 ) ) ;
#6202 = CARTESIAN_POINT ( 'NONE',  ( 67.03217012925219365, -20.03889448529038475, -0.5000000000000004441 ) ) ;
#6203 = EDGE_LOOP ( 'NONE', ( #427, #5379, #1152, #5032 ) ) ;
#6204 = EDGE_CURVE ( 'NONE', #5755, #302, #1269, .T. ) ;
#6205 = VERTEX_POINT ( 'NONE', #6602 ) ;
#6206 = CARTESIAN_POINT ( 'NONE',  ( 11.87561080813789793, -16.77851033387344870, -55.82353258373179727 ) ) ;
#6207 = CARTESIAN_POINT ( 'NONE',  ( -12.50000000000000355, -10.76794919243113036, 2.000000000000000000 ) ) ;
#6208 = DIRECTION ( 'NONE',  ( 0.000000000000000000, 0.000000000000000000, 1.000000000000000000 ) ) ;
#6209 = CYLINDRICAL_SURFACE ( 'NONE', #3911, 2.000000000000000000 ) ;
#6210 = ORIENTED_EDGE ( 'NONE', *, *, #3436, .T. ) ;
#6211 = VERTEX_POINT ( 'NONE', #3450 ) ;
#6212 = CIRCLE ( 'NONE', #3643, 3.000000000000002665 ) ;
#6213 = VECTOR ( 'NONE', #1944, 1000.000000000000000 ) ;
#6214 = CARTESIAN_POINT ( 'NONE',  ( 74.09113351927761926, -19.41747289689467948, -7.431795761534271350 ) ) ;
#6215 = DIRECTION ( 'NONE',  ( 0.9459459459459459429, 0.3243243243243243423, 0.000000000000000000 ) ) ;
#6216 = DIRECTION ( 'NONE',  ( -1.000000000000000000, 0.000000000000000000, 0.000000000000000000 ) ) ;
#6217 = DIRECTION ( 'NONE',  ( 0.000000000000000000, 0.000000000000000000, 1.000000000000000000 ) ) ;
#6218 = DIRECTION ( 'NONE',  ( 0.000000000000000000, 0.000000000000000000, 1.000000000000000000 ) ) ;
#6219 = ORIENTED_EDGE ( 'NONE', *, *, #3258, .T. ) ;
#6220 = ORIENTED_EDGE ( 'NONE', *, *, #1232, .F. ) ;
#6221 = DIRECTION ( 'NONE',  ( 4.336808689942017120E-17, 1.000000000000000000, 0.000000000000000000 ) ) ;
#6222 = DIRECTION ( 'NONE',  ( -0.000000000000000000, -0.000000000000000000, -1.000000000000000000 ) ) ;
#6223 = EDGE_CURVE ( 'NONE', #5720, #861, #1820, .T. ) ;
#6224 = LINE ( 'NONE', #4101, #3782 ) ;
#6225 = DIRECTION ( 'NONE',  ( -1.000000000000000000, 1.797640907747984631E-16, 0.000000000000000000 ) ) ;
#6226 = ORIENTED_EDGE ( 'NONE', *, *, #48, .T. ) ;
#6227 = PRODUCT_DEFINITION_SHAPE ( 'NONE', 'NONE',  #584 ) ;
#6228 = AXIS2_PLACEMENT_3D ( 'NONE', #6176, #6144, #1955 ) ;
#6229 = ORIENTED_EDGE ( 'NONE', *, *, #4989, .F. ) ;
#6230 = CIRCLE ( 'NONE', #1222, 1.000000000000000888 ) ;
#6231 = CARTESIAN_POINT ( 'NONE',  ( 85.00000000000001421, 1.000000000000001332, 1.725000000000000089 ) ) ;
#6232 = CIRCLE ( 'NONE', #1785, 1.000000000000000000 ) ;
#6233 = ADVANCED_FACE ( 'NONE', ( #5582 ), #3417, .T. ) ;
#6234 = DIRECTION ( 'NONE',  ( 0.000000000000000000, 0.000000000000000000, -1.000000000000000000 ) ) ;
#6235 = DIRECTION ( 'NONE',  ( -0.7313537016191743456, 0.6819983600624943687, 0.000000000000000000 ) ) ;
#6236 = PLANE ( 'NONE',  #6351 ) ;
#6237 = ORIENTED_EDGE ( 'NONE', *, *, #6410, .F. ) ;
#6238 = ORIENTED_EDGE ( 'NONE', *, *, #415, .T. ) ;
#6239 = VECTOR ( 'NONE', #2293, 1000.000000000000000 ) ;
#6240 = AXIS2_PLACEMENT_3D ( 'NONE', #6507, #5342, #4818 ) ;
#6241 = AXIS2_PLACEMENT_3D ( 'NONE', #2710, #3301, #3852 ) ;
#6242 = EDGE_CURVE ( 'NONE', #361, #694, #6100, .T. ) ;
#6243 = EDGE_CURVE ( 'NONE', #1058, #6191, #5516, .T. ) ;
#6244 = CARTESIAN_POINT ( 'NONE',  ( -12.50000000000000711, -26.50000000000000355, 2.000000000000000000 ) ) ;
#6245 = CIRCLE ( 'NONE', #217, 2.000000000000001776 ) ;
#6246 = DIRECTION ( 'NONE',  ( 0.000000000000000000, 0.000000000000000000, -1.000000000000000000 ) ) ;
#6247 = PLANE ( 'NONE',  #4268 ) ;
#6248 = AXIS2_PLACEMENT_3D ( 'NONE', #5271, #544, #3761 ) ;
#6249 = CARTESIAN_POINT ( 'NONE',  ( 5.050000000000002487, -16.50000000000001066, -0.5000000000000000000 ) ) ;
#6250 = ORIENTED_EDGE ( 'NONE', *, *, #6303, .F. ) ;
#6251 = ORIENTED_EDGE ( 'NONE', *, *, #3385, .F. ) ;
#6252 = AXIS2_PLACEMENT_3D ( 'NONE', #4457, #2860, #3339 ) ;
#6253 = B_SPLINE_CURVE_WITH_KNOTS ( 'NONE', 3,
 ( #1749, #3869, #5548, #6563 ),
 .UNSPECIFIED., .F., .F.,
 ( 4, 4 ),
 ( -1.140176450874107955E-05, 0.0008476943825989563877 ),
 .UNSPECIFIED. ) ;
#6254 = CARTESIAN_POINT ( 'NONE',  ( 85.00000000000001421, -8.500000000000003553, 1.000000000000000000 ) ) ;
#6255 = DIRECTION ( 'NONE',  ( -0.000000000000000000, -0.000000000000000000, -1.000000000000000000 ) ) ;
#6256 = CARTESIAN_POINT ( 'NONE',  ( 0.000000000000000000, 0.000000000000000000, 0.5000000000000000000 ) ) ;
#6257 = CARTESIAN_POINT ( 'NONE',  ( -27.50000000000000000, -3.399999999999995914, 4.000000000000000000 ) ) ;
#6258 = CARTESIAN_POINT ( 'NONE',  ( -12.50000000000000355, -8.500000000000007105, 0.5000000000000004441 ) ) ;
#6259 = ORIENTED_EDGE ( 'NONE', *, *, #5728, .T. ) ;
#6260 = VECTOR ( 'NONE', #4443, 1000.000000000000000 ) ;
#6261 = ORIENTED_EDGE ( 'NONE', *, *, #2498, .F. ) ;
#6262 = VECTOR ( 'NONE', #5085, 1000.000000000000000 ) ;
#6264 = EDGE_CURVE ( 'NONE', #1836, #4542, #5391, .T. ) ;
#6263 = DIRECTION ( 'NONE',  ( -0.000000000000000000, -0.000000000000000000, -1.000000000000000000 ) ) ;
#6265 = FACE_OUTER_BOUND ( 'NONE', #2328, .T. ) ;
#6266 = CARTESIAN_POINT ( 'NONE',  ( 30.05470177752417626, -21.59125456056696990, 3.346498499600549792 ) ) ;
#6267 = DIRECTION ( 'NONE',  ( -0.000000000000000000, -0.000000000000000000, -1.000000000000000000 ) ) ;
#6268 = ORIENTED_EDGE ( 'NONE', *, *, #4456, .T. ) ;
#6269 = CIRCLE ( 'NONE', #3160, 1.000000000000000000 ) ;
#6270 = ORIENTED_EDGE ( 'NONE', *, *, #3395, .F. ) ;
#6271 = ORIENTED_EDGE ( 'NONE', *, *, #3135, .T. ) ;
#6272 = FACE_BOUND ( 'NONE', #3831, .T. ) ;
#6273 = CIRCLE ( 'NONE', #6618, 1.000000000000000888 ) ;
#6274 = LINE ( 'NONE', #1493, #4923 ) ;
#6275 = PLANE ( 'NONE',  #5161 ) ;
#6276 = LINE ( 'NONE', #6136, #6575 ) ;
#6277 = ORIENTED_EDGE ( 'NONE', *, *, #6264, .T. ) ;
#6278 = ORIENTED_EDGE ( 'NONE', *, *, #502, .F. ) ;
#6279 = EDGE_CURVE ( 'NONE', #3092, #4245, #6135, .T. ) ;
#6280 = EDGE_CURVE ( 'NONE', #5096, #3805, #2868, .T. ) ;
#6281 = ADVANCED_FACE ( 'NONE', ( #5444 ), #1291, .F. ) ;
#6282 = VECTOR ( 'NONE', #5139, 1000.000000000000000 ) ;
#6283 = DIRECTION ( 'NONE',  ( -1.000000000000000000, 0.000000000000000000, 0.000000000000000000 ) ) ;
#6284 = CARTESIAN_POINT ( 'NONE',  ( 0.9500000000000025091, -16.50000000000001066, 6.000000000000000000 ) ) ;
#6285 = FACE_OUTER_BOUND ( 'NONE', #4664, .T. ) ;
#6286 = CARTESIAN_POINT ( 'NONE',  ( -29.00000000000000000, 0.000000000000000000, 0.000000000000000000 ) ) ;
#6287 = ORIENTED_EDGE ( 'NONE', *, *, #811, .T. ) ;
#6288 = ORIENTED_EDGE ( 'NONE', *, *, #5684, .T. ) ;
#6289 = EDGE_CURVE ( 'NONE', #4180, #4233, #4502, .T. ) ;
#6290 = EDGE_CURVE ( 'NONE', #1706, #6684, #6639, .T. ) ;
#6291 = DIRECTION ( 'NONE',  ( 0.000000000000000000, 0.000000000000000000, -1.000000000000000000 ) ) ;
#6292 = CARTESIAN_POINT ( 'NONE',  ( 89.50000000000001421, -18.50000000000000000, 6.000000000000000000 ) ) ;
#6293 = FACE_OUTER_BOUND ( 'NONE', #983, .T. ) ;
#6294 = DIRECTION ( 'NONE',  ( 0.7071067811865401342, 0.000000000000000000, -0.7071067811865549002 ) ) ;
#6295 = DIRECTION ( 'NONE',  ( 0.9808912264268110359, -0.1945569374730864998, 0.000000000000000000 ) ) ;
#6296 = EDGE_CURVE ( 'NONE', #2415, #471, #5481, .T. ) ;
#6297 = VERTEX_POINT ( 'NONE', #191 ) ;
#6298 = CARTESIAN_POINT ( 'NONE',  ( 1.103821443123443879, -12.97799675178436907, 3.500000000000003109 ) ) ;
#6299 = ORIENTED_EDGE ( 'NONE', *, *, #5295, .F. ) ;
#6300 = DIRECTION ( 'NONE',  ( 0.000000000000000000, 0.000000000000000000, 1.000000000000000000 ) ) ;
#6301 = CARTESIAN_POINT ( 'NONE',  ( 29.08772233983155076, -21.33047371415606719, -7.431795761534271350 ) ) ;
#6302 = CYLINDRICAL_SURFACE ( 'NONE', #6014, 2.049999999999996270 ) ;
#6303 = EDGE_CURVE ( 'NONE', #6661, #34, #4403, .T. ) ;
#6304 = APPLICATION_PROTOCOL_DEFINITION ( 'draft international standard', 'automotive_design', 1998, #273 ) ;
#6305 = ORIENTED_EDGE ( 'NONE', *, *, #2767, .F. ) ;
#6306 = ORIENTED_EDGE ( 'NONE', *, *, #2192, .F. ) ;
#6307 = VERTEX_POINT ( 'NONE', #2340 ) ;
#6308 = CARTESIAN_POINT ( 'NONE',  ( 79.50000000000001421, 0.4999999999999970024, 0.000000000000000000 ) ) ;
#6309 = CARTESIAN_POINT ( 'NONE',  ( -0.9290584113754267737, -17.25000000000000000, 3.500000000000000000 ) ) ;
#6310 = LINE ( 'NONE', #5817, #4806 ) ;
#6311 = ORIENTED_EDGE ( 'NONE', *, *, #1527, .T. ) ;
#6312 = ADVANCED_FACE ( 'NONE', ( #690 ), #1746, .T. ) ;
#6313 = ORIENTED_EDGE ( 'NONE', *, *, #3604, .T. ) ;
#6314 = PLANE ( 'NONE',  #2133 ) ;
#6315 = DIRECTION ( 'NONE',  ( -0.000000000000000000, -0.000000000000000000, -1.000000000000000000 ) ) ;
#6316 = DIRECTION ( 'NONE',  ( 0.000000000000000000, 0.000000000000000000, 1.000000000000000000 ) ) ;
#6317 = EDGE_CURVE ( 'NONE', #6343, #2070, #4434, .T. ) ;
#6318 = CARTESIAN_POINT ( 'NONE',  ( 39.42090488474927668, 0.8400000000000000799, 0.000000000000000000 ) ) ;
#6319 = VERTEX_POINT ( 'NONE', #4470 ) ;
#6320 = ORIENTED_EDGE ( 'NONE', *, *, #4954, .F. ) ;
#6321 = CARTESIAN_POINT ( 'NONE',  ( -22.50000000000000000, -3.399999999999995914, -4.000000000000000000 ) ) ;
#6322 = DIRECTION ( 'NONE',  ( 1.000000000000000000, -1.734723475976807094E-15, 0.000000000000000000 ) ) ;
#6323 = CYLINDRICAL_SURFACE ( 'NONE', #81, 1.000000000000000000 ) ;
#6324 = DIRECTION ( 'NONE',  ( 0.000000000000000000, 0.000000000000000000, 1.000000000000000000 ) ) ;
#6325 = ADVANCED_FACE ( 'NONE', ( #2902 ), #5019, .F. ) ;
#6326 = DIRECTION ( 'NONE',  ( 0.000000000000000000, 0.000000000000000000, 1.000000000000000000 ) ) ;
#6327 = ORIENTED_EDGE ( 'NONE', *, *, #488, .T. ) ;
#6328 = AXIS2_PLACEMENT_3D ( 'NONE', #1707, #1178, #3348 ) ;
#6329 = VECTOR ( 'NONE', #6194, 1000.000000000000000 ) ;
#6330 = VERTEX_POINT ( 'NONE', #6170 ) ;
#6331 = CYLINDRICAL_SURFACE ( 'NONE', #5466, 2.000000000000001776 ) ;
#6332 = CARTESIAN_POINT ( 'NONE',  ( -4.422545647627140752, -10.99552708463976458, -0.5000000000000004441 ) ) ;
#6333 = EDGE_CURVE ( 'NONE', #3040, #6355, #3924, .T. ) ;
#6334 = CARTESIAN_POINT ( 'NONE',  ( 30.07751185814115047, -21.48326980433847311, 2.042164612167577165 ) ) ;
#6335 = DIRECTION ( 'NONE',  ( 0.000000000000000000, 0.000000000000000000, 1.000000000000000000 ) ) ;
#6336 = EDGE_LOOP ( 'NONE', ( #1756, #3641, #4959, #1989 ) ) ;
#6337 = ORIENTED_EDGE ( 'NONE', *, *, #2757, .F. ) ;
#6338 = ORIENTED_EDGE ( 'NONE', *, *, #2582, .F. ) ;
#6339 = DIRECTION ( 'NONE',  ( -1.000000000000000000, -0.000000000000000000, -0.000000000000000000 ) ) ;
#6340 = PLANE ( 'NONE',  #3038 ) ;
#6341 = DIRECTION ( 'NONE',  ( -0.000000000000000000, -0.000000000000000000, -1.000000000000000000 ) ) ;
#6342 = VERTEX_POINT ( 'NONE', #6736 ) ;
#6343 = VERTEX_POINT ( 'NONE', #3107 ) ;
#6344 = VECTOR ( 'NONE', #3616, 1000.000000000000000 ) ;
#6345 = VECTOR ( 'NONE', #3906, 1000.000000000000000 ) ;
#6346 = CARTESIAN_POINT ( 'NONE',  ( -0.05236439395462548496, -11.50000000000000711, 3.500000000000003109 ) ) ;
#6347 = CARTESIAN_POINT ( 'NONE',  ( 35.00000000000000000, 0.000000000000000000, -9.227922061357867634 ) ) ;
#6348 = PLANE ( 'NONE',  #1588 ) ;
#6349 = DIRECTION ( 'NONE',  ( 0.000000000000000000, 0.000000000000000000, 1.000000000000000000 ) ) ;
#6350 = CARTESIAN_POINT ( 'NONE',  ( 59.89558155308108667, -14.76559299485081667, -55.82353258373179727 ) ) ;
#6351 = AXIS2_PLACEMENT_3D ( 'NONE', #886, #3486, #292 ) ;
#6352 = VERTEX_POINT ( 'NONE', #2581 ) ;
#6353 = AXIS2_PLACEMENT_3D ( 'NONE', #5734, #1511, #4199 ) ;
#6354 = ORIENTED_EDGE ( 'NONE', *, *, #1007, .F. ) ;
#6355 = VERTEX_POINT ( 'NONE', #2514 ) ;
#6356 = EDGE_CURVE ( 'NONE', #2405, #5280, #2476, .T. ) ;
#6357 = VECTOR ( 'NONE', #596, 1000.000000000000000 ) ;
#6358 = VECTOR ( 'NONE', #1960, 1000.000000000000000 ) ;
#6359 = VECTOR ( 'NONE', #3858, 1000.000000000000000 ) ;
#6360 = LINE ( 'NONE', #1574, #677 ) ;
#6361 = DIRECTION ( 'NONE',  ( -1.000000000000000000, 0.000000000000000000, 0.000000000000000000 ) ) ;
#6362 = PLANE ( 'NONE',  #5711 ) ;
#6363 = FACE_BOUND ( 'NONE', #2974, .T. ) ;
#6364 = VERTEX_POINT ( 'NONE', #326 ) ;
#6365 = AXIS2_PLACEMENT_3D ( 'NONE', #5830, #3799, #618 ) ;
#6366 = VECTOR ( 'NONE', #2961, 1000.000000000000000 ) ;
#6367 = ORIENTED_EDGE ( 'NONE', *, *, #6636, .T. ) ;
#6368 = ADVANCED_FACE ( 'NONE', ( #5618 ), #6275, .T. ) ;
#6369 = DIRECTION ( 'NONE',  ( 1.000000000000000000, 1.734723475976807094E-15, 0.000000000000000000 ) ) ;
#6370 = FACE_OUTER_BOUND ( 'NONE', #4291, .T. ) ;
#6371 = VECTOR ( 'NONE', #3044, 1000.000000000000000 ) ;
#6372 = FACE_OUTER_BOUND ( 'NONE', #4360, .T. ) ;
#6373 = VERTEX_POINT ( 'NONE', #5678 ) ;
#6374 = VERTEX_POINT ( 'NONE', #1392 ) ;
#6375 = CIRCLE ( 'NONE', #3597, 1.000000000000000000 ) ;
#6376 = CIRCLE ( 'NONE', #3370, 2.000000000000000000 ) ;
#6377 = EDGE_CURVE ( 'NONE', #1967, #1845, #6375, .T. ) ;
#6378 = EDGE_CURVE ( 'NONE', #6056, #470, #2020, .T. ) ;
#6379 = ORIENTED_EDGE ( 'NONE', *, *, #4835, .F. ) ;
#6380 = CARTESIAN_POINT ( 'NONE',  ( 75.01909820294729059, -22.59052552441420048, 3.101814692419273989 ) ) ;
#6381 = CARTESIAN_POINT ( 'NONE',  ( 11.87561080813789793, -16.77851033387344870, 3.500000000000003109 ) ) ;
#6382 = CYLINDRICAL_SURFACE ( 'NONE', #4807, 2.000000000000001776 ) ;
#6383 = LINE ( 'NONE', #574, #2991 ) ;
#6384 = VECTOR ( 'NONE', #2955, 1000.000000000000000 ) ;
#6385 = ORIENTED_EDGE ( 'NONE', *, *, #3219, .T. ) ;
#6386 = ORIENTED_EDGE ( 'NONE', *, *, #968, .F. ) ;
#6387 = EDGE_CURVE ( 'NONE', #2149, #6364, #2438, .T. ) ;
#6388 = DIRECTION ( 'NONE',  ( 1.000000000000000000, -1.211399075402798040E-16, 0.000000000000000000 ) ) ;
#6389 = CARTESIAN_POINT ( 'NONE',  ( -22.50000000000000000, -24.00000000000001421, 6.000000000000000000 ) ) ;
#6390 = LINE ( 'NONE', #4767, #804 ) ;
#6391 = CARTESIAN_POINT ( 'NONE',  ( 7.368174807915457869, 1.400000000000002576, 0.000000000000000000 ) ) ;
#6392 = FACE_OUTER_BOUND ( 'NONE', #5890, .T. ) ;
#6393 = EDGE_CURVE ( 'NONE', #3706, #6670, #3485, .T. ) ;
#6394 = VERTEX_POINT ( 'NONE', #957 ) ;
#6395 = AXIS2_PLACEMENT_3D ( 'NONE', #6449, #6871, #469 ) ;
#6396 = ORIENTED_EDGE ( 'NONE', *, *, #4843, .T. ) ;
#6397 = EDGE_CURVE ( 'NONE', #5361, #4972, #4050, .T. ) ;
#6398 = ORIENTED_EDGE ( 'NONE', *, *, #503, .T. ) ;
#6399 = LINE ( 'NONE', #1644, #1010 ) ;
#6400 = DIRECTION ( 'NONE',  ( 0.000000000000000000, 0.000000000000000000, -1.000000000000000000 ) ) ;
#6401 = LINE ( 'NONE', #5839, #5380 ) ;
#6402 = CYLINDRICAL_SURFACE ( 'NONE', #6023, 4.000000000000000000 ) ;
#6403 = ORIENTED_EDGE ( 'NONE', *, *, #6463, .T. ) ;
#6404 = AXIS2_PLACEMENT_3D ( 'NONE', #2930, #252, #317 ) ;
#6405 = CARTESIAN_POINT ( 'NONE',  ( 1.412277660168339999, -24.50000000000000000, -0.5000000000000000000 ) ) ;
#6406 = DIRECTION ( 'NONE',  ( 1.000000000000000000, 0.000000000000000000, 0.000000000000000000 ) ) ;
#6407 = LINE ( 'NONE', #2745, #3905 ) ;
#6408 = CARTESIAN_POINT ( 'NONE',  ( -12.50000000000000533, -18.50000000000000355, 2.000000000000000000 ) ) ;
#6409 = VERTEX_POINT ( 'NONE', #1419 ) ;
#6410 = EDGE_CURVE ( 'NONE', #4587, #5566, #364, .T. ) ;
#6411 = VERTEX_POINT ( 'NONE', #6841 ) ;
#6412 = ORIENTED_EDGE ( 'NONE', *, *, #4621, .T. ) ;
#6413 = ORIENTED_EDGE ( 'NONE', *, *, #2707, .T. ) ;
#6414 = CARTESIAN_POINT ( 'NONE',  ( 18.12312319605659638, -12.48089122642681659, -0.4999999999999726885 ) ) ;
#6415 = DIRECTION ( 'NONE',  ( -1.000000000000000000, 0.000000000000000000, -0.000000000000000000 ) ) ;
#6416 = CARTESIAN_POINT ( 'NONE',  ( 40.61109605065644246, -3.281097546600489689, 0.9999999999999997780 ) ) ;
#6417 = DIRECTION ( 'NONE',  ( 1.000000000000000000, 3.469446951953611033E-15, 0.000000000000000000 ) ) ;
#6418 = EDGE_CURVE ( 'NONE', #5218, #5413, #924, .T. ) ;
#6419 = EDGE_CURVE ( 'NONE', #4890, #3163, #3514, .T. ) ;
#6420 = EDGE_LOOP ( 'NONE', ( #2574, #2296, #2193, #4593 ) ) ;
#6421 = VERTEX_POINT ( 'NONE', #5157 ) ;
#6422 = FACE_OUTER_BOUND ( 'NONE', #1284, .T. ) ;
#6423 = LINE ( 'NONE', #4217, #4891 ) ;
#6424 = FACE_OUTER_BOUND ( 'NONE', #2054, .T. ) ;
#6425 = EDGE_CURVE ( 'NONE', #2240, #819, #3615, .T. ) ;
#6426 = DIRECTION ( 'NONE',  ( 0.000000000000000000, 1.000000000000000000, 0.000000000000000000 ) ) ;
#6427 = DIRECTION ( 'NONE',  ( 0.000000000000000000, 1.000000000000000000, -0.000000000000000000 ) ) ;
#6428 = ORIENTED_EDGE ( 'NONE', *, *, #3005, .F. ) ;
#6429 = VERTEX_POINT ( 'NONE', #2999 ) ;
#6430 = ORIENTED_EDGE ( 'NONE', *, *, #1953, .T. ) ;
#6431 = CARTESIAN_POINT ( 'NONE',  ( -8.849999999999996092, -18.50000000000000355, 0.5000000000000000000 ) ) ;
#6432 = CARTESIAN_POINT ( 'NONE',  ( 81.00000000000001421, -24.50000000000000000, 91.99722379239923953 ) ) ;
#6433 = CARTESIAN_POINT ( 'NONE',  ( -1.683748498798790960, -14.75000000000000178, 91.99722379239923953 ) ) ;
#6434 = FACE_OUTER_BOUND ( 'NONE', #3531, .T. ) ;
#6435 = EDGE_LOOP ( 'NONE', ( #3642, #5727, #2141, #1185 ) ) ;
#6436 = DIRECTION ( 'NONE',  ( 0.000000000000000000, 0.000000000000000000, 1.000000000000000000 ) ) ;
#6437 = CARTESIAN_POINT ( 'NONE',  ( 93.50000000000001421, -2.399527641708708803, 6.000000000000000000 ) ) ;
#6438 = DIRECTION ( 'NONE',  ( -1.000000000000000000, 3.469446951953611033E-15, 0.000000000000000000 ) ) ;
#6439 = LINE ( 'NONE', #525, #5008 ) ;
#6440 = CARTESIAN_POINT ( 'NONE',  ( 0.000000000000000000, 0.000000000000000000, 0.000000000000000000 ) ) ;
#6441 = ORIENTED_EDGE ( 'NONE', *, *, #2143, .T. ) ;
#6442 = AXIS2_PLACEMENT_3D ( 'NONE', #714, #2368, #183 ) ;
#6443 = ORIENTED_EDGE ( 'NONE', *, *, #678, .F. ) ;
#6444 = ORIENTED_EDGE ( 'NONE', *, *, #5383, .T. ) ;
#6445 = EDGE_CURVE ( 'NONE', #965, #1733, #1978, .T. ) ;
#6446 = CARTESIAN_POINT ( 'NONE',  ( -1.683748498798798732, -17.25000000000000000, -3.914063024657434831 ) ) ;
#6447 = DIRECTION ( 'NONE',  ( 1.000000000000000000, 0.000000000000000000, 0.000000000000000000 ) ) ;
#6448 = CARTESIAN_POINT ( 'NONE',  ( 6.616199132033664831, -1.504226675533800073, 3.500000000000000000 ) ) ;
#6449 = CARTESIAN_POINT ( 'NONE',  ( 29.38890394934356110, -3.281097546600488801, 3.500000000000000444 ) ) ;
#6450 = ORIENTED_EDGE ( 'NONE', *, *, #5235, .T. ) ;
#6451 = ORIENTED_EDGE ( 'NONE', *, *, #3343, .T. ) ;
#6452 = EDGE_CURVE ( 'NONE', #1812, #2024, #4149, .T. ) ;
#6453 = DIRECTION ( 'NONE',  ( 0.9094744755858001906, -0.4157597602677942095, -0.000000000000000000 ) ) ;
#6454 = LINE ( 'NONE', #473, #5370 ) ;
#6455 = LINE ( 'NONE', #3796, #5899 ) ;
#6456 = LINE ( 'NONE', #3797, #2835 ) ;
#6457 = DIRECTION ( 'NONE',  ( 0.7071067811865549002, 0.000000000000000000, 0.7071067811865401342 ) ) ;
#6458 = FACE_OUTER_BOUND ( 'NONE', #2048, .T. ) ;
#6459 = ORIENTED_EDGE ( 'NONE', *, *, #254, .T. ) ;
#6460 = ORIENTED_EDGE ( 'NONE', *, *, #3209, .F. ) ;
#6461 = VECTOR ( 'NONE', #1366, 999.9999999999998863 ) ;
#6462 = EDGE_LOOP ( 'NONE', ( #248, #6502, #588, #5415 ) ) ;
#6463 = EDGE_CURVE ( 'NONE', #4821, #2530, #2545, .T. ) ;
#6464 = EDGE_CURVE ( 'NONE', #2300, #1199, #6310, .T. ) ;
#6465 = DIRECTION ( 'NONE',  ( 0.000000000000000000, 1.000000000000000000, 0.000000000000000000 ) ) ;
#6466 = VECTOR ( 'NONE', #4081, 1000.000000000000000 ) ;
#6467 = DIRECTION ( 'NONE',  ( -0.000000000000000000, -0.000000000000000000, -1.000000000000000000 ) ) ;
#6468 = DIRECTION ( 'NONE',  ( 0.000000000000000000, 0.000000000000000000, 1.000000000000000000 ) ) ;
#6469 = AXIS2_PLACEMENT_3D ( 'NONE', #6530, #3835, #6601 ) ;
#6470 = DIRECTION ( 'NONE',  ( -0.000000000000000000, -1.000000000000000000, -0.000000000000000000 ) ) ;
#6471 = EDGE_LOOP ( 'NONE', ( #1772, #655 ) ) ;
#6472 = DIRECTION ( 'NONE',  ( -1.000000000000000000, 0.000000000000000000, 0.000000000000000000 ) ) ;
#6473 = AXIS2_PLACEMENT_3D ( 'NONE', #3525, #6678, #6715 ) ;
#6474 = CIRCLE ( 'NONE', #5014, 1.600000000000000089 ) ;
#6475 = DIRECTION ( 'NONE',  ( -0.6588932476030266994, -0.7522364576801211511, 0.000000000000000000 ) ) ;
#6476 = DIRECTION ( 'NONE',  ( 0.000000000000000000, 0.000000000000000000, -1.000000000000000000 ) ) ;
#6477 = VECTOR ( 'NONE', #2764, 1000.000000000000000 ) ;
#6478 = DIRECTION ( 'NONE',  ( -1.000000000000000000, 0.000000000000000000, 0.000000000000000000 ) ) ;
#6479 = ORIENTED_EDGE ( 'NONE', *, *, #4529, .F. ) ;
#6480 = VECTOR ( 'NONE', #3081, 1000.000000000000000 ) ;
#6481 = ORIENTED_EDGE ( 'NONE', *, *, #466, .F. ) ;
#6482 = ORIENTED_EDGE ( 'NONE', *, *, #2451, .F. ) ;
#6483 = VECTOR ( 'NONE', #1171, 1000.000000000000000 ) ;
#6484 = LINE ( 'NONE', #6446, #5586 ) ;
#6485 = EDGE_CURVE ( 'NONE', #6866, #2676, #3720, .T. ) ;
#6486 = DIRECTION ( 'NONE',  ( 0.000000000000000000, -1.000000000000000000, 0.000000000000000000 ) ) ;
#6487 = FACE_OUTER_BOUND ( 'NONE', #5780, .T. ) ;
#6488 = DIRECTION ( 'NONE',  ( -0.000000000000000000, -0.000000000000000000, -1.000000000000000000 ) ) ;
#6489 = ORIENTED_EDGE ( 'NONE', *, *, #2316, .T. ) ;
#6490 = AXIS2_PLACEMENT_3D ( 'NONE', #6567, #1187, #5489 ) ;
#6491 = ORIENTED_EDGE ( 'NONE', *, *, #2758, .F. ) ;
#6492 = LINE ( 'NONE', #646, #631 ) ;
#6493 = AXIS2_PLACEMENT_3D ( 'NONE', #3513, #1915, #1418 ) ;
#6494 = CARTESIAN_POINT ( 'NONE',  ( 36.49999721440238432, -21.74003981177567013, 2.671774212078965594 ) ) ;
#6495 = LINE ( 'NONE', #1710, #2908 ) ;
#6496 = CARTESIAN_POINT ( 'NONE',  ( 30.08772233983282618, -20.09042769776292658, 3.500000000000000000 ) ) ;
#6497 = DIRECTION ( 'NONE',  ( -1.000000000000000000, -7.142979018728034897E-16, 0.000000000000000000 ) ) ;
#6498 = CYLINDRICAL_SURFACE ( 'NONE', #551, 1.000000000000000888 ) ;
#6499 = EDGE_CURVE ( 'NONE', #5110, #5088, #3036, .T. ) ;
#6500 = VERTEX_POINT ( 'NONE', #5855 ) ;
#6501 = ADVANCED_FACE ( 'NONE', ( #4213 ), #3750, .T. ) ;
#6502 = ORIENTED_EDGE ( 'NONE', *, *, #1679, .T. ) ;
#6503 = VECTOR ( 'NONE', #625, 1000.000000000000000 ) ;
#6504 = ORIENTED_EDGE ( 'NONE', *, *, #6805, .T. ) ;
#6505 = AXIS2_PLACEMENT_3D ( 'NONE', #5402, #4943, #3275 ) ;
#6506 = LINE ( 'NONE', #2698, #5136 ) ;
#6507 = CARTESIAN_POINT ( 'NONE',  ( 0.000000000000000000, 0.000000000000000000, 0.000000000000000000 ) ) ;
#6509 = LINE ( 'NONE', #2249, #6616 ) ;
#6508 = AXIS2_PLACEMENT_3D ( 'NONE', #6145, #237, #2350 ) ;
#6510 = DIRECTION ( 'NONE',  ( -0.000000000000000000, -0.000000000000000000, -1.000000000000000000 ) ) ;
#6511 = ORIENTED_EDGE ( 'NONE', *, *, #2647, .T. ) ;
#6512 = EDGE_CURVE ( 'NONE', #3365, #602, #3648, .T. ) ;
#6513 = EDGE_CURVE ( 'NONE', #5464, #3723, #2722, .T. ) ;
#6514 = DIRECTION ( 'NONE',  ( -0.000000000000000000, 0.000000000000000000, 1.000000000000000000 ) ) ;
#6515 = CARTESIAN_POINT ( 'NONE',  ( 37.41227766016831424, -21.33047371415610627, -55.82353258373179727 ) ) ;
#6516 = CYLINDRICAL_SURFACE ( 'NONE', #6134, 1.600000000000004086 ) ;
#6517 = DIRECTION ( 'NONE',  ( -1.000000000000000000, -3.469446951953614189E-15, 0.000000000000000000 ) ) ;
#6518 = VECTOR ( 'NONE', #2467, 1000.000000000000000 ) ;
#6519 = ORIENTED_EDGE ( 'NONE', *, *, #3713, .T. ) ;
#6520 = ADVANCED_FACE ( 'NONE', ( #5404 ), #5778, .F. ) ;
#6521 = ORIENTED_EDGE ( 'NONE', *, *, #6574, .T. ) ;
#6522 = VERTEX_POINT ( 'NONE', #3241 ) ;
#6523 = CARTESIAN_POINT ( 'NONE',  ( -11.50000000000000533, -12.50000000000000711, 2.000000000000000000 ) ) ;
#6524 = FACE_OUTER_BOUND ( 'NONE', #844, .T. ) ;
#6525 = PLANE ( 'NONE',  #3698 ) ;
#6526 = CARTESIAN_POINT ( 'NONE',  ( 78.24999999999992895, -19.50000000000000000, 2.750000000000000000 ) ) ;
#6527 = VERTEX_POINT ( 'NONE', #4252 ) ;
#6528 = ORIENTED_EDGE ( 'NONE', *, *, #1589, .T. ) ;
#6529 = CARTESIAN_POINT ( 'NONE',  ( -26.00000000000001776, -20.49999999999999645, 4.000000000000001776 ) ) ;
#6530 = CARTESIAN_POINT ( 'NONE',  ( 3.000000000000002665, -16.50000000000001066, -4.000999999999999446 ) ) ;
#6531 = CARTESIAN_POINT ( 'NONE',  ( 1.103821443123443879, -12.97799675178436907, 91.99722379239923953 ) ) ;
#6532 = DIRECTION ( 'NONE',  ( 0.000000000000000000, 0.000000000000000000, 1.000000000000000000 ) ) ;
#6533 = CARTESIAN_POINT ( 'NONE',  ( 85.00000000000001421, -26.50000000000000355, -0.5000000000000000000 ) ) ;
#6534 = VERTEX_POINT ( 'NONE', #12 ) ;
#6535 = ORIENTED_EDGE ( 'NONE', *, *, #6757, .T. ) ;
#6536 = EDGE_CURVE ( 'NONE', #3420, #2640, #5888, .T. ) ;
#6537 = CARTESIAN_POINT ( 'NONE',  ( -7.349999999999995204, -26.50000000000000355, 0.5000000000000000000 ) ) ;
#6538 = PLANE ( 'NONE',  #3507 ) ;
#6539 = CARTESIAN_POINT ( 'NONE',  ( 75.00999739102043407, -19.81539910930773019, 3.039478312650048863 ) ) ;
#6540 = CARTESIAN_POINT ( 'NONE',  ( 0.000000000000000000, 0.000000000000000000, 3.500000000000000000 ) ) ;
#6541 = ORIENTED_EDGE ( 'NONE', *, *, #254, .F. ) ;
#6542 = DIRECTION ( 'NONE',  ( -0.000000000000000000, -0.000000000000000000, -1.000000000000000000 ) ) ;
#6543 = EDGE_CURVE ( 'NONE', #4821, #464, #3686, .T. ) ;
#6544 = DIRECTION ( 'NONE',  ( -0.000000000000000000, -0.000000000000000000, 1.000000000000000000 ) ) ;
#6545 = DIRECTION ( 'NONE',  ( -1.000000000000000000, 0.000000000000000000, 0.000000000000000000 ) ) ;
#6546 = DIRECTION ( 'NONE',  ( 0.000000000000000000, 0.000000000000000000, -1.000000000000000000 ) ) ;
#6547 = VERTEX_POINT ( 'NONE', #5368 ) ;
#6548 = EDGE_LOOP ( 'NONE', ( #3603, #5398, #184, #1496 ) ) ;
#6549 = EDGE_LOOP ( 'NONE', ( #2531, #4863, #4510, #1732 ) ) ;
#6550 = EDGE_CURVE ( 'NONE', #1038, #376, #6383, .T. ) ;
#6551 = CARTESIAN_POINT ( 'NONE',  ( 65.57909511525072332, 0.8399999999999984146, 3.499999999999996003 ) ) ;
#6552 = LINE ( 'NONE', #3892, #1383 ) ;
#6553 = DIRECTION ( 'NONE',  ( 0.9459459459459459429, 0.3243243243243243423, 0.000000000000000000 ) ) ;
#6554 = ORIENTED_EDGE ( 'NONE', *, *, #2788, .T. ) ;
#6555 = STYLED_ITEM ( 'NONE', ( #2728 ), #1127 ) ;
#6556 = ORIENTED_EDGE ( 'NONE', *, *, #3226, .F. ) ;
#6557 = VECTOR ( 'NONE', #4396, 1000.000000000000000 ) ;
#6558 = FACE_OUTER_BOUND ( 'NONE', #4958, .T. ) ;
#6559 = CARTESIAN_POINT ( 'NONE',  ( 28.68607244643995458, -1.408658527960294116, 3.500000000000000000 ) ) ;
#6560 = DIRECTION ( 'NONE',  ( 0.000000000000000000, 0.000000000000000000, 1.000000000000000000 ) ) ;
#6561 = CARTESIAN_POINT ( 'NONE',  ( 89.00000000000001421, -4.000000000000000000, 1.725000000000000089 ) ) ;
#6562 = DIRECTION ( 'NONE',  ( 1.000000000000000000, 0.000000000000000000, -0.000000000000000000 ) ) ;
#6563 = CARTESIAN_POINT ( 'NONE',  ( 36.41227766016831424, -20.09042769776545967, 2.000000000000012879 ) ) ;
#6564 = ORIENTED_EDGE ( 'NONE', *, *, #1035, .F. ) ;
#6565 = VERTEX_POINT ( 'NONE', #4840 ) ;
#6566 = VERTEX_POINT ( 'NONE', #499 ) ;
#6567 = CARTESIAN_POINT ( 'NONE',  ( -2.750000000000064837, -21.50000000000000000, 2.749999999999995115 ) ) ;
#6568 = DIRECTION ( 'NONE',  ( -1.000000000000000000, 0.000000000000000000, 0.000000000000000000 ) ) ;
#6569 = CARTESIAN_POINT ( 'NONE',  ( 35.00000000000000000, 0.000000000000000000, 0.000000000000000000 ) ) ;
#6570 = VECTOR ( 'NONE', #4078, 1000.000000000000000 ) ;
#6571 = CARTESIAN_POINT ( 'NONE',  ( 72.68750000000001421, -11.50000000000000711, 91.99722379239923953 ) ) ;
#6572 = ORIENTED_EDGE ( 'NONE', *, *, #3631, .F. ) ;
#6573 = AXIS2_PLACEMENT_3D ( 'NONE', #1227, #729, #2949 ) ;
#6574 = EDGE_CURVE ( 'NONE', #4795, #683, #995, .T. ) ;
#6575 = VECTOR ( 'NONE', #4051, 1000.000000000000000 ) ;
#6576 = CIRCLE ( 'NONE', #6685, 1.000000000000000000 ) ;
#6577 = DIRECTION ( 'NONE',  ( -0.000000000000000000, -0.000000000000000000, -1.000000000000000000 ) ) ;
#6578 = CARTESIAN_POINT ( 'NONE',  ( 65.55000000000001137, -16.50000000000000355, -0.5000000000000000000 ) ) ;
#6579 = PLANE ( 'NONE',  #3127 ) ;
#6580 = ORIENTED_EDGE ( 'NONE', *, *, #2330, .T. ) ;
#6581 = ADVANCED_FACE ( 'NONE', ( #3206, #5292, #4870, #46, #2645, #4762, #1597, #5323, #2190, #3141, #1661 ), #3788, .T. ) ;
#6582 = ORIENTED_EDGE ( 'NONE', *, *, #6748, .T. ) ;
#6583 = VECTOR ( 'NONE', #6326, 1000.000000000000000 ) ;
#6584 = EDGE_CURVE ( 'NONE', #4632, #5076, #2083, .T. ) ;
#6585 = ORIENTED_EDGE ( 'NONE', *, *, #3287, .T. ) ;
#6586 = VECTOR ( 'NONE', #3710, 1000.000000000000000 ) ;
#6587 = CARTESIAN_POINT ( 'NONE',  ( -5.500000000000000000, -1.599999999999995648, -11.89803902718557005 ) ) ;
#6588 = AXIS2_PLACEMENT_3D ( 'NONE', #2253, #1162, #3297 ) ;
#6589 = AXIS2_PLACEMENT_3D ( 'NONE', #5542, #5015, #883 ) ;
#6590 = CARTESIAN_POINT ( 'NONE',  ( 0.4576492879574808326, -23.79940352162432404, 2.222045891219265101 ) ) ;
#6591 = VECTOR ( 'NONE', #4120, 1000.000000000000000 ) ;
#6592 = EDGE_CURVE ( 'NONE', #4542, #6818, #4358, .T. ) ;
#6593 = CARTESIAN_POINT ( 'NONE',  ( 78.24999999999992895, -19.50000000000000000, 2.750000000000000000 ) ) ;
#6594 = ORIENTED_EDGE ( 'NONE', *, *, #6922, .T. ) ;
#6595 = EDGE_CURVE ( 'NONE', #1221, #4013, #2862, .T. ) ;
#6596 = EDGE_CURVE ( 'NONE', #6319, #3518, #6775, .T. ) ;
#6597 = ORIENTED_EDGE ( 'NONE', *, *, #2786, .F. ) ;
#6598 = AXIS2_PLACEMENT_3D ( 'NONE', #6657, #6089, #3998 ) ;
#6599 = CARTESIAN_POINT ( 'NONE',  ( -22.50000000000000000, -6.099999999999996092, 2.000000000000000000 ) ) ;
#6600 = LINE ( 'NONE', #4914, #2478 ) ;
#6601 = DIRECTION ( 'NONE',  ( 1.000000000000000000, 0.000000000000000000, 0.000000000000000000 ) ) ;
#6602 = CARTESIAN_POINT ( 'NONE',  ( 33.40000000000000568, 0.000000000000000000, 0.000000000000000000 ) ) ;
#6603 = AXIS2_PLACEMENT_3D ( 'NONE', #50, #2649, #1001 ) ;
#6604 = LINE ( 'NONE', #6039, #5341 ) ;
#6605 = CARTESIAN_POINT ( 'NONE',  ( 75.07228386679619803, -22.61659658045896393, 3.434905682150930950 ) ) ;
#6606 = ORIENTED_EDGE ( 'NONE', *, *, #5057, .T. ) ;
#6607 = ADVANCED_FACE ( 'NONE', ( #1738 ), #746, .T. ) ;
#6608 = ORIENTED_EDGE ( 'NONE', *, *, #696, .T. ) ;
#6609 = VECTOR ( 'NONE', #849, 1000.000000000000000 ) ;
#6610 = CIRCLE ( 'NONE', #6493, 4.500000000000003553 ) ;
#6611 = DIRECTION ( 'NONE',  ( 0.1945569374730865830, -0.9808912264268110359, 0.000000000000000000 ) ) ;
#6612 = CARTESIAN_POINT ( 'NONE',  ( 78.24999999999992895, -19.50000000000000000, 2.750000000000000000 ) ) ;
#6613 = PLANE ( 'NONE',  #1826 ) ;
#6614 = DIRECTION ( 'NONE',  ( 1.000000000000000000, 1.261617073437677999E-16, -0.000000000000000000 ) ) ;
#6615 = ORIENTED_EDGE ( 'NONE', *, *, #4448, .T. ) ;
#6616 = VECTOR ( 'NONE', #5307, 1000.000000000000000 ) ;
#6617 = VECTOR ( 'NONE', #1138, 1000.000000000000000 ) ;
#6618 = AXIS2_PLACEMENT_3D ( 'NONE', #3182, #5894, #2731 ) ;
#6619 = FACE_OUTER_BOUND ( 'NONE', #2221, .T. ) ;
#6620 = CYLINDRICAL_SURFACE ( 'NONE', #2015, 1.000000000000000888 ) ;
#6621 = DIRECTION ( 'NONE',  ( 0.000000000000000000, 0.000000000000000000, 1.000000000000000000 ) ) ;
#6622 = VERTEX_POINT ( 'NONE', #4907 ) ;
#6623 = AXIS2_PLACEMENT_3D ( 'NONE', #4320, #6341, #6417 ) ;
#6624 = VERTEX_POINT ( 'NONE', #1809 ) ;
#6625 = EDGE_LOOP ( 'NONE', ( #2945, #3242, #5104, #6032 ) ) ;
#6626 = CARTESIAN_POINT ( 'NONE',  ( 70.00000000000000000, 0.000000000000000000, -9.227922061357867634 ) ) ;
#6627 = CARTESIAN_POINT ( 'NONE',  ( 81.00000000000001421, -18.50000000000000000, 3.500000000000003109 ) ) ;
#6628 = EDGE_CURVE ( 'NONE', #709, #6565, #3861, .T. ) ;
#6629 = CARTESIAN_POINT ( 'NONE',  ( -5.500000000000000000, -1.599999999999995870, -1.700000000000000178 ) ) ;
#6630 = VERTEX_POINT ( 'NONE', #682 ) ;
#6631 = EDGE_LOOP ( 'NONE', ( #5712, #6764, #3011, #6190 ) ) ;
#6632 = VERTEX_POINT ( 'NONE', #1283 ) ;
#6633 = AXIS2_PLACEMENT_3D ( 'NONE', #1994, #4168, #307 ) ;
#6634 = DIRECTION ( 'NONE',  ( 1.000000000000000000, 0.000000000000000000, 0.000000000000000000 ) ) ;
#6635 = EDGE_CURVE ( 'NONE', #360, #6086, #5884, .T. ) ;
#6636 = EDGE_CURVE ( 'NONE', #6011, #3889, #4427, .T. ) ;
#6637 = CARTESIAN_POINT ( 'NONE',  ( 36.42248814185871453, -21.48326980433851929, 3.457835387832403296 ) ) ;
#6638 = DIRECTION ( 'NONE',  ( -0.000000000000000000, 0.000000000000000000, 1.000000000000000000 ) ) ;
#6639 = LINE ( 'NONE', #3867, #1829 ) ;
#6640 = DIRECTION ( 'NONE',  ( 0.000000000000000000, 0.000000000000000000, 1.000000000000000000 ) ) ;
#6641 = DIRECTION ( 'NONE',  ( -1.000000000000000000, 0.000000000000000000, 0.000000000000000000 ) ) ;
#6642 = ORIENTED_EDGE ( 'NONE', *, *, #2398, .F. ) ;
#6643 = VERTEX_POINT ( 'NONE', #2266 ) ;
#6644 = EDGE_CURVE ( 'NONE', #5848, #4035, #3753, .T. ) ;
#6645 = CYLINDRICAL_SURFACE ( 'NONE', #1128, 2.049999999999996270 ) ;
#6646 = CARTESIAN_POINT ( 'NONE',  ( 77.45000000000001705, 0.4999999999999970024, 6.000000000000000000 ) ) ;
#6647 = CYLINDRICAL_SURFACE ( 'NONE', #6508, 2.049999999999999822 ) ;
#6648 = FACE_OUTER_BOUND ( 'NONE', #4214, .T. ) ;
#6649 = EDGE_LOOP ( 'NONE', ( #1335, #4462, #4208, #6337 ) ) ;
#6650 = FACE_OUTER_BOUND ( 'NONE', #2063, .T. ) ;
#6651 = FACE_OUTER_BOUND ( 'NONE', #4755, .T. ) ;
#6652 = DIRECTION ( 'NONE',  ( 0.000000000000000000, 0.000000000000000000, -1.000000000000000000 ) ) ;
#6653 = CARTESIAN_POINT ( 'NONE',  ( -7.849999999999996092, -26.50000000000000355, 0.5000000000000000000 ) ) ;
#6654 = EDGE_LOOP ( 'NONE', ( #2178, #265, #2305, #620 ) ) ;
#6655 = ORIENTED_EDGE ( 'NONE', *, *, #6377, .F. ) ;
#6656 = ORIENTED_EDGE ( 'NONE', *, *, #6243, .T. ) ;
#6657 = CARTESIAN_POINT ( 'NONE',  ( 3.000000000000002665, -16.50000000000001066, 3.500000000000003109 ) ) ;
#6658 = CARTESIAN_POINT ( 'NONE',  ( -1.938238520644472722E-16, -1.599999999999996536, 6.000000000000000000 ) ) ;
#6659 = CARTESIAN_POINT ( 'NONE',  ( -13.50000000000000533, -14.50000000000000178, 3.499999999999999556 ) ) ;
#6660 = ORIENTED_EDGE ( 'NONE', *, *, #6710, .F. ) ;
#6661 = VERTEX_POINT ( 'NONE', #5507 ) ;
#6662 = EDGE_CURVE ( 'NONE', #3617, #2696, #2333, .T. ) ;
#6663 = ADVANCED_FACE ( 'NONE', ( #4460 ), #6028, .F. ) ;
#6664 = DIRECTION ( 'NONE',  ( -0.000000000000000000, -0.000000000000000000, 1.000000000000000000 ) ) ;
#6665 = DIRECTION ( 'NONE',  ( 0.9808912264268110359, 0.1945569374730864720, 0.000000000000000000 ) ) ;
#6666 = DIRECTION ( 'NONE',  ( -0.000000000000000000, -0.000000000000000000, -1.000000000000000000 ) ) ;
#6667 = DIRECTION ( 'NONE',  ( 0.9808912264268110359, -0.1945569374730866385, -0.000000000000000000 ) ) ;
#6668 = ORIENTED_EDGE ( 'NONE', *, *, #2280, .F. ) ;
#6669 = VECTOR ( 'NONE', #1654, 1000.000000000000000 ) ;
#6670 = VERTEX_POINT ( 'NONE', #3936 ) ;
#6671 = EDGE_CURVE ( 'NONE', #3444, #5849, #6062, .T. ) ;
#6672 = PLANE ( 'NONE',  #1692 ) ;
#6673 = CARTESIAN_POINT ( 'NONE',  ( 59.58107973894016141, -19.60516730426150289, 3.500000000000003109 ) ) ;
#6674 = CARTESIAN_POINT ( 'NONE',  ( 75.00002662938503306, -19.83450205469883443, 2.604803291746181859 ) ) ;
#6675 = CYLINDRICAL_SURFACE ( 'NONE', #4573, 1.000000000000000888 ) ;
#6676 = ORIENTED_EDGE ( 'NONE', *, *, #4995, .F. ) ;
#6677 = EDGE_CURVE ( 'NONE', #3789, #5186, #4323, .T. ) ;
#6678 = DIRECTION ( 'NONE',  ( -0.000000000000000000, -0.000000000000000000, -1.000000000000000000 ) ) ;
#6679 = CARTESIAN_POINT ( 'NONE',  ( 74.60333844267950099, -23.50000000000000000, -55.82353258373179727 ) ) ;
#6680 = CARTESIAN_POINT ( 'NONE',  ( 3.000000000000002665, -16.50000000000001066, 6.000000000000000000 ) ) ;
#6681 = VECTOR ( 'NONE', #2484, 1000.000000000000000 ) ;
#6682 = DIRECTION ( 'NONE',  ( 0.000000000000000000, 0.000000000000000000, -1.000000000000000000 ) ) ;
#6683 = ORIENTED_EDGE ( 'NONE', *, *, #5124, .F. ) ;
#6684 = VERTEX_POINT ( 'NONE', #3968 ) ;
#6685 = AXIS2_PLACEMENT_3D ( 'NONE', #1519, #3130, #981 ) ;
#6686 = ORIENTED_EDGE ( 'NONE', *, *, #5262, .F. ) ;
#6687 = CARTESIAN_POINT ( 'NONE',  ( -7.368174807915457869, 1.400000000000004352, -1.699999999999999734 ) ) ;
#6688 = CARTESIAN_POINT ( 'NONE',  ( 0.4122776601683184050, -23.50000000000000000, 3.500000000000000000 ) ) ;
#6689 = AXIS2_PLACEMENT_3D ( 'NONE', #6791, #6263, #457 ) ;
#6690 = FACE_OUTER_BOUND ( 'NONE', #3359, .T. ) ;
#6691 = VECTOR ( 'NONE', #2561, 1000.000000000000000 ) ;
#6692 = ORIENTED_EDGE ( 'NONE', *, *, #1163, .T. ) ;
#6693 = VERTEX_POINT ( 'NONE', #5538 ) ;
#6694 = EDGE_CURVE ( 'NONE', #5464, #4423, #6781, .T. ) ;
#6695 = AXIS2_PLACEMENT_3D ( 'NONE', #379, #2556, #4677 ) ;
#6696 = VECTOR ( 'NONE', #2765, 1000.000000000000000 ) ;
#6697 = CARTESIAN_POINT ( 'NONE',  ( 36.49999999999993605, -20.50000000000000000, 2.750000000000000000 ) ) ;
#6698 = LINE ( 'NONE', #821, #4043 ) ;
#6699 = CIRCLE ( 'NONE', #5017, 1.000000000000000000 ) ;
#6700 = DIRECTION ( 'NONE',  ( 1.000000000000000000, -1.211399075402798040E-16, 0.000000000000000000 ) ) ;
#6701 = CARTESIAN_POINT ( 'NONE',  ( 30.08772233983155431, -19.50000000000000000, 3.500000000000000000 ) ) ;
#6702 = CIRCLE ( 'NONE', #2809, 1.000000000000000888 ) ;
#6703 = ORIENTED_EDGE ( 'NONE', *, *, #4789, .T. ) ;
#6704 = VECTOR ( 'NONE', #743, 1000.000000000000000 ) ;
#6705 = ORIENTED_EDGE ( 'NONE', *, *, #2925, .F. ) ;
#6706 = CIRCLE ( 'NONE', #562, 2.000000000000001776 ) ;
#6707 = DIRECTION ( 'NONE',  ( 1.000000000000000000, 0.000000000000000000, 0.000000000000000000 ) ) ;
#6708 = CARTESIAN_POINT ( 'NONE',  ( -10.49999999999999822, -1.599999999999995648, -4.000000000000000000 ) ) ;
#6709 = CARTESIAN_POINT ( 'NONE',  ( 29.38890394934356110, -3.281097546600488801, 6.000000000000000000 ) ) ;
#6710 = EDGE_CURVE ( 'NONE', #65, #1832, #745, .T. ) ;
#6711 = CARTESIAN_POINT ( 'NONE',  ( 0.000000000000000000, -19.50000000000000000, 3.500000000000000000 ) ) ;
#6712 = ORIENTED_EDGE ( 'NONE', *, *, #5250, .T. ) ;
#6713 = ORIENTED_EDGE ( 'NONE', *, *, #3421, .T. ) ;
#6714 = CIRCLE ( 'NONE', #3690, 1.000000000000000888 ) ;
#6715 = DIRECTION ( 'NONE',  ( 1.000000000000000000, -1.734723475976805517E-15, 0.000000000000000000 ) ) ;
#6716 = CARTESIAN_POINT ( 'NONE',  ( -22.50000000000000000, -25.00000000000001421, 6.000000000000000000 ) ) ;
#6717 = DIRECTION ( 'NONE',  ( -0.000000000000000000, 0.000000000000000000, -1.000000000000000000 ) ) ;
#6719 = VECTOR ( 'NONE', #4869, 1000.000000000000000 ) ;
#6718 = FACE_OUTER_BOUND ( 'NONE', #1355, .T. ) ;
#6720 = EDGE_CURVE ( 'NONE', #1717, #4263, #2931, .T. ) ;
#6721 = EDGE_CURVE ( 'NONE', #302, #4180, #5992, .T. ) ;
#6722 = DIRECTION ( 'NONE',  ( -1.000000000000000000, 0.000000000000000000, 0.000000000000000000 ) ) ;
#6723 = EDGE_LOOP ( 'NONE', ( #1369, #195 ) ) ;
#6724 = ORIENTED_EDGE ( 'NONE', *, *, #6066, .T. ) ;
#6725 = VECTOR ( 'NONE', #4259, 1000.000000000000000 ) ;
#6726 = AXIS2_PLACEMENT_3D ( 'NONE', #1624, #3718, #2188 ) ;
#6727 = CYLINDRICAL_SURFACE ( 'NONE', #5903, 1.000000000000000000 ) ;
#6728 = DIRECTION ( 'NONE',  ( 1.000000000000000000, 0.000000000000000000, 0.000000000000000000 ) ) ;
#6729 = EDGE_CURVE ( 'NONE', #3253, #5539, #3310, .T. ) ;
#6730 = CYLINDRICAL_SURFACE ( 'NONE', #963, 1.599999999999997202 ) ;
#6731 = AXIS2_PLACEMENT_3D ( 'NONE', #5330, #2126, #1711 ) ;
#6732 = ORIENTED_EDGE ( 'NONE', *, *, #174, .F. ) ;
#6733 = ORIENTED_EDGE ( 'NONE', *, *, #214, .T. ) ;
#6734 = CARTESIAN_POINT ( 'NONE',  ( 42.36817480791545876, 1.399999999999998579, 3.500000000000000000 ) ) ;
#6735 = CARTESIAN_POINT ( 'NONE',  ( 0.6297768039043050159, -12.09749593973045911, 3.500000000000003109 ) ) ;
#6736 = CARTESIAN_POINT ( 'NONE',  ( -3.849999999999992539, -18.25000000000000355, 3.500000000000003109 ) ) ;
#6737 = CARTESIAN_POINT ( 'NONE',  ( 63.50000000000001421, -16.50000000000000355, -0.5000000000000000000 ) ) ;
#6738 = ORIENTED_EDGE ( 'NONE', *, *, #5135, .F. ) ;
#6739 = ORIENTED_EDGE ( 'NONE', *, *, #4309, .F. ) ;
#6740 = PRODUCT ( '\X2\5de64fa7677f\X0\', '\X2\5de64fa7677f\X0\', '', ( #2148 ) ) ;
#6741 = CYLINDRICAL_SURFACE ( 'NONE', #6148, 3.250000000000004885 ) ;
#6742 = DIRECTION ( 'NONE',  ( 0.000000000000000000, 0.000000000000000000, 1.000000000000000000 ) ) ;
#6743 = CARTESIAN_POINT ( 'NONE',  ( 81.00000000000001421, -11.29285714285714803, -55.82353258373179727 ) ) ;
#6744 = VECTOR ( 'NONE', #173, 1000.000000000000000 ) ;
#6745 = LINE ( 'NONE', #4087, #443 ) ;
#6746 = ORIENTED_EDGE ( 'NONE', *, *, #739, .F. ) ;
#6747 = ORIENTED_EDGE ( 'NONE', *, *, #5100, .T. ) ;
#6748 = EDGE_CURVE ( 'NONE', #5519, #6566, #2790, .T. ) ;
#6749 = DIRECTION ( 'NONE',  ( 1.000000000000000000, 0.000000000000000000, 0.000000000000000000 ) ) ;
#6750 = DIRECTION ( 'NONE',  ( 1.000000000000000000, -1.259855038418910030E-16, 0.000000000000000000 ) ) ;
#6751 = CARTESIAN_POINT ( 'NONE',  ( 0.000000000000000000, 0.000000000000000000, -0.5000000000000000000 ) ) ;
#6752 = DIRECTION ( 'NONE',  ( 0.000000000000000000, 0.000000000000000000, 1.000000000000000000 ) ) ;
#6753 = CARTESIAN_POINT ( 'NONE',  ( 80.00000000000001421, -19.50000000000000000, 3.500000000000000000 ) ) ;
#6754 = ORIENTED_EDGE ( 'NONE', *, *, #3195, .F. ) ;
#6755 = ORIENTED_EDGE ( 'NONE', *, *, #2100, .T. ) ;
#6756 = ADVANCED_FACE ( 'NONE', ( #4591 ), #6730, .F. ) ;
#6757 = EDGE_CURVE ( 'NONE', #4728, #5309, #6795, .T. ) ;
#6758 = ORIENTED_EDGE ( 'NONE', *, *, #2582, .T. ) ;
#6759 = FACE_OUTER_BOUND ( 'NONE', #1220, .T. ) ;
#6760 = CARTESIAN_POINT ( 'NONE',  ( 62.63182519208454835, 1.399999999999995914, 0.000000000000000000 ) ) ;
#6761 = DIRECTION ( 'NONE',  ( -1.927470528863119295E-16, -1.000000000000000000, 0.000000000000000000 ) ) ;
#6762 = DIRECTION ( 'NONE',  ( 0.000000000000000000, -1.000000000000000000, 0.000000000000000000 ) ) ;
#6763 = ORIENTED_EDGE ( 'NONE', *, *, #3604, .F. ) ;
#6764 = ORIENTED_EDGE ( 'NONE', *, *, #6536, .F. ) ;
#6765 = EDGE_CURVE ( 'NONE', #1812, #49, #4074, .T. ) ;
#6766 = FACE_BOUND ( 'NONE', #5000, .T. ) ;
#6767 = CARTESIAN_POINT ( 'NONE',  ( 0.000000000000000000, -19.50000000000000000, 3.500000000000000000 ) ) ;
#6768 = DIRECTION ( 'NONE',  ( -0.9667633338930343712, -0.2556729478064219685, 0.000000000000000000 ) ) ;
#6769 = CARTESIAN_POINT ( 'NONE',  ( -3.849999999999992539, -18.25000000000000355, -0.5000000000000000000 ) ) ;
#6770 = ORIENTED_EDGE ( 'NONE', *, *, #6197, .T. ) ;
#6771 = ORIENTED_EDGE ( 'NONE', *, *, #2100, .F. ) ;
#6772 = FACE_OUTER_BOUND ( 'NONE', #3792, .T. ) ;
#6773 = DIRECTION ( 'NONE',  ( 1.000000000000000000, 0.000000000000000000, 0.000000000000000000 ) ) ;
#6774 = CARTESIAN_POINT ( 'NONE',  ( 11.68105387066481882, -15.79761910744664100, 3.500000000000000000 ) ) ;
#6775 = CIRCLE ( 'NONE', #5550, 1.000000000000000888 ) ;
#6776 = CARTESIAN_POINT ( 'NONE',  ( 81.55000000000001137, 0.4999999999999971689, 0.000000000000000000 ) ) ;
#6777 = ORIENTED_EDGE ( 'NONE', *, *, #1953, .F. ) ;
#6778 = ORIENTED_EDGE ( 'NONE', *, *, #6584, .F. ) ;
#6779 = EDGE_CURVE ( 'NONE', #1520, #6643, #3431, .T. ) ;
#6780 = VECTOR ( 'NONE', #5083, 1000.000000000000000 ) ;
#6781 = CIRCLE ( 'NONE', #5997, 3.250000000000007550 ) ;
#6782 = EDGE_CURVE ( 'NONE', #2414, #2864, #2770, .T. ) ;
#6783 = CARTESIAN_POINT ( 'NONE',  ( -0.9290584113754267737, -17.25000000000000000, -3.914063024657434831 ) ) ;
#6784 = CARTESIAN_POINT ( 'NONE',  ( 66.32573610340175208, -19.33111558823231491, 91.99722379239923953 ) ) ;
#6785 = DIRECTION ( 'NONE',  ( -0.000000000000000000, 0.000000000000000000, -1.000000000000000000 ) ) ;
#6786 = DIRECTION ( 'NONE',  ( -5.782411586589356653E-16, 1.000000000000000000, 0.000000000000000000 ) ) ;
#6787 = CARTESIAN_POINT ( 'NONE',  ( -3.849999999999992095, -11.49702692197741527, -0.5000000000000004441 ) ) ;
#6788 = EDGE_LOOP ( 'NONE', ( #6479, #500, #3516, #527, #4232, #2055 ) ) ;
#6789 = EDGE_CURVE ( 'NONE', #5781, #5069, #3030, .T. ) ;
#6790 = ORIENTED_EDGE ( 'NONE', *, *, #1131, .F. ) ;
#6791 = CARTESIAN_POINT ( 'NONE',  ( 0.000000000000000000, 0.000000000000000000, 1.000000000000000000 ) ) ;
#6792 = DIRECTION ( 'NONE',  ( -0.000000000000000000, -0.000000000000000000, -1.000000000000000000 ) ) ;
#6793 = DIRECTION ( 'NONE',  ( -1.000000000000000000, 0.000000000000000000, 0.000000000000000000 ) ) ;
#6794 = EDGE_CURVE ( 'NONE', #1845, #6429, #71, .T. ) ;
#6795 = LINE ( 'NONE', #951, #6213 ) ;
#6796 = EDGE_CURVE ( 'NONE', #5112, #3539, #5109, .T. ) ;
#6797 = ORIENTED_EDGE ( 'NONE', *, *, #2435, .F. ) ;
#6798 = AXIS2_PLACEMENT_3D ( 'NONE', #3416, #5967, #1215 ) ;
#6799 = ORIENTED_EDGE ( 'NONE', *, *, #5165, .F. ) ;
#6800 = EDGE_LOOP ( 'NONE', ( #5541, #926, #966, #6747 ) ) ;
#6801 = FACE_OUTER_BOUND ( 'NONE', #4215, .T. ) ;
#6802 = CIRCLE ( 'NONE', #3235, 4.500000000000003553 ) ;
#6803 = DIRECTION ( 'NONE',  ( -1.000000000000000000, 0.000000000000000000, 0.000000000000000000 ) ) ;
#6804 = DIRECTION ( 'NONE',  ( -0.000000000000000000, 0.000000000000000000, 1.000000000000000000 ) ) ;
#6805 = EDGE_CURVE ( 'NONE', #4575, #5301, #5150, .T. ) ;
#6806 = DIRECTION ( 'NONE',  ( -0.000000000000000000, 0.000000000000000000, 1.000000000000000000 ) ) ;
#6807 = ORIENTED_EDGE ( 'NONE', *, *, #6923, .F. ) ;
#6808 = ORIENTED_EDGE ( 'NONE', *, *, #2634, .T. ) ;
#6809 = VECTOR ( 'NONE', #5070, 1000.000000000000000 ) ;
#6810 = VECTOR ( 'NONE', #5388, 1000.000000000000000 ) ;
#6811 = DIRECTION ( 'NONE',  ( 0.000000000000000000, -1.000000000000000000, 0.000000000000000000 ) ) ;
#6812 = AXIS2_PLACEMENT_3D ( 'NONE', #5895, #1043, #2652 ) ;
#6813 = LINE ( 'NONE', #5128, #6681 ) ;
#6814 = CARTESIAN_POINT ( 'NONE',  ( 31.00000000000005684, -19.50000000000001776, -0.5000000000000000000 ) ) ;
#6815 = AXIS2_PLACEMENT_3D ( 'NONE', #3553, #5691, #3047 ) ;
#6816 = EDGE_CURVE ( 'NONE', #6565, #6011, #1874, .T. ) ;
#6817 = FACE_OUTER_BOUND ( 'NONE', #4600, .T. ) ;
#6818 = VERTEX_POINT ( 'NONE', #3098 ) ;
#6819 = VERTEX_POINT ( 'NONE', #392 ) ;
#6820 = VECTOR ( 'NONE', #4901, 1000.000000000000000 ) ;
#6821 = FACE_OUTER_BOUND ( 'NONE', #1379, .T. ) ;
#6822 = DIRECTION ( 'NONE',  ( 0.000000000000000000, 0.000000000000000000, 1.000000000000000000 ) ) ;
#6823 = CARTESIAN_POINT ( 'NONE',  ( 31.25000000000000711, -18.50000000000000000, -0.5000000000000004441 ) ) ;
#6824 = DIRECTION ( 'NONE',  ( 1.000000000000000000, 5.782411586589356653E-16, 0.000000000000000000 ) ) ;
#6825 = PLANE ( 'NONE',  #1556 ) ;
#6826 = ORIENTED_EDGE ( 'NONE', *, *, #3124, .F. ) ;
#6827 = VERTEX_POINT ( 'NONE', #1448 ) ;
#6828 = CIRCLE ( 'NONE', #1135, 2.000000000000000000 ) ;
#6829 = DIRECTION ( 'NONE',  ( -1.000000000000000000, 0.000000000000000000, 0.000000000000000000 ) ) ;
#6830 = PLANE ( 'NONE',  #5615 ) ;
#6831 = LINE ( 'NONE', #3639, #2113 ) ;
#6832 = ORIENTED_EDGE ( 'NONE', *, *, #1303, .F. ) ;
#6833 = AXIS2_PLACEMENT_3D ( 'NONE', #3704, #3768, #2700 ) ;
#6834 = ORIENTED_EDGE ( 'NONE', *, *, #5217, .T. ) ;
#6835 = AXIS2_PLACEMENT_3D ( 'NONE', #3238, #4799, #10 ) ;
#6836 = ORIENTED_EDGE ( 'NONE', *, *, #5004, .F. ) ;
#6837 = EDGE_CURVE ( 'NONE', #5971, #4764, #3573, .T. ) ;
#6838 = DIRECTION ( 'NONE',  ( -0.000000000000000000, -0.000000000000000000, -1.000000000000000000 ) ) ;
#6839 = VECTOR ( 'NONE', #1149, 1000.000000000000000 ) ;
#6840 = LINE ( 'NONE', #6309, #234 ) ;
#6841 = CARTESIAN_POINT ( 'NONE',  ( 43.85374360817894512, -23.50000000000000000, -0.5000000000000004441 ) ) ;
#6842 = ORIENTED_EDGE ( 'NONE', *, *, #5851, .T. ) ;
#6843 = ORIENTED_EDGE ( 'NONE', *, *, #5488, .F. ) ;
#6844 = VECTOR ( 'NONE', #3028, 1000.000000000000000 ) ;
#6845 = EDGE_CURVE ( 'NONE', #5294, #1855, #4041, .T. ) ;
#6846 = CARTESIAN_POINT ( 'NONE',  ( 1.412277660168312465, -23.50000000000000000, 3.500000000000003109 ) ) ;
#6847 = DIRECTION ( 'NONE',  ( -0.000000000000000000, -0.000000000000000000, -1.000000000000000000 ) ) ;
#6848 = DIRECTION ( 'NONE',  ( 0.000000000000000000, -0.000000000000000000, -1.000000000000000000 ) ) ;
#6849 = CARTESIAN_POINT ( 'NONE',  ( 59.89558155308108667, -14.76559299485081667, -0.5000000000000004441 ) ) ;
#6850 = ORIENTED_EDGE ( 'NONE', *, *, #4735, .T. ) ;
#6851 = ORIENTED_EDGE ( 'NONE', *, *, #1303, .T. ) ;
#6852 = ADVANCED_FACE ( 'NONE', ( #2992 ), #2011, .T. ) ;
#6853 = SURFACE_STYLE_USAGE ( .BOTH. , #4877 ) ;
#6854 = CARTESIAN_POINT ( 'NONE',  ( 30.08772233983155431, -19.50000000000000000, 1.999999999999998668 ) ) ;
#6855 = CARTESIAN_POINT ( 'NONE',  ( 0.000000000000000000, 0.000000000000000000, 3.500000000000000000 ) ) ;
#6856 = FACE_OUTER_BOUND ( 'NONE', #446, .T. ) ;
#6857 = FACE_OUTER_BOUND ( 'NONE', #4920, .T. ) ;
#6858 = ORIENTED_EDGE ( 'NONE', *, *, #3249, .F. ) ;
#6859 = DIRECTION ( 'NONE',  ( -0.000000000000000000, -0.000000000000000000, -1.000000000000000000 ) ) ;
#6860 = ORIENTED_EDGE ( 'NONE', *, *, #5174, .F. ) ;
#6861 = CARTESIAN_POINT ( 'NONE',  ( 0.000000000000000000, 0.000000000000000000, 3.500000000000000000 ) ) ;
#6862 = LINE ( 'NONE', #458, #3274 ) ;
#6863 = CARTESIAN_POINT ( 'NONE',  ( 30.02200944793963089, -21.68833597454965201, 3.134482107935269823 ) ) ;
#6864 = CARTESIAN_POINT ( 'NONE',  ( 34.25000000000000711, -11.71782813964461845, 3.500000000000000000 ) ) ;
#6865 = ADVANCED_FACE ( 'NONE', ( #3609, #6690 ), #5213, .F. ) ;
#6866 = VERTEX_POINT ( 'NONE', #422 ) ;
#6867 = ORIENTED_EDGE ( 'NONE', *, *, #2618, .F. ) ;
#6868 = ORIENTED_EDGE ( 'NONE', *, *, #6264, .F. ) ;
#6869 = CARTESIAN_POINT ( 'NONE',  ( 70.00000000000000000, 4.500000000000004441, 3.499999999999999556 ) ) ;
#6870 = LINE ( 'NONE', #3174, #1251 ) ;
#6871 = DIRECTION ( 'NONE',  ( 0.000000000000000000, -0.000000000000000000, -1.000000000000000000 ) ) ;
#6872 = VERTEX_POINT ( 'NONE', #2469 ) ;
#6873 = ADVANCED_FACE ( 'NONE', ( #4525 ), #1875, .F. ) ;
#6874 = ORIENTED_EDGE ( 'NONE', *, *, #5124, .T. ) ;
#6875 = CARTESIAN_POINT ( 'NONE',  ( 6.604418446918923991, -14.76559299485081667, 3.500000000000000000 ) ) ;
#6876 = CYLINDRICAL_SURFACE ( 'NONE', #3548, 4.500000000000003553 ) ;
#6877 = DIRECTION ( 'NONE',  ( 0.000000000000000000, -0.000000000000000000, -1.000000000000000000 ) ) ;
#6878 = LINE ( 'NONE', #2732, #5800 ) ;
#6879 = DIRECTION ( 'NONE',  ( 0.000000000000000000, -1.000000000000000000, -2.551063935260008765E-17 ) ) ;
#6880 = EDGE_CURVE ( 'NONE', #3723, #3625, #5080, .T. ) ;
#6881 = ORIENTED_EDGE ( 'NONE', *, *, #6188, .F. ) ;
#6882 = EDGE_CURVE ( 'NONE', #2696, #3716, #4555, .T. ) ;
#6883 = ORIENTED_EDGE ( 'NONE', *, *, #5851, .F. ) ;
#6884 = ORIENTED_EDGE ( 'NONE', *, *, #3298, .T. ) ;
#6885 = VERTEX_POINT ( 'NONE', #5879 ) ;
#6886 = DIRECTION ( 'NONE',  ( 0.000000000000000000, 0.000000000000000000, -1.000000000000000000 ) ) ;
#6887 = CARTESIAN_POINT ( 'NONE',  ( -27.50000000000000000, -3.399999999999995914, -4.000000000000000000 ) ) ;
#6888 = PLANE ( 'NONE',  #4815 ) ;
#6889 = CARTESIAN_POINT ( 'NONE',  ( -11.50000000000000533, -14.50000000000000178, 0.5000000000000004441 ) ) ;
#6890 = ORIENTED_EDGE ( 'NONE', *, *, #5891, .F. ) ;
#6891 = EDGE_CURVE ( 'NONE', #3408, #5132, #5357, .T. ) ;
#6892 = CIRCLE ( 'NONE', #6328, 1.000000000000000000 ) ;
#6893 = VECTOR ( 'NONE', #6225, 1000.000000000000000 ) ;
#6894 = DIRECTION ( 'NONE',  ( 1.000000000000000000, 0.000000000000000000, 0.000000000000000000 ) ) ;
#6895 = DIRECTION ( 'NONE',  ( -1.000000000000000000, 0.000000000000000000, 0.000000000000000000 ) ) ;
#6896 = DIRECTION ( 'NONE',  ( -0.000000000000000000, 0.000000000000000000, 1.000000000000000000 ) ) ;
#6897 = CARTESIAN_POINT ( 'NONE',  ( 30.08772233983156852, -21.40992436820969047, 3.500000000005267342 ) ) ;
#6898 = B_SPLINE_CURVE_WITH_KNOTS ( 'NONE', 3,
 ( #188, #5543, #6637, #3349, #3388, #2866, #2939, #6494, #2338, #2799, #6098, #789, #1850, #1743, #688, #2233 ),
 .UNSPECIFIED., .F., .F.,
 ( 4, 2, 2, 2, 2, 2, 2, 4 ),
 ( 0.000000000000000000, 0.0002350213895223279110, 0.0004700427790446558220, 0.0009400855580893153303, 0.001175106947611644515, 0.001410128337133973592, 0.001645149726656302668, 0.001880171116178631962 ),
 .UNSPECIFIED. ) ;
#6899 = ORIENTED_EDGE ( 'NONE', *, *, #3953, .T. ) ;
#6900 = ORIENTED_EDGE ( 'NONE', *, *, #4238, .F. ) ;
#6901 = CARTESIAN_POINT ( 'NONE',  ( 31.11539504185323324, -2.271529070723414367, -9.227922061357867634 ) ) ;
#6902 = CARTESIAN_POINT ( 'NONE',  ( 48.57143374141650582, -11.50000000000000711, 3.500000000000003109 ) ) ;
#6903 = CARTESIAN_POINT ( 'NONE',  ( -16.50000000000001066, -6.100000000000005862, 2.000000000000000000 ) ) ;
#6904 = DIRECTION ( 'NONE',  ( 1.000000000000000000, -0.000000000000000000, -0.000000000000000000 ) ) ;
#6905 = CIRCLE ( 'NONE', #6117, 4.500000000000003553 ) ;
#6906 = ORIENTED_EDGE ( 'NONE', *, *, #3536, .T. ) ;
#6907 = ORIENTED_EDGE ( 'NONE', *, *, #2142, .T. ) ;
#6908 = VECTOR ( 'NONE', #4405, 1000.000000000000000 ) ;
#6909 = CIRCLE ( 'NONE', #656, 2.049999999999993161 ) ;
#6910 = CARTESIAN_POINT ( 'NONE',  ( 68.48732929018946436, -16.85573382074009530, -0.5000000000000004441 ) ) ;
#6911 = DIRECTION ( 'NONE',  ( 1.000000000000000000, 0.000000000000000000, 0.000000000000000000 ) ) ;
#6912 = CARTESIAN_POINT ( 'NONE',  ( 68.07156952992167476, -17.76520829632588772, -0.5000000000000004441 ) ) ;
#6913 = DIRECTION ( 'NONE',  ( 1.000000000000000000, 0.000000000000000000, 0.000000000000000000 ) ) ;
#6914 = PLANE ( 'NONE',  #2807 ) ;
#6915 = CIRCLE ( 'NONE', #4465, 3.000000000000002665 ) ;
#6916 = ORIENTED_EDGE ( 'NONE', *, *, #4490, .T. ) ;
#6917 = AXIS2_PLACEMENT_3D ( 'NONE', #2600, #5141, #383 ) ;
#6918 = ORIENTED_EDGE ( 'NONE', *, *, #6543, .F. ) ;
#6919 = AXIS2_PLACEMENT_3D ( 'NONE', #4622, #4099, #6438 ) ;
#6920 = ORIENTED_EDGE ( 'NONE', *, *, #3981, .T. ) ;
#6921 = VECTOR ( 'NONE', #3771, 1000.000000000000000 ) ;
#6922 = EDGE_CURVE ( 'NONE', #2217, #1250, #3198, .T. ) ;
#6923 = EDGE_CURVE ( 'NONE', #3889, #3136, #634, .T. ) ;
#6924 = VECTOR ( 'NONE', #5412, 1000.000000000000000 ) ;
#6925 = ADVANCED_FACE ( 'NONE', ( #2638 ), #5251, .F. ) ;
#6926 = LINE ( 'NONE', #6431, #6141 ) ;
#6927 = LINE ( 'NONE', #3735, #854 ) ;
#6928 = DIRECTION ( 'NONE',  ( -1.000000000000000000, 0.000000000000000000, 0.000000000000000000 ) ) ;
#6929 = FACE_OUTER_BOUND ( 'NONE', #2516, .T. ) ;
#6930 = ORIENTED_EDGE ( 'NONE', *, *, #6536, .T. ) ;
#6931 = VECTOR ( 'NONE', #6426, 1000.000000000000000 ) ;
#6932 = VECTOR ( 'NONE', #5407, 1000.000000000000000 ) ;
#6933 = VECTOR ( 'NONE', #6255, 1000.000000000000000 ) ;
#6934 = LINE ( 'NONE', #1614, #5021 ) ;
#6935 = EDGE_CURVE ( 'NONE', #92, #5499, #3213, .T. ) ;
#6936 = CARTESIAN_POINT ( 'NONE',  ( 81.00000000000001421, -10.50000000000000711, 91.99722379239923953 ) ) ;
#6937 = EDGE_CURVE ( 'NONE', #4203, #819, #4830, .T. ) ;
#6938 = DIRECTION ( 'NONE',  ( -0.000000000000000000, 1.000000000000000000, 0.000000000000000000 ) ) ;
#6939 = AXIS2_PLACEMENT_3D ( 'NONE', #2811, #4512, #2317 ) ;
ENDSEC;
END-ISO-10303-21;
