ISO-10303-21;
HEADER;
FILE_DESCRIPTION (( 'STEP AP214' ),
    '1' );
FILE_NAME ('×ó²à°å-´øÂÝÎÆ.STEP',
    '2026-03-23T05:29:40',
    ( '' ),
    ( '' ),
    'SwSTEP 2.0',
    'SolidWorks 2023',
    '' );
FILE_SCHEMA (( 'AUTOMOTIVE_DESIGN' ));
ENDSEC;

DATA;
#1 = LINE ( 'NONE', #3208, #4444 ) ;
#2 = DIRECTION ( 'NONE',  ( -0.000000000000000000, -0.000000000000000000, -1.000000000000000000 ) ) ;
#3 = CARTESIAN_POINT ( 'NONE',  ( 36.49999721440238432, -21.74003981177567013, 2.671774212078965594 ) ) ;
#4 = ORIENTED_EDGE ( 'NONE', *, *, #4289, .F. ) ;
#5 = CARTESIAN_POINT ( 'NONE',  ( -25.50000000000000355, -7.000000000000004441, 2.500000000000000000 ) ) ;
#6 = AXIS2_PLACEMENT_3D ( 'NONE', #1162, #2631, #2774 ) ;
#7 = DIRECTION ( 'NONE',  ( 0.000000000000000000, -1.000000000000000000, 0.000000000000000000 ) ) ;
#8 = LINE ( 'NONE', #3184, #1364 ) ;
#9 = VERTEX_POINT ( 'NONE', #4363 ) ;
#10 = CIRCLE ( 'NONE', #2479, 2.000000000000000000 ) ;
#11 = DIRECTION ( 'NONE',  ( -0.000000000000000000, -0.000000000000000000, -1.000000000000000000 ) ) ;
#12 = AXIS2_PLACEMENT_3D ( 'NONE', #1577, #6260, #484 ) ;
#13 = CARTESIAN_POINT ( 'NONE',  ( 0.5000055650041016486, -20.59406170050329976, 2.593895876029773007 ) ) ;
#14 = AXIS2_PLACEMENT_3D ( 'NONE', #4425, #4037, #1302 ) ;
#15 = ORIENTED_EDGE ( 'NONE', *, *, #561, .F. ) ;
#16 = VERTEX_POINT ( 'NONE', #3451 ) ;
#17 = CIRCLE ( 'NONE', #2264, 1.250000000000000222 ) ;
#18 = FACE_OUTER_BOUND ( 'NONE', #2111, .T. ) ;
#19 = ADVANCED_FACE ( 'NONE', ( #3994 ), #4973, .F. ) ;
#20 = DIRECTION ( 'NONE',  ( 0.000000000000000000, 0.000000000000000000, -1.000000000000000000 ) ) ;
#21 = CIRCLE ( 'NONE', #1936, 1.000000000000000888 ) ;
#22 = VERTEX_POINT ( 'NONE', #4900 ) ;
#23 = CARTESIAN_POINT ( 'NONE',  ( 64.38890394934357175, -3.281097546600490134, 6.000000000000000000 ) ) ;
#24 = EDGE_LOOP ( 'NONE', ( #6289, #647, #4432, #3383 ) ) ;
#25 = DIRECTION ( 'NONE',  ( -0.000000000000000000, -0.000000000000000000, 1.000000000000000000 ) ) ;
#26 = CARTESIAN_POINT ( 'NONE',  ( 0.000000000000000000, 0.000000000000000000, 3.500000000000000000 ) ) ;
#27 = CIRCLE ( 'NONE', #12, 0.9999999999999991118 ) ;
#28 = ORIENTED_EDGE ( 'NONE', *, *, #3472, .T. ) ;
#29 = EDGE_CURVE ( 'NONE', #5271, #6269, #1036, .T. ) ;
#30 = CYLINDRICAL_SURFACE ( 'NONE', #151, 3.250000000000007550 ) ;
#31 = ORIENTED_EDGE ( 'NONE', *, *, #3734, .F. ) ;
#32 = AXIS2_PLACEMENT_3D ( 'NONE', #4402, #5072, #256 ) ;
#33 = CARTESIAN_POINT ( 'NONE',  ( 42.36817480791545876, -1.600000000000001643, 0.000000000000000000 ) ) ;
#34 = ORIENTED_EDGE ( 'NONE', *, *, #3076, .T. ) ;
#35 = DIRECTION ( 'NONE',  ( 0.000000000000000000, -1.000000000000000000, 0.000000000000000000 ) ) ;
#36 = ADVANCED_FACE ( 'NONE', ( #5689 ), #6778, .F. ) ;
#37 = ORIENTED_EDGE ( 'NONE', *, *, #2919, .T. ) ;
#38 = EDGE_CURVE ( 'NONE', #3801, #5491, #2468, .T. ) ;
#39 = AXIS2_PLACEMENT_3D ( 'NONE', #1265, #2347, #5019 ) ;
#40 = ADVANCED_FACE ( 'NONE', ( #6243 ), #5172, .F. ) ;
#41 = CARTESIAN_POINT ( 'NONE',  ( 75.60153954773677754, -23.62092976931537081, 0.8658943593650350046 ) ) ;
#42 = DIRECTION ( 'NONE',  ( -1.000000000000000000, 1.797640907747984631E-16, 0.000000000000000000 ) ) ;
#43 = CARTESIAN_POINT ( 'NONE',  ( 81.00000000000001421, -24.50000000000000000, -0.5000000000000000000 ) ) ;
#44 = VERTEX_POINT ( 'NONE', #1347 ) ;
#45 = LINE ( 'NONE', #2124, #5841 ) ;
#46 = CIRCLE ( 'NONE', #4309, 1.000000000000000000 ) ;
#47 = CARTESIAN_POINT ( 'NONE',  ( 39.42090488474927668, 0.8399999999999995248, 1.000000000000000000 ) ) ;
#48 = EDGE_CURVE ( 'NONE', #2068, #2802, #886, .T. ) ;
#49 = PRESENTATION_STYLE_ASSIGNMENT (( #5311 ) ) ;
#50 = DIRECTION ( 'NONE',  ( 0.000000000000000000, 0.000000000000000000, 1.000000000000000000 ) ) ;
#51 = EDGE_CURVE ( 'NONE', #6606, #1713, #3068, .T. ) ;
#52 = FACE_OUTER_BOUND ( 'NONE', #693, .T. ) ;
#53 = ORIENTED_EDGE ( 'NONE', *, *, #2827, .F. ) ;
#54 = ORIENTED_EDGE ( 'NONE', *, *, #4065, .T. ) ;
#55 = ADVANCED_FACE ( 'NONE', ( #820 ), #4127, .F. ) ;
#56 = CARTESIAN_POINT ( 'NONE',  ( 32.25000000000000711, -12.93565627928923156, -0.5000000000000004441 ) ) ;
#57 = DIRECTION ( 'NONE',  ( -0.9667633338930342601, 0.2556729478064220795, 0.000000000000000000 ) ) ;
#58 = CARTESIAN_POINT ( 'NONE',  ( 18.12312319605659994, -12.48089122642681659, 3.500000000000000000 ) ) ;
#59 = ORIENTED_EDGE ( 'NONE', *, *, #766, .F. ) ;
#60 = CARTESIAN_POINT ( 'NONE',  ( 75.07228386679619803, -22.61659658045896393, 3.434905682150930950 ) ) ;
#61 = ORIENTED_EDGE ( 'NONE', *, *, #4710, .T. ) ;
#62 = CARTESIAN_POINT ( 'NONE',  ( -27.50000000000000000, -3.399999999999995914, -4.000000000000000000 ) ) ;
#63 = DIRECTION ( 'NONE',  ( -1.000000000000000000, -7.288754100742885708E-17, 0.000000000000000000 ) ) ;
#64 = CARTESIAN_POINT ( 'NONE',  ( 78.24999999999992895, -19.50000000000000000, 2.750000000000000000 ) ) ;
#65 = CIRCLE ( 'NONE', #5666, 1.000000000000000888 ) ;
#66 = EDGE_CURVE ( 'NONE', #2932, #3398, #5624, .T. ) ;
#67 = CARTESIAN_POINT ( 'NONE',  ( 66.32573610340175208, -19.33111558823231491, 91.99722379239923953 ) ) ;
#68 = ORIENTED_EDGE ( 'NONE', *, *, #5318, .F. ) ;
#69 = CARTESIAN_POINT ( 'NONE',  ( 91.10000000000000853, -18.50000000000000000, 1.725000000000000089 ) ) ;
#70 = ORIENTED_EDGE ( 'NONE', *, *, #4749, .F. ) ;
#71 = AXIS2_PLACEMENT_3D ( 'NONE', #3075, #6215, #5214 ) ;
#72 = CARTESIAN_POINT ( 'NONE',  ( -22.50000000000000000, -7.000000000000004441, 2.000000000000000000 ) ) ;
#73 = CARTESIAN_POINT ( 'NONE',  ( 27.63182519208454835, 1.400000000000000133, 6.000000000000000000 ) ) ;
#74 = EDGE_CURVE ( 'NONE', #3911, #1693, #293, .T. ) ;
#75 = CARTESIAN_POINT ( 'NONE',  ( 36.50000556500410198, -21.74005841183100074, 2.906104123970203013 ) ) ;
#76 = ORIENTED_EDGE ( 'NONE', *, *, #2687, .T. ) ;
#77 = DIRECTION ( 'NONE',  ( -0.000000000000000000, -0.000000000000000000, -1.000000000000000000 ) ) ;
#78 = CIRCLE ( 'NONE', #4795, 1.000000000000000888 ) ;
#79 = EDGE_CURVE ( 'NONE', #358, #496, #1946, .T. ) ;
#80 = VECTOR ( 'NONE', #4637, 1000.000000000000000 ) ;
#81 = CARTESIAN_POINT ( 'NONE',  ( 17.92856625858350839, -10.50000000000000711, 3.500000000000003109 ) ) ;
#82 = EDGE_CURVE ( 'NONE', #1294, #5355, #4574, .T. ) ;
#83 = CARTESIAN_POINT ( 'NONE',  ( 47.57143374141650582, -11.50000000000000711, -55.82353258373179727 ) ) ;
#84 = CARTESIAN_POINT ( 'NONE',  ( 42.36817480791545876, -1.600000000000001643, 1.000000000000000000 ) ) ;
#85 = AXIS2_PLACEMENT_3D ( 'NONE', #5158, #346, #2918 ) ;
#86 = LINE ( 'NONE', #2165, #2657 ) ;
#87 = ORIENTED_EDGE ( 'NONE', *, *, #767, .F. ) ;
#88 = DIRECTION ( 'NONE',  ( 0.000000000000000000, 0.000000000000000000, 1.000000000000000000 ) ) ;
#89 = DIRECTION ( 'NONE',  ( 0.000000000000000000, 1.000000000000000000, -0.000000000000000000 ) ) ;
#90 = VERTEX_POINT ( 'NONE', #784 ) ;
#91 = CARTESIAN_POINT ( 'NONE',  ( 78.24999999999992895, -26.50000000000000000, 2.750000000000000000 ) ) ;
#92 = FACE_OUTER_BOUND ( 'NONE', #4247, .T. ) ;
#93 = ORIENTED_EDGE ( 'NONE', *, *, #6040, .T. ) ;
#94 = VERTEX_POINT ( 'NONE', #359 ) ;
#95 = CARTESIAN_POINT ( 'NONE',  ( -4.500000000000000000, -1.599999999999995870, 0.000000000000000000 ) ) ;
#96 = ORIENTED_EDGE ( 'NONE', *, *, #4544, .F. ) ;
#97 = LINE ( 'NONE', #2243, #4060 ) ;
#98 = CARTESIAN_POINT ( 'NONE',  ( -0.05236439395462548496, -11.50000000000000711, -0.5000000000000004441 ) ) ;
#99 = ORIENTED_EDGE ( 'NONE', *, *, #5640, .T. ) ;
#100 = LINE ( 'NONE', #6935, #2736 ) ;
#101 = FACE_OUTER_BOUND ( 'NONE', #1169, .T. ) ;
#102 = ORIENTED_EDGE ( 'NONE', *, *, #3606, .T. ) ;
#103 = CARTESIAN_POINT ( 'NONE',  ( -0.6660605559646718410, -18.10000000000000497, 3.500000000000003109 ) ) ;
#104 = ORIENTED_EDGE ( 'NONE', *, *, #211, .F. ) ;
#105 = EDGE_CURVE ( 'NONE', #1510, #1824, #1479, .T. ) ;
#106 = CARTESIAN_POINT ( 'NONE',  ( 81.00000000000001421, -24.50000000000000000, 91.99722379239923953 ) ) ;
#107 = CARTESIAN_POINT ( 'NONE',  ( 0.000000000000000000, 0.000000000000000000, 3.500000000000000000 ) ) ;
#108 = CARTESIAN_POINT ( 'NONE',  ( 36.45764928795746584, -21.62987723578040544, 2.222045891219293079 ) ) ;
#109 = ORIENTED_EDGE ( 'NONE', *, *, #4536, .T. ) ;
#110 = DIRECTION ( 'NONE',  ( -1.000000000000000000, 0.000000000000000000, 0.000000000000000000 ) ) ;
#111 = FACE_OUTER_BOUND ( 'NONE', #3412, .T. ) ;
#112 = VECTOR ( 'NONE', #1046, 1000.000000000000000 ) ;
#113 = DIRECTION ( 'NONE',  ( 0.000000000000000000, 0.000000000000000000, 1.000000000000000000 ) ) ;
#114 = ADVANCED_FACE ( 'NONE', ( #1908 ), #4058, .F. ) ;
#115 = CARTESIAN_POINT ( 'NONE',  ( -4.225534275865165057, -15.33333333333333393, 15.49546024484603102 ) ) ;
#116 = DIRECTION ( 'NONE',  ( -0.000000000000000000, -0.000000000000000000, -1.000000000000000000 ) ) ;
#117 = AXIS2_PLACEMENT_3D ( 'NONE', #6449, #5338, #1737 ) ;
#118 = ORIENTED_EDGE ( 'NONE', *, *, #5499, .F. ) ;
#119 = ORIENTED_EDGE ( 'NONE', *, *, #933, .F. ) ;
#120 = AXIS2_PLACEMENT_3D ( 'NONE', #895, #3043, #5185 ) ;
#121 = CARTESIAN_POINT ( 'NONE',  ( 64.75000000000001421, -16.50000000000000355, -4.000999999999999446 ) ) ;
#122 = ORIENTED_EDGE ( 'NONE', *, *, #1622, .F. ) ;
#123 = AXIS2_PLACEMENT_3D ( 'NONE', #1276, #5197, #5159 ) ;
#124 = CARTESIAN_POINT ( 'NONE',  ( -22.50000000000000000, -25.00000000000001421, 6.000000000000000000 ) ) ;
#125 = DIRECTION ( 'NONE',  ( -0.000000000000000000, -0.000000000000000000, -1.000000000000000000 ) ) ;
#126 = EDGE_CURVE ( 'NONE', #4577, #6855, #6179, .T. ) ;
#127 = AXIS2_PLACEMENT_3D ( 'NONE', #3002, #2546, #1390 ) ;
#128 = VERTEX_POINT ( 'NONE', #2544 ) ;
#129 = AXIS2_PLACEMENT_3D ( 'NONE', #694, #4911, #1086 ) ;
#130 = ORIENTED_EDGE ( 'NONE', *, *, #3783, .T. ) ;
#131 = VECTOR ( 'NONE', #3682, 1000.000000000000000 ) ;
#132 = ORIENTED_EDGE ( 'NONE', *, *, #535, .T. ) ;
#133 = FACE_OUTER_BOUND ( 'NONE', #2397, .T. ) ;
#134 = DIRECTION ( 'NONE',  ( 1.000000000000000000, 0.000000000000000000, 0.000000000000000000 ) ) ;
#135 = ORIENTED_EDGE ( 'NONE', *, *, #1175, .F. ) ;
#136 = AXIS2_PLACEMENT_3D ( 'NONE', #488, #1550, #5225 ) ;
#137 = DIRECTION ( 'NONE',  ( 0.000000000000000000, -1.000000000000000000, 0.000000000000000000 ) ) ;
#138 = VECTOR ( 'NONE', #2612, 1000.000000000000000 ) ;
#139 = EDGE_CURVE ( 'NONE', #6920, #2932, #3523, .T. ) ;
#140 = DIRECTION ( 'NONE',  ( 1.000000000000000000, -0.000000000000000000, -0.000000000000000000 ) ) ;
#141 = EDGE_LOOP ( 'NONE', ( #988, #6362, #1288, #1478, #3565, #6300 ) ) ;
#142 = AXIS2_PLACEMENT_3D ( 'NONE', #6103, #814, #384 ) ;
#143 = DIRECTION ( 'NONE',  ( 0.000000000000000000, 0.000000000000000000, 1.000000000000000000 ) ) ;
#144 = EDGE_LOOP ( 'NONE', ( #6012, #6150, #3777, #321 ) ) ;
#145 = LINE ( 'NONE', #3345, #3095 ) ;
#146 = LINE ( 'NONE', #5438, #4715 ) ;
#147 = CARTESIAN_POINT ( 'NONE',  ( 36.48625318556786823, -21.70819627670685392, 2.441732027437620189 ) ) ;
#148 = ORIENTED_EDGE ( 'NONE', *, *, #2762, .T. ) ;
#149 = DIRECTION ( 'NONE',  ( 1.000000000000000000, 5.782411586589356653E-16, 0.000000000000000000 ) ) ;
#150 = CARTESIAN_POINT ( 'NONE',  ( 32.25000000000000711, -18.50000000000000000, -55.82353258373179727 ) ) ;
#151 = AXIS2_PLACEMENT_3D ( 'NONE', #3758, #625, #2209 ) ;
#152 = DIRECTION ( 'NONE',  ( -1.000000000000000000, 0.000000000000000000, 0.000000000000000000 ) ) ;
#153 = DIRECTION ( 'NONE',  ( 0.000000000000000000, -1.000000000000000000, 0.000000000000000000 ) ) ;
#154 = DIRECTION ( 'NONE',  ( -0.000000000000000000, 2.252887631138710800E-16, 1.000000000000000000 ) ) ;
#155 = AXIS2_PLACEMENT_3D ( 'NONE', #2517, #4654, #5218 ) ;
#156 = VERTEX_POINT ( 'NONE', #855 ) ;
#157 = ORIENTED_EDGE ( 'NONE', *, *, #3177, .T. ) ;
#158 = EDGE_CURVE ( 'NONE', #376, #5201, #3001, .T. ) ;
#159 = DIRECTION ( 'NONE',  ( 0.000000000000000000, 0.000000000000000000, 1.000000000000000000 ) ) ;
#160 = ORIENTED_EDGE ( 'NONE', *, *, #2169, .T. ) ;
#161 = VECTOR ( 'NONE', #2508, 1000.000000000000000 ) ;
#162 = CARTESIAN_POINT ( 'NONE',  ( -25.50000000000000355, -1.599999999999994760, 4.000000000000000000 ) ) ;
#163 = DIRECTION ( 'NONE',  ( 0.000000000000000000, 0.000000000000000000, -1.000000000000000000 ) ) ;
#164 = ORIENTED_EDGE ( 'NONE', *, *, #4119, .T. ) ;
#165 = VERTEX_POINT ( 'NONE', #5076 ) ;
#166 = EDGE_CURVE ( 'NONE', #438, #4142, #1422, .T. ) ;
#167 = CYLINDRICAL_SURFACE ( 'NONE', #3165, 1.599999999999997202 ) ;
#168 = ORIENTED_EDGE ( 'NONE', *, *, #5398, .T. ) ;
#169 = CARTESIAN_POINT ( 'NONE',  ( 27.00099999999999767, -73.50100000000001899, 4.000000000000000888 ) ) ;
#170 = EDGE_CURVE ( 'NONE', #5762, #2732, #5140, .T. ) ;
#171 = CARTESIAN_POINT ( 'NONE',  ( -25.99999999999998579, -17.50000000000000000, 4.499999999999987566 ) ) ;
#172 = DIRECTION ( 'NONE',  ( -1.000000000000000000, -7.142979018728034897E-16, 0.000000000000000000 ) ) ;
#173 = EDGE_CURVE ( 'NONE', #5870, #1391, #3181, .T. ) ;
#174 = CARTESIAN_POINT ( 'NONE',  ( 74.99997348038401412, -19.83461787068158699, 2.894002137439219968 ) ) ;
#175 = ORIENTED_EDGE ( 'NONE', *, *, #6584, .T. ) ;
#176 = CARTESIAN_POINT ( 'NONE',  ( 31.25000000000000711, -18.50000000000000000, -0.5000000000000004441 ) ) ;
#177 = ORIENTED_EDGE ( 'NONE', *, *, #1687, .T. ) ;
#178 = VECTOR ( 'NONE', #426, 1000.000000000000000 ) ;
#179 = DIRECTION ( 'NONE',  ( -1.000000000000000000, 0.000000000000000000, -0.000000000000000000 ) ) ;
#180 = CARTESIAN_POINT ( 'NONE',  ( 1.626379040597120351, -20.25674932087425972, 91.99722379239923953 ) ) ;
#181 = EDGE_CURVE ( 'NONE', #5834, #2885, #5369, .T. ) ;
#182 = CARTESIAN_POINT ( 'NONE',  ( 31.00000000000005684, -19.50000000000001776, 3.500000000000000000 ) ) ;
#183 = VERTEX_POINT ( 'NONE', #4258 ) ;
#184 = DIRECTION ( 'NONE',  ( -5.782411586589356653E-16, 1.000000000000000000, 0.000000000000000000 ) ) ;
#185 = CARTESIAN_POINT ( 'NONE',  ( -1.582575694955842938, -18.50000000000000000, 3.500000000000003109 ) ) ;
#186 = CARTESIAN_POINT ( 'NONE',  ( 67.48986343215159422, -16.78458705659207695, -0.5000000000000000000 ) ) ;
#187 = CARTESIAN_POINT ( 'NONE',  ( -15.49999999999999822, -8.500000000000005329, 6.000000000000000000 ) ) ;
#188 = CIRCLE ( 'NONE', #4554, 2.000000000000000000 ) ;
#189 = EDGE_CURVE ( 'NONE', #3905, #3755, #6516, .T. ) ;
#190 = ORIENTED_EDGE ( 'NONE', *, *, #2113, .F. ) ;
#191 = EDGE_LOOP ( 'NONE', ( #1404, #3882, #4470, #3191 ) ) ;
#192 = CARTESIAN_POINT ( 'NONE',  ( 30.00000000000006040, -20.50000000000001776, 2.750000000000000000 ) ) ;
#193 = ORIENTED_EDGE ( 'NONE', *, *, #2675, .F. ) ;
#194 = CIRCLE ( 'NONE', #6346, 3.000000000000002665 ) ;
#195 = PLANE ( 'NONE',  #6653 ) ;
#196 = EDGE_CURVE ( 'NONE', #1188, #4409, #6420, .T. ) ;
#197 = DIRECTION ( 'NONE',  ( -0.000000000000000000, -0.000000000000000000, -1.000000000000000000 ) ) ;
#198 = ORIENTED_EDGE ( 'NONE', *, *, #4673, .T. ) ;
#199 = VERTEX_POINT ( 'NONE', #5792 ) ;
#200 = ORIENTED_EDGE ( 'NONE', *, *, #3041, .F. ) ;
#201 = LINE ( 'NONE', #6091, #1646 ) ;
#202 = DIRECTION ( 'NONE',  ( -1.000000000000000000, 0.000000000000000000, 0.000000000000000000 ) ) ;
#203 = CARTESIAN_POINT ( 'NONE',  ( -15.50000000000000000, -8.500000000000007105, 1.000000000000000000 ) ) ;
#204 = EDGE_CURVE ( 'NONE', #5319, #4129, #3667, .T. ) ;
#205 = DIRECTION ( 'NONE',  ( 1.000000000000000000, 0.000000000000000000, 0.000000000000000000 ) ) ;
#206 = VERTEX_POINT ( 'NONE', #6384 ) ;
#207 = DIRECTION ( 'NONE',  ( -1.000000000000000000, 1.144917494144691673E-13, 0.000000000000000000 ) ) ;
#208 = EDGE_LOOP ( 'NONE', ( #733, #5519, #4132, #1407, #4678, #4650, #3601, #5691 ) ) ;
#209 = CARTESIAN_POINT ( 'NONE',  ( 31.25000000000000711, -19.50000000000000000, 2.750000000000000000 ) ) ;
#210 = DIRECTION ( 'NONE',  ( 1.000000000000000000, -8.673617379884048291E-16, 0.000000000000000000 ) ) ;
#211 = EDGE_CURVE ( 'NONE', #761, #2278, #1528, .T. ) ;
#212 = CARTESIAN_POINT ( 'NONE',  ( -10.49999999999999822, -1.599999999999995648, -4.000000000000000000 ) ) ;
#213 = ORIENTED_EDGE ( 'NONE', *, *, #3759, .T. ) ;
#214 = CARTESIAN_POINT ( 'NONE',  ( -8.849999999999996092, -20.00000000000000355, 14.05062109405231396 ) ) ;
#215 = CARTESIAN_POINT ( 'NONE',  ( 78.24999999999992895, -21.50000000000000000, 2.750000000000000000 ) ) ;
#216 = DIRECTION ( 'NONE',  ( -1.000000000000000000, 0.000000000000000000, 0.000000000000000000 ) ) ;
#217 = LINE ( 'NONE', #187, #5676 ) ;
#218 = EDGE_CURVE ( 'NONE', #2932, #5100, #4858, .T. ) ;
#219 = VERTEX_POINT ( 'NONE', #5272 ) ;
#220 = EDGE_LOOP ( 'NONE', ( #4504, #996, #6890, #5399 ) ) ;
#221 = FACE_OUTER_BOUND ( 'NONE', #291, .T. ) ;
#222 = ORIENTED_EDGE ( 'NONE', *, *, #4673, .F. ) ;
#223 = DIRECTION ( 'NONE',  ( 0.000000000000000000, 0.000000000000000000, -1.000000000000000000 ) ) ;
#224 = DIRECTION ( 'NONE',  ( 0.9459459459459459429, 0.3243243243243243423, 0.000000000000000000 ) ) ;
#225 = AXIS2_PLACEMENT_3D ( 'NONE', #1769, #2156, #4396 ) ;
#226 = ORIENTED_EDGE ( 'NONE', *, *, #2827, .T. ) ;
#227 = ORIENTED_EDGE ( 'NONE', *, *, #2815, .F. ) ;
#228 = VECTOR ( 'NONE', #6057, 1000.000000000000000 ) ;
#229 = DIRECTION ( 'NONE',  ( 0.000000000000000000, -1.000000000000000000, 0.000000000000000000 ) ) ;
#230 = EDGE_LOOP ( 'NONE', ( #1198, #6693, #1709, #4242 ) ) ;
#231 = CYLINDRICAL_SURFACE ( 'NONE', #4545, 3.250000000000004885 ) ;
#232 = EDGE_CURVE ( 'NONE', #1157, #1430, #5341, .T. ) ;
#233 = VECTOR ( 'NONE', #3846, 999.9999999999998863 ) ;
#234 = DIRECTION ( 'NONE',  ( 1.000000000000000000, 0.000000000000000000, 0.000000000000000000 ) ) ;
#235 = CARTESIAN_POINT ( 'NONE',  ( 0.000000000000000000, -19.50000000000000000, -0.5000000000000004441 ) ) ;
#236 = VECTOR ( 'NONE', #3452, 1000.000000000000000 ) ;
#237 = VECTOR ( 'NONE', #2593, 1000.000000000000000 ) ;
#238 = VECTOR ( 'NONE', #6517, 1000.000000000000000 ) ;
#239 = CARTESIAN_POINT ( 'NONE',  ( 75.07041225008671859, -19.62483736748706065, 3.425406025536462451 ) ) ;
#240 = CIRCLE ( 'NONE', #695, 1.000000000000000888 ) ;
#241 = EDGE_LOOP ( 'NONE', ( #3468, #920, #198, #3930, #6651, #680, #3147, #5688 ) ) ;
#242 = DIRECTION ( 'NONE',  ( 0.000000000000000000, 0.000000000000000000, 1.000000000000000000 ) ) ;
#243 = VECTOR ( 'NONE', #4861, 1000.000000000000000 ) ;
#244 = ADVANCED_FACE ( 'NONE', ( #1065 ), #5895, .F. ) ;
#245 = AXIS2_PLACEMENT_3D ( 'NONE', #392, #259, #6706 ) ;
#246 = VERTEX_POINT ( 'NONE', #4713 ) ;
#247 = DIRECTION ( 'NONE',  ( 1.000000000000000000, 0.000000000000000000, 0.000000000000000000 ) ) ;
#248 = VECTOR ( 'NONE', #2993, 1000.000000000000000 ) ;
#249 = FACE_OUTER_BOUND ( 'NONE', #4251, .T. ) ;
#250 = ORIENTED_EDGE ( 'NONE', *, *, #6764, .F. ) ;
#251 = CARTESIAN_POINT ( 'NONE',  ( 48.37687680394342493, -12.48089122642681659, 3.500000000000000000 ) ) ;
#252 = EDGE_CURVE ( 'NONE', #5584, #6354, #45, .T. ) ;
#253 = EDGE_CURVE ( 'NONE', #735, #5271, #2052, .T. ) ;
#254 = DIRECTION ( 'NONE',  ( 0.000000000000000000, 0.000000000000000000, 1.000000000000000000 ) ) ;
#255 = VECTOR ( 'NONE', #2138, 1000.000000000000000 ) ;
#256 = DIRECTION ( 'NONE',  ( -1.000000000000000000, 3.469446951953611033E-15, 0.000000000000000000 ) ) ;
#257 = DIRECTION ( 'NONE',  ( 1.000000000000000000, 0.000000000000000000, 0.000000000000000000 ) ) ;
#258 = ORIENTED_EDGE ( 'NONE', *, *, #4640, .T. ) ;
#259 = DIRECTION ( 'NONE',  ( 0.000000000000000000, 0.000000000000000000, 1.000000000000000000 ) ) ;
#260 = EDGE_CURVE ( 'NONE', #1160, #586, #6065, .T. ) ;
#261 = CIRCLE ( 'NONE', #3896, 3.000000000000002665 ) ;
#262 = CARTESIAN_POINT ( 'NONE',  ( 0.000000000000000000, 0.000000000000000000, 0.000000000000000000 ) ) ;
#263 = VERTEX_POINT ( 'NONE', #1102 ) ;
#264 = CARTESIAN_POINT ( 'NONE',  ( -1.582575694955842938, -18.50000000000000000, -0.5000000000000004441 ) ) ;
#265 = AXIS2_PLACEMENT_3D ( 'NONE', #1229, #3370, #697 ) ;
#266 = CARTESIAN_POINT ( 'NONE',  ( 74.09113351927761926, -19.41747289689467948, -7.431795761534271350 ) ) ;
#267 = ORIENTED_EDGE ( 'NONE', *, *, #4496, .T. ) ;
#268 = ORIENTED_EDGE ( 'NONE', *, *, #3678, .F. ) ;
#269 = EDGE_CURVE ( 'NONE', #4142, #1795, #1932, .T. ) ;
#270 = DIRECTION ( 'NONE',  ( 0.000000000000000000, 0.000000000000000000, 1.000000000000000000 ) ) ;
#271 = CARTESIAN_POINT ( 'NONE',  ( 1.750000000000002220, -16.50000000000001066, 6.000000000000000000 ) ) ;
#272 = ORIENTED_EDGE ( 'NONE', *, *, #4241, .T. ) ;
#273 = LINE ( 'NONE', #696, #228 ) ;
#274 = CARTESIAN_POINT ( 'NONE',  ( -27.50000000000000000, -1.599999999999994760, 4.000000000000000000 ) ) ;
#275 = DIRECTION ( 'NONE',  ( -1.000000000000000000, 0.000000000000000000, 0.000000000000000000 ) ) ;
#276 = LINE ( 'NONE', #6657, #3042 ) ;
#277 = VERTEX_POINT ( 'NONE', #3741 ) ;
#278 = CARTESIAN_POINT ( 'NONE',  ( 74.60333844267950099, -24.50000000000000000, -0.5000000000000000000 ) ) ;
#279 = ORIENTED_EDGE ( 'NONE', *, *, #668, .F. ) ;
#280 = CARTESIAN_POINT ( 'NONE',  ( 91.10000000000000853, -18.50000000000000000, 6.000000000000000000 ) ) ;
#281 = CARTESIAN_POINT ( 'NONE',  ( 71.60000000000000853, 1.959434878635772626E-16, 3.500000000000000000 ) ) ;
#282 = ADVANCED_FACE ( 'NONE', ( #4754 ), #3244, .T. ) ;
#283 = PLANE ( 'NONE',  #455 ) ;
#284 = EDGE_LOOP ( 'NONE', ( #2335, #1754 ) ) ;
#285 = LINE ( 'NONE', #1969, #2721 ) ;
#286 = DIRECTION ( 'NONE',  ( 1.000000000000000000, 0.000000000000000000, 0.000000000000000000 ) ) ;
#287 = VECTOR ( 'NONE', #7, 1000.000000000000000 ) ;
#288 = FACE_OUTER_BOUND ( 'NONE', #5389, .T. ) ;
#289 = EDGE_CURVE ( 'NONE', #1870, #6130, #4821, .T. ) ;
#290 = DIRECTION ( 'NONE',  ( -0.000000000000000000, -0.000000000000000000, -1.000000000000000000 ) ) ;
#291 = EDGE_LOOP ( 'NONE', ( #4797, #2872, #4135, #5312 ) ) ;
#292 = CIRCLE ( 'NONE', #2093, 2.000000000000000000 ) ;
#293 = LINE ( 'NONE', #6674, #3393 ) ;
#294 = CARTESIAN_POINT ( 'NONE',  ( 59.58107973894016141, -19.60516730426150289, 3.500000000000003109 ) ) ;
#295 = ORIENTED_EDGE ( 'NONE', *, *, #1281, .F. ) ;
#296 = LINE ( 'NONE', #3562, #4528 ) ;
#297 = AXIS2_PLACEMENT_3D ( 'NONE', #3932, #5629, #1884 ) ;
#298 = ADVANCED_FACE ( 'NONE', ( #6453 ), #5759, .F. ) ;
#299 = DIRECTION ( 'NONE',  ( 0.000000000000000000, 0.000000000000000000, 1.000000000000000000 ) ) ;
#300 = ORIENTED_EDGE ( 'NONE', *, *, #6239, .T. ) ;
#301 = ORIENTED_EDGE ( 'NONE', *, *, #6077, .F. ) ;
#302 = CIRCLE ( 'NONE', #3339, 2.999999999999995559 ) ;
#303 = PLANE ( 'NONE',  #4167 ) ;
#304 = CARTESIAN_POINT ( 'NONE',  ( 31.11539504185323324, -2.271529070723414367, 6.000000000000000000 ) ) ;
#305 = DIRECTION ( 'NONE',  ( -0.000000000000000000, -0.000000000000000000, -1.000000000000000000 ) ) ;
#306 = CARTESIAN_POINT ( 'NONE',  ( -0.05236439395460423807, -10.50000000000000711, -0.5000000000000000000 ) ) ;
#307 = ORIENTED_EDGE ( 'NONE', *, *, #6552, .T. ) ;
#308 = CARTESIAN_POINT ( 'NONE',  ( 30.00000000000006040, -20.50000000000001776, 2.750000000000000000 ) ) ;
#309 = ORIENTED_EDGE ( 'NONE', *, *, #1542, .F. ) ;
#310 = LINE ( 'NONE', #3286, #578 ) ;
#311 = ADVANCED_FACE ( 'NONE', ( #1031 ), #6563, .F. ) ;
#312 = DIRECTION ( 'NONE',  ( -0.000000000000000000, -0.000000000000000000, -1.000000000000000000 ) ) ;
#313 = FACE_OUTER_BOUND ( 'NONE', #2146, .T. ) ;
#314 = ORIENTED_EDGE ( 'NONE', *, *, #6223, .T. ) ;
#315 = ORIENTED_EDGE ( 'NONE', *, *, #5876, .F. ) ;
#316 = DIRECTION ( 'NONE',  ( -0.000000000000000000, 0.000000000000000000, 1.000000000000000000 ) ) ;
#317 = DIRECTION ( 'NONE',  ( 1.000000000000000000, 8.673617379884027583E-16, 0.000000000000000000 ) ) ;
#318 = EDGE_CURVE ( 'NONE', #1659, #6104, #4890, .T. ) ;
#319 = CARTESIAN_POINT ( 'NONE',  ( -4.500000000000000000, -4.499999999999995559, 1.000000000000000000 ) ) ;
#320 = CYLINDRICAL_SURFACE ( 'NONE', #4676, 1.600000000000000089 ) ;
#321 = ORIENTED_EDGE ( 'NONE', *, *, #3778, .T. ) ;
#322 = CARTESIAN_POINT ( 'NONE',  ( 62.63182519208454835, 1.399999999999995914, 3.000000000000000000 ) ) ;
#323 = EDGE_CURVE ( 'NONE', #6003, #794, #698, .T. ) ;
#324 = CARTESIAN_POINT ( 'NONE',  ( 59.32540679113373727, -18.63840397036847207, -0.5000000000000004441 ) ) ;
#325 = VERTEX_POINT ( 'NONE', #603 ) ;
#326 = CARTESIAN_POINT ( 'NONE',  ( 59.19954864385415760, -14.62753688062398894, -55.82353258373179727 ) ) ;
#327 = DIRECTION ( 'NONE',  ( -0.000000000000000000, -0.000000000000000000, -1.000000000000000000 ) ) ;
#328 = VERTEX_POINT ( 'NONE', #2787 ) ;
#329 = EDGE_LOOP ( 'NONE', ( #5252, #3020, #5190, #3498 ) ) ;
#330 = EDGE_CURVE ( 'NONE', #1157, #967, #5970, .T. ) ;
#331 = CARTESIAN_POINT ( 'NONE',  ( 79.50000000000001421, 0.4999999999999970024, 6.001000000000000334 ) ) ;
#332 = CIRCLE ( 'NONE', #3471, 1.000000000000000888 ) ;
#333 = ADVANCED_FACE ( 'NONE', ( #1278 ), #3953, .F. ) ;
#334 = DIRECTION ( 'NONE',  ( 1.000000000000000000, 5.204170427930416550E-15, 0.000000000000000000 ) ) ;
#335 = VECTOR ( 'NONE', #5049, 1000.000000000000000 ) ;
#336 = LINE ( 'NONE', #2519, #4048 ) ;
#337 = DIRECTION ( 'NONE',  ( -1.000000000000000000, 0.000000000000000000, 0.000000000000000000 ) ) ;
#338 = AXIS2_PLACEMENT_3D ( 'NONE', #1697, #2857, #3844 ) ;
#339 = ORIENTED_EDGE ( 'NONE', *, *, #2190, .F. ) ;
#340 = FACE_OUTER_BOUND ( 'NONE', #5450, .T. ) ;
#341 = EDGE_CURVE ( 'NONE', #1897, #4027, #3413, .T. ) ;
#342 = ORIENTED_EDGE ( 'NONE', *, *, #5020, .T. ) ;
#343 = VECTOR ( 'NONE', #3963, 1000.000000000000000 ) ;
#344 = FACE_OUTER_BOUND ( 'NONE', #3311, .T. ) ;
#345 = CIRCLE ( 'NONE', #1817, 1.600000000000004086 ) ;
#346 = DIRECTION ( 'NONE',  ( 0.000000000000000000, -1.000000000000000000, 0.000000000000000000 ) ) ;
#347 = VECTOR ( 'NONE', #1980, 1000.000000000000000 ) ;
#348 = CARTESIAN_POINT ( 'NONE',  ( 0.000000000000000000, -19.50000000000000000, 3.500000000000000000 ) ) ;
#349 = ORIENTED_EDGE ( 'NONE', *, *, #2747, .T. ) ;
#350 = ORIENTED_EDGE ( 'NONE', *, *, #6639, .T. ) ;
#351 = VECTOR ( 'NONE', #4229, 1000.000000000000000 ) ;
#352 = CARTESIAN_POINT ( 'NONE',  ( 64.75000000000001421, -16.50000000000000355, 6.000000000000000000 ) ) ;
#353 = EDGE_CURVE ( 'NONE', #3685, #6758, #3317, .T. ) ;
#354 = DIRECTION ( 'NONE',  ( -0.000000000000000000, -0.000000000000000000, 1.000000000000000000 ) ) ;
#355 = DIRECTION ( 'NONE',  ( 0.000000000000000000, -1.000000000000000000, 0.000000000000000000 ) ) ;
#356 = CARTESIAN_POINT ( 'NONE',  ( -12.50000000000000533, -20.00000000000000355, 2.000000000000000000 ) ) ;
#357 = LINE ( 'NONE', #2050, #5935 ) ;
#358 = VERTEX_POINT ( 'NONE', #1240 ) ;
#359 = CARTESIAN_POINT ( 'NONE',  ( -3.849999999999992539, -18.25000000000000355, 3.500000000000003109 ) ) ;
#360 = AXIS2_PLACEMENT_3D ( 'NONE', #3406, #1233, #2321 ) ;
#361 = DIRECTION ( 'NONE',  ( -0.000000000000000000, -0.000000000000000000, -1.000000000000000000 ) ) ;
#362 = ORIENTED_EDGE ( 'NONE', *, *, #5378, .T. ) ;
#363 = CARTESIAN_POINT ( 'NONE',  ( -15.50000000000000000, -3.599999999999995204, -1.700000000000000178 ) ) ;
#364 = CARTESIAN_POINT ( 'NONE',  ( -2.750000000000064837, -21.50000000000000000, 2.749999999999995115 ) ) ;
#365 = AXIS2_PLACEMENT_3D ( 'NONE', #562, #6913, #6379 ) ;
#366 = EDGE_CURVE ( 'NONE', #5039, #4046, #3921, .T. ) ;
#367 = VERTEX_POINT ( 'NONE', #1800 ) ;
#368 = ORIENTED_EDGE ( 'NONE', *, *, #2874, .T. ) ;
#369 = CARTESIAN_POINT ( 'NONE',  ( 48.57143374141650582, -10.50000000000000711, -0.5000000000000004441 ) ) ;
#370 = VECTOR ( 'NONE', #6407, 1000.000000000000114 ) ;
#371 = CYLINDRICAL_SURFACE ( 'NONE', #155, 1.000000000000000000 ) ;
#372 = EDGE_CURVE ( 'NONE', #4726, #5222, #3502, .T. ) ;
#373 = DIRECTION ( 'NONE',  ( 1.000000000000000000, 0.000000000000000000, 0.000000000000000000 ) ) ;
#374 = AXIS2_PLACEMENT_3D ( 'NONE', #546, #2691, #4310 ) ;
#375 = CARTESIAN_POINT ( 'NONE',  ( 47.57143374141650582, -11.50000000000000711, -0.5000000000000004441 ) ) ;
#376 = VERTEX_POINT ( 'NONE', #4965 ) ;
#377 = CARTESIAN_POINT ( 'NONE',  ( 70.00000000000000000, 0.000000000000000000, 3.499999999999999556 ) ) ;
#378 = EDGE_LOOP ( 'NONE', ( #5533, #4772, #2523, #6571, #2547, #1370, #4133, #2636, #728, #4787, #2188 ) ) ;
#379 = FACE_OUTER_BOUND ( 'NONE', #3341, .T. ) ;
#380 = CARTESIAN_POINT ( 'NONE',  ( -25.50000000000000355, -1.599999999999994760, 4.000000000000000000 ) ) ;
#381 = DIRECTION ( 'NONE',  ( 1.000000000000000000, 0.000000000000000000, -0.000000000000000000 ) ) ;
#382 = EDGE_LOOP ( 'NONE', ( #3100, #6553, #3121, #5844 ) ) ;
#383 = ORIENTED_EDGE ( 'NONE', *, *, #3296, .T. ) ;
#384 = DIRECTION ( 'NONE',  ( -1.000000000000000000, 0.000000000000000000, 0.000000000000000000 ) ) ;
#385 = DIRECTION ( 'NONE',  ( -1.000000000000000000, 0.000000000000000000, 0.000000000000000000 ) ) ;
#386 = VERTEX_POINT ( 'NONE', #5034 ) ;
#387 = PLANE ( 'NONE',  #3511 ) ;
#388 = EDGE_CURVE ( 'NONE', #5491, #3934, #6288, .T. ) ;
#389 = CARTESIAN_POINT ( 'NONE',  ( 0.000000000000000000, 0.000000000000000000, 1.000000000000000000 ) ) ;
#390 = CARTESIAN_POINT ( 'NONE',  ( 7.105894418672759727, -13.64664565419717945, -0.5000000000000004441 ) ) ;
#391 = ORIENTED_EDGE ( 'NONE', *, *, #2143, .T. ) ;
#392 = CARTESIAN_POINT ( 'NONE',  ( 6.918920261059859911, -19.60516730426149579, -0.5000000000000004441 ) ) ;
#393 = DIRECTION ( 'NONE',  ( 0.000000000000000000, -0.000000000000000000, -1.000000000000000000 ) ) ;
#394 = CARTESIAN_POINT ( 'NONE',  ( 0.000000000000000000, -19.50000000000000000, 3.500000000000000000 ) ) ;
#395 = EDGE_LOOP ( 'NONE', ( #5307, #2812, #5490, #5782, #6547, #4205, #4867, #4644, #721, #6886 ) ) ;
#396 = LINE ( 'NONE', #3491, #1955 ) ;
#397 = CARTESIAN_POINT ( 'NONE',  ( 35.49999999999993605, -20.50000000000000000, -0.5000000000000000000 ) ) ;
#398 = AXIS2_PLACEMENT_3D ( 'NONE', #4337, #6465, #2767 ) ;
#399 = ORIENTED_EDGE ( 'NONE', *, *, #1417, .F. ) ;
#400 = ORIENTED_EDGE ( 'NONE', *, *, #1166, .T. ) ;
#401 = ORIENTED_EDGE ( 'NONE', *, *, #5419, .F. ) ;
#402 = CIRCLE ( 'NONE', #4897, 3.000000000000002665 ) ;
#403 = DIRECTION ( 'NONE',  ( 0.000000000000000000, -1.000000000000000000, 0.000000000000000000 ) ) ;
#404 = ADVANCED_FACE ( 'NONE', ( #742 ), #5513, .T. ) ;
#405 = CARTESIAN_POINT ( 'NONE',  ( 30.08772233983155431, -20.09042769776575810, 4.914213562373096700 ) ) ;
#406 = LINE ( 'NONE', #938, #6718 ) ;
#407 = CARTESIAN_POINT ( 'NONE',  ( 85.00000000000001421, -8.500000000000003553, -0.5000000000000000000 ) ) ;
#408 = VERTEX_POINT ( 'NONE', #3884 ) ;
#409 = CARTESIAN_POINT ( 'NONE',  ( 67.68732966102589899, -14.27148697336255800, -0.5000000000000004441 ) ) ;
#410 = ADVANCED_FACE ( 'NONE', ( #6036 ), #4398, .F. ) ;
#411 = CARTESIAN_POINT ( 'NONE',  ( 93.50000000000001421, -26.50000000000000000, 1.725000000000000089 ) ) ;
#412 = FACE_BOUND ( 'NONE', #4422, .T. ) ;
#413 = DIRECTION ( 'NONE',  ( 0.000000000000000000, 0.000000000000000000, -1.000000000000000000 ) ) ;
#414 = ORIENTED_EDGE ( 'NONE', *, *, #1536, .F. ) ;
#415 = ORIENTED_EDGE ( 'NONE', *, *, #1711, .T. ) ;
#416 = DIRECTION ( 'NONE',  ( -1.000000000000000000, 0.000000000000000000, 0.000000000000000000 ) ) ;
#417 = CARTESIAN_POINT ( 'NONE',  ( 54.88006213966855285, -17.74527366776648662, 3.500000000000000000 ) ) ;
#418 = ADVANCED_FACE ( 'NONE', ( #4433 ), #6004, .F. ) ;
#419 = ORIENTED_EDGE ( 'NONE', *, *, #196, .T. ) ;
#420 = EDGE_CURVE ( 'NONE', #5416, #4696, #5476, .T. ) ;
#421 = CYLINDRICAL_SURFACE ( 'NONE', #3183, 4.000000000000000000 ) ;
#422 = DIRECTION ( 'NONE',  ( -0.000000000000000000, -0.000000000000000000, -1.000000000000000000 ) ) ;
#423 = DIRECTION ( 'NONE',  ( -0.000000000000000000, -0.000000000000000000, 1.000000000000000000 ) ) ;
#424 = ORIENTED_EDGE ( 'NONE', *, *, #1503, .F. ) ;
#425 = DIRECTION ( 'NONE',  ( 0.000000000000000000, 0.000000000000000000, 1.000000000000000000 ) ) ;
#426 = DIRECTION ( 'NONE',  ( -0.000000000000000000, -0.000000000000000000, 1.000000000000000000 ) ) ;
#427 = CARTESIAN_POINT ( 'NONE',  ( 4.250000000000002665, -16.50000000000001066, 6.000000000000000000 ) ) ;
#428 = ORIENTED_EDGE ( 'NONE', *, *, #5465, .F. ) ;
#429 = DIRECTION ( 'NONE',  ( 0.000000000000000000, 0.000000000000000000, 1.000000000000000000 ) ) ;
#430 = ADVANCED_FACE ( 'NONE', ( #5408 ), #2822, .F. ) ;
#431 = CARTESIAN_POINT ( 'NONE',  ( -26.00000000000001421, -20.50000000000000000, 4.499999999999987566 ) ) ;
#432 = B_SPLINE_CURVE_WITH_KNOTS ( 'NONE', 3,
 ( #1755, #6470, #2282, #2735, #6436, #3302, #6545, #1654, #5494, #3794, #2207, #587, #3903, #3334, #2773, #6022 ),
 .UNSPECIFIED., .F., .F.,
 ( 4, 2, 2, 2, 2, 2, 2, 4 ),
 ( 0.000000000000000000, 0.0002350213895223137893, 0.0004700427790446275785, 0.0009400855580892551570, 0.001175106947611569055, 0.001410128337133882736, 0.001645149726656196416, 0.001880171116178510314 ),
 .UNSPECIFIED. ) ;
#433 = VERTEX_POINT ( 'NONE', #5929 ) ;
#434 = EDGE_LOOP ( 'NONE', ( #1732, #4340, #6204, #1296, #4283, #5091 ) ) ;
#435 = ORIENTED_EDGE ( 'NONE', *, *, #5465, .T. ) ;
#436 = DIRECTION ( 'NONE',  ( 0.000000000000000000, 0.000000000000000000, -1.000000000000000000 ) ) ;
#437 = DIRECTION ( 'NONE',  ( 0.000000000000000000, -1.000000000000000000, 0.000000000000000000 ) ) ;
#438 = VERTEX_POINT ( 'NONE', #6171 ) ;
#439 = LINE ( 'NONE', #2590, #4368 ) ;
#440 = ORIENTED_EDGE ( 'NONE', *, *, #252, .T. ) ;
#441 = LINE ( 'NONE', #1617, #237 ) ;
#442 = VECTOR ( 'NONE', #870, 1000.000000000000000 ) ;
#443 = ORIENTED_EDGE ( 'NONE', *, *, #6406, .F. ) ;
#444 = CARTESIAN_POINT ( 'NONE',  ( -25.50000000000000355, -1.599999999999994760, 6.000000000000000000 ) ) ;
#445 = AXIS2_PLACEMENT_3D ( 'NONE', #4453, #1756, #234 ) ;
#446 = DIRECTION ( 'NONE',  ( -1.000000000000000000, 0.000000000000000000, -0.000000000000000000 ) ) ;
#447 = VECTOR ( 'NONE', #5169, 1000.000000000000000 ) ;
#448 = ADVANCED_FACE ( 'NONE', ( #1310 ), #846, .F. ) ;
#449 = LINE ( 'NONE', #6263, #2710 ) ;
#450 = VERTEX_POINT ( 'NONE', #3444 ) ;
#451 = ORIENTED_EDGE ( 'NONE', *, *, #5650, .T. ) ;
#452 = CARTESIAN_POINT ( 'NONE',  ( 36.41227766016831424, -20.09042769776545967, 3.500000000000000000 ) ) ;
#453 = DIRECTION ( 'NONE',  ( 0.9094744755858001906, -0.4157597602677942095, 0.000000000000000000 ) ) ;
#454 = ORIENTED_EDGE ( 'NONE', *, *, #3633, .T. ) ;
#455 = AXIS2_PLACEMENT_3D ( 'NONE', #1798, #812, #2957 ) ;
#456 = DIRECTION ( 'NONE',  ( 1.000000000000000000, 0.000000000000000000, 0.000000000000000000 ) ) ;
#457 = CARTESIAN_POINT ( 'NONE',  ( 31.05544306252691911, -11.95476505286242030, 3.500000000000000000 ) ) ;
#458 = VECTOR ( 'NONE', #5880, 1000.000000000000000 ) ;
#459 = EDGE_CURVE ( 'NONE', #6750, #1864, #2398, .T. ) ;
#460 = EDGE_CURVE ( 'NONE', #2278, #183, #6519, .T. ) ;
#461 = DIRECTION ( 'NONE',  ( 0.000000000000000000, 0.000000000000000000, 1.000000000000000000 ) ) ;
#462 = VECTOR ( 'NONE', #3941, 1000.000000000000000 ) ;
#463 = VERTEX_POINT ( 'NONE', #5132 ) ;
#464 = DIRECTION ( 'NONE',  ( -0.000000000000000000, -0.000000000000000000, -1.000000000000000000 ) ) ;
#465 = EDGE_CURVE ( 'NONE', #2370, #3764, #5847, .T. ) ;
#466 = CARTESIAN_POINT ( 'NONE',  ( -21.50000000000000000, -3.600000000000003197, 6.000000000000000000 ) ) ;
#467 = AXIS2_PLACEMENT_3D ( 'NONE', #2562, #6199, #4697 ) ;
#468 = CARTESIAN_POINT ( 'NONE',  ( -0.7469987990390337673, -15.10000000000000142, 91.99722379239923953 ) ) ;
#469 = ORIENTED_EDGE ( 'NONE', *, *, #676, .F. ) ;
#470 = VECTOR ( 'NONE', #6847, 1000.000000000000000 ) ;
#471 = CARTESIAN_POINT ( 'NONE',  ( 30.01183826499917018, -21.71757273468296745, 2.437234858002981230 ) ) ;
#472 = CARTESIAN_POINT ( 'NONE',  ( 93.50000000000001421, -2.399527641708708803, 6.000000000000000000 ) ) ;
#473 = EDGE_CURVE ( 'NONE', #2258, #3105, #1382, .T. ) ;
#474 = VERTEX_POINT ( 'NONE', #1840 ) ;
#475 = VECTOR ( 'NONE', #5615, 1000.000000000000000 ) ;
#476 = ORIENTED_EDGE ( 'NONE', *, *, #6153, .F. ) ;
#477 = CARTESIAN_POINT ( 'NONE',  ( 89.00000000000001421, 1.000000000000001332, 1.725000000000000089 ) ) ;
#478 = ORIENTED_EDGE ( 'NONE', *, *, #6584, .F. ) ;
#479 = LINE ( 'NONE', #2765, #6538 ) ;
#480 = EDGE_CURVE ( 'NONE', #6161, #2269, #2922, .T. ) ;
#481 = VERTEX_POINT ( 'NONE', #3515 ) ;
#482 = CARTESIAN_POINT ( 'NONE',  ( 31.25000000000000711, -19.50000000000000000, -0.5000000000000004441 ) ) ;
#483 = EDGE_LOOP ( 'NONE', ( #1305, #2382, #5674, #3400 ) ) ;
#484 = DIRECTION ( 'NONE',  ( 1.000000000000000000, 0.000000000000000000, 0.000000000000000000 ) ) ;
#485 = VECTOR ( 'NONE', #2004, 1000.000000000000000 ) ;
#486 = DIRECTION ( 'NONE',  ( -0.000000000000000000, 0.000000000000000000, 1.000000000000000000 ) ) ;
#487 = EDGE_LOOP ( 'NONE', ( #515, #435, #3701, #4116, #5553, #2306 ) ) ;
#488 = CARTESIAN_POINT ( 'NONE',  ( 70.00000000000000000, 0.000000000000000000, 1.725000000000000089 ) ) ;
#489 = ORIENTED_EDGE ( 'NONE', *, *, #5950, .F. ) ;
#490 = DIRECTION ( 'NONE',  ( 0.7522364576801211511, -0.6588932476030266994, 0.000000000000000000 ) ) ;
#491 = ORIENTED_EDGE ( 'NONE', *, *, #1720, .F. ) ;
#492 = VERTEX_POINT ( 'NONE', #3061 ) ;
#493 = LINE ( 'NONE', #5963, #701 ) ;
#494 = DIRECTION ( 'NONE',  ( 0.000000000000000000, 0.000000000000000000, 1.000000000000000000 ) ) ;
#495 = VECTOR ( 'NONE', #6183, 1000.000000000000000 ) ;
#496 = VERTEX_POINT ( 'NONE', #4533 ) ;
#497 = EDGE_CURVE ( 'NONE', #2876, #6414, #3851, .T. ) ;
#498 = CYLINDRICAL_SURFACE ( 'NONE', #2618, 1.000000000000000888 ) ;
#499 = DIRECTION ( 'NONE',  ( -1.000000000000000000, 0.000000000000000000, 0.000000000000000000 ) ) ;
#500 = FACE_OUTER_BOUND ( 'NONE', #2574, .T. ) ;
#501 = ORIENTED_EDGE ( 'NONE', *, *, #6541, .T. ) ;
#502 = CARTESIAN_POINT ( 'NONE',  ( 6.616199132033664831, -1.504226675533800073, 1.000000000000000000 ) ) ;
#503 = DIRECTION ( 'NONE',  ( 0.000000000000000000, 0.000000000000000000, -1.000000000000000000 ) ) ;
#504 =( LENGTH_UNIT ( ) NAMED_UNIT ( * ) SI_UNIT ( .MILLI., .METRE. ) );
#505 = ORIENTED_EDGE ( 'NONE', *, *, #4407, .F. ) ;
#506 = EDGE_CURVE ( 'NONE', #1469, #3624, #4089, .T. ) ;
#507 = CARTESIAN_POINT ( 'NONE',  ( 30.08772233983155076, -21.41003987980394996, 1.999999999999998668 ) ) ;
#508 = LINE ( 'NONE', #1181, #2206 ) ;
#509 = VERTEX_POINT ( 'NONE', #251 ) ;
#510 = VERTEX_POINT ( 'NONE', #352 ) ;
#511 = DIRECTION ( 'NONE',  ( 0.000000000000000000, 0.000000000000000000, -1.000000000000000000 ) ) ;
#512 = EDGE_CURVE ( 'NONE', #1780, #2927, #5648, .T. ) ;
#513 = AXIS2_PLACEMENT_3D ( 'NONE', #6527, #2298, #5580 ) ;
#514 = LINE ( 'NONE', #1714, #4203 ) ;
#515 = ORIENTED_EDGE ( 'NONE', *, *, #1423, .F. ) ;
#516 = ORIENTED_EDGE ( 'NONE', *, *, #3595, .F. ) ;
#517 = LINE ( 'NONE', #4768, #2036 ) ;
#518 = EDGE_LOOP ( 'NONE', ( #725, #1260 ) ) ;
#519 = VECTOR ( 'NONE', #6201, 1000.000000000000000 ) ;
#520 = CARTESIAN_POINT ( 'NONE',  ( 7.300451356145845949, -14.62753688062399071, -55.82353258373179727 ) ) ;
#521 = CARTESIAN_POINT ( 'NONE',  ( 68.07156952992167476, -17.76520829632588772, -0.5000000000000004441 ) ) ;
#522 = ORIENTED_EDGE ( 'NONE', *, *, #4351, .T. ) ;
#523 = DIRECTION ( 'NONE',  ( 0.000000000000000000, 0.000000000000000000, 1.000000000000000000 ) ) ;
#524 = VECTOR ( 'NONE', #1706, 1000.000000000000000 ) ;
#525 = LINE ( 'NONE', #3308, #238 ) ;
#526 = ORIENTED_EDGE ( 'NONE', *, *, #2011, .F. ) ;
#527 = FACE_OUTER_BOUND ( 'NONE', #6544, .T. ) ;
#528 = CARTESIAN_POINT ( 'NONE',  ( 36.41227766016831424, -19.50000000000000000, 3.500000000000000000 ) ) ;
#529 = AXIS2_PLACEMENT_3D ( 'NONE', #6312, #5622, #3520 ) ;
#530 = CARTESIAN_POINT ( 'NONE',  ( 75.03790682901178855, -24.40243705710602740, 3.289959364006426856 ) ) ;
#531 = DIRECTION ( 'NONE',  ( 1.000000000000000000, -0.000000000000000000, -0.000000000000000000 ) ) ;
#532 = DIRECTION ( 'NONE',  ( 0.000000000000000000, -0.000000000000000000, -1.000000000000000000 ) ) ;
#533 = EDGE_LOOP ( 'NONE', ( #4922, #6780, #6596, #6368, #2099, #4140, #5290, #5274, #4573 ) ) ;
#534 = CARTESIAN_POINT ( 'NONE',  ( -16.50000000000001066, -6.100000000000005862, -1.699999999999999956 ) ) ;
#535 = EDGE_CURVE ( 'NONE', #2040, #5956, #3475, .T. ) ;
#536 = LINE ( 'NONE', #4822, #6326 ) ;
#537 = DIRECTION ( 'NONE',  ( 0.000000000000000000, -1.000000000000000000, 0.000000000000000000 ) ) ;
#538 = ORIENTED_EDGE ( 'NONE', *, *, #933, .T. ) ;
#539 = DIRECTION ( 'NONE',  ( -1.000000000000000000, 0.000000000000000000, 0.000000000000000000 ) ) ;
#540 = DIRECTION ( 'NONE',  ( 0.000000000000000000, 0.000000000000000000, 1.000000000000000000 ) ) ;
#541 = ORIENTED_EDGE ( 'NONE', *, *, #5858, .T. ) ;
#542 = EDGE_LOOP ( 'NONE', ( #315, #1563, #6044, #5914, #6097, #4805, #1853, #2976, #1597, #4186, #1673 ) ) ;
#543 = ADVANCED_FACE ( 'NONE', ( #4599 ), #914, .T. ) ;
#544 = LINE ( 'NONE', #6893, #2819 ) ;
#545 = ORIENTED_EDGE ( 'NONE', *, *, #3715, .T. ) ;
#546 = CARTESIAN_POINT ( 'NONE',  ( -27.50000000000000000, 0.000000000000000000, 0.000000000000000000 ) ) ;
#547 = ORIENTED_EDGE ( 'NONE', *, *, #1230, .T. ) ;
#548 = EDGE_CURVE ( 'NONE', #1864, #3323, #285, .T. ) ;
#549 = EDGE_CURVE ( 'NONE', #6130, #6654, #2431, .T. ) ;
#550 = CYLINDRICAL_SURFACE ( 'NONE', #3146, 1.000000000000000888 ) ;
#551 = ORIENTED_EDGE ( 'NONE', *, *, #5173, .T. ) ;
#552 = CARTESIAN_POINT ( 'NONE',  ( -1.198507090442535590E-16, -1.599999999999996758, 6.000000000000000000 ) ) ;
#553 = EDGE_CURVE ( 'NONE', #2592, #6306, #3287, .T. ) ;
#554 = PLANE ( 'NONE',  #900 ) ;
#555 = VERTEX_POINT ( 'NONE', #4047 ) ;
#556 = CARTESIAN_POINT ( 'NONE',  ( 81.00000000000001421, -10.50000000000000711, -0.5000000000000000000 ) ) ;
#557 = EDGE_CURVE ( 'NONE', #3390, #1870, #6235, .T. ) ;
#558 = DIRECTION ( 'NONE',  ( -1.000000000000000000, 3.552713678800501718E-15, 0.000000000000000000 ) ) ;
#559 = ORIENTED_EDGE ( 'NONE', *, *, #3178, .F. ) ;
#560 = CARTESIAN_POINT ( 'NONE',  ( 48.57143374141650582, -11.50000000000000711, 3.500000000000003109 ) ) ;
#561 = EDGE_CURVE ( 'NONE', #3221, #6712, #21, .T. ) ;
#562 = CARTESIAN_POINT ( 'NONE',  ( 42.36817480791545876, 1.399999999999998579, 1.000000000000000000 ) ) ;
#563 = DIRECTION ( 'NONE',  ( 1.000000000000000000, 0.000000000000000000, 0.000000000000000000 ) ) ;
#564 = VECTOR ( 'NONE', #3011, 1000.000000000000227 ) ;
#565 = CARTESIAN_POINT ( 'NONE',  ( 81.00000000000001421, -24.50000000000000000, 3.500000000000003109 ) ) ;
#566 = VERTEX_POINT ( 'NONE', #6633 ) ;
#567 = DIRECTION ( 'NONE',  ( 0.000000000000000000, 0.000000000000000000, 1.000000000000000000 ) ) ;
#568 = VECTOR ( 'NONE', #6844, 1000.000000000000000 ) ;
#569 = CARTESIAN_POINT ( 'NONE',  ( -16.50000000000001066, -6.100000000000005862, 2.000000000000000000 ) ) ;
#570 = DIRECTION ( 'NONE',  ( 1.000000000000000000, 0.000000000000000000, 0.000000000000000000 ) ) ;
#571 = AXIS2_PLACEMENT_3D ( 'NONE', #3644, #1432, #4071 ) ;
#572 = LINE ( 'NONE', #4330, #2861 ) ;
#573 = AXIS2_PLACEMENT_3D ( 'NONE', #4010, #6196, #1405 ) ;
#574 = PLANE ( 'NONE',  #4788 ) ;
#575 = AXIS2_PLACEMENT_3D ( 'NONE', #843, #6034, #3951 ) ;
#576 = ORIENTED_EDGE ( 'NONE', *, *, #2518, .T. ) ;
#577 = ORIENTED_EDGE ( 'NONE', *, *, #2815, .T. ) ;
#578 = VECTOR ( 'NONE', #3509, 1000.000000000000000 ) ;
#579 = AXIS2_PLACEMENT_3D ( 'NONE', #322, #3485, #3028 ) ;
#580 = LINE ( 'NONE', #6324, #1812 ) ;
#581 = LINE ( 'NONE', #1573, #1740 ) ;
#582 = ADVANCED_FACE ( 'NONE', ( #3987 ), #5887, .F. ) ;
#583 = FACE_OUTER_BOUND ( 'NONE', #3665, .T. ) ;
#584 = ORIENTED_EDGE ( 'NONE', *, *, #232, .T. ) ;
#585 = DIRECTION ( 'NONE',  ( 1.000000000000000000, 0.000000000000000000, 0.000000000000000000 ) ) ;
#586 = VERTEX_POINT ( 'NONE', #2605 ) ;
#587 = CARTESIAN_POINT ( 'NONE',  ( 0.4576492879574808326, -23.79940352162432404, 2.222045891219265101 ) ) ;
#588 = CARTESIAN_POINT ( 'NONE',  ( -1.676349562706285878, -14.73032354161088264, 91.99722379239923953 ) ) ;
#589 = AXIS2_PLACEMENT_3D ( 'NONE', #1731, #4916, #5923 ) ;
#590 = LINE ( 'NONE', #3796, #3976 ) ;
#591 = ADVANCED_FACE ( 'NONE', ( #6374 ), #2117, .F. ) ;
#592 = EDGE_CURVE ( 'NONE', #961, #1412, #6629, .T. ) ;
#593 = VECTOR ( 'NONE', #5819, 1000.000000000000000 ) ;
#594 = DIRECTION ( 'NONE',  ( -1.000000000000000000, 0.000000000000000000, 0.000000000000000000 ) ) ;
#595 = VERTEX_POINT ( 'NONE', #986 ) ;
#596 = CARTESIAN_POINT ( 'NONE',  ( 59.06219459593107501, -16.63925516693673146, -0.5000000000000004441 ) ) ;
#597 = ORIENTED_EDGE ( 'NONE', *, *, #6714, .F. ) ;
#598 = ADVANCED_FACE ( 'NONE', ( #4703 ), #1625, .F. ) ;
#599 = CARTESIAN_POINT ( 'NONE',  ( 75.01909820294729059, -22.59052552441420403, 2.398185307580717129 ) ) ;
#600 = CARTESIAN_POINT ( 'NONE',  ( -4.500000000000000000, -1.599999999999995870, -89.54697091471047088 ) ) ;
#601 = CARTESIAN_POINT ( 'NONE',  ( -3.849999999999992539, -18.50000000000000000, 3.500000000000003109 ) ) ;
#602 = VERTEX_POINT ( 'NONE', #4187 ) ;
#603 = CARTESIAN_POINT ( 'NONE',  ( 73.67537375900982966, -20.32694737248047545, 3.500000000000000000 ) ) ;
#604 = VECTOR ( 'NONE', #1291, 1000.000000000000000 ) ;
#605 = CARTESIAN_POINT ( 'NONE',  ( -15.49999999999999822, -4.499999999999997335, 1.000000000000000000 ) ) ;
#606 = PLANE ( 'NONE',  #2374 ) ;
#607 = DIRECTION ( 'NONE',  ( -0.000000000000000000, -0.000000000000000000, -1.000000000000000000 ) ) ;
#608 = ORIENTED_EDGE ( 'NONE', *, *, #3531, .T. ) ;
#609 = CARTESIAN_POINT ( 'NONE',  ( 0.5385889543109364519, -13.34699260004677690, -55.82353258373179727 ) ) ;
#610 = EDGE_LOOP ( 'NONE', ( #4180, #526, #5719, #3802 ) ) ;
#611 = EDGE_LOOP ( 'NONE', ( #4185, #6410, #3195, #3077 ) ) ;
#612 = CARTESIAN_POINT ( 'NONE',  ( -0.6660605559646731733, -18.10000000000000142, -0.5000000000000000000 ) ) ;
#613 = ADVANCED_FACE ( 'NONE', ( #4149 ), #951, .F. ) ;
#614 = DIRECTION ( 'NONE',  ( 0.000000000000000000, 0.000000000000000000, -1.000000000000000000 ) ) ;
#615 = DIRECTION ( 'NONE',  ( -1.797640907747984631E-16, -1.000000000000000000, 0.000000000000000000 ) ) ;
#616 = EDGE_LOOP ( 'NONE', ( #3154, #2662, #1380, #5198 ) ) ;
#617 = ORIENTED_EDGE ( 'NONE', *, *, #196, .F. ) ;
#618 = DIRECTION ( 'NONE',  ( 0.000000000000000000, -1.000000000000000000, 0.000000000000000000 ) ) ;
#619 = ORIENTED_EDGE ( 'NONE', *, *, #2309, .T. ) ;
#620 = CARTESIAN_POINT ( 'NONE',  ( -16.50000000000001066, -7.500000000000016875, -1.700000000000000178 ) ) ;
#621 = ADVANCED_FACE ( 'NONE', ( #3762 ), #3733, .F. ) ;
#622 = CIRCLE ( 'NONE', #513, 1.600000000000004086 ) ;
#623 = DIRECTION ( 'NONE',  ( -0.000000000000000000, -0.000000000000000000, -1.000000000000000000 ) ) ;
#624 = ORIENTED_EDGE ( 'NONE', *, *, #2272, .T. ) ;
#625 = DIRECTION ( 'NONE',  ( 0.000000000000000000, -1.000000000000000000, 0.000000000000000000 ) ) ;
#626 = VECTOR ( 'NONE', #3861, 1000.000000000000000 ) ;
#627 = CARTESIAN_POINT ( 'NONE',  ( 70.00000000000000000, 0.000000000000000000, 3.499999999999999556 ) ) ;
#628 = ORIENTED_EDGE ( 'NONE', *, *, #2177, .T. ) ;
#629 = FACE_OUTER_BOUND ( 'NONE', #6442, .T. ) ;
#630 = EDGE_CURVE ( 'NONE', #2530, #2278, #2674, .T. ) ;
#631 = VERTEX_POINT ( 'NONE', #1092 ) ;
#632 = VECTOR ( 'NONE', #3256, 1000.000000000000000 ) ;
#633 = B_SPLINE_CURVE_WITH_KNOTS ( 'NONE', 3,
 ( #5632, #1504, #5148, #6219 ),
 .UNSPECIFIED., .F., .F.,
 ( 4, 4 ),
 ( 0.000000000000000000, 0.0008590961471014197520 ),
 .UNSPECIFIED. ) ;
#634 = DIRECTION ( 'NONE',  ( 0.000000000000000000, 0.000000000000000000, 1.000000000000000000 ) ) ;
#635 = CARTESIAN_POINT ( 'NONE',  ( -1.600000000000000089, 0.000000000000000000, 1.000000000000000000 ) ) ;
#636 = LINE ( 'NONE', #5927, #1914 ) ;
#637 = ORIENTED_EDGE ( 'NONE', *, *, #4938, .T. ) ;
#638 = DIRECTION ( 'NONE',  ( -0.000000000000000000, -0.000000000000000000, -1.000000000000000000 ) ) ;
#639 = EDGE_CURVE ( 'NONE', #3577, #692, #2277, .T. ) ;
#640 = AXIS2_PLACEMENT_3D ( 'NONE', #5104, #4572, #6177 ) ;
#641 = DIRECTION ( 'NONE',  ( -0.000000000000000000, 0.000000000000000000, 1.000000000000000000 ) ) ;
#642 = EDGE_CURVE ( 'NONE', #1659, #3600, #6908, .T. ) ;
#643 = FACE_OUTER_BOUND ( 'NONE', #4350, .T. ) ;
#644 = LINE ( 'NONE', #3957, #1613 ) ;
#645 = CYLINDRICAL_SURFACE ( 'NONE', #6791, 4.000000000000000000 ) ;
#646 = VERTEX_POINT ( 'NONE', #3237 ) ;
#647 = ORIENTED_EDGE ( 'NONE', *, *, #3379, .T. ) ;
#648 = EDGE_CURVE ( 'NONE', #509, #3988, #6857, .T. ) ;
#649 = ADVANCED_FACE ( 'NONE', ( #527 ), #6938, .F. ) ;
#650 = CARTESIAN_POINT ( 'NONE',  ( 85.00000000000001421, 1.000000000000001332, 0.000000000000000000 ) ) ;
#651 = ORIENTED_EDGE ( 'NONE', *, *, #3456, .T. ) ;
#652 = FACE_OUTER_BOUND ( 'NONE', #1902, .T. ) ;
#653 = LINE ( 'NONE', #1678, #1307 ) ;
#654 = ORIENTED_EDGE ( 'NONE', *, *, #4082, .T. ) ;
#655 = ORIENTED_EDGE ( 'NONE', *, *, #5143, .T. ) ;
#656 = EDGE_CURVE ( 'NONE', #2991, #2429, #6038, .T. ) ;
#657 = VERTEX_POINT ( 'NONE', #4746 ) ;
#658 = DIRECTION ( 'NONE',  ( 0.000000000000000000, -1.000000000000000000, 0.000000000000000000 ) ) ;
#659 = VERTEX_POINT ( 'NONE', #3622 ) ;
#660 = CYLINDRICAL_SURFACE ( 'NONE', #3945, 1.249999999999997558 ) ;
#661 = ORIENTED_EDGE ( 'NONE', *, *, #5911, .F. ) ;
#662 = DIRECTION ( 'NONE',  ( 0.000000000000000000, 0.000000000000000000, 1.000000000000000000 ) ) ;
#663 = FACE_OUTER_BOUND ( 'NONE', #2240, .T. ) ;
#664 = ORIENTED_EDGE ( 'NONE', *, *, #2177, .F. ) ;
#665 = LINE ( 'NONE', #2215, #4850 ) ;
#666 = VERTEX_POINT ( 'NONE', #5784 ) ;
#667 = DIRECTION ( 'NONE',  ( 0.000000000000000000, -0.000000000000000000, -1.000000000000000000 ) ) ;
#668 = EDGE_CURVE ( 'NONE', #5803, #2344, #6875, .T. ) ;
#669 = DIRECTION ( 'NONE',  ( 0.000000000000000000, 0.000000000000000000, 1.000000000000000000 ) ) ;
#670 = CYLINDRICAL_SURFACE ( 'NONE', #225, 1.000000000000000888 ) ;
#671 = VERTEX_POINT ( 'NONE', #4221 ) ;
#672 = DIRECTION ( 'NONE',  ( -0.000000000000000000, -0.000000000000000000, -1.000000000000000000 ) ) ;
#673 = CARTESIAN_POINT ( 'NONE',  ( 62.63182519208454835, 1.399999999999995914, 0.000000000000000000 ) ) ;
#674 = FACE_BOUND ( 'NONE', #5754, .T. ) ;
#675 = CARTESIAN_POINT ( 'NONE',  ( 36.41227766016831424, -20.09042769776545967, -0.5000000000000000000 ) ) ;
#676 = EDGE_CURVE ( 'NONE', #6054, #6818, #1557, .T. ) ;
#677 = AXIS2_PLACEMENT_3D ( 'NONE', #6256, #2484, #4624 ) ;
#678 = EDGE_CURVE ( 'NONE', #657, #671, #493, .T. ) ;
#679 = DIRECTION ( 'NONE',  ( 0.000000000000000000, 0.000000000000000000, -1.000000000000000000 ) ) ;
#680 = ORIENTED_EDGE ( 'NONE', *, *, #3493, .F. ) ;
#681 = EDGE_CURVE ( 'NONE', #3711, #2334, #1199, .T. ) ;
#682 = ORIENTED_EDGE ( 'NONE', *, *, #1318, .F. ) ;
#683 = CIRCLE ( 'NONE', #1141, 1.000000000000000888 ) ;
#684 = FACE_OUTER_BOUND ( 'NONE', #144, .T. ) ;
#685 = ORIENTED_EDGE ( 'NONE', *, *, #6550, .F. ) ;
#686 = VECTOR ( 'NONE', #6800, 1000.000000000000000 ) ;
#687 = DIRECTION ( 'NONE',  ( 0.000000000000000000, 0.000000000000000000, -1.000000000000000000 ) ) ;
#688 = CARTESIAN_POINT ( 'NONE',  ( 85.00000000000001421, -8.500000000000003553, 1.000000000000000000 ) ) ;
#689 = CIRCLE ( 'NONE', #1475, 1.600000000000000089 ) ;
#690 = ORIENTED_EDGE ( 'NONE', *, *, #3706, .T. ) ;
#691 = VECTOR ( 'NONE', #658, 1000.000000000000000 ) ;
#692 = VERTEX_POINT ( 'NONE', #69 ) ;
#693 = EDGE_LOOP ( 'NONE', ( #4260, #2844, #4343, #3298 ) ) ;
#694 = CARTESIAN_POINT ( 'NONE',  ( 70.00000000000000000, 0.000000000000000000, -9.227922061357867634 ) ) ;
#695 = AXIS2_PLACEMENT_3D ( 'NONE', #6039, #2824, #4966 ) ;
#696 = CARTESIAN_POINT ( 'NONE',  ( 6.284715534938208670, -14.21731652335774676, 91.99722379239923953 ) ) ;
#697 = DIRECTION ( 'NONE',  ( 1.000000000000000000, 0.000000000000000000, 0.000000000000000000 ) ) ;
#698 = CIRCLE ( 'NONE', #4618, 2.000000000000000000 ) ;
#699 = LINE ( 'NONE', #6621, #1009 ) ;
#700 = ORIENTED_EDGE ( 'NONE', *, *, #1299, .T. ) ;
#701 = VECTOR ( 'NONE', #2811, 1000.000000000000000 ) ;
#702 = FACE_OUTER_BOUND ( 'NONE', #4943, .T. ) ;
#703 = ORIENTED_EDGE ( 'NONE', *, *, #881, .T. ) ;
#704 = DIRECTION ( 'NONE',  ( -1.000000000000000000, 0.000000000000000000, 0.000000000000000000 ) ) ;
#705 = AXIS2_PLACEMENT_3D ( 'NONE', #714, #1313, #780 ) ;
#706 = LINE ( 'NONE', #4395, #2999 ) ;
#707 = FACE_OUTER_BOUND ( 'NONE', #751, .T. ) ;
#708 = ORIENTED_EDGE ( 'NONE', *, *, #1880, .T. ) ;
#709 = DIRECTION ( 'NONE',  ( 0.1945569374730865830, -0.9808912264268110359, 0.000000000000000000 ) ) ;
#710 = CARTESIAN_POINT ( 'NONE',  ( -12.50000000000000533, -20.00000000000000355, 14.05062109405231396 ) ) ;
#711 = CIRCLE ( 'NONE', #39, 1.000000000000000888 ) ;
#712 = ADVANCED_FACE ( 'NONE', ( #4387 ), #3342, .F. ) ;
#713 = ADVANCED_FACE ( 'NONE', ( #702 ), #5468, .F. ) ;
#714 = CARTESIAN_POINT ( 'NONE',  ( 44.85374360817894512, -23.50000000000000000, 91.99722379239923953 ) ) ;
#715 = DIRECTION ( 'NONE',  ( 1.000000000000000000, -3.469446951953614189E-15, 0.000000000000000000 ) ) ;
#716 = AXIS2_PLACEMENT_3D ( 'NONE', #891, #1354, #2016 ) ;
#717 = ORIENTED_EDGE ( 'NONE', *, *, #3615, .F. ) ;
#718 = ORIENTED_EDGE ( 'NONE', *, *, #6891, .T. ) ;
#719 = EDGE_CURVE ( 'NONE', #6242, #1188, #5181, .T. ) ;
#720 = DIRECTION ( 'NONE',  ( 0.000000000000000000, 0.000000000000000000, -1.000000000000000000 ) ) ;
#721 = ORIENTED_EDGE ( 'NONE', *, *, #4065, .F. ) ;
#722 = CIRCLE ( 'NONE', #6763, 2.000000000000000000 ) ;
#723 = DIRECTION ( 'NONE',  ( 0.000000000000000000, 0.000000000000000000, 1.000000000000000000 ) ) ;
#724 = CARTESIAN_POINT ( 'NONE',  ( 37.41227766016831424, -21.33047371415610627, -0.5000000000000004441 ) ) ;
#725 = ORIENTED_EDGE ( 'NONE', *, *, #3531, .F. ) ;
#726 = ORIENTED_EDGE ( 'NONE', *, *, #1081, .F. ) ;
#727 = APPLICATION_PROTOCOL_DEFINITION ( 'draft international standard', 'automotive_design', 1998, #1483 ) ;
#728 = ORIENTED_EDGE ( 'NONE', *, *, #3335, .T. ) ;
#729 = CARTESIAN_POINT ( 'NONE',  ( 68.40000000000000568, 0.000000000000000000, 0.000000000000000000 ) ) ;
#730 = CARTESIAN_POINT ( 'NONE',  ( 54.62438919186213582, -16.77851033387345225, -0.5000000000000004441 ) ) ;
#731 = CARTESIAN_POINT ( 'NONE',  ( 93.50000000000001421, 4.500000000000007105, 0.000000000000000000 ) ) ;
#732 = CYLINDRICAL_SURFACE ( 'NONE', #3490, 1.600000000000004086 ) ;
#733 = ORIENTED_EDGE ( 'NONE', *, *, #6370, .T. ) ;
#734 = CARTESIAN_POINT ( 'NONE',  ( 93.50000000000001421, -1.095090516825905302, 6.000000000000000000 ) ) ;
#735 = VERTEX_POINT ( 'NONE', #6477 ) ;
#736 = AXIS2_PLACEMENT_3D ( 'NONE', #1703, #5971, #1741 ) ;
#737 = DIRECTION ( 'NONE',  ( -1.927470528863119295E-16, -1.000000000000000000, 0.000000000000000000 ) ) ;
#738 = CIRCLE ( 'NONE', #5117, 4.000000000000000000 ) ;
#739 = DIRECTION ( 'NONE',  ( 0.000000000000000000, 0.000000000000000000, 1.000000000000000000 ) ) ;
#740 = CYLINDRICAL_SURFACE ( 'NONE', #5718, 1.250000000000000222 ) ;
#741 = ORIENTED_EDGE ( 'NONE', *, *, #6562, .F. ) ;
#742 = FACE_OUTER_BOUND ( 'NONE', #5027, .T. ) ;
#743 = FACE_OUTER_BOUND ( 'NONE', #1993, .T. ) ;
#744 = VECTOR ( 'NONE', #5247, 1000.000000000000000 ) ;
#745 = VERTEX_POINT ( 'NONE', #5503 ) ;
#746 = DIRECTION ( 'NONE',  ( 1.000000000000000000, 0.000000000000000000, 0.000000000000000000 ) ) ;
#747 = ORIENTED_EDGE ( 'NONE', *, *, #5539, .F. ) ;
#748 = DIRECTION ( 'NONE',  ( -0.000000000000000000, -0.000000000000000000, 1.000000000000000000 ) ) ;
#749 = AXIS2_PLACEMENT_3D ( 'NONE', #1775, #6108, #715 ) ;
#750 = EDGE_CURVE ( 'NONE', #555, #328, #3962, .T. ) ;
#751 = EDGE_LOOP ( 'NONE', ( #2837, #2953, #2793, #4334 ) ) ;
#752 = ORIENTED_EDGE ( 'NONE', *, *, #5444, .F. ) ;
#753 = CARTESIAN_POINT ( 'NONE',  ( 81.00000000000001421, -24.50000000000000000, -0.5000000000000000000 ) ) ;
#754 = VERTEX_POINT ( 'NONE', #2780 ) ;
#755 = VECTOR ( 'NONE', #1561, 1000.000000000000000 ) ;
#756 = CARTESIAN_POINT ( 'NONE',  ( 17.92856625858350839, -11.50000000000000711, 91.99722379239923953 ) ) ;
#757 = DIRECTION ( 'NONE',  ( 1.000000000000000000, 0.000000000000000000, 0.000000000000000000 ) ) ;
#758 = EDGE_CURVE ( 'NONE', #6414, #94, #665, .T. ) ;
#759 = ORIENTED_EDGE ( 'NONE', *, *, #923, .F. ) ;
#760 = VECTOR ( 'NONE', #4601, 1000.000000000000000 ) ;
#761 = VERTEX_POINT ( 'NONE', #1270 ) ;
#762 = ORIENTED_EDGE ( 'NONE', *, *, #506, .F. ) ;
#763 = PLANE ( 'NONE',  #3890 ) ;
#764 = CARTESIAN_POINT ( 'NONE',  ( -10.49999999999999822, -1.599999999999995648, -4.000000000000000000 ) ) ;
#765 = DIRECTION ( 'NONE',  ( 0.000000000000000000, -0.000000000000000000, 1.000000000000000000 ) ) ;
#766 = EDGE_CURVE ( 'NONE', #1234, #2167, #1828, .T. ) ;
#767 = EDGE_CURVE ( 'NONE', #2167, #4725, #4349, .T. ) ;
#768 = CARTESIAN_POINT ( 'NONE',  ( 81.00000000000001421, -10.50000000000000711, -0.5000000000000000000 ) ) ;
#769 = EDGE_CURVE ( 'NONE', #6824, #4195, #3967, .T. ) ;
#770 = ORIENTED_EDGE ( 'NONE', *, *, #269, .F. ) ;
#771 = LINE ( 'NONE', #5056, #1813 ) ;
#772 = EDGE_LOOP ( 'NONE', ( #966, #6358 ) ) ;
#773 = DIRECTION ( 'NONE',  ( 0.000000000000000000, 0.000000000000000000, -1.000000000000000000 ) ) ;
#774 = ADVANCED_FACE ( 'NONE', ( #1168 ), #1793, .F. ) ;
#775 = CARTESIAN_POINT ( 'NONE',  ( 75.08772233983154365, -19.50000000000000000, -0.5000000000000004441 ) ) ;
#776 = ORIENTED_EDGE ( 'NONE', *, *, #1329, .T. ) ;
#777 = ADVANCED_FACE ( 'NONE', ( #629 ), #3943, .F. ) ;
#778 = DIRECTION ( 'NONE',  ( -1.000000000000000000, 0.000000000000000000, 0.000000000000000000 ) ) ;
#779 = CARTESIAN_POINT ( 'NONE',  ( 7.174593208866281380, -18.63840397036846497, -0.5000000000000004441 ) ) ;
#780 = DIRECTION ( 'NONE',  ( -1.000000000000000000, 0.000000000000000000, 0.000000000000000000 ) ) ;
#781 = EDGE_CURVE ( 'NONE', #3169, #3801, #925, .T. ) ;
#782 = LINE ( 'NONE', #3355, #1657 ) ;
#783 = VERTEX_POINT ( 'NONE', #103 ) ;
#784 = CARTESIAN_POINT ( 'NONE',  ( 54.81894612933521671, -15.79761910744664100, -0.5000000000000004441 ) ) ;
#785 = CIRCLE ( 'NONE', #802, 4.000000000000000000 ) ;
#786 = LINE ( 'NONE', #4364, #5945 ) ;
#787 = ORIENTED_EDGE ( 'NONE', *, *, #890, .T. ) ;
#788 = CIRCLE ( 'NONE', #3150, 3.000000000000000000 ) ;
#789 = CARTESIAN_POINT ( 'NONE',  ( -24.49999999999999645, -26.50000000000000355, 6.000000000000000000 ) ) ;
#790 = DIRECTION ( 'NONE',  ( 0.3243243243243243423, -0.9459459459459459429, 0.000000000000000000 ) ) ;
#791 = CIRCLE ( 'NONE', #1248, 1.000000000000000000 ) ;
#792 = EDGE_CURVE ( 'NONE', #5349, #6920, #2251, .T. ) ;
#793 = ORIENTED_EDGE ( 'NONE', *, *, #5920, .T. ) ;
#794 = VERTEX_POINT ( 'NONE', #4320 ) ;
#795 = AXIS2_PLACEMENT_3D ( 'NONE', #5108, #3560, #4541 ) ;
#796 = CARTESIAN_POINT ( 'NONE',  ( -25.50000000000000355, -1.599999999999994760, 4.000000000000000000 ) ) ;
#797 = AXIS2_PLACEMENT_3D ( 'NONE', #1900, #4017, #4044 ) ;
#798 = CARTESIAN_POINT ( 'NONE',  ( 74.15384615384616041, 1.730769230769233280, -9.227922061357867634 ) ) ;
#799 = EDGE_CURVE ( 'NONE', #6749, #4129, #1831, .T. ) ;
#800 = CARTESIAN_POINT ( 'NONE',  ( 21.64625639182109751, -24.50000000000000000, -0.5000000000000000000 ) ) ;
#801 = CIRCLE ( 'NONE', #3273, 4.500000000000003553 ) ;
#802 = AXIS2_PLACEMENT_3D ( 'NONE', #5772, #6721, #6296 ) ;
#803 = DIRECTION ( 'NONE',  ( 1.000000000000000000, 0.000000000000000000, 0.000000000000000000 ) ) ;
#804 = ORIENTED_EDGE ( 'NONE', *, *, #4870, .F. ) ;
#805 = CARTESIAN_POINT ( 'NONE',  ( -7.349999999999995204, -10.50000000000000888, 0.5000000000000000000 ) ) ;
#806 = VECTOR ( 'NONE', #4435, 1000.000000000000000 ) ;
#807 = ORIENTED_EDGE ( 'NONE', *, *, #6363, .T. ) ;
#808 = EDGE_CURVE ( 'NONE', #3731, #5125, #6029, .T. ) ;
#809 = DIRECTION ( 'NONE',  ( -0.000000000000000000, -0.000000000000000000, 1.000000000000000000 ) ) ;
#810 = CARTESIAN_POINT ( 'NONE',  ( 11.87561080813789793, -16.77851033387344870, -0.5000000000000004441 ) ) ;
#811 = AXIS2_PLACEMENT_3D ( 'NONE', #2259, #1136, #4356 ) ;
#812 = DIRECTION ( 'NONE',  ( -0.1945569374730864998, -0.9808912264268110359, 0.000000000000000000 ) ) ;
#813 = EDGE_LOOP ( 'NONE', ( #2414, #419, #873, #1149, #4762, #1938 ) ) ;
#814 = DIRECTION ( 'NONE',  ( 0.000000000000000000, 0.000000000000000000, 1.000000000000000000 ) ) ;
#815 = CARTESIAN_POINT ( 'NONE',  ( 31.00000000000006395, -20.50000000000001421, 3.500000000000000000 ) ) ;
#816 = ADVANCED_FACE ( 'NONE', ( #5996 ), #3800, .F. ) ;
#817 = CARTESIAN_POINT ( 'NONE',  ( 32.25000000000000711, -18.50000000000000000, -0.5000000000000004441 ) ) ;
#818 = FACE_OUTER_BOUND ( 'NONE', #1765, .T. ) ;
#819 = EDGE_LOOP ( 'NONE', ( #3817, #258, #2594, #6252 ) ) ;
#820 = FACE_OUTER_BOUND ( 'NONE', #1968, .T. ) ;
#821 = VECTOR ( 'NONE', #3991, 1000.000000000000000 ) ;
#822 = ADVANCED_FACE ( 'NONE', ( #6623 ), #4039, .F. ) ;
#823 = CYLINDRICAL_SURFACE ( 'NONE', #5278, 1.000000000000000888 ) ;
#824 = EDGE_LOOP ( 'NONE', ( #726, #5558, #2906, #5829 ) ) ;
#825 = LINE ( 'NONE', #1982, #830 ) ;
#826 = AXIS2_PLACEMENT_3D ( 'NONE', #1758, #5087, #2849 ) ;
#827 = LINE ( 'NONE', #688, #2995 ) ;
#828 = EDGE_LOOP ( 'NONE', ( #5254, #2800, #6632, #5816 ) ) ;
#829 = ORIENTED_EDGE ( 'NONE', *, *, #3433, .F. ) ;
#830 = VECTOR ( 'NONE', #2579, 1000.000000000000000 ) ;
#831 = ORIENTED_EDGE ( 'NONE', *, *, #5304, .T. ) ;
#832 = DIRECTION ( 'NONE',  ( 1.000000000000000000, 0.000000000000000000, -0.000000000000000000 ) ) ;
#833 = CARTESIAN_POINT ( 'NONE',  ( 64.38890394934357175, -3.281097546600490134, 3.000000000000000444 ) ) ;
#834 = CARTESIAN_POINT ( 'NONE',  ( 76.00000000000001421, 2.500000000000005329, 6.000000000000000000 ) ) ;
#835 = EDGE_CURVE ( 'NONE', #156, #2983, #4513, .T. ) ;
#836 = DIRECTION ( 'NONE',  ( 0.000000000000000000, 0.000000000000000000, -1.000000000000000000 ) ) ;
#837 = VERTEX_POINT ( 'NONE', #838 ) ;
#838 = CARTESIAN_POINT ( 'NONE',  ( 65.57909511525072332, 0.8399999999999984146, 3.499999999999996003 ) ) ;
#839 = ORIENTED_EDGE ( 'NONE', *, *, #3055, .T. ) ;
#840 = CARTESIAN_POINT ( 'NONE',  ( 33.24999999999992895, -21.50000000000000000, 2.750000000000000000 ) ) ;
#841 = CARTESIAN_POINT ( 'NONE',  ( -21.50000000000000000, -1.599999999999994760, 3.500000000000000000 ) ) ;
#842 = ADVANCED_FACE ( 'NONE', ( #2350 ), #4589, .T. ) ;
#843 = CARTESIAN_POINT ( 'NONE',  ( 85.00000000000001421, 1.000000000000001332, -13.50925608610629602 ) ) ;
#844 = VERTEX_POINT ( 'NONE', #6724 ) ;
#845 = ORIENTED_EDGE ( 'NONE', *, *, #6231, .T. ) ;
#846 = CYLINDRICAL_SURFACE ( 'NONE', #2048, 1.599999999999997202 ) ;
#847 = ADVANCED_FACE ( 'NONE', ( #5026 ), #6160, .F. ) ;
#848 = CARTESIAN_POINT ( 'NONE',  ( 30.08772233983155431, -20.09042769776575810, -0.5000000000000004441 ) ) ;
#849 = VECTOR ( 'NONE', #3808, 1000.000000000000114 ) ;
#850 = LINE ( 'NONE', #2401, #5633 ) ;
#851 = CARTESIAN_POINT ( 'NONE',  ( 1.282973800746401327, -21.19593665109281844, 91.99722379239923953 ) ) ;
#852 = ADVANCED_FACE ( 'NONE', ( #3979 ), #2886, .F. ) ;
#853 = ORIENTED_EDGE ( 'NONE', *, *, #5093, .T. ) ;
#854 = AXIS2_PLACEMENT_3D ( 'NONE', #2817, #6593, #179 ) ;
#855 = CARTESIAN_POINT ( 'NONE',  ( 6.135136208847890238, -18.98413384340919663, 3.500000000000003109 ) ) ;
#856 = EDGE_CURVE ( 'NONE', #3019, #1708, #1492, .T. ) ;
#857 = CARTESIAN_POINT ( 'NONE',  ( -5.740332142833193707, -10.50000000000000711, -0.5000000000000000000 ) ) ;
#858 = ORIENTED_EDGE ( 'NONE', *, *, #1759, .T. ) ;
#859 = DIRECTION ( 'NONE',  ( 1.000000000000000000, 0.000000000000000000, 0.000000000000000000 ) ) ;
#860 = AXIS2_PLACEMENT_3D ( 'NONE', #3219, #540, #2686 ) ;
#861 = CARTESIAN_POINT ( 'NONE',  ( 31.00000000000005684, -19.50000000000001776, 4.914213562373096700 ) ) ;
#862 = ADVANCED_FACE ( 'NONE', ( #340 ), #3506, .F. ) ;
#863 = VERTEX_POINT ( 'NONE', #308 ) ;
#864 = ORIENTED_EDGE ( 'NONE', *, *, #5473, .T. ) ;
#865 = EDGE_CURVE ( 'NONE', #5055, #4126, #2951, .T. ) ;
#866 = AXIS2_PLACEMENT_3D ( 'NONE', #4971, #2830, #1876 ) ;
#867 = LINE ( 'NONE', #3009, #6835 ) ;
#868 = DIRECTION ( 'NONE',  ( -0.000000000000000000, -1.000000000000000000, -0.000000000000000000 ) ) ;
#869 = FACE_OUTER_BOUND ( 'NONE', #828, .T. ) ;
#870 = DIRECTION ( 'NONE',  ( -0.000000000000000000, -0.000000000000000000, 1.000000000000000000 ) ) ;
#871 = EDGE_LOOP ( 'NONE', ( #1007, #2447, #2643, #5216 ) ) ;
#872 = DIRECTION ( 'NONE',  ( 1.000000000000000000, 0.000000000000000000, 0.000000000000000000 ) ) ;
#873 = ORIENTED_EDGE ( 'NONE', *, *, #3874, .F. ) ;
#874 = DIRECTION ( 'NONE',  ( -1.000000000000000000, 0.000000000000000000, 0.000000000000000000 ) ) ;
#875 = CYLINDRICAL_SURFACE ( 'NONE', #3431, 1.000000000000000888 ) ;
#876 = CARTESIAN_POINT ( 'NONE',  ( 54.81894612933521671, -15.79761910744664455, 3.500000000000003109 ) ) ;
#877 = ORIENTED_EDGE ( 'NONE', *, *, #3268, .F. ) ;
#878 = ORIENTED_EDGE ( 'NONE', *, *, #6458, .T. ) ;
#879 = DIRECTION ( 'NONE',  ( -0.000000000000000000, -0.000000000000000000, -1.000000000000000000 ) ) ;
#880 = FACE_OUTER_BOUND ( 'NONE', #4472, .T. ) ;
#881 = EDGE_CURVE ( 'NONE', #1967, #3926, #4526, .T. ) ;
#882 = DIRECTION ( 'NONE',  ( 1.000000000000000000, 0.000000000000000000, 0.000000000000000000 ) ) ;
#883 = CARTESIAN_POINT ( 'NONE',  ( -23.50000000000002132, -23.99999999999998934, 4.000000000000000000 ) ) ;
#884 = CARTESIAN_POINT ( 'NONE',  ( 68.40000000000000568, 0.000000000000000000, 3.000000000000000000 ) ) ;
#885 = ORIENTED_EDGE ( 'NONE', *, *, #2841, .T. ) ;
#886 = LINE ( 'NONE', #5585, #3845 ) ;
#887 = VECTOR ( 'NONE', #5234, 1000.000000000000000 ) ;
#888 = DIRECTION ( 'NONE',  ( -0.000000000000000000, -0.000000000000000000, -1.000000000000000000 ) ) ;
#889 = EDGE_LOOP ( 'NONE', ( #5032, #3332, #1930, #1518 ) ) ;
#890 = EDGE_CURVE ( 'NONE', #3969, #4542, #2390, .T. ) ;
#891 = CARTESIAN_POINT ( 'NONE',  ( 89.50000000000001421, -18.50000000000000000, 6.000000000000000000 ) ) ;
#892 = FACE_OUTER_BOUND ( 'NONE', #6011, .T. ) ;
#893 = ORIENTED_EDGE ( 'NONE', *, *, #4508, .T. ) ;
#894 = ORIENTED_EDGE ( 'NONE', *, *, #944, .T. ) ;
#895 = CARTESIAN_POINT ( 'NONE',  ( 11.87561080813789793, -16.77851033387344870, -55.82353258373179727 ) ) ;
#896 = FACE_OUTER_BOUND ( 'NONE', #3740, .T. ) ;
#897 = VECTOR ( 'NONE', #4170, 1000.000000000000000 ) ;
#898 = PLANE ( 'NONE',  #2813 ) ;
#899 = DIRECTION ( 'NONE',  ( 0.000000000000000000, 0.000000000000000000, 1.000000000000000000 ) ) ;
#900 = AXIS2_PLACEMENT_3D ( 'NONE', #26, #3829, #2737 ) ;
#901 = ORIENTED_EDGE ( 'NONE', *, *, #1502, .F. ) ;
#902 = LINE ( 'NONE', #6794, #255 ) ;
#903 = EDGE_CURVE ( 'NONE', #386, #1745, #5154, .T. ) ;
#904 = AXIS2_PLACEMENT_3D ( 'NONE', #5250, #2022, #6860 ) ;
#905 = LINE ( 'NONE', #4112, #5722 ) ;
#906 = AXIS2_PLACEMENT_3D ( 'NONE', #6366, #3722, #4141 ) ;
#907 = VECTOR ( 'NONE', #4325, 1000.000000000000000 ) ;
#908 = DIRECTION ( 'NONE',  ( 1.000000000000000000, 0.000000000000000000, 0.000000000000000000 ) ) ;
#909 = AXIS2_PLACEMENT_3D ( 'NONE', #5828, #1034, #570 ) ;
#910 = CARTESIAN_POINT ( 'NONE',  ( 87.90000000000000568, -18.50000000000000000, 1.725000000000000089 ) ) ;
#911 = ORIENTED_EDGE ( 'NONE', *, *, #2608, .F. ) ;
#912 = ORIENTED_EDGE ( 'NONE', *, *, #3587, .F. ) ;
#913 = VECTOR ( 'NONE', #425, 1000.000000000000000 ) ;
#914 = PLANE ( 'NONE',  #3052 ) ;
#915 = LINE ( 'NONE', #4150, #985 ) ;
#916 = DIRECTION ( 'NONE',  ( 0.000000000000000000, 0.000000000000000000, 1.000000000000000000 ) ) ;
#917 = AXIS2_PLACEMENT_3D ( 'NONE', #6589, #2854, #3271 ) ;
#918 = DIRECTION ( 'NONE',  ( 1.000000000000000000, 0.000000000000000000, -0.000000000000000000 ) ) ;
#919 = DIRECTION ( 'NONE',  ( -1.927470528863119295E-16, -1.000000000000000000, 0.000000000000000000 ) ) ;
#920 = ORIENTED_EDGE ( 'NONE', *, *, #3790, .F. ) ;
#921 = ORIENTED_EDGE ( 'NONE', *, *, #473, .F. ) ;
#922 = CARTESIAN_POINT ( 'NONE',  ( 63.68607244643996523, -1.408658527960294116, 3.000000000000000000 ) ) ;
#923 = EDGE_CURVE ( 'NONE', #844, #6354, #6226, .T. ) ;
#924 = FACE_OUTER_BOUND ( 'NONE', #6233, .T. ) ;
#925 = CIRCLE ( 'NONE', #2935, 1.000000000000000888 ) ;
#926 = FACE_OUTER_BOUND ( 'NONE', #5594, .T. ) ;
#927 = ORIENTED_EDGE ( 'NONE', *, *, #6550, .T. ) ;
#928 = CARTESIAN_POINT ( 'NONE',  ( -16.50000000000000355, -8.500000000000007105, 2.000000000000000000 ) ) ;
#929 = CARTESIAN_POINT ( 'NONE',  ( 48.37687680394342493, -12.48089122642681659, -0.5000000000000004441 ) ) ;
#930 = CIRCLE ( 'NONE', #1498, 1.000000000000000888 ) ;
#931 = ORIENTED_EDGE ( 'NONE', *, *, #2599, .F. ) ;
#932 = ORIENTED_EDGE ( 'NONE', *, *, #1202, .F. ) ;
#933 = EDGE_CURVE ( 'NONE', #4027, #4745, #2708, .T. ) ;
#934 = VERTEX_POINT ( 'NONE', #6659 ) ;
#935 = FACE_OUTER_BOUND ( 'NONE', #5672, .T. ) ;
#936 = VECTOR ( 'NONE', #137, 1000.000000000000000 ) ;
#937 = LINE ( 'NONE', #405, #1842 ) ;
#938 = CARTESIAN_POINT ( 'NONE',  ( -10.49999999999999822, -3.599999999999995648, -1.700000000000000178 ) ) ;
#939 = ORIENTED_EDGE ( 'NONE', *, *, #5304, .F. ) ;
#940 = AXIS2_PLACEMENT_3D ( 'NONE', #5909, #5982, #3818 ) ;
#941 = CARTESIAN_POINT ( 'NONE',  ( 21.90192933962750743, -22.53323666610696563, -0.5000000000000004441 ) ) ;
#942 = VERTEX_POINT ( 'NONE', #5573 ) ;
#943 = CARTESIAN_POINT ( 'NONE',  ( -16.50000000000000355, -11.50000000000000178, -0.5000000000000000000 ) ) ;
#944 = EDGE_CURVE ( 'NONE', #6306, #2197, #771, .T. ) ;
#945 = VERTEX_POINT ( 'NONE', #805 ) ;
#946 = LINE ( 'NONE', #444, #6624 ) ;
#947 = DIRECTION ( 'NONE',  ( -1.211399075402798040E-16, -1.000000000000000000, 0.000000000000000000 ) ) ;
#948 = LINE ( 'NONE', #6831, #5281 ) ;
#949 = EDGE_LOOP ( 'NONE', ( #15, #4556, #414, #4348 ) ) ;
#950 = EDGE_LOOP ( 'NONE', ( #226, #1359, #1335, #1436, #1667, #4452 ) ) ;
#951 = CYLINDRICAL_SURFACE ( 'NONE', #6405, 1.000000000000000000 ) ;
#952 = ORIENTED_EDGE ( 'NONE', *, *, #2352, .T. ) ;
#953 = CARTESIAN_POINT ( 'NONE',  ( 33.24999999999992895, -21.50000000000000000, 3.999999999999997335 ) ) ;
#954 = FACE_OUTER_BOUND ( 'NONE', #4931, .T. ) ;
#955 = DIRECTION ( 'NONE',  ( -0.000000000000000000, -0.000000000000000000, 1.000000000000000000 ) ) ;
#956 = CARTESIAN_POINT ( 'NONE',  ( -1.017456315103259401, -13.97808708393076138, -55.82353258373179727 ) ) ;
#957 = VERTEX_POINT ( 'NONE', #5092 ) ;
#958 = CARTESIAN_POINT ( 'NONE',  ( 72.68750000000001421, -11.50000000000000711, -0.5000000000000004441 ) ) ;
#959 = DIRECTION ( 'NONE',  ( 0.000000000000000000, -1.000000000000000000, 0.000000000000000000 ) ) ;
#960 = DIRECTION ( 'NONE',  ( -0.000000000000000000, -0.000000000000000000, -1.000000000000000000 ) ) ;
#961 = VERTEX_POINT ( 'NONE', #278 ) ;
#962 = CARTESIAN_POINT ( 'NONE',  ( -11.50000000000000533, -12.50000000000000711, 3.499999999999999556 ) ) ;
#963 = EDGE_CURVE ( 'NONE', #6305, #2843, #1895, .T. ) ;
#964 = LINE ( 'NONE', #3034, #744 ) ;
#965 = CIRCLE ( 'NONE', #1760, 1.000000000000000000 ) ;
#966 = ORIENTED_EDGE ( 'NONE', *, *, #750, .F. ) ;
#967 = VERTEX_POINT ( 'NONE', #2072 ) ;
#968 = VECTOR ( 'NONE', #5727, 1000.000000000000000 ) ;
#969 = CARTESIAN_POINT ( 'NONE',  ( 60.36486379115212486, -18.98413384340920373, -0.5000000000000000000 ) ) ;
#970 = DIRECTION ( 'NONE',  ( 1.000000000000000000, 1.734723475976807094E-15, 0.000000000000000000 ) ) ;
#971 = EDGE_CURVE ( 'NONE', #1795, #367, #801, .T. ) ;
#972 = DIRECTION ( 'NONE',  ( 1.000000000000000000, 0.000000000000000000, 0.000000000000000000 ) ) ;
#973 = AXIS2_PLACEMENT_3D ( 'NONE', #1486, #290, #4193 ) ;
#974 = DIRECTION ( 'NONE',  ( 0.9808912264268109249, -0.1945569374730866385, 0.000000000000000000 ) ) ;
#975 = ORIENTED_EDGE ( 'NONE', *, *, #1301, .F. ) ;
#976 = PLANE ( 'NONE',  #3039 ) ;
#977 = VERTEX_POINT ( 'NONE', #6866 ) ;
#978 = DIRECTION ( 'NONE',  ( -0.000000000000000000, 1.000000000000000000, -0.000000000000000000 ) ) ;
#979 = EDGE_CURVE ( 'NONE', #2734, #2876, #5701, .T. ) ;
#980 = EDGE_CURVE ( 'NONE', #4514, #1333, #4245, .T. ) ;
#981 = FACE_OUTER_BOUND ( 'NONE', #3003, .T. ) ;
#982 = DIRECTION ( 'NONE',  ( 0.000000000000000000, -1.000000000000000000, 0.000000000000000000 ) ) ;
#983 = EDGE_LOOP ( 'NONE', ( #2551, #4288, #5467, #6580 ) ) ;
#984 = ORIENTED_EDGE ( 'NONE', *, *, #3124, .F. ) ;
#985 = VECTOR ( 'NONE', #6805, 1000.000000000000000 ) ;
#986 = CARTESIAN_POINT ( 'NONE',  ( 71.60000000000000853, 1.959434878635772626E-16, 0.000000000000000000 ) ) ;
#987 = CARTESIAN_POINT ( 'NONE',  ( 90.50000000000001421, -2.399527641708707915, 6.001000000000000334 ) ) ;
#988 = ORIENTED_EDGE ( 'NONE', *, *, #366, .T. ) ;
#989 = ADVANCED_FACE ( 'NONE', ( #1548 ), #976, .F. ) ;
#990 = FACE_OUTER_BOUND ( 'NONE', #5530, .T. ) ;
#991 = CARTESIAN_POINT ( 'NONE',  ( -13.50000000000000533, -14.50000000000000178, 3.499999999999999556 ) ) ;
#992 = CARTESIAN_POINT ( 'NONE',  ( -29.00000000000000000, -7.000000000000004441, 2.000000000000000000 ) ) ;
#993 = ORIENTED_EDGE ( 'NONE', *, *, #6334, .F. ) ;
#994 = DIRECTION ( 'NONE',  ( -0.000000000000000000, 0.000000000000000000, -1.000000000000000000 ) ) ;
#995 = CARTESIAN_POINT ( 'NONE',  ( -14.09999999999999787, -20.00000000000000355, 14.05062109405231396 ) ) ;
#996 = ORIENTED_EDGE ( 'NONE', *, *, #204, .T. ) ;
#997 = EDGE_CURVE ( 'NONE', #5109, #1268, #902, .T. ) ;
#998 = CARTESIAN_POINT ( 'NONE',  ( -2.750000000000064837, -26.50000000000000000, 3.999999999999995559 ) ) ;
#999 = CYLINDRICAL_SURFACE ( 'NONE', #3551, 4.500000000000000000 ) ;
#1000 = ORIENTED_EDGE ( 'NONE', *, *, #105, .T. ) ;
#1001 = ORIENTED_EDGE ( 'NONE', *, *, #4568, .T. ) ;
#1002 = CARTESIAN_POINT ( 'NONE',  ( 75.01909820294729059, -22.59052552441420048, 3.101814692419273989 ) ) ;
#1003 = EDGE_CURVE ( 'NONE', #2140, #496, #4389, .T. ) ;
#1004 = CARTESIAN_POINT ( 'NONE',  ( 33.24999999999992895, -21.50000000000000000, 3.999999999999997335 ) ) ;
#1005 = ORIENTED_EDGE ( 'NONE', *, *, #6231, .F. ) ;
#1006 = CARTESIAN_POINT ( 'NONE',  ( -12.50000000000000711, -26.50000000000000355, 1.999999999999998224 ) ) ;
#1007 = ORIENTED_EDGE ( 'NONE', *, *, #1801, .F. ) ;
#1008 = LINE ( 'NONE', #2031, #3838 ) ;
#1009 = VECTOR ( 'NONE', #5571, 1000.000000000000114 ) ;
#1010 = EDGE_CURVE ( 'NONE', #6137, #2351, #3122, .T. ) ;
#1011 = CARTESIAN_POINT ( 'NONE',  ( 4.250000000000002665, -16.50000000000001066, -0.5000000000000000000 ) ) ;
#1012 = EDGE_LOOP ( 'NONE', ( #3301, #6916, #1537, #3078 ) ) ;
#1013 = DIRECTION ( 'NONE',  ( -0.2556729478064219130, 0.9667633338930343712, 0.000000000000000000 ) ) ;
#1014 = AXIS2_PLACEMENT_3D ( 'NONE', #4106, #305, #972 ) ;
#1015 = CIRCLE ( 'NONE', #5054, 1.600000000000004086 ) ;
#1016 = LINE ( 'NONE', #6872, #6619 ) ;
#1017 = ORIENTED_EDGE ( 'NONE', *, *, #6495, .F. ) ;
#1018 = VERTEX_POINT ( 'NONE', #409 ) ;
#1019 = CARTESIAN_POINT ( 'NONE',  ( -12.50000000000000711, -26.50000000000000355, -17.93908891458577060 ) ) ;
#1020 = AXIS2_PLACEMENT_3D ( 'NONE', #1675, #3713, #6396 ) ;
#1021 = ADVANCED_FACE ( 'NONE', ( #3086 ), #5224, .F. ) ;
#1022 = CARTESIAN_POINT ( 'NONE',  ( 81.00000000000001421, -23.67534793979027441, -55.82353258373179727 ) ) ;
#1023 = VECTOR ( 'NONE', #413, 1000.000000000000000 ) ;
#1024 = DIRECTION ( 'NONE',  ( -0.000000000000000000, -0.000000000000000000, -1.000000000000000000 ) ) ;
#1025 = PRESENTATION_LAYER_ASSIGNMENT (  '', '', ( #4843 ) ) ;
#1026 = CARTESIAN_POINT ( 'NONE',  ( 48.57143374141650582, -11.50000000000000711, 3.500000000000003109 ) ) ;
#1027 = VECTOR ( 'NONE', #4984, 1000.000000000000000 ) ;
#1028 = PLANE ( 'NONE',  #3377 ) ;
#1029 = AXIS2_PLACEMENT_3D ( 'NONE', #6757, #1509, #3610 ) ;
#1030 = ORIENTED_EDGE ( 'NONE', *, *, #5869, .F. ) ;
#1031 = FACE_OUTER_BOUND ( 'NONE', #950, .T. ) ;
#1032 = AXIS2_PLACEMENT_3D ( 'NONE', #185, #5477, #6005 ) ;
#1033 = DIRECTION ( 'NONE',  ( -0.000000000000000000, -0.000000000000000000, -1.000000000000000000 ) ) ;
#1034 = DIRECTION ( 'NONE',  ( 0.000000000000000000, 0.000000000000000000, 1.000000000000000000 ) ) ;
#1035 = VERTEX_POINT ( 'NONE', #4695 ) ;
#1036 = CIRCLE ( 'NONE', #1822, 3.000000000000000000 ) ;
#1037 = CARTESIAN_POINT ( 'NONE',  ( 30.05476151662178097, -21.59098315022981751, 2.153206081765463686 ) ) ;
#1038 = CARTESIAN_POINT ( 'NONE',  ( 0.4224460566121387428, -20.85103814356352103, 3.458044637341532557 ) ) ;
#1039 = ORIENTED_EDGE ( 'NONE', *, *, #4236, .F. ) ;
#1040 = VECTOR ( 'NONE', #5301, 1000.000000000000000 ) ;
#1041 = ORIENTED_EDGE ( 'NONE', *, *, #5948, .T. ) ;
#1042 = LINE ( 'NONE', #4800, #6617 ) ;
#1043 = EDGE_LOOP ( 'NONE', ( #597, #3373, #4478, #1396, #1030 ) ) ;
#1044 = PLANE ( 'NONE',  #4095 ) ;
#1045 = VERTEX_POINT ( 'NONE', #6825 ) ;
#1046 = DIRECTION ( 'NONE',  ( 0.000000000000000000, 0.000000000000000000, -1.000000000000000000 ) ) ;
#1047 = VERTEX_POINT ( 'NONE', #5806 ) ;
#1048 = CARTESIAN_POINT ( 'NONE',  ( 81.00000000000001421, -10.50000000000000711, 3.500000000000003109 ) ) ;
#1049 = AXIS2_PLACEMENT_3D ( 'NONE', #5538, #2978, #4423 ) ;
#1050 = DIRECTION ( 'NONE',  ( 0.000000000000000000, 0.000000000000000000, -1.000000000000000000 ) ) ;
#1051 = ORIENTED_EDGE ( 'NONE', *, *, #758, .F. ) ;
#1052 = DIRECTION ( 'NONE',  ( 0.000000000000000000, -1.000000000000000000, 0.000000000000000000 ) ) ;
#1053 = CIRCLE ( 'NONE', #6309, 1.000000000000000000 ) ;
#1054 = EDGE_CURVE ( 'NONE', #4672, #6020, #1008, .T. ) ;
#1055 = DIRECTION ( 'NONE',  ( -1.000000000000000000, 0.000000000000000000, 0.000000000000000000 ) ) ;
#1056 = ORIENTED_EDGE ( 'NONE', *, *, #6707, .T. ) ;
#1057 = DIRECTION ( 'NONE',  ( 0.000000000000000000, 0.000000000000000000, -1.000000000000000000 ) ) ;
#1058 = CYLINDRICAL_SURFACE ( 'NONE', #4818, 3.000000000000002665 ) ;
#1059 = VECTOR ( 'NONE', #3931, 1000.000000000000000 ) ;
#1060 = CARTESIAN_POINT ( 'NONE',  ( -7.368174807915457869, -1.599999999999995426, 0.000000000000000000 ) ) ;
#1061 = EDGE_CURVE ( 'NONE', #1333, #1258, #27, .T. ) ;
#1062 = FACE_OUTER_BOUND ( 'NONE', #5749, .T. ) ;
#1063 = DIRECTION ( 'NONE',  ( -0.000000000000000000, -0.000000000000000000, -1.000000000000000000 ) ) ;
#1064 = EDGE_LOOP ( 'NONE', ( #717, #2042 ) ) ;
#1065 = FACE_OUTER_BOUND ( 'NONE', #949, .T. ) ;
#1066 = LINE ( 'NONE', #47, #1416 ) ;
#1067 = CARTESIAN_POINT ( 'NONE',  ( 36.49999999999993605, -20.36109254216550468, 2.499580356339635934 ) ) ;
#1068 = ORIENTED_EDGE ( 'NONE', *, *, #3430, .T. ) ;
#1069 = DIRECTION ( 'NONE',  ( 0.000000000000000000, 0.000000000000000000, 1.000000000000000000 ) ) ;
#1070 = ORIENTED_EDGE ( 'NONE', *, *, #170, .F. ) ;
#1071 = ADVANCED_FACE ( 'NONE', ( #6298 ), #1511, .F. ) ;
#1072 = ADVANCED_FACE ( 'NONE', ( #2108 ), #5255, .F. ) ;
#1073 = CARTESIAN_POINT ( 'NONE',  ( 68.17381614751239738, -15.69040589228146487, -0.5000000000000004441 ) ) ;
#1074 = ORIENTED_EDGE ( 'NONE', *, *, #6486, .T. ) ;
#1075 = EDGE_CURVE ( 'NONE', #5874, #3624, #441, .T. ) ;
#1076 = VERTEX_POINT ( 'NONE', #5293 ) ;
#1077 = LINE ( 'NONE', #3816, #6162 ) ;
#1078 = CIRCLE ( 'NONE', #5999, 4.000000000000003553 ) ;
#1079 = DIRECTION ( 'NONE',  ( -0.000000000000000000, -0.000000000000000000, -1.000000000000000000 ) ) ;
#1080 = VECTOR ( 'NONE', #1376, 1000.000000000000000 ) ;
#1081 = EDGE_CURVE ( 'NONE', #2422, #5349, #2630, .T. ) ;
#1082 = ORIENTED_EDGE ( 'NONE', *, *, #557, .T. ) ;
#1083 = EDGE_CURVE ( 'NONE', #4201, #1543, #6900, .T. ) ;
#1084 = DIRECTION ( 'NONE',  ( 0.000000000000000000, 0.000000000000000000, -1.000000000000000000 ) ) ;
#1085 = VERTEX_POINT ( 'NONE', #3199 ) ;
#1086 = DIRECTION ( 'NONE',  ( 1.000000000000000000, 0.000000000000000000, 0.000000000000000000 ) ) ;
#1087 = CARTESIAN_POINT ( 'NONE',  ( 36.60000000000000142, 1.959434878635762765E-16, 3.000000000000000000 ) ) ;
#1088 = DIRECTION ( 'NONE',  ( -0.000000000000000000, -0.000000000000000000, -1.000000000000000000 ) ) ;
#1089 = VECTOR ( 'NONE', #1256, 1000.000000000000000 ) ;
#1090 = DIRECTION ( 'NONE',  ( 0.000000000000000000, 0.000000000000000000, 1.000000000000000000 ) ) ;
#1091 = ORIENTED_EDGE ( 'NONE', *, *, #1054, .F. ) ;
#1092 = CARTESIAN_POINT ( 'NONE',  ( -15.49999999999999822, -4.500000000000006217, 0.000000000000000000 ) ) ;
#1093 = CARTESIAN_POINT ( 'NONE',  ( 64.75000000000001421, -16.50000000000000355, -0.5000000000000000000 ) ) ;
#1094 = AXIS2_PLACEMENT_3D ( 'NONE', #5789, #1665, #5268 ) ;
#1095 = ORIENTED_EDGE ( 'NONE', *, *, #289, .T. ) ;
#1096 = AXIS2_PLACEMENT_3D ( 'NONE', #6236, #4534, #385 ) ;
#1097 = LINE ( 'NONE', #3765, #2317 ) ;
#1098 = LINE ( 'NONE', #991, #1431 ) ;
#1099 = VECTOR ( 'NONE', #2399, 1000.000000000000000 ) ;
#1100 = CARTESIAN_POINT ( 'NONE',  ( 36.49718052639637023, -21.73394973275116726, 2.594492916566428331 ) ) ;
#1101 = VERTEX_POINT ( 'NONE', #5327 ) ;
#1102 = CARTESIAN_POINT ( 'NONE',  ( -1.017456315103257625, -13.97808708393076138, -0.5000000000000004441 ) ) ;
#1103 = CARTESIAN_POINT ( 'NONE',  ( 75.01909820294729059, -22.59052552441420403, -0.5000000000000004441 ) ) ;
#1104 = EDGE_CURVE ( 'NONE', #5458, #2914, #5065, .T. ) ;
#1105 = DIRECTION ( 'NONE',  ( -0.000000000000000000, 0.000000000000000000, 1.000000000000000000 ) ) ;
#1106 = ORIENTED_EDGE ( 'NONE', *, *, #4486, .F. ) ;
#1107 = CARTESIAN_POINT ( 'NONE',  ( 30.07751185814115047, -21.48326980433847311, 2.042164612167577165 ) ) ;
#1108 = FACE_OUTER_BOUND ( 'NONE', #6090, .T. ) ;
#1109 = ORIENTED_EDGE ( 'NONE', *, *, #189, .F. ) ;
#1110 = EDGE_LOOP ( 'NONE', ( #6862, #2441, #5377, #104 ) ) ;
#1111 = EDGE_CURVE ( 'NONE', #4232, #2592, #3231, .T. ) ;
#1112 = DIRECTION ( 'NONE',  ( -1.000000000000000000, 0.000000000000000000, 0.000000000000000000 ) ) ;
#1113 = ADVANCED_FACE ( 'NONE', ( #133, #5390, #2803, #2696 ), #4876, .F. ) ;
#1114 = DIRECTION ( 'NONE',  ( 1.000000000000000000, 0.000000000000000000, 0.000000000000000000 ) ) ;
#1115 = CARTESIAN_POINT ( 'NONE',  ( -23.50000000000002132, -7.000000000000004441, 4.000000000000000888 ) ) ;
#1116 = ORIENTED_EDGE ( 'NONE', *, *, #1010, .F. ) ;
#1117 = CARTESIAN_POINT ( 'NONE',  ( 75.01909820294729059, -22.59052552441420048, 3.101814692419273989 ) ) ;
#1118 = VERTEX_POINT ( 'NONE', #4944 ) ;
#1119 = DIRECTION ( 'NONE',  ( 0.000000000000000000, -0.000000000000000000, -1.000000000000000000 ) ) ;
#1120 = EDGE_CURVE ( 'NONE', #6819, #934, #6503, .T. ) ;
#1121 = LINE ( 'NONE', #5294, #6491 ) ;
#1122 = ORIENTED_EDGE ( 'NONE', *, *, #1003, .T. ) ;
#1123 = DIRECTION ( 'NONE',  ( 1.000000000000000000, -0.000000000000000000, -0.000000000000000000 ) ) ;
#1124 = APPLICATION_CONTEXT ( 'automotive_design' ) ;
#1125 = DIRECTION ( 'NONE',  ( 1.000000000000000000, 0.000000000000000000, 0.000000000000000000 ) ) ;
#1126 = VERTEX_POINT ( 'NONE', #2846 ) ;
#1127 = DIRECTION ( 'NONE',  ( 0.4157597602677939319, 0.9094744755858003016, 0.000000000000000000 ) ) ;
#1128 = EDGE_CURVE ( 'NONE', #5512, #5416, #432, .T. ) ;
#1129 = ORIENTED_EDGE ( 'NONE', *, *, #5529, .T. ) ;
#1130 = VECTOR ( 'NONE', #5406, 1000.000000000000000 ) ;
#1131 = DIRECTION ( 'NONE',  ( -1.927470528863119295E-16, -1.000000000000000000, 0.000000000000000000 ) ) ;
#1132 = CARTESIAN_POINT ( 'NONE',  ( -15.50000000000000000, -1.599999999999994760, -1.700000000000000178 ) ) ;
#1133 = AXIS2_PLACEMENT_3D ( 'NONE', #3048, #4175, #373 ) ;
#1134 = FACE_OUTER_BOUND ( 'NONE', #3572, .T. ) ;
#1135 = VERTEX_POINT ( 'NONE', #620 ) ;
#1136 = DIRECTION ( 'NONE',  ( 0.000000000000000000, -1.000000000000000000, 0.000000000000000000 ) ) ;
#1137 = ADVANCED_FACE ( 'NONE', ( #1684 ), #6582, .F. ) ;
#1138 = VECTOR ( 'NONE', #4347, 1000.000000000000000 ) ;
#1139 = PLANE ( 'NONE',  #2759 ) ;
#1140 = FACE_OUTER_BOUND ( 'NONE', #3898, .T. ) ;
#1141 = AXIS2_PLACEMENT_3D ( 'NONE', #4268, #1540, #4830 ) ;
#1142 = CARTESIAN_POINT ( 'NONE',  ( 35.25000000000000711, -12.93565627928923156, -0.5000000000000004441 ) ) ;
#1143 = VECTOR ( 'NONE', #3051, 1000.000000000000000 ) ;
#1144 = ORIENTED_EDGE ( 'NONE', *, *, #3440, .T. ) ;
#1145 = CARTESIAN_POINT ( 'NONE',  ( 0.4576338188774095594, -20.70429023907060539, 2.221948252524958978 ) ) ;
#1146 = CIRCLE ( 'NONE', #1361, 4.500000000000003553 ) ;
#1147 = EDGE_CURVE ( 'NONE', #3053, #1510, #2175, .T. ) ;
#1148 = ORIENTED_EDGE ( 'NONE', *, *, #1631, .T. ) ;
#1149 = ORIENTED_EDGE ( 'NONE', *, *, #3456, .F. ) ;
#1150 = ORIENTED_EDGE ( 'NONE', *, *, #2528, .F. ) ;
#1151 = AXIS2_PLACEMENT_3D ( 'NONE', #4789, #4327, #1598 ) ;
#1152 = CARTESIAN_POINT ( 'NONE',  ( -5.740332142833193707, -12.50000000000000711, -0.5000000000000004441 ) ) ;
#1153 = CARTESIAN_POINT ( 'NONE',  ( 35.49999999999993605, -20.50000000000000000, 4.914213562373096700 ) ) ;
#1154 = CARTESIAN_POINT ( 'NONE',  ( 5.000000000000000888, -3.600000000000000089, 3.500000000000000000 ) ) ;
#1155 = AXIS2_PLACEMENT_3D ( 'NONE', #214, #4924, #1739 ) ;
#1156 = EDGE_CURVE ( 'NONE', #5039, #3769, #97, .T. ) ;
#1157 = VERTEX_POINT ( 'NONE', #62 ) ;
#1158 = ORIENTED_EDGE ( 'NONE', *, *, #5226, .F. ) ;
#1159 = CARTESIAN_POINT ( 'NONE',  ( -10.49999999999999822, -1.599999999999995648, -1.700000000000000178 ) ) ;
#1160 = VERTEX_POINT ( 'NONE', #1723 ) ;
#1161 = LINE ( 'NONE', #5461, #691 ) ;
#1162 = CARTESIAN_POINT ( 'NONE',  ( 1.282973800746401327, -21.19593665109281844, -0.5000000000000004441 ) ) ;
#1163 = CARTESIAN_POINT ( 'NONE',  ( 3.000000000000002665, -16.50000000000001066, 6.000000000000000000 ) ) ;
#1164 = VECTOR ( 'NONE', #153, 1000.000000000000000 ) ;
#1165 = CARTESIAN_POINT ( 'NONE',  ( -3.413301413797751760, -14.75000000000000178, 3.499999999999999556 ) ) ;
#1166 = EDGE_CURVE ( 'NONE', #3621, #3538, #3826, .T. ) ;
#1167 = ORIENTED_EDGE ( 'NONE', *, *, #2879, .F. ) ;
#1168 = FACE_OUTER_BOUND ( 'NONE', #1662, .T. ) ;
#1169 = EDGE_LOOP ( 'NONE', ( #6811, #6080, #2666, #6573, #5081, #175, #3073, #5695 ) ) ;
#1170 = VECTOR ( 'NONE', #172, 1000.000000000000000 ) ;
#1171 = CARTESIAN_POINT ( 'NONE',  ( -1.683748498798790960, -15.75000000000000000, -3.914063024657434831 ) ) ;
#1172 = PLANE ( 'NONE',  #338 ) ;
#1173 = PLANE ( 'NONE',  #4275 ) ;
#1174 = ORIENTED_EDGE ( 'NONE', *, *, #74, .T. ) ;
#1175 = EDGE_CURVE ( 'NONE', #3643, #463, #3756, .T. ) ;
#1176 = DIRECTION ( 'NONE',  ( -0.000000000000000000, -0.000000000000000000, -1.000000000000000000 ) ) ;
#1177 = CIRCLE ( 'NONE', #3521, 1.000000000000000888 ) ;
#1178 = LINE ( 'NONE', #3318, #5508 ) ;
#1179 = CARTESIAN_POINT ( 'NONE',  ( -1.683748498798790960, -15.75000000000000000, -0.5000000000000000000 ) ) ;
#1180 = DIRECTION ( 'NONE',  ( 0.000000000000000000, 0.000000000000000000, 1.000000000000000000 ) ) ;
#1181 = CARTESIAN_POINT ( 'NONE',  ( -39.37265766372466658, -1.599999999999994760, 6.000000000000000000 ) ) ;
#1182 = ORIENTED_EDGE ( 'NONE', *, *, #459, .T. ) ;
#1183 = DIRECTION ( 'NONE',  ( 0.000000000000000000, 0.000000000000000000, 1.000000000000000000 ) ) ;
#1184 = DIRECTION ( 'NONE',  ( 0.000000000000000000, -1.000000000000000000, 0.000000000000000000 ) ) ;
#1185 = ORIENTED_EDGE ( 'NONE', *, *, #465, .F. ) ;
#1186 = CARTESIAN_POINT ( 'NONE',  ( -2.849999999999992095, -18.25000000000000355, 3.500000000000003109 ) ) ;
#1187 = DIRECTION ( 'NONE',  ( 0.000000000000000000, -1.000000000000000000, 0.000000000000000000 ) ) ;
#1188 = VERTEX_POINT ( 'NONE', #1191 ) ;
#1189 = ORIENTED_EDGE ( 'NONE', *, *, #2103, .T. ) ;
#1190 = DIRECTION ( 'NONE',  ( -1.000000000000000000, 0.000000000000000000, 0.000000000000000000 ) ) ;
#1191 = CARTESIAN_POINT ( 'NONE',  ( 6.616199132033664831, -1.504226675533800073, 3.500000000000000000 ) ) ;
#1192 = DIRECTION ( 'NONE',  ( -1.000000000000000000, 0.000000000000000000, 0.000000000000000000 ) ) ;
#1193 = VERTEX_POINT ( 'NONE', #5954 ) ;
#1194 = EDGE_CURVE ( 'NONE', #6931, #4339, #1161, .T. ) ;
#1195 = DIRECTION ( 'NONE',  ( 0.000000000000000000, 0.000000000000000000, 1.000000000000000000 ) ) ;
#1196 = AXIS2_PLACEMENT_3D ( 'NONE', #2987, #312, #247 ) ;
#1197 = LINE ( 'NONE', #4811, #1591 ) ;
#1198 = ORIENTED_EDGE ( 'NONE', *, *, #5357, .F. ) ;
#1199 = LINE ( 'NONE', #596, #4622 ) ;
#1200 = EDGE_CURVE ( 'NONE', #1795, #3426, #4841, .T. ) ;
#1201 = VERTEX_POINT ( 'NONE', #4314 ) ;
#1202 = EDGE_CURVE ( 'NONE', #934, #6819, #5837, .T. ) ;
#1203 = AXIS2_PLACEMENT_3D ( 'NONE', #6922, #4262, #5447 ) ;
#1204 = CARTESIAN_POINT ( 'NONE',  ( 30.08772233983155431, -19.50000000000000000, 1.999999999999998668 ) ) ;
#1205 = DIRECTION ( 'NONE',  ( 0.000000000000000000, -1.000000000000000000, 0.000000000000000000 ) ) ;
#1206 = CARTESIAN_POINT ( 'NONE',  ( 2.000000000000000444, -0.5999999999999998668, 3.500000000000000000 ) ) ;
#1207 = ORIENTED_EDGE ( 'NONE', *, *, #1156, .T. ) ;
#1208 = DIRECTION ( 'NONE',  ( 1.000000000000000000, -1.734723475976807094E-15, 0.000000000000000000 ) ) ;
#1209 = VECTOR ( 'NONE', #5509, 1000.000000000000000 ) ;
#1210 = DIRECTION ( 'NONE',  ( 0.000000000000000000, 0.000000000000000000, -1.000000000000000000 ) ) ;
#1211 = EDGE_CURVE ( 'NONE', #2377, #783, #2343, .T. ) ;
#1212 = CARTESIAN_POINT ( 'NONE',  ( -12.50000000000000355, -8.500000000000007105, 0.5000000000000004441 ) ) ;
#1213 = CARTESIAN_POINT ( 'NONE',  ( -29.00000000000000000, -14.49999999999999822, 0.000000000000000000 ) ) ;
#1214 = LINE ( 'NONE', #1845, #1983 ) ;
#1215 = ORIENTED_EDGE ( 'NONE', *, *, #4539, .T. ) ;
#1216 = ORIENTED_EDGE ( 'NONE', *, *, #1963, .F. ) ;
#1217 = ADVANCED_FACE ( 'NONE', ( #3972, #1262 ), #4680, .F. ) ;
#1218 = LINE ( 'NONE', #2901, #1360 ) ;
#1219 = VERTEX_POINT ( 'NONE', #4033 ) ;
#1220 = DIRECTION ( 'NONE',  ( -1.000000000000000000, 0.000000000000000000, -0.000000000000000000 ) ) ;
#1221 = LINE ( 'NONE', #2871, #1089 ) ;
#1222 = ORIENTED_EDGE ( 'NONE', *, *, #318, .F. ) ;
#1223 = EDGE_LOOP ( 'NONE', ( #3407, #4525, #6760, #4933, #6182, #4739, #3419, #2651, #3201, #2239, #2635 ) ) ;
#1224 = CARTESIAN_POINT ( 'NONE',  ( 0.000000000000000000, 0.000000000000000000, 0.000000000000000000 ) ) ;
#1225 = ORIENTED_EDGE ( 'NONE', *, *, #459, .F. ) ;
#1226 = CARTESIAN_POINT ( 'NONE',  ( 66.11539504185323324, -2.271529070723417476, -9.227922061357867634 ) ) ;
#1227 = LINE ( 'NONE', #6024, #1581 ) ;
#1228 = VERTEX_POINT ( 'NONE', #729 ) ;
#1229 = CARTESIAN_POINT ( 'NONE',  ( 86.31826857315519419, 1.500000000000005995, 6.000000000000000000 ) ) ;
#1230 = EDGE_CURVE ( 'NONE', #6603, #1294, #2944, .T. ) ;
#1231 = LINE ( 'NONE', #1791, #462 ) ;
#1232 = VERTEX_POINT ( 'NONE', #1887 ) ;
#1233 = DIRECTION ( 'NONE',  ( 0.000000000000000000, -2.551063935260008765E-17, 1.000000000000000000 ) ) ;
#1234 = VERTEX_POINT ( 'NONE', #1297 ) ;
#1235 = CARTESIAN_POINT ( 'NONE',  ( 78.25000000000001421, 0.4999999999999970024, 6.001000000000000334 ) ) ;
#1236 = DIRECTION ( 'NONE',  ( 0.000000000000000000, 0.000000000000000000, 1.000000000000000000 ) ) ;
#1237 = EDGE_CURVE ( 'NONE', #566, #5694, #2878, .T. ) ;
#1238 = LINE ( 'NONE', #212, #4839 ) ;
#1239 = ORIENTED_EDGE ( 'NONE', *, *, #6451, .T. ) ;
#1240 = CARTESIAN_POINT ( 'NONE',  ( 0.5233821850937468989, -20.54553633019022740, -0.5000000000000004441 ) ) ;
#1241 = CARTESIAN_POINT ( 'NONE',  ( 44.85374360817894512, -23.50000000000000000, 3.500000000000003109 ) ) ;
#1242 = AXIS2_PLACEMENT_3D ( 'NONE', #23, #5291, #585 ) ;
#1243 = DIRECTION ( 'NONE',  ( -0.000000000000000000, -0.000000000000000000, -1.000000000000000000 ) ) ;
#1244 = VECTOR ( 'NONE', #5462, 1000.000000000000000 ) ;
#1245 = DIRECTION ( 'NONE',  ( 1.000000000000000000, 0.000000000000000000, 0.000000000000000000 ) ) ;
#1246 = AXIS2_PLACEMENT_3D ( 'NONE', #2118, #6375, #3173 ) ;
#1247 = ADVANCED_FACE ( 'NONE', ( #2877 ), #231, .T. ) ;
#1248 = AXIS2_PLACEMENT_3D ( 'NONE', #390, #6313, #3179 ) ;
#1249 = EDGE_LOOP ( 'NONE', ( #2907, #5283, #5879, #3239, #130, #1830, #845, #6925 ) ) ;
#1250 = ORIENTED_EDGE ( 'NONE', *, *, #2046, .F. ) ;
#1251 = VECTOR ( 'NONE', #2336, 1000.000000000000000 ) ;
#1252 = LINE ( 'NONE', #5006, #343 ) ;
#1253 = ORIENTED_EDGE ( 'NONE', *, *, #5525, .T. ) ;
#1254 = CIRCLE ( 'NONE', #2029, 4.500000000000000000 ) ;
#1255 = CARTESIAN_POINT ( 'NONE',  ( -2.849999999999992095, -19.50000000000000000, 3.500000000000000000 ) ) ;
#1256 = DIRECTION ( 'NONE',  ( -0.000000000000000000, 1.000000000000000000, -0.000000000000000000 ) ) ;
#1257 = AXIS2_PLACEMENT_3D ( 'NONE', #6695, #113, #5973 ) ;
#1258 = VERTEX_POINT ( 'NONE', #6613 ) ;
#1259 = VECTOR ( 'NONE', #1176, 1000.000000000000000 ) ;
#1260 = ORIENTED_EDGE ( 'NONE', *, *, #372, .F. ) ;
#1261 = VERTEX_POINT ( 'NONE', #3103 ) ;
#1262 = FACE_OUTER_BOUND ( 'NONE', #241, .T. ) ;
#1263 = ORIENTED_EDGE ( 'NONE', *, *, #2237, .F. ) ;
#1264 = DIRECTION ( 'NONE',  ( -0.000000000000000000, 0.000000000000000000, 1.000000000000000000 ) ) ;
#1265 = CARTESIAN_POINT ( 'NONE',  ( 68.48732929018946436, -16.85573382074009530, 3.500000000000003109 ) ) ;
#1266 = AXIS2_PLACEMENT_3D ( 'NONE', #3310, #2182, #5401 ) ;
#1267 = CARTESIAN_POINT ( 'NONE',  ( 75.00002662938503306, -19.83450205469883443, 2.604803291746181859 ) ) ;
#1268 = VERTEX_POINT ( 'NONE', #4479 ) ;
#1269 = AXIS2_PLACEMENT_3D ( 'NONE', #5362, #3205, #4285 ) ;
#1270 = CARTESIAN_POINT ( 'NONE',  ( 44.59807066037252099, -22.53323666610696563, 3.500000000000000000 ) ) ;
#1271 = EDGE_LOOP ( 'NONE', ( #5928, #168, #6672, #6052, #1477, #4264 ) ) ;
#1272 = EDGE_CURVE ( 'NONE', #1193, #6920, #5242, .T. ) ;
#1273 = CARTESIAN_POINT ( 'NONE',  ( 75.21837563925998893, -22.70768739727838437, 1.559482178736102620 ) ) ;
#1274 = AXIS2_PLACEMENT_3D ( 'NONE', #2538, #6738, #3519 ) ;
#1275 = PLANE ( 'NONE',  #5454 ) ;
#1276 = CARTESIAN_POINT ( 'NONE',  ( -23.50000000000000000, -24.00000000000002487, -4.000999999999999446 ) ) ;
#1277 = EDGE_LOOP ( 'NONE', ( #6350, #5659, #5707, #5823 ) ) ;
#1278 = FACE_OUTER_BOUND ( 'NONE', #3692, .T. ) ;
#1279 = DIRECTION ( 'NONE',  ( 1.000000000000000000, 0.000000000000000000, 0.000000000000000000 ) ) ;
#1280 = VECTOR ( 'NONE', #2482, 1000.000000000000000 ) ;
#1281 = EDGE_CURVE ( 'NONE', #1757, #3784, #1787, .T. ) ;
#1282 = LINE ( 'NONE', #1774, #3063 ) ;
#1283 = CARTESIAN_POINT ( 'NONE',  ( -12.50000000000000355, -14.23205080756887853, 0.5000000000000004441 ) ) ;
#1284 = CIRCLE ( 'NONE', #4424, 4.000000000000003553 ) ;
#1285 = ORIENTED_EDGE ( 'NONE', *, *, #549, .T. ) ;
#1286 = VERTEX_POINT ( 'NONE', #2576 ) ;
#1287 = LINE ( 'NONE', #753, #4272 ) ;
#1288 = ORIENTED_EDGE ( 'NONE', *, *, #6461, .F. ) ;
#1289 = ADVANCED_FACE ( 'NONE', ( #3937 ), #5567, .T. ) ;
#1290 = EDGE_CURVE ( 'NONE', #325, #3357, #201, .T. ) ;
#1291 = DIRECTION ( 'NONE',  ( -0.000000000000000000, 1.000000000000000000, -0.000000000000000000 ) ) ;
#1292 = DIRECTION ( 'NONE',  ( -1.000000000000000000, 1.259855038418910030E-16, 0.000000000000000000 ) ) ;
#1293 = ADVANCED_FACE ( 'NONE', ( #5593 ), #763, .F. ) ;
#1294 = VERTEX_POINT ( 'NONE', #5084 ) ;
#1295 = ORIENTED_EDGE ( 'NONE', *, *, #330, .T. ) ;
#1296 = ORIENTED_EDGE ( 'NONE', *, *, #66, .F. ) ;
#1297 = CARTESIAN_POINT ( 'NONE',  ( -4.225534275865165057, -15.33333333333333393, -0.5000000000000004441 ) ) ;
#1298 = LINE ( 'NONE', #2345, #1244 ) ;
#1299 = EDGE_CURVE ( 'NONE', #386, #1234, #3537, .T. ) ;
#1300 = CARTESIAN_POINT ( 'NONE',  ( 0.000000000000000000, -10.50000000000000711, 0.5000000000000000000 ) ) ;
#1301 = EDGE_CURVE ( 'NONE', #4532, #1642, #5721, .T. ) ;
#1302 = DIRECTION ( 'NONE',  ( -1.000000000000000000, 0.000000000000000000, 0.000000000000000000 ) ) ;
#1303 = VERTEX_POINT ( 'NONE', #1328 ) ;
#1304 = DIRECTION ( 'NONE',  ( 1.000000000000000000, 0.000000000000000000, 0.000000000000000000 ) ) ;
#1305 = ORIENTED_EDGE ( 'NONE', *, *, #6795, .T. ) ;
#1306 = CARTESIAN_POINT ( 'NONE',  ( -7.349999999999995204, -8.500000000000007105, 0.5000000000000000000 ) ) ;
#1307 = VECTOR ( 'NONE', #2276, 1000.000000000000000 ) ;
#1308 = CARTESIAN_POINT ( 'NONE',  ( -27.50000000000000000, -1.599999999999994760, 6.000000000000000000 ) ) ;
#1309 = ORIENTED_EDGE ( 'NONE', *, *, #2560, .T. ) ;
#1310 = FACE_OUTER_BOUND ( 'NONE', #191, .T. ) ;
#1311 = CARTESIAN_POINT ( 'NONE',  ( 21.64625639182108685, -23.50000000000000000, 3.500000000000003109 ) ) ;
#1312 = CIRCLE ( 'NONE', #5229, 1.000000000000000888 ) ;
#1313 = DIRECTION ( 'NONE',  ( 0.000000000000000000, 0.000000000000000000, -1.000000000000000000 ) ) ;
#1314 = DIRECTION ( 'NONE',  ( 1.000000000000000000, -0.000000000000000000, -0.000000000000000000 ) ) ;
#1315 = VERTEX_POINT ( 'NONE', #271 ) ;
#1316 = CIRCLE ( 'NONE', #1546, 1.000000000000000888 ) ;
#1317 = ORIENTED_EDGE ( 'NONE', *, *, #5876, .T. ) ;
#1318 = EDGE_CURVE ( 'NONE', #6654, #4947, #2416, .T. ) ;
#1319 = LINE ( 'NONE', #1712, #236 ) ;
#1320 = VERTEX_POINT ( 'NONE', #3591 ) ;
#1321 = VECTOR ( 'NONE', #6141, 1000.000000000000000 ) ;
#1322 = CARTESIAN_POINT ( 'NONE',  ( -11.50000000000000533, -10.50000000000000711, 3.499999999999999556 ) ) ;
#1323 = DIRECTION ( 'NONE',  ( 0.000000000000000000, 0.000000000000000000, 1.000000000000000000 ) ) ;
#1324 = ORIENTED_EDGE ( 'NONE', *, *, #6856, .F. ) ;
#1325 = ORIENTED_EDGE ( 'NONE', *, *, #3029, .F. ) ;
#1326 = ADVANCED_FACE ( 'NONE', ( #924 ), #3285, .T. ) ;
#1327 =( LENGTH_UNIT ( ) NAMED_UNIT ( * ) SI_UNIT ( .MILLI., .METRE. ) );
#1328 = CARTESIAN_POINT ( 'NONE',  ( 80.75000000000001421, 0.4999999999999970579, 0.000000000000000000 ) ) ;
#1329 = EDGE_CURVE ( 'NONE', #1986, #4002, #1078, .T. ) ;
#1330 = DIRECTION ( 'NONE',  ( 0.000000000000000000, 0.000000000000000000, -1.000000000000000000 ) ) ;
#1331 = CARTESIAN_POINT ( 'NONE',  ( 10.87561080813789793, -16.77851033387344870, 3.500000000000003109 ) ) ;
#1332 = CARTESIAN_POINT ( 'NONE',  ( 75.04809503970466267, -19.71107384618346714, 2.189874546556354051 ) ) ;
#1333 = VERTEX_POINT ( 'NONE', #3703 ) ;
#1334 = DIRECTION ( 'NONE',  ( 1.000000000000000000, 0.000000000000000000, 0.000000000000000000 ) ) ;
#1335 = ORIENTED_EDGE ( 'NONE', *, *, #173, .F. ) ;
#1336 = CARTESIAN_POINT ( 'NONE',  ( 78.24999999999992895, -19.50000000000000000, 2.750000000000000000 ) ) ;
#1337 = DIRECTION ( 'NONE',  ( 0.000000000000000000, -1.000000000000000000, 0.000000000000000000 ) ) ;
#1338 = ADVANCED_FACE ( 'NONE', ( #4791 ), #1139, .T. ) ;
#1339 = CARTESIAN_POINT ( 'NONE',  ( -2.750000000000064837, -21.50000000000000000, 2.749999999999995115 ) ) ;
#1340 = ORIENTED_EDGE ( 'NONE', *, *, #1400, .F. ) ;
#1341 = DIRECTION ( 'NONE',  ( -0.000000000000000000, 1.000000000000000000, -0.000000000000000000 ) ) ;
#1342 = LINE ( 'NONE', #1445, #3557 ) ;
#1343 = ORIENTED_EDGE ( 'NONE', *, *, #2608, .T. ) ;
#1344 = CARTESIAN_POINT ( 'NONE',  ( -5.500000000000000000, -0.9473224931973076579, -1.700000000000000178 ) ) ;
#1345 = CARTESIAN_POINT ( 'NONE',  ( 89.00000000000001421, 1.000000000000001332, 0.000000000000000000 ) ) ;
#1346 = VERTEX_POINT ( 'NONE', #2191 ) ;
#1347 = CARTESIAN_POINT ( 'NONE',  ( 1.750000000000002220, -16.50000000000001066, -0.5000000000000000000 ) ) ;
#1348 = AXIS2_PLACEMENT_3D ( 'NONE', #4804, #6468, #1651 ) ;
#1349 = ORIENTED_EDGE ( 'NONE', *, *, #3144, .T. ) ;
#1350 = FACE_BOUND ( 'NONE', #1223, .T. ) ;
#1351 = ORIENTED_EDGE ( 'NONE', *, *, #5918, .T. ) ;
#1352 = CIRCLE ( 'NONE', #3476, 3.000000000000000000 ) ;
#1353 = AXIS2_PLACEMENT_3D ( 'NONE', #6939, #494, #1626 ) ;
#1354 = DIRECTION ( 'NONE',  ( 0.000000000000000000, 0.000000000000000000, 1.000000000000000000 ) ) ;
#1355 = EDGE_CURVE ( 'NONE', #6712, #5176, #536, .T. ) ;
#1356 = PLANE ( 'NONE',  #6787 ) ;
#1357 = VECTOR ( 'NONE', #3948, 1000.000000000000000 ) ;
#1358 = ORIENTED_EDGE ( 'NONE', *, *, #3809, .F. ) ;
#1359 = ORIENTED_EDGE ( 'NONE', *, *, #4893, .F. ) ;
#1360 = VECTOR ( 'NONE', #6572, 1000.000000000000000 ) ;
#1361 = AXIS2_PLACEMENT_3D ( 'NONE', #1966, #6767, #4777 ) ;
#1362 = FACE_OUTER_BOUND ( 'NONE', #2661, .T. ) ;
#1363 = DIRECTION ( 'NONE',  ( 1.000000000000000000, 0.000000000000000000, 0.000000000000000000 ) ) ;
#1364 = VECTOR ( 'NONE', #2720, 1000.000000000000000 ) ;
#1365 = ADVANCED_FACE ( 'NONE', ( #4859 ), #6918, .T. ) ;
#1366 = AXIS2_PLACEMENT_3D ( 'NONE', #2875, #4416, #5014 ) ;
#1367 = DIRECTION ( 'NONE',  ( -0.000000000000000000, -0.000000000000000000, 1.000000000000000000 ) ) ;
#1368 = CARTESIAN_POINT ( 'NONE',  ( 75.01017332594622644, -19.81496438264768045, 2.458976601290429720 ) ) ;
#1369 = CIRCLE ( 'NONE', #2665, 1.000000000000000888 ) ;
#1370 = ORIENTED_EDGE ( 'NONE', *, *, #781, .T. ) ;
#1371 = DIRECTION ( 'NONE',  ( -0.000000000000000000, -0.000000000000000000, -1.000000000000000000 ) ) ;
#1372 = CIRCLE ( 'NONE', #2600, 1.000000000000000888 ) ;
#1373 = AXIS2_PLACEMENT_3D ( 'NONE', #2086, #6351, #1564 ) ;
#1374 = EDGE_LOOP ( 'NONE', ( #5123, #1618, #1854, #6099, #4265, #6650, #3799, #6195, #2566, #5748, #708, #1039, #4238, #2279, #4295, #2950, #6502, #5872, #6912, #6203, #4510, #2985, #5199, #5613, #6435, #4683, #6785, #3813 ) ) ;
#1375 = DIRECTION ( 'NONE',  ( -0.000000000000000000, -0.000000000000000000, -1.000000000000000000 ) ) ;
#1376 = DIRECTION ( 'NONE',  ( 0.000000000000000000, -0.000000000000000000, 1.000000000000000000 ) ) ;
#1377 = EDGE_CURVE ( 'NONE', #942, #3223, #2613, .T. ) ;
#1378 = VECTOR ( 'NONE', #4118, 1000.000000000000000 ) ;
#1379 = DIRECTION ( 'NONE',  ( 0.000000000000000000, 0.000000000000000000, -1.000000000000000000 ) ) ;
#1380 = ORIENTED_EDGE ( 'NONE', *, *, #4455, .T. ) ;
#1381 = ORIENTED_EDGE ( 'NONE', *, *, #3262, .F. ) ;
#1382 = LINE ( 'NONE', #2959, #5515 ) ;
#1383 = CARTESIAN_POINT ( 'NONE',  ( 87.90000000000000568, -18.50000000000000000, 6.000000000000000000 ) ) ;
#1384 = EDGE_CURVE ( 'NONE', #2379, #5870, #6352, .T. ) ;
#1385 = DIRECTION ( 'NONE',  ( -0.000000000000000000, 0.000000000000000000, 1.000000000000000000 ) ) ;
#1386 = CARTESIAN_POINT ( 'NONE',  ( -22.50000000000000000, -25.00000000000001421, 4.000000000000000000 ) ) ;
#1387 = ORIENTED_EDGE ( 'NONE', *, *, #1237, .F. ) ;
#1388 = CARTESIAN_POINT ( 'NONE',  ( -0.7410796501650303014, -15.08425883328870931, 91.99722379239923953 ) ) ;
#1389 = CIRCLE ( 'NONE', #4860, 1.250000000000000222 ) ;
#1390 = DIRECTION ( 'NONE',  ( 1.000000000000000000, 0.000000000000000000, 0.000000000000000000 ) ) ;
#1391 = VERTEX_POINT ( 'NONE', #569 ) ;
#1392 = EDGE_CURVE ( 'NONE', #3538, #6833, #5863, .T. ) ;
#1393 = LINE ( 'NONE', #363, #161 ) ;
#1394 = VECTOR ( 'NONE', #3533, 1000.000000000000000 ) ;
#1395 = DIRECTION ( 'NONE',  ( 0.000000000000000000, -2.551063935260008765E-17, 1.000000000000000000 ) ) ;
#1396 = ORIENTED_EDGE ( 'NONE', *, *, #3871, .F. ) ;
#1397 = ORIENTED_EDGE ( 'NONE', *, *, #2540, .T. ) ;
#1398 = CIRCLE ( 'NONE', #5535, 1.000000000000000888 ) ;
#1399 = CARTESIAN_POINT ( 'NONE',  ( -3.413301413797751760, -15.75000000000000000, -0.5000000000000000000 ) ) ;
#1400 = EDGE_CURVE ( 'NONE', #4514, #6020, #3182, .T. ) ;
#1401 = CARTESIAN_POINT ( 'NONE',  ( -15.49999999999999822, -7.500000000000016875, -0.4999999999999987232 ) ) ;
#1402 = CARTESIAN_POINT ( 'NONE',  ( 67.48986343215159422, -16.78458705659207695, 3.500000000000003109 ) ) ;
#1403 = DIRECTION ( 'NONE',  ( 0.000000000000000000, 0.000000000000000000, 1.000000000000000000 ) ) ;
#1404 = ORIENTED_EDGE ( 'NONE', *, *, #5765, .F. ) ;
#1405 = DIRECTION ( 'NONE',  ( -1.000000000000000000, 0.000000000000000000, 0.000000000000000000 ) ) ;
#1406 = EDGE_CURVE ( 'NONE', #510, #6534, #4885, .T. ) ;
#1407 = ORIENTED_EDGE ( 'NONE', *, *, #497, .T. ) ;
#1408 = DIRECTION ( 'NONE',  ( -0.000000000000000000, 0.000000000000000000, 1.000000000000000000 ) ) ;
#1409 = LINE ( 'NONE', #4113, #6218 ) ;
#1410 = DIRECTION ( 'NONE',  ( -0.000000000000000000, 0.000000000000000000, -1.000000000000000000 ) ) ;
#1411 = ORIENTED_EDGE ( 'NONE', *, *, #997, .T. ) ;
#1412 = VERTEX_POINT ( 'NONE', #1103 ) ;
#1413 = DIRECTION ( 'NONE',  ( -1.000000000000000000, 0.000000000000000000, 0.000000000000000000 ) ) ;
#1414 = ADVANCED_FACE ( 'NONE', ( #6848 ), #2646, .T. ) ;
#1415 = DIRECTION ( 'NONE',  ( -1.000000000000000000, 0.000000000000000000, 0.000000000000000000 ) ) ;
#1416 = VECTOR ( 'NONE', #3214, 1000.000000000000000 ) ;
#1417 = EDGE_CURVE ( 'NONE', #1346, #2258, #6663, .T. ) ;
#1418 = CARTESIAN_POINT ( 'NONE',  ( 85.00000000000001421, -8.500000000000003553, -0.5000000000000000000 ) ) ;
#1419 = DIRECTION ( 'NONE',  ( 1.000000000000000000, 0.000000000000000000, 0.000000000000000000 ) ) ;
#1420 = ORIENTED_EDGE ( 'NONE', *, *, #3697, .T. ) ;
#1421 = VECTOR ( 'NONE', #5965, 1000.000000000000000 ) ;
#1422 = LINE ( 'NONE', #922, #3958 ) ;
#1423 = EDGE_CURVE ( 'NONE', #6709, #2958, #1066, .T. ) ;
#1424 = CARTESIAN_POINT ( 'NONE',  ( -10.49999999999999822, -1.599999999999995648, -4.000000000000000000 ) ) ;
#1425 = ORIENTED_EDGE ( 'NONE', *, *, #2647, .T. ) ;
#1426 = DIRECTION ( 'NONE',  ( 1.000000000000000000, 0.000000000000000000, 0.000000000000000000 ) ) ;
#1427 = VECTOR ( 'NONE', #748, 1000.000000000000000 ) ;
#1428 = CARTESIAN_POINT ( 'NONE',  ( 60.21528446506179222, -14.21731652335774676, 91.99722379239923953 ) ) ;
#1429 = VERTEX_POINT ( 'NONE', #3772 ) ;
#1430 = VERTEX_POINT ( 'NONE', #2053 ) ;
#1431 = VECTOR ( 'NONE', #42, 1000.000000000000000 ) ;
#1432 = DIRECTION ( 'NONE',  ( -0.000000000000000000, -0.000000000000000000, -1.000000000000000000 ) ) ;
#1433 = CARTESIAN_POINT ( 'NONE',  ( 80.00000000000001421, -19.50000000000000000, -0.5000000000000004441 ) ) ;
#1434 = FACE_OUTER_BOUND ( 'NONE', #5853, .T. ) ;
#1435 = FACE_OUTER_BOUND ( 'NONE', #2462, .T. ) ;
#1436 = ORIENTED_EDGE ( 'NONE', *, *, #6461, .T. ) ;
#1437 = DIRECTION ( 'NONE',  ( -0.7313537016191743456, 0.6819983600624943687, 0.000000000000000000 ) ) ;
#1438 = CARTESIAN_POINT ( 'NONE',  ( 31.11539504185323324, -2.271529070723414367, 3.499999999999999556 ) ) ;
#1439 = DIRECTION ( 'NONE',  ( 0.000000000000000000, 0.000000000000000000, -1.000000000000000000 ) ) ;
#1440 = ADVANCED_FACE ( 'NONE', ( #4328 ), #4198, .F. ) ;
#1441 = CARTESIAN_POINT ( 'NONE',  ( 42.36817480791545876, 1.399999999999998579, 6.000000000000000000 ) ) ;
#1442 = ORIENTED_EDGE ( 'NONE', *, *, #3879, .F. ) ;
#1443 = ORIENTED_EDGE ( 'NONE', *, *, #3915, .T. ) ;
#1444 = CARTESIAN_POINT ( 'NONE',  ( 21.64625639182108685, -23.50000000000000000, -0.5000000000000004441 ) ) ;
#1445 = CARTESIAN_POINT ( 'NONE',  ( 34.25000000000000711, -11.71782813964461845, 3.500000000000000000 ) ) ;
#1446 = PLANE ( 'NONE',  #1274 ) ;
#1447 = EDGE_CURVE ( 'NONE', #4339, #2290, #5793, .T. ) ;
#1448 = LINE ( 'NONE', #5654, #2437 ) ;
#1449 = DIRECTION ( 'NONE',  ( -0.000000000000000000, 0.000000000000000000, 1.000000000000000000 ) ) ;
#1450 = VERTEX_POINT ( 'NONE', #5275 ) ;
#1451 = DIRECTION ( 'NONE',  ( 0.000000000000000000, -1.000000000000000000, 0.000000000000000000 ) ) ;
#1452 = DIRECTION ( 'NONE',  ( 0.000000000000000000, 0.000000000000000000, 1.000000000000000000 ) ) ;
#1453 = AXIS2_PLACEMENT_3D ( 'NONE', #6413, #3659, #6876 ) ;
#1454 = DIRECTION ( 'NONE',  ( 0.000000000000000000, 0.000000000000000000, -1.000000000000000000 ) ) ;
#1455 = ORIENTED_EDGE ( 'NONE', *, *, #1377, .F. ) ;
#1456 = CARTESIAN_POINT ( 'NONE',  ( -21.50000000000000000, -3.600000000000003197, 3.500000000000000000 ) ) ;
#1457 = DIRECTION ( 'NONE',  ( 0.000000000000000000, 0.000000000000000000, 1.000000000000000000 ) ) ;
#1458 = VERTEX_POINT ( 'NONE', #466 ) ;
#1459 = EDGE_CURVE ( 'NONE', #2927, #4237, #5661, .T. ) ;
#1460 = VERTEX_POINT ( 'NONE', #3849 ) ;
#1461 = DIRECTION ( 'NONE',  ( 0.000000000000000000, 0.000000000000000000, -1.000000000000000000 ) ) ;
#1462 = CARTESIAN_POINT ( 'NONE',  ( 89.00000000000001421, -4.000000000000000000, 1.725000000000000089 ) ) ;
#1463 = ADVANCED_FACE ( 'NONE', ( #111 ), #6074, .T. ) ;
#1464 = AXIS2_PLACEMENT_3D ( 'NONE', #4985, #1264, #3904 ) ;
#1465 = PLANE ( 'NONE',  #2362 ) ;
#1466 = ADVANCED_FACE ( 'NONE', ( #5514 ), #2896, .F. ) ;
#1467 = CARTESIAN_POINT ( 'NONE',  ( -25.50000000000000355, -21.00000000000001066, -9.718927473138723627 ) ) ;
#1468 = VECTOR ( 'NONE', #1562, 1000.000000000000000 ) ;
#1469 = VERTEX_POINT ( 'NONE', #3989 ) ;
#1470 = DIRECTION ( 'NONE',  ( -0.000000000000000000, -0.000000000000000000, 1.000000000000000000 ) ) ;
#1471 = DIRECTION ( 'NONE',  ( 1.000000000000000000, -0.000000000000000000, -0.000000000000000000 ) ) ;
#1472 = AXIS2_PLACEMENT_3D ( 'NONE', #4557, #3539, #5639 ) ;
#1473 = CIRCLE ( 'NONE', #5388, 4.000000000000000000 ) ;
#1474 = CARTESIAN_POINT ( 'NONE',  ( 78.24999999999992895, -26.50000000000000000, 3.999999999999997335 ) ) ;
#1475 = AXIS2_PLACEMENT_3D ( 'NONE', #262, #1494, #3635 ) ;
#1476 = CARTESIAN_POINT ( 'NONE',  ( 79.67567567567569142, -11.74691119691119923, 3.499999999999989342 ) ) ;
#1477 = ORIENTED_EDGE ( 'NONE', *, *, #3517, .T. ) ;
#1478 = ORIENTED_EDGE ( 'NONE', *, *, #1384, .F. ) ;
#1479 = CIRCLE ( 'NONE', #245, 1.000000000000000000 ) ;
#1480 = CARTESIAN_POINT ( 'NONE',  ( -5.740332142833193707, -12.50000000000000711, -55.82353258373179727 ) ) ;
#1481 = DIRECTION ( 'NONE',  ( -1.000000000000000000, 0.000000000000000000, 0.000000000000000000 ) ) ;
#1482 = EDGE_CURVE ( 'NONE', #4195, #2056, #6105, .T. ) ;
#1483 = APPLICATION_CONTEXT ( 'automotive_design' ) ;
#1484 = DIRECTION ( 'NONE',  ( 0.000000000000000000, 1.000000000000000000, -0.000000000000000000 ) ) ;
#1485 = VECTOR ( 'NONE', #5854, 999.9999999999998863 ) ;
#1486 = CARTESIAN_POINT ( 'NONE',  ( 63.50000000000001421, -16.50000000000000355, 91.99722379239923953 ) ) ;
#1487 = LINE ( 'NONE', #3629, #2144 ) ;
#1488 = EDGE_LOOP ( 'NONE', ( #200, #2503, #2294, #1516, #5638, #1748, #541, #1500, #3782 ) ) ;
#1489 = ORIENTED_EDGE ( 'NONE', *, *, #1447, .F. ) ;
#1490 = CARTESIAN_POINT ( 'NONE',  ( -23.49999999999998579, -24.00000000000002487, 4.000000000000000000 ) ) ;
#1491 = DIRECTION ( 'NONE',  ( 0.000000000000000000, 0.000000000000000000, 1.000000000000000000 ) ) ;
#1492 = CIRCLE ( 'NONE', #6843, 1.599999999999997202 ) ;
#1493 = EDGE_CURVE ( 'NONE', #1429, #6640, #6556, .T. ) ;
#1494 = DIRECTION ( 'NONE',  ( 0.000000000000000000, 0.000000000000000000, 1.000000000000000000 ) ) ;
#1495 = ORIENTED_EDGE ( 'NONE', *, *, #4685, .F. ) ;
#1496 = CYLINDRICAL_SURFACE ( 'NONE', #6877, 1.000000000000000888 ) ;
#1497 = CARTESIAN_POINT ( 'NONE',  ( 30.08772233983155431, 0.000000000000000000, -7.431795761534271350 ) ) ;
#1498 = AXIS2_PLACEMENT_3D ( 'NONE', #5796, #4233, #2685 ) ;
#1499 = ORIENTED_EDGE ( 'NONE', *, *, #4749, .T. ) ;
#1500 = ORIENTED_EDGE ( 'NONE', *, *, #1400, .T. ) ;
#1501 = VERTEX_POINT ( 'NONE', #3885 ) ;
#1502 = EDGE_CURVE ( 'NONE', #1228, #595, #622, .T. ) ;
#1503 = EDGE_CURVE ( 'NONE', #783, #2328, #4067, .T. ) ;
#1504 = CARTESIAN_POINT ( 'NONE',  ( 30.02862886259896413, -20.22205197715888403, 2.249159977219042705 ) ) ;
#1505 = CIRCLE ( 'NONE', #2400, 1.000000000000000888 ) ;
#1506 = LINE ( 'NONE', #4072, #3518 ) ;
#1507 = DIRECTION ( 'NONE',  ( 1.000000000000000000, 0.000000000000000000, 0.000000000000000000 ) ) ;
#1508 = VECTOR ( 'NONE', #5246, 1000.000000000000000 ) ;
#1509 = DIRECTION ( 'NONE',  ( 0.000000000000000000, -0.000000000000000000, -1.000000000000000000 ) ) ;
#1510 = VERTEX_POINT ( 'NONE', #779 ) ;
#1511 = CYLINDRICAL_SURFACE ( 'NONE', #3603, 2.000000000000000000 ) ;
#1512 = EDGE_CURVE ( 'NONE', #4538, #6723, #1178, .T. ) ;
#1513 = ORIENTED_EDGE ( 'NONE', *, *, #5731, .F. ) ;
#1514 = CARTESIAN_POINT ( 'NONE',  ( 39.42090488474927668, 0.8400000000000000799, 0.000000000000000000 ) ) ;
#1515 = DIRECTION ( 'NONE',  ( 0.000000000000000000, -0.000000000000000000, 1.000000000000000000 ) ) ;
#1516 = ORIENTED_EDGE ( 'NONE', *, *, #6240, .T. ) ;
#1517 = DIRECTION ( 'NONE',  ( 0.000000000000000000, -1.000000000000000000, 1.885568995626961082E-16 ) ) ;
#1518 = ORIENTED_EDGE ( 'NONE', *, *, #6378, .F. ) ;
#1519 = EDGE_LOOP ( 'NONE', ( #5372, #3369, #4018, #1001 ) ) ;
#1520 = CARTESIAN_POINT ( 'NONE',  ( 81.00000000000001421, -11.29285714285714803, -55.82353258373179727 ) ) ;
#1521 = ADVANCED_FACE ( 'NONE', ( #743 ), #1841, .F. ) ;
#1522 = DIRECTION ( 'NONE',  ( -0.000000000000000000, 0.000000000000000000, 1.000000000000000000 ) ) ;
#1523 = ORIENTED_EDGE ( 'NONE', *, *, #3134, .T. ) ;
#1524 = DIRECTION ( 'NONE',  ( -0.000000000000000000, -0.000000000000000000, -1.000000000000000000 ) ) ;
#1525 = DIRECTION ( 'NONE',  ( -2.668805347656626678E-16, -1.000000000000000000, 0.000000000000000000 ) ) ;
#1526 = LINE ( 'NONE', #2610, #1468 ) ;
#1527 = ORIENTED_EDGE ( 'NONE', *, *, #3535, .T. ) ;
#1528 = LINE ( 'NONE', #2644, #5073 ) ;
#1529 = EDGE_CURVE ( 'NONE', #6114, #128, #4498, .T. ) ;
#1530 = DIRECTION ( 'NONE',  ( -0.000000000000000000, -0.000000000000000000, -1.000000000000000000 ) ) ;
#1531 = LINE ( 'NONE', #5864, #5611 ) ;
#1532 = VERTEX_POINT ( 'NONE', #2359 ) ;
#1533 = DIRECTION ( 'NONE',  ( 0.000000000000000000, 1.000000000000000000, 0.000000000000000000 ) ) ;
#1534 = PLANE ( 'NONE',  #1653 ) ;
#1535 = AXIS2_PLACEMENT_3D ( 'NONE', #5944, #3126, #446 ) ;
#1536 = EDGE_CURVE ( 'NONE', #5176, #2284, #2833, .T. ) ;
#1537 = ORIENTED_EDGE ( 'NONE', *, *, #1631, .F. ) ;
#1538 = EDGE_LOOP ( 'NONE', ( #1985, #5680, #4769, #4634 ) ) ;
#1539 = VECTOR ( 'NONE', #5693, 1000.000000000000000 ) ;
#1540 = DIRECTION ( 'NONE',  ( 0.000000000000000000, 0.000000000000000000, 1.000000000000000000 ) ) ;
#1541 = DIRECTION ( 'NONE',  ( 0.000000000000000000, 0.000000000000000000, 1.000000000000000000 ) ) ;
#1542 = EDGE_CURVE ( 'NONE', #2366, #2357, #5070, .T. ) ;
#1543 = VERTEX_POINT ( 'NONE', #81 ) ;
#1544 = AXIS2_PLACEMENT_3D ( 'NONE', #1026, #2, #3176 ) ;
#1545 = CARTESIAN_POINT ( 'NONE',  ( -0.02911644369872081611, -12.84973239741057860, 3.500000000000000000 ) ) ;
#1546 = AXIS2_PLACEMENT_3D ( 'NONE', #6268, #5684, #4049 ) ;
#1547 = ORIENTED_EDGE ( 'NONE', *, *, #766, .T. ) ;
#1548 = FACE_OUTER_BOUND ( 'NONE', #3489, .T. ) ;
#1549 = ORIENTED_EDGE ( 'NONE', *, *, #2960, .F. ) ;
#1550 = DIRECTION ( 'NONE',  ( 0.000000000000000000, 0.000000000000000000, 1.000000000000000000 ) ) ;
#1551 = CARTESIAN_POINT ( 'NONE',  ( -7.349999999999995204, -8.500000000000007105, -0.5000000000000000000 ) ) ;
#1552 = ORIENTED_EDGE ( 'NONE', *, *, #3358, .T. ) ;
#1553 = EDGE_CURVE ( 'NONE', #4908, #509, #5442, .T. ) ;
#1554 = DIRECTION ( 'NONE',  ( -0.000000000000000000, -0.000000000000000000, 1.000000000000000000 ) ) ;
#1555 = ORIENTED_EDGE ( 'NONE', *, *, #5469, .T. ) ;
#1556 = ORIENTED_EDGE ( 'NONE', *, *, #6378, .T. ) ;
#1557 = LINE ( 'NONE', #1019, #4969 ) ;
#1558 = DIRECTION ( 'NONE',  ( -1.000000000000000000, 1.734723475976807094E-15, 0.000000000000000000 ) ) ;
#1559 = ORIENTED_EDGE ( 'NONE', *, *, #6474, .T. ) ;
#1560 = DIRECTION ( 'NONE',  ( -1.000000000000000000, 0.000000000000000000, 0.000000000000000000 ) ) ;
#1561 = DIRECTION ( 'NONE',  ( 0.9459459459459459429, 0.3243243243243243978, -0.000000000000000000 ) ) ;
#1562 = DIRECTION ( 'NONE',  ( 0.000000000000000000, 1.000000000000000000, 0.000000000000000000 ) ) ;
#1563 = ORIENTED_EDGE ( 'NONE', *, *, #6403, .T. ) ;
#1564 = DIRECTION ( 'NONE',  ( 1.000000000000000000, 0.000000000000000000, 0.000000000000000000 ) ) ;
#1565 = DIRECTION ( 'NONE',  ( 0.5773502691896286176, -0.5773502691896286176, 0.5773502691896200689 ) ) ;
#1566 = ORIENTED_EDGE ( 'NONE', *, *, #1590, .T. ) ;
#1567 = CARTESIAN_POINT ( 'NONE',  ( 33.24999999999992895, -19.50000000000000000, 2.750000000000000000 ) ) ;
#1568 = DIRECTION ( 'NONE',  ( 0.7522364576801211511, -0.6588932476030266994, 0.000000000000000000 ) ) ;
#1569 = ORIENTED_EDGE ( 'NONE', *, *, #1579, .F. ) ;
#1570 = ORIENTED_EDGE ( 'NONE', *, *, #3524, .F. ) ;
#1571 = CARTESIAN_POINT ( 'NONE',  ( 81.00000000000001421, -12.69285714285714661, -0.5000000000000000000 ) ) ;
#1572 = EDGE_CURVE ( 'NONE', #6210, #4045, #3729, .T. ) ;
#1573 = CARTESIAN_POINT ( 'NONE',  ( 6.488585344085265660, -18.45698040282307062, -0.5000000000000004441 ) ) ;
#1574 = ORIENTED_EDGE ( 'NONE', *, *, #5723, .F. ) ;
#1575 = CARTESIAN_POINT ( 'NONE',  ( 92.54599508018748111, -0.2054665368511860435, 0.000000000000000000 ) ) ;
#1576 = ORIENTED_EDGE ( 'NONE', *, *, #480, .F. ) ;
#1577 = CARTESIAN_POINT ( 'NONE',  ( 7.105894418672759727, -13.64664565419717945, 3.500000000000003109 ) ) ;
#1578 = LINE ( 'NONE', #3724, #6385 ) ;
#1579 = EDGE_CURVE ( 'NONE', #2478, #957, #240, .T. ) ;
#1580 = LINE ( 'NONE', #3305, #4523 ) ;
#1581 = VECTOR ( 'NONE', #4421, 1000.000000000000000 ) ;
#1582 = EDGE_LOOP ( 'NONE', ( #5912, #3248, #547, #5631, #4177, #4375 ) ) ;
#1583 = AXIS2_PLACEMENT_3D ( 'NONE', #3917, #4961, #6069 ) ;
#1584 = CARTESIAN_POINT ( 'NONE',  ( 79.67567567567569142, -11.74691119691119923, -0.5000000000000004441 ) ) ;
#1585 = EDGE_LOOP ( 'NONE', ( #939, #522, #3540, #6924, #6736, #5013, #4378 ) ) ;
#1586 = DIRECTION ( 'NONE',  ( 0.000000000000000000, 0.000000000000000000, -1.000000000000000000 ) ) ;
#1587 = CIRCLE ( 'NONE', #3481, 1.000000000000000888 ) ;
#1588 = CYLINDRICAL_SURFACE ( 'NONE', #2473, 4.500000000000003553 ) ;
#1589 = ORIENTED_EDGE ( 'NONE', *, *, #3463, .T. ) ;
#1590 = EDGE_CURVE ( 'NONE', #408, #761, #1599, .T. ) ;
#1591 = VECTOR ( 'NONE', #6409, 1000.000000000000000 ) ;
#1592 = ADVANCED_FACE ( 'NONE', ( #2331 ), #4466, .F. ) ;
#1593 = FACE_OUTER_BOUND ( 'NONE', #3366, .T. ) ;
#1594 = CIRCLE ( 'NONE', #127, 1.000000000000000888 ) ;
#1595 = CARTESIAN_POINT ( 'NONE',  ( -16.50000000000000355, -8.500000000000007105, 2.000000000000000000 ) ) ;
#1596 = CARTESIAN_POINT ( 'NONE',  ( 30.08772233983155431, -21.33047371415606719, -7.431795761534271350 ) ) ;
#1597 = ORIENTED_EDGE ( 'NONE', *, *, #3680, .T. ) ;
#1598 = DIRECTION ( 'NONE',  ( -1.000000000000000000, 0.000000000000000000, 0.000000000000000000 ) ) ;
#1599 = CIRCLE ( 'NONE', #3494, 1.000000000000000888 ) ;
#1600 = DIRECTION ( 'NONE',  ( 1.000000000000000000, 0.000000000000000000, 0.000000000000000000 ) ) ;
#1601 = EDGE_CURVE ( 'NONE', #6145, #6555, #1369, .T. ) ;
#1602 = DIRECTION ( 'NONE',  ( 0.000000000000000000, 0.000000000000000000, 1.000000000000000000 ) ) ;
#1603 = ORIENTED_EDGE ( 'NONE', *, *, #6240, .F. ) ;
#1604 = CARTESIAN_POINT ( 'NONE',  ( 0.000000000000000000, 0.000000000000000000, 0.5000000000000000000 ) ) ;
#1605 = EDGE_CURVE ( 'NONE', #3484, #1450, #1342, .T. ) ;
#1606 = B_SPLINE_CURVE_WITH_KNOTS ( 'NONE', 3,
 ( #5336, #530, #4816, #4750, #4291, #4784, #6878, #6416, #5891, #3240, #2082, #5365, #4853, #41, #2185, #4322, #4392, #2218, #2254, #4992, #1273, #3313, #3916, #599 ),
 .UNSPECIFIED., .F., .F.,
 ( 4, 2, 2, 2, 2, 2, 2, 2, 2, 2, 2, 4 ),
 ( 0.001663297919844801669, 0.002320002797540719058, 0.002976707675236636014, 0.003633412552932552969, 0.003961764991780516651, 0.004290117430628481200, 0.004618469869476445749, 0.004946822308324409431, 0.005275174747172373113, 0.005603527186020336795, 0.006260232063716243342, 0.006916936941412149889 ),
 .UNSPECIFIED. ) ;
#1607 = CARTESIAN_POINT ( 'NONE',  ( 93.50000000000001421, -4.000000000000000000, 1.725000000000000089 ) ) ;
#1608 = VERTEX_POINT ( 'NONE', #1383 ) ;
#1609 = VECTOR ( 'NONE', #2894, 1000.000000000000000 ) ;
#1610 = ORIENTED_EDGE ( 'NONE', *, *, #1010, .T. ) ;
#1611 = CARTESIAN_POINT ( 'NONE',  ( 30.57909511525072332, 0.8400000000000006350, 3.499999999999999556 ) ) ;
#1612 = DIRECTION ( 'NONE',  ( 0.000000000000000000, 0.000000000000000000, 1.000000000000000000 ) ) ;
#1613 = VECTOR ( 'NONE', #5517, 1000.000000000000000 ) ;
#1614 = ORIENTED_EDGE ( 'NONE', *, *, #420, .T. ) ;
#1615 = DIRECTION ( 'NONE',  ( 1.000000000000000000, 0.000000000000000000, 0.000000000000000000 ) ) ;
#1616 = ORIENTED_EDGE ( 'NONE', *, *, #6316, .T. ) ;
#1617 = CARTESIAN_POINT ( 'NONE',  ( -29.00000000000000000, -7.000000000000004441, 4.000000000000000888 ) ) ;
#1618 = ORIENTED_EDGE ( 'NONE', *, *, #6495, .T. ) ;
#1619 = PLANE ( 'NONE',  #6830 ) ;
#1620 = CARTESIAN_POINT ( 'NONE',  ( -7.368174807915457869, 1.400000000000004352, 0.000000000000000000 ) ) ;
#1621 = AXIS2_PLACEMENT_3D ( 'NONE', #91, #4367, #4871 ) ;
#1622 = EDGE_CURVE ( 'NONE', #3357, #6137, #1316, .T. ) ;
#1623 = DIRECTION ( 'NONE',  ( 0.000000000000000000, -0.000000000000000000, -1.000000000000000000 ) ) ;
#1624 = VERTEX_POINT ( 'NONE', #2994 ) ;
#1625 = CYLINDRICAL_SURFACE ( 'NONE', #5962, 3.000000000000000000 ) ;
#1626 = DIRECTION ( 'NONE',  ( 1.000000000000000000, 0.000000000000000000, 0.000000000000000000 ) ) ;
#1627 = AXIS2_PLACEMENT_3D ( 'NONE', #5313, #5900, #5831 ) ;
#1628 = EDGE_LOOP ( 'NONE', ( #6328, #5647, #4712, #6062 ) ) ;
#1629 = DIRECTION ( 'NONE',  ( -1.000000000000000000, 0.000000000000000000, 0.000000000000000000 ) ) ;
#1630 = PLANE ( 'NONE',  #4341 ) ;
#1631 = EDGE_CURVE ( 'NONE', #5739, #3496, #3516, .T. ) ;
#1632 = DIRECTION ( 'NONE',  ( -1.000000000000000000, 0.000000000000000000, 0.000000000000000000 ) ) ;
#1633 = VERTEX_POINT ( 'NONE', #848 ) ;
#1634 = CARTESIAN_POINT ( 'NONE',  ( -8.849999999999996092, -18.50000000000000355, 14.05062109405231396 ) ) ;
#1635 = ADVANCED_FACE ( 'NONE', ( #880 ), #6139, .T. ) ;
#1636 = CARTESIAN_POINT ( 'NONE',  ( 0.4122776601683184050, 0.000000000000000000, -7.431795761534271350 ) ) ;
#1637 =( NAMED_UNIT ( * ) PLANE_ANGLE_UNIT ( ) SI_UNIT ( $, .RADIAN. ) );
#1638 = ORIENTED_EDGE ( 'NONE', *, *, #3296, .F. ) ;
#1639 = DIRECTION ( 'NONE',  ( -1.000000000000000000, 0.000000000000000000, 0.000000000000000000 ) ) ;
#1640 = CARTESIAN_POINT ( 'NONE',  ( 0.4122776601683056930, -20.92419574412459582, 3.500000000005270451 ) ) ;
#1641 = EDGE_CURVE ( 'NONE', #1809, #4953, #6123, .T. ) ;
#1642 = VERTEX_POINT ( 'NONE', #4567 ) ;
#1643 = ORIENTED_EDGE ( 'NONE', *, *, #6677, .F. ) ;
#1644 = CARTESIAN_POINT ( 'NONE',  ( 75.08772233983154365, -19.50000000000000000, 1.999999999999982681 ) ) ;
#1645 = EDGE_LOOP ( 'NONE', ( #2424, #1616, #1222, #2971 ) ) ;
#1646 = VECTOR ( 'NONE', #3429, 1000.000000000000000 ) ;
#1647 = DIRECTION ( 'NONE',  ( -0.000000000000000000, -0.000000000000000000, -1.000000000000000000 ) ) ;
#1648 = AXIS2_PLACEMENT_3D ( 'NONE', #4369, #1187, #4872 ) ;
#1649 = EDGE_CURVE ( 'NONE', #3969, #2135, #2212, .T. ) ;
#1650 = ORIENTED_EDGE ( 'NONE', *, *, #5050, .T. ) ;
#1651 = DIRECTION ( 'NONE',  ( -1.000000000000000000, -3.469446951953614189E-15, 0.000000000000000000 ) ) ;
#1652 = ORIENTED_EDGE ( 'NONE', *, *, #4877, .F. ) ;
#1653 = AXIS2_PLACEMENT_3D ( 'NONE', #1497, #6854, #3639 ) ;
#1654 = CARTESIAN_POINT ( 'NONE',  ( 0.4999972144024032450, -23.90956609761959584, 2.671774212078971367 ) ) ;
#1655 = DIRECTION ( 'NONE',  ( -1.000000000000000000, 0.000000000000000000, 0.000000000000000000 ) ) ;
#1656 = CARTESIAN_POINT ( 'NONE',  ( -22.50000000000000000, -3.600000000000004974, -1.700000000000000178 ) ) ;
#1657 = VECTOR ( 'NONE', #5583, 1000.000000000000000 ) ;
#1658 = LINE ( 'NONE', #1729, #4723 ) ;
#1659 = VERTEX_POINT ( 'NONE', #1872 ) ;
#1660 = DIRECTION ( 'NONE',  ( -0.000000000000000000, -2.551063935260008765E-17, 1.000000000000000000 ) ) ;
#1661 = VECTOR ( 'NONE', #6480, 1000.000000000000000 ) ;
#1662 = EDGE_LOOP ( 'NONE', ( #2242, #5364, #3942, #3888, #5842, #6079 ) ) ;
#1663 = EDGE_CURVE ( 'NONE', #5694, #2000, #5710, .T. ) ;
#1664 = DIRECTION ( 'NONE',  ( 0.000000000000000000, 0.000000000000000000, -1.000000000000000000 ) ) ;
#1665 = DIRECTION ( 'NONE',  ( -0.000000000000000000, -0.000000000000000000, -1.000000000000000000 ) ) ;
#1666 = LINE ( 'NONE', #2785, #233 ) ;
#1667 = ORIENTED_EDGE ( 'NONE', *, *, #5938, .F. ) ;
#1668 = DIRECTION ( 'NONE',  ( -0.000000000000000000, -0.000000000000000000, -1.000000000000000000 ) ) ;
#1669 = DIRECTION ( 'NONE',  ( 0.000000000000000000, 0.000000000000000000, -1.000000000000000000 ) ) ;
#1670 = EDGE_CURVE ( 'NONE', #6665, #2094, #4016, .T. ) ;
#1671 = LINE ( 'NONE', #3811, #4079 ) ;
#1672 = CARTESIAN_POINT ( 'NONE',  ( 0.4999972144024029119, -20.59408030055863037, 2.828225787921014867 ) ) ;
#1673 = ORIENTED_EDGE ( 'NONE', *, *, #4012, .T. ) ;
#1674 = ORIENTED_EDGE ( 'NONE', *, *, #5818, .T. ) ;
#1675 = CARTESIAN_POINT ( 'NONE',  ( -2.750000000000064837, -21.50000000000000000, 2.749999999999995115 ) ) ;
#1676 = EDGE_CURVE ( 'NONE', #3251, #735, #3118, .T. ) ;
#1677 = LINE ( 'NONE', #6398, #6092 ) ;
#1678 = CARTESIAN_POINT ( 'NONE',  ( -14.09999999999999787, -18.50000000000000355, 2.000000000000000000 ) ) ;
#1679 = EDGE_CURVE ( 'NONE', #2885, #3292, #915, .T. ) ;
#1680 = VERTEX_POINT ( 'NONE', #6701 ) ;
#1681 = ORIENTED_EDGE ( 'NONE', *, *, #3500, .F. ) ;
#1682 = LINE ( 'NONE', #2628, #5952 ) ;
#1683 = ORIENTED_EDGE ( 'NONE', *, *, #2867, .T. ) ;
#1684 = FACE_OUTER_BOUND ( 'NONE', #3630, .T. ) ;
#1685 = DIRECTION ( 'NONE',  ( 0.2556729478064223571, 0.9667633338930342601, 0.000000000000000000 ) ) ;
#1686 = VERTEX_POINT ( 'NONE', #2464 ) ;
#1687 = EDGE_CURVE ( 'NONE', #2467, #1917, #5752, .T. ) ;
#1688 = FACE_OUTER_BOUND ( 'NONE', #6213, .T. ) ;
#1689 = CIRCLE ( 'NONE', #6050, 4.500000000000003553 ) ;
#1690 = PLANE ( 'NONE',  #2823 ) ;
#1691 = EDGE_LOOP ( 'NONE', ( #4477, #2405, #4120, #1349 ) ) ;
#1692 = CARTESIAN_POINT ( 'NONE',  ( -3.413301413797751760, -14.75000000000000178, -0.5000000000000004441 ) ) ;
#1693 = VERTEX_POINT ( 'NONE', #4090 ) ;
#1694 = AXIS2_PLACEMENT_3D ( 'NONE', #2979, #4075, #4586 ) ;
#1695 = CIRCLE ( 'NONE', #2253, 2.000000000000001776 ) ;
#1696 = DIRECTION ( 'NONE',  ( 0.000000000000000000, -0.000000000000000000, 1.000000000000000000 ) ) ;
#1697 = CARTESIAN_POINT ( 'NONE',  ( 0.000000000000000000, 0.000000000000000000, 0.5000000000000000000 ) ) ;
#1698 = CIRCLE ( 'NONE', #2587, 1.000000000000000888 ) ;
#1699 = CARTESIAN_POINT ( 'NONE',  ( 48.57143374141652004, -10.50000000000000711, -0.5000000000000000000 ) ) ;
#1700 = EDGE_LOOP ( 'NONE', ( #5881, #5795, #31, #6109 ) ) ;
#1701 = CARTESIAN_POINT ( 'NONE',  ( -16.50000000000000355, -11.50000000000000178, -0.5000000000000000000 ) ) ;
#1702 = EDGE_CURVE ( 'NONE', #6818, #3059, #3062, .T. ) ;
#1703 = CARTESIAN_POINT ( 'NONE',  ( 0.000000000000000000, 0.000000000000000000, 1.000000000000000000 ) ) ;
#1704 = LINE ( 'NONE', #1898, #5174 ) ;
#1705 = CARTESIAN_POINT ( 'NONE',  ( -22.50000000000000000, -3.399999999999995914, -4.000000000000000000 ) ) ;
#1706 = DIRECTION ( 'NONE',  ( 0.000000000000000000, -1.000000000000000000, 0.000000000000000000 ) ) ;
#1707 = VECTOR ( 'NONE', #803, 1000.000000000000000 ) ;
#1708 = VERTEX_POINT ( 'NONE', #3550 ) ;
#1709 = ORIENTED_EDGE ( 'NONE', *, *, #4486, .T. ) ;
#1710 = VECTOR ( 'NONE', #4181, 1000.000000000000000 ) ;
#1711 = EDGE_CURVE ( 'NONE', #4117, #5874, #3022, .T. ) ;
#1712 = CARTESIAN_POINT ( 'NONE',  ( -4.500000000000000000, -4.499999999999995559, 0.000000000000000000 ) ) ;
#1713 = VERTEX_POINT ( 'NONE', #2533 ) ;
#1714 = CARTESIAN_POINT ( 'NONE',  ( 7.368174807915457869, -1.599999999999997424, 1.000000000000000000 ) ) ;
#1715 = CARTESIAN_POINT ( 'NONE',  ( -4.988272402590862242, -10.50000000000000711, -0.5000000000000000000 ) ) ;
#1716 = VECTOR ( 'NONE', #1413, 1000.000000000000000 ) ;
#1717 = ORIENTED_EDGE ( 'NONE', *, *, #3923, .F. ) ;
#1718 = ADVANCED_FACE ( 'NONE', ( #5102 ), #2003, .T. ) ;
#1719 = VERTEX_POINT ( 'NONE', #1904 ) ;
#1720 = EDGE_CURVE ( 'NONE', #1429, #4726, #2432, .T. ) ;
#1721 = PLANE ( 'NONE',  #2597 ) ;
#1722 = ORIENTED_EDGE ( 'NONE', *, *, #3923, .T. ) ;
#1723 = CARTESIAN_POINT ( 'NONE',  ( 30.08772233983155431, -21.33047371415606719, 3.500000000000000000 ) ) ;
#1724 = CARTESIAN_POINT ( 'NONE',  ( -22.50000000000000000, -15.67157287525381548, 5.000000000000007994 ) ) ;
#1725 = DIRECTION ( 'NONE',  ( 0.000000000000000000, 0.000000000000000000, 1.000000000000000000 ) ) ;
#1726 = ADVANCED_FACE ( 'NONE', ( #5334 ), #1058, .T. ) ;
#1727 = AXIS2_PLACEMENT_3D ( 'NONE', #2897, #2300, #6488 ) ;
#1728 = UNCERTAINTY_MEASURE_WITH_UNIT (LENGTH_MEASURE( 1.000000000000000082E-05 ), #1327, 'distance_accuracy_value', 'NONE');
#1729 = CARTESIAN_POINT ( 'NONE',  ( -7.349999999999995204, -26.50000000000000355, 0.5000000000000000000 ) ) ;
#1730 = ORIENTED_EDGE ( 'NONE', *, *, #5245, .T. ) ;
#1731 = CARTESIAN_POINT ( 'NONE',  ( -22.50000000000000000, -1.599999999999995648, -4.000000000000000000 ) ) ;
#1732 = ORIENTED_EDGE ( 'NONE', *, *, #51, .T. ) ;
#1733 = AXIS2_PLACEMENT_3D ( 'NONE', #6616, #1827, #5051 ) ;
#1734 = DIRECTION ( 'NONE',  ( -1.000000000000000000, 1.927470528863119295E-16, 0.000000000000000000 ) ) ;
#1735 = LINE ( 'NONE', #5030, #4602 ) ;
#1736 = EDGE_CURVE ( 'NONE', #3443, #328, #3206, .T. ) ;
#1737 = DIRECTION ( 'NONE',  ( -0.000000000000000000, 0.000000000000000000, 1.000000000000000000 ) ) ;
#1738 = ORIENTED_EDGE ( 'NONE', *, *, #4923, .F. ) ;
#1739 = DIRECTION ( 'NONE',  ( 0.000000000000000000, 0.000000000000000000, -1.000000000000000000 ) ) ;
#1740 = VECTOR ( 'NONE', #57, 1000.000000000000000 ) ;
#1741 = DIRECTION ( 'NONE',  ( 1.000000000000000000, 0.000000000000000000, -0.000000000000000000 ) ) ;
#1742 = CARTESIAN_POINT ( 'NONE',  ( 75.08772233983154365, -24.37485555389435277, 3.500000000000003109 ) ) ;
#1743 = CARTESIAN_POINT ( 'NONE',  ( 34.25000000000000711, -18.50000000000000000, 3.500000000000000000 ) ) ;
#1744 = CYLINDRICAL_SURFACE ( 'NONE', #2888, 1.250000000000000222 ) ;
#1745 = VERTEX_POINT ( 'NONE', #5264 ) ;
#1746 = ORIENTED_EDGE ( 'NONE', *, *, #5967, .F. ) ;
#1747 = CYLINDRICAL_SURFACE ( 'NONE', #4835, 1.600000000000004086 ) ;
#1748 = ORIENTED_EDGE ( 'NONE', *, *, #6643, .T. ) ;
#1749 = DIRECTION ( 'NONE',  ( -0.000000000000000000, 1.000000000000000000, -0.000000000000000000 ) ) ;
#1750 = ADVANCED_FACE ( 'NONE', ( #5785 ), #4253, .F. ) ;
#1751 = DIRECTION ( 'NONE',  ( 0.000000000000000000, -1.000000000000000000, 0.000000000000000000 ) ) ;
#1752 = ORIENTED_EDGE ( 'NONE', *, *, #5869, .T. ) ;
#1753 = ORIENTED_EDGE ( 'NONE', *, *, #6153, .T. ) ;
#1754 = ORIENTED_EDGE ( 'NONE', *, *, #4032, .T. ) ;
#1755 = CARTESIAN_POINT ( 'NONE',  ( 0.4122776601683184050, -23.50000000000000000, 3.500000000000000000 ) ) ;
#1756 = DIRECTION ( 'NONE',  ( 0.000000000000000000, 0.000000000000000000, 1.000000000000000000 ) ) ;
#1757 = VERTEX_POINT ( 'NONE', #2606 ) ;
#1758 = CARTESIAN_POINT ( 'NONE',  ( 60.01141465591474855, -18.45698040282307772, -55.82353258373179727 ) ) ;
#1759 = EDGE_CURVE ( 'NONE', #4237, #2991, #6308, .T. ) ;
#1760 = AXIS2_PLACEMENT_3D ( 'NONE', #5644, #2459, #908 ) ;
#1761 = CARTESIAN_POINT ( 'NONE',  ( 75.03707019198662920, -19.74283765081882080, 2.255783526269892647 ) ) ;
#1762 = ORIENTED_EDGE ( 'NONE', *, *, #3928, .F. ) ;
#1763 = DIRECTION ( 'NONE',  ( 0.000000000000000000, -2.551063935260008765E-17, 1.000000000000000000 ) ) ;
#1764 = ORIENTED_EDGE ( 'NONE', *, *, #2470, .F. ) ;
#1765 = EDGE_LOOP ( 'NONE', ( #4767, #5015, #5353, #931 ) ) ;
#1766 = EDGE_CURVE ( 'NONE', #4745, #5791, #4476, .T. ) ;
#1767 = CARTESIAN_POINT ( 'NONE',  ( 30.57909511525073043, 0.8399999999999998579, 0.000000000000000000 ) ) ;
#1768 = CARTESIAN_POINT ( 'NONE',  ( 35.25000000000000711, -18.50000000000000000, -0.5000000000000004441 ) ) ;
#1769 = CARTESIAN_POINT ( 'NONE',  ( 67.36300533670159041, -13.32554102741661239, 91.99722379239923953 ) ) ;
#1770 = ORIENTED_EDGE ( 'NONE', *, *, #3759, .F. ) ;
#1771 = DIRECTION ( 'NONE',  ( 1.000000000000000000, -0.000000000000000000, -0.000000000000000000 ) ) ;
#1772 = VECTOR ( 'NONE', #4675, 1000.000000000000000 ) ;
#1773 = CARTESIAN_POINT ( 'NONE',  ( -12.50000000000000355, -8.500000000000007105, -17.93908891458577060 ) ) ;
#1774 = CARTESIAN_POINT ( 'NONE',  ( 30.57909511525073043, 0.8400000000000000799, 1.000000000000000000 ) ) ;
#1775 = CARTESIAN_POINT ( 'NONE',  ( 1.282973800746401327, -21.19593665109281844, 3.500000000000003109 ) ) ;
#1776 = ORIENTED_EDGE ( 'NONE', *, *, #799, .T. ) ;
#1777 = CARTESIAN_POINT ( 'NONE',  ( 7.368174807915457869, 1.400000000000002576, 0.000000000000000000 ) ) ;
#1778 = VECTOR ( 'NONE', #1415, 1000.000000000000000 ) ;
#1779 = CARTESIAN_POINT ( 'NONE',  ( 89.50000000000001421, -18.50000000000000000, 1.725000000000000089 ) ) ;
#1780 = VERTEX_POINT ( 'NONE', #417 ) ;
#1781 = DIRECTION ( 'NONE',  ( -1.000000000000000000, 0.000000000000000000, 0.000000000000000000 ) ) ;
#1782 = DIRECTION ( 'NONE',  ( 0.000000000000000000, 0.000000000000000000, 1.000000000000000000 ) ) ;
#1783 = ORIENTED_EDGE ( 'NONE', *, *, #6085, .F. ) ;
#1784 = ORIENTED_EDGE ( 'NONE', *, *, #2961, .F. ) ;
#1785 = DIRECTION ( 'NONE',  ( -0.000000000000000000, -0.000000000000000000, -1.000000000000000000 ) ) ;
#1786 = ORIENTED_EDGE ( 'NONE', *, *, #3968, .F. ) ;
#1787 = LINE ( 'NONE', #3459, #5002 ) ;
#1788 = ADVANCED_FACE ( 'NONE', ( #4814 ), #2676, .F. ) ;
#1789 = DIRECTION ( 'NONE',  ( -0.9094744755858003016, 0.4157597602677939319, 0.000000000000000000 ) ) ;
#1790 = DIRECTION ( 'NONE',  ( 0.000000000000000000, 0.000000000000000000, -1.000000000000000000 ) ) ;
#1791 = CARTESIAN_POINT ( 'NONE',  ( 10.87561080813789793, -16.77851033387344870, -55.82353258373179727 ) ) ;
#1792 = ORIENTED_EDGE ( 'NONE', *, *, #1075, .T. ) ;
#1793 = PLANE ( 'NONE',  #3057 ) ;
#1794 = ADVANCED_FACE ( 'NONE', ( #2149 ), #5855, .F. ) ;
#1795 = VERTEX_POINT ( 'NONE', #3763 ) ;
#1796 = LINE ( 'NONE', #1235, #2988 ) ;
#1797 = CARTESIAN_POINT ( 'NONE',  ( -10.49999999999999822, -1.599999999999995204, -1.700000000000000178 ) ) ;
#1798 = CARTESIAN_POINT ( 'NONE',  ( 34.25000000000000711, -11.71782813964461845, -55.82353258373179727 ) ) ;
#1799 = ORIENTED_EDGE ( 'NONE', *, *, #1104, .T. ) ;
#1800 = CARTESIAN_POINT ( 'NONE',  ( 74.50000000000001421, 0.000000000000000000, 3.499999999999999556 ) ) ;
#1801 = EDGE_CURVE ( 'NONE', #2764, #5361, #4267, .T. ) ;
#1802 = CARTESIAN_POINT ( 'NONE',  ( 0.000000000000000000, 0.000000000000000000, 3.500000000000000000 ) ) ;
#1803 = EDGE_CURVE ( 'NONE', #6640, #5222, #3695, .T. ) ;
#1804 = CARTESIAN_POINT ( 'NONE',  ( -12.50000000000000355, -8.500000000000007105, -17.93908891458577060 ) ) ;
#1805 = ORIENTED_EDGE ( 'NONE', *, *, #6363, .F. ) ;
#1806 = AXIS2_PLACEMENT_3D ( 'NONE', #2516, #5696, #2977 ) ;
#1807 = DIRECTION ( 'NONE',  ( -0.000000000000000000, -0.000000000000000000, -1.000000000000000000 ) ) ;
#1808 = VECTOR ( 'NONE', #623, 1000.000000000000000 ) ;
#1809 = VERTEX_POINT ( 'NONE', #1093 ) ;
#1810 = ORIENTED_EDGE ( 'NONE', *, *, #5686, .F. ) ;
#1811 = ADVANCED_FACE ( 'NONE', ( #3238 ), #3094, .F. ) ;
#1812 = VECTOR ( 'NONE', #3225, 1000.000000000000000 ) ;
#1813 = VECTOR ( 'NONE', #5603, 1000.000000000000000 ) ;
#1814 = EDGE_CURVE ( 'NONE', #783, #6306, #5821, .T. ) ;
#1815 = CARTESIAN_POINT ( 'NONE',  ( 81.00000000000001421, -10.50000000000000711, 91.99722379239923953 ) ) ;
#1816 = ORIENTED_EDGE ( 'NONE', *, *, #4949, .F. ) ;
#1817 = AXIS2_PLACEMENT_3D ( 'NONE', #3442, #2327, #2920 ) ;
#1818 = DIRECTION ( 'NONE',  ( 0.000000000000000000, 0.000000000000000000, 1.000000000000000000 ) ) ;
#1819 = DIRECTION ( 'NONE',  ( 1.000000000000000000, -0.000000000000000000, -0.000000000000000000 ) ) ;
#1820 =( GEOMETRIC_REPRESENTATION_CONTEXT ( 3 ) GLOBAL_UNCERTAINTY_ASSIGNED_CONTEXT ( ( #5993 ) ) GLOBAL_UNIT_ASSIGNED_CONTEXT ( ( #504, #1637, #3810 ) ) REPRESENTATION_CONTEXT ( 'NONE', 'WORKASPACE' ) );
#1821 = ORIENTED_EDGE ( 'NONE', *, *, #1736, .T. ) ;
#1822 = AXIS2_PLACEMENT_3D ( 'NONE', #1777, #88, #4097 ) ;
#1823 = VERTEX_POINT ( 'NONE', #5814 ) ;
#1824 = VERTEX_POINT ( 'NONE', #5302 ) ;
#1825 = CARTESIAN_POINT ( 'NONE',  ( 85.00000000000001421, -26.50000000000000355, -33.43835071544514648 ) ) ;
#1826 = CARTESIAN_POINT ( 'NONE',  ( 35.25000000000000711, -12.93565627928923156, -55.82353258373179727 ) ) ;
#1827 = DIRECTION ( 'NONE',  ( 4.336808689942017120E-17, 1.000000000000000000, 0.000000000000000000 ) ) ;
#1828 = CIRCLE ( 'NONE', #6294, 1.000000000000000000 ) ;
#1829 = DIRECTION ( 'NONE',  ( -0.000000000000000000, 0.000000000000000000, 1.000000000000000000 ) ) ;
#1830 = ORIENTED_EDGE ( 'NONE', *, *, #3766, .T. ) ;
#1831 = CIRCLE ( 'NONE', #6618, 3.000000000000000000 ) ;
#1832 = DIRECTION ( 'NONE',  ( -1.000000000000000000, 0.000000000000000000, 0.000000000000000000 ) ) ;
#1833 = VERTEX_POINT ( 'NONE', #4781 ) ;
#1834 = DIRECTION ( 'NONE',  ( -0.000000000000000000, 0.000000000000000000, 1.000000000000000000 ) ) ;
#1835 = AXIS2_PLACEMENT_3D ( 'NONE', #5581, #1243, #216 ) ;
#1836 = ADVANCED_FACE ( 'NONE', ( #6910 ), #1588, .T. ) ;
#1837 = CARTESIAN_POINT ( 'NONE',  ( 81.00000000000001421, -12.69285714285714661, -0.5000000000000281997 ) ) ;
#1838 = CARTESIAN_POINT ( 'NONE',  ( -12.50000000000000533, -20.00000000000000355, 1.999999999999998224 ) ) ;
#1839 = ORIENTED_EDGE ( 'NONE', *, *, #2415, .T. ) ;
#1840 = CARTESIAN_POINT ( 'NONE',  ( -10.49999999999999822, -3.599999999999995648, -4.000000000000000000 ) ) ;
#1841 = CYLINDRICAL_SURFACE ( 'NONE', #4960, 1.000000000000000888 ) ;
#1842 = VECTOR ( 'NONE', #5802, 1000.000000000000000 ) ;
#1843 = LINE ( 'NONE', #115, #821 ) ;
#1844 = EDGE_CURVE ( 'NONE', #3600, #6025, #2701, .T. ) ;
#1845 = CARTESIAN_POINT ( 'NONE',  ( -29.00000000000000000, -7.000000000000004441, 2.000000000000000000 ) ) ;
#1846 = VECTOR ( 'NONE', #4162, 1000.000000000000000 ) ;
#1847 = ORIENTED_EDGE ( 'NONE', *, *, #4923, .T. ) ;
#1848 = ORIENTED_EDGE ( 'NONE', *, *, #5665, .F. ) ;
#1849 = DIRECTION ( 'NONE',  ( -1.000000000000000000, 0.000000000000000000, 0.000000000000000000 ) ) ;
#1850 = ORIENTED_EDGE ( 'NONE', *, *, #1572, .F. ) ;
#1851 = CARTESIAN_POINT ( 'NONE',  ( 87.90000000000000568, -18.50000000000000000, 1.725000000000000089 ) ) ;
#1852 = LINE ( 'NONE', #3006, #1539 ) ;
#1853 = ORIENTED_EDGE ( 'NONE', *, *, #323, .T. ) ;
#1854 = ORIENTED_EDGE ( 'NONE', *, *, #3633, .F. ) ;
#1855 = PRODUCT_CONTEXT ( 'NONE', #1124, 'mechanical' ) ;
#1856 = DIRECTION ( 'NONE',  ( -0.000000000000000000, -0.000000000000000000, -1.000000000000000000 ) ) ;
#1857 = DIRECTION ( 'NONE',  ( 0.000000000000000000, 0.000000000000000000, -1.000000000000000000 ) ) ;
#1858 = CARTESIAN_POINT ( 'NONE',  ( 3.000000000000002665, -16.50000000000001066, 3.500000000000003109 ) ) ;
#1859 = ADVANCED_FACE ( 'NONE', ( #6790 ), #1927, .F. ) ;
#1860 = FACE_OUTER_BOUND ( 'NONE', #3789, .T. ) ;
#1861 = AXIS2_PLACEMENT_3D ( 'NONE', #215, #3386, #6564 ) ;
#1862 = ORIENTED_EDGE ( 'NONE', *, *, #2325, .F. ) ;
#1863 = CARTESIAN_POINT ( 'NONE',  ( 78.24999999999992895, -21.50000000000000000, 2.750000000000000000 ) ) ;
#1864 = VERTEX_POINT ( 'NONE', #5220 ) ;
#1865 = DIRECTION ( 'NONE',  ( 0.000000000000000000, 0.000000000000000000, 1.000000000000000000 ) ) ;
#1866 = ADVANCED_FACE ( 'NONE', ( #869 ), #5188, .T. ) ;
#1867 = CARTESIAN_POINT ( 'NONE',  ( 63.50000000000001421, -16.50000000000000355, -0.5000000000000000000 ) ) ;
#1868 = CIRCLE ( 'NONE', #1973, 1.000000000000000888 ) ;
#1869 = DIRECTION ( 'NONE',  ( 1.000000000000000000, 0.000000000000000000, -0.000000000000000000 ) ) ;
#1870 = VERTEX_POINT ( 'NONE', #3570 ) ;
#1871 = DIRECTION ( 'NONE',  ( 0.7071067811865474617, -0.7071067811865474617, 0.000000000000000000 ) ) ;
#1872 = CARTESIAN_POINT ( 'NONE',  ( -2.849999999999992095, -19.50000000000000000, -0.5000000000000004441 ) ) ;
#1873 = AXIS2_PLACEMENT_3D ( 'NONE', #5528, #197, #5561 ) ;
#1874 = EDGE_CURVE ( 'NONE', #4129, #2693, #5737, .T. ) ;
#1875 = CARTESIAN_POINT ( 'NONE',  ( -26.17967389859482097, -6.100000000000005862, -1.699999999999999956 ) ) ;
#1876 = DIRECTION ( 'NONE',  ( -1.000000000000000000, 0.000000000000000000, 0.000000000000000000 ) ) ;
#1877 = AXIS2_PLACEMENT_3D ( 'NONE', #2713, #5366, #563 ) ;
#1878 = VERTEX_POINT ( 'NONE', #6719 ) ;
#1879 = CARTESIAN_POINT ( 'NONE',  ( 32.25000000000000711, -11.71782813964461845, 3.500000000000000000 ) ) ;
#1880 = EDGE_CURVE ( 'NONE', #3529, #3894, #4488, .T. ) ;
#1881 = FACE_BOUND ( 'NONE', #5774, .T. ) ;
#1882 = ORIENTED_EDGE ( 'NONE', *, *, #4919, .T. ) ;
#1883 = DIRECTION ( 'NONE',  ( 0.000000000000000000, 0.000000000000000000, -1.000000000000000000 ) ) ;
#1884 = DIRECTION ( 'NONE',  ( 0.000000000000000000, 0.000000000000000000, 1.000000000000000000 ) ) ;
#1885 = VERTEX_POINT ( 'NONE', #1959 ) ;
#1886 = EDGE_LOOP ( 'NONE', ( #250, #5977, #3640, #5799, #4313 ) ) ;
#1887 = CARTESIAN_POINT ( 'NONE',  ( -22.50000000000000000, -6.100000000000005862, 2.000000000000000000 ) ) ;
#1888 = EDGE_CURVE ( 'NONE', #5039, #5125, #406, .T. ) ;
#1889 = FACE_OUTER_BOUND ( 'NONE', #6561, .T. ) ;
#1890 = EDGE_CURVE ( 'NONE', #5566, #4547, #3594, .T. ) ;
#1891 = CYLINDRICAL_SURFACE ( 'NONE', #4632, 1.249999999999997558 ) ;
#1892 = DIRECTION ( 'NONE',  ( -1.000000000000000000, 0.000000000000000000, 0.000000000000000000 ) ) ;
#1893 = DIRECTION ( 'NONE',  ( 1.000000000000000000, 0.000000000000000000, -0.000000000000000000 ) ) ;
#1894 = ORIENTED_EDGE ( 'NONE', *, *, #2627, .T. ) ;
#1895 = LINE ( 'NONE', #943, #6275 ) ;
#1896 = EDGE_CURVE ( 'NONE', #4983, #844, #6381, .T. ) ;
#1897 = VERTEX_POINT ( 'NONE', #1402 ) ;
#1898 = CARTESIAN_POINT ( 'NONE',  ( -15.50000000000000000, -1.599999999999997424, 0.000000000000000000 ) ) ;
#1899 = CARTESIAN_POINT ( 'NONE',  ( -21.50000000000000000, -3.600000000000003197, 6.000000000000000000 ) ) ;
#1900 = CARTESIAN_POINT ( 'NONE',  ( -21.50000000000000000, 0.000000000000000000, 0.000000000000000000 ) ) ;
#1901 = EDGE_LOOP ( 'NONE', ( #5153, #3189, #4103, #1764, #1792, #1589, #4612 ) ) ;
#1902 = EDGE_LOOP ( 'NONE', ( #3744, #2670, #4206, #2161 ) ) ;
#1903 = CARTESIAN_POINT ( 'NONE',  ( 44.85374360817894512, -23.50000000000000000, -0.5000000000000004441 ) ) ;
#1904 = CARTESIAN_POINT ( 'NONE',  ( 38.88460495814677387, -2.271529070723415256, 6.000000000000000000 ) ) ;
#1905 = DIRECTION ( 'NONE',  ( 1.000000000000000000, 0.000000000000000000, 0.000000000000000000 ) ) ;
#1906 = DIRECTION ( 'NONE',  ( -1.000000000000000000, 0.000000000000000000, 0.000000000000000000 ) ) ;
#1907 = ORIENTED_EDGE ( 'NONE', *, *, #6345, .F. ) ;
#1908 = FACE_OUTER_BOUND ( 'NONE', #3007, .T. ) ;
#1909 = AXIS2_PLACEMENT_3D ( 'NONE', #1928, #2520, #974 ) ;
#1910 = FACE_BOUND ( 'NONE', #6318, .T. ) ;
#1911 = EDGE_LOOP ( 'NONE', ( #2203, #6460, #4390, #3161 ) ) ;
#1912 = DIRECTION ( 'NONE',  ( 0.9808912264268110359, -0.1945569374730864998, 0.000000000000000000 ) ) ;
#1913 = DIRECTION ( 'NONE',  ( -0.000000000000000000, -0.000000000000000000, -1.000000000000000000 ) ) ;
#1914 = VECTOR ( 'NONE', #5968, 1000.000000000000000 ) ;
#1915 = ADVANCED_FACE ( 'NONE', ( #3534 ), #1465, .F. ) ;
#1916 = ORIENTED_EDGE ( 'NONE', *, *, #2570, .F. ) ;
#1917 = VERTEX_POINT ( 'NONE', #6156 ) ;
#1918 = AXIS2_PLACEMENT_3D ( 'NONE', #5380, #3254, #2727 ) ;
#1919 = CIRCLE ( 'NONE', #4384, 3.000000000000002665 ) ;
#1920 = CARTESIAN_POINT ( 'NONE',  ( 59.89558155308108667, -14.76559299485081667, 3.500000000000000000 ) ) ;
#1921 = CARTESIAN_POINT ( 'NONE',  ( -7.349999999999995204, -8.500000000000007105, 0.5000000000000000000 ) ) ;
#1922 = CIRCLE ( 'NONE', #4279, 2.000000000000000000 ) ;
#1923 = VECTOR ( 'NONE', #25, 1000.000000000000000 ) ;
#1924 = EDGE_CURVE ( 'NONE', #6444, #5105, #2556, .T. ) ;
#1925 = EDGE_CURVE ( 'NONE', #3251, #1118, #1352, .T. ) ;
#1926 = VECTOR ( 'NONE', #3464, 1000.000000000000000 ) ;
#1927 = CYLINDRICAL_SURFACE ( 'NONE', #2923, 1.250000000000000222 ) ;
#1928 = CARTESIAN_POINT ( 'NONE',  ( 59.89558155308108667, -14.76559299485081667, -55.82353258373179727 ) ) ;
#1929 = ADVANCED_FACE ( 'NONE', ( #1434 ), #898, .F. ) ;
#1930 = ORIENTED_EDGE ( 'NONE', *, *, #890, .F. ) ;
#1931 = CARTESIAN_POINT ( 'NONE',  ( 3.000000000000002665, -16.50000000000001066, 3.500000000000003109 ) ) ;
#1932 = CIRCLE ( 'NONE', #5289, 2.000000000000001776 ) ;
#1933 = ORIENTED_EDGE ( 'NONE', *, *, #5020, .F. ) ;
#1934 = CARTESIAN_POINT ( 'NONE',  ( -8.849999999999996092, -18.50000000000000355, 0.5000000000000000000 ) ) ;
#1935 = CARTESIAN_POINT ( 'NONE',  ( -12.50000000000000533, -18.50000000000000355, 14.05062109405231396 ) ) ;
#1936 = AXIS2_PLACEMENT_3D ( 'NONE', #1444, #2532, #3021 ) ;
#1937 = CARTESIAN_POINT ( 'NONE',  ( -10.49999999999999822, -3.599999999999995648, -1.700000000000000178 ) ) ;
#1938 = ORIENTED_EDGE ( 'NONE', *, *, #253, .F. ) ;
#1939 = ORIENTED_EDGE ( 'NONE', *, *, #767, .T. ) ;
#1940 = DIRECTION ( 'NONE',  ( 0.000000000000000000, 0.000000000000000000, -1.000000000000000000 ) ) ;
#1941 = CARTESIAN_POINT ( 'NONE',  ( 0.000000000000000000, 0.000000000000000000, 3.500000000000000000 ) ) ;
#1942 = VECTOR ( 'NONE', #4092, 1000.000000000000000 ) ;
#1943 = PLANE ( 'NONE',  #5410 ) ;
#1944 = FACE_OUTER_BOUND ( 'NONE', #5663, .T. ) ;
#1945 = ORIENTED_EDGE ( 'NONE', *, *, #4692, .T. ) ;
#1946 = LINE ( 'NONE', #5720, #4284 ) ;
#1947 = VECTOR ( 'NONE', #1088, 1000.000000000000000 ) ;
#1948 = LINE ( 'NONE', #4098, #3278 ) ;
#1949 = ORIENTED_EDGE ( 'NONE', *, *, #2485, .T. ) ;
#1950 = CARTESIAN_POINT ( 'NONE',  ( 44.85374360817895933, -24.50000000000000000, -0.5000000000000000000 ) ) ;
#1951 = VECTOR ( 'NONE', #1079, 1000.000000000000000 ) ;
#1952 = CARTESIAN_POINT ( 'NONE',  ( 86.31826857315519419, 1.500000000000005995, 0.000000000000000000 ) ) ;
#1953 = ORIENTED_EDGE ( 'NONE', *, *, #4893, .T. ) ;
#1954 = ORIENTED_EDGE ( 'NONE', *, *, #6439, .F. ) ;
#1955 = VECTOR ( 'NONE', #6816, 1000.000000000000114 ) ;
#1956 = FACE_OUTER_BOUND ( 'NONE', #533, .T. ) ;
#1957 = EDGE_CURVE ( 'NONE', #4305, #602, #4161, .T. ) ;
#1958 = DIRECTION ( 'NONE',  ( -0.000000000000000000, -0.000000000000000000, -1.000000000000000000 ) ) ;
#1959 = CARTESIAN_POINT ( 'NONE',  ( -7.349999999999995204, -14.50000000000000178, 0.5000000000000000000 ) ) ;
#1960 = CARTESIAN_POINT ( 'NONE',  ( 67.49851237746938182, -16.60908147058193052, 3.500000000000003109 ) ) ;
#1961 = EDGE_LOOP ( 'NONE', ( #3583, #5783, #1762, #1752 ) ) ;
#1962 = DIRECTION ( 'NONE',  ( -0.000000000000000000, -0.000000000000000000, -1.000000000000000000 ) ) ;
#1963 = EDGE_CURVE ( 'NONE', #3561, #1045, #336, .T. ) ;
#1964 = DIRECTION ( 'NONE',  ( 0.000000000000000000, 0.000000000000000000, -1.000000000000000000 ) ) ;
#1965 = CARTESIAN_POINT ( 'NONE',  ( 7.300451356145845949, -14.62753688062399071, -0.5000000000000004441 ) ) ;
#1966 = CARTESIAN_POINT ( 'NONE',  ( 70.00000000000000000, 0.000000000000000000, 3.499999999999999556 ) ) ;
#1967 = VERTEX_POINT ( 'NONE', #6295 ) ;
#1968 = EDGE_LOOP ( 'NONE', ( #5244, #5134, #6314, #4793, #1850, #3761 ) ) ;
#1969 = CARTESIAN_POINT ( 'NONE',  ( 80.00000000000001421, -19.50000000000000000, -0.5000000000000000000 ) ) ;
#1970 = ORIENTED_EDGE ( 'NONE', *, *, #5529, .F. ) ;
#1971 = DIRECTION ( 'NONE',  ( 1.000000000000000000, 0.000000000000000000, 0.000000000000000000 ) ) ;
#1972 = AXIS2_PLACEMENT_3D ( 'NONE', #5826, #2125, #4755 ) ;
#1973 = AXIS2_PLACEMENT_3D ( 'NONE', #5545, #1696, #3983 ) ;
#1974 = FACE_OUTER_BOUND ( 'NONE', #4903, .T. ) ;
#1975 = LINE ( 'NONE', #2572, #2216 ) ;
#1976 = DIRECTION ( 'NONE',  ( 0.000000000000000000, 0.000000000000000000, -1.000000000000000000 ) ) ;
#1977 = ORIENTED_EDGE ( 'NONE', *, *, #6456, .T. ) ;
#1978 = AXIS2_PLACEMENT_3D ( 'NONE', #3966, #3897, #1782 ) ;
#1979 = DIRECTION ( 'NONE',  ( 0.000000000000000000, 1.000000000000000000, -0.000000000000000000 ) ) ;
#1980 = DIRECTION ( 'NONE',  ( 0.000000000000000000, 1.000000000000000000, 0.000000000000000000 ) ) ;
#1981 = EDGE_LOOP ( 'NONE', ( #160, #893 ) ) ;
#1982 = CARTESIAN_POINT ( 'NONE',  ( 81.00000000000001421, -24.50000000000000000, 3.500000000000003109 ) ) ;
#1983 = VECTOR ( 'NONE', #257, 1000.000000000000000 ) ;
#1984 = CARTESIAN_POINT ( 'NONE',  ( 0.4452384833780895224, -20.74313696210445102, 2.153206081765456137 ) ) ;
#1985 = ORIENTED_EDGE ( 'NONE', *, *, #1447, .T. ) ;
#1986 = VERTEX_POINT ( 'NONE', #4655 ) ;
#1987 = VECTOR ( 'NONE', #955, 1000.000000000000000 ) ;
#1988 = DIRECTION ( 'NONE',  ( 0.000000000000000000, -0.000000000000000000, -1.000000000000000000 ) ) ;
#1989 = DIRECTION ( 'NONE',  ( 1.000000000000000000, -0.000000000000000000, -0.000000000000000000 ) ) ;
#1990 = DIRECTION ( 'NONE',  ( 0.000000000000000000, 0.000000000000000000, 1.000000000000000000 ) ) ;
#1991 = EDGE_CURVE ( 'NONE', #2205, #1659, #3712, .T. ) ;
#1992 = DIRECTION ( 'NONE',  ( -0.000000000000000000, -2.551063935260008765E-17, 1.000000000000000000 ) ) ;
#1993 = EDGE_LOOP ( 'NONE', ( #1109, #1643, #1717, #2174 ) ) ;
#1994 = DIRECTION ( 'NONE',  ( 1.000000000000000000, -3.469446951953614189E-15, 0.000000000000000000 ) ) ;
#1995 = ORIENTED_EDGE ( 'NONE', *, *, #681, .T. ) ;
#1996 = FACE_OUTER_BOUND ( 'NONE', #4440, .T. ) ;
#1997 = CARTESIAN_POINT ( 'NONE',  ( 33.24999999999992895, -21.50000000000000000, 2.750000000000000000 ) ) ;
#1998 = EDGE_CURVE ( 'NONE', #1303, #745, #5599, .T. ) ;
#1999 = CARTESIAN_POINT ( 'NONE',  ( -22.50000000000000000, -3.399999999999995914, 4.000000000000000000 ) ) ;
#2000 = VERTEX_POINT ( 'NONE', #3973 ) ;
#2001 = ORIENTED_EDGE ( 'NONE', *, *, #3312, .F. ) ;
#2002 = DIRECTION ( 'NONE',  ( -1.000000000000000000, 0.000000000000000000, 0.000000000000000000 ) ) ;
#2003 = CYLINDRICAL_SURFACE ( 'NONE', #5905, 2.000000000000001776 ) ;
#2004 = DIRECTION ( 'NONE',  ( -1.000000000000000000, 1.211399075402798040E-16, 0.000000000000000000 ) ) ;
#2005 = DIRECTION ( 'NONE',  ( 0.000000000000000000, -1.000000000000000000, 0.000000000000000000 ) ) ;
#2006 = EDGE_CURVE ( 'NONE', #3447, #6102, #5269, .T. ) ;
#2007 = EDGE_CURVE ( 'NONE', #4142, #837, #4600, .T. ) ;
#2008 = DIRECTION ( 'NONE',  ( -0.000000000000000000, -0.000000000000000000, -1.000000000000000000 ) ) ;
#2009 = ORIENTED_EDGE ( 'NONE', *, *, #6068, .F. ) ;
#2010 = CARTESIAN_POINT ( 'NONE',  ( 81.00000000000001421, -18.50000000000000000, 3.500000000000003109 ) ) ;
#2011 = EDGE_CURVE ( 'NONE', #1532, #6429, #3368, .T. ) ;
#2012 = CARTESIAN_POINT ( 'NONE',  ( 11.87561080813789793, -16.77851033387344870, -0.5000000000000004441 ) ) ;
#2013 = AXIS2_PLACEMENT_3D ( 'NONE', #1022, #4286, #453 ) ;
#2014 = PLANE ( 'NONE',  #6494 ) ;
#2015 = ORIENTED_EDGE ( 'NONE', *, *, #5765, .T. ) ;
#2016 = DIRECTION ( 'NONE',  ( 1.000000000000000000, 0.000000000000000000, 0.000000000000000000 ) ) ;
#2017 = CARTESIAN_POINT ( 'NONE',  ( -16.49999999999999645, -8.500000000000007105, -1.700000000000000400 ) ) ;
#2018 = EDGE_CURVE ( 'NONE', #2290, #6114, #5496, .T. ) ;
#2019 = ORIENTED_EDGE ( 'NONE', *, *, #3440, .F. ) ;
#2020 = EDGE_LOOP ( 'NONE', ( #6247, #5082, #3437, #4212 ) ) ;
#2021 = EDGE_CURVE ( 'NONE', #4542, #4702, #1227, .T. ) ;
#2022 = DIRECTION ( 'NONE',  ( 0.000000000000000000, 0.000000000000000000, -1.000000000000000000 ) ) ;
#2023 = AXIS2_PLACEMENT_3D ( 'NONE', #98, #6437, #3795 ) ;
#2024 = DIRECTION ( 'NONE',  ( 1.000000000000000000, 3.469446951953611033E-15, 0.000000000000000000 ) ) ;
#2025 = EDGE_CURVE ( 'NONE', #1412, #4702, #2384, .T. ) ;
#2026 = CIRCLE ( 'NONE', #2142, 1.250000000000001110 ) ;
#2027 = DIRECTION ( 'NONE',  ( 0.000000000000000000, 1.000000000000000000, 0.000000000000000000 ) ) ;
#2028 = DIRECTION ( 'NONE',  ( 1.000000000000000000, 0.000000000000000000, 0.000000000000000000 ) ) ;
#2029 = AXIS2_PLACEMENT_3D ( 'NONE', #3473, #4463, #5612 ) ;
#2030 = ORIENTED_EDGE ( 'NONE', *, *, #3997, .T. ) ;
#2031 = CARTESIAN_POINT ( 'NONE',  ( 18.12312319605659638, -12.48089122642681659, -0.4999999999999726885 ) ) ;
#2032 = ORIENTED_EDGE ( 'NONE', *, *, #4575, .F. ) ;
#2033 = AXIS2_PLACEMENT_3D ( 'NONE', #6605, #4509, #1849 ) ;
#2034 = LINE ( 'NONE', #3726, #3495 ) ;
#2035 = AXIS2_PLACEMENT_3D ( 'NONE', #5915, #1119, #5426 ) ;
#2036 = VECTOR ( 'NONE', #5424, 1000.000000000000000 ) ;
#2037 = PLANE ( 'NONE',  #3661 ) ;
#2038 = VECTOR ( 'NONE', #5478, 1000.000000000000000 ) ;
#2039 = CARTESIAN_POINT ( 'NONE',  ( 67.68732966102589899, -14.27148697336255623, -55.82353258373179727 ) ) ;
#2040 = VERTEX_POINT ( 'NONE', #4946 ) ;
#2041 = PRODUCT ( '\X2\5de64fa7677f\X0\-\X2\5e2687ba7eb9\X0\', '\X2\5de64fa7677f\X0\-\X2\5e2687ba7eb9\X0\', '', ( #1855 ) ) ;
#2042 = ORIENTED_EDGE ( 'NONE', *, *, #1998, .F. ) ;
#2043 = CARTESIAN_POINT ( 'NONE',  ( 36.49999999999993605, -20.50000000000000000, 2.750000000000000000 ) ) ;
#2044 = DIRECTION ( 'NONE',  ( -0.000000000000000000, -0.000000000000000000, -1.000000000000000000 ) ) ;
#2045 = EDGE_LOOP ( 'NONE', ( #1129, #1106, #6699, #6399, #2184, #4, #3090, #5548, #878 ) ) ;
#2046 = EDGE_CURVE ( 'NONE', #1258, #5961, #273, .T. ) ;
#2047 = CARTESIAN_POINT ( 'NONE',  ( -29.16666666666673180, -18.33333333333332504, -1.666666666666628771 ) ) ;
#2048 = AXIS2_PLACEMENT_3D ( 'NONE', #3549, #6770, #4019 ) ;
#2049 = FACE_OUTER_BOUND ( 'NONE', #2392, .T. ) ;
#2050 = CARTESIAN_POINT ( 'NONE',  ( 89.00000000000001421, -4.000000000000000000, -13.50925608610629602 ) ) ;
#2051 = ORIENTED_EDGE ( 'NONE', *, *, #3788, .F. ) ;
#2052 = LINE ( 'NONE', #6882, #3171 ) ;
#2053 = CARTESIAN_POINT ( 'NONE',  ( -27.50000000000000000, -3.399999999999995914, 4.000000000000000000 ) ) ;
#2054 = B_SPLINE_CURVE_WITH_KNOTS ( 'NONE', 3,
 ( #1117, #3259, #3754, #2136, #60, #6897 ),
 .UNSPECIFIED., .F., .F.,
 ( 4, 2, 4 ),
 ( 0.007626221495883945753, 0.007830027408286869411, 0.008033833320689791335 ),
 .UNSPECIFIED. ) ;
#2055 = LINE ( 'NONE', #2614, #4173 ) ;
#2056 = VERTEX_POINT ( 'NONE', #2910 ) ;
#2057 = ADVANCED_FACE ( 'NONE', ( #6124 ), #5595, .F. ) ;
#2058 = LINE ( 'NONE', #326, #495 ) ;
#2059 = LINE ( 'NONE', #861, #6569 ) ;
#2060 = CIRCLE ( 'NONE', #2730, 4.500000000000003553 ) ;
#2061 = EDGE_LOOP ( 'NONE', ( #770, #3360, #6626, #4875 ) ) ;
#2062 = ORIENTED_EDGE ( 'NONE', *, *, #3177, .F. ) ;
#2063 = CYLINDRICAL_SURFACE ( 'NONE', #2148, 1.000000000000000888 ) ;
#2064 = EDGE_LOOP ( 'NONE', ( #3548, #3717, #2222, #6492, #2001, #3050 ) ) ;
#2065 = EDGE_CURVE ( 'NONE', #1268, #6242, #788, .T. ) ;
#2066 = AXIS2_PLACEMENT_3D ( 'NONE', #64, #4381, #2806 ) ;
#2067 = CARTESIAN_POINT ( 'NONE',  ( 59.39410558132723850, -13.64664565419717945, 3.500000000000003109 ) ) ;
#2068 = VERTEX_POINT ( 'NONE', #6686 ) ;
#2069 = CIRCLE ( 'NONE', #4638, 3.000000000000000000 ) ;
#2070 = LINE ( 'NONE', #1467, #6716 ) ;
#2071 = ORIENTED_EDGE ( 'NONE', *, *, #2784, .F. ) ;
#2072 = CARTESIAN_POINT ( 'NONE',  ( -22.50000000000000000, -3.399999999999995914, -4.000000000000000000 ) ) ;
#2073 = ORIENTED_EDGE ( 'NONE', *, *, #553, .T. ) ;
#2074 = CARTESIAN_POINT ( 'NONE',  ( 40.61109605065644246, -3.281097546600489689, 6.000000000000000000 ) ) ;
#2075 = CARTESIAN_POINT ( 'NONE',  ( 93.50000000000001421, -2.399527641708707915, 6.000000000000000000 ) ) ;
#2076 = DIRECTION ( 'NONE',  ( 1.000000000000000000, 1.261617073437677999E-16, -0.000000000000000000 ) ) ;
#2077 = ORIENTED_EDGE ( 'NONE', *, *, #1605, .T. ) ;
#2078 = ORIENTED_EDGE ( 'NONE', *, *, #5851, .F. ) ;
#2079 = CARTESIAN_POINT ( 'NONE',  ( 1.412277660168312465, -24.50000000000000000, 91.99722379239923953 ) ) ;
#2080 = DIRECTION ( 'NONE',  ( -1.000000000000000000, 0.000000000000000000, -0.000000000000000000 ) ) ;
#2081 = ORIENTED_EDGE ( 'NONE', *, *, #1502, .T. ) ;
#2082 = CARTESIAN_POINT ( 'NONE',  ( 75.43259073292674088, -24.06539207077118547, 1.127894932078596035 ) ) ;
#2083 = DIRECTION ( 'NONE',  ( 1.000000000000000000, 0.000000000000000000, -0.000000000000000000 ) ) ;
#2084 = LINE ( 'NONE', #956, #5712 ) ;
#2085 = VERTEX_POINT ( 'NONE', #171 ) ;
#2086 = CARTESIAN_POINT ( 'NONE',  ( 29.08772233983155076, -21.33047371415606719, 3.499999999999999556 ) ) ;
#2087 = EDGE_CURVE ( 'NONE', #3894, #5458, #3460, .T. ) ;
#2088 = DIRECTION ( 'NONE',  ( -0.000000000000000000, 0.000000000000000000, 1.000000000000000000 ) ) ;
#2089 = CARTESIAN_POINT ( 'NONE',  ( -3.849999999999992539, -10.50000000000000711, -0.5000000000000000000 ) ) ;
#2090 = ORIENTED_EDGE ( 'NONE', *, *, #5350, .T. ) ;
#2091 = PLANE ( 'NONE',  #5867 ) ;
#2092 = CARTESIAN_POINT ( 'NONE',  ( 0.4779905520602491520, -20.64578413778462362, 3.134482107935272044 ) ) ;
#2093 = AXIS2_PLACEMENT_3D ( 'NONE', #6828, #1515, #3689 ) ;
#2094 = VERTEX_POINT ( 'NONE', #2314 ) ;
#2095 = ORIENTED_EDGE ( 'NONE', *, *, #2007, .F. ) ;
#2096 = EDGE_CURVE ( 'NONE', #2366, #2937, #6267, .T. ) ;
#2097 = CIRCLE ( 'NONE', #860, 1.000000000000000000 ) ;
#2098 = CARTESIAN_POINT ( 'NONE',  ( 11.87561080813789793, -16.77851033387344870, -55.82353258373179727 ) ) ;
#2099 = ORIENTED_EDGE ( 'NONE', *, *, #3306, .F. ) ;
#2100 = DIRECTION ( 'NONE',  ( 0.7071067811865549002, 0.000000000000000000, 0.7071067811865401342 ) ) ;
#2101 = EDGE_LOOP ( 'NONE', ( #6802, #6216, #2311, #1309 ) ) ;
#2102 = ORIENTED_EDGE ( 'NONE', *, *, #2228, .T. ) ;
#2103 = EDGE_CURVE ( 'NONE', #1286, #3764, #5536, .T. ) ;
#2104 = VECTOR ( 'NONE', #2539, 1000.000000000000000 ) ;
#2105 = EDGE_CURVE ( 'NONE', #3711, #90, #4266, .T. ) ;
#2106 = LINE ( 'NONE', #2664, #2248 ) ;
#2107 = ORIENTED_EDGE ( 'NONE', *, *, #1147, .T. ) ;
#2108 = FACE_OUTER_BOUND ( 'NONE', #871, .T. ) ;
#2109 = EDGE_CURVE ( 'NONE', #5161, #2269, #1298, .T. ) ;
#2110 = FACE_OUTER_BOUND ( 'NONE', #611, .T. ) ;
#2111 = EDGE_LOOP ( 'NONE', ( #2786, #5990, #5428, #1387 ) ) ;
#2112 = CARTESIAN_POINT ( 'NONE',  ( 33.40000000000000568, 0.000000000000000000, 0.000000000000000000 ) ) ;
#2113 = EDGE_CURVE ( 'NONE', #6534, #510, #2026, .T. ) ;
#2114 = LINE ( 'NONE', #5921, #2591 ) ;
#2115 = ORIENTED_EDGE ( 'NONE', *, *, #4145, .T. ) ;
#2116 = ORIENTED_EDGE ( 'NONE', *, *, #2659, .T. ) ;
#2117 = CYLINDRICAL_SURFACE ( 'NONE', #4292, 1.000000000000000888 ) ;
#2118 = CARTESIAN_POINT ( 'NONE',  ( 0.000000000000000000, 0.000000000000000000, 1.000000000000000000 ) ) ;
#2119 = ADVANCED_FACE ( 'NONE', ( #1889 ), #3432, .F. ) ;
#2120 = DIRECTION ( 'NONE',  ( -1.000000000000000000, 0.000000000000000000, 0.000000000000000000 ) ) ;
#2121 = FACE_OUTER_BOUND ( 'NONE', #2101, .T. ) ;
#2122 = DIRECTION ( 'NONE',  ( -1.000000000000000000, 0.000000000000000000, 0.000000000000000000 ) ) ;
#2123 = ORIENTED_EDGE ( 'NONE', *, *, #3327, .T. ) ;
#2124 = CARTESIAN_POINT ( 'NONE',  ( 88.36426365334267530, 3.694061104857531141, 6.001000000000000334 ) ) ;
#2125 = DIRECTION ( 'NONE',  ( -1.000000000000000000, 0.000000000000000000, 0.000000000000000000 ) ) ;
#2126 = PLANE ( 'NONE',  #4059 ) ;
#2127 = VERTEX_POINT ( 'NONE', #5568 ) ;
#2128 = CARTESIAN_POINT ( 'NONE',  ( 30.07755394338773769, -21.48308196877075815, 3.458044637341529004 ) ) ;
#2129 = DIRECTION ( 'NONE',  ( -1.000000000000000000, 0.000000000000000000, 0.000000000000000000 ) ) ;
#2130 = ORIENTED_EDGE ( 'NONE', *, *, #2219, .T. ) ;
#2131 = ORIENTED_EDGE ( 'NONE', *, *, #5434, .F. ) ;
#2132 = DIRECTION ( 'NONE',  ( -0.000000000000000000, -0.000000000000000000, 1.000000000000000000 ) ) ;
#2133 = PLANE ( 'NONE',  #374 ) ;
#2134 = ADVANCED_FACE ( 'NONE', ( #2283 ), #660, .F. ) ;
#2135 = VERTEX_POINT ( 'NONE', #3532 ) ;
#2136 = CARTESIAN_POINT ( 'NONE',  ( 75.05881157815537108, -22.60965866646427358, 3.369155047000509384 ) ) ;
#2137 = ORIENTED_EDGE ( 'NONE', *, *, #903, .F. ) ;
#2138 = DIRECTION ( 'NONE',  ( -0.000000000000000000, -0.000000000000000000, -1.000000000000000000 ) ) ;
#2139 = LINE ( 'NONE', #1724, #6056 ) ;
#2140 = VERTEX_POINT ( 'NONE', #6715 ) ;
#2141 = PLANE ( 'NONE',  #826 ) ;
#2142 = AXIS2_PLACEMENT_3D ( 'NONE', #6615, #6546, #134 ) ;
#2143 = EDGE_CURVE ( 'NONE', #4276, #5248, #6188, .T. ) ;
#2144 = VECTOR ( 'NONE', #5757, 1000.000000000000000 ) ;
#2145 = DIRECTION ( 'NONE',  ( 0.9808912264268110359, 0.1945569374730864720, 0.000000000000000000 ) ) ;
#2146 = EDGE_LOOP ( 'NONE', ( #6590, #1215, #3133, #3574 ) ) ;
#2147 = DIRECTION ( 'NONE',  ( -0.3243243243243237872, 0.9459459459459461650, 0.000000000000000000 ) ) ;
#2148 = AXIS2_PLACEMENT_3D ( 'NONE', #2098, #511, #1112 ) ;
#2149 = FACE_OUTER_BOUND ( 'NONE', #4214, .T. ) ;
#2150 = VECTOR ( 'NONE', #5433, 1000.000000000000000 ) ;
#2151 = CIRCLE ( 'NONE', #5060, 4.500000000000003553 ) ;
#2152 = CARTESIAN_POINT ( 'NONE',  ( -4.225534275865165057, -15.33333333333333393, 3.499999999999999556 ) ) ;
#2153 = VECTOR ( 'NONE', #2506, 1000.000000000000000 ) ;
#2154 = CARTESIAN_POINT ( 'NONE',  ( 78.68750000000001421, -10.50000000000000711, 3.500000000000000000 ) ) ;
#2155 = AXIS2_PLACEMENT_3D ( 'NONE', #5106, #6143, #4540 ) ;
#2156 = DIRECTION ( 'NONE',  ( -0.000000000000000000, -0.000000000000000000, -1.000000000000000000 ) ) ;
#2157 = EDGE_LOOP ( 'NONE', ( #654, #4827, #1225, #1397, #5591, #4836, #368, #1681, #1068, #6542, #2233 ) ) ;
#2158 = DIRECTION ( 'NONE',  ( 0.000000000000000000, 1.000000000000000000, 2.551063935260008765E-17 ) ) ;
#2159 = DIRECTION ( 'NONE',  ( 1.000000000000000000, -0.000000000000000000, -0.000000000000000000 ) ) ;
#2160 = SURFACE_SIDE_STYLE ('',( #3704 ) ) ;
#2161 = ORIENTED_EDGE ( 'NONE', *, *, #2493, .F. ) ;
#2162 = AXIS2_PLACEMENT_3D ( 'NONE', #3374, #4458, #4427 ) ;
#2163 = ADVANCED_FACE ( 'NONE', ( #1362 ), #6751, .T. ) ;
#2164 = DIRECTION ( 'NONE',  ( 0.000000000000000000, -0.000000000000000000, -1.000000000000000000 ) ) ;
#2165 = CARTESIAN_POINT ( 'NONE',  ( -12.50000000000000533, -18.50000000000000355, 2.000000000000000000 ) ) ;
#2166 = ORIENTED_EDGE ( 'NONE', *, *, #1083, .F. ) ;
#2167 = VERTEX_POINT ( 'NONE', #1399 ) ;
#2168 = CYLINDRICAL_SURFACE ( 'NONE', #5498, 1.000000000000000000 ) ;
#2169 = EDGE_CURVE ( 'NONE', #3580, #6227, #5939, .T. ) ;
#2170 = DIRECTION ( 'NONE',  ( 7.434529182757744162E-17, -1.000000000000000000, 0.000000000000000000 ) ) ;
#2171 = AXIS2_PLACEMENT_3D ( 'NONE', #6567, #1180, #3446 ) ;
#2172 = ORIENTED_EDGE ( 'NONE', *, *, #1814, .T. ) ;
#2173 = CARTESIAN_POINT ( 'NONE',  ( 33.24999999999992895, -19.50000000000000000, 2.750000000000000000 ) ) ;
#2174 = ORIENTED_EDGE ( 'NONE', *, *, #2668, .F. ) ;
#2175 = LINE ( 'NONE', #3867, #1027 ) ;
#2176 = AXIS2_PLACEMENT_3D ( 'NONE', #3265, #4281, #4948 ) ;
#2177 = EDGE_CURVE ( 'NONE', #3185, #6066, #4652, .T. ) ;
#2178 = LINE ( 'NONE', #4315, #1808 ) ;
#2179 = LINE ( 'NONE', #5359, #936 ) ;
#2180 = DIRECTION ( 'NONE',  ( 1.000000000000000000, 0.000000000000000000, 0.000000000000000000 ) ) ;
#2181 = ORIENTED_EDGE ( 'NONE', *, *, #1670, .F. ) ;
#2182 = DIRECTION ( 'NONE',  ( 0.000000000000000000, -1.000000000000000000, -0.000000000000000000 ) ) ;
#2183 = EDGE_CURVE ( 'NONE', #1719, #977, #867, .T. ) ;
#2184 = ORIENTED_EDGE ( 'NONE', *, *, #5398, .F. ) ;
#2185 = CARTESIAN_POINT ( 'NONE',  ( 75.60919669338622384, -23.50788259213854658, 0.8555309225170484311 ) ) ;
#2186 = CARTESIAN_POINT ( 'NONE',  ( 74.15384615384616041, 1.730769230769232614, 3.499999999999999556 ) ) ;
#2187 = CARTESIAN_POINT ( 'NONE',  ( 36.47799055206024832, -21.68833597454967688, 2.365517892064723071 ) ) ;
#2188 = ORIENTED_EDGE ( 'NONE', *, *, #6292, .F. ) ;
#2189 = DIRECTION ( 'NONE',  ( 0.000000000000000000, -0.000000000000000000, -1.000000000000000000 ) ) ;
#2190 = EDGE_CURVE ( 'NONE', #3222, #863, #633, .T. ) ;
#2191 = CARTESIAN_POINT ( 'NONE',  ( 75.01909820294729059, -22.59052552441420403, 2.398185307580717129 ) ) ;
#2192 = ADVANCED_FACE ( 'NONE', ( #1956 ), #303, .F. ) ;
#2193 = DIRECTION ( 'NONE',  ( 0.000000000000000000, 1.000000000000000000, -0.000000000000000000 ) ) ;
#2194 = CARTESIAN_POINT ( 'NONE',  ( 30.01374681443200743, -21.70819627670681129, 3.058267972562368708 ) ) ;
#2195 = CYLINDRICAL_SURFACE ( 'NONE', #5340, 4.500000000000003553 ) ;
#2196 = ORIENTED_EDGE ( 'NONE', *, *, #1128, .T. ) ;
#2197 = VERTEX_POINT ( 'NONE', #5118 ) ;
#2198 = ADVANCED_FACE ( 'NONE', ( #4583 ), #3605, .F. ) ;
#2199 = DIRECTION ( 'NONE',  ( 0.000000000000000000, 0.000000000000000000, -1.000000000000000000 ) ) ;
#2200 = DIRECTION ( 'NONE',  ( -0.000000000000000000, 0.000000000000000000, 1.000000000000000000 ) ) ;
#2201 = AXIS2_PLACEMENT_3D ( 'NONE', #2856, #6067, #3878 ) ;
#2202 = DIRECTION ( 'NONE',  ( -0.000000000000000000, -0.000000000000000000, -1.000000000000000000 ) ) ;
#2203 = ORIENTED_EDGE ( 'NONE', *, *, #105, .F. ) ;
#2204 = DIRECTION ( 'NONE',  ( 0.000000000000000000, 1.000000000000000000, 0.000000000000000000 ) ) ;
#2205 = VERTEX_POINT ( 'NONE', #6291 ) ;
#2206 = VECTOR ( 'NONE', #2652, 1000.000000000000000 ) ;
#2207 = CARTESIAN_POINT ( 'NONE',  ( 0.4779905520602475422, -23.85786226039359903, 2.365517892064702643 ) ) ;
#2208 = CARTESIAN_POINT ( 'NONE',  ( 17.92856625858350839, -10.50000000000000711, 3.500000000000031086 ) ) ;
#2209 = DIRECTION ( 'NONE',  ( 0.000000000000000000, 0.000000000000000000, -1.000000000000000000 ) ) ;
#2211 = EDGE_CURVE ( 'NONE', #6682, #2632, #2481, .T. ) ;
#2210 = VECTOR ( 'NONE', #1236, 1000.000000000000000 ) ;
#2212 = CIRCLE ( 'NONE', #3110, 4.000000000000003553 ) ;
#2213 = LINE ( 'NONE', #6905, #1138 ) ;
#2214 = VERTEX_POINT ( 'NONE', #969 ) ;
#2215 = CARTESIAN_POINT ( 'NONE',  ( -3.849999999999992539, -18.25000000000000355, 3.500000000000003109 ) ) ;
#2216 = VECTOR ( 'NONE', #2466, 1000.000000000000000 ) ;
#2217 = EDGE_LOOP ( 'NONE', ( #651, #135, #3439, #4778 ) ) ;
#2218 = CARTESIAN_POINT ( 'NONE',  ( 75.48355640101884489, -23.01623975214726059, 1.042951893212079151 ) ) ;
#2219 = EDGE_CURVE ( 'NONE', #2626, #474, #6151, .T. ) ;
#2220 = LINE ( 'NONE', #2154, #755 ) ;
#2221 = CARTESIAN_POINT ( 'NONE',  ( 36.44529822247567807, -21.59125456056699122, 2.153501500399451984 ) ) ;
#2222 = ORIENTED_EDGE ( 'NONE', *, *, #4997, .T. ) ;
#2223 = DIRECTION ( 'NONE',  ( 1.000000000000000000, -1.734723475976805517E-15, 0.000000000000000000 ) ) ;
#2224 = CARTESIAN_POINT ( 'NONE',  ( 48.37687680394342493, -12.48089122642681659, 3.500000000000003109 ) ) ;
#2225 = LINE ( 'NONE', #6726, #3843 ) ;
#2226 = CARTESIAN_POINT ( 'NONE',  ( -0.7112576415576521427, -12.25223645768012837, 3.500000000000000000 ) ) ;
#2227 = ORIENTED_EDGE ( 'NONE', *, *, #6661, .T. ) ;
#2228 = EDGE_CURVE ( 'NONE', #509, #5075, #6820, .T. ) ;
#2229 = ADVANCED_FACE ( 'NONE', ( #935 ), #3079, .F. ) ;
#2230 = CARTESIAN_POINT ( 'NONE',  ( 0.5385889543109364519, -13.34699260004677690, 3.500000000000000000 ) ) ;
#2231 = ORIENTED_EDGE ( 'NONE', *, *, #2692, .F. ) ;
#2232 = EDGE_CURVE ( 'NONE', #5201, #1864, #5714, .T. ) ;
#2233 = ORIENTED_EDGE ( 'NONE', *, *, #1579, .T. ) ;
#2234 = FACE_OUTER_BOUND ( 'NONE', #382, .T. ) ;
#2235 = ORIENTED_EDGE ( 'NONE', *, *, #2625, .T. ) ;
#2236 = DIRECTION ( 'NONE',  ( -1.000000000000000000, 0.000000000000000000, 0.000000000000000000 ) ) ;
#2237 = EDGE_CURVE ( 'NONE', #3128, #2214, #3949, .T. ) ;
#2238 = PLANE ( 'NONE',  #1535 ) ;
#2239 = ORIENTED_EDGE ( 'NONE', *, *, #6714, .T. ) ;
#2240 = EDGE_LOOP ( 'NONE', ( #4840, #690, #1189, #4457 ) ) ;
#2241 = LINE ( 'NONE', #5387, #4595 ) ;
#2242 = ORIENTED_EDGE ( 'NONE', *, *, #6439, .T. ) ;
#2243 = CARTESIAN_POINT ( 'NONE',  ( -15.50000000000000000, -3.599999999999995204, -11.89803902718557005 ) ) ;
#2244 = CARTESIAN_POINT ( 'NONE',  ( 70.00000000000000000, 4.500000000000002665, 0.000000000000000000 ) ) ;
#2245 = ORIENTED_EDGE ( 'NONE', *, *, #1104, .F. ) ;
#2246 = LINE ( 'NONE', #556, #5196 ) ;
#2247 = ADVANCED_FACE ( 'NONE', ( #2585 ), #3499, .F. ) ;
#2248 = VECTOR ( 'NONE', #4342, 1000.000000000000227 ) ;
#2249 = CARTESIAN_POINT ( 'NONE',  ( 34.25000000000000711, -12.93565627928923156, 3.500000000000003109 ) ) ;
#2250 = EDGE_LOOP ( 'NONE', ( #4964, #2542, #4405, #4062 ) ) ;
#2251 = LINE ( 'NONE', #4851, #5386 ) ;
#2252 = VERTEX_POINT ( 'NONE', #6463 ) ;
#2253 = AXIS2_PLACEMENT_3D ( 'NONE', #3210, #532, #3768 ) ;
#2254 = CARTESIAN_POINT ( 'NONE',  ( 75.43857649233575557, -22.94532054344572813, 1.116872677108167178 ) ) ;
#2255 = CARTESIAN_POINT ( 'NONE',  ( 48.57143374141650582, -11.50000000000000711, -0.5000000000000004441 ) ) ;
#2256 = CIRCLE ( 'NONE', #6840, 1.249999999999997558 ) ;
#2257 = FACE_OUTER_BOUND ( 'NONE', #3822, .T. ) ;
#2258 = VERTEX_POINT ( 'NONE', #1002 ) ;
#2259 = CARTESIAN_POINT ( 'NONE',  ( 78.24999999999992895, -26.50000000000000000, 2.750000000000000000 ) ) ;
#2260 = AXIS2_PLACEMENT_3D ( 'NONE', #5781, #982, #4218 ) ;
#2261 = DIRECTION ( 'NONE',  ( -1.000000000000000000, 0.000000000000000000, 0.000000000000000000 ) ) ;
#2262 = EDGE_CURVE ( 'NONE', #1333, #4672, #580, .T. ) ;
#2263 = LINE ( 'NONE', #3469, #6729 ) ;
#2264 = AXIS2_PLACEMENT_3D ( 'NONE', #6261, #2490, #4740 ) ;
#2265 = FACE_OUTER_BOUND ( 'NONE', #1700, .T. ) ;
#2266 = AXIS2_PLACEMENT_3D ( 'NONE', #2391, #1371, #1832 ) ;
#2267 = CARTESIAN_POINT ( 'NONE',  ( 74.60333844267950099, -23.50000000000000000, 3.500000000000003109 ) ) ;
#2268 = ORIENTED_EDGE ( 'NONE', *, *, #3871, .T. ) ;
#2269 = VERTEX_POINT ( 'NONE', #477 ) ;
#2270 = CIRCLE ( 'NONE', #467, 1.250000000000000444 ) ;
#2271 = VECTOR ( 'NONE', #3590, 1000.000000000000000 ) ;
#2272 = EDGE_CURVE ( 'NONE', #5012, #219, #544, .T. ) ;
#2273 = DIRECTION ( 'NONE',  ( -0.000000000000000000, -0.000000000000000000, 1.000000000000000000 ) ) ;
#2274 = ORIENTED_EDGE ( 'NONE', *, *, #6630, .T. ) ;
#2275 = FACE_OUTER_BOUND ( 'NONE', #3864, .T. ) ;
#2276 = DIRECTION ( 'NONE',  ( 0.000000000000000000, -1.000000000000000000, 0.000000000000000000 ) ) ;
#2277 = CIRCLE ( 'NONE', #3737, 1.600000000000004086 ) ;
#2278 = VERTEX_POINT ( 'NONE', #6926 ) ;
#2279 = ORIENTED_EDGE ( 'NONE', *, *, #6807, .T. ) ;
#2280 = LINE ( 'NONE', #2801, #2938 ) ;
#2281 = ORIENTED_EDGE ( 'NONE', *, *, #2018, .F. ) ;
#2282 = CARTESIAN_POINT ( 'NONE',  ( 0.4224881418587102533, -23.65279609018243079, 3.457835387832446816 ) ) ;
#2283 = FACE_OUTER_BOUND ( 'NONE', #2578, .T. ) ;
#2284 = VERTEX_POINT ( 'NONE', #2690 ) ;
#2285 = PLANE ( 'NONE',  #4979 ) ;
#2286 = AXIS2_PLACEMENT_3D ( 'NONE', #1875, #1484, #5685 ) ;
#2287 = CARTESIAN_POINT ( 'NONE',  ( 75.07037558674306865, -19.62498637189662176, 2.074778192754691553 ) ) ;
#2288 = ORIENTED_EDGE ( 'NONE', *, *, #6604, .T. ) ;
#2289 = CARTESIAN_POINT ( 'NONE',  ( 79.19607361829122283, -24.50000000000000000, -55.82353258373179727 ) ) ;
#2290 = VERTEX_POINT ( 'NONE', #3750 ) ;
#2291 = DIRECTION ( 'NONE',  ( -0.000000000000000000, -0.000000000000000000, -1.000000000000000000 ) ) ;
#2292 = CARTESIAN_POINT ( 'NONE',  ( 0.000000000000000000, -19.50000000000000000, -0.5000000000000004441 ) ) ;
#2293 = CARTESIAN_POINT ( 'NONE',  ( 36.42244605661212375, -21.48308196877079013, 2.041955362658477657 ) ) ;
#2294 = ORIENTED_EDGE ( 'NONE', *, *, #5732, .T. ) ;
#2295 = CARTESIAN_POINT ( 'NONE',  ( 67.48986343215159422, -16.78458705659207695, 91.99722379239923953 ) ) ;
#2296 = CIRCLE ( 'NONE', #716, 1.600000000000004086 ) ;
#2297 = EDGE_CURVE ( 'NONE', #6640, #1429, #2256, .T. ) ;
#2298 = DIRECTION ( 'NONE',  ( 0.000000000000000000, 0.000000000000000000, 1.000000000000000000 ) ) ;
#2299 = LINE ( 'NONE', #4894, #806 ) ;
#2300 = DIRECTION ( 'NONE',  ( 0.000000000000000000, 0.000000000000000000, 1.000000000000000000 ) ) ;
#2301 = FACE_OUTER_BOUND ( 'NONE', #2853, .T. ) ;
#2302 = EDGE_CURVE ( 'NONE', #4117, #1469, #1077, .T. ) ;
#2303 = ORIENTED_EDGE ( 'NONE', *, *, #997, .F. ) ;
#2304 = ORIENTED_EDGE ( 'NONE', *, *, #4074, .F. ) ;
#2305 = LINE ( 'NONE', #121, #2707 ) ;
#2306 = ORIENTED_EDGE ( 'NONE', *, *, #4241, .F. ) ;
#2307 = LINE ( 'NONE', #5043, #4987 ) ;
#2308 = FACE_OUTER_BOUND ( 'NONE', #2771, .T. ) ;
#2309 = EDGE_CURVE ( 'NONE', #2337, #6444, #683, .T. ) ;
#2310 = VERTEX_POINT ( 'NONE', #5320 ) ;
#2311 = ORIENTED_EDGE ( 'NONE', *, *, #5363, .T. ) ;
#2312 = ORIENTED_EDGE ( 'NONE', *, *, #4516, .T. ) ;
#2313 = DIRECTION ( 'NONE',  ( -0.000000000000000000, -0.000000000000000000, 1.000000000000000000 ) ) ;
#2314 = CARTESIAN_POINT ( 'NONE',  ( -1.052364393954625443, -11.50000000000000711, -0.5000000000000004441 ) ) ;
#2315 = DIRECTION ( 'NONE',  ( -0.000000000000000000, -0.000000000000000000, -1.000000000000000000 ) ) ;
#2316 = ADVANCED_FACE ( 'NONE', ( #18 ), #2063, .F. ) ;
#2317 = VECTOR ( 'NONE', #2607, 1000.000000000000000 ) ;
#2318 = CARTESIAN_POINT ( 'NONE',  ( 35.00000000000000000, 0.000000000000000000, 0.000000000000000000 ) ) ;
#2319 = ADVANCED_FACE ( 'NONE', ( #3676 ), #2168, .F. ) ;
#2320 = ORIENTED_EDGE ( 'NONE', *, *, #548, .T. ) ;
#2321 = DIRECTION ( 'NONE',  ( 0.000000000000000000, -1.000000000000000000, -2.551063935260008765E-17 ) ) ;
#2322 = ORIENTED_EDGE ( 'NONE', *, *, #1890, .F. ) ;
#2323 = AXIS2_PLACEMENT_3D ( 'NONE', #2411, #6147, #2905 ) ;
#2324 = DIRECTION ( 'NONE',  ( -0.9667633338930341491, 0.2556729478064223016, 0.000000000000000000 ) ) ;
#2325 = EDGE_CURVE ( 'NONE', #1823, #2252, #5605, .T. ) ;
#2326 = FACE_OUTER_BOUND ( 'NONE', #1645, .T. ) ;
#2327 = DIRECTION ( 'NONE',  ( 0.000000000000000000, -0.000000000000000000, -1.000000000000000000 ) ) ;
#2328 = VERTEX_POINT ( 'NONE', #5873 ) ;
#2329 = CARTESIAN_POINT ( 'NONE',  ( 31.25000000000000711, -18.50000000000000000, -55.82353258373179727 ) ) ;
#2330 = AXIS2_PLACEMENT_3D ( 'NONE', #5137, #6238, #5756 ) ;
#2331 = FACE_OUTER_BOUND ( 'NONE', #3356, .T. ) ;
#2332 = CYLINDRICAL_SURFACE ( 'NONE', #1835, 1.000000000000000000 ) ;
#2333 = CARTESIAN_POINT ( 'NONE',  ( 81.00000000000001421, -18.50000000000000000, 3.500000000000003109 ) ) ;
#2334 = VERTEX_POINT ( 'NONE', #4209 ) ;
#2335 = ORIENTED_EDGE ( 'NONE', *, *, #3023, .T. ) ;
#2336 = DIRECTION ( 'NONE',  ( 0.000000000000000000, 1.000000000000000000, 0.000000000000000000 ) ) ;
#2337 = VERTEX_POINT ( 'NONE', #1571 ) ;
#2338 = CARTESIAN_POINT ( 'NONE',  ( 27.63182519208453414, -1.599999999999998979, 6.000000000000000000 ) ) ;
#2339 = PLANE ( 'NONE',  #1978 ) ;
#2340 = EDGE_LOOP ( 'NONE', ( #2245, #3710, #2869, #6395 ) ) ;
#2341 = ORIENTED_EDGE ( 'NONE', *, *, #3524, .T. ) ;
#2342 = VERTEX_POINT ( 'NONE', #5800 ) ;
#2343 = LINE ( 'NONE', #3071, #6733 ) ;
#2344 = VERTEX_POINT ( 'NONE', #3151 ) ;
#2345 = CARTESIAN_POINT ( 'NONE',  ( 89.00000000000001421, 1.000000000000001332, -13.50925608610629602 ) ) ;
#2346 = ADVANCED_FACE ( 'NONE', ( #5839 ), #2622, .F. ) ;
#2347 = DIRECTION ( 'NONE',  ( -0.000000000000000000, -0.000000000000000000, -1.000000000000000000 ) ) ;
#2348 = CARTESIAN_POINT ( 'NONE',  ( -26.00000000000001421, -21.50000000000000000, 2.000000000000000000 ) ) ;
#2349 = ORIENTED_EDGE ( 'NONE', *, *, #5773, .F. ) ;
#2350 = FACE_OUTER_BOUND ( 'NONE', #3919, .T. ) ;
#2351 = VERTEX_POINT ( 'NONE', #1644 ) ;
#2352 = EDGE_CURVE ( 'NONE', #1878, #408, #1587, .T. ) ;
#2353 = EDGE_CURVE ( 'NONE', #2716, #4569, #1042, .T. ) ;
#2354 = CARTESIAN_POINT ( 'NONE',  ( 74.50000000000001421, 0.000000000000000000, 6.000000000000000000 ) ) ;
#2355 = LINE ( 'NONE', #1837, #4051 ) ;
#2356 = DIRECTION ( 'NONE',  ( -0.000000000000000000, -2.551063935260008765E-17, 1.000000000000000000 ) ) ;
#2357 = VERTEX_POINT ( 'NONE', #1611 ) ;
#2358 = DIRECTION ( 'NONE',  ( 0.9808912264268110359, 0.1945569374730865830, 0.000000000000000000 ) ) ;
#2359 = CARTESIAN_POINT ( 'NONE',  ( 62.63182519208449150, -1.600000000000004086, 6.000000000000000000 ) ) ;
#2360 = EDGE_CURVE ( 'NONE', #1261, #4426, #4950, .T. ) ;
#2361 = CARTESIAN_POINT ( 'NONE',  ( 0.000000000000000000, -19.50000000000000000, -0.5000000000000004441 ) ) ;
#2362 = AXIS2_PLACEMENT_3D ( 'NONE', #4138, #3503, #3082 ) ;
#2363 = DIRECTION ( 'NONE',  ( -0.000000000000000000, 1.000000000000000000, -0.000000000000000000 ) ) ;
#2364 = VECTOR ( 'NONE', #5439, 1000.000000000000000 ) ;
#2365 = ORIENTED_EDGE ( 'NONE', *, *, #6841, .T. ) ;
#2366 = VERTEX_POINT ( 'NONE', #4868 ) ;
#2367 = AXIS2_PLACEMENT_3D ( 'NONE', #2836, #3893, #5557 ) ;
#2368 = VECTOR ( 'NONE', #6098, 1000.000000000000000 ) ;
#2369 = CARTESIAN_POINT ( 'NONE',  ( 0.4122776601683184050, 0.000000000000000000, -0.5000000000000004441 ) ) ;
#2370 = VERTEX_POINT ( 'NONE', #56 ) ;
#2371 = AXIS2_PLACEMENT_3D ( 'NONE', #6697, #3411, #6631 ) ;
#2372 = LINE ( 'NONE', #162, #604 ) ;
#2373 = CYLINDRICAL_SURFACE ( 'NONE', #4332, 1.000000000000000888 ) ;
#2374 = AXIS2_PLACEMENT_3D ( 'NONE', #6487, #1013, #6335 ) ;
#2375 = ORIENTED_EDGE ( 'NONE', *, *, #5135, .F. ) ;
#2376 = VECTOR ( 'NONE', #4024, 1000.000000000000000 ) ;
#2377 = VERTEX_POINT ( 'NONE', #612 ) ;
#2378 = CARTESIAN_POINT ( 'NONE',  ( 35.00000000000000000, 0.000000000000000000, 3.000000000000000000 ) ) ;
#2379 = VERTEX_POINT ( 'NONE', #5940 ) ;
#2380 = DIRECTION ( 'NONE',  ( -0.000000000000000000, 0.000000000000000000, 1.000000000000000000 ) ) ;
#2381 = EDGE_CURVE ( 'NONE', #666, #2615, #10, .T. ) ;
#2382 = ORIENTED_EDGE ( 'NONE', *, *, #6620, .F. ) ;
#2383 = ORIENTED_EDGE ( 'NONE', *, *, #4561, .F. ) ;
#2384 = LINE ( 'NONE', #4006, #3266 ) ;
#2385 = DIRECTION ( 'NONE',  ( 1.000000000000000000, 0.000000000000000000, 0.000000000000000000 ) ) ;
#2386 = AXIS2_PLACEMENT_3D ( 'NONE', #4996, #4494, #3807 ) ;
#2387 = EDGE_CURVE ( 'NONE', #2693, #3620, #4902, .T. ) ;
#2388 = DIRECTION ( 'NONE',  ( 0.000000000000000000, 0.000000000000000000, 1.000000000000000000 ) ) ;
#2389 = ORIENTED_EDGE ( 'NONE', *, *, #6166, .F. ) ;
#2390 = CIRCLE ( 'NONE', #1472, 1.000000000000000888 ) ;
#2391 = CARTESIAN_POINT ( 'NONE',  ( 6.918920261059859911, -19.60516730426149579, 91.99722379239923953 ) ) ;
#2392 = EDGE_LOOP ( 'NONE', ( #2172, #894, #6660, #4915 ) ) ;
#2393 = CARTESIAN_POINT ( 'NONE',  ( -4.500000000000000000, -1.599999999999995870, 3.500000000000003109 ) ) ;
#2394 = VECTOR ( 'NONE', #1131, 1000.000000000000000 ) ;
#2395 = ADVANCED_FACE ( 'NONE', ( #6014 ), #4976, .F. ) ;
#2396 = DIRECTION ( 'NONE',  ( 1.000000000000000000, 0.000000000000000000, -0.000000000000000000 ) ) ;
#2397 = EDGE_LOOP ( 'NONE', ( #6019, #3111, #469, #1970, #2859, #911, #5392, #6331, #4459, #268 ) ) ;
#2398 = LINE ( 'NONE', #5579, #248 ) ;
#2399 = DIRECTION ( 'NONE',  ( -0.000000000000000000, -1.000000000000000000, -0.000000000000000000 ) ) ;
#2400 = AXIS2_PLACEMENT_3D ( 'NONE', #2067, #5697, #334 ) ;
#2401 = CARTESIAN_POINT ( 'NONE',  ( 81.00000000000001421, -11.29285714285714803, 3.500000000000000000 ) ) ;
#2402 = CARTESIAN_POINT ( 'NONE',  ( 4.468929208867482572, -2.304226675533800339, 3.500000000000000000 ) ) ;
#2403 = EDGE_CURVE ( 'NONE', #4532, #3216, #1252, .T. ) ;
#2404 = CIRCLE ( 'NONE', #6756, 1.000000000000000000 ) ;
#2405 = ORIENTED_EDGE ( 'NONE', *, *, #3023, .F. ) ;
#2406 = DIRECTION ( 'NONE',  ( -0.000000000000000000, -0.000000000000000000, -1.000000000000000000 ) ) ;
#2407 = EDGE_CURVE ( 'NONE', #1219, #2040, #1218, .T. ) ;
#2408 = DIRECTION ( 'NONE',  ( -1.000000000000000000, 0.000000000000000000, 0.000000000000000000 ) ) ;
#2409 = EDGE_LOOP ( 'NONE', ( #4907, #2887, #3748, #2583 ) ) ;
#2410 = FACE_OUTER_BOUND ( 'NONE', #2805, .T. ) ;
#2411 = CARTESIAN_POINT ( 'NONE',  ( 0.6297768039043050159, -12.09749593973045911, 91.99722379239923953 ) ) ;
#2412 = EDGE_CURVE ( 'NONE', #863, #6555, #6646, .T. ) ;
#2413 = ORIENTED_EDGE ( 'NONE', *, *, #2620, .F. ) ;
#2414 = ORIENTED_EDGE ( 'NONE', *, *, #3493, .T. ) ;
#2415 = EDGE_CURVE ( 'NONE', #4696, #646, #6082, .T. ) ;
#2416 = LINE ( 'NONE', #4549, #5436 ) ;
#2417 = CARTESIAN_POINT ( 'NONE',  ( 32.25000000000000711, -11.71782813964461845, -0.5000000000000004441 ) ) ;
#2418 = LINE ( 'NONE', #235, #2505 ) ;
#2419 = DIRECTION ( 'NONE',  ( 0.000000000000000000, 0.000000000000000000, 1.000000000000000000 ) ) ;
#2420 = CARTESIAN_POINT ( 'NONE',  ( 75.03702674520607729, -19.74297255353428682, 3.243995459393901104 ) ) ;
#2421 = AXIS2_PLACEMENT_3D ( 'NONE', #2012, #4158, #3634 ) ;
#2422 = VERTEX_POINT ( 'NONE', #650 ) ;
#2423 = CARTESIAN_POINT ( 'NONE',  ( -0.7112576415576520317, -12.25223645768012837, 3.500000000000003109 ) ) ;
#2424 = ORIENTED_EDGE ( 'NONE', *, *, #5324, .T. ) ;
#2425 = DIRECTION ( 'NONE',  ( -0.7522364576801210401, 0.6588932476030266994, -0.000000000000000000 ) ) ;
#2426 = DIRECTION ( 'NONE',  ( 0.000000000000000000, 0.000000000000000000, 1.000000000000000000 ) ) ;
#2427 = AXIS2_PLACEMENT_3D ( 'NONE', #4562, #2491, #3576 ) ;
#2428 = LINE ( 'NONE', #1308, #3954 ) ;
#2429 = VERTEX_POINT ( 'NONE', #3929 ) ;
#2430 = ORIENTED_EDGE ( 'NONE', *, *, #6250, .T. ) ;
#2431 = LINE ( 'NONE', #5708, #1378 ) ;
#2432 = LINE ( 'NONE', #4121, #1099 ) ;
#2433 = AXIS2_PLACEMENT_3D ( 'NONE', #4446, #6051, #4000 ) ;
#2434 = EDGE_CURVE ( 'NONE', #3221, #5803, #1287, .T. ) ;
#2435 = CARTESIAN_POINT ( 'NONE',  ( -1.683748498798798732, -17.25000000000000000, -0.5000000000000000000 ) ) ;
#2436 = CYLINDRICAL_SURFACE ( 'NONE', #2663, 1.250000000000001110 ) ;
#2437 = VECTOR ( 'NONE', #4054, 1000.000000000000000 ) ;
#2438 = ORIENTED_EDGE ( 'NONE', *, *, #4758, .F. ) ;
#2439 = DIRECTION ( 'NONE',  ( -0.000000000000000000, -0.000000000000000000, 1.000000000000000000 ) ) ;
#2440 = DIRECTION ( 'NONE',  ( -1.000000000000000000, 0.000000000000000000, 0.000000000000000000 ) ) ;
#2441 = ORIENTED_EDGE ( 'NONE', *, *, #4495, .T. ) ;
#2442 = ADVANCED_FACE ( 'NONE', ( #684 ), #1747, .F. ) ;
#2443 = ADVANCED_FACE ( 'NONE', ( #2795 ), #4408, .F. ) ;
#2444 = CARTESIAN_POINT ( 'NONE',  ( 29.38890394934356110, -3.281097546600488801, 0.9999999999999997780 ) ) ;
#2445 = CARTESIAN_POINT ( 'NONE',  ( 78.24999999999992895, -21.50000000000000000, 2.750000000000000000 ) ) ;
#2446 = ADVANCED_FACE ( 'NONE', ( #2234 ), #4471, .T. ) ;
#2447 = ORIENTED_EDGE ( 'NONE', *, *, #4496, .F. ) ;
#2448 = ORIENTED_EDGE ( 'NONE', *, *, #6928, .T. ) ;
#2449 = CARTESIAN_POINT ( 'NONE',  ( 0.000000000000000000, 0.000000000000000000, 3.500000000000000000 ) ) ;
#2450 = EDGE_CURVE ( 'NONE', #1809, #510, #2305, .T. ) ;
#2451 = FACE_OUTER_BOUND ( 'NONE', #6504, .T. ) ;
#2452 = DIRECTION ( 'NONE',  ( 1.000000000000000000, 0.000000000000000000, 0.000000000000000000 ) ) ;
#2453 = DIRECTION ( 'NONE',  ( -0.7071067811865489050, 0.7071067811865461294, 0.000000000000000000 ) ) ;
#2454 = ORIENTED_EDGE ( 'NONE', *, *, #2904, .F. ) ;
#2455 = CARTESIAN_POINT ( 'NONE',  ( 59.58107973894016141, -19.60516730426150289, 91.99722379239923953 ) ) ;
#2456 = ORIENTED_EDGE ( 'NONE', *, *, #2739, .F. ) ;
#2457 = EDGE_CURVE ( 'NONE', #595, #1228, #5383, .T. ) ;
#2458 = CARTESIAN_POINT ( 'NONE',  ( -16.50000000000001066, -7.500000000000016875, -0.4999999999999987232 ) ) ;
#2459 = DIRECTION ( 'NONE',  ( -0.000000000000000000, -0.000000000000000000, -1.000000000000000000 ) ) ;
#2460 = DIRECTION ( 'NONE',  ( 0.000000000000000000, -1.084202172485504311E-16, -1.000000000000000000 ) ) ;
#2461 = ORIENTED_EDGE ( 'NONE', *, *, #6458, .F. ) ;
#2462 = EDGE_LOOP ( 'NONE', ( #6089, #3978, #2102, #213 ) ) ;
#2463 = DIRECTION ( 'NONE',  ( -0.9667633338930343712, -0.2556729478064219685, 0.000000000000000000 ) ) ;
#2464 = CARTESIAN_POINT ( 'NONE',  ( 67.49851237746938182, -16.60908147058193052, -0.5000000000000000000 ) ) ;
#2465 = CARTESIAN_POINT ( 'NONE',  ( -15.50000000000000000, -8.500000000000007105, -0.5000000000000000000 ) ) ;
#2466 = DIRECTION ( 'NONE',  ( 0.000000000000000000, 0.000000000000000000, 1.000000000000000000 ) ) ;
#2467 = VERTEX_POINT ( 'NONE', #4441 ) ;
#2468 = LINE ( 'NONE', #1879, #5395 ) ;
#2469 = CIRCLE ( 'NONE', #3709, 1.000000000000000888 ) ;
#2470 = EDGE_CURVE ( 'NONE', #5874, #5956, #5522, .T. ) ;
#2471 = CARTESIAN_POINT ( 'NONE',  ( 74.60333844267950099, -24.50000000000000000, -0.5000000000000143219 ) ) ;
#2472 = ORIENTED_EDGE ( 'NONE', *, *, #6345, .T. ) ;
#2473 = AXIS2_PLACEMENT_3D ( 'NONE', #3735, #5771, #3646 ) ;
#2474 = CARTESIAN_POINT ( 'NONE',  ( -21.50000000000000000, -1.599999999999994760, 3.500000000000000000 ) ) ;
#2475 = LINE ( 'NONE', #4614, #968 ) ;
#2476 = AXIS2_PLACEMENT_3D ( 'NONE', #3232, #5328, #4842 ) ;
#2477 = ORIENTED_EDGE ( 'NONE', *, *, #5576, .F. ) ;
#2478 = VERTEX_POINT ( 'NONE', #2868 ) ;
#2479 = AXIS2_PLACEMENT_3D ( 'NONE', #1152, #5417, #2763 ) ;
#2480 = ADVANCED_FACE ( 'NONE', ( #221 ), #3995, .T. ) ;
#2481 = LINE ( 'NONE', #4689, #4604 ) ;
#2482 = DIRECTION ( 'NONE',  ( 1.000000000000000000, -0.000000000000000000, -0.000000000000000000 ) ) ;
#2483 = CIRCLE ( 'NONE', #909, 2.000000000000000000 ) ;
#2484 = DIRECTION ( 'NONE',  ( 0.000000000000000000, 0.000000000000000000, 1.000000000000000000 ) ) ;
#2485 = EDGE_CURVE ( 'NONE', #631, #5012, #1319, .T. ) ;
#2486 = CARTESIAN_POINT ( 'NONE',  ( 73.01182432432433700, -12.44594594594595272, -0.5000000000000004441 ) ) ;
#2487 = VERTEX_POINT ( 'NONE', #5586 ) ;
#2488 = DIRECTION ( 'NONE',  ( 0.000000000000000000, 0.000000000000000000, -1.000000000000000000 ) ) ;
#2489 = ORIENTED_EDGE ( 'NONE', *, *, #6687, .T. ) ;
#2490 = DIRECTION ( 'NONE',  ( 0.000000000000000000, -1.000000000000000000, 0.000000000000000000 ) ) ;
#2491 = DIRECTION ( 'NONE',  ( -0.000000000000000000, -0.000000000000000000, -1.000000000000000000 ) ) ;
#2492 = VECTOR ( 'NONE', #2463, 999.9999999999998863 ) ;
#2493 = EDGE_CURVE ( 'NONE', #1823, #6431, #786, .T. ) ;
#2494 = DIRECTION ( 'NONE',  ( 0.000000000000000000, -0.000000000000000000, 1.000000000000000000 ) ) ;
#2495 = ORIENTED_EDGE ( 'NONE', *, *, #865, .T. ) ;
#2496 = ORIENTED_EDGE ( 'NONE', *, *, #2381, .T. ) ;
#2497 = CARTESIAN_POINT ( 'NONE',  ( -2.849999999999992095, -18.25000000000000355, -0.5000000000000004441 ) ) ;
#2498 = DIRECTION ( 'NONE',  ( 1.000000000000000000, 0.000000000000000000, -0.000000000000000000 ) ) ;
#2499 = CIRCLE ( 'NONE', #32, 1.000000000000000888 ) ;
#2500 = DIRECTION ( 'NONE',  ( 0.000000000000000000, -1.000000000000000000, 0.000000000000000000 ) ) ;
#2501 = LINE ( 'NONE', #5167, #2104 ) ;
#2502 = CARTESIAN_POINT ( 'NONE',  ( 35.25000000000000711, -19.50000000000000000, -0.5000000000000004441 ) ) ;
#2503 = ORIENTED_EDGE ( 'NONE', *, *, #1670, .T. ) ;
#2504 = CARTESIAN_POINT ( 'NONE',  ( 74.50000000000001421, -26.50000000000000000, 1.725000000000000089 ) ) ;
#2505 = VECTOR ( 'NONE', #1363, 1000.000000000000000 ) ;
#2506 = DIRECTION ( 'NONE',  ( 1.000000000000000000, 0.000000000000000000, -0.000000000000000000 ) ) ;
#2507 = ORIENTED_EDGE ( 'NONE', *, *, #1406, .F. ) ;
#2508 = DIRECTION ( 'NONE',  ( 1.000000000000000000, -4.336808689942017120E-17, -1.106347624303328504E-33 ) ) ;
#2509 = CIRCLE ( 'NONE', #3196, 1.000000000000000000 ) ;
#2510 = EDGE_CURVE ( 'NONE', #4045, #837, #3857, .T. ) ;
#2511 = DIRECTION ( 'NONE',  ( 1.000000000000000000, 1.807003620809172610E-15, 0.000000000000000000 ) ) ;
#2512 = ORIENTED_EDGE ( 'NONE', *, *, #2143, .F. ) ;
#2513 = EDGE_LOOP ( 'NONE', ( #2116, #5432 ) ) ;
#2514 = ORIENTED_EDGE ( 'NONE', *, *, #6323, .T. ) ;
#2515 = CIRCLE ( 'NONE', #6426, 3.000000000000000000 ) ;
#2516 = CARTESIAN_POINT ( 'NONE',  ( 79.50000000000001421, 0.4999999999999970024, 6.000000000000000000 ) ) ;
#2517 = CARTESIAN_POINT ( 'NONE',  ( 7.105894418672759727, -13.64664565419717945, 91.99722379239923953 ) ) ;
#2518 = EDGE_CURVE ( 'NONE', #474, #3731, #4682, .T. ) ;
#2519 = CARTESIAN_POINT ( 'NONE',  ( -11.50000000000000533, -10.50000000000000711, -0.5000000000000004441 ) ) ;
#2520 = DIRECTION ( 'NONE',  ( -0.1945569374730866663, -0.9808912264268110359, 0.000000000000000000 ) ) ;
#2521 = ORIENTED_EDGE ( 'NONE', *, *, #3706, .F. ) ;
#2522 = DIRECTION ( 'NONE',  ( -0.000000000000000000, 0.000000000000000000, 1.000000000000000000 ) ) ;
#2523 = ORIENTED_EDGE ( 'NONE', *, *, #260, .T. ) ;
#2524 = PLANE ( 'NONE',  #136 ) ;
#2525 = ADVANCED_FACE ( 'NONE', ( #6282 ), #823, .F. ) ;
#2526 = EDGE_CURVE ( 'NONE', #1315, #2732, #3831, .T. ) ;
#2527 = DIRECTION ( 'NONE',  ( 0.000000000000000000, 0.000000000000000000, 1.000000000000000000 ) ) ;
#2528 = EDGE_CURVE ( 'NONE', #5730, #2135, #1698, .T. ) ;
#2529 = CARTESIAN_POINT ( 'NONE',  ( 62.63182519208454835, -1.600000000000004086, 0.000000000000000000 ) ) ;
#2530 = VERTEX_POINT ( 'NONE', #324 ) ;
#2531 = EDGE_LOOP ( 'NONE', ( #1574, #2477, #6265, #5402 ) ) ;
#2532 = DIRECTION ( 'NONE',  ( 0.000000000000000000, 0.000000000000000000, 1.000000000000000000 ) ) ;
#2533 = CARTESIAN_POINT ( 'NONE',  ( 93.50000000000001421, -2.399527641708707915, 0.000000000000000000 ) ) ;
#2534 = ORIENTED_EDGE ( 'NONE', *, *, #3968, .T. ) ;
#2535 = VECTOR ( 'NONE', #1565, 1000.000000000000114 ) ;
#2536 = VECTOR ( 'NONE', #1834, 1000.000000000000000 ) ;
#2537 = ADVANCED_FACE ( 'NONE', ( #3030, #1350, #5626, #3072, #1910, #6779, #3592, #4159, #6708, #1881, #926 ), #2014, .T. ) ;
#2538 = CARTESIAN_POINT ( 'NONE',  ( -3.849999999999992095, -11.49702692197741527, -55.82353258373179727 ) ) ;
#2539 = DIRECTION ( 'NONE',  ( -0.000000000000000000, -0.000000000000000000, 1.000000000000000000 ) ) ;
#2540 = EDGE_CURVE ( 'NONE', #6750, #325, #4382, .T. ) ;
#2541 = LINE ( 'NONE', #5306, #3714 ) ;
#2542 = ORIENTED_EDGE ( 'NONE', *, *, #3343, .F. ) ;
#2543 = CIRCLE ( 'NONE', #3333, 1.000000000000000888 ) ;
#2544 = CARTESIAN_POINT ( 'NONE',  ( -12.50000000000000533, -20.00000000000000355, 0.5000000000000004441 ) ) ;
#2545 = CARTESIAN_POINT ( 'NONE',  ( -26.00000000000001421, -21.49999999999999645, -4.964194138592089800 ) ) ;
#2546 = DIRECTION ( 'NONE',  ( -0.000000000000000000, -0.000000000000000000, -1.000000000000000000 ) ) ;
#2547 = ORIENTED_EDGE ( 'NONE', *, *, #4815, .T. ) ;
#2548 = LINE ( 'NONE', #2474, #3414 ) ;
#2549 = AXIS2_PLACEMENT_3D ( 'NONE', #2267, #2791, #6638 ) ;
#2550 = CYLINDRICAL_SURFACE ( 'NONE', #3902, 1.600000000000004086 ) ;
#2551 = ORIENTED_EDGE ( 'NONE', *, *, #1896, .F. ) ;
#2552 = ORIENTED_EDGE ( 'NONE', *, *, #1844, .F. ) ;
#2553 = EDGE_LOOP ( 'NONE', ( #1499, #1907, #2123, #4734, #383 ) ) ;
#2554 = DIRECTION ( 'NONE',  ( 0.000000000000000000, 0.000000000000000000, 1.000000000000000000 ) ) ;
#2555 = CARTESIAN_POINT ( 'NONE',  ( 32.25000000000000711, -11.71782813964461845, 3.500000000000000000 ) ) ;
#2556 = LINE ( 'NONE', #5669, #564 ) ;
#2557 = CARTESIAN_POINT ( 'NONE',  ( -21.50000000000000000, -1.599999999999994760, 6.000000000000000000 ) ) ;
#2558 = ORIENTED_EDGE ( 'NONE', *, *, #4782, .T. ) ;
#2559 = DIRECTION ( 'NONE',  ( -1.000000000000000000, 0.000000000000000000, 0.000000000000000000 ) ) ;
#2560 = EDGE_CURVE ( 'NONE', #3142, #1757, #4128, .T. ) ;
#2561 = ORIENTED_EDGE ( 'NONE', *, *, #6764, .T. ) ;
#2562 = CARTESIAN_POINT ( 'NONE',  ( 3.000000000000002665, -16.50000000000001066, -0.5000000000000000000 ) ) ;
#2563 = LINE ( 'NONE', #1551, #6332 ) ;
#2564 = LINE ( 'NONE', #3691, #686 ) ;
#2565 = ORIENTED_EDGE ( 'NONE', *, *, #2540, .F. ) ;
#2566 = ORIENTED_EDGE ( 'NONE', *, *, #3262, .T. ) ;
#2567 = DIRECTION ( 'NONE',  ( 0.000000000000000000, 0.000000000000000000, 1.000000000000000000 ) ) ;
#2568 = EDGE_CURVE ( 'NONE', #3398, #4983, #5210, .T. ) ;
#2569 = CARTESIAN_POINT ( 'NONE',  ( 3.000000000000002665, -16.50000000000001066, 3.500000000000003109 ) ) ;
#2570 = EDGE_CURVE ( 'NONE', #2056, #659, #1594, .T. ) ;
#2571 = DIRECTION ( 'NONE',  ( 1.000000000000000000, 0.000000000000000000, 0.000000000000000000 ) ) ;
#2572 = CARTESIAN_POINT ( 'NONE',  ( 41.31392755356004898, -1.408658527960296336, 1.000000000000000000 ) ) ;
#2573 = CARTESIAN_POINT ( 'NONE',  ( -29.00000000000000000, -7.000000000000004441, 4.000000000000000888 ) ) ;
#2574 = EDGE_LOOP ( 'NONE', ( #6859, #1443, #119, #3230 ) ) ;
#2575 = DIRECTION ( 'NONE',  ( -1.000000000000000000, -1.734723475976805517E-15, 0.000000000000000000 ) ) ;
#2576 = CARTESIAN_POINT ( 'NONE',  ( 11.68105387066481526, -15.79761910744664100, -0.5000000000000004441 ) ) ;
#2577 = CARTESIAN_POINT ( 'NONE',  ( 89.50000000000001421, -18.50000000000000000, 1.725000000000000089 ) ) ;
#2578 = EDGE_LOOP ( 'NONE', ( #3000, #3326, #5282, #4220 ) ) ;
#2579 = DIRECTION ( 'NONE',  ( -1.000000000000000000, 0.000000000000000000, 0.000000000000000000 ) ) ;
#2580 = FACE_OUTER_BOUND ( 'NONE', #3651, .T. ) ;
#2581 = CIRCLE ( 'NONE', #1348, 1.000000000000000000 ) ;
#2582 = ORIENTED_EDGE ( 'NONE', *, *, #3335, .F. ) ;
#2583 = ORIENTED_EDGE ( 'NONE', *, *, #3734, .T. ) ;
#2584 = VECTOR ( 'NONE', #6583, 1000.000000000000000 ) ;
#2585 = FACE_OUTER_BOUND ( 'NONE', #2654, .T. ) ;
#2586 = DIRECTION ( 'NONE',  ( -0.000000000000000000, -0.000000000000000000, -1.000000000000000000 ) ) ;
#2587 = AXIS2_PLACEMENT_3D ( 'NONE', #294, #888, #6675 ) ;
#2588 = EDGE_LOOP ( 'NONE', ( #4588, #4412, #4798, #3466 ) ) ;
#2589 = EDGE_LOOP ( 'NONE', ( #1167, #1821, #1894, #6507 ) ) ;
#2590 = CARTESIAN_POINT ( 'NONE',  ( 36.41227766016831424, -20.09042769776545967, 4.914213562373096700 ) ) ;
#2591 = VECTOR ( 'NONE', #1125, 1000.000000000000000 ) ;
#2592 = VERTEX_POINT ( 'NONE', #4026 ) ;
#2593 = DIRECTION ( 'NONE',  ( 1.000000000000000000, -0.000000000000000000, -0.000000000000000000 ) ) ;
#2594 = ORIENTED_EDGE ( 'NONE', *, *, #1998, .T. ) ;
#2595 = COLOUR_RGB ( '',0.7921568627450980005, 0.8196078431372548767, 0.9333333333333333481 ) ;
#2596 = CARTESIAN_POINT ( 'NONE',  ( 31.25000000000000711, -12.93565627928923156, -55.82353258373179727 ) ) ;
#2597 = AXIS2_PLACEMENT_3D ( 'NONE', #6400, #3719, #2204 ) ;
#2598 = FACE_OUTER_BOUND ( 'NONE', #2217, .T. ) ;
#2599 = EDGE_CURVE ( 'NONE', #6758, #1680, #689, .T. ) ;
#2600 = AXIS2_PLACEMENT_3D ( 'NONE', #3541, #2633, #3616 ) ;
#2601 = CARTESIAN_POINT ( 'NONE',  ( -0.7469987990390385413, -17.90000000000000568, 3.500000000000003109 ) ) ;
#2602 = VERTEX_POINT ( 'NONE', #3525 ) ;
#2603 = ORIENTED_EDGE ( 'NONE', *, *, #5998, .T. ) ;
#2604 = VECTOR ( 'NONE', #5656, 1000.000000000000000 ) ;
#2605 = CARTESIAN_POINT ( 'NONE',  ( 28.83204939202513017, -22.29723704804910511, 3.500000000000000000 ) ) ;
#2606 = CARTESIAN_POINT ( 'NONE',  ( 35.49999999999993605, -19.50000000000000355, 3.500000000000000000 ) ) ;
#2607 = DIRECTION ( 'NONE',  ( 0.000000000000000000, -1.000000000000000000, 0.000000000000000000 ) ) ;
#2608 = EDGE_CURVE ( 'NONE', #1193, #2467, #5761, .T. ) ;
#2609 = DIRECTION ( 'NONE',  ( 0.000000000000000000, -0.000000000000000000, -1.000000000000000000 ) ) ;
#2610 = CARTESIAN_POINT ( 'NONE',  ( 34.25000000000000711, -11.71782813964461845, -0.5000000000000004441 ) ) ;
#2611 = VERTEX_POINT ( 'NONE', #5658 ) ;
#2612 = DIRECTION ( 'NONE',  ( 0.000000000000000000, 1.000000000000000000, 0.000000000000000000 ) ) ;
#2613 = LINE ( 'NONE', #605, #287 ) ;
#2614 = CARTESIAN_POINT ( 'NONE',  ( 0.4122776601683184050, -19.50000000000000000, 3.500000000000000000 ) ) ;
#2615 = VERTEX_POINT ( 'NONE', #857 ) ;
#2616 = CARTESIAN_POINT ( 'NONE',  ( 32.25000000000000711, -12.93565627928923156, 3.500000000000000000 ) ) ;
#2617 = FACE_OUTER_BOUND ( 'NONE', #3927, .T. ) ;
#2618 = AXIS2_PLACEMENT_3D ( 'NONE', #2711, #5856, #2120 ) ;
#2619 = ORIENTED_EDGE ( 'NONE', *, *, #330, .F. ) ;
#2620 = EDGE_CURVE ( 'NONE', #492, #961, #5141, .T. ) ;
#2621 = ORIENTED_EDGE ( 'NONE', *, *, #2302, .F. ) ;
#2622 = PLANE ( 'NONE',  #3381 ) ;
#2623 = ORIENTED_EDGE ( 'NONE', *, *, #1075, .F. ) ;
#2624 = LINE ( 'NONE', #4336, #5418 ) ;
#2625 = EDGE_CURVE ( 'NONE', #2085, #1469, #1948, .T. ) ;
#2626 = VERTEX_POINT ( 'NONE', #1424 ) ;
#2627 = EDGE_CURVE ( 'NONE', #328, #555, #5504, .T. ) ;
#2628 = CARTESIAN_POINT ( 'NONE',  ( 32.25000000000000711, -23.20115786999287266, 3.500000000000000000 ) ) ;
#2629 = EDGE_LOOP ( 'NONE', ( #3913, #5702 ) ) ;
#2630 = LINE ( 'NONE', #4770, #4168 ) ;
#2631 = DIRECTION ( 'NONE',  ( 0.000000000000000000, 0.000000000000000000, 1.000000000000000000 ) ) ;
#2632 = VERTEX_POINT ( 'NONE', #4823 ) ;
#2633 = DIRECTION ( 'NONE',  ( -0.000000000000000000, -0.000000000000000000, -1.000000000000000000 ) ) ;
#2634 = DIRECTION ( 'NONE',  ( -1.000000000000000000, 4.336808689942017736E-17, -0.000000000000000000 ) ) ;
#2635 = ORIENTED_EDGE ( 'NONE', *, *, #3928, .T. ) ;
#2636 = ORIENTED_EDGE ( 'NONE', *, *, #388, .T. ) ;
#2637 = DIRECTION ( 'NONE',  ( -0.000000000000000000, -0.000000000000000000, -1.000000000000000000 ) ) ;
#2638 = DIRECTION ( 'NONE',  ( -0.000000000000000000, -1.000000000000000000, -0.000000000000000000 ) ) ;
#2639 = EDGE_CURVE ( 'NONE', #5012, #2422, #2683, .T. ) ;
#2640 = PLANE ( 'NONE',  #4659 ) ;
#2641 = DIRECTION ( 'NONE',  ( -4.064536379798533046E-16, -1.000000000000000000, 0.000000000000000000 ) ) ;
#2642 = LINE ( 'NONE', #4155, #3946 ) ;
#2643 = ORIENTED_EDGE ( 'NONE', *, *, #4012, .F. ) ;
#2644 = CARTESIAN_POINT ( 'NONE',  ( 44.59807066037252099, -22.53323666610696563, -0.5000000000000004441 ) ) ;
#2645 = AXIS2_PLACEMENT_3D ( 'NONE', #1773, #4925, #3445 ) ;
#2646 = PLANE ( 'NONE',  #1972 ) ;
#2647 = EDGE_CURVE ( 'NONE', #2429, #2611, #5481, .T. ) ;
#2648 = CARTESIAN_POINT ( 'NONE',  ( -2.849999999999992095, -17.25000000000000000, 3.500000000000000000 ) ) ;
#2649 = ORIENTED_EDGE ( 'NONE', *, *, #5576, .T. ) ;
#2650 = CARTESIAN_POINT ( 'NONE',  ( 7.368174807915457869, 1.400000000000002576, 6.000000000000000000 ) ) ;
#2651 = ORIENTED_EDGE ( 'NONE', *, *, #1237, .T. ) ;
#2652 = DIRECTION ( 'NONE',  ( 1.000000000000000000, -0.000000000000000000, -0.000000000000000000 ) ) ;
#2653 = CIRCLE ( 'NONE', #1196, 1.000000000000000000 ) ;
#2654 = EDGE_LOOP ( 'NONE', ( #4852, #4753, #2032, #2521 ) ) ;
#2655 = ORIENTED_EDGE ( 'NONE', *, *, #3472, .F. ) ;
#2656 = EDGE_CURVE ( 'NONE', #5361, #6588, #3215, .T. ) ;
#2657 = VECTOR ( 'NONE', #3780, 1000.000000000000000 ) ;
#2658 = DIRECTION ( 'NONE',  ( -0.000000000000000000, -0.000000000000000000, -1.000000000000000000 ) ) ;
#2659 = EDGE_CURVE ( 'NONE', #692, #3577, #5393, .T. ) ;
#2660 = DIRECTION ( 'NONE',  ( -0.000000000000000000, -0.000000000000000000, -1.000000000000000000 ) ) ;
#2661 = EDGE_LOOP ( 'NONE', ( #3093, #53, #6357, #3204, #4417, #577 ) ) ;
#2662 = ORIENTED_EDGE ( 'NONE', *, *, #5273, .T. ) ;
#2663 = AXIS2_PLACEMENT_3D ( 'NONE', #4093, #6209, #1419 ) ;
#2664 = CARTESIAN_POINT ( 'NONE',  ( 59.89558155308108667, -14.76559299485081667, -0.5000000000000004441 ) ) ;
#2665 = AXIS2_PLACEMENT_3D ( 'NONE', #815, #6173, #1971 ) ;
#2666 = ORIENTED_EDGE ( 'NONE', *, *, #1272, .F. ) ;
#2667 = DIRECTION ( 'NONE',  ( 0.000000000000000000, 0.000000000000000000, 1.000000000000000000 ) ) ;
#2668 = EDGE_CURVE ( 'NONE', #3755, #6525, #3247, .T. ) ;
#2669 = CARTESIAN_POINT ( 'NONE',  ( 21.64625639182108685, -24.50000000000000000, -0.5000000000000004441 ) ) ;
#2670 = ORIENTED_EDGE ( 'NONE', *, *, #6406, .T. ) ;
#2671 = DIRECTION ( 'NONE',  ( -1.000000000000000000, -6.938893903907222067E-15, 0.000000000000000000 ) ) ;
#2672 = DIRECTION ( 'NONE',  ( -0.000000000000000000, -0.000000000000000000, -1.000000000000000000 ) ) ;
#2673 = ORIENTED_EDGE ( 'NONE', *, *, #173, .T. ) ;
#2674 = LINE ( 'NONE', #4813, #1485 ) ;
#2675 = EDGE_CURVE ( 'NONE', #4409, #5641, #2483, .T. ) ;
#2676 = CYLINDRICAL_SURFACE ( 'NONE', #1353, 1.000000000000000000 ) ;
#2677 = LINE ( 'NONE', #4706, #2394 ) ;
#2678 = DIRECTION ( 'NONE',  ( -1.000000000000000000, 0.000000000000000000, 0.000000000000000000 ) ) ;
#2679 = CARTESIAN_POINT ( 'NONE',  ( 36.42248814185871453, -21.48326980433851929, 3.457835387832403296 ) ) ;
#2680 = ORIENTED_EDGE ( 'NONE', *, *, #6746, .F. ) ;
#2681 = DIRECTION ( 'NONE',  ( 1.000000000000000000, 0.000000000000000000, -0.000000000000000000 ) ) ;
#2682 = CARTESIAN_POINT ( 'NONE',  ( 3.000000000000002665, -16.50000000000001066, 91.99722379239923953 ) ) ;
#2683 = LINE ( 'NONE', #4259, #5957 ) ;
#2684 = ORIENTED_EDGE ( 'NONE', *, *, #2302, .T. ) ;
#2685 = DIRECTION ( 'NONE',  ( -1.000000000000000000, 0.000000000000000000, 0.000000000000000000 ) ) ;
#2686 = DIRECTION ( 'NONE',  ( -1.000000000000000000, 0.000000000000000000, 0.000000000000000000 ) ) ;
#2687 = EDGE_CURVE ( 'NONE', #1745, #1885, #8, .T. ) ;
#2688 = EDGE_LOOP ( 'NONE', ( #5564, #3331, #6537, #2383, #279 ) ) ;
#2689 = ORIENTED_EDGE ( 'NONE', *, *, #4094, .T. ) ;
#2690 = CARTESIAN_POINT ( 'NONE',  ( 21.64625639182108685, -24.50000000000000000, 3.500000000000003109 ) ) ;
#2691 = DIRECTION ( 'NONE',  ( -1.000000000000000000, 0.000000000000000000, 0.000000000000000000 ) ) ;
#2692 = EDGE_CURVE ( 'NONE', #1219, #6603, #3669, .T. ) ;
#2693 = VERTEX_POINT ( 'NONE', #4792 ) ;
#2694 = LINE ( 'NONE', #3197, #4043 ) ;
#2695 = ORIENTED_EDGE ( 'NONE', *, *, #3379, .F. ) ;
#2696 = FACE_BOUND ( 'NONE', #518, .T. ) ;
#2697 = LINE ( 'NONE', #1087, #5495 ) ;
#2698 = ORIENTED_EDGE ( 'NONE', *, *, #1542, .T. ) ;
#2699 = CARTESIAN_POINT ( 'NONE',  ( 7.174593208866281380, -18.63840397036846497, 3.500000000000000000 ) ) ;
#2700 = MANIFOLD_SOLID_BREP ( 'µ¹½Ç4', #2835 ) ;
#2701 = CIRCLE ( 'NONE', #1014, 1.000000000000000000 ) ;
#2702 = AXIS2_PLACEMENT_3D ( 'NONE', #5916, #1050, #1655 ) ;
#2703 = DIRECTION ( 'NONE',  ( 1.000000000000000000, 0.000000000000000000, 0.000000000000000000 ) ) ;
#2704 = EDGE_CURVE ( 'NONE', #4080, #5584, #1531, .T. ) ;
#2705 = ORIENTED_EDGE ( 'NONE', *, *, #5815, .T. ) ;
#2706 = DIRECTION ( 'NONE',  ( -0.000000000000000000, -0.000000000000000000, -1.000000000000000000 ) ) ;
#2707 = VECTOR ( 'NONE', #2273, 1000.000000000000000 ) ;
#2708 = CIRCLE ( 'NONE', #2725, 1.000000000000000888 ) ;
#2709 = ORIENTED_EDGE ( 'NONE', *, *, #497, .F. ) ;
#2710 = VECTOR ( 'NONE', #490, 1000.000000000000000 ) ;
#2711 = CARTESIAN_POINT ( 'NONE',  ( 48.57143374141650582, -11.50000000000000711, -55.82353258373179727 ) ) ;
#2712 = AXIS2_PLACEMENT_3D ( 'NONE', #4216, #6302, #1964 ) ;
#2713 = CARTESIAN_POINT ( 'NONE',  ( 35.25000000000000711, -12.93565627928923156, 3.500000000000003109 ) ) ;
#2714 = VECTOR ( 'NONE', #5208, 1000.000000000000000 ) ;
#2715 = LINE ( 'NONE', #4856, #907 ) ;
#2716 = VERTEX_POINT ( 'NONE', #5932 ) ;
#2717 = EDGE_CURVE ( 'NONE', #6723, #1458, #3141, .T. ) ;
#2718 = CARTESIAN_POINT ( 'NONE',  ( -5.500000000000000000, -1.599999999999995870, -1.700000000000000178 ) ) ;
#2719 = CARTESIAN_POINT ( 'NONE',  ( 63.50000000000001421, -16.50000000000000355, 6.000000000000000000 ) ) ;
#2720 = DIRECTION ( 'NONE',  ( 0.000000000000000000, 0.000000000000000000, 1.000000000000000000 ) ) ;
#2721 = VECTOR ( 'NONE', #1940, 1000.000000000000000 ) ;
#2722 = CARTESIAN_POINT ( 'NONE',  ( -22.50000000000000000, -6.100000000000005862, -1.699999999999999956 ) ) ;
#2723 = CARTESIAN_POINT ( 'NONE',  ( 0.4576492879574839967, -20.70424287655389506, 3.277954108780706921 ) ) ;
#2724 = ORIENTED_EDGE ( 'NONE', *, *, #5236, .F. ) ;
#2725 = AXIS2_PLACEMENT_3D ( 'NONE', #3438, #3573, #207 ) ;
#2726 = EDGE_LOOP ( 'NONE', ( #5807, #1555, #2181, #4647 ) ) ;
#2727 = DIRECTION ( 'NONE',  ( 1.000000000000000000, 0.000000000000000000, 0.000000000000000000 ) ) ;
#2728 = EDGE_CURVE ( 'NONE', #2205, #6414, #6850, .T. ) ;
#2729 = DIRECTION ( 'NONE',  ( -1.000000000000000000, 0.000000000000000000, 0.000000000000000000 ) ) ;
#2730 = AXIS2_PLACEMENT_3D ( 'NONE', #4570, #3552, #882 ) ;
#2731 = LINE ( 'NONE', #6336, #626 ) ;
#2732 = VERTEX_POINT ( 'NONE', #427 ) ;
#2733 = CARTESIAN_POINT ( 'NONE',  ( -8.849999999999996092, -18.50000000000000355, 14.05062109405231396 ) ) ;
#2734 = VERTEX_POINT ( 'NONE', #2648 ) ;
#2735 = CARTESIAN_POINT ( 'NONE',  ( 0.4452384833780859696, -23.76050943607377164, 3.346793918234550969 ) ) ;
#2736 = VECTOR ( 'NONE', #5958, 1000.000000000000000 ) ;
#2737 = DIRECTION ( 'NONE',  ( 1.000000000000000000, 0.000000000000000000, -0.000000000000000000 ) ) ;
#2738 = ORIENTED_EDGE ( 'NONE', *, *, #1963, .T. ) ;
#2739 = EDGE_CURVE ( 'NONE', #5512, #2140, #2055, .T. ) ;
#2740 = CARTESIAN_POINT ( 'NONE',  ( 36.41227766016831424, -21.33047371415610627, -0.5000000000000004441 ) ) ;
#2741 = VECTOR ( 'NONE', #3677, 1000.000000000000000 ) ;
#2742 = DIRECTION ( 'NONE',  ( 0.000000000000000000, 0.000000000000000000, -1.000000000000000000 ) ) ;
#2743 = ORIENTED_EDGE ( 'NONE', *, *, #6863, .T. ) ;
#2744 = DIRECTION ( 'NONE',  ( 1.000000000000000000, 0.000000000000000000, 0.000000000000000000 ) ) ;
#2745 = ADVANCED_FACE ( 'NONE', ( #4756 ), #2126, .T. ) ;
#2746 = ORIENTED_EDGE ( 'NONE', *, *, #2879, .T. ) ;
#2747 = EDGE_CURVE ( 'NONE', #3988, #6683, #2789, .T. ) ;
#2748 = EDGE_CURVE ( 'NONE', #1320, #794, #6133, .T. ) ;
#2749 = PLANE ( 'NONE',  #6565 ) ;
#2750 = DIRECTION ( 'NONE',  ( -1.211399075402798040E-16, -1.000000000000000000, 0.000000000000000000 ) ) ;
#2751 = LINE ( 'NONE', #565, #1130 ) ;
#2752 = ORIENTED_EDGE ( 'NONE', *, *, #1702, .T. ) ;
#2753 = DIRECTION ( 'NONE',  ( -0.000000000000000000, -0.000000000000000000, -1.000000000000000000 ) ) ;
#2754 = DIRECTION ( 'NONE',  ( 1.000000000000000000, -0.000000000000000000, 0.000000000000000000 ) ) ;
#2755 = FACE_BOUND ( 'NONE', #1064, .T. ) ;
#2756 = DIRECTION ( 'NONE',  ( 1.000000000000000000, -1.734723475976805517E-15, 0.000000000000000000 ) ) ;
#2757 = EDGE_LOOP ( 'NONE', ( #2456, #2196, #3542, #6602 ) ) ;
#2758 = LINE ( 'NONE', #2230, #5780 ) ;
#2759 = AXIS2_PLACEMENT_3D ( 'NONE', #5370, #1600, #503 ) ;
#2760 = ORIENTED_EDGE ( 'NONE', *, *, #5930, .T. ) ;
#2761 = DIRECTION ( 'NONE',  ( 1.000000000000000000, 0.000000000000000000, -0.000000000000000000 ) ) ;
#2762 = EDGE_CURVE ( 'NONE', #4527, #4276, #1922, .T. ) ;
#2763 = DIRECTION ( 'NONE',  ( -1.000000000000000000, 0.000000000000000000, 0.000000000000000000 ) ) ;
#2764 = VERTEX_POINT ( 'NONE', #1179 ) ;
#2765 = CARTESIAN_POINT ( 'NONE',  ( -23.74999999999994671, -23.75000000000008171, 6.000000000000000000 ) ) ;
#2766 = VECTOR ( 'NONE', #6870, 1000.000000000000000 ) ;
#2767 = DIRECTION ( 'NONE',  ( 1.000000000000000000, 0.000000000000000000, 0.000000000000000000 ) ) ;
#2768 = ORIENTED_EDGE ( 'NONE', *, *, #5950, .T. ) ;
#2769 = ORIENTED_EDGE ( 'NONE', *, *, #2493, .T. ) ;
#2770 = PLANE ( 'NONE',  #5266 ) ;
#2771 = EDGE_LOOP ( 'NONE', ( #122, #6535, #2565, #741, #1116 ) ) ;
#2772 = CIRCLE ( 'NONE', #4228, 1.000000000000000888 ) ;
#2773 = CARTESIAN_POINT ( 'NONE',  ( 0.4122776601682996978, -23.57945065405362683, 1.999999999994696465 ) ) ;
#2774 = DIRECTION ( 'NONE',  ( -1.000000000000000000, -3.469446951953614189E-15, 0.000000000000000000 ) ) ;
#2775 = DIRECTION ( 'NONE',  ( 0.000000000000000000, 0.000000000000000000, 1.000000000000000000 ) ) ;
#2776 = CIRCLE ( 'NONE', #2330, 4.500000000000003553 ) ;
#2777 = ADVANCED_FACE ( 'NONE', ( #643 ), #6163, .T. ) ;
#2778 = DIRECTION ( 'NONE',  ( -0.000000000000000000, 0.000000000000000000, 1.000000000000000000 ) ) ;
#2779 = ORIENTED_EDGE ( 'NONE', *, *, #4236, .T. ) ;
#2780 = CARTESIAN_POINT ( 'NONE',  ( -12.50000000000000355, -8.500000000000007105, 1.000000000000000888 ) ) ;
#2781 = EDGE_LOOP ( 'NONE', ( #339, #5211, #2268, #559, #6769 ) ) ;
#2782 = FACE_OUTER_BOUND ( 'NONE', #2409, .T. ) ;
#2783 = LINE ( 'NONE', #180, #1209 ) ;
#2784 = EDGE_CURVE ( 'NONE', #3390, #4437, #310, .T. ) ;
#2785 = CARTESIAN_POINT ( 'NONE',  ( -3.849999999999992095, -11.49702692197741527, -0.5000000000000004441 ) ) ;
#2786 = ORIENTED_EDGE ( 'NONE', *, *, #6591, .F. ) ;
#2787 = CARTESIAN_POINT ( 'NONE',  ( 33.24999999999992895, -26.50000000000000000, 3.999999999999997335 ) ) ;
#2788 = DIRECTION ( 'NONE',  ( 0.000000000000000000, 0.000000000000000000, 1.000000000000000000 ) ) ;
#2789 = LINE ( 'NONE', #83, #3046 ) ;
#2790 = DIRECTION ( 'NONE',  ( 0.000000000000000000, 0.000000000000000000, 1.000000000000000000 ) ) ;
#2791 = DIRECTION ( 'NONE',  ( -0.000000000000000000, -0.000000000000000000, -1.000000000000000000 ) ) ;
#2792 = EDGE_CURVE ( 'NONE', #3447, #1719, #4609, .T. ) ;
#2793 = ORIENTED_EDGE ( 'NONE', *, *, #3779, .T. ) ;
#2794 = VERTEX_POINT ( 'NONE', #1212 ) ;
#2795 = FACE_OUTER_BOUND ( 'NONE', #4311, .T. ) ;
#2796 = ORIENTED_EDGE ( 'NONE', *, *, #6127, .T. ) ;
#2797 = DIRECTION ( 'NONE',  ( 1.000000000000000000, 0.000000000000000000, 0.000000000000000000 ) ) ;
#2798 = LINE ( 'NONE', #2075, #5223 ) ;
#2799 = ORIENTED_EDGE ( 'NONE', *, *, #5256, .T. ) ;
#2800 = ORIENTED_EDGE ( 'NONE', *, *, #4074, .T. ) ;
#2801 = CARTESIAN_POINT ( 'NONE',  ( 0.4122776601683184050, -19.50000000000000000, 1.999999999999989120 ) ) ;
#2802 = VERTEX_POINT ( 'NONE', #1742 ) ;
#2803 = FACE_BOUND ( 'NONE', #772, .T. ) ;
#2804 = CARTESIAN_POINT ( 'NONE',  ( 78.24999999999992895, -21.50000000000000000, 2.750000000000000000 ) ) ;
#2805 = EDGE_LOOP ( 'NONE', ( #3085, #6929, #5295, #1810 ) ) ;
#2806 = DIRECTION ( 'NONE',  ( 0.000000000000000000, -0.000000000000000000, -1.000000000000000000 ) ) ;
#2807 = EDGE_CURVE ( 'NONE', #1430, #5055, #2263, .T. ) ;
#2808 = AXIS2_PLACEMENT_3D ( 'NONE', #3300, #3156, #1615 ) ;
#2809 = DIRECTION ( 'NONE',  ( -1.000000000000000000, 0.000000000000000000, -0.000000000000000000 ) ) ;
#2810 = ORIENTED_EDGE ( 'NONE', *, *, #4790, .T. ) ;
#2811 = DIRECTION ( 'NONE',  ( 0.000000000000000000, 0.000000000000000000, -1.000000000000000000 ) ) ;
#2812 = ORIENTED_EDGE ( 'NONE', *, *, #1301, .T. ) ;
#2813 = AXIS2_PLACEMENT_3D ( 'NONE', #4553, #6822, #2027 ) ;
#2814 = AXIS2_PLACEMENT_3D ( 'NONE', #1224, #270, #3365 ) ;
#2815 = EDGE_CURVE ( 'NONE', #754, #5231, #2225, .T. ) ;
#2816 = CIRCLE ( 'NONE', #1583, 4.000000000000000000 ) ;
#2817 = CARTESIAN_POINT ( 'NONE',  ( 0.000000000000000000, 0.000000000000000000, 3.500000000000000000 ) ) ;
#2818 = DIRECTION ( 'NONE',  ( -0.000000000000000000, -0.000000000000000000, -1.000000000000000000 ) ) ;
#2819 = VECTOR ( 'NONE', #4239, 1000.000000000000000 ) ;
#2820 = FACE_OUTER_BOUND ( 'NONE', #819, .T. ) ;
#2821 = ORIENTED_EDGE ( 'NONE', *, *, #5138, .T. ) ;
#2822 = PLANE ( 'NONE',  #2386 ) ;
#2823 = AXIS2_PLACEMENT_3D ( 'NONE', #3873, #2809, #6936 ) ;
#2824 = DIRECTION ( 'NONE',  ( -0.000000000000000000, -0.000000000000000000, -1.000000000000000000 ) ) ;
#2825 = PLANE ( 'NONE',  #3956 ) ;
#2826 = CIRCLE ( 'NONE', #4732, 1.249999999999997558 ) ;
#2827 = EDGE_CURVE ( 'NONE', #6305, #3793, #2986, .T. ) ;
#2828 = CARTESIAN_POINT ( 'NONE',  ( -29.00000000000000000, -14.49999999999999822, 4.000000000000000888 ) ) ;
#2829 = AXIS2_PLACEMENT_3D ( 'NONE', #5048, #393, #5209 ) ;
#2830 = DIRECTION ( 'NONE',  ( -0.000000000000000000, -0.000000000000000000, -1.000000000000000000 ) ) ;
#2831 = CIRCLE ( 'NONE', #1029, 1.600000000000000089 ) ;
#2832 = ORIENTED_EDGE ( 'NONE', *, *, #5731, .T. ) ;
#2833 = CIRCLE ( 'NONE', #3842, 1.000000000000000888 ) ;
#2834 = ORIENTED_EDGE ( 'NONE', *, *, #6077, .T. ) ;
#2835 = CLOSED_SHELL ( 'NONE', ( #1137, #5890, #4290, #4631, #2247, #852, #6030, #1859, #5322, #6599, #6923, #4929, #1794, #2134, #3245, #3687, #1289, #6804, #410, #311, #4230, #1113, #5652, #3815, #1071, #3555, #777, #1021, #4165, #3584, #2537, #1635, #430, #4742, #1217, #6148, #862, #5598, #19, #5396, #4317, #1866, #5506, #6155, #2930, #5744, #2989, #3906, #2745, #2891, #6901, #5808, #1750, #5751, #822, #3070, #2525, #5183, #2192, #2395, #4681, #1326, #298, #3274, #5315, #1592, #4506, #582, #404, #5524, #2982, #6412, #3281, #4932, #712, #2850, #1293, #3449, #1466, #1836, #5011, #4584, #5375, #114, #448, #1338, #2442, #4810, #2346, #5537, #4708, #1811, #2057, #5098, #4134, #6198, #3545, #3194, #3854, #5156, #4716, #55, #3416, #4287, #598, #3388, #6046, #4302, #1726, #6558, #2198, #418, #6095, #3167, #6694, #6190, #6361, #5227, #6106, #4834, #649, #774, #5024, #4189, #5343, #847, #3660, #5734, #3421, #4765, #5741, #244, #2316, #2912, #816, #1440, #36, #4085, #2119, #6884, #1521, #591, #5770, #3132, #6023, #4280, #6389, #4623, #4928, #4862, #1247, #5589, #6339, #3040, #2777, #5992, #4975, #1365, #4055, #1788, #6533, #3258, #4847, #3688, #3567, #333, #40, #2229, #4883, #3480, #621, #3005, #713, #613, #1072, #2319, #5219, #4420, #5113, #2443, #4724, #1718, #3207, #842, #3723, #2480, #5297, #6207, #2163, #2446, #1414, #6578, #1915, #989, #6134, #6125, #4359, #4773, #282, #3462, #3650, #1463, #4413, #5832, #3625, #543, #4807, #6775, #1929 ) ) ;
#2836 = CARTESIAN_POINT ( 'NONE',  ( 70.00000000000000000, 0.000000000000000000, 0.000000000000000000 ) ) ;
#2837 = ORIENTED_EDGE ( 'NONE', *, *, #1605, .F. ) ;
#2838 = EDGE_CURVE ( 'NONE', #5791, #5078, #6007, .T. ) ;
#2839 = CARTESIAN_POINT ( 'NONE',  ( -26.50000000000001066, -7.000000000000004441, 4.000000000000000888 ) ) ;
#2840 = CARTESIAN_POINT ( 'NONE',  ( 78.24999999999992895, -19.50000000000000000, 2.750000000000000000 ) ) ;
#2841 = EDGE_CURVE ( 'NONE', #5078, #325, #2299, .T. ) ;
#2842 = VECTOR ( 'NONE', #5683, 1000.000000000000000 ) ;
#2843 = VERTEX_POINT ( 'NONE', #2458 ) ;
#2844 = ORIENTED_EDGE ( 'NONE', *, *, #5263, .T. ) ;
#2845 = EDGE_LOOP ( 'NONE', ( #5604, #3683, #2992, #3427 ) ) ;
#2846 = CARTESIAN_POINT ( 'NONE',  ( 30.08772233983155431, -21.33047371415606719, 1.999999999999998668 ) ) ;
#2847 = DIRECTION ( 'NONE',  ( -0.000000000000000000, 0.000000000000000000, 1.000000000000000000 ) ) ;
#2848 = VECTOR ( 'NONE', #3064, 1000.000000000000000 ) ;
#2849 = DIRECTION ( 'NONE',  ( -0.9667633338930343712, -0.2556729478064219685, 0.000000000000000000 ) ) ;
#2850 = ADVANCED_FACE ( 'NONE', ( #2755, #1140, #674, #4358, #2954 ), #2825, .F. ) ;
#2851 = VECTOR ( 'NONE', #1195, 1000.000000000000000 ) ;
#2852 = FACE_OUTER_BOUND ( 'NONE', #1277, .T. ) ;
#2853 = EDGE_LOOP ( 'NONE', ( #858, #5627, #5005, #3037, #6341, #4744, #2077, #1730, #6934, #6259 ) ) ;
#2854 = DIRECTION ( 'NONE',  ( 0.000000000000000000, -1.000000000000000000, 0.000000000000000000 ) ) ;
#2855 = VERTEX_POINT ( 'NONE', #280 ) ;
#2856 = CARTESIAN_POINT ( 'NONE',  ( 0.6297768039043050159, -12.09749593973045911, 3.500000000000003109 ) ) ;
#2857 = DIRECTION ( 'NONE',  ( -0.000000000000000000, 0.000000000000000000, -1.000000000000000000 ) ) ;
#2858 = FACE_OUTER_BOUND ( 'NONE', #1585, .T. ) ;
#2859 = ORIENTED_EDGE ( 'NONE', *, *, #1687, .F. ) ;
#2860 = CARTESIAN_POINT ( 'NONE',  ( 0.4122776601683184050, -23.50000000000000000, -7.431795761534271350 ) ) ;
#2861 = VECTOR ( 'NONE', #6921, 1000.000000000000000 ) ;
#2862 = DIRECTION ( 'NONE',  ( -0.000000000000000000, -0.000000000000000000, -1.000000000000000000 ) ) ;
#2863 = LINE ( 'NONE', #6600, #4521 ) ;
#2864 = LINE ( 'NONE', #4022, #3672 ) ;
#2865 = ORIENTED_EDGE ( 'NONE', *, *, #2087, .T. ) ;
#2866 = ORIENTED_EDGE ( 'NONE', *, *, #4119, .F. ) ;
#2867 = EDGE_CURVE ( 'NONE', #3769, #631, #1704, .T. ) ;
#2868 = CARTESIAN_POINT ( 'NONE',  ( 79.67567567567569142, -11.74691119691119923, 3.500000000000000000 ) ) ;
#2869 = ORIENTED_EDGE ( 'NONE', *, *, #1880, .F. ) ;
#2870 = DIRECTION ( 'NONE',  ( -1.000000000000000000, 0.000000000000000000, 0.000000000000000000 ) ) ;
#2871 = CARTESIAN_POINT ( 'NONE',  ( 34.25000000000000711, -11.71782813964461845, 3.500000000000000000 ) ) ;
#2872 = ORIENTED_EDGE ( 'NONE', *, *, #5384, .F. ) ;
#2873 = ORIENTED_EDGE ( 'NONE', *, *, #181, .T. ) ;
#2874 = EDGE_CURVE ( 'NONE', #246, #1897, #3486, .T. ) ;
#2875 = CARTESIAN_POINT ( 'NONE',  ( 63.50000000000001421, -16.50000000000000355, -0.5000000000000000000 ) ) ;
#2876 = VERTEX_POINT ( 'NONE', #5642 ) ;
#2877 = FACE_OUTER_BOUND ( 'NONE', #2757, .T. ) ;
#2878 = CIRCLE ( 'NONE', #2421, 1.000000000000000888 ) ;
#2879 = EDGE_CURVE ( 'NONE', #3443, #1035, #2826, .T. ) ;
#2880 = VECTOR ( 'NONE', #125, 1000.000000000000000 ) ;
#2881 = DIRECTION ( 'NONE',  ( 0.000000000000000000, -0.000000000000000000, -1.000000000000000000 ) ) ;
#2882 = PLANE ( 'NONE',  #1733 ) ;
#2883 = CIRCLE ( 'NONE', #71, 4.000000000000000000 ) ;
#2884 = CARTESIAN_POINT ( 'NONE',  ( 89.50000000000001421, -18.50000000000000000, 1.725000000000000089 ) ) ;
#2885 = VERTEX_POINT ( 'NONE', #1934 ) ;
#2886 = CYLINDRICAL_SURFACE ( 'NONE', #573, 1.000000000000000000 ) ;
#2887 = ORIENTED_EDGE ( 'NONE', *, *, #2620, .T. ) ;
#2888 = AXIS2_PLACEMENT_3D ( 'NONE', #5552, #2929, #4537 ) ;
#2889 = LINE ( 'NONE', #6627, #6110 ) ;
#2890 = DIRECTION ( 'NONE',  ( -0.000000000000000000, -0.000000000000000000, -1.000000000000000000 ) ) ;
#2891 = ADVANCED_FACE ( 'NONE', ( #4081 ), #606, .T. ) ;
#2892 = CARTESIAN_POINT ( 'NONE',  ( -25.50000000000000355, -7.000000000000004441, 4.999999999999987566 ) ) ;
#2893 = ORIENTED_EDGE ( 'NONE', *, *, #5263, .F. ) ;
#2894 = DIRECTION ( 'NONE',  ( -0.000000000000000000, -1.000000000000000000, -2.551063935260008765E-17 ) ) ;
#2895 = VECTOR ( 'NONE', #499, 1000.000000000000000 ) ;
#2896 = PLANE ( 'NONE',  #736 ) ;
#2897 = CARTESIAN_POINT ( 'NONE',  ( 80.00000000000001421, -18.50000000000000000, -0.5000000000000000000 ) ) ;
#2898 = CARTESIAN_POINT ( 'NONE',  ( 54.62438919186213582, -16.77851033387345225, 3.500000000000003109 ) ) ;
#2899 = ORIENTED_EDGE ( 'NONE', *, *, #4758, .T. ) ;
#2900 = ORIENTED_EDGE ( 'NONE', *, *, #82, .T. ) ;
#2901 = CARTESIAN_POINT ( 'NONE',  ( -25.99999999999998579, -17.50000000000000000, 2.000000000000000000 ) ) ;
#2902 = ORIENTED_EDGE ( 'NONE', *, *, #6829, .F. ) ;
#2903 = CARTESIAN_POINT ( 'NONE',  ( -26.00000000000001776, -20.49999999999999645, 4.000000000000001776 ) ) ;
#2904 = EDGE_CURVE ( 'NONE', #4232, #2876, #6797, .T. ) ;
#2905 = DIRECTION ( 'NONE',  ( -1.000000000000000000, 0.000000000000000000, 0.000000000000000000 ) ) ;
#2906 = ORIENTED_EDGE ( 'NONE', *, *, #2109, .T. ) ;
#2907 = ORIENTED_EDGE ( 'NONE', *, *, #1888, .T. ) ;
#2908 = ORIENTED_EDGE ( 'NONE', *, *, #3998, .F. ) ;
#2909 = CARTESIAN_POINT ( 'NONE',  ( -15.49999999999999822, 0.000000000000000000, 0.000000000000000000 ) ) ;
#2910 = CARTESIAN_POINT ( 'NONE',  ( 32.25000000000000711, -18.50000000000000000, 3.500000000000000000 ) ) ;
#2911 = FACE_OUTER_BOUND ( 'NONE', #3505, .T. ) ;
#2912 = ADVANCED_FACE ( 'NONE', ( #1996 ), #6903, .F. ) ;
#2913 = CARTESIAN_POINT ( 'NONE',  ( 86.31826857315519419, 1.500000000000005995, 3.000000000000000000 ) ) ;
#2914 = VERTEX_POINT ( 'NONE', #5257 ) ;
#2915 = CARTESIAN_POINT ( 'NONE',  ( -13.50000000000000533, -14.50000000000000178, -0.5000000000000000000 ) ) ;
#2916 = VECTOR ( 'NONE', #6836, 1000.000000000000000 ) ;
#2917 = ORIENTED_EDGE ( 'NONE', *, *, #5029, .F. ) ;
#2918 = DIRECTION ( 'NONE',  ( 0.000000000000000000, -0.000000000000000000, -1.000000000000000000 ) ) ;
#2919 = EDGE_CURVE ( 'NONE', #6431, #3835, #17, .T. ) ;
#2920 = DIRECTION ( 'NONE',  ( -1.000000000000000000, 0.000000000000000000, 0.000000000000000000 ) ) ;
#2921 = ORIENTED_EDGE ( 'NONE', *, *, #5138, .F. ) ;
#2922 = LINE ( 'NONE', #6138, #5729 ) ;
#2923 = AXIS2_PLACEMENT_3D ( 'NONE', #5698, #1367, #2452 ) ;
#2924 = CARTESIAN_POINT ( 'NONE',  ( -29.00000000000000000, -7.000000000000004441, 4.000000000000000888 ) ) ;
#2925 = AXIS2_PLACEMENT_3D ( 'NONE', #6524, #4819, #1632 ) ;
#2926 = LINE ( 'NONE', #6076, #1164 ) ;
#2927 = VERTEX_POINT ( 'NONE', #3575 ) ;
#2928 = VECTOR ( 'NONE', #4620, 1000.000000000000000 ) ;
#2929 = DIRECTION ( 'NONE',  ( -0.000000000000000000, -0.000000000000000000, 1.000000000000000000 ) ) ;
#2930 = ADVANCED_FACE ( 'NONE', ( #5296 ), #5703, .F. ) ;
#2931 = VECTOR ( 'NONE', #381, 1000.000000000000000 ) ;
#2932 = VERTEX_POINT ( 'NONE', #411 ) ;
#2933 = DIRECTION ( 'NONE',  ( -1.000000000000000000, 0.000000000000000000, 0.000000000000000000 ) ) ;
#2934 = VECTOR ( 'NONE', #2408, 1000.000000000000000 ) ;
#2935 = AXIS2_PLACEMENT_3D ( 'NONE', #5543, #2706, #2744 ) ;
#2936 = CARTESIAN_POINT ( 'NONE',  ( -5.500000000000000000, -1.599999999999995648, 0.000000000000000000 ) ) ;
#2937 = VERTEX_POINT ( 'NONE', #1438 ) ;
#2938 = VECTOR ( 'NONE', #4449, 1000.000000000000000 ) ;
#2939 = DIRECTION ( 'NONE',  ( 1.000000000000000000, 2.940209281316622371E-17, 0.000000000000000000 ) ) ;
#2940 = DIRECTION ( 'NONE',  ( 0.000000000000000000, -0.000000000000000000, 1.000000000000000000 ) ) ;
#2941 = VECTOR ( 'NONE', #960, 1000.000000000000000 ) ;
#2942 = ORIENTED_EDGE ( 'NONE', *, *, #5059, .F. ) ;
#2943 = EDGE_LOOP ( 'NONE', ( #2281, #1489, #1552, #2365, #5042, #5523 ) ) ;
#2944 = LINE ( 'NONE', #2545, #4610 ) ;
#2945 = EDGE_CURVE ( 'NONE', #4046, #3375, #905, .T. ) ;
#2946 = CARTESIAN_POINT ( 'NONE',  ( 29.38890394934356110, -3.281097546600488801, 3.500000000000000444 ) ) ;
#2947 = CARTESIAN_POINT ( 'NONE',  ( 89.00000000000001421, -4.000000000000000000, -13.50925608610629602 ) ) ;
#2948 = VECTOR ( 'NONE', #3658, 1000.000000000000000 ) ;
#2949 = LINE ( 'NONE', #4555, #1926 ) ;
#2950 = ORIENTED_EDGE ( 'NONE', *, *, #2011, .T. ) ;
#2951 = LINE ( 'NONE', #3014, #2368 ) ;
#2952 = EDGE_CURVE ( 'NONE', #4598, #1642, #946, .T. ) ;
#2953 = ORIENTED_EDGE ( 'NONE', *, *, #5899, .T. ) ;
#2954 = FACE_BOUND ( 'NONE', #5587, .T. ) ;
#2955 = DIRECTION ( 'NONE',  ( 0.000000000000000000, 0.000000000000000000, -1.000000000000000000 ) ) ;
#2956 = AXIS2_PLACEMENT_3D ( 'NONE', #5974, #3924, #746 ) ;
#2957 = DIRECTION ( 'NONE',  ( 0.9808912264268110359, -0.1945569374730864998, 0.000000000000000000 ) ) ;
#2958 = VERTEX_POINT ( 'NONE', #1514 ) ;
#2959 = CARTESIAN_POINT ( 'NONE',  ( 75.01909820294729059, -22.59052552441420403, 3.499999999999989342 ) ) ;
#2960 = EDGE_CURVE ( 'NONE', #754, #481, #4663, .T. ) ;
#2961 = EDGE_CURVE ( 'NONE', #3731, #967, #5777, .T. ) ;
#2962 = DIRECTION ( 'NONE',  ( 0.000000000000000000, 0.000000000000000000, 1.000000000000000000 ) ) ;
#2963 = VECTOR ( 'NONE', #3045, 1000.000000000000000 ) ;
#2964 = LINE ( 'NONE', #319, #4628 ) ;
#2965 = CYLINDRICAL_SURFACE ( 'NONE', #6574, 1.000000000000000000 ) ;
#2966 = CIRCLE ( 'NONE', #6421, 1.250000000000001110 ) ;
#2967 = EDGE_LOOP ( 'NONE', ( #3866, #5215, #4333, #6021, #301 ) ) ;
#2968 = CARTESIAN_POINT ( 'NONE',  ( 93.50000000000001421, -26.50000000000000000, 1.725000000000000089 ) ) ;
#2969 = EDGE_CURVE ( 'NONE', #206, #1719, #4394, .T. ) ;
#2970 = DIRECTION ( 'NONE',  ( -1.000000000000000000, 0.000000000000000000, 0.000000000000000000 ) ) ;
#2971 = ORIENTED_EDGE ( 'NONE', *, *, #642, .T. ) ;
#2972 = CARTESIAN_POINT ( 'NONE',  ( 31.05544306252691911, -11.95476505286242030, -0.5000000000000004441 ) ) ;
#2973 = DIRECTION ( 'NONE',  ( -0.000000000000000000, 0.000000000000000000, -1.000000000000000000 ) ) ;
#2974 = ORIENTED_EDGE ( 'NONE', *, *, #4289, .T. ) ;
#2975 = EDGE_LOOP ( 'NONE', ( #5160, #993, #3260, #3091 ) ) ;
#2976 = ORIENTED_EDGE ( 'NONE', *, *, #2748, .F. ) ;
#2977 = DIRECTION ( 'NONE',  ( 1.000000000000000000, 0.000000000000000000, 0.000000000000000000 ) ) ;
#2978 = DIRECTION ( 'NONE',  ( -0.000000000000000000, -0.000000000000000000, -1.000000000000000000 ) ) ;
#2979 = CARTESIAN_POINT ( 'NONE',  ( -5.849999999999992539, -16.50000000000000000, 15.49546024484603102 ) ) ;
#2980 = DIRECTION ( 'NONE',  ( 0.000000000000000000, 0.000000000000000000, 1.000000000000000000 ) ) ;
#2981 = AXIS2_PLACEMENT_3D ( 'NONE', #1636, #2754, #1669 ) ;
#2982 = ADVANCED_FACE ( 'NONE', ( #5194, #379 ), #2524, .F. ) ;
#2983 = VERTEX_POINT ( 'NONE', #3686 ) ;
#2984 = DIRECTION ( 'NONE',  ( -0.000000000000000000, -1.000000000000000000, -0.000000000000000000 ) ) ;
#2985 = ORIENTED_EDGE ( 'NONE', *, *, #1175, .T. ) ;
#2986 = LINE ( 'NONE', #3353, #6501 ) ;
#2987 = CARTESIAN_POINT ( 'NONE',  ( 1.412277660168312465, -23.50000000000000000, 3.500000000000003109 ) ) ;
#2988 = VECTOR ( 'NONE', #4886, 1000.000000000000000 ) ;
#2989 = ADVANCED_FACE ( 'NONE', ( #344 ), #5809, .T. ) ;
#2990 = DIRECTION ( 'NONE',  ( 0.2556729478064221350, 0.9667633338930343712, 0.000000000000000000 ) ) ;
#2991 = VERTEX_POINT ( 'NONE', #3163 ) ;
#2992 = ORIENTED_EDGE ( 'NONE', *, *, #6292, .T. ) ;
#2993 = DIRECTION ( 'NONE',  ( 1.000000000000000000, 0.000000000000000000, -0.000000000000000000 ) ) ;
#2994 = CARTESIAN_POINT ( 'NONE',  ( 67.68732966102589899, -14.27148697336255623, 3.500000000000000000 ) ) ;
#2995 = VECTOR ( 'NONE', #1819, 1000.000000000000000 ) ;
#2996 = CARTESIAN_POINT ( 'NONE',  ( -14.09999999999999787, -18.50000000000000355, 14.05062109405231396 ) ) ;
#2997 = EDGE_CURVE ( 'NONE', #156, #3053, #1372, .T. ) ;
#2998 = CARTESIAN_POINT ( 'NONE',  ( 32.25000000000000711, -11.71782813964461845, -0.5000000000000004441 ) ) ;
#2999 = VECTOR ( 'NONE', #4429, 1000.000000000000000 ) ;
#3000 = ORIENTED_EDGE ( 'NONE', *, *, #1493, .F. ) ;
#3001 = LINE ( 'NONE', #2010, #2376 ) ;
#3002 = CARTESIAN_POINT ( 'NONE',  ( 31.25000000000000711, -18.50000000000000000, 3.500000000000003109 ) ) ;
#3003 = EDGE_LOOP ( 'NONE', ( #222, #6342, #2514, #1411 ) ) ;
#3004 = LINE ( 'NONE', #5144, #1508 ) ;
#3005 = ADVANCED_FACE ( 'NONE', ( #6761 ), #3016, .F. ) ;
#3006 = CARTESIAN_POINT ( 'NONE',  ( -16.50000000000000355, -6.099999999999996092, 2.000000000000000000 ) ) ;
#3007 = EDGE_LOOP ( 'NONE', ( #4070, #2322, #2760, #3821 ) ) ;
#3008 = ORIENTED_EDGE ( 'NONE', *, *, #5983, .F. ) ;
#3009 = CARTESIAN_POINT ( 'NONE',  ( 38.88460495814677387, -2.271529070723415700, -9.227922061357867634 ) ) ;
#3010 = LINE ( 'NONE', #1921, #1280 ) ;
#3011 = DIRECTION ( 'NONE',  ( -0.9459459459459460540, -0.3243243243243237317, 0.000000000000000000 ) ) ;
#3012 = CARTESIAN_POINT ( 'NONE',  ( 70.00000000000000000, 0.000000000000000000, 0.000000000000000000 ) ) ;
#3013 = ORIENTED_EDGE ( 'NONE', *, *, #4249, .F. ) ;
#3014 = CARTESIAN_POINT ( 'NONE',  ( -39.37265766372466658, -3.399999999999995914, 4.000000000000000000 ) ) ;
#3015 = EDGE_LOOP ( 'NONE', ( #4464, #6725, #4889, #1122, #3681, #3693, #6088, #685, #6290 ) ) ;
#3016 = PLANE ( 'NONE',  #6514 ) ;
#3017 = DIRECTION ( 'NONE',  ( -1.000000000000000000, 0.000000000000000000, 0.000000000000000000 ) ) ;
#3018 = CARTESIAN_POINT ( 'NONE',  ( -16.50000000000000355, -8.500000000000007105, -0.4999999999999995559 ) ) ;
#3019 = VERTEX_POINT ( 'NONE', #2112 ) ;
#3020 = ORIENTED_EDGE ( 'NONE', *, *, #253, .T. ) ;
#3021 = DIRECTION ( 'NONE',  ( -1.000000000000000000, 0.000000000000000000, 0.000000000000000000 ) ) ;
#3022 = LINE ( 'NONE', #2924, #5682 ) ;
#3023 = EDGE_CURVE ( 'NONE', #5762, #44, #2270, .T. ) ;
#3024 = CARTESIAN_POINT ( 'NONE',  ( -27.50000000000000000, -1.599999999999995648, -4.000000000000000000 ) ) ;
#3025 = CYLINDRICAL_SURFACE ( 'NONE', #973, 4.000000000000003553 ) ;
#3026 = LINE ( 'NONE', #4677, #5825 ) ;
#3027 = ORIENTED_EDGE ( 'NONE', *, *, #3149, .T. ) ;
#3028 = DIRECTION ( 'NONE',  ( -1.000000000000000000, 0.000000000000000000, 0.000000000000000000 ) ) ;
#3029 = EDGE_CURVE ( 'NONE', #6658, #2611, #2034, .T. ) ;
#3030 = FACE_BOUND ( 'NONE', #208, .T. ) ;
#3031 = ORIENTED_EDGE ( 'NONE', *, *, #1679, .T. ) ;
#3032 = AXIS2_PLACEMENT_3D ( 'NONE', #1826, #5989, #1192 ) ;
#3033 = LINE ( 'NONE', #6745, #4869 ) ;
#3034 = CARTESIAN_POINT ( 'NONE',  ( -22.50000000000000000, -24.00000000000001421, -9.718927473138723627 ) ) ;
#3035 = AXIS2_PLACEMENT_3D ( 'NONE', #588, #6902, #4379 ) ;
#3036 = ORIENTED_EDGE ( 'NONE', *, *, #2687, .F. ) ;
#3037 = ORIENTED_EDGE ( 'NONE', *, *, #3559, .T. ) ;
#3038 = AXIS2_PLACEMENT_3D ( 'NONE', #6113, #6536, #4934 ) ;
#3039 = AXIS2_PLACEMENT_3D ( 'NONE', #4660, #4215, #6932 ) ;
#3040 = ADVANCED_FACE ( 'NONE', ( #4248 ), #4879, .F. ) ;
#3041 = EDGE_CURVE ( 'NONE', #6665, #277, #2246, .T. ) ;
#3042 = VECTOR ( 'NONE', #1829, 1000.000000000000000 ) ;
#3043 = DIRECTION ( 'NONE',  ( 0.000000000000000000, 0.000000000000000000, -1.000000000000000000 ) ) ;
#3044 = EDGE_CURVE ( 'NONE', #1833, #1193, #1580, .T. ) ;
#3045 = DIRECTION ( 'NONE',  ( -1.000000000000000000, -0.000000000000000000, -0.000000000000000000 ) ) ;
#3046 = VECTOR ( 'NONE', #5445, 1000.000000000000000 ) ;
#3047 = VECTOR ( 'NONE', #567, 1000.000000000000000 ) ;
#3048 = CARTESIAN_POINT ( 'NONE',  ( -5.849999999999992539, -16.50000000000000000, 3.499999999999999556 ) ) ;
#3049 = CARTESIAN_POINT ( 'NONE',  ( 78.24999999999992895, -21.50000000000000000, 1.500000000000002220 ) ) ;
#3050 = ORIENTED_EDGE ( 'NONE', *, *, #2190, .T. ) ;
#3051 = DIRECTION ( 'NONE',  ( 1.000000000000000000, -0.000000000000000000, 0.000000000000000000 ) ) ;
#3052 = AXIS2_PLACEMENT_3D ( 'NONE', #5162, #6734, #1871 ) ;
#3053 = VERTEX_POINT ( 'NONE', #2699 ) ;
#3054 = DIRECTION ( 'NONE',  ( -0.000000000000000000, 1.000000000000000000, -0.000000000000000000 ) ) ;
#3055 = EDGE_CURVE ( 'NONE', #2252, #1823, #6871, .T. ) ;
#3056 = LINE ( 'NONE', #2393, #519 ) ;
#3057 = AXIS2_PLACEMENT_3D ( 'NONE', #2289, #1127, #6063 ) ;
#3058 = CARTESIAN_POINT ( 'NONE',  ( 4.468929208867482572, -2.304226675533800783, 3.500000000000000000 ) ) ;
#3059 = VERTEX_POINT ( 'NONE', #6438 ) ;
#3060 = ORIENTED_EDGE ( 'NONE', *, *, #3783, .F. ) ;
#3061 = CARTESIAN_POINT ( 'NONE',  ( 74.60333844267950099, -24.50000000000000000, 3.500000000000003109 ) ) ;
#3062 = LINE ( 'NONE', #6771, #1778 ) ;
#3063 = VECTOR ( 'NONE', #3852, 1000.000000000000000 ) ;
#3064 = DIRECTION ( 'NONE',  ( 0.000000000000000000, -1.000000000000000000, 0.000000000000000000 ) ) ;
#3065 = CARTESIAN_POINT ( 'NONE',  ( -8.849999999999996092, -18.50000000000000355, 0.5000000000000000000 ) ) ;
#3066 = CARTESIAN_POINT ( 'NONE',  ( -16.50000000000001066, -6.100000000000005862, -1.699999999999999956 ) ) ;
#3067 = ORIENTED_EDGE ( 'NONE', *, *, #5998, .F. ) ;
#3068 = LINE ( 'NONE', #4679, #3280 ) ;
#3069 = AXIS2_PLACEMENT_3D ( 'NONE', #1163, #2775, #3870 ) ;
#3070 = ADVANCED_FACE ( 'NONE', ( #3234 ), #30, .T. ) ;
#3071 = CARTESIAN_POINT ( 'NONE',  ( -0.6660605559646740614, -18.10000000000000142, 91.99722379239923953 ) ) ;
#3072 = FACE_BOUND ( 'NONE', #1488, .T. ) ;
#3073 = ORIENTED_EDGE ( 'NONE', *, *, #2272, .F. ) ;
#3074 = CYLINDRICAL_SURFACE ( 'NONE', #3751, 1.999999999999998224 ) ;
#3075 = CARTESIAN_POINT ( 'NONE',  ( 3.000000000000002665, -16.50000000000001066, -0.5000000000000000000 ) ) ;
#3076 = EDGE_CURVE ( 'NONE', #1501, #4527, #100, .T. ) ;
#3077 = ORIENTED_EDGE ( 'NONE', *, *, #5649, .T. ) ;
#3078 = ORIENTED_EDGE ( 'NONE', *, *, #6746, .T. ) ;
#3079 = CYLINDRICAL_SURFACE ( 'NONE', #904, 1.000000000000000000 ) ;
#3080 = DIRECTION ( 'NONE',  ( -1.000000000000000000, 0.000000000000000000, 0.000000000000000000 ) ) ;
#3081 = EDGE_CURVE ( 'NONE', #2602, #2342, #2179, .T. ) ;
#3082 = DIRECTION ( 'NONE',  ( 0.000000000000000000, -1.000000000000000000, 1.885568995626961082E-16 ) ) ;
#3083 = CARTESIAN_POINT ( 'NONE',  ( 93.50000000000001421, -4.000000000000000000, 0.000000000000000000 ) ) ;
#3084 = EDGE_CURVE ( 'NONE', #5730, #761, #4844, .T. ) ;
#3085 = ORIENTED_EDGE ( 'NONE', *, *, #3559, .F. ) ;
#3086 = FACE_OUTER_BOUND ( 'NONE', #1901, .T. ) ;
#3087 = CARTESIAN_POINT ( 'NONE',  ( -22.50000000000000000, -1.599999999999995648, -4.000000000000000000 ) ) ;
#3088 = PLANE ( 'NONE',  #4783 ) ;
#3089 = LINE ( 'NONE', #876, #6277 ) ;
#3090 = ORIENTED_EDGE ( 'NONE', *, *, #4846, .T. ) ;
#3091 = ORIENTED_EDGE ( 'NONE', *, *, #6284, .F. ) ;
#3092 = CARTESIAN_POINT ( 'NONE',  ( -3.413301413797751760, -14.75000000000000178, 15.49546024484603102 ) ) ;
#3093 = ORIENTED_EDGE ( 'NONE', *, *, #5435, .F. ) ;
#3094 = PLANE ( 'NONE',  #4709 ) ;
#3095 = VECTOR ( 'NONE', #2324, 1000.000000000000114 ) ;
#3096 = PLANE ( 'NONE',  #2286 ) ;
#3097 = EDGE_CURVE ( 'NONE', #2379, #5125, #5919, .T. ) ;
#3098 = FACE_OUTER_BOUND ( 'NONE', #24, .T. ) ;
#3099 = DIRECTION ( 'NONE',  ( -1.000000000000000000, 0.000000000000000000, 0.000000000000000000 ) ) ;
#3100 = ORIENTED_EDGE ( 'NONE', *, *, #3081, .T. ) ;
#3101 = CIRCLE ( 'NONE', #6338, 3.250000000000007550 ) ;
#3102 = CARTESIAN_POINT ( 'NONE',  ( 0.000000000000000000, 0.000000000000000000, 3.500000000000000000 ) ) ;
#3103 = CARTESIAN_POINT ( 'NONE',  ( 27.63182519208454480, -1.599999999999999867, 0.000000000000000000 ) ) ;
#3104 = CARTESIAN_POINT ( 'NONE',  ( -21.50000000000000000, -1.599999999999994760, 6.000000000000000000 ) ) ;
#3105 = VERTEX_POINT ( 'NONE', #5883 ) ;
#3106 = CARTESIAN_POINT ( 'NONE',  ( 35.44455693747309510, -11.95476505286242030, -0.5000000000000004441 ) ) ;
#3107 = VECTOR ( 'NONE', #2363, 1000.000000000000000 ) ;
#3108 = EDGE_CURVE ( 'NONE', #1201, #3251, #6515, .T. ) ;
#3109 = DIRECTION ( 'NONE',  ( -1.000000000000000000, 0.000000000000000000, 0.000000000000000000 ) ) ;
#3110 = AXIS2_PLACEMENT_3D ( 'NONE', #3477, #3582, #317 ) ;
#3111 = ORIENTED_EDGE ( 'NONE', *, *, #1702, .F. ) ;
#3112 = ORIENTED_EDGE ( 'NONE', *, *, #1766, .T. ) ;
#3113 = ORIENTED_EDGE ( 'NONE', *, *, #4153, .T. ) ;
#3114 = VECTOR ( 'NONE', #3378, 1000.000000000000000 ) ;
#3115 = DIRECTION ( 'NONE',  ( -1.000000000000000000, 0.000000000000000000, 0.000000000000000000 ) ) ;
#3116 = EDGE_CURVE ( 'NONE', #692, #2855, #590, .T. ) ;
#3117 = DIRECTION ( 'NONE',  ( 1.000000000000000000, 1.734723475976807094E-15, 0.000000000000000000 ) ) ;
#3118 = CIRCLE ( 'NONE', #4571, 4.500000000000000000 ) ;
#3119 = CARTESIAN_POINT ( 'NONE',  ( -5.500000000000000000, -0.9473224931973076579, -1.700000000000000178 ) ) ;
#3120 = CARTESIAN_POINT ( 'NONE',  ( -7.368174807915458757, -1.599999999999995426, -1.700000000000000178 ) ) ;
#3121 = ORIENTED_EDGE ( 'NONE', *, *, #5451, .F. ) ;
#3122 = LINE ( 'NONE', #5740, #5285 ) ;
#3123 = ORIENTED_EDGE ( 'NONE', *, *, #642, .F. ) ;
#3124 = EDGE_CURVE ( 'NONE', #3643, #1261, #6473, .T. ) ;
#3125 = CARTESIAN_POINT ( 'NONE',  ( -0.9290584113754267737, -17.25000000000000000, -0.5000000000000000000 ) ) ;
#3126 = DIRECTION ( 'NONE',  ( 0.000000000000000000, 0.000000000000000000, -1.000000000000000000 ) ) ;
#3127 = DIRECTION ( 'NONE',  ( -0.000000000000000000, -0.000000000000000000, -1.000000000000000000 ) ) ;
#3128 = VERTEX_POINT ( 'NONE', #3202 ) ;
#3129 = VERTEX_POINT ( 'NONE', #2740 ) ;
#3130 = DIRECTION ( 'NONE',  ( -1.000000000000000000, 0.000000000000000000, 0.000000000000000000 ) ) ;
#3131 = DIRECTION ( 'NONE',  ( 0.000000000000000000, 0.000000000000000000, 1.000000000000000000 ) ) ;
#3132 = ADVANCED_FACE ( 'NONE', ( #1688 ), #5330, .F. ) ;
#3133 = ORIENTED_EDGE ( 'NONE', *, *, #3790, .T. ) ;
#3134 = EDGE_CURVE ( 'NONE', #2693, #1201, #6648, .T. ) ;
#3135 = FACE_OUTER_BOUND ( 'NONE', #487, .T. ) ;
#3136 = LINE ( 'NONE', #1595, #1661 ) ;
#3137 = CARTESIAN_POINT ( 'NONE',  ( 6.284715534938208670, -14.21731652335774676, -0.5000000000000000000 ) ) ;
#3138 = ORIENTED_EDGE ( 'NONE', *, *, #1572, .T. ) ;
#3139 = DIRECTION ( 'NONE',  ( -0.000000000000000000, -0.000000000000000000, 1.000000000000000000 ) ) ;
#3140 = DIRECTION ( 'NONE',  ( 0.000000000000000000, 0.000000000000000000, -1.000000000000000000 ) ) ;
#3141 = LINE ( 'NONE', #3104, #5284 ) ;
#3142 = VERTEX_POINT ( 'NONE', #4913 ) ;
#3143 = CYLINDRICAL_SURFACE ( 'NONE', #1627, 1.250000000000001110 ) ;
#3144 = EDGE_CURVE ( 'NONE', #2732, #1315, #6752, .T. ) ;
#3145 = CARTESIAN_POINT ( 'NONE',  ( 0.000000000000000000, 0.000000000000000000, 1.000000000000000000 ) ) ;
#3146 = AXIS2_PLACEMENT_3D ( 'NONE', #4838, #1084, #4243 ) ;
#3147 = ORIENTED_EDGE ( 'NONE', *, *, #1676, .F. ) ;
#3148 = EDGE_LOOP ( 'NONE', ( #4493, #349, #4957, #664 ) ) ;
#3149 = EDGE_CURVE ( 'NONE', #4702, #3128, #6415, .T. ) ;
#3150 = AXIS2_PLACEMENT_3D ( 'NONE', #6655, #5086, #4481 ) ;
#3151 = CARTESIAN_POINT ( 'NONE',  ( 1.412277660168312465, -24.50000000000000000, 3.500000000000003109 ) ) ;
#3152 = AXIS2_PLACEMENT_3D ( 'NONE', #1206, #5893, #6481 ) ;
#3153 = CARTESIAN_POINT ( 'NONE',  ( 62.25000000000001421, -16.50000000000000355, -4.000999999999999446 ) ) ;
#3154 = ORIENTED_EDGE ( 'NONE', *, *, #6772, .F. ) ;
#3155 = ORIENTED_EDGE ( 'NONE', *, *, #48, .F. ) ;
#3156 = DIRECTION ( 'NONE',  ( 0.000000000000000000, 0.000000000000000000, 1.000000000000000000 ) ) ;
#3157 = VECTOR ( 'NONE', #2634, 1000.000000000000000 ) ;
#3158 = ORIENTED_EDGE ( 'NONE', *, *, #5089, .F. ) ;
#3159 = CARTESIAN_POINT ( 'NONE',  ( -11.50000000000000533, -12.50000000000000178, 15.49546024484603102 ) ) ;
#3160 = CYLINDRICAL_SURFACE ( 'NONE', #2476, 1.000000000000000888 ) ;
#3161 = ORIENTED_EDGE ( 'NONE', *, *, #3697, .F. ) ;
#3162 = VECTOR ( 'NONE', #5276, 1000.000000000000000 ) ;
#3163 = CARTESIAN_POINT ( 'NONE',  ( 36.41227766016831424, -20.09042769776545967, 3.500000000000000000 ) ) ;
#3164 = VECTOR ( 'NONE', #4451, 1000.000000000000000 ) ;
#3165 = AXIS2_PLACEMENT_3D ( 'NONE', #2378, #1785, #1190 ) ;
#3166 = VECTOR ( 'NONE', #1471, 1000.000000000000000 ) ;
#3167 = ADVANCED_FACE ( 'NONE', ( #4809 ), #2141, .F. ) ;
#3168 = LINE ( 'NONE', #4666, #3157 ) ;
#3169 = VERTEX_POINT ( 'NONE', #1331 ) ;
#3170 = ORIENTED_EDGE ( 'NONE', *, *, #4803, .F. ) ;
#3171 = VECTOR ( 'NONE', #464, 1000.000000000000000 ) ;
#3172 = DIRECTION ( 'NONE',  ( -0.000000000000000000, 0.000000000000000000, 1.000000000000000000 ) ) ;
#3173 = DIRECTION ( 'NONE',  ( -1.000000000000000000, 0.000000000000000000, 0.000000000000000000 ) ) ;
#3174 = CARTESIAN_POINT ( 'NONE',  ( -14.09999999999999787, -20.00000000000000355, 5.000000000000000888 ) ) ;
#3175 = AXIS2_PLACEMENT_3D ( 'NONE', #6526, #77, #2223 ) ;
#3176 = DIRECTION ( 'NONE',  ( 1.000000000000000000, 0.000000000000000000, 0.000000000000000000 ) ) ;
#3177 = EDGE_CURVE ( 'NONE', #6137, #3323, #2418, .T. ) ;
#3178 = EDGE_CURVE ( 'NONE', #6555, #1160, #5497, .T. ) ;
#3179 = DIRECTION ( 'NONE',  ( -1.000000000000000000, 1.734723475976807094E-15, 0.000000000000000000 ) ) ;
#3180 = ORIENTED_EDGE ( 'NONE', *, *, #2262, .T. ) ;
#3181 = LINE ( 'NONE', #534, #913 ) ;
#3182 = LINE ( 'NONE', #5310, #849 ) ;
#3183 = AXIS2_PLACEMENT_3D ( 'NONE', #3662, #3698, #1629 ) ;
#3184 = CARTESIAN_POINT ( 'NONE',  ( -7.349999999999995204, -14.50000000000000355, -4.000999999999999446 ) ) ;
#3185 = VERTEX_POINT ( 'NONE', #4035 ) ;
#3186 = FACE_OUTER_BOUND ( 'NONE', #3257, .T. ) ;
#3187 = DIRECTION ( 'NONE',  ( 0.000000000000000000, 0.000000000000000000, 1.000000000000000000 ) ) ;
#3188 = ORIENTED_EDGE ( 'NONE', *, *, #1318, .T. ) ;
#3189 = ORIENTED_EDGE ( 'NONE', *, *, #2784, .T. ) ;
#3190 = DIRECTION ( 'NONE',  ( 0.000000000000000000, -1.000000000000000000, 0.000000000000000000 ) ) ;
#3191 = ORIENTED_EDGE ( 'NONE', *, *, #6586, .F. ) ;
#3192 = CIRCLE ( 'NONE', #4091, 1.000000000000000888 ) ;
#3193 = CARTESIAN_POINT ( 'NONE',  ( -1.683748498798798732, -18.25000000000000355, -0.5000000000000004441 ) ) ;
#3194 = ADVANCED_FACE ( 'NONE', ( #3907 ), #2285, .F. ) ;
#3195 = ORIENTED_EDGE ( 'NONE', *, *, #4082, .F. ) ;
#3196 = AXIS2_PLACEMENT_3D ( 'NONE', #5079, #6146, #3328 ) ;
#3197 = CARTESIAN_POINT ( 'NONE',  ( -21.00000000000001066, -26.50000000000000000, 3.000000000000000000 ) ) ;
#3198 = EDGE_LOOP ( 'NONE', ( #5995, #4619, #3839, #1174 ) ) ;
#3199 = CARTESIAN_POINT ( 'NONE',  ( -1.052364393954625443, -11.50000000000000711, 3.500000000000003109 ) ) ;
#3200 = DIRECTION ( 'NONE',  ( -0.000000000000000000, 0.000000000000000000, -1.000000000000000000 ) ) ;
#3201 = ORIENTED_EDGE ( 'NONE', *, *, #4455, .F. ) ;
#3202 = CARTESIAN_POINT ( 'NONE',  ( 66.32573610340175208, -19.33111558823231491, -0.5000000000000000000 ) ) ;
#3203 = LINE ( 'NONE', #6441, #5067 ) ;
#3204 = ORIENTED_EDGE ( 'NONE', *, *, #5226, .T. ) ;
#3205 = DIRECTION ( 'NONE',  ( 0.000000000000000000, 1.000000000000000000, -0.000000000000000000 ) ) ;
#3206 = LINE ( 'NONE', #953, #2916 ) ;
#3207 = ADVANCED_FACE ( 'NONE', ( #3403 ), #3461, .T. ) ;
#3208 = CARTESIAN_POINT ( 'NONE',  ( -4.422545647627139864, -10.99552708463976458, -0.5000000000000004441 ) ) ;
#3209 = DIRECTION ( 'NONE',  ( -0.000000000000000000, 0.000000000000000000, 1.000000000000000000 ) ) ;
#3210 = CARTESIAN_POINT ( 'NONE',  ( 40.61109605065644246, -3.281097546600489689, 3.500000000000000444 ) ) ;
#3211 = ORIENTED_EDGE ( 'NONE', *, *, #865, .F. ) ;
#3212 = DIRECTION ( 'NONE',  ( 0.000000000000000000, 0.000000000000000000, 1.000000000000000000 ) ) ;
#3213 = AXIS2_PLACEMENT_3D ( 'NONE', #6317, #1530, #3668 ) ;
#3214 = DIRECTION ( 'NONE',  ( -0.000000000000000000, -0.000000000000000000, -1.000000000000000000 ) ) ;
#3215 = LINE ( 'NONE', #468, #6849 ) ;
#3216 = VERTEX_POINT ( 'NONE', #274 ) ;
#3217 = EDGE_CURVE ( 'NONE', #1624, #4002, #3303, .T. ) ;
#3218 = CARTESIAN_POINT ( 'NONE',  ( 30.00281947360349122, -21.73394973275113884, 2.905507083433554794 ) ) ;
#3219 = CARTESIAN_POINT ( 'NONE',  ( -1.676349562706285878, -14.73032354161088264, -0.5000000000000004441 ) ) ;
#3220 = VECTOR ( 'NONE', #5403, 1000.000000000000000 ) ;
#3221 = VERTEX_POINT ( 'NONE', #800 ) ;
#3222 = VERTEX_POINT ( 'NONE', #6688 ) ;
#3223 = VERTEX_POINT ( 'NONE', #203 ) ;
#3224 = CIRCLE ( 'NONE', #5009, 1.000000000000000888 ) ;
#3225 = DIRECTION ( 'NONE',  ( 0.9808912264268110359, 0.1945569374730865553, 0.000000000000000000 ) ) ;
#3226 = FACE_OUTER_BOUND ( 'NONE', #5317, .T. ) ;
#3227 = ORIENTED_EDGE ( 'NONE', *, *, #4145, .F. ) ;
#3228 = VECTOR ( 'NONE', #3663, 1000.000000000000000 ) ;
#3229 = CYLINDRICAL_SURFACE ( 'NONE', #3371, 3.250000000000000888 ) ;
#3230 = ORIENTED_EDGE ( 'NONE', *, *, #341, .F. ) ;
#3231 = LINE ( 'NONE', #4418, #458 ) ;
#3232 = CARTESIAN_POINT ( 'NONE',  ( 68.48732929018946436, -16.85573382074009530, 91.99722379239923953 ) ) ;
#3233 = ORIENTED_EDGE ( 'NONE', *, *, #6720, .F. ) ;
#3234 = FACE_OUTER_BOUND ( 'NONE', #2629, .T. ) ;
#3235 = DIRECTION ( 'NONE',  ( 0.1945569374730864720, -0.9808912264268110359, 0.000000000000000000 ) ) ;
#3236 = ORIENTED_EDGE ( 'NONE', *, *, #6310, .F. ) ;
#3237 = CARTESIAN_POINT ( 'NONE',  ( 0.4122776601683184050, -21.00364639817820844, -0.5000000000000004441 ) ) ;
#3238 = FACE_OUTER_BOUND ( 'NONE', #220, .T. ) ;
#3239 = ORIENTED_EDGE ( 'NONE', *, *, #6620, .T. ) ;
#3240 = CARTESIAN_POINT ( 'NONE',  ( 75.38663287409556801, -24.12508936796201908, 1.209426580183992295 ) ) ;
#3241 = DIRECTION ( 'NONE',  ( 1.000000000000000000, 0.000000000000000000, -0.000000000000000000 ) ) ;
#3242 = DIRECTION ( 'NONE',  ( 1.000000000000000000, 0.000000000000000000, 0.000000000000000000 ) ) ;
#3243 = ORIENTED_EDGE ( 'NONE', *, *, #979, .F. ) ;
#3244 = PLANE ( 'NONE',  #6176 ) ;
#3245 = ADVANCED_FACE ( 'NONE', ( #6058 ), #1891, .F. ) ;
#3246 = CARTESIAN_POINT ( 'NONE',  ( 74.99360889468384528, -22.57887326920805293, 2.632267208219006172 ) ) ;
#3247 = LINE ( 'NONE', #5794, #4500 ) ;
#3248 = ORIENTED_EDGE ( 'NONE', *, *, #2692, .T. ) ;
#3249 = DIRECTION ( 'NONE',  ( 0.000000000000000000, -1.000000000000000000, 0.000000000000000000 ) ) ;
#3250 = CARTESIAN_POINT ( 'NONE',  ( 79.19607361829122283, -24.50000000000000000, 3.500000000000000000 ) ) ;
#3251 = VERTEX_POINT ( 'NONE', #6152 ) ;
#3252 = ORIENTED_EDGE ( 'NONE', *, *, #1120, .T. ) ;
#3253 = EDGE_CURVE ( 'NONE', #5078, #246, #711, .T. ) ;
#3254 = DIRECTION ( 'NONE',  ( 0.000000000000000000, 0.000000000000000000, 1.000000000000000000 ) ) ;
#3255 = PLANE ( 'NONE',  #3638 ) ;
#3256 = DIRECTION ( 'NONE',  ( 0.000000000000000000, 1.000000000000000000, 0.000000000000000000 ) ) ;
#3257 = EDGE_LOOP ( 'NONE', ( #2695, #4857, #6579, #4667 ) ) ;
#3258 = ADVANCED_FACE ( 'NONE', ( #2911 ), #6094, .F. ) ;
#3259 = CARTESIAN_POINT ( 'NONE',  ( 75.02645940460088525, -22.59389064517013423, 3.169416529873912314 ) ) ;
#3260 = ORIENTED_EDGE ( 'NONE', *, *, #5245, .F. ) ;
#3261 = DIRECTION ( 'NONE',  ( 0.000000000000000000, -0.000000000000000000, 1.000000000000000000 ) ) ;
#3262 = EDGE_CURVE ( 'NONE', #6354, #657, #3632, .T. ) ;
#3263 = DIRECTION ( 'NONE',  ( -0.000000000000000000, -0.000000000000000000, -1.000000000000000000 ) ) ;
#3264 = EDGE_LOOP ( 'NONE', ( #516, #1095, #1285, #2288, #3753, #975, #5155 ) ) ;
#3265 = CARTESIAN_POINT ( 'NONE',  ( -2.750000000000064837, -21.50000000000000000, 2.749999999999995115 ) ) ;
#3266 = VECTOR ( 'NONE', #1789, 1000.000000000000114 ) ;
#3267 = CIRCLE ( 'NONE', #6, 1.000000000000000000 ) ;
#3268 = EDGE_CURVE ( 'NONE', #671, #5739, #4986, .T. ) ;
#3269 = DIRECTION ( 'NONE',  ( 0.000000000000000000, 0.000000000000000000, 1.000000000000000000 ) ) ;
#3270 = ORIENTED_EDGE ( 'NONE', *, *, #2960, .T. ) ;
#3271 = DIRECTION ( 'NONE',  ( 0.000000000000000000, 0.000000000000000000, -1.000000000000000000 ) ) ;
#3272 = VECTOR ( 'NONE', #4104, 1000.000000000000000 ) ;
#3273 = AXIS2_PLACEMENT_3D ( 'NONE', #377, #2522, #2559 ) ;
#3274 = ADVANCED_FACE ( 'NONE', ( #6585 ), #4482, .T. ) ;
#3275 = VERTEX_POINT ( 'NONE', #4454 ) ;
#3276 = AXIS2_PLACEMENT_3D ( 'NONE', #5994, #3235, #2145 ) ;
#3277 = PLANE ( 'NONE',  #6189 ) ;
#3278 = VECTOR ( 'NONE', #6212, 1000.000000000000114 ) ;
#3279 = DIRECTION ( 'NONE',  ( -1.000000000000000000, 1.084202172485504434E-16, 2.765869060758321858E-33 ) ) ;
#3280 = VECTOR ( 'NONE', #1979, 1000.000000000000000 ) ;
#3281 = ADVANCED_FACE ( 'NONE', ( #3434 ), #2882, .F. ) ;
#3282 = CARTESIAN_POINT ( 'NONE',  ( 36.41227766016831424, -21.33047371415610627, 3.500000000000000000 ) ) ;
#3283 = EDGE_LOOP ( 'NONE', ( #5139, #5798, #2768, #4038 ) ) ;
#3284 = DIRECTION ( 'NONE',  ( 1.000000000000000000, 0.000000000000000000, 0.000000000000000000 ) ) ;
#3285 = CYLINDRICAL_SURFACE ( 'NONE', #3322, 4.000000000000000000 ) ;
#3286 = CARTESIAN_POINT ( 'NONE',  ( -22.50000000000000000, -7.000000000000004441, 2.500000000000000000 ) ) ;
#3287 = CIRCLE ( 'NONE', #4179, 1.000000000000000000 ) ;
#3288 = CARTESIAN_POINT ( 'NONE',  ( 72.68750000000001421, -11.50000000000000711, 3.500000000000003109 ) ) ;
#3289 = DIRECTION ( 'NONE',  ( 0.7522364576801210401, -0.6588932476030266994, -0.000000000000000000 ) ) ;
#3290 = EDGE_LOOP ( 'NONE', ( #3180, #4151, #1340, #4884 ) ) ;
#3291 = VECTOR ( 'NONE', #4806, 1000.000000000000000 ) ;
#3292 = VERTEX_POINT ( 'NONE', #3975 ) ;
#3293 = DIRECTION ( 'NONE',  ( -1.211399075402798040E-16, -1.000000000000000000, 0.000000000000000000 ) ) ;
#3294 = CARTESIAN_POINT ( 'NONE',  ( 35.44455693747309510, -11.95476505286242030, 3.500000000000000000 ) ) ;
#3295 = VECTOR ( 'NONE', #1533, 1000.000000000000000 ) ;
#3296 = EDGE_CURVE ( 'NONE', #945, #1045, #5569, .T. ) ;
#3297 = FACE_OUTER_BOUND ( 'NONE', #2588, .T. ) ;
#3298 = ORIENTED_EDGE ( 'NONE', *, *, #2183, .T. ) ;
#3299 = ORIENTED_EDGE ( 'NONE', *, *, #5911, .T. ) ;
#3300 = CARTESIAN_POINT ( 'NONE',  ( 0.000000000000000000, 0.000000000000000000, 0.000000000000000000 ) ) ;
#3301 = ORIENTED_EDGE ( 'NONE', *, *, #2510, .T. ) ;
#3302 = CARTESIAN_POINT ( 'NONE',  ( 0.4881617350007060874, -23.88709902052691803, 3.062765141997020102 ) ) ;
#3303 = CIRCLE ( 'NONE', #1049, 1.000000000000000888 ) ;
#3304 = CARTESIAN_POINT ( 'NONE',  ( 59.32540679113373727, -18.63840397036847207, 3.500000000000000000 ) ) ;
#3305 = CARTESIAN_POINT ( 'NONE',  ( 85.00000000000001421, -8.500000000000003553, -0.5000000000000000000 ) ) ;
#3306 = EDGE_CURVE ( 'NONE', #1693, #1258, #5088, .T. ) ;
#3307 = AXIS2_PLACEMENT_3D ( 'NONE', #4171, #1541, #3645 ) ;
#3308 = CARTESIAN_POINT ( 'NONE',  ( -2.750000000000064837, -21.50000000000000000, 3.999999999999994671 ) ) ;
#3309 = EDGE_LOOP ( 'NONE', ( #6028, #2746 ) ) ;
#3310 = CARTESIAN_POINT ( 'NONE',  ( -0.9290584113754267737, -15.75000000000000000, -3.914063024657434831 ) ) ;
#3311 = EDGE_LOOP ( 'NONE', ( #2090, #5299, #2582, #545 ) ) ;
#3312 = EDGE_CURVE ( 'NONE', #3222, #1633, #937, .T. ) ;
#3313 = CARTESIAN_POINT ( 'NONE',  ( 75.08868912716148714, -22.62223879860071563, 1.966295647165086091 ) ) ;
#3314 = CARTESIAN_POINT ( 'NONE',  ( -26.00000000000001421, -20.50000000000000000, -4.964194138592089800 ) ) ;
#3315 = CARTESIAN_POINT ( 'NONE',  ( 6.488585344085265660, -18.45698040282307062, -55.82353258373179727 ) ) ;
#3316 = ORIENTED_EDGE ( 'NONE', *, *, #592, .T. ) ;
#3317 = LINE ( 'NONE', #6073, #5400 ) ;
#3318 = CARTESIAN_POINT ( 'NONE',  ( -21.50000000000000000, -1.599999999999994760, 6.000000000000000000 ) ) ;
#3319 = CARTESIAN_POINT ( 'NONE',  ( 68.48732929018946436, -16.85573382074009530, 3.500000000000003109 ) ) ;
#3320 = DIRECTION ( 'NONE',  ( 1.000000000000000000, -0.000000000000000000, -0.000000000000000000 ) ) ;
#3321 = CARTESIAN_POINT ( 'NONE',  ( 17.92856625858350839, -11.50000000000000711, 3.500000000000003109 ) ) ;
#3322 = AXIS2_PLACEMENT_3D ( 'NONE', #2682, #1033, #6454 ) ;
#3323 = VERTEX_POINT ( 'NONE', #1433 ) ;
#3324 = VERTEX_POINT ( 'NONE', #6717 ) ;
#3325 = CARTESIAN_POINT ( 'NONE',  ( 30.00000000000000000, -20.36109254262392554, 3.000419643914536749 ) ) ;
#3326 = ORIENTED_EDGE ( 'NONE', *, *, #1720, .T. ) ;
#3327 = EDGE_CURVE ( 'NONE', #2794, #4447, #3010, .T. ) ;
#3328 = DIRECTION ( 'NONE',  ( 1.000000000000000000, -3.469446951953614189E-15, 0.000000000000000000 ) ) ;
#3329 = AXIS2_PLACEMENT_3D ( 'NONE', #5421, #615, #5984 ) ;
#3330 = CARTESIAN_POINT ( 'NONE',  ( 0.4122776601683184050, -23.50000000000000000, -0.5000000000000004441 ) ) ;
#3331 = ORIENTED_EDGE ( 'NONE', *, *, #420, .F. ) ;
#3332 = ORIENTED_EDGE ( 'NONE', *, *, #2021, .F. ) ;
#3333 = AXIS2_PLACEMENT_3D ( 'NONE', #397, #6711, #3109 ) ;
#3334 = CARTESIAN_POINT ( 'NONE',  ( 0.4224460566121333027, -23.65260825461469807, 2.041955362658433693 ) ) ;
#3335 = EDGE_CURVE ( 'NONE', #3934, #2056, #4621, .T. ) ;
#3336 = CARTESIAN_POINT ( 'NONE',  ( -1.938238520644472722E-16, -1.599999999999996536, 6.000000000000000000 ) ) ;
#3337 = ORIENTED_EDGE ( 'NONE', *, *, #4949, .T. ) ;
#3338 = DIRECTION ( 'NONE',  ( -0.000000000000000000, 1.000000000000000000, -0.000000000000000000 ) ) ;
#3339 = AXIS2_PLACEMENT_3D ( 'NONE', #73, #3410, #210 ) ;
#3340 = LINE ( 'NONE', #5466, #6498 ) ;
#3341 = EDGE_LOOP ( 'NONE', ( #2942, #1576, #4148, #4981, #3718, #6283 ) ) ;
#3342 = PLANE ( 'NONE',  #360 ) ;
#3343 = EDGE_CURVE ( 'NONE', #3926, #1085, #5976, .T. ) ;
#3344 = ORIENTED_EDGE ( 'NONE', *, *, #4110, .T. ) ;
#3345 = CARTESIAN_POINT ( 'NONE',  ( 32.25000000000000711, -23.20115786999287266, -0.5000000000000004441 ) ) ;
#3346 = CARTESIAN_POINT ( 'NONE',  ( 88.36426365334267530, 3.694061104857532918, 0.000000000000000000 ) ) ;
#3347 = CARTESIAN_POINT ( 'NONE',  ( -12.50000000000000711, -26.50000000000000355, 0.5000000000000004441 ) ) ;
#3348 = ORIENTED_EDGE ( 'NONE', *, *, #1924, .F. ) ;
#3349 = CARTESIAN_POINT ( 'NONE',  ( 6.604418446918923991, -14.76559299485081667, -55.82353258373179727 ) ) ;
#3350 = EDGE_CURVE ( 'NONE', #5100, #6161, #3569, .T. ) ;
#3351 = DIRECTION ( 'NONE',  ( -0.000000000000000000, -0.000000000000000000, 1.000000000000000000 ) ) ;
#3352 = EDGE_CURVE ( 'NONE', #1035, #555, #1506, .T. ) ;
#3353 = CARTESIAN_POINT ( 'NONE',  ( -16.50000000000000355, -8.500000000000007105, -4.000999999999999446 ) ) ;
#3354 = CARTESIAN_POINT ( 'NONE',  ( 65.57909511525072332, 0.8399999999999988587, 0.000000000000000000 ) ) ;
#3355 = CARTESIAN_POINT ( 'NONE',  ( -25.99999999999998579, -17.50000000000000000, -4.001000000000000334 ) ) ;
#3356 = EDGE_LOOP ( 'NONE', ( #655, #3996, #3611, #4910, #952, #1566, #5903, #3450, #5578, #787, #2917 ) ) ;
#3357 = VERTEX_POINT ( 'NONE', #6821 ) ;
#3358 = EDGE_CURVE ( 'NONE', #4339, #3275, #6191, .T. ) ;
#3359 = CARTESIAN_POINT ( 'NONE',  ( -7.349999999999995204, -26.50000000000000355, -4.000999999999999446 ) ) ;
#3360 = ORIENTED_EDGE ( 'NONE', *, *, #166, .F. ) ;
#3361 = CARTESIAN_POINT ( 'NONE',  ( -11.50000000000000533, -12.50000000000000711, 2.000000000000000000 ) ) ;
#3362 = DIRECTION ( 'NONE',  ( 1.000000000000000000, 0.000000000000000000, 0.000000000000000000 ) ) ;
#3363 = EDGE_LOOP ( 'NONE', ( #5812, #2921, #4077, #2893 ) ) ;
#3364 = ORIENTED_EDGE ( 'NONE', *, *, #6586, .T. ) ;
#3365 = DIRECTION ( 'NONE',  ( 1.000000000000000000, 0.000000000000000000, 0.000000000000000000 ) ) ;
#3366 = EDGE_LOOP ( 'NONE', ( #759, #718, #6234, #440 ) ) ;
#3367 = CARTESIAN_POINT ( 'NONE',  ( -4.499999999999996447, -26.50000000000000000, 3.000000000000000000 ) ) ;
#3368 = LINE ( 'NONE', #3336, #2584 ) ;
#3369 = ORIENTED_EDGE ( 'NONE', *, *, #341, .T. ) ;
#3370 = DIRECTION ( 'NONE',  ( 0.000000000000000000, 0.000000000000000000, 1.000000000000000000 ) ) ;
#3371 = AXIS2_PLACEMENT_3D ( 'NONE', #2173, #229, #5083 ) ;
#3372 = CARTESIAN_POINT ( 'NONE',  ( 75.08772233983154365, -19.50000000000000000, 1.999999999999982681 ) ) ;
#3373 = ORIENTED_EDGE ( 'NONE', *, *, #5273, .F. ) ;
#3374 = CARTESIAN_POINT ( 'NONE',  ( 6.114882014779136732, -3.440377792556333691, 3.500000000000000000 ) ) ;
#3375 = VERTEX_POINT ( 'NONE', #1401 ) ;
#3376 = AXIS2_PLACEMENT_3D ( 'NONE', #2946, #2881, #3938 ) ;
#3377 = AXIS2_PLACEMENT_3D ( 'NONE', #5206, #6915, #919 ) ;
#3378 = DIRECTION ( 'NONE',  ( 0.000000000000000000, 0.000000000000000000, -1.000000000000000000 ) ) ;
#3379 = EDGE_CURVE ( 'NONE', #4953, #6534, #5186, .T. ) ;
#3380 = DIRECTION ( 'NONE',  ( 0.000000000000000000, 0.000000000000000000, 1.000000000000000000 ) ) ;
#3381 = AXIS2_PLACEMENT_3D ( 'NONE', #3786, #3293, #6430 ) ;
#3382 = FACE_BOUND ( 'NONE', #1981, .T. ) ;
#3383 = ORIENTED_EDGE ( 'NONE', *, *, #2450, .F. ) ;
#3384 = CARTESIAN_POINT ( 'NONE',  ( 0.000000000000000000, -19.50000000000000000, -0.5000000000000004441 ) ) ;
#3385 = AXIS2_PLACEMENT_3D ( 'NONE', #6664, #6730, #1869 ) ;
#3386 = DIRECTION ( 'NONE',  ( 0.000000000000000000, -1.000000000000000000, 0.000000000000000000 ) ) ;
#3387 = CARTESIAN_POINT ( 'NONE',  ( 92.54599508018748111, -0.2054665368511853218, 0.000000000000000000 ) ) ;
#3388 = ADVANCED_FACE ( 'NONE', ( #6293 ), #5150, .F. ) ;
#3389 = LINE ( 'NONE', #5480, #6452 ) ;
#3390 = VERTEX_POINT ( 'NONE', #6861 ) ;
#3391 = EDGE_CURVE ( 'NONE', #1986, #5075, #1505, .T. ) ;
#3392 = ORIENTED_EDGE ( 'NONE', *, *, #4590, .T. ) ;
#3393 = VECTOR ( 'NONE', #6742, 1000.000000000000000 ) ;
#3394 = CARTESIAN_POINT ( 'NONE',  ( -29.00000000000000000, -7.000000000000004441, 4.000000000000000888 ) ) ;
#3395 = EDGE_LOOP ( 'NONE', ( #4995, #1513, #3614, #2438 ) ) ;
#3396 = DIRECTION ( 'NONE',  ( -1.000000000000000000, 0.000000000000000000, 0.000000000000000000 ) ) ;
#3397 = DIRECTION ( 'NONE',  ( -1.000000000000000000, 0.000000000000000000, 0.000000000000000000 ) ) ;
#3398 = VERTEX_POINT ( 'NONE', #6753 ) ;
#3399 = VERTEX_POINT ( 'NONE', #4211 ) ;
#3400 = ORIENTED_EDGE ( 'NONE', *, *, #6112, .T. ) ;
#3401 = CARTESIAN_POINT ( 'NONE',  ( 0.000000000000000000, 0.000000000000000000, 3.500000000000000000 ) ) ;
#3402 = CARTESIAN_POINT ( 'NONE',  ( -14.09999999999999787, -20.00000000000000355, 2.000000000000000000 ) ) ;
#3403 = FACE_OUTER_BOUND ( 'NONE', #2061, .T. ) ;
#3404 = CARTESIAN_POINT ( 'NONE',  ( -22.50000000000000000, -6.099999999999996092, 2.000000000000000000 ) ) ;
#3405 = ORIENTED_EDGE ( 'NONE', *, *, #3084, .T. ) ;
#3406 = CARTESIAN_POINT ( 'NONE',  ( -16.49999999999999645, -8.500000000000007105, -1.700000000000000400 ) ) ;
#3407 = ORIENTED_EDGE ( 'NONE', *, *, #4460, .F. ) ;
#3408 = AXIS2_PLACEMENT_3D ( 'NONE', #5726, #4613, #4684 ) ;
#3409 = DIRECTION ( 'NONE',  ( 0.000000000000000000, -1.000000000000000000, 0.000000000000000000 ) ) ;
#3410 = DIRECTION ( 'NONE',  ( -0.000000000000000000, -0.000000000000000000, -1.000000000000000000 ) ) ;
#3411 = DIRECTION ( 'NONE',  ( 0.000000000000000000, 0.000000000000000000, 1.000000000000000000 ) ) ;
#3412 = EDGE_LOOP ( 'NONE', ( #752, #391, #2974, #4972 ) ) ;
#3413 = LINE ( 'NONE', #2295, #1259 ) ;
#3414 = VECTOR ( 'NONE', #6781, 1000.000000000000000 ) ;
#3415 = CARTESIAN_POINT ( 'NONE',  ( 27.63182519208454835, 1.400000000000000133, 3.500000000000000000 ) ) ;
#3416 = ADVANCED_FACE ( 'NONE', ( #3607 ), #4585, .F. ) ;
#3417 = CARTESIAN_POINT ( 'NONE',  ( 66.59040426936127233, -13.96043282193328849, 3.500000000000003109 ) ) ;
#3418 = LINE ( 'NONE', #5038, #3107 ) ;
#3419 = ORIENTED_EDGE ( 'NONE', *, *, #4575, .T. ) ;
#3420 = ORIENTED_EDGE ( 'NONE', *, *, #3116, .F. ) ;
#3421 = ADVANCED_FACE ( 'NONE', ( #896 ), #371, .F. ) ;
#3422 = CARTESIAN_POINT ( 'NONE',  ( 30.08772233983155431, -20.09042769776575810, 3.500000000000000000 ) ) ;
#3423 = EDGE_LOOP ( 'NONE', ( #2051, #3986, #4591, #2512, #5460, #4050, #70, #1216 ) ) ;
#3424 = FACE_OUTER_BOUND ( 'NONE', #4898, .T. ) ;
#3425 = FACE_OUTER_BOUND ( 'NONE', #4820, .T. ) ;
#3426 = VERTEX_POINT ( 'NONE', #6789 ) ;
#3427 = ORIENTED_EDGE ( 'NONE', *, *, #4480, .T. ) ;
#3428 = ORIENTED_EDGE ( 'NONE', *, *, #3029, .T. ) ;
#3429 = DIRECTION ( 'NONE',  ( 0.000000000000000000, 0.000000000000000000, -1.000000000000000000 ) ) ;
#3430 = EDGE_CURVE ( 'NONE', #6645, #4581, #3192, .T. ) ;
#3431 = AXIS2_PLACEMENT_3D ( 'NONE', #4015, #773, #3017 ) ;
#3432 = CYLINDRICAL_SURFACE ( 'NONE', #3032, 1.000000000000000888 ) ;
#3433 = EDGE_CURVE ( 'NONE', #2632, #3911, #5862, .T. ) ;
#3434 = FACE_OUTER_BOUND ( 'NONE', #1249, .T. ) ;
#3435 = VECTOR ( 'NONE', #2973, 1000.000000000000000 ) ;
#3436 = CARTESIAN_POINT ( 'NONE',  ( 62.25000000000001421, -16.50000000000000355, 6.000000000000000000 ) ) ;
#3437 = ORIENTED_EDGE ( 'NONE', *, *, #4430, .T. ) ;
#3438 = CARTESIAN_POINT ( 'NONE',  ( 68.48732929018946436, -16.85573382074009530, -0.5000000000000004441 ) ) ;
#3439 = ORIENTED_EDGE ( 'NONE', *, *, #3124, .T. ) ;
#3440 = EDGE_CURVE ( 'NONE', #5231, #4527, #6255, .T. ) ;
#3441 = FACE_OUTER_BOUND ( 'NONE', #1110, .T. ) ;
#3442 = CARTESIAN_POINT ( 'NONE',  ( 70.00000000000000000, 0.000000000000000000, 3.500000000000000000 ) ) ;
#3443 = VERTEX_POINT ( 'NONE', #1004 ) ;
#3444 = CARTESIAN_POINT ( 'NONE',  ( -21.00000000000001066, -26.50000000000000355, 6.000000000000000000 ) ) ;
#3445 = DIRECTION ( 'NONE',  ( -1.927470528863119295E-16, -1.000000000000000000, 0.000000000000000000 ) ) ;
#3446 = DIRECTION ( 'NONE',  ( -1.000000000000000000, 0.000000000000000000, 0.000000000000000000 ) ) ;
#3447 = VERTEX_POINT ( 'NONE', #304 ) ;
#3448 = LINE ( 'NONE', #5074, #1321 ) ;
#3449 = ADVANCED_FACE ( 'NONE', ( #2451 ), #3255, .F. ) ;
#3450 = ORIENTED_EDGE ( 'NONE', *, *, #2528, .T. ) ;
#3451 = CARTESIAN_POINT ( 'NONE',  ( -12.50000000000000533, -18.50000000000000355, 1.999999999999998224 ) ) ;
#3452 = DIRECTION ( 'NONE',  ( 1.000000000000000000, -1.259855038418910030E-16, 0.000000000000000000 ) ) ;
#3453 = ORIENTED_EDGE ( 'NONE', *, *, #2867, .F. ) ;
#3454 = DIRECTION ( 'NONE',  ( -1.000000000000000000, 0.000000000000000000, 0.000000000000000000 ) ) ;
#3455 = DIRECTION ( 'NONE',  ( 0.000000000000000000, -1.000000000000000000, 0.000000000000000000 ) ) ;
#3456 = EDGE_CURVE ( 'NONE', #6269, #463, #514, .T. ) ;
#3457 = ORIENTED_EDGE ( 'NONE', *, *, #1423, .T. ) ;
#3458 = EDGE_LOOP ( 'NONE', ( #2743, #2689, #1351, #2489, #5505, #3522, #3679, #5114, #1650 ) ) ;
#3459 = CARTESIAN_POINT ( 'NONE',  ( 35.49999999999993605, -19.50000000000000355, 4.914213562373096700 ) ) ;
#3460 = LINE ( 'NONE', #798, #5492 ) ;
#3461 = CYLINDRICAL_SURFACE ( 'NONE', #3747, 2.000000000000001776 ) ;
#3462 = ADVANCED_FACE ( 'NONE', ( #5352 ), #6499, .F. ) ;
#3463 = EDGE_CURVE ( 'NONE', #3624, #6130, #2624, .T. ) ;
#3464 = DIRECTION ( 'NONE',  ( 0.000000000000000000, 0.000000000000000000, 1.000000000000000000 ) ) ;
#3465 = EDGE_CURVE ( 'NONE', #2197, #4232, #1053, .T. ) ;
#3466 = ORIENTED_EDGE ( 'NONE', *, *, #5801, .T. ) ;
#3467 = DIRECTION ( 'NONE',  ( 0.000000000000000000, 0.000000000000000000, 1.000000000000000000 ) ) ;
#3468 = ORIENTED_EDGE ( 'NONE', *, *, #4616, .F. ) ;
#3469 = CARTESIAN_POINT ( 'NONE',  ( -39.37265766372466658, -3.399999999999995914, 4.000000000000000000 ) ) ;
#3470 = CARTESIAN_POINT ( 'NONE',  ( -25.50000000000000355, -21.00000000000001066, 6.000000000000000000 ) ) ;
#3472 = EDGE_CURVE ( 'NONE', #6712, #1510, #581, .T. ) ;
#3471 = AXIS2_PLACEMENT_3D ( 'NONE', #5699, #899, #5738 ) ;
#3473 = CARTESIAN_POINT ( 'NONE',  ( 0.000000000000000000, 0.000000000000000000, 0.000000000000000000 ) ) ;
#3474 = ORIENTED_EDGE ( 'NONE', *, *, #1493, .T. ) ;
#3475 = LINE ( 'NONE', #6666, #475 ) ;
#3476 = AXIS2_PLACEMENT_3D ( 'NONE', #5151, #5120, #4691 ) ;
#3477 = CARTESIAN_POINT ( 'NONE',  ( 63.50000000000001421, -16.50000000000000355, 3.500000000000003109 ) ) ;
#3478 = VECTOR ( 'NONE', #4808, 1000.000000000000000 ) ;
#3479 = LINE ( 'NONE', #6175, #1942 ) ;
#3480 = ADVANCED_FACE ( 'NONE', ( #5943 ), #4833, .T. ) ;
#3481 = AXIS2_PLACEMENT_3D ( 'NONE', #4335, #2658, #4764 ) ;
#3482 = CARTESIAN_POINT ( 'NONE',  ( 21.90192933962750388, -22.53323666610696563, 3.500000000000000000 ) ) ;
#3483 = VECTOR ( 'NONE', #140, 1000.000000000000000 ) ;
#3484 = VERTEX_POINT ( 'NONE', #3294 ) ;
#3485 = DIRECTION ( 'NONE',  ( -0.000000000000000000, -0.000000000000000000, -1.000000000000000000 ) ) ;
#3486 = CIRCLE ( 'NONE', #5836, 1.000000000000000888 ) ;
#3487 = AXIS2_PLACEMENT_3D ( 'NONE', #6508, #5988, #4344 ) ;
#3488 = CARTESIAN_POINT ( 'NONE',  ( 85.00000000000001421, -26.50000000000000355, -0.5000000000000000000 ) ) ;
#3489 = EDGE_LOOP ( 'NONE', ( #5261, #1295, #6731, #3211, #4515 ) ) ;
#3490 = AXIS2_PLACEMENT_3D ( 'NONE', #2884, #5023, #205 ) ;
#3491 = CARTESIAN_POINT ( 'NONE',  ( 78.68750000000001421, -10.50000000000000711, -0.5000000000000004441 ) ) ;
#3492 = DIRECTION ( 'NONE',  ( 0.000000000000000000, -0.000000000000000000, -1.000000000000000000 ) ) ;
#3493 = EDGE_CURVE ( 'NONE', #735, #1188, #2069, .T. ) ;
#3494 = AXIS2_PLACEMENT_3D ( 'NONE', #1241, #2862, #4998 ) ;
#3495 = VECTOR ( 'NONE', #3338, 1000.000000000000000 ) ;
#3496 = VERTEX_POINT ( 'NONE', #3752 ) ;
#3497 = VECTOR ( 'NONE', #2158, 1000.000000000000000 ) ;
#3498 = ORIENTED_EDGE ( 'NONE', *, *, #3108, .T. ) ;
#3499 = CYLINDRICAL_SURFACE ( 'NONE', #120, 1.000000000000000888 ) ;
#3500 = EDGE_CURVE ( 'NONE', #6645, #1897, #1284, .T. ) ;
#3501 = DIRECTION ( 'NONE',  ( -0.000000000000000000, 1.000000000000000000, 0.000000000000000000 ) ) ;
#3502 = CIRCLE ( 'NONE', #811, 1.249999999999997558 ) ;
#3503 = DIRECTION ( 'NONE',  ( 0.000000000000000000, 1.885568995626961082E-16, 1.000000000000000000 ) ) ;
#3504 = CARTESIAN_POINT ( 'NONE',  ( 85.00000000000001421, 4.500000000000001776, 1.000000000000000888 ) ) ;
#3505 = EDGE_LOOP ( 'NONE', ( #3547, #6806, #5758, #4365 ) ) ;
#3506 = PLANE ( 'NONE',  #5404 ) ;
#3507 = EDGE_LOOP ( 'NONE', ( #1882, #1527, #5937, #2073, #5725, #3944, #6462, #4156 ) ) ;
#3508 = EDGE_CURVE ( 'NONE', #3566, #450, #479, .T. ) ;
#3509 = DIRECTION ( 'NONE',  ( -0.000000000000000000, -0.000000000000000000, -1.000000000000000000 ) ) ;
#3510 = CARTESIAN_POINT ( 'NONE',  ( 68.17381614751239738, -15.69040589228146487, -55.82353258373179727 ) ) ;
#3511 = AXIS2_PLACEMENT_3D ( 'NONE', #2996, #5204, #1385 ) ;
#3512 = CARTESIAN_POINT ( 'NONE',  ( -27.50000000000000000, -1.599999999999995648, -4.000000000000000000 ) ) ;
#3513 = EDGE_LOOP ( 'NONE', ( #6043, #5555, #4736, #3641 ) ) ;
#3514 = EDGE_LOOP ( 'NONE', ( #4866, #2341, #1263, #1556 ) ) ;
#3515 = CARTESIAN_POINT ( 'NONE',  ( 85.00000000000001421, -8.500000000000003553, 1.000000000000000000 ) ) ;
#3516 = LINE ( 'NONE', #5651, #6576 ) ;
#3517 = EDGE_CURVE ( 'NONE', #6931, #6837, #1677, .T. ) ;
#3518 = VECTOR ( 'NONE', #868, 1000.000000000000000 ) ;
#3519 = DIRECTION ( 'NONE',  ( -0.7522364576801209290, 0.6588932476030268104, 0.000000000000000000 ) ) ;
#3520 = DIRECTION ( 'NONE',  ( 0.000000000000000000, -0.000000000000000000, 1.000000000000000000 ) ) ;
#3521 = AXIS2_PLACEMENT_3D ( 'NONE', #6432, #1647, #1114 ) ;
#3522 = ORIENTED_EDGE ( 'NONE', *, *, #189, .T. ) ;
#3523 = LINE ( 'NONE', #2504, #2604 ) ;
#3524 = EDGE_CURVE ( 'NONE', #2135, #2214, #4905, .T. ) ;
#3525 = CARTESIAN_POINT ( 'NONE',  ( -7.349999999999995204, -8.500000000000007105, -0.5000000000000000000 ) ) ;
#3526 = ORIENTED_EDGE ( 'NONE', *, *, #6447, .T. ) ;
#3527 = CARTESIAN_POINT ( 'NONE',  ( 35.49999999999993605, -19.50000000000000355, -0.5000000000000000000 ) ) ;
#3528 = FACE_OUTER_BOUND ( 'NONE', #5986, .T. ) ;
#3529 = VERTEX_POINT ( 'NONE', #4271 ) ;
#3530 = EDGE_LOOP ( 'NONE', ( #4001, #309, #6053, #853, #93, #428 ) ) ;
#3531 = EDGE_CURVE ( 'NONE', #5222, #4726, #5981, .T. ) ;
#3532 = CARTESIAN_POINT ( 'NONE',  ( 60.36486379115212486, -18.98413384340920373, 3.500000000000003109 ) ) ;
#3533 = DIRECTION ( 'NONE',  ( -0.000000000000000000, -0.000000000000000000, 1.000000000000000000 ) ) ;
#3534 = FACE_OUTER_BOUND ( 'NONE', #5623, .T. ) ;
#3535 = EDGE_CURVE ( 'NONE', #94, #2734, #46, .T. ) ;
#3536 = DIRECTION ( 'NONE',  ( -1.000000000000000000, 0.000000000000000000, 0.000000000000000000 ) ) ;
#3537 = CIRCLE ( 'NONE', #5111, 2.000000000000000000 ) ;
#3538 = VERTEX_POINT ( 'NONE', #4766 ) ;
#3539 = DIRECTION ( 'NONE',  ( -0.000000000000000000, -0.000000000000000000, -1.000000000000000000 ) ) ;
#3540 = ORIENTED_EDGE ( 'NONE', *, *, #82, .F. ) ;
#3541 = CARTESIAN_POINT ( 'NONE',  ( 6.918920261059859911, -19.60516730426149579, 3.500000000000003109 ) ) ;
#3542 = ORIENTED_EDGE ( 'NONE', *, *, #6909, .F. ) ;
#3543 = DIRECTION ( 'NONE',  ( 0.000000000000000000, 0.000000000000000000, -1.000000000000000000 ) ) ;
#3544 = VECTOR ( 'NONE', #4083, 1000.000000000000000 ) ;
#3545 = ADVANCED_FACE ( 'NONE', ( #6895 ), #1044, .F. ) ;
#3546 = CARTESIAN_POINT ( 'NONE',  ( -1.582575694955842938, -19.50000000000000000, 2.749999999999995115 ) ) ;
#3547 = ORIENTED_EDGE ( 'NONE', *, *, #2232, .F. ) ;
#3548 = ORIENTED_EDGE ( 'NONE', *, *, #2412, .T. ) ;
#3549 = CARTESIAN_POINT ( 'NONE',  ( 35.00000000000000000, 0.000000000000000000, 3.000000000000000000 ) ) ;
#3550 = CARTESIAN_POINT ( 'NONE',  ( 36.60000000000000142, 1.959434878635763751E-16, 0.000000000000000000 ) ) ;
#3551 = AXIS2_PLACEMENT_3D ( 'NONE', #3145, #3597, #4579 ) ;
#3552 = DIRECTION ( 'NONE',  ( 0.000000000000000000, 0.000000000000000000, 1.000000000000000000 ) ) ;
#3553 = DIRECTION ( 'NONE',  ( -1.000000000000000000, 0.000000000000000000, 0.000000000000000000 ) ) ;
#3554 = VECTOR ( 'NONE', #918, 1000.000000000000000 ) ;
#3555 = ADVANCED_FACE ( 'NONE', ( #3226 ), #2133, .T. ) ;
#3556 = ORIENTED_EDGE ( 'NONE', *, *, #2945, .T. ) ;
#3557 = VECTOR ( 'NONE', #5068, 1000.000000000000114 ) ;
#3558 = DIRECTION ( 'NONE',  ( -0.000000000000000000, -0.000000000000000000, -1.000000000000000000 ) ) ;
#3559 = EDGE_CURVE ( 'NONE', #3142, #4009, #1177, .T. ) ;
#3560 = DIRECTION ( 'NONE',  ( 0.000000000000000000, 0.000000000000000000, 1.000000000000000000 ) ) ;
#3561 = VERTEX_POINT ( 'NONE', #1322 ) ;
#3562 = CARTESIAN_POINT ( 'NONE',  ( 11.68105387066481349, -15.79761910744664100, -0.5000000000000281997 ) ) ;
#3563 = DIRECTION ( 'NONE',  ( 1.000000000000000000, -1.797640907747984631E-16, -0.000000000000000000 ) ) ;
#3564 = EDGE_CURVE ( 'NONE', #3561, #6003, #4443, .T. ) ;
#3565 = ORIENTED_EDGE ( 'NONE', *, *, #3097, .T. ) ;
#3566 = VERTEX_POINT ( 'NONE', #124 ) ;
#3567 = ADVANCED_FACE ( 'NONE', ( #2410 ), #4410, .F. ) ;
#3568 = CARTESIAN_POINT ( 'NONE',  ( 63.50000000000001421, -16.50000000000000355, -0.5000000000000000000 ) ) ;
#3569 = LINE ( 'NONE', #1462, #2963 ) ;
#3570 = CARTESIAN_POINT ( 'NONE',  ( -25.50000000000000355, -7.000000000000004441, 4.000000000000000000 ) ) ;
#3571 = DIRECTION ( 'NONE',  ( 0.000000000000000000, 1.000000000000000000, 0.000000000000000000 ) ) ;
#3572 = EDGE_LOOP ( 'NONE', ( #927, #2107, #2655, #3725 ) ) ;
#3573 = DIRECTION ( 'NONE',  ( 0.000000000000000000, 0.000000000000000000, 1.000000000000000000 ) ) ;
#3574 = ORIENTED_EDGE ( 'NONE', *, *, #1512, .T. ) ;
#3575 = CARTESIAN_POINT ( 'NONE',  ( 37.66795060797473838, -22.29723704804913709, 3.500000000000000000 ) ) ;
#3576 = DIRECTION ( 'NONE',  ( -1.000000000000000000, 0.000000000000000000, 0.000000000000000000 ) ) ;
#3577 = VERTEX_POINT ( 'NONE', #1851 ) ;
#3578 = LINE ( 'NONE', #348, #2931 ) ;
#3579 = ORIENTED_EDGE ( 'NONE', *, *, #4032, .F. ) ;
#3580 = VERTEX_POINT ( 'NONE', #6679 ) ;
#3581 = DIRECTION ( 'NONE',  ( -1.000000000000000000, 0.000000000000000000, 0.000000000000000000 ) ) ;
#3582 = DIRECTION ( 'NONE',  ( -0.000000000000000000, -0.000000000000000000, -1.000000000000000000 ) ) ;
#3583 = ORIENTED_EDGE ( 'NONE', *, *, #4445, .F. ) ;
#3584 = ADVANCED_FACE ( 'NONE', ( #3965 ), #6575, .F. ) ;
#3585 = CARTESIAN_POINT ( 'NONE',  ( -22.50000000000000000, -3.399999999999995914, 4.000000000000000000 ) ) ;
#3586 = CYLINDRICAL_SURFACE ( 'NONE', #640, 4.000000000000000000 ) ;
#3587 = EDGE_CURVE ( 'NONE', #6104, #2377, #2404, .T. ) ;
#3588 = DIRECTION ( 'NONE',  ( 1.000000000000000000, -0.000000000000000000, 0.000000000000000000 ) ) ;
#3589 = ORIENTED_EDGE ( 'NONE', *, *, #2625, .F. ) ;
#3590 = DIRECTION ( 'NONE',  ( 0.000000000000000000, 0.000000000000000000, 1.000000000000000000 ) ) ;
#3591 = CARTESIAN_POINT ( 'NONE',  ( -1.017456315103259401, -13.97808708393076138, 3.500000000000000000 ) ) ;
#3592 = FACE_BOUND ( 'NONE', #3458, .T. ) ;
#3593 = ORIENTED_EDGE ( 'NONE', *, *, #4025, .T. ) ;
#3594 = CIRCLE ( 'NONE', #4942, 1.600000000000004086 ) ;
#3595 = EDGE_CURVE ( 'NONE', #1870, #5055, #2372, .T. ) ;
#3596 = DIRECTION ( 'NONE',  ( -0.000000000000000000, -0.000000000000000000, 1.000000000000000000 ) ) ;
#3597 = DIRECTION ( 'NONE',  ( -0.000000000000000000, -0.000000000000000000, -1.000000000000000000 ) ) ;
#3598 = VECTOR ( 'NONE', #4256, 1000.000000000000000 ) ;
#3599 = PRODUCT_DEFINITION ( 'æœ', '', #4714, #3833 ) ;
#3600 = VERTEX_POINT ( 'NONE', #1255 ) ;
#3601 = ORIENTED_EDGE ( 'NONE', *, *, #318, .T. ) ;
#3602 = AXIS2_PLACEMENT_3D ( 'NONE', #3359, #5485, #159 ) ;
#3603 = AXIS2_PLACEMENT_3D ( 'NONE', #3159, #2667, #3649 ) ;
#3604 = VECTOR ( 'NONE', #3619, 1000.000000000000000 ) ;
#3605 = CYLINDRICAL_SURFACE ( 'NONE', #4720, 1.250000000000001110 ) ;
#3606 = EDGE_CURVE ( 'NONE', #5055, #4532, #2307, .T. ) ;
#3607 = FACE_OUTER_BOUND ( 'NONE', #3952, .T. ) ;
#3608 = VECTOR ( 'NONE', #2425, 1000.000000000000114 ) ;
#3609 = DIRECTION ( 'NONE',  ( 1.000000000000000000, 0.000000000000000000, 0.000000000000000000 ) ) ;
#3610 = DIRECTION ( 'NONE',  ( -1.000000000000000000, 0.000000000000000000, 0.000000000000000000 ) ) ;
#3611 = ORIENTED_EDGE ( 'NONE', *, *, #4685, .T. ) ;
#3612 = DIRECTION ( 'NONE',  ( 0.000000000000000000, -1.000000000000000000, 0.000000000000000000 ) ) ;
#3613 = AXIS2_PLACEMENT_3D ( 'NONE', #3349, #709, #2358 ) ;
#3614 = ORIENTED_EDGE ( 'NONE', *, *, #1392, .F. ) ;
#3615 = EDGE_CURVE ( 'NONE', #745, #1303, #2966, .T. ) ;
#3616 = DIRECTION ( 'NONE',  ( 1.000000000000000000, -3.469446951953611033E-15, 0.000000000000000000 ) ) ;
#3617 = PLANE ( 'NONE',  #3329 ) ;
#3618 = AXIS2_PLACEMENT_3D ( 'NONE', #1863, #2984, #2488 ) ;
#3619 = DIRECTION ( 'NONE',  ( -0.000000000000000000, -0.000000000000000000, 1.000000000000000000 ) ) ;
#3620 = VERTEX_POINT ( 'NONE', #6017 ) ;
#3621 = VERTEX_POINT ( 'NONE', #2903 ) ;
#3622 = CARTESIAN_POINT ( 'NONE',  ( 31.25000000000000711, -19.50000000000000000, 3.500000000000000000 ) ) ;
#3623 = DIRECTION ( 'NONE',  ( -1.000000000000000000, 0.000000000000000000, 0.000000000000000000 ) ) ;
#3624 = VERTEX_POINT ( 'NONE', #2839 ) ;
#3625 = ADVANCED_FACE ( 'NONE', ( #3999 ), #195, .T. ) ;
#3626 = AXIS2_PLACEMENT_3D ( 'NONE', #5755, #6703, #1905 ) ;
#3627 = CARTESIAN_POINT ( 'NONE',  ( 36.41227766016831424, -21.33047371415610627, 3.500000000000000000 ) ) ;
#3628 = CARTESIAN_POINT ( 'NONE',  ( 4.420904884749274899, 0.8400000000000015232, 0.000000000000000000 ) ) ;
#3629 = CARTESIAN_POINT ( 'NONE',  ( 74.50000000000001421, 0.000000000000000000, -9.227922061357867634 ) ) ;
#3630 = EDGE_LOOP ( 'NONE', ( #5046, #4442, #2779, #2865 ) ) ;
#3631 = DIRECTION ( 'NONE',  ( 0.000000000000000000, 0.000000000000000000, 1.000000000000000000 ) ) ;
#3632 = CIRCLE ( 'NONE', #265, 3.000000000000002665 ) ;
#3633 = EDGE_CURVE ( 'NONE', #3566, #3324, #5008, .T. ) ;
#3634 = DIRECTION ( 'NONE',  ( -1.000000000000000000, 0.000000000000000000, 0.000000000000000000 ) ) ;
#3635 = DIRECTION ( 'NONE',  ( 1.000000000000000000, 0.000000000000000000, 0.000000000000000000 ) ) ;
#3636 = ORIENTED_EDGE ( 'NONE', *, *, #1166, .F. ) ;
#3637 = FACE_OUTER_BOUND ( 'NONE', #3363, .T. ) ;
#3638 = AXIS2_PLACEMENT_3D ( 'NONE', #5381, #2170, #4240 ) ;
#3639 = DIRECTION ( 'NONE',  ( 0.000000000000000000, 0.000000000000000000, -1.000000000000000000 ) ) ;
#3640 = ORIENTED_EDGE ( 'NONE', *, *, #1003, .F. ) ;
#3641 = ORIENTED_EDGE ( 'NONE', *, *, #750, .T. ) ;
#3642 = EDGE_CURVE ( 'NONE', #5105, #1686, #1398, .T. ) ;
#3643 = VERTEX_POINT ( 'NONE', #2338 ) ;
#3644 = CARTESIAN_POINT ( 'NONE',  ( 80.00000000000001421, -18.50000000000000000, 3.500000000000000000 ) ) ;
#3645 = DIRECTION ( 'NONE',  ( -1.000000000000000000, 1.734723475976807094E-15, 0.000000000000000000 ) ) ;
#3646 = DIRECTION ( 'NONE',  ( -1.000000000000000000, 0.000000000000000000, 0.000000000000000000 ) ) ;
#3647 = CARTESIAN_POINT ( 'NONE',  ( 28.83204939202513017, -22.29723704804910511, -0.5000000000000004441 ) ) ;
#3648 = ORIENTED_EDGE ( 'NONE', *, *, #211, .T. ) ;
#3649 = DIRECTION ( 'NONE',  ( 1.000000000000000000, 0.000000000000000000, 0.000000000000000000 ) ) ;
#3650 = ADVANCED_FACE ( 'NONE', ( #2275 ), #6084, .F. ) ;
#3651 = EDGE_LOOP ( 'NONE', ( #4828, #839 ) ) ;
#3652 = CARTESIAN_POINT ( 'NONE',  ( 85.00000000000001421, -8.500000000000003553, 1.000000000000000000 ) ) ;
#3653 = PLANE ( 'NONE',  #1648 ) ;
#3654 = AXIS2_PLACEMENT_3D ( 'NONE', #2719, #5931, #5342 ) ;
#3655 = LINE ( 'NONE', #1476, #4606 ) ;
#3656 = ORIENTED_EDGE ( 'NONE', *, *, #3982, .T. ) ;
#3657 = ORIENTED_EDGE ( 'NONE', *, *, #5657, .F. ) ;
#3658 = DIRECTION ( 'NONE',  ( 0.000000000000000000, 0.000000000000000000, 1.000000000000000000 ) ) ;
#3659 = DIRECTION ( 'NONE',  ( 0.000000000000000000, 0.000000000000000000, 1.000000000000000000 ) ) ;
#3660 = ADVANCED_FACE ( 'NONE', ( #3424 ), #5559, .F. ) ;
#3661 = AXIS2_PLACEMENT_3D ( 'NONE', #3820, #947, #5456 ) ;
#3662 = CARTESIAN_POINT ( 'NONE',  ( 3.000000000000002665, -16.50000000000001066, 91.99722379239923953 ) ) ;
#3663 = DIRECTION ( 'NONE',  ( -0.000000000000000000, -1.000000000000000000, -0.000000000000000000 ) ) ;
#3664 = LINE ( 'NONE', #4125, #4489 ) ;
#3665 = EDGE_LOOP ( 'NONE', ( #76, #3858, #5130, #401, #314, #5980 ) ) ;
#3666 = CIRCLE ( 'NONE', #1203, 4.500000000000003553 ) ;
#3667 = LINE ( 'NONE', #2718, #3497 ) ;
#3668 = DIRECTION ( 'NONE',  ( -1.000000000000000000, 0.000000000000000000, 0.000000000000000000 ) ) ;
#3669 = LINE ( 'NONE', #4299, #243 ) ;
#3670 = ORIENTED_EDGE ( 'NONE', *, *, #1553, .F. ) ;
#3671 = CARTESIAN_POINT ( 'NONE',  ( 30.08772233983155431, -21.33047371415606719, 3.500000000000000000 ) ) ;
#3672 = VECTOR ( 'NONE', #1314, 1000.000000000000000 ) ;
#3673 = CARTESIAN_POINT ( 'NONE',  ( 41.31392755356004898, -1.408658527960295670, 3.500000000000000000 ) ) ;
#3674 = ORIENTED_EDGE ( 'NONE', *, *, #6085, .T. ) ;
#3675 = ORIENTED_EDGE ( 'NONE', *, *, #3044, .T. ) ;
#3676 = FACE_OUTER_BOUND ( 'NONE', #4380, .T. ) ;
#3677 = DIRECTION ( 'NONE',  ( 0.000000000000000000, -1.000000000000000000, 0.000000000000000000 ) ) ;
#3678 = EDGE_CURVE ( 'NONE', #450, #3398, #5588, .T. ) ;
#3679 = ORIENTED_EDGE ( 'NONE', *, *, #6509, .F. ) ;
#3680 = EDGE_CURVE ( 'NONE', #1320, #4577, #2509, .T. ) ;
#3681 = ORIENTED_EDGE ( 'NONE', *, *, #5213, .T. ) ;
#3682 = DIRECTION ( 'NONE',  ( -1.000000000000000000, -0.000000000000000000, -0.000000000000000000 ) ) ;
#3683 = ORIENTED_EDGE ( 'NONE', *, *, #4997, .F. ) ;
#3684 = DIRECTION ( 'NONE',  ( -0.000000000000000000, -0.000000000000000000, 1.000000000000000000 ) ) ;
#3685 = VERTEX_POINT ( 'NONE', #5455 ) ;
#3686 = CARTESIAN_POINT ( 'NONE',  ( 1.626379040597121017, -20.25674932087425617, 3.500000000000003109 ) ) ;
#3687 = ADVANCED_FACE ( 'NONE', ( #652 ), #4936, .F. ) ;
#3688 = ADVANCED_FACE ( 'NONE', ( #6285 ), #1496, .F. ) ;
#3689 = DIRECTION ( 'NONE',  ( 1.000000000000000000, 0.000000000000000000, 0.000000000000000000 ) ) ;
#3690 = EDGE_CURVE ( 'NONE', #2284, #2344, #825, .T. ) ;
#3691 = CARTESIAN_POINT ( 'NONE',  ( -5.849999999999992539, -14.50000000000000355, 15.49546024484603102 ) ) ;
#3692 = EDGE_LOOP ( 'NONE', ( #5886, #6906, #1916, #4147 ) ) ;
#3693 = ORIENTED_EDGE ( 'NONE', *, *, #835, .F. ) ;
#3694 = DIRECTION ( 'NONE',  ( 0.000000000000000000, 0.000000000000000000, 1.000000000000000000 ) ) ;
#3695 = LINE ( 'NONE', #4222, #5163 ) ;
#3696 = ORIENTED_EDGE ( 'NONE', *, *, #4536, .F. ) ;
#3697 = EDGE_CURVE ( 'NONE', #1824, #156, #3033, .T. ) ;
#3698 = DIRECTION ( 'NONE',  ( -0.000000000000000000, -0.000000000000000000, -1.000000000000000000 ) ) ;
#3699 = CARTESIAN_POINT ( 'NONE',  ( 0.4122776601683184050, -23.50000000000000000, 3.500000000000000000 ) ) ;
#3700 = LINE ( 'NONE', #1596, #3828 ) ;
#3701 = ORIENTED_EDGE ( 'NONE', *, *, #5384, .T. ) ;
#3702 = DIRECTION ( 'NONE',  ( -0.000000000000000000, 0.000000000000000000, 1.000000000000000000 ) ) ;
#3703 = CARTESIAN_POINT ( 'NONE',  ( 7.300451356145845949, -14.62753688062399071, 3.500000000000000000 ) ) ;
#3704 = SURFACE_STYLE_FILL_AREA ( #6387 ) ;
#3705 = ORIENTED_EDGE ( 'NONE', *, *, #1111, .F. ) ;
#3706 = EDGE_CURVE ( 'NONE', #3801, #1286, #296, .T. ) ;
#3707 = LINE ( 'NONE', #6319, #3295 ) ;
#3708 = CARTESIAN_POINT ( 'NONE',  ( 89.00000000000001421, 1.000000000000001332, 0.000000000000000000 ) ) ;
#3709 = AXIS2_PLACEMENT_3D ( 'NONE', #4693, #4076, #337 ) ;
#3710 = ORIENTED_EDGE ( 'NONE', *, *, #2087, .F. ) ;
#3711 = VERTEX_POINT ( 'NONE', #5110 ) ;
#3712 = CIRCLE ( 'NONE', #677, 1.000000000000000000 ) ;
#3713 = DIRECTION ( 'NONE',  ( 0.000000000000000000, -1.000000000000000000, 0.000000000000000000 ) ) ;
#3714 = VECTOR ( 'NONE', #3739, 1000.000000000000000 ) ;
#3715 = EDGE_CURVE ( 'NONE', #3934, #2370, #3004, .T. ) ;
#3716 = DIRECTION ( 'NONE',  ( -0.000000000000000000, -0.000000000000000000, -1.000000000000000000 ) ) ;
#3717 = ORIENTED_EDGE ( 'NONE', *, *, #1601, .F. ) ;
#3718 = ORIENTED_EDGE ( 'NONE', *, *, #139, .F. ) ;
#3719 = DIRECTION ( 'NONE',  ( 0.7071067811865423547, 0.000000000000000000, -0.7071067811865527908 ) ) ;
#3720 = VECTOR ( 'NONE', #4385, 1000.000000000000000 ) ;
#3721 = ORIENTED_EDGE ( 'NONE', *, *, #856, .T. ) ;
#3722 = DIRECTION ( 'NONE',  ( -0.000000000000000000, -0.000000000000000000, -1.000000000000000000 ) ) ;
#3723 = ADVANCED_FACE ( 'NONE', ( #3637 ), #3074, .T. ) ;
#3724 = CARTESIAN_POINT ( 'NONE',  ( 93.50000000000001421, 4.500000000000006217, 6.000000000000000000 ) ) ;
#3725 = ORIENTED_EDGE ( 'NONE', *, *, #1355, .T. ) ;
#3726 = CARTESIAN_POINT ( 'NONE',  ( 36.41227766016831424, -19.50000000000000000, 2.000000000000012879 ) ) ;
#3727 = AXIS2_PLACEMENT_3D ( 'NONE', #3401, #6280, #6813 ) ;
#3728 = VERTEX_POINT ( 'NONE', #1950 ) ;
#3729 = CIRCLE ( 'NONE', #6511, 3.000000000000002665 ) ;
#3730 = PLANE ( 'NONE',  #3276 ) ;
#3731 = VERTEX_POINT ( 'NONE', #4130 ) ;
#3732 = VECTOR ( 'NONE', #3284, 1000.000000000000000 ) ;
#3733 = CYLINDRICAL_SURFACE ( 'NONE', #6070, 2.000000000000000000 ) ;
#3734 = EDGE_CURVE ( 'NONE', #3728, #1878, #6853, .T. ) ;
#3735 = CARTESIAN_POINT ( 'NONE',  ( 70.00000000000000000, 0.000000000000000000, 3.000000000000000000 ) ) ;
#3736 = LINE ( 'NONE', #1060, #593 ) ;
#3737 = AXIS2_PLACEMENT_3D ( 'NONE', #4252, #4780, #6343 ) ;
#3738 = CARTESIAN_POINT ( 'NONE',  ( 33.24999999999992895, -19.50000000000000000, 2.750000000000000000 ) ) ;
#3739 = DIRECTION ( 'NONE',  ( 1.000000000000000000, -0.000000000000000000, -0.000000000000000000 ) ) ;
#3740 = EDGE_LOOP ( 'NONE', ( #6469, #1250, #5728, #5681 ) ) ;
#3741 = CARTESIAN_POINT ( 'NONE',  ( 17.92856625858353681, -10.50000000000000711, -0.5000000000000000000 ) ) ;
#3742 = CARTESIAN_POINT ( 'NONE',  ( 63.50000000000001421, -16.50000000000000355, 3.500000000000003109 ) ) ;
#3743 = CIRCLE ( 'NONE', #5972, 1.000000000000000888 ) ;
#3744 = ORIENTED_EDGE ( 'NONE', *, *, #3055, .F. ) ;
#3745 = CARTESIAN_POINT ( 'NONE',  ( 30.05470177752417626, -21.59125456056696990, 3.346498499600549792 ) ) ;
#3746 = DIRECTION ( 'NONE',  ( 1.000000000000000000, 0.000000000000000000, 0.000000000000000000 ) ) ;
#3747 = AXIS2_PLACEMENT_3D ( 'NONE', #833, #5634, #2385 ) ;
#3748 = ORIENTED_EDGE ( 'NONE', *, *, #5983, .T. ) ;
#3749 = ORIENTED_EDGE ( 'NONE', *, *, #353, .T. ) ;
#3750 = CARTESIAN_POINT ( 'NONE',  ( -14.09999999999999787, -20.00000000000000355, 2.000000000000000000 ) ) ;
#3751 = AXIS2_PLACEMENT_3D ( 'NONE', #2444, #3596, #1426 ) ;
#3752 = CARTESIAN_POINT ( 'NONE',  ( 70.00000000000000000, 4.500000000000004441, 3.499999999999999556 ) ) ;
#3753 = ORIENTED_EDGE ( 'NONE', *, *, #2952, .T. ) ;
#3754 = CARTESIAN_POINT ( 'NONE',  ( 75.03589961145088694, -22.59830476178835923, 3.236410534702700126 ) ) ;
#3755 = VERTEX_POINT ( 'NONE', #4064 ) ;
#3756 = LINE ( 'NONE', #552, #3164 ) ;
#3757 = FACE_OUTER_BOUND ( 'NONE', #2250, .T. ) ;
#3758 = CARTESIAN_POINT ( 'NONE',  ( 78.24999999999992895, -19.50000000000000000, 2.750000000000000000 ) ) ;
#3759 = EDGE_CURVE ( 'NONE', #5075, #1101, #2058, .T. ) ;
#3760 = DIRECTION ( 'NONE',  ( -1.000000000000000000, 0.000000000000000000, 0.000000000000000000 ) ) ;
#3761 = ORIENTED_EDGE ( 'NONE', *, *, #5001, .F. ) ;
#3762 = FACE_OUTER_BOUND ( 'NONE', #6142, .T. ) ;
#3763 = CARTESIAN_POINT ( 'NONE',  ( 66.11539504185323324, -2.271529070723416588, 3.499999999999999556 ) ) ;
#3764 = VERTEX_POINT ( 'NONE', #2972 ) ;
#3765 = CARTESIAN_POINT ( 'NONE',  ( 81.00000000000001421, -10.50000000000000711, -0.5000000000000000000 ) ) ;
#3766 = EDGE_CURVE ( 'NONE', #5319, #3620, #4578, .T. ) ;
#3767 = LINE ( 'NONE', #4817, #5570 ) ;
#3768 = DIRECTION ( 'NONE',  ( -1.000000000000000000, 0.000000000000000000, 0.000000000000000000 ) ) ;
#3769 = VERTEX_POINT ( 'NONE', #5692 ) ;
#3770 = CARTESIAN_POINT ( 'NONE',  ( 93.50000000000001421, -26.50000000000000000, 1.725000000000000089 ) ) ;
#3771 = AXIS2_PLACEMENT_3D ( 'NONE', #6484, #6634, #5036 ) ;
#3772 = CARTESIAN_POINT ( 'NONE',  ( 78.24999999999992895, -21.50000000000000000, 3.999999999999997335 ) ) ;
#3773 = CIRCLE ( 'NONE', #4223, 1.250000000000001110 ) ;
#3774 = CARTESIAN_POINT ( 'NONE',  ( 34.25000000000000711, -11.71782813964461845, -55.82353258373179727 ) ) ;
#3775 = ORIENTED_EDGE ( 'NONE', *, *, #5711, .T. ) ;
#3776 = FACE_OUTER_BOUND ( 'NONE', #2781, .T. ) ;
#3777 = ORIENTED_EDGE ( 'NONE', *, *, #3116, .T. ) ;
#3778 = EDGE_CURVE ( 'NONE', #2855, #1608, #2296, .T. ) ;
#3779 = EDGE_CURVE ( 'NONE', #3814, #90, #6710, .T. ) ;
#3780 = DIRECTION ( 'NONE',  ( -1.000000000000000000, 0.000000000000000000, 0.000000000000000000 ) ) ;
#3781 = VECTOR ( 'NONE', #1457, 1000.000000000000000 ) ;
#3782 = ORIENTED_EDGE ( 'NONE', *, *, #3879, .T. ) ;
#3783 = EDGE_CURVE ( 'NONE', #6325, #5319, #1393, .T. ) ;
#3784 = VERTEX_POINT ( 'NONE', #3527 ) ;
#3785 = VECTOR ( 'NONE', #679, 1000.000000000000000 ) ;
#3786 = CARTESIAN_POINT ( 'NONE',  ( -4.500000000000000000, -1.599999999999995870, -89.54697091471047088 ) ) ;
#3787 = DIRECTION ( 'NONE',  ( 1.000000000000000000, 0.000000000000000000, 0.000000000000000000 ) ) ;
#3788 = EDGE_CURVE ( 'NONE', #4569, #3561, #722, .T. ) ;
#3789 = EDGE_LOOP ( 'NONE', ( #1381, #5339, #1933, #3964 ) ) ;
#3790 = EDGE_CURVE ( 'NONE', #3806, #4538, #2548, .T. ) ;
#3791 = AXIS2_PLACEMENT_3D ( 'NONE', #4438, #4468, #6601 ) ;
#3792 = DIRECTION ( 'NONE',  ( -0.9667633338930341491, 0.2556729478064223571, 0.000000000000000000 ) ) ;
#3793 = VERTEX_POINT ( 'NONE', #928 ) ;
#3794 = CARTESIAN_POINT ( 'NONE',  ( 0.4862531855678632331, -23.87772256255076186, 2.441732027437606867 ) ) ;
#3795 = DIRECTION ( 'NONE',  ( -1.000000000000000000, 0.000000000000000000, 0.000000000000000000 ) ) ;
#3796 = CARTESIAN_POINT ( 'NONE',  ( 91.10000000000000853, -18.50000000000000000, 1.725000000000000089 ) ) ;
#3797 = AXIS2_PLACEMENT_3D ( 'NONE', #6737, #2962, #1481 ) ;
#3798 = DIRECTION ( 'NONE',  ( -0.000000000000000000, -1.000000000000000000, -0.000000000000000000 ) ) ;
#3799 = ORIENTED_EDGE ( 'NONE', *, *, #1896, .T. ) ;
#3800 = CYLINDRICAL_SURFACE ( 'NONE', #4837, 1.000000000000000888 ) ;
#3801 = VERTEX_POINT ( 'NONE', #6248 ) ;
#3802 = ORIENTED_EDGE ( 'NONE', *, *, #6762, .T. ) ;
#3803 = CARTESIAN_POINT ( 'NONE',  ( 62.63182519208454835, 1.399999999999995914, 6.000000000000000000 ) ) ;
#3804 = CARTESIAN_POINT ( 'NONE',  ( 42.36817480791545876, 1.399999999999998579, 3.500000000000000000 ) ) ;
#3805 = CARTESIAN_POINT ( 'NONE',  ( 36.48816173500070192, -21.71757273468299942, 3.062765141996995233 ) ) ;
#3806 = VERTEX_POINT ( 'NONE', #1456 ) ;
#3807 = DIRECTION ( 'NONE',  ( 0.000000000000000000, 0.000000000000000000, 1.000000000000000000 ) ) ;
#3808 = DIRECTION ( 'NONE',  ( 0.9808912264268110359, 0.1945569374730865830, 0.000000000000000000 ) ) ;
#3809 = EDGE_CURVE ( 'NONE', #1018, #3905, #396, .T. ) ;
#3810 =( NAMED_UNIT ( * ) SI_UNIT ( $, .STERADIAN. ) SOLID_ANGLE_UNIT ( ) );
#3811 = CARTESIAN_POINT ( 'NONE',  ( 67.48732929018946436, -16.85573382074009530, 91.99722379239923953 ) ) ;
#3812 = CARTESIAN_POINT ( 'NONE',  ( 35.00000000000000000, 0.000000000000000000, -9.227922061357867634 ) ) ;
#3813 = ORIENTED_EDGE ( 'NONE', *, *, #5069, .F. ) ;
#3814 = VERTEX_POINT ( 'NONE', #3106 ) ;
#3815 = ADVANCED_FACE ( 'NONE', ( #5628 ), #2091, .T. ) ;
#3816 = CARTESIAN_POINT ( 'NONE',  ( 28.50100000000028899, -72.00100000000001899, 4.000000000000000888 ) ) ;
#3817 = ORIENTED_EDGE ( 'NONE', *, *, #4508, .F. ) ;
#3818 = DIRECTION ( 'NONE',  ( 0.000000000000000000, 0.000000000000000000, -1.000000000000000000 ) ) ;
#3819 = CIRCLE ( 'NONE', #3840, 1.000000000000000888 ) ;
#3820 = CARTESIAN_POINT ( 'NONE',  ( -4.500000000000000000, -1.599999999999995870, -89.54697091471047088 ) ) ;
#3821 = ORIENTED_EDGE ( 'NONE', *, *, #2457, .F. ) ;
#3822 = EDGE_LOOP ( 'NONE', ( #2009, #551, #5964, #2303 ) ) ;
#3823 = VECTOR ( 'NONE', #6689, 1000.000000000000000 ) ;
#3824 = FACE_OUTER_BOUND ( 'NONE', #3395, .T. ) ;
#3825 = EDGE_LOOP ( 'NONE', ( #4558, #5655, #3670, #6015 ) ) ;
#3826 = LINE ( 'NONE', #169, #4956 ) ;
#3827 = EDGE_CURVE ( 'NONE', #4947, #2085, #572, .T. ) ;
#3828 = VECTOR ( 'NONE', #6276, 1000.000000000000000 ) ;
#3829 = DIRECTION ( 'NONE',  ( 0.000000000000000000, 0.000000000000000000, 1.000000000000000000 ) ) ;
#3830 = DIRECTION ( 'NONE',  ( -1.000000000000000000, 0.000000000000000000, 0.000000000000000000 ) ) ;
#3831 = CIRCLE ( 'NONE', #795, 1.250000000000000222 ) ;
#3832 = VECTOR ( 'NONE', #2076, 1000.000000000000000 ) ;
#3833 = PRODUCT_DEFINITION_CONTEXT ( 'detailed design', #1483, 'design' ) ;
#3834 = DIRECTION ( 'NONE',  ( 0.000000000000000000, 0.000000000000000000, 1.000000000000000000 ) ) ;
#3835 = VERTEX_POINT ( 'NONE', #998 ) ;
#3836 = DIRECTION ( 'NONE',  ( -1.000000000000000000, 0.000000000000000000, 0.000000000000000000 ) ) ;
#3837 = VECTOR ( 'NONE', #5175, 1000.000000000000000 ) ;
#3838 = VECTOR ( 'NONE', #6402, 1000.000000000000000 ) ;
#3839 = ORIENTED_EDGE ( 'NONE', *, *, #6643, .F. ) ;
#3840 = AXIS2_PLACEMENT_3D ( 'NONE', #5122, #2980, #6224 ) ;
#3841 = LINE ( 'NONE', #6557, #1421 ) ;
#3842 = AXIS2_PLACEMENT_3D ( 'NONE', #1311, #6598, #1279 ) ;
#3843 = VECTOR ( 'NONE', #3886, 1000.000000000000000 ) ;
#3844 = DIRECTION ( 'NONE',  ( -1.000000000000000000, 0.000000000000000000, 0.000000000000000000 ) ) ;
#3845 = VECTOR ( 'NONE', #1451, 1000.000000000000000 ) ;
#3846 = DIRECTION ( 'NONE',  ( -0.7522364576801210401, 0.6588932476030269214, 0.000000000000000000 ) ) ;
#3847 = ORIENTED_EDGE ( 'NONE', *, *, #4366, .F. ) ;
#3848 = CARTESIAN_POINT ( 'NONE',  ( -39.37265766372466658, -3.399999999999995914, -4.000000000000000000 ) ) ;
#3849 = CARTESIAN_POINT ( 'NONE',  ( 89.00000000000001421, -4.000000000000000000, 0.000000000000000000 ) ) ;
#3850 = DIRECTION ( 'NONE',  ( 0.000000000000000000, -1.000000000000000000, 0.000000000000000000 ) ) ;
#3851 = CIRCLE ( 'NONE', #4401, 1.000000000000000000 ) ;
#3852 = DIRECTION ( 'NONE',  ( 0.000000000000000000, 0.000000000000000000, 1.000000000000000000 ) ) ;
#3853 = CARTESIAN_POINT ( 'NONE',  ( 1.626379040597121017, -20.25674932087425617, -0.5000000000000000000 ) ) ;
#3854 = ADVANCED_FACE ( 'NONE', ( #3186 ), #3143, .F. ) ;
#3855 = ORIENTED_EDGE ( 'NONE', *, *, #5967, .T. ) ;
#3856 = EDGE_LOOP ( 'NONE', ( #6732, #6570, #4519, #6169, #5131, #5146 ) ) ;
#3857 = LINE ( 'NONE', #5690, #3837 ) ;
#3858 = ORIENTED_EDGE ( 'NONE', *, *, #4967, .F. ) ;
#3859 = DIRECTION ( 'NONE',  ( 0.000000000000000000, 0.000000000000000000, 1.000000000000000000 ) ) ;
#3860 = VECTOR ( 'NONE', #3320, 1000.000000000000000 ) ;
#3861 = DIRECTION ( 'NONE',  ( 0.000000000000000000, -0.000000000000000000, -1.000000000000000000 ) ) ;
#3862 = EDGE_CURVE ( 'NONE', #3814, #22, #4642, .T. ) ;
#3863 = ORIENTED_EDGE ( 'NONE', *, *, #4692, .F. ) ;
#3864 = EDGE_LOOP ( 'NONE', ( #5811, #2832, #831, #454 ) ) ;
#3865 = DIRECTION ( 'NONE',  ( 0.000000000000000000, -0.000000000000000000, 1.000000000000000000 ) ) ;
#3866 = ORIENTED_EDGE ( 'NONE', *, *, #4782, .F. ) ;
#3867 = CARTESIAN_POINT ( 'NONE',  ( 7.174593208866281380, -18.63840397036846497, -55.82353258373179727 ) ) ;
#3868 = VECTOR ( 'NONE', #4552, 1000.000000000000000 ) ;
#3869 = FACE_OUTER_BOUND ( 'NONE', #616, .T. ) ;
#3870 = DIRECTION ( 'NONE',  ( 1.000000000000000000, 0.000000000000000000, 0.000000000000000000 ) ) ;
#3871 = EDGE_CURVE ( 'NONE', #1126, #1160, #6013, .T. ) ;
#3872 = AXIS2_PLACEMENT_3D ( 'NONE', #756, #223, #6647 ) ;
#3873 = CARTESIAN_POINT ( 'NONE',  ( 85.00000000000001421, 4.500000000000001776, -33.43835071544514648 ) ) ;
#3874 = EDGE_CURVE ( 'NONE', #463, #4409, #2515, .T. ) ;
#3875 = ORIENTED_EDGE ( 'NONE', *, *, #6549, .T. ) ;
#3876 = DIRECTION ( 'NONE',  ( 0.000000000000000000, -1.000000000000000000, 0.000000000000000000 ) ) ;
#3877 = ORIENTED_EDGE ( 'NONE', *, *, #2360, .T. ) ;
#3878 = DIRECTION ( 'NONE',  ( 1.000000000000000000, 1.734723475976807094E-15, 0.000000000000000000 ) ) ;
#3879 = EDGE_CURVE ( 'NONE', #6020, #277, #930, .T. ) ;
#3880 = DIRECTION ( 'NONE',  ( -1.000000000000000000, -0.000000000000000000, -0.000000000000000000 ) ) ;
#3881 = CARTESIAN_POINT ( 'NONE',  ( 36.41227766016830714, -21.41003987980399970, 3.499999999999999112 ) ) ;
#3882 = ORIENTED_EDGE ( 'NONE', *, *, #1120, .F. ) ;
#3883 = EDGE_CURVE ( 'NONE', #1232, #2379, #4261, .T. ) ;
#3884 = CARTESIAN_POINT ( 'NONE',  ( 43.85374360817894512, -23.50000000000000000, 3.500000000000003109 ) ) ;
#3885 = CARTESIAN_POINT ( 'NONE',  ( -12.50000000000000355, -10.76794919243113036, 0.5000000000000004441 ) ) ;
#3886 = DIRECTION ( 'NONE',  ( 0.000000000000000000, 0.000000000000000000, 1.000000000000000000 ) ) ;
#3887 = CARTESIAN_POINT ( 'NONE',  ( 47.57143374141650582, -11.50000000000000711, 3.500000000000003109 ) ) ;
#3888 = ORIENTED_EDGE ( 'NONE', *, *, #5029, .T. ) ;
#3889 = DIRECTION ( 'NONE',  ( -1.000000000000000000, 0.000000000000000000, 0.000000000000000000 ) ) ;
#3890 = AXIS2_PLACEMENT_3D ( 'NONE', #2909, #6684, #2380 ) ;
#3891 = EDGE_LOOP ( 'NONE', ( #5924, #6581, #5969, #3428, #5449 ) ) ;
#3892 = ORIENTED_EDGE ( 'NONE', *, *, #808, .T. ) ;
#3893 = DIRECTION ( 'NONE',  ( 0.000000000000000000, 0.000000000000000000, 1.000000000000000000 ) ) ;
#3894 = VERTEX_POINT ( 'NONE', #4301 ) ;
#3895 = CARTESIAN_POINT ( 'NONE',  ( 79.50000000000001421, 0.4999999999999970024, 0.000000000000000000 ) ) ;
#3896 = AXIS2_PLACEMENT_3D ( 'NONE', #3803, #1024, #2571 ) ;
#3897 = DIRECTION ( 'NONE',  ( 0.7071067811865459074, 0.7071067811865491270, -0.000000000000000000 ) ) ;
#3898 = EDGE_LOOP ( 'NONE', ( #2680, #877, #342, #5646, #5094, #6365, #118, #4597, #5484, #5894, #5767, #3453, #1005, #5542, #1523, #2389, #4040, #5766, #3877, #3227, #272, #5483, #3138 ) ) ;
#3899 = ORIENTED_EDGE ( 'NONE', *, *, #6316, .F. ) ;
#3900 = CARTESIAN_POINT ( 'NONE',  ( 85.00000000000001421, -26.50000000000000000, 1.725000000000000089 ) ) ;
#3901 = ORIENTED_EDGE ( 'NONE', *, *, #4901, .T. ) ;
#3902 = AXIS2_PLACEMENT_3D ( 'NONE', #4686, #5764, #6817 ) ;
#3903 = CARTESIAN_POINT ( 'NONE',  ( 0.4452982224756851792, -23.76078084641090982, 2.153501500399416457 ) ) ;
#3904 = DIRECTION ( 'NONE',  ( -1.000000000000000000, 0.000000000000000000, 0.000000000000000000 ) ) ;
#3905 = VERTEX_POINT ( 'NONE', #6355 ) ;
#3906 = ADVANCED_FACE ( 'NONE', ( #3776 ), #6391, .T. ) ;
#3907 = FACE_OUTER_BOUND ( 'NONE', #5425, .T. ) ;
#3908 = B_SPLINE_CURVE_WITH_KNOTS ( 'NONE', 3,
 ( #4131, #4649, #6783, #1984, #1145, #6356, #13, #1672, #4331, #6459, #2092, #2723, #6427, #1038, #1640, #6888 ),
 .UNSPECIFIED., .F., .F.,
 ( 4, 2, 2, 2, 2, 2, 2, 4 ),
 ( 0.000000000000000000, 0.0002350213895223179905, 0.0004700427790446359811, 0.0009400855580892719622, 0.001175106947611590522, 0.001410128337133909190, 0.001645149726656227858, 0.001880171116178546526 ),
 .UNSPECIFIED. ) ;
#3909 = AXIS2_PLACEMENT_3D ( 'NONE', #1768, #739, #6559 ) ;
#3910 = CARTESIAN_POINT ( 'NONE',  ( 75.08195657431868142, -19.56962679211833489, 3.475689398033265043 ) ) ;
#3911 = VERTEX_POINT ( 'NONE', #4863 ) ;
#3912 = DIRECTION ( 'NONE',  ( -1.000000000000000000, 0.000000000000000000, 0.000000000000000000 ) ) ;
#3913 = ORIENTED_EDGE ( 'NONE', *, *, #4877, .T. ) ;
#3914 = EDGE_CURVE ( 'NONE', #6482, #6429, #5373, .T. ) ;
#3915 = EDGE_CURVE ( 'NONE', #246, #4745, #1671, .T. ) ;
#3916 = CARTESIAN_POINT ( 'NONE',  ( 75.04257863081805624, -22.60125943429798312, 2.182552026089166208 ) ) ;
#3917 = CARTESIAN_POINT ( 'NONE',  ( 3.000000000000002665, -16.50000000000001066, -0.5000000000000000000 ) ) ;
#3918 = PLANE ( 'NONE',  #5942 ) ;
#3919 = EDGE_LOOP ( 'NONE', ( #5486, #6371, #193, #617 ) ) ;
#3920 = B_SPLINE_CURVE_WITH_KNOTS ( 'NONE', 3,
 ( #3282, #3881, #2679, #4431, #4888, #3805, #75, #3, #1100, #147, #2187, #108, #2221, #2293, #4354, #6002 ),
 .UNSPECIFIED., .F., .F.,
 ( 4, 2, 2, 2, 2, 2, 2, 4 ),
 ( 0.000000000000000000, 0.0002350213895223279110, 0.0004700427790446558220, 0.0009400855580893153303, 0.001175106947611644515, 0.001410128337133973592, 0.001645149726656302668, 0.001880171116178631962 ),
 .UNSPECIFIED. ) ;
#3921 = LINE ( 'NONE', #5441, #1609 ) ;
#3922 = DIRECTION ( 'NONE',  ( -1.000000000000000000, 0.000000000000000000, 0.000000000000000000 ) ) ;
#3923 = EDGE_CURVE ( 'NONE', #6525, #3399, #3743, .T. ) ;
#3924 = DIRECTION ( 'NONE',  ( -0.000000000000000000, -0.000000000000000000, -1.000000000000000000 ) ) ;
#3925 = CARTESIAN_POINT ( 'NONE',  ( 93.50000000000001421, -4.000000000000000000, -13.50925608610629602 ) ) ;
#3926 = VERTEX_POINT ( 'NONE', #2226 ) ;
#3927 = EDGE_LOOP ( 'NONE', ( #2130, #576, #4397, #2619, #3013, #54 ) ) ;
#3928 = EDGE_CURVE ( 'NONE', #5502, #1633, #3707, .T. ) ;
#3929 = CARTESIAN_POINT ( 'NONE',  ( 36.49999999999993605, -20.50000000000000000, 2.750000000000000000 ) ) ;
#3930 = ORIENTED_EDGE ( 'NONE', *, *, #2065, .T. ) ;
#3931 = DIRECTION ( 'NONE',  ( -0.000000000000000000, 1.000000000000000000, -0.000000000000000000 ) ) ;
#3932 = CARTESIAN_POINT ( 'NONE',  ( -26.00000000000001421, -17.50000000000000000, -4.964194138592089800 ) ) ;
#3933 = ORIENTED_EDGE ( 'NONE', *, *, #3680, .F. ) ;
#3934 = VERTEX_POINT ( 'NONE', #2616 ) ;
#3935 =( NAMED_UNIT ( * ) PLANE_ANGLE_UNIT ( ) SI_UNIT ( $, .RADIAN. ) );
#3936 = ORIENTED_EDGE ( 'NONE', *, *, #6301, .F. ) ;
#3937 = FACE_OUTER_BOUND ( 'NONE', #6889, .T. ) ;
#3938 = DIRECTION ( 'NONE',  ( -1.000000000000000000, 0.000000000000000000, 0.000000000000000000 ) ) ;
#3939 = CARTESIAN_POINT ( 'NONE',  ( 63.50000000000001421, -16.50000000000000355, 91.99722379239923953 ) ) ;
#3940 = EDGE_CURVE ( 'NONE', #967, #4126, #4759, .T. ) ;
#3941 = DIRECTION ( 'NONE',  ( 0.000000000000000000, 0.000000000000000000, -1.000000000000000000 ) ) ;
#3942 = ORIENTED_EDGE ( 'NONE', *, *, #473, .T. ) ;
#3943 = PLANE ( 'NONE',  #589 ) ;
#3944 = ORIENTED_EDGE ( 'NONE', *, *, #1503, .T. ) ;
#3945 = AXIS2_PLACEMENT_3D ( 'NONE', #2804, #6254, #5768 ) ;
#3946 = VECTOR ( 'NONE', #4786, 1000.000000000000000 ) ;
#3947 = LINE ( 'NONE', #1204, #6784 ) ;
#3948 = DIRECTION ( 'NONE',  ( 1.000000000000000000, 0.000000000000000000, 0.000000000000000000 ) ) ;
#3949 = CIRCLE ( 'NONE', #4053, 4.000000000000003553 ) ;
#3950 = EDGE_CURVE ( 'NONE', #44, #1315, #2863, .T. ) ;
#3951 = DIRECTION ( 'NONE',  ( 0.000000000000000000, -0.000000000000000000, 1.000000000000000000 ) ) ;
#3952 = EDGE_LOOP ( 'NONE', ( #747, #2821, #2698, #2908, #6881, #984 ) ) ;
#3953 = CYLINDRICAL_SURFACE ( 'NONE', #5177, 1.000000000000000888 ) ;
#3954 = VECTOR ( 'NONE', #2460, 1000.000000000000000 ) ;
#3955 = DIRECTION ( 'NONE',  ( 0.000000000000000000, 0.000000000000000000, 1.000000000000000000 ) ) ;
#3956 = AXIS2_PLACEMENT_3D ( 'NONE', #4968, #5095, #4013 ) ;
#3957 = CARTESIAN_POINT ( 'NONE',  ( 81.00000000000001421, -10.50000000000000711, 3.500000000000003109 ) ) ;
#3958 = VECTOR ( 'NONE', #2406, 1000.000000000000000 ) ;
#3959 = LINE ( 'NONE', #3925, #1427 ) ;
#3960 = ORIENTED_EDGE ( 'NONE', *, *, #3465, .F. ) ;
#3961 = ORIENTED_EDGE ( 'NONE', *, *, #3827, .F. ) ;
#3962 = CIRCLE ( 'NONE', #917, 1.249999999999997558 ) ;
#3963 = DIRECTION ( 'NONE',  ( -1.000000000000000000, 0.000000000000000000, 0.000000000000000000 ) ) ;
#3964 = ORIENTED_EDGE ( 'NONE', *, *, #678, .F. ) ;
#3965 = FACE_OUTER_BOUND ( 'NONE', #5985, .T. ) ;
#3966 = CARTESIAN_POINT ( 'NONE',  ( -29.00000000000000000, -14.49999999999999822, 0.000000000000000000 ) ) ;
#3967 = CIRCLE ( 'NONE', #6075, 1.000000000000000888 ) ;
#3968 = EDGE_CURVE ( 'NONE', #3375, #4227, #2926, .T. ) ;
#3969 = VERTEX_POINT ( 'NONE', #4360 ) ;
#3970 = ORIENTED_EDGE ( 'NONE', *, *, #1801, .T. ) ;
#3971 = ORIENTED_EDGE ( 'NONE', *, *, #6687, .F. ) ;
#3972 = FACE_BOUND ( 'NONE', #4448, .T. ) ;
#3973 = CARTESIAN_POINT ( 'NONE',  ( 11.61993786033147913, -17.74527366776648307, 3.500000000000000000 ) ) ;
#3974 = AXIS2_PLACEMENT_3D ( 'NONE', #5925, #1524, #1560 ) ;
#3975 = CARTESIAN_POINT ( 'NONE',  ( -8.849999999999996092, -20.00000000000000355, 0.5000000000000000000 ) ) ;
#3976 = VECTOR ( 'NONE', #1725, 1000.000000000000000 ) ;
#3977 = CARTESIAN_POINT ( 'NONE',  ( 30.08772233983155431, -20.09042769776575810, 3.500000000000000000 ) ) ;
#3978 = ORIENTED_EDGE ( 'NONE', *, *, #1553, .T. ) ;
#3979 = FACE_OUTER_BOUND ( 'NONE', #2726, .T. ) ;
#3980 = ORIENTED_EDGE ( 'NONE', *, *, #5908, .F. ) ;
#3981 = AXIS2_PLACEMENT_3D ( 'NONE', #5487, #4978, #2870 ) ;
#3982 = EDGE_CURVE ( 'NONE', #2794, #754, #4927, .T. ) ;
#3983 = DIRECTION ( 'NONE',  ( 1.000000000000000000, 0.000000000000000000, 0.000000000000000000 ) ) ;
#3984 = FACE_OUTER_BOUND ( 'NONE', #2045, .T. ) ;
#3985 = PLANE ( 'NONE',  #2371 ) ;
#3986 = ORIENTED_EDGE ( 'NONE', *, *, #2353, .F. ) ;
#3987 = FACE_OUTER_BOUND ( 'NONE', #6768, .T. ) ;
#3988 = VERTEX_POINT ( 'NONE', #3887 ) ;
#3989 = CARTESIAN_POINT ( 'NONE',  ( -26.50000000000001421, -16.99999999999996803, 4.000000000000000888 ) ) ;
#3990 = EDGE_CURVE ( 'NONE', #5907, #3784, #5551, .T. ) ;
#3991 = DIRECTION ( 'NONE',  ( 0.000000000000000000, 0.000000000000000000, -1.000000000000000000 ) ) ;
#3992 = CARTESIAN_POINT ( 'NONE',  ( 3.000000000000002665, -16.50000000000001066, 91.99722379239923953 ) ) ;
#3993 = ORIENTED_EDGE ( 'NONE', *, *, #648, .T. ) ;
#3994 = FACE_OUTER_BOUND ( 'NONE', #542, .T. ) ;
#3995 = CYLINDRICAL_SURFACE ( 'NONE', #2033, 2.000000000000001776 ) ;
#3996 = ORIENTED_EDGE ( 'NONE', *, *, #48, .T. ) ;
#3997 = EDGE_CURVE ( 'NONE', #3323, #376, #5850, .T. ) ;
#3998 = EDGE_CURVE ( 'NONE', #4426, #2357, #1282, .T. ) ;
#3999 = FACE_OUTER_BOUND ( 'NONE', #5277, .T. ) ;
#4000 = DIRECTION ( 'NONE',  ( 1.000000000000000000, 0.000000000000000000, 0.000000000000000000 ) ) ;
#4001 = ORIENTED_EDGE ( 'NONE', *, *, #5318, .T. ) ;
#4002 = VERTEX_POINT ( 'NONE', #3417 ) ;
#4003 = SHAPE_DEFINITION_REPRESENTATION ( #5344, #5562 ) ;
#4004 = DIRECTION ( 'NONE',  ( -1.000000000000000000, 0.000000000000000000, 0.000000000000000000 ) ) ;
#4005 = VECTOR ( 'NONE', #1337, 1000.000000000000000 ) ;
#4006 = CARTESIAN_POINT ( 'NONE',  ( 79.19607361829122283, -24.50000000000000000, -0.5000000000000004441 ) ) ;
#4007 = CARTESIAN_POINT ( 'NONE',  ( 30.08772233983155431, -19.50000000000000000, 3.500000000000000000 ) ) ;
#4008 = LINE ( 'NONE', #768, #3483 ) ;
#4009 = VERTEX_POINT ( 'NONE', #1743 ) ;
#4010 = CARTESIAN_POINT ( 'NONE',  ( -0.05236439395462548496, -11.50000000000000711, -55.82353258373179727 ) ) ;
#4011 = ORIENTED_EDGE ( 'NONE', *, *, #6795, .F. ) ;
#4012 = EDGE_CURVE ( 'NONE', #6588, #165, #6408, .T. ) ;
#4013 = DIRECTION ( 'NONE',  ( 1.000000000000000000, 0.000000000000000000, -0.000000000000000000 ) ) ;
#4014 = VECTOR ( 'NONE', #531, 1000.000000000000000 ) ;
#4015 = CARTESIAN_POINT ( 'NONE',  ( 44.85374360817894512, -23.50000000000000000, 91.99722379239923953 ) ) ;
#4016 = CIRCLE ( 'NONE', #3797, 1.000000000000000000 ) ;
#4017 = DIRECTION ( 'NONE',  ( 1.000000000000000000, 0.000000000000000000, 0.000000000000000000 ) ) ;
#4018 = ORIENTED_EDGE ( 'NONE', *, *, #4516, .F. ) ;
#4019 = DIRECTION ( 'NONE',  ( -1.000000000000000000, 0.000000000000000000, 0.000000000000000000 ) ) ;
#4020 = DIRECTION ( 'NONE',  ( 0.000000000000000000, -0.000000000000000000, -1.000000000000000000 ) ) ;
#4021 = DIRECTION ( 'NONE',  ( 1.000000000000000000, 0.000000000000000000, 0.000000000000000000 ) ) ;
#4022 = CARTESIAN_POINT ( 'NONE',  ( 85.00000000000001421, -8.500000000000003553, -0.5000000000000000000 ) ) ;
#4023 = EDGE_LOOP ( 'NONE', ( #362, #6217, #2454, #5544 ) ) ;
#4024 = DIRECTION ( 'NONE',  ( -0.000000000000000000, -0.000000000000000000, 1.000000000000000000 ) ) ;
#4025 = EDGE_CURVE ( 'NONE', #1745, #2467, #4501, .T. ) ;
#4026 = CARTESIAN_POINT ( 'NONE',  ( -1.683748498798798732, -17.25000000000000000, 3.500000000000000000 ) ) ;
#4027 = VERTEX_POINT ( 'NONE', #186 ) ;
#4028 = CARTESIAN_POINT ( 'NONE',  ( -4.988272402590862242, -10.50000000000000711, 3.499999999999999556 ) ) ;
#4029 = PLANE ( 'NONE',  #6222 ) ;
#4030 = EDGE_LOOP ( 'NONE', ( #921, #5332, #4031 ) ) ;
#4031 = ORIENTED_EDGE ( 'NONE', *, *, #5143, .F. ) ;
#4032 = EDGE_CURVE ( 'NONE', #44, #5762, #6867, .T. ) ;
#4033 = CARTESIAN_POINT ( 'NONE',  ( -25.99999999999998579, -17.50000000000000000, 2.000000000000000000 ) ) ;
#4034 = DIRECTION ( 'NONE',  ( -1.000000000000000000, 0.000000000000000000, 0.000000000000000000 ) ) ;
#4035 = CARTESIAN_POINT ( 'NONE',  ( 48.57143374141650582, -10.50000000000000711, 3.500000000000003109 ) ) ;
#4036 = CARTESIAN_POINT ( 'NONE',  ( 90.50000000000001421, -2.399527641708707915, 6.000000000000000000 ) ) ;
#4037 = DIRECTION ( 'NONE',  ( 0.000000000000000000, 0.000000000000000000, -1.000000000000000000 ) ) ;
#4038 = ORIENTED_EDGE ( 'NONE', *, *, #480, .T. ) ;
#4039 = CYLINDRICAL_SURFACE ( 'NONE', #3618, 1.249999999999997558 ) ;
#4040 = ORIENTED_EDGE ( 'NONE', *, *, #29, .T. ) ;
#4041 = DIRECTION ( 'NONE',  ( 2.990902544787599085E-16, -1.000000000000000000, 0.000000000000000000 ) ) ;
#4042 = CARTESIAN_POINT ( 'NONE',  ( 67.44792988951998325, -19.12942000970458167, 3.500000000000000000 ) ) ;
#4043 = VECTOR ( 'NONE', #5325, 1000.000000000000000 ) ;
#4044 = DIRECTION ( 'NONE',  ( 0.000000000000000000, 0.000000000000000000, -1.000000000000000000 ) ) ;
#4045 = VERTEX_POINT ( 'NONE', #3354 ) ;
#4046 = VERTEX_POINT ( 'NONE', #6041 ) ;
#4047 = CARTESIAN_POINT ( 'NONE',  ( 33.24999999999992895, -26.50000000000000000, 1.500000000000002220 ) ) ;
#4048 = VECTOR ( 'NONE', #5635, 1000.000000000000000 ) ;
#4049 = DIRECTION ( 'NONE',  ( -1.000000000000000000, 3.469446951953611033E-15, 0.000000000000000000 ) ) ;
#4050 = ORIENTED_EDGE ( 'NONE', *, *, #3076, .F. ) ;
#4051 = VECTOR ( 'NONE', #2890, 1000.000000000000000 ) ;
#4052 = LINE ( 'NONE', #3024, #6748 ) ;
#4053 = AXIS2_PLACEMENT_3D ( 'NONE', #3568, #436, #3115 ) ;
#4054 = DIRECTION ( 'NONE',  ( -1.000000000000000000, 0.000000000000000000, 0.000000000000000000 ) ) ;
#4055 = ADVANCED_FACE ( 'NONE', ( #6530 ), #2332, .F. ) ;
#4056 = VECTOR ( 'NONE', #5259, 1000.000000000000000 ) ;
#4057 = ORIENTED_EDGE ( 'NONE', *, *, #1622, .T. ) ;
#4058 = CYLINDRICAL_SURFACE ( 'NONE', #6625, 1.600000000000004086 ) ;
#4059 = AXIS2_PLACEMENT_3D ( 'NONE', #3774, #5897, #4400 ) ;
#4060 = VECTOR ( 'NONE', #2313, 1000.000000000000000 ) ;
#4061 = DIRECTION ( 'NONE',  ( -1.000000000000000000, 0.000000000000000000, 0.000000000000000000 ) ) ;
#4062 = ORIENTED_EDGE ( 'NONE', *, *, #5732, .F. ) ;
#4063 = CIRCLE ( 'NONE', #5616, 1.599999999999997202 ) ;
#4064 = CARTESIAN_POINT ( 'NONE',  ( 72.68750000000001421, -10.50000000000000711, -0.5000000000000000000 ) ) ;
#4065 = EDGE_CURVE ( 'NONE', #6187, #2626, #5037, .T. ) ;
#4066 = DIRECTION ( 'NONE',  ( 0.000000000000000000, -0.000000000000000000, -1.000000000000000000 ) ) ;
#4067 = CIRCLE ( 'NONE', #1032, 1.000000000000000000 ) ;
#4068 = EDGE_LOOP ( 'NONE', ( #3696, #4484, #1325, #3113 ) ) ;
#4069 = AXIS2_PLACEMENT_3D ( 'NONE', #1701, #149, #184 ) ;
#4070 = ORIENTED_EDGE ( 'NONE', *, *, #5815, .F. ) ;
#4071 = DIRECTION ( 'NONE',  ( 1.000000000000000000, 0.000000000000000000, 0.000000000000000000 ) ) ;
#4072 = CARTESIAN_POINT ( 'NONE',  ( 33.24999999999992895, -21.50000000000000000, 1.500000000000002220 ) ) ;
#4073 = AXIS2_PLACEMENT_3D ( 'NONE', #1520, #2147, #6803 ) ;
#4074 = EDGE_CURVE ( 'NONE', #4305, #1234, #1843, .T. ) ;
#4075 = DIRECTION ( 'NONE',  ( 0.000000000000000000, 0.000000000000000000, -1.000000000000000000 ) ) ;
#4076 = DIRECTION ( 'NONE',  ( 0.000000000000000000, 0.000000000000000000, 1.000000000000000000 ) ) ;
#4077 = ORIENTED_EDGE ( 'NONE', *, *, #2006, .F. ) ;
#4078 = CARTESIAN_POINT ( 'NONE',  ( 6.114882014779136732, -3.440377792556333691, 3.500000000000000000 ) ) ;
#4079 = VECTOR ( 'NONE', #5933, 1000.000000000000000 ) ;
#4080 = VERTEX_POINT ( 'NONE', #3387 ) ;
#4081 = FACE_OUTER_BOUND ( 'NONE', #4088, .T. ) ;
#4082 = EDGE_CURVE ( 'NONE', #957, #5201, #644, .T. ) ;
#4083 = DIRECTION ( 'NONE',  ( 0.000000000000000000, 0.000000000000000000, -1.000000000000000000 ) ) ;
#4084 = AXIS2_PLACEMENT_3D ( 'NONE', #1858, #2586, #970 ) ;
#4085 = ADVANCED_FACE ( 'NONE', ( #2265 ), #6107, .F. ) ;
#4086 = CARTESIAN_POINT ( 'NONE',  ( 80.75000000000001421, 0.4999999999999970579, 6.000000000000000000 ) ) ;
#4087 = EDGE_LOOP ( 'NONE', ( #491, #5922, #6337, #608 ) ) ;
#4088 = EDGE_LOOP ( 'NONE', ( #1995, #2834, #6641, #6297 ) ) ;
#4089 = LINE ( 'NONE', #5200, #2842 ) ;
#4090 = CARTESIAN_POINT ( 'NONE',  ( 1.103821443123443879, -12.97799675178436907, 3.500000000000003109 ) ) ;
#4091 = AXIS2_PLACEMENT_3D ( 'NONE', #4690, #4137, #2024 ) ;
#4092 = DIRECTION ( 'NONE',  ( 1.000000000000000000, 7.434529182757744162E-17, 0.000000000000000000 ) ) ;
#4093 = CARTESIAN_POINT ( 'NONE',  ( 63.50000000000001421, -16.50000000000000355, -4.000999999999999446 ) ) ;
#4094 = EDGE_CURVE ( 'NONE', #1101, #2310, #2499, .T. ) ;
#4095 = AXIS2_PLACEMENT_3D ( 'NONE', #5321, #6927, #20 ) ;
#4096 = ORIENTED_EDGE ( 'NONE', *, *, #506, .T. ) ;
#4097 = DIRECTION ( 'NONE',  ( 1.000000000000000000, 0.000000000000000000, 0.000000000000000000 ) ) ;
#4098 = CARTESIAN_POINT ( 'NONE',  ( -29.83333333333337478, -13.66666666666662877, 0.6666666666667038221 ) ) ;
#4099 = ORIENTED_EDGE ( 'NONE', *, *, #4172, .T. ) ;
#4100 = CARTESIAN_POINT ( 'NONE',  ( 44.85374360817894512, -24.50000000000000000, 3.500000000000003109 ) ) ;
#4101 = PLANE ( 'NONE',  #6445 ) ;
#4102 = ORIENTED_EDGE ( 'NONE', *, *, #5711, .F. ) ;
#4103 = ORIENTED_EDGE ( 'NONE', *, *, #5149, .F. ) ;
#4104 = DIRECTION ( 'NONE',  ( 0.000000000000000000, -1.000000000000000000, 0.000000000000000000 ) ) ;
#4105 = CARTESIAN_POINT ( 'NONE',  ( -0.05236439395462548496, -11.50000000000000711, 3.500000000000003109 ) ) ;
#4106 = CARTESIAN_POINT ( 'NONE',  ( -2.849999999999992095, -18.50000000000000000, 3.500000000000000000 ) ) ;
#4107 = CARTESIAN_POINT ( 'NONE',  ( -21.00000000000001066, -26.50000000000000355, 2.000000000000000000 ) ) ;
#4108 = ORIENTED_EDGE ( 'NONE', *, *, #6301, .T. ) ;
#4109 = DIRECTION ( 'NONE',  ( -1.000000000000000000, 1.797640907747984631E-16, -0.000000000000000000 ) ) ;
#4110 = EDGE_CURVE ( 'NONE', #2040, #4117, #6008, .T. ) ;
#4111 = VERTEX_POINT ( 'NONE', #675 ) ;
#4112 = CARTESIAN_POINT ( 'NONE',  ( -15.49999999999999822, -7.500000000000016875, -0.4999999999999987232 ) ) ;
#4113 = CARTESIAN_POINT ( 'NONE',  ( 67.49851237746938182, -16.60908147058193052, 91.99722379239923953 ) ) ;
#4114 = CIRCLE ( 'NONE', #2433, 1.000000000000000888 ) ;
#4115 = CARTESIAN_POINT ( 'NONE',  ( -1.600000000000000089, 0.000000000000000000, 3.500000000000000000 ) ) ;
#4116 = ORIENTED_EDGE ( 'NONE', *, *, #6244, .F. ) ;
#4117 = VERTEX_POINT ( 'NONE', #2828 ) ;
#4118 = DIRECTION ( 'NONE',  ( 0.000000000000000000, -1.000000000000000000, 0.000000000000000000 ) ) ;
#4119 = EDGE_CURVE ( 'NONE', #3216, #1430, #5713, .T. ) ;
#4120 = ORIENTED_EDGE ( 'NONE', *, *, #170, .T. ) ;
#4121 = CARTESIAN_POINT ( 'NONE',  ( 78.24999999999992895, -21.50000000000000000, 3.999999999999997335 ) ) ;
#4122 = CARTESIAN_POINT ( 'NONE',  ( 63.68607244643996523, -1.408658527960293227, 3.500000000000000000 ) ) ;
#4123 = CARTESIAN_POINT ( 'NONE',  ( 28.83204939202513017, -22.29723704804910511, -55.82353258373179727 ) ) ;
#4124 = VECTOR ( 'NONE', #6879, 1000.000000000000000 ) ;
#4125 = CARTESIAN_POINT ( 'NONE',  ( 76.00000000000001421, 4.500000000000005329, 3.000000000000000000 ) ) ;
#4126 = VERTEX_POINT ( 'NONE', #3585 ) ;
#4127 = CYLINDRICAL_SURFACE ( 'NONE', #579, 3.000000000000002665 ) ;
#4128 = LINE ( 'NONE', #394, #2153 ) ;
#4129 = VERTEX_POINT ( 'NONE', #1344 ) ;
#4130 = CARTESIAN_POINT ( 'NONE',  ( -22.50000000000000000, -3.599999999999995648, -4.000000000000000000 ) ) ;
#4131 = CARTESIAN_POINT ( 'NONE',  ( 0.4122776601683184050, -21.00364639817820844, 1.999999999999989120 ) ) ;
#4132 = ORIENTED_EDGE ( 'NONE', *, *, #2904, .T. ) ;
#4133 = ORIENTED_EDGE ( 'NONE', *, *, #38, .T. ) ;
#4134 = ADVANCED_FACE ( 'NONE', ( #954 ), #3096, .F. ) ;
#4135 = ORIENTED_EDGE ( 'NONE', *, *, #6040, .F. ) ;
#4136 = CARTESIAN_POINT ( 'NONE',  ( -12.50000000000000355, -14.23205080756887853, 15.49546024484603102 ) ) ;
#4137 = DIRECTION ( 'NONE',  ( -0.000000000000000000, -0.000000000000000000, -1.000000000000000000 ) ) ;
#4138 = CARTESIAN_POINT ( 'NONE',  ( -39.37265766372466658, -3.399999999999995914, 4.000000000000000000 ) ) ;
#4139 = LINE ( 'NONE', #6194, #131 ) ;
#4140 = ORIENTED_EDGE ( 'NONE', *, *, #4407, .T. ) ;
#4141 = DIRECTION ( 'NONE',  ( -1.000000000000000000, 0.000000000000000000, 0.000000000000000000 ) ) ;
#4142 = VERTEX_POINT ( 'NONE', #4122 ) ;
#4143 = DIRECTION ( 'NONE',  ( -1.000000000000000000, 0.000000000000000000, -0.000000000000000000 ) ) ;
#4144 = LINE ( 'NONE', #5097, #4005 ) ;
#4145 = EDGE_CURVE ( 'NONE', #2958, #4426, #4974, .T. ) ;
#4146 = CARTESIAN_POINT ( 'NONE',  ( 7.368174807915457869, -1.599999999999997424, 0.000000000000000000 ) ) ;
#4147 = ORIENTED_EDGE ( 'NONE', *, *, #1482, .F. ) ;
#4148 = ORIENTED_EDGE ( 'NONE', *, *, #3350, .F. ) ;
#4149 = FACE_OUTER_BOUND ( 'NONE', #4319, .T. ) ;
#4150 = CARTESIAN_POINT ( 'NONE',  ( -8.849999999999996092, -18.50000000000000355, 0.5000000000000000000 ) ) ;
#4151 = ORIENTED_EDGE ( 'NONE', *, *, #1054, .T. ) ;
#4152 = DIRECTION ( 'NONE',  ( 0.000000000000000000, -1.000000000000000000, -0.000000000000000000 ) ) ;
#4153 = EDGE_CURVE ( 'NONE', #6658, #3129, #5136, .T. ) ;
#4154 = LINE ( 'NONE', #1386, #1987 ) ;
#4155 = CARTESIAN_POINT ( 'NONE',  ( 35.44455693747309510, -11.95476505286242030, -0.5000000000000004441 ) ) ;
#4156 = ORIENTED_EDGE ( 'NONE', *, *, #1844, .T. ) ;
#4157 = DIRECTION ( 'NONE',  ( 1.000000000000000000, 0.000000000000000000, 0.000000000000000000 ) ) ;
#4158 = DIRECTION ( 'NONE',  ( 0.000000000000000000, 0.000000000000000000, 1.000000000000000000 ) ) ;
#4159 = FACE_BOUND ( 'NONE', #284, .T. ) ;
#4160 = ORIENTED_EDGE ( 'NONE', *, *, #681, .F. ) ;
#4161 = CIRCLE ( 'NONE', #1133, 2.000000000000000000 ) ;
#4162 = DIRECTION ( 'NONE',  ( 0.000000000000000000, 0.000000000000000000, 1.000000000000000000 ) ) ;
#4163 = LINE ( 'NONE', #6286, #4665 ) ;
#4164 = EDGE_LOOP ( 'NONE', ( #5563, #5057, #3405, #3648 ) ) ;
#4165 = ADVANCED_FACE ( 'NONE', ( #4603 ), #387, .F. ) ;
#4166 = ORIENTED_EDGE ( 'NONE', *, *, #2211, .T. ) ;
#4167 = AXIS2_PLACEMENT_3D ( 'NONE', #2449, #2554, #832 ) ;
#4168 = VECTOR ( 'NONE', #5845, 1000.000000000000000 ) ;
#4169 = AXIS2_PLACEMENT_3D ( 'NONE', #4250, #2742, #3760 ) ;
#4170 = DIRECTION ( 'NONE',  ( -0.000000000000000000, -0.000000000000000000, -1.000000000000000000 ) ) ;
#4171 = CARTESIAN_POINT ( 'NONE',  ( 0.6297768039043050159, -12.09749593973045911, -0.5000000000000004441 ) ) ;
#4172 = EDGE_CURVE ( 'NONE', #3496, #2914, #3479, .T. ) ;
#4173 = VECTOR ( 'NONE', #6919, 1000.000000000000000 ) ;
#4174 = VECTOR ( 'NONE', #4196, 1000.000000000000000 ) ;
#4175 = DIRECTION ( 'NONE',  ( 0.000000000000000000, 0.000000000000000000, 1.000000000000000000 ) ) ;
#4176 = CARTESIAN_POINT ( 'NONE',  ( -25.50000000000000355, -21.00000000000001066, 4.999999999999988454 ) ) ;
#4177 = ORIENTED_EDGE ( 'NONE', *, *, #5565, .T. ) ;
#4178 = DIRECTION ( 'NONE',  ( 0.000000000000000000, -0.000000000000000000, -1.000000000000000000 ) ) ;
#4179 = AXIS2_PLACEMENT_3D ( 'NONE', #4566, #879, #6700 ) ;
#4180 = ORIENTED_EDGE ( 'NONE', *, *, #3914, .T. ) ;
#4181 = DIRECTION ( 'NONE',  ( -1.000000000000000000, 0.000000000000000000, 0.000000000000000000 ) ) ;
#4182 = CARTESIAN_POINT ( 'NONE',  ( 5.000000000000000888, -3.600000000000000089, 3.500000000000000000 ) ) ;
#4183 = AXIS2_PLACEMENT_3D ( 'NONE', #4737, #5776, #1994 ) ;
#4184 = FACE_OUTER_BOUND ( 'NONE', #2845, .T. ) ;
#4185 = ORIENTED_EDGE ( 'NONE', *, *, #4370, .T. ) ;
#4186 = ORIENTED_EDGE ( 'NONE', *, *, #4662, .F. ) ;
#4187 = CARTESIAN_POINT ( 'NONE',  ( -5.849999999999992539, -14.50000000000000355, 3.499999999999999556 ) ) ;
#4188 = DIRECTION ( 'NONE',  ( 0.000000000000000000, 0.000000000000000000, 1.000000000000000000 ) ) ;
#4189 = ADVANCED_FACE ( 'NONE', ( #6208 ), #1446, .F. ) ;
#4190 = ORIENTED_EDGE ( 'NONE', *, *, #3041, .T. ) ;
#4191 = VECTOR ( 'NONE', #2164, 1000.000000000000000 ) ;
#4192 = DIRECTION ( 'NONE',  ( -0.6819983600624943687, -0.7313537016191743456, 0.000000000000000000 ) ) ;
#4193 = DIRECTION ( 'NONE',  ( -1.000000000000000000, 0.000000000000000000, 0.000000000000000000 ) ) ;
#4194 = CYLINDRICAL_SURFACE ( 'NONE', #5165, 1.000000000000000888 ) ;
#4195 = VERTEX_POINT ( 'NONE', #817 ) ;
#4196 = DIRECTION ( 'NONE',  ( 0.000000000000000000, 0.000000000000000000, -1.000000000000000000 ) ) ;
#4197 = AXIS2_PLACEMENT_3D ( 'NONE', #5464, #662, #2671 ) ;
#4198 = CYLINDRICAL_SURFACE ( 'NONE', #3213, 1.000000000000000888 ) ;
#4199 = EDGE_CURVE ( 'NONE', #2478, #4581, #850, .T. ) ;
#4200 = CARTESIAN_POINT ( 'NONE',  ( 36.49999999999993605, -20.50000000000000000, 2.750000000000000000 ) ) ;
#4201 = VERTEX_POINT ( 'NONE', #5620 ) ;
#4202 = DIRECTION ( 'NONE',  ( 1.000000000000000000, 0.000000000000000000, 0.000000000000000000 ) ) ;
#4203 = VECTOR ( 'NONE', #3859, 1000.000000000000000 ) ;
#4204 = CARTESIAN_POINT ( 'NONE',  ( 62.25000000000001421, -16.50000000000000355, -0.5000000000000000000 ) ) ;
#4205 = ORIENTED_EDGE ( 'NONE', *, *, #4324, .T. ) ;
#4206 = ORIENTED_EDGE ( 'NONE', *, *, #4270, .T. ) ;
#4207 = EDGE_CURVE ( 'NONE', #219, #942, #2964, .T. ) ;
#4208 = EDGE_CURVE ( 'NONE', #1261, #6269, #4674, .T. ) ;
#4209 = CARTESIAN_POINT ( 'NONE',  ( 37.66795060797473127, -22.29723704804914064, -0.5000000000000004441 ) ) ;
#4210 = ORIENTED_EDGE ( 'NONE', *, *, #2025, .T. ) ;
#4211 = CARTESIAN_POINT ( 'NONE',  ( 73.01182432432433700, -12.44594594594595272, 3.500000000000000000 ) ) ;
#4212 = ORIENTED_EDGE ( 'NONE', *, *, #3615, .T. ) ;
#4213 = CARTESIAN_POINT ( 'NONE',  ( 36.41227766016831424, -21.33047371415610627, 2.000000000000012879 ) ) ;
#4214 = EDGE_LOOP ( 'NONE', ( #1805, #3749, #2902, #4326 ) ) ;
#4215 = DIRECTION ( 'NONE',  ( 0.000000000000000000, 1.000000000000000000, -0.000000000000000000 ) ) ;
#4216 = CARTESIAN_POINT ( 'NONE',  ( 33.24999999999992895, -21.50000000000000000, 2.750000000000000000 ) ) ;
#4217 = CARTESIAN_POINT ( 'NONE',  ( 67.44792988951998325, -19.12942000970458167, -0.5000000000000004441 ) ) ;
#4218 = DIRECTION ( 'NONE',  ( 0.000000000000000000, -0.000000000000000000, -1.000000000000000000 ) ) ;
#4219 = ORIENTED_EDGE ( 'NONE', *, *, #4370, .F. ) ;
#4220 = ORIENTED_EDGE ( 'NONE', *, *, #1803, .F. ) ;
#4221 = CARTESIAN_POINT ( 'NONE',  ( 86.31826857315519419, 4.500000000000002665, 0.000000000000000000 ) ) ;
#4222 = CARTESIAN_POINT ( 'NONE',  ( 78.24999999999992895, -21.50000000000000000, 1.500000000000002220 ) ) ;
#4223 = AXIS2_PLACEMENT_3D ( 'NONE', #4959, #2291, #6696 ) ;
#4224 = DIRECTION ( 'NONE',  ( 0.7313537016191743456, -0.6819983600624943687, 0.000000000000000000 ) ) ;
#4225 = PLANE ( 'NONE',  #5021 ) ;
#4226 = CARTESIAN_POINT ( 'NONE',  ( -16.50000000000001066, -7.500000000000016875, -0.4999999999999987232 ) ) ;
#4227 = VERTEX_POINT ( 'NONE', #2465 ) ;
#4228 = AXIS2_PLACEMENT_3D ( 'NONE', #3321, #4796, #3746 ) ;
#4229 = DIRECTION ( 'NONE',  ( -0.000000000000000000, -0.000000000000000000, 1.000000000000000000 ) ) ;
#4230 = ADVANCED_FACE ( 'NONE', ( #288 ), #1943, .F. ) ;
#4231 = CARTESIAN_POINT ( 'NONE',  ( -26.17967389859482097, -6.100000000000005862, -1.699999999999999956 ) ) ;
#4232 = VERTEX_POINT ( 'NONE', #2435 ) ;
#4233 = DIRECTION ( 'NONE',  ( 0.000000000000000000, 0.000000000000000000, 1.000000000000000000 ) ) ;
#4234 = VECTOR ( 'NONE', #6001, 1000.000000000000000 ) ;
#4235 = LINE ( 'NONE', #3250, #5560 ) ;
#4236 = EDGE_CURVE ( 'NONE', #4487, #3894, #2060, .T. ) ;
#4237 = VERTEX_POINT ( 'NONE', #3627 ) ;
#4238 = ORIENTED_EDGE ( 'NONE', *, *, #6474, .F. ) ;
#4239 = DIRECTION ( 'NONE',  ( -0.000000000000000000, -0.000000000000000000, 1.000000000000000000 ) ) ;
#4240 = DIRECTION ( 'NONE',  ( 1.000000000000000000, 7.434529182757744162E-17, 0.000000000000000000 ) ) ;
#4241 = EDGE_CURVE ( 'NONE', #2958, #6482, #6642, .T. ) ;
#4242 = ORIENTED_EDGE ( 'NONE', *, *, #676, .T. ) ;
#4243 = DIRECTION ( 'NONE',  ( -1.000000000000000000, 0.000000000000000000, 0.000000000000000000 ) ) ;
#4244 = ORIENTED_EDGE ( 'NONE', *, *, #5818, .F. ) ;
#4245 = LINE ( 'NONE', #520, #4728 ) ;
#4246 = CARTESIAN_POINT ( 'NONE',  ( 81.00000000000001421, -10.50000000000000711, 91.99722379239923953 ) ) ;
#4247 = EDGE_LOOP ( 'NONE', ( #6383, #2095, #4607, #6907, #1239, #1799, #5787 ) ) ;
#4248 = FACE_OUTER_BOUND ( 'NONE', #5779, .T. ) ;
#4249 = EDGE_CURVE ( 'NONE', #6187, #1157, #4052, .T. ) ;
#4250 = CARTESIAN_POINT ( 'NONE',  ( 54.62438919186213582, -16.77851033387345225, -55.82353258373179727 ) ) ;
#4251 = EDGE_LOOP ( 'NONE', ( #2900, #2899, #3636, #864 ) ) ;
#4252 = CARTESIAN_POINT ( 'NONE',  ( 89.50000000000001421, -18.50000000000000000, 1.725000000000000089 ) ) ;
#4253 = PLANE ( 'NONE',  #2013 ) ;
#4254 = CYLINDRICAL_SURFACE ( 'NONE', #365, 3.000000000000002665 ) ;
#4255 = LINE ( 'NONE', #6380, #5786 ) ;
#4256 = DIRECTION ( 'NONE',  ( -0.000000000000000000, -0.000000000000000000, -1.000000000000000000 ) ) ;
#4257 = ORIENTED_EDGE ( 'NONE', *, *, #4415, .T. ) ;
#4258 = CARTESIAN_POINT ( 'NONE',  ( 43.85374360817894512, -23.50000000000000000, -0.5000000000000004441 ) ) ;
#4259 = CARTESIAN_POINT ( 'NONE',  ( 85.00000000000001421, -4.500000000000006217, 0.000000000000000000 ) ) ;
#4260 = ORIENTED_EDGE ( 'NONE', *, *, #5093, .F. ) ;
#4261 = LINE ( 'NONE', #2722, #4191 ) ;
#4262 = DIRECTION ( 'NONE',  ( -0.000000000000000000, 0.000000000000000000, 1.000000000000000000 ) ) ;
#4263 = VECTOR ( 'NONE', #1992, 1000.000000000000000 ) ;
#4264 = ORIENTED_EDGE ( 'NONE', *, *, #5085, .F. ) ;
#4265 = ORIENTED_EDGE ( 'NONE', *, *, #3678, .T. ) ;
#4266 = CIRCLE ( 'NONE', #5709, 1.000000000000000888 ) ;
#4267 = CIRCLE ( 'NONE', #6827, 1.000000000000000000 ) ;
#4268 = CARTESIAN_POINT ( 'NONE',  ( 80.00000000000001421, -12.69285714285714661, -0.5000000000000004441 ) ) ;
#4269 = ORIENTED_EDGE ( 'NONE', *, *, #6604, .F. ) ;
#4270 = EDGE_CURVE ( 'NONE', #3835, #6431, #1389, .T. ) ;
#4271 = CARTESIAN_POINT ( 'NONE',  ( 76.00000000000001421, 4.500000000000005329, 6.000000000000000000 ) ) ;
#4272 = VECTOR ( 'NONE', #6047, 1000.000000000000000 ) ;
#4273 = EDGE_LOOP ( 'NONE', ( #5329, #6264, #1949, #624 ) ) ;
#4274 = FACE_OUTER_BOUND ( 'NONE', #3891, .T. ) ;
#4275 = AXIS2_PLACEMENT_3D ( 'NONE', #3315, #2990, #6595 ) ;
#4276 = VERTEX_POINT ( 'NONE', #6773 ) ;
#4277 = CARTESIAN_POINT ( 'NONE',  ( -27.50000000000000000, -7.000000000000004441, 2.500000000000000000 ) ) ;
#4278 = FACE_OUTER_BOUND ( 'NONE', #5848, .T. ) ;
#4279 = AXIS2_PLACEMENT_3D ( 'NONE', #4559, #809, #152 ) ;
#4280 = ADVANCED_FACE ( 'NONE', ( #1974 ), #6237, .F. ) ;
#4281 = DIRECTION ( 'NONE',  ( 0.000000000000000000, -1.000000000000000000, 0.000000000000000000 ) ) ;
#4282 = LINE ( 'NONE', #2249, #3720 ) ;
#4283 = ORIENTED_EDGE ( 'NONE', *, *, #218, .T. ) ;
#4284 = VECTOR ( 'NONE', #2439, 1000.000000000000000 ) ;
#4285 = DIRECTION ( 'NONE',  ( 0.000000000000000000, 0.000000000000000000, 1.000000000000000000 ) ) ;
#4286 = DIRECTION ( 'NONE',  ( -0.4157597602677942095, -0.9094744755858001906, 0.000000000000000000 ) ) ;
#4287 = ADVANCED_FACE ( 'NONE', ( #3135 ), #4254, .F. ) ;
#4288 = ORIENTED_EDGE ( 'NONE', *, *, #4653, .F. ) ;
#4289 = EDGE_CURVE ( 'NONE', #5248, #9, #2677, .T. ) ;
#4290 = ADVANCED_FACE ( 'NONE', ( #5303 ), #498, .F. ) ;
#4291 = CARTESIAN_POINT ( 'NONE',  ( 75.00994634109670756, -24.41452886775913456, 2.415196714916338916 ) ) ;
#4292 = AXIS2_PLACEMENT_3D ( 'NONE', #5813, #1586, #2002 ) ;
#4293 = LINE ( 'NONE', #6448, #4124 ) ;
#4294 = FACE_OUTER_BOUND ( 'NONE', #4068, .T. ) ;
#4295 = ORIENTED_EDGE ( 'NONE', *, *, #4338, .T. ) ;
#4296 = DIRECTION ( 'NONE',  ( -1.000000000000000000, 0.000000000000000000, 0.000000000000000000 ) ) ;
#4297 = CARTESIAN_POINT ( 'NONE',  ( 74.99360889468384528, -22.57887326920805293, 2.867732791780984503 ) ) ;
#4298 = AXIS2_PLACEMENT_3D ( 'NONE', #5237, #916, #4021 ) ;
#4299 = CARTESIAN_POINT ( 'NONE',  ( -26.00000000000001421, -17.50000000000000000, 2.000000000000000000 ) ) ;
#4300 = ORIENTED_EDGE ( 'NONE', *, *, #2434, .F. ) ;
#4301 = CARTESIAN_POINT ( 'NONE',  ( 74.15384615384616041, 1.730769230769232614, 6.000000000000000000 ) ) ;
#4302 = ADVANCED_FACE ( 'NONE', ( #1593 ), #3277, .F. ) ;
#4303 = DIRECTION ( 'NONE',  ( -0.9094744755858004126, 0.4157597602677939874, 0.000000000000000000 ) ) ;
#4304 = VECTOR ( 'NONE', #437, 1000.000000000000000 ) ;
#4305 = VERTEX_POINT ( 'NONE', #2152 ) ;
#4306 = EDGE_LOOP ( 'NONE', ( #443, #1862, #2769, #37 ) ) ;
#4307 = DIRECTION ( 'NONE',  ( 0.000000000000000000, 0.000000000000000000, -1.000000000000000000 ) ) ;
#4308 = ORIENTED_EDGE ( 'NONE', *, *, #6677, .T. ) ;
#4309 = AXIS2_PLACEMENT_3D ( 'NONE', #1186, #2660, #5287 ) ;
#4310 = DIRECTION ( 'NONE',  ( 0.000000000000000000, 0.000000000000000000, 1.000000000000000000 ) ) ;
#4311 = EDGE_LOOP ( 'NONE', ( #3980, #5064, #5835, #1559 ) ) ;
#4312 = DIRECTION ( 'NONE',  ( 1.000000000000000000, 0.000000000000000000, -0.000000000000000000 ) ) ;
#4313 = ORIENTED_EDGE ( 'NONE', *, *, #4415, .F. ) ;
#4314 = CARTESIAN_POINT ( 'NONE',  ( -4.420904884749274011, 0.8400000000000024114, 0.000000000000000000 ) ) ;
#4315 = CARTESIAN_POINT ( 'NONE',  ( 71.60000000000000853, 1.959434878635771393E-16, 3.000000000000000000 ) ) ;
#4316 = CARTESIAN_POINT ( 'NONE',  ( 60.01141465591474855, -18.45698040282307772, 3.500000000000000000 ) ) ;
#4317 = ADVANCED_FACE ( 'NONE', ( #6839 ), #421, .T. ) ;
#4318 = CARTESIAN_POINT ( 'NONE',  ( -2.750000000000064837, -26.50000000000000000, 1.499999999999994893 ) ) ;
#4319 = EDGE_LOOP ( 'NONE', ( #59, #2304, #6521, #87 ) ) ;
#4320 = CARTESIAN_POINT ( 'NONE',  ( -4.422545647627139864, -10.99552708463976458, 3.500000000000000000 ) ) ;
#4321 = ORIENTED_EDGE ( 'NONE', *, *, #6678, .T. ) ;
#4322 = CARTESIAN_POINT ( 'NONE',  ( 75.58740329699539018, -23.29160297921059453, 0.8862848965278424807 ) ) ;
#4323 = CARTESIAN_POINT ( 'NONE',  ( -7.349999999999995204, -26.50000000000000355, 0.5000000000000000000 ) ) ;
#4324 = EDGE_CURVE ( 'NONE', #1118, #6749, #3736, .T. ) ;
#4325 = DIRECTION ( 'NONE',  ( -0.000000000000000000, -0.000000000000000000, -1.000000000000000000 ) ) ;
#4326 = ORIENTED_EDGE ( 'NONE', *, *, #5556, .F. ) ;
#4327 = DIRECTION ( 'NONE',  ( 0.000000000000000000, 0.000000000000000000, -1.000000000000000000 ) ) ;
#4328 = FACE_OUTER_BOUND ( 'NONE', #889, .T. ) ;
#4329 = VECTOR ( 'NONE', #4906, 1000.000000000000000 ) ;
#4330 = CARTESIAN_POINT ( 'NONE',  ( -26.00000000000001421, -7.000000000000004441, 4.499999999999987566 ) ) ;
#4331 = CARTESIAN_POINT ( 'NONE',  ( 0.4971805263963767207, -20.60017037958312969, 2.905507083433555238 ) ) ;
#4332 = AXIS2_PLACEMENT_3D ( 'NONE', #266, #4512, #3397 ) ;
#4333 = ORIENTED_EDGE ( 'NONE', *, *, #6045, .F. ) ;
#4334 = ORIENTED_EDGE ( 'NONE', *, *, #6284, .T. ) ;
#4335 = CARTESIAN_POINT ( 'NONE',  ( 44.85374360817894512, -23.50000000000000000, 3.500000000000003109 ) ) ;
#4336 = CARTESIAN_POINT ( 'NONE',  ( -27.75000000000001421, -7.000000000000004441, 2.750000000000020872 ) ) ;
#4337 = CARTESIAN_POINT ( 'NONE',  ( 74.60333844267950099, -23.50000000000000000, 3.500000000000003109 ) ) ;
#4338 = EDGE_CURVE ( 'NONE', #438, #1532, #261, .T. ) ;
#4339 = VERTEX_POINT ( 'NONE', #3174 ) ;
#4340 = ORIENTED_EDGE ( 'NONE', *, *, #4653, .T. ) ;
#4341 = AXIS2_PLACEMENT_3D ( 'NONE', #600, #2750, #4887 ) ;
#4342 = DIRECTION ( 'NONE',  ( 0.9808912264268109249, -0.1945569374730866385, 0.000000000000000000 ) ) ;
#4343 = ORIENTED_EDGE ( 'NONE', *, *, #2792, .T. ) ;
#4344 = DIRECTION ( 'NONE',  ( -1.000000000000000000, 0.000000000000000000, 0.000000000000000000 ) ) ;
#4345 = PLANE ( 'NONE',  #6158 ) ;
#4346 = DIRECTION ( 'NONE',  ( 0.000000000000000000, 1.000000000000000000, -8.673617379884035472E-17 ) ) ;
#4347 = DIRECTION ( 'NONE',  ( -0.000000000000000000, 0.000000000000000000, 1.000000000000000000 ) ) ;
#4348 = ORIENTED_EDGE ( 'NONE', *, *, #1355, .F. ) ;
#4349 = LINE ( 'NONE', #6520, #2150 ) ;
#4350 = EDGE_LOOP ( 'NONE', ( #5520, #3155, #1324, #399 ) ) ;
#4351 = EDGE_CURVE ( 'NONE', #1047, #5355, #5788, .T. ) ;
#4352 = CARTESIAN_POINT ( 'NONE',  ( 0.4122776601683184050, -21.00364639817820844, 1.999999999999980904 ) ) ;
#4353 = CARTESIAN_POINT ( 'NONE',  ( 0.4122776601683184050, -23.50000000000000000, 1.999999999999989120 ) ) ;
#4354 = CARTESIAN_POINT ( 'NONE',  ( 36.41227766016830003, -21.40992436820971889, 1.999999999994746869 ) ) ;
#4355 = ORIENTED_EDGE ( 'NONE', *, *, #1392, .T. ) ;
#4356 = DIRECTION ( 'NONE',  ( 0.000000000000000000, 0.000000000000000000, -1.000000000000000000 ) ) ;
#4357 = DIRECTION ( 'NONE',  ( 0.000000000000000000, 0.000000000000000000, 1.000000000000000000 ) ) ;
#4358 = FACE_BOUND ( 'NONE', #4439, .T. ) ;
#4359 = ADVANCED_FACE ( 'NONE', ( #990 ), #2640, .F. ) ;
#4360 = CARTESIAN_POINT ( 'NONE',  ( 66.32573610340175208, -19.33111558823231491, 3.500000000000003109 ) ) ;
#4361 = CARTESIAN_POINT ( 'NONE',  ( -25.50000000000000355, -3.399999999999995914, 4.000000000000000000 ) ) ;
#4362 = ORIENTED_EDGE ( 'NONE', *, *, #3642, .T. ) ;
#4363 = CARTESIAN_POINT ( 'NONE',  ( -12.50000000000000533, -18.50000000000000355, 0.5000000000000004441 ) ) ;
#4364 = CARTESIAN_POINT ( 'NONE',  ( -2.750000000000064837, -21.50000000000000000, 1.499999999999994893 ) ) ;
#4365 = ORIENTED_EDGE ( 'NONE', *, *, #548, .F. ) ;
#4366 = EDGE_CURVE ( 'NONE', #794, #666, #1, .T. ) ;
#4367 = DIRECTION ( 'NONE',  ( 0.000000000000000000, -1.000000000000000000, 0.000000000000000000 ) ) ;
#4368 = VECTOR ( 'NONE', #6864, 1000.000000000000000 ) ;
#4369 = CARTESIAN_POINT ( 'NONE',  ( 81.00000000000001421, -24.50000000000000000, 91.99722379239923953 ) ) ;
#4370 = EDGE_CURVE ( 'NONE', #2337, #376, #1097, .T. ) ;
#4371 = ORIENTED_EDGE ( 'NONE', *, *, #3715, .F. ) ;
#4372 = EDGE_LOOP ( 'NONE', ( #3593, #177, #2461, #3036 ) ) ;
#4373 = AXIS2_PLACEMENT_3D ( 'NONE', #834, #1990, #1507 ) ;
#4374 = LINE ( 'NONE', #1159, #5817 ) ;
#4375 = ORIENTED_EDGE ( 'NONE', *, *, #3827, .T. ) ;
#4376 = DIRECTION ( 'NONE',  ( 0.000000000000000000, 1.000000000000000000, 0.000000000000000000 ) ) ;
#4377 = CIRCLE ( 'NONE', #4945, 3.000000000000000444 ) ;
#4378 = ORIENTED_EDGE ( 'NONE', *, *, #3508, .F. ) ;
#4379 = DIRECTION ( 'NONE',  ( -1.000000000000000000, 0.000000000000000000, 0.000000000000000000 ) ) ;
#4380 = EDGE_LOOP ( 'NONE', ( #2709, #3243, #6815, #1051 ) ) ;
#4381 = DIRECTION ( 'NONE',  ( 0.000000000000000000, -1.000000000000000000, 0.000000000000000000 ) ) ;
#4382 = CIRCLE ( 'NONE', #6167, 1.000000000000000888 ) ;
#4383 = EDGE_CURVE ( 'NONE', #2802, #1346, #1606, .T. ) ;
#4384 = AXIS2_PLACEMENT_3D ( 'NONE', #1441, #3127, #5298 ) ;
#4385 = DIRECTION ( 'NONE',  ( -0.000000000000000000, 0.000000000000000000, 1.000000000000000000 ) ) ;
#4386 = ORIENTED_EDGE ( 'NONE', *, *, #6909, .T. ) ;
#4387 = FACE_OUTER_BOUND ( 'NONE', #141, .T. ) ;
#4388 = AXIS2_PLACEMENT_3D ( 'NONE', #4646, #6246, #1454 ) ;
#4389 = CIRCLE ( 'NONE', #4183, 1.000000000000000000 ) ;
#4390 = ORIENTED_EDGE ( 'NONE', *, *, #2997, .F. ) ;
#4391 = CIRCLE ( 'NONE', #2808, 1.600000000000000089 ) ;
#4392 = CARTESIAN_POINT ( 'NONE',  ( 75.55819455906369342, -23.18845958755029812, 0.9275272585364383593 ) ) ;
#4393 = AXIS2_PLACEMENT_3D ( 'NONE', #1802, #3955, #2498 ) ;
#4394 = CIRCLE ( 'NONE', #5288, 2.000000000000001776 ) ;
#4395 = CARTESIAN_POINT ( 'NONE',  ( -8.849999999999996092, -18.50000000000000355, 5.000000000000000000 ) ) ;
#4396 = DIRECTION ( 'NONE',  ( -1.000000000000000000, 0.000000000000000000, 0.000000000000000000 ) ) ;
#4397 = ORIENTED_EDGE ( 'NONE', *, *, #2961, .T. ) ;
#4398 = PLANE ( 'NONE',  #1155 ) ;
#4399 = DIRECTION ( 'NONE',  ( 0.000000000000000000, 0.000000000000000000, 1.000000000000000000 ) ) ;
#4400 = DIRECTION ( 'NONE',  ( 0.000000000000000000, 0.000000000000000000, -1.000000000000000000 ) ) ;
#4401 = AXIS2_PLACEMENT_3D ( 'NONE', #2497, #5066, #3581 ) ;
#4402 = CARTESIAN_POINT ( 'NONE',  ( 59.39410558132723850, -13.64664565419717945, -0.5000000000000004441 ) ) ;
#4403 = EDGE_LOOP ( 'NONE', ( #6322, #5348, #6691, #6225 ) ) ;
#4404 = DIRECTION ( 'NONE',  ( -0.000000000000000000, -0.000000000000000000, -1.000000000000000000 ) ) ;
#4405 = ORIENTED_EDGE ( 'NONE', *, *, #881, .F. ) ;
#4406 = ORIENTED_EDGE ( 'NONE', *, *, #5516, .F. ) ;
#4407 = EDGE_CURVE ( 'NONE', #1693, #6682, #6899, .T. ) ;
#4408 = CYLINDRICAL_SURFACE ( 'NONE', #3038, 4.500000000000003553 ) ;
#4409 = VERTEX_POINT ( 'NONE', #6000 ) ;
#4410 = CYLINDRICAL_SURFACE ( 'NONE', #3981, 1.000000000000000888 ) ;
#4411 = DIRECTION ( 'NONE',  ( 1.000000000000000000, 1.261617073437677999E-16, 0.000000000000000000 ) ) ;
#4412 = ORIENTED_EDGE ( 'NONE', *, *, #668, .T. ) ;
#4413 = ADVANCED_FACE ( 'NONE', ( #4428 ), #2749, .T. ) ;
#4414 = ORIENTED_EDGE ( 'NONE', *, *, #3391, .T. ) ;
#4415 = EDGE_CURVE ( 'NONE', #646, #433, #4461, .T. ) ;
#4416 = DIRECTION ( 'NONE',  ( 0.000000000000000000, 0.000000000000000000, 1.000000000000000000 ) ) ;
#4417 = ORIENTED_EDGE ( 'NONE', *, *, #4870, .T. ) ;
#4418 = CARTESIAN_POINT ( 'NONE',  ( -1.683748498798798732, -17.25000000000000000, -3.914063024657434831 ) ) ;
#4419 = VECTOR ( 'NONE', #4346, 1000.000000000000000 ) ;
#4420 = ADVANCED_FACE ( 'NONE', ( #5437, #6100 ), #6479, .F. ) ;
#4421 = DIRECTION ( 'NONE',  ( 0.000000000000000000, 0.000000000000000000, -1.000000000000000000 ) ) ;
#4422 = EDGE_LOOP ( 'NONE', ( #5240, #1753 ) ) ;
#4423 = DIRECTION ( 'NONE',  ( 1.000000000000000000, 5.204170427930416550E-15, 0.000000000000000000 ) ) ;
#4424 = AXIS2_PLACEMENT_3D ( 'NONE', #5840, #3716, #3787 ) ;
#4425 = CARTESIAN_POINT ( 'NONE',  ( 1.412277660168318461, -21.00364639817820844, -55.82353258373179727 ) ) ;
#4426 = VERTEX_POINT ( 'NONE', #1767 ) ;
#4427 = DIRECTION ( 'NONE',  ( -1.000000000000000000, 0.000000000000000000, 0.000000000000000000 ) ) ;
#4428 = FACE_OUTER_BOUND ( 'NONE', #230, .T. ) ;
#4429 = DIRECTION ( 'NONE',  ( -1.000000000000000000, 0.000000000000000000, 0.000000000000000000 ) ) ;
#4430 = EDGE_CURVE ( 'NONE', #3580, #745, #1796, .T. ) ;
#4431 = CARTESIAN_POINT ( 'NONE',  ( 36.44523848337809113, -21.59098315022985659, 3.346793918234514997 ) ) ;
#4432 = ORIENTED_EDGE ( 'NONE', *, *, #2113, .T. ) ;
#4433 = FACE_OUTER_BOUND ( 'NONE', #3290, .T. ) ;
#4434 = DIRECTION ( 'NONE',  ( 0.000000000000000000, 0.000000000000000000, -1.000000000000000000 ) ) ;
#4435 = DIRECTION ( 'NONE',  ( 0.9094744755858001906, -0.4157597602677942095, -0.000000000000000000 ) ) ;
#4436 = DIRECTION ( 'NONE',  ( 0.000000000000000000, -1.000000000000000000, 0.000000000000000000 ) ) ;
#4437 = VERTEX_POINT ( 'NONE', #72 ) ;
#4438 = CARTESIAN_POINT ( 'NONE',  ( 0.000000000000000000, 0.000000000000000000, 3.500000000000000000 ) ) ;
#4439 = EDGE_LOOP ( 'NONE', ( #3721, #3364 ) ) ;
#4440 = EDGE_LOOP ( 'NONE', ( #1185, #4371, #4982, #2078 ) ) ;
#4441 = CARTESIAN_POINT ( 'NONE',  ( -7.349999999999995204, -26.50000000000000355, -0.5000000000000000000 ) ) ;
#4442 = ORIENTED_EDGE ( 'NONE', *, *, #5908, .T. ) ;
#4443 = LINE ( 'NONE', #4028, #5643 ) ;
#4444 = VECTOR ( 'NONE', #1664, 1000.000000000000000 ) ;
#4445 = EDGE_CURVE ( 'NONE', #3222, #1126, #3947, .T. ) ;
#4446 = CARTESIAN_POINT ( 'NONE',  ( 11.87561080813789793, -16.77851033387344870, 3.500000000000003109 ) ) ;
#4447 = VERTEX_POINT ( 'NONE', #1306 ) ;
#4448 = EDGE_LOOP ( 'NONE', ( #2274, #807 ) ) ;
#4449 = DIRECTION ( 'NONE',  ( 0.000000000000000000, -1.000000000000000000, 0.000000000000000000 ) ) ;
#4450 = ORIENTED_EDGE ( 'NONE', *, *, #6661, .F. ) ;
#4451 = DIRECTION ( 'NONE',  ( -1.000000000000000000, 7.490669315265861922E-17, 0.000000000000000000 ) ) ;
#4452 = ORIENTED_EDGE ( 'NONE', *, *, #963, .F. ) ;
#4453 = CARTESIAN_POINT ( 'NONE',  ( 29.38890394934356110, -3.281097546600488801, 6.000000000000000000 ) ) ;
#4454 = CARTESIAN_POINT ( 'NONE',  ( -8.849999999999996092, -20.00000000000000355, 5.000000000000000000 ) ) ;
#4455 = EDGE_CURVE ( 'NONE', #6610, #5694, #145, .T. ) ;
#4456 = LINE ( 'NONE', #3504, #4937 ) ;
#4457 = ORIENTED_EDGE ( 'NONE', *, *, #5851, .T. ) ;
#4458 = DIRECTION ( 'NONE',  ( 0.000000000000000000, -0.000000000000000000, -1.000000000000000000 ) ) ;
#4459 = ORIENTED_EDGE ( 'NONE', *, *, #66, .T. ) ;
#4460 = EDGE_CURVE ( 'NONE', #1076, #1633, #1868, .T. ) ;
#4461 = LINE ( 'NONE', #4352, #2536 ) ;
#4462 = PLANE ( 'NONE',  #6122 ) ;
#4463 = DIRECTION ( 'NONE',  ( 0.000000000000000000, 0.000000000000000000, 1.000000000000000000 ) ) ;
#4464 = ORIENTED_EDGE ( 'NONE', *, *, #3690, .T. ) ;
#4465 = DIRECTION ( 'NONE',  ( 0.000000000000000000, 0.000000000000000000, 1.000000000000000000 ) ) ;
#4466 = PLANE ( 'NONE',  #4393 ) ;
#4467 = CARTESIAN_POINT ( 'NONE',  ( -10.49999999999999822, -1.599999999999995648, -4.000000000000000000 ) ) ;
#4468 = DIRECTION ( 'NONE',  ( 0.000000000000000000, 0.000000000000000000, 1.000000000000000000 ) ) ;
#4469 = ORIENTED_EDGE ( 'NONE', *, *, #6841, .F. ) ;
#4470 = ORIENTED_EDGE ( 'NONE', *, *, #5665, .T. ) ;
#4471 = PLANE ( 'NONE',  #3602 ) ;
#4472 = EDGE_LOOP ( 'NONE', ( #2534, #6373, #5457, #6257 ) ) ;
#4473 = DIRECTION ( 'NONE',  ( 1.000000000000000000, 0.000000000000000000, 0.000000000000000000 ) ) ;
#4474 = FACE_OUTER_BOUND ( 'NONE', #4273, .T. ) ;
#4475 = ORIENTED_EDGE ( 'NONE', *, *, #6509, .T. ) ;
#4476 = CIRCLE ( 'NONE', #1453, 1.000000000000000888 ) ;
#4477 = ORIENTED_EDGE ( 'NONE', *, *, #3950, .F. ) ;
#4478 = ORIENTED_EDGE ( 'NONE', *, *, #260, .F. ) ;
#4479 = CARTESIAN_POINT ( 'NONE',  ( 2.000000000000000888, -3.600000000000000533, 3.500000000000000000 ) ) ;
#4480 = EDGE_CURVE ( 'NONE', #659, #6824, #5471, .T. ) ;
#4481 = DIRECTION ( 'NONE',  ( -1.000000000000000000, 0.000000000000000000, 0.000000000000000000 ) ) ;
#4482 = CYLINDRICAL_SURFACE ( 'NONE', #5414, 4.000000000000003553 ) ;
#4483 = CARTESIAN_POINT ( 'NONE',  ( 75.04807905405655788, -19.71114294941239109, 3.310048046740931227 ) ) ;
#4484 = ORIENTED_EDGE ( 'NONE', *, *, #6754, .T. ) ;
#4485 = CARTESIAN_POINT ( 'NONE',  ( 35.00000000000000000, 0.000000000000000000, 0.000000000000000000 ) ) ;
#4486 = EDGE_CURVE ( 'NONE', #128, #6054, #2889, .T. ) ;
#4487 = VERTEX_POINT ( 'NONE', #2354 ) ;
#4488 = CIRCLE ( 'NONE', #4373, 2.000000000000001776 ) ;
#4489 = VECTOR ( 'NONE', #1449, 1000.000000000000000 ) ;
#4490 = CARTESIAN_POINT ( 'NONE',  ( -12.50000000000000355, -8.500000000000007105, -17.93908891458577060 ) ) ;
#4491 = CARTESIAN_POINT ( 'NONE',  ( 68.40000000000000568, 0.000000000000000000, 3.500000000000000000 ) ) ;
#4492 = CARTESIAN_POINT ( 'NONE',  ( 28.68607244643995458, -1.408658527960291451, 6.000000000000000000 ) ) ;
#4493 = ORIENTED_EDGE ( 'NONE', *, *, #5525, .F. ) ;
#4494 = DIRECTION ( 'NONE',  ( 0.000000000000000000, 1.000000000000000000, -0.000000000000000000 ) ) ;
#4495 = EDGE_CURVE ( 'NONE', #408, #183, #3841, .T. ) ;
#4496 = EDGE_CURVE ( 'NONE', #165, #2764, #6032, .T. ) ;
#4497 = VECTOR ( 'NONE', #1517, 1000.000000000000000 ) ;
#4498 = LINE ( 'NONE', #710, #4730 ) ;
#4499 = EDGE_CURVE ( 'NONE', #183, #3728, #65, .T. ) ;
#4500 = VECTOR ( 'NONE', #1105, 1000.000000000000000 ) ;
#4501 = LINE ( 'NONE', #6636, #6081 ) ;
#4502 = ORIENTED_EDGE ( 'NONE', *, *, #5149, .T. ) ;
#4503 = FACE_OUTER_BOUND ( 'NONE', #1691, .T. ) ;
#4504 = ORIENTED_EDGE ( 'NONE', *, *, #3766, .F. ) ;
#4505 = ORIENTED_EDGE ( 'NONE', *, *, #6541, .F. ) ;
#4506 = ADVANCED_FACE ( 'NONE', ( #2782 ), #4918, .F. ) ;
#4507 = AXIS2_PLACEMENT_3D ( 'NONE', #1903, #4636, #778 ) ;
#4508 = EDGE_CURVE ( 'NONE', #6227, #3580, #3773, .T. ) ;
#4509 = DIRECTION ( 'NONE',  ( 0.000000000000000000, 0.000000000000000000, -1.000000000000000000 ) ) ;
#4510 = ORIENTED_EDGE ( 'NONE', *, *, #5539, .T. ) ;
#4511 = CARTESIAN_POINT ( 'NONE',  ( -22.50000000000000000, -15.67157287525381548, 6.000000000000000000 ) ) ;
#4512 = DIRECTION ( 'NONE',  ( 0.000000000000000000, 0.000000000000000000, -1.000000000000000000 ) ) ;
#4513 = CIRCLE ( 'NONE', #6635, 4.000000000000000000 ) ;
#4514 = VERTEX_POINT ( 'NONE', #1965 ) ;
#4515 = ORIENTED_EDGE ( 'NONE', *, *, #2807, .F. ) ;
#4516 = EDGE_CURVE ( 'NONE', #1686, #4027, #5335, .T. ) ;
#4517 = CARTESIAN_POINT ( 'NONE',  ( -14.09999999999999787, -18.50000000000000355, 5.000000000000000888 ) ) ;
#4518 = DIRECTION ( 'NONE',  ( -0.000000000000000000, -0.000000000000000000, -1.000000000000000000 ) ) ;
#4519 = ORIENTED_EDGE ( 'NONE', *, *, #3134, .F. ) ;
#4520 = DIRECTION ( 'NONE',  ( -1.000000000000000000, 0.000000000000000000, -0.000000000000000000 ) ) ;
#4521 = VECTOR ( 'NONE', #5446, 1000.000000000000000 ) ;
#4522 = DIRECTION ( 'NONE',  ( -1.000000000000000000, 0.000000000000000000, 0.000000000000000000 ) ) ;
#4523 = VECTOR ( 'NONE', #1052, 1000.000000000000000 ) ;
#4524 = DIRECTION ( 'NONE',  ( 0.7071067811865474617, -0.7071067811865474617, 0.000000000000000000 ) ) ;
#4525 = ORIENTED_EDGE ( 'NONE', *, *, #5678, .T. ) ;
#4526 = LINE ( 'NONE', #2423, #6059 ) ;
#4527 = VERTEX_POINT ( 'NONE', #6135 ) ;
#4528 = VECTOR ( 'NONE', #4721, 1000.000000000000000 ) ;
#4529 = CARTESIAN_POINT ( 'NONE',  ( 68.17381614751239738, -15.69040589228146132, 3.500000000000000000 ) ) ;
#4530 = EDGE_CURVE ( 'NONE', #1035, #3443, #6006, .T. ) ;
#4531 = CARTESIAN_POINT ( 'NONE',  ( -1.582575694955842716, -19.50000000000000000, -0.5000000000000004441 ) ) ;
#4532 = VERTEX_POINT ( 'NONE', #380 ) ;
#4533 = CARTESIAN_POINT ( 'NONE',  ( 0.5233821850937468989, -20.54553633019022740, 3.500000000000000000 ) ) ;
#4534 = DIRECTION ( 'NONE',  ( -0.000000000000000000, 0.000000000000000000, -1.000000000000000000 ) ) ;
#4535 = DIRECTION ( 'NONE',  ( -0.9459459459459460540, -0.3243243243243237317, 0.000000000000000000 ) ) ;
#4536 = EDGE_CURVE ( 'NONE', #4111, #3129, #4144, .T. ) ;
#4537 = DIRECTION ( 'NONE',  ( 1.000000000000000000, 0.000000000000000000, 0.000000000000000000 ) ) ;
#4538 = VERTEX_POINT ( 'NONE', #841 ) ;
#4539 = EDGE_CURVE ( 'NONE', #1458, #3806, #6728, .T. ) ;
#4540 = DIRECTION ( 'NONE',  ( -1.000000000000000000, 0.000000000000000000, 0.000000000000000000 ) ) ;
#4541 = DIRECTION ( 'NONE',  ( 1.000000000000000000, 0.000000000000000000, 0.000000000000000000 ) ) ;
#4542 = VERTEX_POINT ( 'NONE', #4042 ) ;
#4543 = DIRECTION ( 'NONE',  ( 0.000000000000000000, 0.000000000000000000, -1.000000000000000000 ) ) ;
#4544 = EDGE_CURVE ( 'NONE', #5791, #3357, #4630, .T. ) ;
#4545 = AXIS2_PLACEMENT_3D ( 'NONE', #5760, #959, #5534 ) ;
#4546 = CARTESIAN_POINT ( 'NONE',  ( 78.68750000000001421, -10.50000000000000711, -55.82353258373179727 ) ) ;
#4547 = VERTEX_POINT ( 'NONE', #281 ) ;
#4548 = EDGE_LOOP ( 'NONE', ( #5574, #4849, #1569, #3936 ) ) ;
#4549 = CARTESIAN_POINT ( 'NONE',  ( -30.83333333333340320, -15.66666666666660923, -0.3333333333333018400 ) ) ;
#4550 = CIRCLE ( 'NONE', #5775, 1.000000000000000888 ) ;
#4551 = DIRECTION ( 'NONE',  ( -1.000000000000000000, 0.000000000000000000, 0.000000000000000000 ) ) ;
#4552 = DIRECTION ( 'NONE',  ( 0.000000000000000000, -1.000000000000000000, 0.000000000000000000 ) ) ;
#4553 = CARTESIAN_POINT ( 'NONE',  ( -26.50000000000001066, -7.000000000000004441, 4.000000000000000888 ) ) ;
#4554 = AXIS2_PLACEMENT_3D ( 'NONE', #5010, #2940, #757 ) ;
#4555 = CARTESIAN_POINT ( 'NONE',  ( -7.349999999999995204, -8.500000000000007105, -4.000999999999999446 ) ) ;
#4556 = ORIENTED_EDGE ( 'NONE', *, *, #5801, .F. ) ;
#4557 = CARTESIAN_POINT ( 'NONE',  ( 67.03217012925219365, -20.03889448529038475, 3.500000000000003109 ) ) ;
#4558 = ORIENTED_EDGE ( 'NONE', *, *, #2747, .F. ) ;
#4559 = CARTESIAN_POINT ( 'NONE',  ( -11.50000000000000533, -12.50000000000000711, 2.000000000000000000 ) ) ;
#4560 = AXIS2_PLACEMENT_3D ( 'NONE', #5892, #4751, #2083 ) ;
#4561 = EDGE_CURVE ( 'NONE', #2344, #5512, #2653, .T. ) ;
#4562 = CARTESIAN_POINT ( 'NONE',  ( 35.00000000000000000, 0.000000000000000000, 1.000000000000000000 ) ) ;
#4563 = CARTESIAN_POINT ( 'NONE',  ( 0.000000000000000000, 0.000000000000000000, 3.500000000000000000 ) ) ;
#4564 = ORIENTED_EDGE ( 'NONE', *, *, #204, .F. ) ;
#4565 = ORIENTED_EDGE ( 'NONE', *, *, #3883, .F. ) ;
#4566 = CARTESIAN_POINT ( 'NONE',  ( -1.683748498798798732, -18.25000000000000355, 3.500000000000003109 ) ) ;
#4567 = CARTESIAN_POINT ( 'NONE',  ( -25.50000000000000355, -1.599999999999994760, 6.000000000000000000 ) ) ;
#4568 = EDGE_CURVE ( 'NONE', #1686, #6645, #1409, .T. ) ;
#4569 = VERTEX_POINT ( 'NONE', #5609 ) ;
#4570 = CARTESIAN_POINT ( 'NONE',  ( 70.00000000000000000, 0.000000000000000000, 6.000000000000000000 ) ) ;
#4571 = AXIS2_PLACEMENT_3D ( 'NONE', #1941, #4020, #3623 ) ;
#4572 = DIRECTION ( 'NONE',  ( -0.000000000000000000, -0.000000000000000000, -1.000000000000000000 ) ) ;
#4573 = ORIENTED_EDGE ( 'NONE', *, *, #4593, .T. ) ;
#4574 = LINE ( 'NONE', #1490, #2714 ) ;
#4575 = EDGE_CURVE ( 'NONE', #1286, #566, #4550, .T. ) ;
#4576 = CARTESIAN_POINT ( 'NONE',  ( 93.50000000000001421, -26.50000000000000000, 6.000000000000000000 ) ) ;
#4577 = VERTEX_POINT ( 'NONE', #6765 ) ;
#4578 = LINE ( 'NONE', #6214, #5753 ) ;
#4579 = DIRECTION ( 'NONE',  ( -1.000000000000000000, 0.000000000000000000, 0.000000000000000000 ) ) ;
#4580 = EDGE_LOOP ( 'NONE', ( #6132, #6119 ) ) ;
#4581 = VERTEX_POINT ( 'NONE', #4529 ) ;
#4582 = EDGE_CURVE ( 'NONE', #9, #16, #5128, .T. ) ;
#4583 = FACE_OUTER_BOUND ( 'NONE', #2020, .T. ) ;
#4584 = ADVANCED_FACE ( 'NONE', ( #6262 ), #6165, .T. ) ;
#4585 = CYLINDRICAL_SURFACE ( 'NONE', #6193, 2.999999999999999112 ) ;
#4586 = DIRECTION ( 'NONE',  ( -1.000000000000000000, 0.000000000000000000, 0.000000000000000000 ) ) ;
#4587 = LINE ( 'NONE', #4656, #6485 ) ;
#4588 = ORIENTED_EDGE ( 'NONE', *, *, #2434, .T. ) ;
#4589 = CYLINDRICAL_SURFACE ( 'NONE', #5947, 2.000000000000000000 ) ;
#4590 = EDGE_CURVE ( 'NONE', #4581, #5105, #5704, .T. ) ;
#4591 = ORIENTED_EDGE ( 'NONE', *, *, #4846, .F. ) ;
#4592 = DIRECTION ( 'NONE',  ( 0.000000000000000000, 0.000000000000000000, -1.000000000000000000 ) ) ;
#4593 = EDGE_CURVE ( 'NONE', #1085, #4201, #965, .T. ) ;
#4594 = CARTESIAN_POINT ( 'NONE',  ( 81.00000000000001421, -23.67534793979027441, -0.5000000000000004441 ) ) ;
#4595 = VECTOR ( 'NONE', #4312, 1000.000000000000000 ) ;
#4596 = PLANE ( 'NONE',  #3385 ) ;
#4597 = ORIENTED_EDGE ( 'NONE', *, *, #5033, .F. ) ;
#4598 = VERTEX_POINT ( 'NONE', #3470 ) ;
#4599 = FACE_OUTER_BOUND ( 'NONE', #6321, .T. ) ;
#4600 = CIRCLE ( 'NONE', #1464, 3.000000000000002665 ) ;
#4601 = DIRECTION ( 'NONE',  ( 0.000000000000000000, 0.000000000000000000, 1.000000000000000000 ) ) ;
#4602 = VECTOR ( 'NONE', #3880, 1000.000000000000000 ) ;
#4603 = FACE_OUTER_BOUND ( 'NONE', #1538, .T. ) ;
#4604 = VECTOR ( 'NONE', #5217, 1000.000000000000000 ) ;
#4605 = LINE ( 'NONE', #3065, #4014 ) ;
#4606 = VECTOR ( 'NONE', #2494, 1000.000000000000000 ) ;
#4607 = ORIENTED_EDGE ( 'NONE', *, *, #269, .T. ) ;
#4608 = CARTESIAN_POINT ( 'NONE',  ( 29.08772233983155076, -21.33047371415606719, -7.431795761534271350 ) ) ;
#4609 = CIRCLE ( 'NONE', #1257, 4.500000000000003553 ) ;
#4610 = VECTOR ( 'NONE', #1452, 1000.000000000000000 ) ;
#4611 = CARTESIAN_POINT ( 'NONE',  ( 74.60333844267950099, -23.50000000000000000, -55.82353258373179727 ) ) ;
#4612 = ORIENTED_EDGE ( 'NONE', *, *, #289, .F. ) ;
#4613 = DIRECTION ( 'NONE',  ( -0.000000000000000000, -1.000000000000000000, -0.000000000000000000 ) ) ;
#4614 = CARTESIAN_POINT ( 'NONE',  ( 62.63182519208454835, -1.600000000000004086, 0.000000000000000000 ) ) ;
#4615 = VECTOR ( 'NONE', #4357, 1000.000000000000000 ) ;
#4616 = EDGE_CURVE ( 'NONE', #4538, #1118, #3056, .T. ) ;
#4617 = ORIENTED_EDGE ( 'NONE', *, *, #2599, .T. ) ;
#4618 = AXIS2_PLACEMENT_3D ( 'NONE', #5549, #1668, #1208 ) ;
#4619 = ORIENTED_EDGE ( 'NONE', *, *, #2046, .T. ) ;
#4620 = DIRECTION ( 'NONE',  ( 0.000000000000000000, -0.000000000000000000, -1.000000000000000000 ) ) ;
#4621 = LINE ( 'NONE', #2555, #4304 ) ;
#4622 = VECTOR ( 'NONE', #4882, 1000.000000000000114 ) ;
#4623 = ADVANCED_FACE ( 'NONE', ( #5677 ), #6230, .T. ) ;
#4624 = DIRECTION ( 'NONE',  ( -1.000000000000000000, 0.000000000000000000, 0.000000000000000000 ) ) ;
#4625 = PLANE ( 'NONE',  #1909 ) ;
#4626 = EDGE_LOOP ( 'NONE', ( #6072, #68, #3457, #2115 ) ) ;
#4627 = DIRECTION ( 'NONE',  ( 0.000000000000000000, 0.000000000000000000, 1.000000000000000000 ) ) ;
#4628 = VECTOR ( 'NONE', #5103, 1000.000000000000000 ) ;
#4629 = DIRECTION ( 'NONE',  ( 0.000000000000000000, 0.000000000000000000, 1.000000000000000000 ) ) ;
#4630 = LINE ( 'NONE', #4594, #5004 ) ;
#4631 = ADVANCED_FACE ( 'NONE', ( #3441 ), #875, .F. ) ;
#4632 = AXIS2_PLACEMENT_3D ( 'NONE', #6126, #5597, #1790 ) ;
#4633 = LINE ( 'NONE', #1999, #4497 ) ;
#4634 = ORIENTED_EDGE ( 'NONE', *, *, #1194, .T. ) ;
#4635 = ORIENTED_EDGE ( 'NONE', *, *, #5434, .T. ) ;
#4636 = DIRECTION ( 'NONE',  ( 0.000000000000000000, 0.000000000000000000, 1.000000000000000000 ) ) ;
#4637 = DIRECTION ( 'NONE',  ( -0.000000000000000000, 0.000000000000000000, 1.000000000000000000 ) ) ;
#4638 = AXIS2_PLACEMENT_3D ( 'NONE', #5420, #2200, #2729 ) ;
#4639 = DIRECTION ( 'NONE',  ( 0.000000000000000000, 0.000000000000000000, -1.000000000000000000 ) ) ;
#4640 = EDGE_CURVE ( 'NONE', #6227, #1303, #5061, .T. ) ;
#4641 = LINE ( 'NONE', #356, #4904 ) ;
#4642 = CIRCLE ( 'NONE', #5540, 1.000000000000000888 ) ;
#4643 = DIRECTION ( 'NONE',  ( 0.000000000000000000, 0.000000000000000000, 1.000000000000000000 ) ) ;
#4644 = ORIENTED_EDGE ( 'NONE', *, *, #6112, .F. ) ;
#4645 = DIRECTION ( 'NONE',  ( -0.000000000000000000, 0.000000000000000000, 1.000000000000000000 ) ) ;
#4646 = CARTESIAN_POINT ( 'NONE',  ( 33.24999999999992895, -26.50000000000000000, 2.750000000000000000 ) ) ;
#4647 = ORIENTED_EDGE ( 'NONE', *, *, #4710, .F. ) ;
#4648 = DIRECTION ( 'NONE',  ( -0.000000000000000000, -0.000000000000000000, -1.000000000000000000 ) ) ;
#4649 = CARTESIAN_POINT ( 'NONE',  ( 0.4122776601683184050, -20.92408023253031146, 1.999999999999988232 ) ) ;
#4650 = ORIENTED_EDGE ( 'NONE', *, *, #1991, .T. ) ;
#4651 = ORIENTED_EDGE ( 'NONE', *, *, #6639, .F. ) ;
#4652 = LINE ( 'NONE', #369, #2928 ) ;
#4653 = EDGE_CURVE ( 'NONE', #1713, #4983, #2798, .T. ) ;
#4654 = DIRECTION ( 'NONE',  ( -0.000000000000000000, -0.000000000000000000, -1.000000000000000000 ) ) ;
#4655 = CARTESIAN_POINT ( 'NONE',  ( 60.21528446506179222, -14.21731652335774676, 3.500000000000003109 ) ) ;
#4656 = CARTESIAN_POINT ( 'NONE',  ( -22.50000000000000000, -7.000000000000004441, 2.000000000000000000 ) ) ;
#4657 = VECTOR ( 'NONE', #4399, 1000.000000000000000 ) ;
#4658 = ORIENTED_EDGE ( 'NONE', *, *, #4699, .T. ) ;
#4659 = AXIS2_PLACEMENT_3D ( 'NONE', #5267, #456, #6446 ) ;
#4660 = CARTESIAN_POINT ( 'NONE',  ( -39.37265766372466658, -3.399999999999995914, -4.000000000000000000 ) ) ;
#4661 = ORIENTED_EDGE ( 'NONE', *, *, #6754, .F. ) ;
#4662 = EDGE_CURVE ( 'NONE', #6588, #4577, #738, .T. ) ;
#4663 = LINE ( 'NONE', #3652, #3166 ) ;
#4664 = DIRECTION ( 'NONE',  ( -1.000000000000000000, 0.000000000000000000, 0.000000000000000000 ) ) ;
#4665 = VECTOR ( 'NONE', #3563, 1000.000000000000000 ) ;
#4666 = CARTESIAN_POINT ( 'NONE',  ( -15.50000000000000000, -3.599999999999995204, 0.000000000000000000 ) ) ;
#4667 = ORIENTED_EDGE ( 'NONE', *, *, #1406, .T. ) ;
#4668 = ORIENTED_EDGE ( 'NONE', *, *, #630, .T. ) ;
#4669 = DIRECTION ( 'NONE',  ( 1.000000000000000000, -1.734723475976805517E-15, 0.000000000000000000 ) ) ;
#4670 = DIRECTION ( 'NONE',  ( -0.000000000000000000, -0.000000000000000000, 1.000000000000000000 ) ) ;
#4671 = CIRCLE ( 'NONE', #749, 1.000000000000000000 ) ;
#4672 = VERTEX_POINT ( 'NONE', #58 ) ;
#4673 = EDGE_CURVE ( 'NONE', #3806, #1268, #5258, .T. ) ;
#4674 = LINE ( 'NONE', #6808, #485 ) ;
#4675 = DIRECTION ( 'NONE',  ( -0.000000000000000000, -0.000000000000000000, -1.000000000000000000 ) ) ;
#4676 = AXIS2_PLACEMENT_3D ( 'NONE', #389, #422, #1906 ) ;
#4677 = CARTESIAN_POINT ( 'NONE',  ( 31.05544306252691911, -11.95476505286242030, 3.500000000000003109 ) ) ;
#4678 = ORIENTED_EDGE ( 'NONE', *, *, #2728, .F. ) ;
#4679 = CARTESIAN_POINT ( 'NONE',  ( 93.50000000000001421, -4.000000000000000000, 0.000000000000000000 ) ) ;
#4680 = PLANE ( 'NONE',  #3727 ) ;
#4681 = ADVANCED_FACE ( 'NONE', ( #3297 ), #3653, .F. ) ;
#4682 = LINE ( 'NONE', #6144, #2934 ) ;
#4683 = ORIENTED_EDGE ( 'NONE', *, *, #6323, .F. ) ;
#4684 = DIRECTION ( 'NONE',  ( 0.000000000000000000, 0.000000000000000000, -1.000000000000000000 ) ) ;
#4685 = EDGE_CURVE ( 'NONE', #2802, #492, #5554, .T. ) ;
#4686 = CARTESIAN_POINT ( 'NONE',  ( 70.00000000000000000, 0.000000000000000000, 3.000000000000000000 ) ) ;
#4687 = EDGE_LOOP ( 'NONE', ( #829, #5035, #505, #5376 ) ) ;
#4688 = ORIENTED_EDGE ( 'NONE', *, *, #2470, .T. ) ;
#4689 = CARTESIAN_POINT ( 'NONE',  ( -0.02911644369872081611, -12.84973239741057860, -55.82353258373179727 ) ) ;
#4690 = CARTESIAN_POINT ( 'NONE',  ( 68.49814047183672017, -16.63635183822741226, 3.500000000000003109 ) ) ;
#4691 = DIRECTION ( 'NONE',  ( -1.000000000000000000, 0.000000000000000000, 0.000000000000000000 ) ) ;
#4692 = EDGE_CURVE ( 'NONE', #2342, #2615, #5778, .T. ) ;
#4693 = CARTESIAN_POINT ( 'NONE',  ( 59.58107973894016141, -19.60516730426150289, -0.5000000000000004441 ) ) ;
#4694 = ORIENTED_EDGE ( 'NONE', *, *, #1641, .T. ) ;
#4695 = CARTESIAN_POINT ( 'NONE',  ( 33.24999999999992895, -21.50000000000000000, 1.500000000000002220 ) ) ;
#4696 = VERTEX_POINT ( 'NONE', #3330 ) ;
#4697 = DIRECTION ( 'NONE',  ( -1.000000000000000000, 0.000000000000000000, 0.000000000000000000 ) ) ;
#4698 = CARTESIAN_POINT ( 'NONE',  ( 67.48732929018946436, -16.85573382074009530, -0.5000000000000004441 ) ) ;
#4699 = EDGE_CURVE ( 'NONE', #6837, #2290, #653, .T. ) ;
#4700 = DIRECTION ( 'NONE',  ( -1.000000000000000000, 0.000000000000000000, 0.000000000000000000 ) ) ;
#4701 = ORIENTED_EDGE ( 'NONE', *, *, #3779, .F. ) ;
#4702 = VERTEX_POINT ( 'NONE', #4217 ) ;
#4703 = FACE_OUTER_BOUND ( 'NONE', #813, .T. ) ;
#4704 = DIRECTION ( 'NONE',  ( 1.000000000000000000, 0.000000000000000000, 0.000000000000000000 ) ) ;
#4705 = AXIS2_PLACEMENT_3D ( 'NONE', #4735, #1403, #3536 ) ;
#4706 = CARTESIAN_POINT ( 'NONE',  ( -12.50000000000000355, -8.500000000000007105, 0.5000000000000004441 ) ) ;
#4707 = CARTESIAN_POINT ( 'NONE',  ( 0.000000000000000000, -19.50000000000000000, 3.500000000000000000 ) ) ;
#4708 = ADVANCED_FACE ( 'NONE', ( #2598 ), #2037, .F. ) ;
#4709 = AXIS2_PLACEMENT_3D ( 'NONE', #4747, #2080, #1522 ) ;
#4710 = EDGE_CURVE ( 'NONE', #4201, #6665, #2731, .T. ) ;
#4711 = LINE ( 'NONE', #4226, #568 ) ;
#4712 = ORIENTED_EDGE ( 'NONE', *, *, #4662, .T. ) ;
#4713 = CARTESIAN_POINT ( 'NONE',  ( 67.48732929018946436, -16.85573382074009530, 3.500000000000003109 ) ) ;
#4714 = PRODUCT_DEFINITION_FORMATION_WITH_SPECIFIED_SOURCE ( 'ä»', '', #2041, .NOT_KNOWN. ) ;
#4715 = VECTOR ( 'NONE', #2818, 1000.000000000000000 ) ;
#4716 = ADVANCED_FACE ( 'NONE', ( #981 ), #3088, .F. ) ;
#4717 = CARTESIAN_POINT ( 'NONE',  ( 93.50200000000000955, -7.000000000000004441, 4.000000000000000888 ) ) ;
#4718 = DIRECTION ( 'NONE',  ( 0.000000000000000000, 0.000000000000000000, 1.000000000000000000 ) ) ;
#4719 = ORIENTED_EDGE ( 'NONE', *, *, #2945, .F. ) ;
#4720 = AXIS2_PLACEMENT_3D ( 'NONE', #331, #4729, #4034 ) ;
#4721 = DIRECTION ( 'NONE',  ( -0.000000000000000000, -0.000000000000000000, -1.000000000000000000 ) ) ;
#4722 = FACE_OUTER_BOUND ( 'NONE', #1961, .T. ) ;
#4723 = VECTOR ( 'NONE', #3798, 1000.000000000000000 ) ;
#4724 = ADVANCED_FACE ( 'NONE', ( #412, #92 ), #2238, .F. ) ;
#4725 = VERTEX_POINT ( 'NONE', #6500 ) ;
#4726 = VERTEX_POINT ( 'NONE', #1474 ) ;
#4727 = AXIS2_PLACEMENT_3D ( 'NONE', #2577, #4718, #5243 ) ;
#4728 = VECTOR ( 'NONE', #1470, 1000.000000000000000 ) ;
#4729 = DIRECTION ( 'NONE',  ( -0.000000000000000000, -0.000000000000000000, -1.000000000000000000 ) ) ;
#4730 = VECTOR ( 'NONE', #1210, 1000.000000000000000 ) ;
#4731 = DIRECTION ( 'NONE',  ( -0.000000000000000000, -0.000000000000000000, -1.000000000000000000 ) ) ;
#4732 = AXIS2_PLACEMENT_3D ( 'NONE', #840, #5126, #4592 ) ;
#4733 = EDGE_CURVE ( 'NONE', #6305, #4227, #2563, .T. ) ;
#4734 = ORIENTED_EDGE ( 'NONE', *, *, #5451, .T. ) ;
#4735 = CARTESIAN_POINT ( 'NONE',  ( 1.412277660168312465, -23.50000000000000000, -0.5000000000000004441 ) ) ;
#4736 = ORIENTED_EDGE ( 'NONE', *, *, #3352, .T. ) ;
#4737 = CARTESIAN_POINT ( 'NONE',  ( 1.412277660168318461, -21.00364639817820844, 3.500000000000003109 ) ) ;
#4738 = AXIS2_PLACEMENT_3D ( 'NONE', #6483, #638, #110 ) ;
#4739 = ORIENTED_EDGE ( 'NONE', *, *, #2103, .F. ) ;
#4740 = DIRECTION ( 'NONE',  ( 0.000000000000000000, 0.000000000000000000, -1.000000000000000000 ) ) ;
#4741 = DIRECTION ( 'NONE',  ( 1.000000000000000000, 0.000000000000000000, 0.000000000000000000 ) ) ;
#4742 = ADVANCED_FACE ( 'NONE', ( #583 ), #3617, .F. ) ;
#4743 = CARTESIAN_POINT ( 'NONE',  ( 5.000000000000000888, -3.600000000000000089, 6.000000000000000000 ) ) ;
#4744 = ORIENTED_EDGE ( 'NONE', *, *, #5429, .T. ) ;
#4745 = VERTEX_POINT ( 'NONE', #4698 ) ;
#4746 = CARTESIAN_POINT ( 'NONE',  ( 86.31826857315519419, 4.500000000000005329, 6.000000000000000000 ) ) ;
#4747 = CARTESIAN_POINT ( 'NONE',  ( -5.500000000000000000, -1.599999999999995648, -11.89803902718557005 ) ) ;
#4748 = AXIS2_PLACEMENT_3D ( 'NONE', #1567, #3249, #6455 ) ;
#4749 = EDGE_CURVE ( 'NONE', #1045, #1501, #292, .T. ) ;
#4750 = CARTESIAN_POINT ( 'NONE',  ( 74.99473842805598167, -24.42025125019624454, 2.634848122985273378 ) ) ;
#4751 = DIRECTION ( 'NONE',  ( 0.000000000000000000, 0.000000000000000000, 1.000000000000000000 ) ) ;
#4752 = DIRECTION ( 'NONE',  ( 1.000000000000000000, 0.000000000000000000, 0.000000000000000000 ) ) ;
#4753 = ORIENTED_EDGE ( 'NONE', *, *, #6591, .T. ) ;
#4754 = FACE_OUTER_BOUND ( 'NONE', #6083, .T. ) ;
#4755 = DIRECTION ( 'NONE',  ( 0.000000000000000000, 0.000000000000000000, 1.000000000000000000 ) ) ;
#4756 = FACE_OUTER_BOUND ( 'NONE', #6493, .T. ) ;
#4757 = EDGE_LOOP ( 'NONE', ( #6777, #5300 ) ) ;
#4758 = EDGE_CURVE ( 'NONE', #5355, #3538, #5910, .T. ) ;
#4759 = LINE ( 'NONE', #1705, #5521 ) ;
#4760 = AXIS2_PLACEMENT_3D ( 'NONE', #6115, #4473, #4543 ) ;
#4761 = DIRECTION ( 'NONE',  ( -1.000000000000000000, 0.000000000000000000, 0.000000000000000000 ) ) ;
#4762 = ORIENTED_EDGE ( 'NONE', *, *, #29, .F. ) ;
#4763 = ORIENTED_EDGE ( 'NONE', *, *, #6549, .F. ) ;
#4764 = DIRECTION ( 'NONE',  ( 1.000000000000000000, 0.000000000000000000, 0.000000000000000000 ) ) ;
#4765 = ADVANCED_FACE ( 'NONE', ( #5382 ), #6117, .F. ) ;
#4766 = CARTESIAN_POINT ( 'NONE',  ( -23.50000000000002842, -23.00000000000000000, 4.000000000000000888 ) ) ;
#4767 = ORIENTED_EDGE ( 'NONE', *, *, #353, .F. ) ;
#4768 = CARTESIAN_POINT ( 'NONE',  ( -8.849999999999996092, -20.00000000000000355, 14.05062109405231396 ) ) ;
#4769 = ORIENTED_EDGE ( 'NONE', *, *, #3517, .F. ) ;
#4770 = CARTESIAN_POINT ( 'NONE',  ( 85.00000000000001421, 1.000000000000001332, -13.50925608610629602 ) ) ;
#4771 = CYLINDRICAL_SURFACE ( 'NONE', #3035, 1.000000000000000000 ) ;
#4772 = ORIENTED_EDGE ( 'NONE', *, *, #3178, .T. ) ;
#4773 = ADVANCED_FACE ( 'NONE', ( #5044 ), #2339, .F. ) ;
#4774 = DIRECTION ( 'NONE',  ( 0.000000000000000000, 1.000000000000000000, 0.000000000000000000 ) ) ;
#4775 = ORIENTED_EDGE ( 'NONE', *, *, #1329, .F. ) ;
#4776 = AXIS2_PLACEMENT_3D ( 'NONE', #4717, #6055, #5017 ) ;
#4777 = DIRECTION ( 'NONE',  ( -1.000000000000000000, -8.881784197001254296E-16, 0.000000000000000000 ) ) ;
#4778 = ORIENTED_EDGE ( 'NONE', *, *, #4208, .T. ) ;
#4779 = ORIENTED_EDGE ( 'NONE', *, *, #1202, .T. ) ;
#4780 = DIRECTION ( 'NONE',  ( 0.000000000000000000, 0.000000000000000000, 1.000000000000000000 ) ) ;
#4781 = CARTESIAN_POINT ( 'NONE',  ( 85.00000000000001421, -8.500000000000003553, -0.5000000000000000000 ) ) ;
#4782 = EDGE_CURVE ( 'NONE', #3129, #2334, #3224, .T. ) ;
#4783 = AXIS2_PLACEMENT_3D ( 'NONE', #1154, #5228, #4411 ) ;
#4784 = CARTESIAN_POINT ( 'NONE',  ( 75.08370395787953555, -24.37803303174008107, 1.985401853306130615 ) ) ;
#4785 = FACE_OUTER_BOUND ( 'NONE', #395, .T. ) ;
#4786 = DIRECTION ( 'NONE',  ( -0.000000000000000000, -0.000000000000000000, -1.000000000000000000 ) ) ;
#4787 = ORIENTED_EDGE ( 'NONE', *, *, #2570, .T. ) ;
#4788 = AXIS2_PLACEMENT_3D ( 'NONE', #609, #6490, #1568 ) ;
#4789 = CARTESIAN_POINT ( 'NONE',  ( 21.64625639182108685, -23.50000000000000000, -55.82353258373179727 ) ) ;
#4790 = EDGE_CURVE ( 'NONE', #6025, #2205, #5590, .T. ) ;
#4791 = FACE_OUTER_BOUND ( 'NONE', #434, .T. ) ;
#4792 = CARTESIAN_POINT ( 'NONE',  ( -5.500000000000000000, -0.9473224931973076579, 0.000000000000000000 ) ) ;
#4793 = ORIENTED_EDGE ( 'NONE', *, *, #2510, .F. ) ;
#4794 = DIRECTION ( 'NONE',  ( 1.000000000000000000, 0.000000000000000000, 0.000000000000000000 ) ) ;
#4795 = AXIS2_PLACEMENT_3D ( 'NONE', #2898, #1807, #5000 ) ;
#4796 = DIRECTION ( 'NONE',  ( -0.000000000000000000, -0.000000000000000000, -1.000000000000000000 ) ) ;
#4797 = ORIENTED_EDGE ( 'NONE', *, *, #2969, .F. ) ;
#4798 = ORIENTED_EDGE ( 'NONE', *, *, #3690, .F. ) ;
#4799 = EDGE_CURVE ( 'NONE', #2991, #1757, #6904, .T. ) ;
#4800 = CARTESIAN_POINT ( 'NONE',  ( -11.50000000000000533, -14.50000000000000178, 3.499999999999999556 ) ) ;
#4801 = CARTESIAN_POINT ( 'NONE',  ( 60.36486379115212486, -18.98413384340920373, 91.99722379239923953 ) ) ;
#4802 = ORIENTED_EDGE ( 'NONE', *, *, #5085, .T. ) ;
#4803 = EDGE_CURVE ( 'NONE', #4009, #2487, #1221, .T. ) ;
#4804 = CARTESIAN_POINT ( 'NONE',  ( 1.412277660168318461, -21.00364639817820844, -0.5000000000000004441 ) ) ;
#4805 = ORIENTED_EDGE ( 'NONE', *, *, #3564, .T. ) ;
#4806 = DIRECTION ( 'NONE',  ( 0.000000000000000000, -0.000000000000000000, -1.000000000000000000 ) ) ;
#4807 = ADVANCED_FACE ( 'NONE', ( #5080 ), #6681, .T. ) ;
#4808 = DIRECTION ( 'NONE',  ( -0.000000000000000000, -0.000000000000000000, -1.000000000000000000 ) ) ;
#4809 = FACE_OUTER_BOUND ( 'NONE', #4164, .T. ) ;
#4810 = ADVANCED_FACE ( 'NONE', ( #4474 ), #5112, .F. ) ;
#4811 = CARTESIAN_POINT ( 'NONE',  ( -16.49999999999999645, -8.500000000000007105, -1.700000000000000400 ) ) ;
#4812 = ORIENTED_EDGE ( 'NONE', *, *, #3217, .T. ) ;
#4813 = CARTESIAN_POINT ( 'NONE',  ( 60.01141465591474855, -18.45698040282307772, -0.5000000000000004441 ) ) ;
#4814 = FACE_OUTER_BOUND ( 'NONE', #2688, .T. ) ;
#4815 = EDGE_CURVE ( 'NONE', #2000, #3169, #4114, .T. ) ;
#4816 = CARTESIAN_POINT ( 'NONE',  ( 75.00850495080331370, -24.41427370777860517, 3.070464822700903706 ) ) ;
#4817 = CARTESIAN_POINT ( 'NONE',  ( 89.00000000000001421, -4.000000000000000000, 0.000000000000000000 ) ) ;
#4818 = AXIS2_PLACEMENT_3D ( 'NONE', #987, #4188, #4704 ) ;
#4819 = DIRECTION ( 'NONE',  ( -0.000000000000000000, -0.000000000000000000, -1.000000000000000000 ) ) ;
#4820 = EDGE_LOOP ( 'NONE', ( #4635, #4308, #1358, #6713 ) ) ;
#4821 = LINE ( 'NONE', #5, #4845 ) ;
#4822 = CARTESIAN_POINT ( 'NONE',  ( 21.90192933962750743, -22.53323666610696563, 3.500000000000003109 ) ) ;
#4823 = CARTESIAN_POINT ( 'NONE',  ( -0.02911644369872092367, -12.84973239741057860, -0.5000000000000004441 ) ) ;
#4824 = ORIENTED_EDGE ( 'NONE', *, *, #5565, .F. ) ;
#4825 = CARTESIAN_POINT ( 'NONE',  ( 29.99999443499577367, -21.74005841183096877, 2.593895876029774783 ) ) ;
#4826 = CARTESIAN_POINT ( 'NONE',  ( 0.000000000000000000, 5.867447051098019790E-17, -4.000000000000000000 ) ) ;
#4827 = ORIENTED_EDGE ( 'NONE', *, *, #2232, .T. ) ;
#4828 = ORIENTED_EDGE ( 'NONE', *, *, #2325, .T. ) ;
#4829 = AXIS2_PLACEMENT_3D ( 'NONE', #5667, #403, #1988 ) ;
#4830 = DIRECTION ( 'NONE',  ( -1.000000000000000000, 1.734723475976805517E-15, 0.000000000000000000 ) ) ;
#4831 = ORIENTED_EDGE ( 'NONE', *, *, #4568, .F. ) ;
#4832 = CIRCLE ( 'NONE', #2023, 1.000000000000000000 ) ;
#4833 = CYLINDRICAL_SURFACE ( 'NONE', #5096, 1.000000000000000888 ) ;
#4834 = ADVANCED_FACE ( 'NONE', ( #3425 ), #4029, .F. ) ;
#4835 = AXIS2_PLACEMENT_3D ( 'NONE', #1779, #5041, #5979 ) ;
#4836 = ORIENTED_EDGE ( 'NONE', *, *, #3253, .T. ) ;
#4837 = AXIS2_PLACEMENT_3D ( 'NONE', #2455, #1962, #6692 ) ;
#4838 = CARTESIAN_POINT ( 'NONE',  ( 48.57143374141650582, -11.50000000000000711, -55.82353258373179727 ) ) ;
#4839 = VECTOR ( 'NONE', #2356, 1000.000000000000000 ) ;
#4840 = ORIENTED_EDGE ( 'NONE', *, *, #38, .F. ) ;
#4841 = LINE ( 'NONE', #1226, #1923 ) ;
#4842 = DIRECTION ( 'NONE',  ( -1.000000000000000000, 0.000000000000000000, 0.000000000000000000 ) ) ;
#4843 = STYLED_ITEM ( 'NONE', ( #49 ), #2700 ) ;
#4844 = LINE ( 'NONE', #4316, #370 ) ;
#4845 = VECTOR ( 'NONE', #3702, 1000.000000000000000 ) ;
#4846 = EDGE_CURVE ( 'NONE', #5248, #2716, #188, .T. ) ;
#4847 = ADVANCED_FACE ( 'NONE', ( #2308 ), #2373, .F. ) ;
#4848 = CARTESIAN_POINT ( 'NONE',  ( -12.50000000000000355, -8.500000000000007105, 0.5000000000000004441 ) ) ;
#4849 = ORIENTED_EDGE ( 'NONE', *, *, #5649, .F. ) ;
#4850 = VECTOR ( 'NONE', #4954, 1000.000000000000000 ) ;
#4851 = CARTESIAN_POINT ( 'NONE',  ( 85.00000000000001421, 4.500000000000001776, 1.725000000000000089 ) ) ;
#4852 = ORIENTED_EDGE ( 'NONE', *, *, #781, .F. ) ;
#4853 = CARTESIAN_POINT ( 'NONE',  ( 75.55463724357878164, -23.82566861477863540, 0.9336254671538173344 ) ) ;
#4854 = VECTOR ( 'NONE', #1660, 1000.000000000000000 ) ;
#4855 = DIRECTION ( 'NONE',  ( 0.000000000000000000, -1.000000000000000000, 0.000000000000000000 ) ) ;
#4856 = CARTESIAN_POINT ( 'NONE',  ( 66.59040426936127233, -13.96043282193328849, 91.99722379239923953 ) ) ;
#4857 = ORIENTED_EDGE ( 'NONE', *, *, #1641, .F. ) ;
#4858 = LINE ( 'NONE', #3770, #138 ) ;
#4859 = FACE_OUTER_BOUND ( 'NONE', #5706, .T. ) ;
#4860 = AXIS2_PLACEMENT_3D ( 'NONE', #5166, #355, #4639 ) ;
#4861 = DIRECTION ( 'NONE',  ( 0.000000000000000000, -1.000000000000000000, 0.000000000000000000 ) ) ;
#4862 = ADVANCED_FACE ( 'NONE', ( #4980 ), #1356, .T. ) ;
#4863 = CARTESIAN_POINT ( 'NONE',  ( 1.103821443123443879, -12.97799675178436907, -0.5000000000000000000 ) ) ;
#4864 = DIRECTION ( 'NONE',  ( -0.000000000000000000, 0.000000000000000000, -1.000000000000000000 ) ) ;
#4865 = VECTOR ( 'NONE', #6656, 1000.000000000000000 ) ;
#4866 = ORIENTED_EDGE ( 'NONE', *, *, #1649, .T. ) ;
#4867 = ORIENTED_EDGE ( 'NONE', *, *, #5516, .T. ) ;
#4868 = CARTESIAN_POINT ( 'NONE',  ( 28.68607244643995458, -1.408658527960294116, 3.500000000000000000 ) ) ;
#4869 = VECTOR ( 'NONE', #5212, 1000.000000000000000 ) ;
#4870 = EDGE_CURVE ( 'NONE', #3223, #754, #827, .T. ) ;
#4871 = DIRECTION ( 'NONE',  ( 0.000000000000000000, 0.000000000000000000, -1.000000000000000000 ) ) ;
#4872 = DIRECTION ( 'NONE',  ( 0.000000000000000000, -0.000000000000000000, -1.000000000000000000 ) ) ;
#4873 = ORIENTED_EDGE ( 'NONE', *, *, #639, .F. ) ;
#4874 = CARTESIAN_POINT ( 'NONE',  ( -0.7410796501650294132, -15.08425883328870931, -0.5000000000000000000 ) ) ;
#4875 = ORIENTED_EDGE ( 'NONE', *, *, #1200, .F. ) ;
#4876 = PLANE ( 'NONE',  #5614 ) ;
#4877 = EDGE_CURVE ( 'NONE', #6750, #2351, #3101, .T. ) ;
#4878 = LINE ( 'NONE', #5717, #6722 ) ;
#4879 = PLANE ( 'NONE',  #2066 ) ;
#4880 = DIRECTION ( 'NONE',  ( -1.927470528863119295E-16, -1.000000000000000000, 0.000000000000000000 ) ) ;
#4881 = ORIENTED_EDGE ( 'NONE', *, *, #5827, .F. ) ;
#4882 = DIRECTION ( 'NONE',  ( -0.9667633338930343712, -0.2556729478064219130, 0.000000000000000000 ) ) ;
#4883 = ADVANCED_FACE ( 'NONE', ( #6649 ), #6577, .T. ) ;
#4884 = ORIENTED_EDGE ( 'NONE', *, *, #980, .T. ) ;
#4885 = CIRCLE ( 'NONE', #3654, 1.250000000000001110 ) ;
#4886 = DIRECTION ( 'NONE',  ( -0.000000000000000000, -0.000000000000000000, -1.000000000000000000 ) ) ;
#4887 = DIRECTION ( 'NONE',  ( 1.000000000000000000, -1.211399075402798040E-16, 0.000000000000000000 ) ) ;
#4888 = CARTESIAN_POINT ( 'NONE',  ( 36.45763381887741872, -21.62982987326370932, 3.278051747475007716 ) ) ;
#4889 = ORIENTED_EDGE ( 'NONE', *, *, #2739, .T. ) ;
#4890 = LINE ( 'NONE', #3384, #3732 ) ;
#4891 = CARTESIAN_POINT ( 'NONE',  ( 72.68750000000001421, -11.50000000000000711, 91.99722379239923953 ) ) ;
#4892 = AXIS2_PLACEMENT_3D ( 'NONE', #1867, #2955, #5195 ) ;
#4893 = EDGE_CURVE ( 'NONE', #1391, #3793, #1852, .T. ) ;
#4894 = CARTESIAN_POINT ( 'NONE',  ( 81.00000000000001421, -23.67534793979027441, 3.500000000000000000 ) ) ;
#4895 = CARTESIAN_POINT ( 'NONE',  ( 30.04235071204237784, -21.62987723578037702, 3.277954108780700704 ) ) ;
#4896 = DIRECTION ( 'NONE',  ( -1.000000000000000000, -0.000000000000000000, -0.000000000000000000 ) ) ;
#4897 = AXIS2_PLACEMENT_3D ( 'NONE', #1952, #1913, #2511 ) ;
#4898 = EDGE_LOOP ( 'NONE', ( #1442, #1091, #3158, #4102 ) ) ;
#4899 = B_SPLINE_CURVE_WITH_KNOTS ( 'NONE', 3,
 ( #3372, #6096, #2287, #1332, #1761, #1368, #1267, #174, #5053, #2420, #4483, #239, #3910, #4952 ),
 .UNSPECIFIED., .F., .F.,
 ( 4, 2, 2, 2, 2, 2, 4 ),
 ( 0.000000000000000000, 0.0002177769743936224932, 0.0004355539487872449864, 0.0008711078975744865035, 0.001306661846361727858, 0.001524438820755348806, 0.001742215795148969537 ),
 .UNSPECIFIED. ) ;
#4900 = CARTESIAN_POINT ( 'NONE',  ( 34.25000000000000711, -12.93565627928923156, -0.5000000000000004441 ) ) ;
#4901 = EDGE_CURVE ( 'NONE', #5361, #6855, #2883, .T. ) ;
#4902 = LINE ( 'NONE', #2936, #5062 ) ;
#4903 = EDGE_LOOP ( 'NONE', ( #6637, #1770, #6705, #1816 ) ) ;
#4904 = VECTOR ( 'NONE', #1525, 1000.000000000000000 ) ;
#4905 = LINE ( 'NONE', #4801, #1951 ) ;
#4906 = DIRECTION ( 'NONE',  ( 1.000000000000000000, -0.000000000000000000, -0.000000000000000000 ) ) ;
#4907 = ORIENTED_EDGE ( 'NONE', *, *, #6037, .F. ) ;
#4908 = VERTEX_POINT ( 'NONE', #929 ) ;
#4909 = LINE ( 'NONE', #95, #5596 ) ;
#4910 = ORIENTED_EDGE ( 'NONE', *, *, #6037, .T. ) ;
#4911 = DIRECTION ( 'NONE',  ( -0.000000000000000000, -0.000000000000000000, 1.000000000000000000 ) ) ;
#4912 = FACE_OUTER_BOUND ( 'NONE', #4403, .T. ) ;
#4913 = CARTESIAN_POINT ( 'NONE',  ( 35.25000000000000711, -19.50000000000000000, 3.500000000000000000 ) ) ;
#4914 = CARTESIAN_POINT ( 'NONE',  ( 88.36426365334267530, 3.694061104857532918, 6.000000000000000000 ) ) ;
#4915 = ORIENTED_EDGE ( 'NONE', *, *, #1211, .T. ) ;
#4916 = DIRECTION ( 'NONE',  ( 1.000000000000000000, 0.000000000000000000, 0.000000000000000000 ) ) ;
#4917 = ORIENTED_EDGE ( 'NONE', *, *, #3778, .F. ) ;
#4918 = PLANE ( 'NONE',  #6673 ) ;
#4919 = EDGE_CURVE ( 'NONE', #6025, #94, #6184, .T. ) ;
#4920 = CARTESIAN_POINT ( 'NONE',  ( -2.750000000000064837, -19.50000000000000000, 2.749999999999995115 ) ) ;
#4921 = CYLINDRICAL_SURFACE ( 'NONE', #2925, 1.250000000000001110 ) ;
#4922 = ORIENTED_EDGE ( 'NONE', *, *, #1083, .T. ) ;
#4923 = EDGE_CURVE ( 'NONE', #4111, #3784, #2543, .T. ) ;
#4924 = DIRECTION ( 'NONE',  ( 0.000000000000000000, -1.000000000000000000, -0.000000000000000000 ) ) ;
#4925 = DIRECTION ( 'NONE',  ( -1.000000000000000000, 1.927470528863119295E-16, 0.000000000000000000 ) ) ;
#4926 = DIRECTION ( 'NONE',  ( 0.000000000000000000, 0.000000000000000000, -1.000000000000000000 ) ) ;
#4927 = LINE ( 'NONE', #1804, #5192 ) ;
#4928 = ADVANCED_FACE ( 'NONE', ( #2580 ), #4101, .T. ) ;
#4929 = ADVANCED_FACE ( 'NONE', ( #3528 ), #2550, .F. ) ;
#4930 = LINE ( 'NONE', #2402, #3785 ) ;
#4931 = EDGE_LOOP ( 'NONE', ( #2673, #4763, #6858, #5700 ) ) ;
#4932 = ADVANCED_FACE ( 'NONE', ( #892 ), #5145, .F. ) ;
#4933 = ORIENTED_EDGE ( 'NONE', *, *, #5350, .F. ) ;
#4934 = DIRECTION ( 'NONE',  ( 1.000000000000000000, 0.000000000000000000, 0.000000000000000000 ) ) ;
#4935 = ORIENTED_EDGE ( 'NONE', *, *, #2228, .F. ) ;
#4936 = CYLINDRICAL_SURFACE ( 'NONE', #3408, 1.250000000000000222 ) ;
#4938 = EDGE_CURVE ( 'NONE', #6833, #3324, #964, .T. ) ;
#4937 = VECTOR ( 'NONE', #6690, 1000.000000000000000 ) ;
#4939 = DIRECTION ( 'NONE',  ( -0.000000000000000000, -0.000000000000000000, 1.000000000000000000 ) ) ;
#4940 = ORIENTED_EDGE ( 'NONE', *, *, #5918, .F. ) ;
#4941 = EDGE_LOOP ( 'NONE', ( #1041, #1945, #501, #6510, #2738, #1638 ) ) ;
#4942 = AXIS2_PLACEMENT_3D ( 'NONE', #6221, #6192, #275 ) ;
#4943 = EDGE_LOOP ( 'NONE', ( #6433, #1939, #1317, #267 ) ) ;
#4944 = CARTESIAN_POINT ( 'NONE',  ( -7.368174807915457869, -1.599999999999995426, 3.500000000000003109 ) ) ;
#4945 = AXIS2_PLACEMENT_3D ( 'NONE', #5859, #1063, #3242 ) ;
#4946 = CARTESIAN_POINT ( 'NONE',  ( -29.00000000000000000, -14.49999999999999822, 2.000000000000000000 ) ) ;
#4947 = VERTEX_POINT ( 'NONE', #431 ) ;
#4948 = DIRECTION ( 'NONE',  ( 0.000000000000000000, 0.000000000000000000, -1.000000000000000000 ) ) ;
#4949 = EDGE_CURVE ( 'NONE', #2310, #1986, #5662, .T. ) ;
#4950 = CIRCLE ( 'NONE', #1918, 2.999999999999999112 ) ;
#4951 = AXIS2_PLACEMENT_3D ( 'NONE', #5397, #1623, #594 ) ;
#4952 = CARTESIAN_POINT ( 'NONE',  ( 75.08772233983154365, -19.50000000000000000, 3.500000000000000000 ) ) ;
#4953 = VERTEX_POINT ( 'NONE', #4204 ) ;
#4954 = DIRECTION ( 'NONE',  ( 0.000000000000000000, -0.000000000000000000, 1.000000000000000000 ) ) ;
#4955 = MECHANICAL_DESIGN_GEOMETRIC_PRESENTATION_REPRESENTATION (  '', ( #4843 ), #1820 ) ;
#4956 = VECTOR ( 'NONE', #5356, 1000.000000000000114 ) ;
#4957 = ORIENTED_EDGE ( 'NONE', *, *, #5607, .F. ) ;
#4958 = AXIS2_PLACEMENT_3D ( 'NONE', #4988, #2388, #1893 ) ;
#4959 = CARTESIAN_POINT ( 'NONE',  ( 79.50000000000001421, 0.4999999999999970024, 6.000000000000000000 ) ) ;
#4960 = AXIS2_PLACEMENT_3D ( 'NONE', #4891, #4434, #2261 ) ;
#4961 = DIRECTION ( 'NONE',  ( 0.000000000000000000, 0.000000000000000000, -1.000000000000000000 ) ) ;
#4962 = AXIS2_PLACEMENT_3D ( 'NONE', #958, #3212, #2575 ) ;
#4963 = CARTESIAN_POINT ( 'NONE',  ( 18.12312319605659994, -12.48089122642681481, -0.5000000000000004441 ) ) ;
#4964 = ORIENTED_EDGE ( 'NONE', *, *, #5469, .F. ) ;
#4965 = CARTESIAN_POINT ( 'NONE',  ( 81.00000000000001421, -18.50000000000000000, -0.5000000000000000000 ) ) ;
#4966 = DIRECTION ( 'NONE',  ( 1.000000000000000000, 3.469446951953611033E-15, 0.000000000000000000 ) ) ;
#4967 = EDGE_CURVE ( 'NONE', #2716, #1885, #4163, .T. ) ;
#4968 = CARTESIAN_POINT ( 'NONE',  ( 0.000000000000000000, 0.000000000000000000, 0.000000000000000000 ) ) ;
#4969 = VECTOR ( 'NONE', #3694, 1000.000000000000000 ) ;
#4970 = DIRECTION ( 'NONE',  ( 1.000000000000000000, 0.000000000000000000, 0.000000000000000000 ) ) ;
#4971 = CARTESIAN_POINT ( 'NONE',  ( -1.683748498798798732, -18.25000000000000355, 91.99722379239923953 ) ) ;
#4972 = ORIENTED_EDGE ( 'NONE', *, *, #4582, .T. ) ;
#4973 = PLANE ( 'NONE',  #6852 ) ;
#4974 = CIRCLE ( 'NONE', #4298, 4.499999999999997335 ) ;
#4975 = ADVANCED_FACE ( 'NONE', ( #4722 ), #1534, .F. ) ;
#4976 = PLANE ( 'NONE',  #5830 ) ;
#4977 = ORIENTED_EDGE ( 'NONE', *, *, #4110, .F. ) ;
#4978 = DIRECTION ( 'NONE',  ( 0.000000000000000000, 0.000000000000000000, -1.000000000000000000 ) ) ;
#4979 = AXIS2_PLACEMENT_3D ( 'NONE', #2947, #3501, #765 ) ;
#4980 = FACE_OUTER_BOUND ( 'NONE', #6851, .T. ) ;
#4981 = ORIENTED_EDGE ( 'NONE', *, *, #218, .F. ) ;
#4982 = ORIENTED_EDGE ( 'NONE', *, *, #388, .F. ) ;
#4983 = VERTEX_POINT ( 'NONE', #472 ) ;
#4984 = DIRECTION ( 'NONE',  ( 0.000000000000000000, 0.000000000000000000, -1.000000000000000000 ) ) ;
#4985 = CARTESIAN_POINT ( 'NONE',  ( 62.63182519208454835, 1.399999999999995914, 3.500000000000000000 ) ) ;
#4986 = LINE ( 'NONE', #731, #1170 ) ;
#4987 = VECTOR ( 'NONE', #1749, 1000.000000000000000 ) ;
#4988 = CARTESIAN_POINT ( 'NONE',  ( 0.000000000000000000, 0.000000000000000000, 5.000000000000000000 ) ) ;
#4989 = ORIENTED_EDGE ( 'NONE', *, *, #856, .F. ) ;
#4990 = DIRECTION ( 'NONE',  ( 0.000000000000000000, 0.000000000000000000, 1.000000000000000000 ) ) ;
#4991 = ORIENTED_EDGE ( 'NONE', *, *, #4919, .F. ) ;
#4992 = CARTESIAN_POINT ( 'NONE',  ( 75.30497232138958452, -22.77276035812548471, 1.362866285785736098 ) ) ;
#4993 = LINE ( 'NONE', #2292, #1357 ) ;
#4994 = PLANE ( 'NONE',  #797 ) ;
#4995 = ORIENTED_EDGE ( 'NONE', *, *, #4351, .F. ) ;
#4996 = CARTESIAN_POINT ( 'NONE',  ( -4.988272402590862242, -10.50000000000000711, 15.49546024484603102 ) ) ;
#4997 = EDGE_CURVE ( 'NONE', #6145, #1076, #2059, .T. ) ;
#4998 = DIRECTION ( 'NONE',  ( 1.000000000000000000, 0.000000000000000000, 0.000000000000000000 ) ) ;
#4999 = DIRECTION ( 'NONE',  ( 0.000000000000000000, 0.000000000000000000, 1.000000000000000000 ) ) ;
#5000 = DIRECTION ( 'NONE',  ( 1.000000000000000000, 0.000000000000000000, 0.000000000000000000 ) ) ;
#5001 = EDGE_CURVE ( 'NONE', #1532, #6210, #2475, .T. ) ;
#5002 = VECTOR ( 'NONE', #4518, 1000.000000000000000 ) ;
#5003 = VERTEX_POINT ( 'NONE', #3673 ) ;
#5004 = VECTOR ( 'NONE', #5575, 1000.000000000000114 ) ;
#5005 = ORIENTED_EDGE ( 'NONE', *, *, #2560, .F. ) ;
#5006 = CARTESIAN_POINT ( 'NONE',  ( -25.50000000000000355, -1.599999999999994760, 4.000000000000000000 ) ) ;
#5007 = ORIENTED_EDGE ( 'NONE', *, *, #5429, .F. ) ;
#5008 = LINE ( 'NONE', #4511, #1059 ) ;
#5009 = AXIS2_PLACEMENT_3D ( 'NONE', #724, #299, #6540 ) ;
#5010 = CARTESIAN_POINT ( 'NONE',  ( -11.50000000000000533, -12.50000000000000178, 0.5000000000000004441 ) ) ;
#5011 = ADVANCED_FACE ( 'NONE', ( #5797 ), #999, .T. ) ;
#5012 = VERTEX_POINT ( 'NONE', #6747 ) ;
#5013 = ORIENTED_EDGE ( 'NONE', *, *, #6892, .F. ) ;
#5014 = DIRECTION ( 'NONE',  ( -1.000000000000000000, 0.000000000000000000, 0.000000000000000000 ) ) ;
#5015 = ORIENTED_EDGE ( 'NONE', *, *, #6630, .F. ) ;
#5016 = CIRCLE ( 'NONE', #2549, 1.000000000000000888 ) ;
#5017 = DIRECTION ( 'NONE',  ( 1.000000000000000000, 0.000000000000000000, -0.000000000000000000 ) ) ;
#5018 = DIRECTION ( 'NONE',  ( 0.000000000000000000, 0.000000000000000000, 1.000000000000000000 ) ) ;
#5019 = DIRECTION ( 'NONE',  ( 1.000000000000000000, -3.469446951953611033E-15, 0.000000000000000000 ) ) ;
#5020 = EDGE_CURVE ( 'NONE', #671, #5584, #402, .T. ) ;
#5021 = AXIS2_PLACEMENT_3D ( 'NONE', #3738, #6417, #2609 ) ;
#5022 = EDGE_CURVE ( 'NONE', #433, #2140, #3908, .T. ) ;
#5023 = DIRECTION ( 'NONE',  ( 0.000000000000000000, 0.000000000000000000, 1.000000000000000000 ) ) ;
#5024 = ADVANCED_FACE ( 'NONE', ( #1108 ), #574, .F. ) ;
#5025 = ORIENTED_EDGE ( 'NONE', *, *, #3982, .F. ) ;
#5026 = FACE_OUTER_BOUND ( 'NONE', #1911, .T. ) ;
#5027 = EDGE_LOOP ( 'NONE', ( #776, #3674, #4940, #3337 ) ) ;
#5028 = DIRECTION ( 'NONE',  ( -1.927470528863119295E-16, -1.000000000000000000, 0.000000000000000000 ) ) ;
#5029 = EDGE_CURVE ( 'NONE', #3105, #4542, #4235, .T. ) ;
#5030 = CARTESIAN_POINT ( 'NONE',  ( -13.93795006481866494, -7.500000000000016875, -1.700000000000000178 ) ) ;
#5031 = CARTESIAN_POINT ( 'NONE',  ( 89.00000000000001421, -4.000000000000000000, 1.725000000000000089 ) ) ;
#5032 = ORIENTED_EDGE ( 'NONE', *, *, #3149, .F. ) ;
#5033 = EDGE_CURVE ( 'NONE', #5161, #1460, #5347, .T. ) ;
#5034 = CARTESIAN_POINT ( 'NONE',  ( -5.849999999999994316, -14.50000000000000355, -0.5000000000000000000 ) ) ;
#5035 = ORIENTED_EDGE ( 'NONE', *, *, #2211, .F. ) ;
#5036 = DIRECTION ( 'NONE',  ( 1.000000000000000000, 0.000000000000000000, 0.000000000000000000 ) ) ;
#5037 = LINE ( 'NONE', #4467, #3860 ) ;
#5038 = CARTESIAN_POINT ( 'NONE',  ( -8.849999999999996092, -18.50000000000000355, 5.000000000000000000 ) ) ;
#5039 = VERTEX_POINT ( 'NONE', #5374 ) ;
#5040 = ORIENTED_EDGE ( 'NONE', *, *, #2407, .F. ) ;
#5041 = DIRECTION ( 'NONE',  ( 0.000000000000000000, 0.000000000000000000, 1.000000000000000000 ) ) ;
#5042 = ORIENTED_EDGE ( 'NONE', *, *, #6329, .T. ) ;
#5043 = CARTESIAN_POINT ( 'NONE',  ( -25.50000000000000355, -1.599999999999994760, 4.000000000000000000 ) ) ;
#5044 = FACE_OUTER_BOUND ( 'NONE', #6543, .T. ) ;
#5045 = ORIENTED_EDGE ( 'NONE', *, *, #2457, .T. ) ;
#5046 = ORIENTED_EDGE ( 'NONE', *, *, #6451, .F. ) ;
#5047 = VERTEX_POINT ( 'NONE', #3853 ) ;
#5048 = CARTESIAN_POINT ( 'NONE',  ( 35.00000000000000000, 0.000000000000000000, 3.500000000000000000 ) ) ;
#5049 = DIRECTION ( 'NONE',  ( 0.9808912264268110359, 0.1945569374730864720, 0.000000000000000000 ) ) ;
#5050 = EDGE_CURVE ( 'NONE', #6683, #4908, #1312, .T. ) ;
#5051 = DIRECTION ( 'NONE',  ( -1.000000000000000000, 4.336808689942017120E-17, 0.000000000000000000 ) ) ;
#5052 = EDGE_CURVE ( 'NONE', #3926, #6682, #2758, .T. ) ;
#5053 = CARTESIAN_POINT ( 'NONE',  ( 75.00999739102043407, -19.81539910930773019, 3.039478312650048863 ) ) ;
#5054 = AXIS2_PLACEMENT_3D ( 'NONE', #5270, #461, #4752 ) ;
#5055 = VERTEX_POINT ( 'NONE', #4361 ) ;
#5056 = CARTESIAN_POINT ( 'NONE',  ( -0.7469987990390385413, -17.90000000000000568, 91.99722379239923953 ) ) ;
#5057 = ORIENTED_EDGE ( 'NONE', *, *, #6271, .T. ) ;
#5058 = AXIS2_PLACEMENT_3D ( 'NONE', #6755, #1330, #202 ) ;
#5059 = EDGE_CURVE ( 'NONE', #2269, #5349, #5833, .T. ) ;
#5060 = AXIS2_PLACEMENT_3D ( 'NONE', #627, #2778, #558 ) ;
#5061 = LINE ( 'NONE', #6662, #2880 ) ;
#5062 = VECTOR ( 'NONE', #1184, 1000.000000000000000 ) ;
#5063 = FACE_OUTER_BOUND ( 'NONE', #4306, .T. ) ;
#5064 = ORIENTED_EDGE ( 'NONE', *, *, #971, .F. ) ;
#5065 = CIRCLE ( 'NONE', #2035, 2.000000000000001776 ) ;
#5066 = DIRECTION ( 'NONE',  ( 0.000000000000000000, 0.000000000000000000, 1.000000000000000000 ) ) ;
#5067 = VECTOR ( 'NONE', #3834, 1000.000000000000000 ) ;
#5068 = DIRECTION ( 'NONE',  ( 0.9808912264268110359, -0.1945569374730864720, 0.000000000000000000 ) ) ;
#5069 = EDGE_CURVE ( 'NONE', #1642, #6723, #508, .T. ) ;
#5070 = CIRCLE ( 'NONE', #5618, 2.999999999999999112 ) ;
#5071 = AXIS2_PLACEMENT_3D ( 'NONE', #1336, #3850, #4926 ) ;
#5072 = DIRECTION ( 'NONE',  ( 0.000000000000000000, 0.000000000000000000, 1.000000000000000000 ) ) ;
#5073 = VECTOR ( 'NONE', #994, 1000.000000000000000 ) ;
#5074 = CARTESIAN_POINT ( 'NONE',  ( 31.11539504185323324, -2.271529070723414367, -9.227922061357867634 ) ) ;
#5075 = VERTEX_POINT ( 'NONE', #5868 ) ;
#5076 = CARTESIAN_POINT ( 'NONE',  ( -1.683748498798790960, -15.75000000000000000, 3.500000000000000000 ) ) ;
#5077 = CARTESIAN_POINT ( 'NONE',  ( 0.000000000000000000, 0.000000000000000000, -0.5000000000000000000 ) ) ;
#5078 = VERTEX_POINT ( 'NONE', #5413 ) ;
#5079 = CARTESIAN_POINT ( 'NONE',  ( -1.676349562706285878, -14.73032354161088264, 3.500000000000003109 ) ) ;
#5080 = FACE_OUTER_BOUND ( 'NONE', #1582, .T. ) ;
#5081 = ORIENTED_EDGE ( 'NONE', *, *, #6720, .T. ) ;
#5082 = ORIENTED_EDGE ( 'NONE', *, *, #2169, .F. ) ;
#5083 = DIRECTION ( 'NONE',  ( 0.000000000000000000, 0.000000000000000000, -1.000000000000000000 ) ) ;
#5084 = CARTESIAN_POINT ( 'NONE',  ( -26.00000000000001421, -21.49999999999999645, 4.000000000000000888 ) ) ;
#5085 = EDGE_CURVE ( 'NONE', #16, #6837, #86, .T. ) ;
#5086 = DIRECTION ( 'NONE',  ( -0.000000000000000000, 0.000000000000000000, 1.000000000000000000 ) ) ;
#5087 = DIRECTION ( 'NONE',  ( -0.2556729478064219685, 0.9667633338930343712, 0.000000000000000000 ) ) ;
#5088 = CIRCLE ( 'NONE', #4084, 4.000000000000000000 ) ;
#5089 = EDGE_CURVE ( 'NONE', #1543, #4672, #2772, .T. ) ;
#5090 = CARTESIAN_POINT ( 'NONE',  ( 72.68750000000001421, -10.50000000000000711, 3.500000000000003109 ) ) ;
#5091 = ORIENTED_EDGE ( 'NONE', *, *, #5116, .F. ) ;
#5092 = CARTESIAN_POINT ( 'NONE',  ( 81.00000000000001421, -12.69285714285714661, 3.500000000000003109 ) ) ;
#5093 = EDGE_CURVE ( 'NONE', #2937, #977, #3666, .T. ) ;
#5094 = ORIENTED_EDGE ( 'NONE', *, *, #5482, .T. ) ;
#5095 = DIRECTION ( 'NONE',  ( 0.000000000000000000, 0.000000000000000000, 1.000000000000000000 ) ) ;
#5096 = AXIS2_PLACEMENT_3D ( 'NONE', #1153, #6360, #2236 ) ;
#5097 = CARTESIAN_POINT ( 'NONE',  ( 36.41227766016831424, 0.000000000000000000, -0.5000000000000004441 ) ) ;
#5098 = ADVANCED_FACE ( 'NONE', ( #2617 ), #6392, .T. ) ;
#5099 = FACE_BOUND ( 'NONE', #5805, .T. ) ;
#5100 = VERTEX_POINT ( 'NONE', #1607 ) ;
#5101 = CARTESIAN_POINT ( 'NONE',  ( 59.06219459593107501, -16.63925516693673146, 3.500000000000000000 ) ) ;
#5102 = FACE_OUTER_BOUND ( 'NONE', #2340, .T. ) ;
#5103 = DIRECTION ( 'NONE',  ( -1.000000000000000000, 1.259855038418910030E-16, -0.000000000000000000 ) ) ;
#5104 = CARTESIAN_POINT ( 'NONE',  ( 3.000000000000002665, -16.50000000000001066, 91.99722379239923953 ) ) ;
#5105 = VERTEX_POINT ( 'NONE', #1073 ) ;
#5106 = CARTESIAN_POINT ( 'NONE',  ( 74.60333844267950099, -23.50000000000000000, -55.82353258373179727 ) ) ;
#5107 = EDGE_CURVE ( 'NONE', #6855, #263, #2097, .T. ) ;
#5108 = CARTESIAN_POINT ( 'NONE',  ( 3.000000000000002665, -16.50000000000001066, 6.000000000000000000 ) ) ;
#5109 = VERTEX_POINT ( 'NONE', #5902 ) ;
#5110 = CARTESIAN_POINT ( 'NONE',  ( 54.88006213966855285, -17.74527366776648662, -0.5000000000000004441 ) ) ;
#5111 = AXIS2_PLACEMENT_3D ( 'NONE', #6652, #1856, #4004 ) ;
#5112 = PLANE ( 'NONE',  #6010 ) ;
#5113 = ADVANCED_FACE ( 'NONE', ( #52 ), #2195, .F. ) ;
#5114 = ORIENTED_EDGE ( 'NONE', *, *, #5607, .T. ) ;
#5115 = ORIENTED_EDGE ( 'NONE', *, *, #366, .F. ) ;
#5116 = EDGE_CURVE ( 'NONE', #6606, #5100, #3959, .T. ) ;
#5117 = AXIS2_PLACEMENT_3D ( 'NONE', #5745, #2202, #4741 ) ;
#5118 = CARTESIAN_POINT ( 'NONE',  ( -0.7469987990390385413, -17.90000000000000568, -0.5000000000000000000 ) ) ;
#5119 = DIRECTION ( 'NONE',  ( 0.000000000000000000, 0.000000000000000000, 1.000000000000000000 ) ) ;
#5120 = DIRECTION ( 'NONE',  ( 0.000000000000000000, -0.000000000000000000, -1.000000000000000000 ) ) ;
#5121 = AXIS2_PLACEMENT_3D ( 'NONE', #4826, #4864, #4761 ) ;
#5122 = CARTESIAN_POINT ( 'NONE',  ( 67.36300533670159041, -13.32554102741661239, -0.5000000000000004441 ) ) ;
#5123 = ORIENTED_EDGE ( 'NONE', *, *, #2952, .F. ) ;
#5124 = DIRECTION ( 'NONE',  ( -1.000000000000000000, 0.000000000000000000, 0.000000000000000000 ) ) ;
#5125 = VERTEX_POINT ( 'NONE', #6531 ) ;
#5126 = DIRECTION ( 'NONE',  ( 0.000000000000000000, -1.000000000000000000, 0.000000000000000000 ) ) ;
#5127 = CIRCLE ( 'NONE', #6016, 1.000000000000000888 ) ;
#5128 = LINE ( 'NONE', #1935, #1080 ) ;
#5129 = DIRECTION ( 'NONE',  ( 0.000000000000000000, 0.000000000000000000, 1.000000000000000000 ) ) ;
#5130 = ORIENTED_EDGE ( 'NONE', *, *, #2353, .T. ) ;
#5131 = ORIENTED_EDGE ( 'NONE', *, *, #799, .F. ) ;
#5132 = CARTESIAN_POINT ( 'NONE',  ( 7.368174807915454316, -1.599999999999997424, 6.000000000000000000 ) ) ;
#5133 = DIRECTION ( 'NONE',  ( -1.000000000000000000, 0.000000000000000000, 0.000000000000000000 ) ) ;
#5134 = ORIENTED_EDGE ( 'NONE', *, *, #166, .T. ) ;
#5135 = EDGE_CURVE ( 'NONE', #2085, #1219, #782, .T. ) ;
#5136 = LINE ( 'NONE', #6140, #6299 ) ;
#5137 = CARTESIAN_POINT ( 'NONE',  ( 35.00000000000000000, 0.000000000000000000, 3.499999999999999556 ) ) ;
#5138 = EDGE_CURVE ( 'NONE', #6102, #2366, #3389, .T. ) ;
#5139 = ORIENTED_EDGE ( 'NONE', *, *, #2109, .F. ) ;
#5140 = LINE ( 'NONE', #6917, #351 ) ;
#5141 = LINE ( 'NONE', #2471, #2941 ) ;
#5142 = ORIENTED_EDGE ( 'NONE', *, *, #4499, .T. ) ;
#5143 = EDGE_CURVE ( 'NONE', #3105, #2068, #5016, .T. ) ;
#5144 = CARTESIAN_POINT ( 'NONE',  ( 32.25000000000000711, -12.93565627928923156, -0.5000000000000004441 ) ) ;
#5145 = PLANE ( 'NONE',  #6680 ) ;
#5146 = ORIENTED_EDGE ( 'NONE', *, *, #4324, .F. ) ;
#5147 = ORIENTED_EDGE ( 'NONE', *, *, #5686, .T. ) ;
#5148 = CARTESIAN_POINT ( 'NONE',  ( 30.00000000000000000, -20.36109254262456858, 2.499580356087397703 ) ) ;
#5149 = EDGE_CURVE ( 'NONE', #5956, #4437, #1214, .T. ) ;
#5150 = CYLINDRICAL_SURFACE ( 'NONE', #5636, 3.000000000000000000 ) ;
#5151 = CARTESIAN_POINT ( 'NONE',  ( -7.368174807915457869, 1.400000000000004352, 3.500000000000000000 ) ) ;
#5152 = CARTESIAN_POINT ( 'NONE',  ( -10.49999999999999822, -3.599999999999995648, -4.000000000000000000 ) ) ;
#5153 = ORIENTED_EDGE ( 'NONE', *, *, #557, .F. ) ;
#5154 = LINE ( 'NONE', #2915, #5736 ) ;
#5155 = ORIENTED_EDGE ( 'NONE', *, *, #3606, .F. ) ;
#5156 = ADVANCED_FACE ( 'NONE', ( #4503 ), #1744, .F. ) ;
#5157 = DIRECTION ( 'NONE',  ( 0.000000000000000000, 0.000000000000000000, 1.000000000000000000 ) ) ;
#5158 = CARTESIAN_POINT ( 'NONE',  ( 33.24999999999992895, -21.50000000000000000, 2.750000000000000000 ) ) ;
#5159 = DIRECTION ( 'NONE',  ( 0.000000000000000000, 0.000000000000000000, 1.000000000000000000 ) ) ;
#5160 = ORIENTED_EDGE ( 'NONE', *, *, #2105, .F. ) ;
#5161 = VERTEX_POINT ( 'NONE', #1345 ) ;
#5162 = CARTESIAN_POINT ( 'NONE',  ( -25.50000000000000355, -21.00000000000001066, -9.718927473138723627 ) ) ;
#5163 = VECTOR ( 'NONE', #2638, 1000.000000000000000 ) ;
#5164 = CARTESIAN_POINT ( 'NONE',  ( 76.00000000000001421, 2.500000000000005329, -9.227922061357867634 ) ) ;
#5165 = AXIS2_PLACEMENT_3D ( 'NONE', #6810, #2008, #2122 ) ;
#5166 = CARTESIAN_POINT ( 'NONE',  ( -2.750000000000064837, -26.50000000000000000, 2.749999999999995115 ) ) ;
#5167 = CARTESIAN_POINT ( 'NONE',  ( 35.25000000000000711, -19.50000000000000000, 2.750000000000000000 ) ) ;
#5168 = AXIS2_PLACEMENT_3D ( 'NONE', #4277, #3612, #4178 ) ;
#5169 = DIRECTION ( 'NONE',  ( 0.000000000000000000, 0.000000000000000000, -1.000000000000000000 ) ) ;
#5170 = VECTOR ( 'NONE', #3269, 1000.000000000000000 ) ;
#5171 = ORIENTED_EDGE ( 'NONE', *, *, #3430, .F. ) ;
#5172 = CYLINDRICAL_SURFACE ( 'NONE', #5621, 1.000000000000000888 ) ;
#5173 = EDGE_CURVE ( 'NONE', #5641, #6242, #4930, .T. ) ;
#5174 = VECTOR ( 'NONE', #4041, 1000.000000000000000 ) ;
#5175 = DIRECTION ( 'NONE',  ( 0.000000000000000000, 0.000000000000000000, 1.000000000000000000 ) ) ;
#5176 = VERTEX_POINT ( 'NONE', #3482 ) ;
#5177 = AXIS2_PLACEMENT_3D ( 'NONE', #2329, #4465, #6597 ) ;
#5178 = DIRECTION ( 'NONE',  ( -0.000000000000000000, -0.000000000000000000, 1.000000000000000000 ) ) ;
#5179 = DIRECTION ( 'NONE',  ( 0.000000000000000000, 1.000000000000000000, -0.000000000000000000 ) ) ;
#5180 = ORIENTED_EDGE ( 'NONE', *, *, #2728, .T. ) ;
#5181 = CIRCLE ( 'NONE', #2162, 2.000000000000000000 ) ;
#5182 = ORIENTED_EDGE ( 'NONE', *, *, #944, .F. ) ;
#5183 = ADVANCED_FACE ( 'NONE', ( #5518 ), #645, .T. ) ;
#5184 = ORIENTED_EDGE ( 'NONE', *, *, #5930, .F. ) ;
#5185 = DIRECTION ( 'NONE',  ( -1.000000000000000000, 0.000000000000000000, 0.000000000000000000 ) ) ;
#5186 = LINE ( 'NONE', #3153, #1394 ) ;
#5187 = VECTOR ( 'NONE', #672, 1000.000000000000000 ) ;
#5188 = CYLINDRICAL_SURFACE ( 'NONE', #1694, 2.000000000000000000 ) ;
#5189 = DIRECTION ( 'NONE',  ( -0.000000000000000000, -0.000000000000000000, -1.000000000000000000 ) ) ;
#5190 = ORIENTED_EDGE ( 'NONE', *, *, #6166, .T. ) ;
#5191 = CARTESIAN_POINT ( 'NONE',  ( -2.849999999999992095, -17.25000000000000000, -0.5000000000000004441 ) ) ;
#5192 = VECTOR ( 'NONE', #4999, 1000.000000000000000 ) ;
#5193 = ORIENTED_EDGE ( 'NONE', *, *, #1377, .T. ) ;
#5194 = FACE_BOUND ( 'NONE', #2513, .T. ) ;
#5195 = DIRECTION ( 'NONE',  ( -1.000000000000000000, 0.000000000000000000, 0.000000000000000000 ) ) ;
#5196 = VECTOR ( 'NONE', #1123, 1000.000000000000000 ) ;
#5197 = DIRECTION ( 'NONE',  ( 0.7071067811865456854, 0.7071067811865494601, -0.000000000000000000 ) ) ;
#5198 = ORIENTED_EDGE ( 'NONE', *, *, #1663, .T. ) ;
#5199 = ORIENTED_EDGE ( 'NONE', *, *, #3874, .T. ) ;
#5200 = CARTESIAN_POINT ( 'NONE',  ( -26.50000000000001066, -7.000000000000004441, 4.000000000000000888 ) ) ;
#5201 = VERTEX_POINT ( 'NONE', #2333 ) ;
#5202 = DIRECTION ( 'NONE',  ( -0.000000000000000000, 1.000000000000000000, -0.000000000000000000 ) ) ;
#5203 = VECTOR ( 'NONE', #2939, 1000.000000000000000 ) ;
#5204 = DIRECTION ( 'NONE',  ( -1.000000000000000000, 0.000000000000000000, -0.000000000000000000 ) ) ;
#5205 = LINE ( 'NONE', #4123, #1772 ) ;
#5206 = CARTESIAN_POINT ( 'NONE',  ( -12.50000000000000355, -8.500000000000007105, -17.93908891458577060 ) ) ;
#5207 = ORIENTED_EDGE ( 'NONE', *, *, #6271, .F. ) ;
#5208 = DIRECTION ( 'NONE',  ( 0.7071067811865463515, -0.7071067811865487940, 0.000000000000000000 ) ) ;
#5209 = DIRECTION ( 'NONE',  ( -1.000000000000000000, 0.000000000000000000, 0.000000000000000000 ) ) ;
#5210 = LINE ( 'NONE', #4576, #347 ) ;
#5211 = ORIENTED_EDGE ( 'NONE', *, *, #4445, .T. ) ;
#5212 = DIRECTION ( 'NONE',  ( 0.000000000000000000, 0.000000000000000000, 1.000000000000000000 ) ) ;
#5213 = EDGE_CURVE ( 'NONE', #496, #2983, #4671, .T. ) ;
#5214 = DIRECTION ( 'NONE',  ( -1.000000000000000000, 0.000000000000000000, 0.000000000000000000 ) ) ;
#5215 = ORIENTED_EDGE ( 'NONE', *, *, #4153, .F. ) ;
#5216 = ORIENTED_EDGE ( 'NONE', *, *, #2656, .F. ) ;
#5217 = DIRECTION ( 'NONE',  ( 0.000000000000000000, 0.000000000000000000, -1.000000000000000000 ) ) ;
#5218 = DIRECTION ( 'NONE',  ( -1.000000000000000000, 0.000000000000000000, 0.000000000000000000 ) ) ;
#5219 = ADVANCED_FACE ( 'NONE', ( #6671 ), #6078, .F. ) ;
#5220 = CARTESIAN_POINT ( 'NONE',  ( 80.00000000000001421, -19.50000000000000000, 3.500000000000000000 ) ) ;
#5221 = LINE ( 'NONE', #2486, #6735 ) ;
#5222 = VERTEX_POINT ( 'NONE', #6009 ) ;
#5223 = VECTOR ( 'NONE', #4939, 1000.000000000000000 ) ;
#5224 = PLANE ( 'NONE',  #5168 ) ;
#5225 = DIRECTION ( 'NONE',  ( 1.000000000000000000, 0.000000000000000000, -0.000000000000000000 ) ) ;
#5226 = EDGE_CURVE ( 'NONE', #4227, #3223, #217, .T. ) ;
#5227 = ADVANCED_FACE ( 'NONE', ( #2301 ), #6568, .F. ) ;
#5228 = DIRECTION ( 'NONE',  ( 1.261617073437677999E-16, -1.000000000000000000, 0.000000000000000000 ) ) ;
#5229 = AXIS2_PLACEMENT_3D ( 'NONE', #5975, #3187, #2129 ) ;
#5230 = DIRECTION ( 'NONE',  ( 0.000000000000000000, 0.000000000000000000, 1.000000000000000000 ) ) ;
#5231 = VERTEX_POINT ( 'NONE', #6042 ) ;
#5232 = ORIENTED_EDGE ( 'NONE', *, *, #535, .F. ) ;
#5233 = CARTESIAN_POINT ( 'NONE',  ( 36.49999999999993605, -20.36109254216691511, 3.000419643658856828 ) ) ;
#5234 = DIRECTION ( 'NONE',  ( -0.000000000000000000, 1.000000000000000000, -0.000000000000000000 ) ) ;
#5235 = AXIS2_PLACEMENT_3D ( 'NONE', #6667, #254, #5133 ) ;
#5236 = EDGE_CURVE ( 'NONE', #2602, #1833, #2864, .T. ) ;
#5237 = CARTESIAN_POINT ( 'NONE',  ( 35.00000000000000000, 0.000000000000000000, 0.000000000000000000 ) ) ;
#5238 = CARTESIAN_POINT ( 'NONE',  ( -0.7469987990390328791, -15.10000000000000142, -0.5000000000000000000 ) ) ;
#5239 = LINE ( 'NONE', #884, #3598 ) ;
#5240 = ORIENTED_EDGE ( 'NONE', *, *, #1890, .T. ) ;
#5241 = DIRECTION ( 'NONE',  ( 0.000000000000000000, 0.000000000000000000, 1.000000000000000000 ) ) ;
#5242 = LINE ( 'NONE', #1825, #178 ) ;
#5243 = DIRECTION ( 'NONE',  ( 1.000000000000000000, 0.000000000000000000, 0.000000000000000000 ) ) ;
#5244 = ORIENTED_EDGE ( 'NONE', *, *, #4338, .F. ) ;
#5245 = EDGE_CURVE ( 'NONE', #1450, #1780, #78, .T. ) ;
#5246 = DIRECTION ( 'NONE',  ( -0.000000000000000000, -0.000000000000000000, -1.000000000000000000 ) ) ;
#5247 = DIRECTION ( 'NONE',  ( 0.000000000000000000, 0.000000000000000000, 1.000000000000000000 ) ) ;
#5248 = VERTEX_POINT ( 'NONE', #1283 ) ;
#5249 = ORIENTED_EDGE ( 'NONE', *, *, #3950, .T. ) ;
#5250 = CARTESIAN_POINT ( 'NONE',  ( -2.849999999999992095, -18.50000000000000000, 2.749999999999995115 ) ) ;
#5251 = CARTESIAN_POINT ( 'NONE',  ( -7.368174807915457869, 1.400000000000004352, 1.000000000000000000 ) ) ;
#5252 = ORIENTED_EDGE ( 'NONE', *, *, #1676, .T. ) ;
#5253 = CARTESIAN_POINT ( 'NONE',  ( 75.08772233983154365, -19.50000000000000000, 3.500000000000000000 ) ) ;
#5254 = ORIENTED_EDGE ( 'NONE', *, *, #1957, .F. ) ;
#5255 = CYLINDRICAL_SURFACE ( 'NONE', #906, 1.000000000000000000 ) ;
#5256 = EDGE_CURVE ( 'NONE', #3275, #5834, #3418, .T. ) ;
#5257 = CARTESIAN_POINT ( 'NONE',  ( 76.00000000000001421, 4.500000000000005329, 3.500000000000000000 ) ) ;
#5258 = LINE ( 'NONE', #4182, #2766 ) ;
#5259 = DIRECTION ( 'NONE',  ( 0.000000000000000000, 0.000000000000000000, 1.000000000000000000 ) ) ;
#5260 = ORIENTED_EDGE ( 'NONE', *, *, #3268, .T. ) ;
#5261 = ORIENTED_EDGE ( 'NONE', *, *, #232, .F. ) ;
#5262 = DIRECTION ( 'NONE',  ( -0.000000000000000000, -0.000000000000000000, -1.000000000000000000 ) ) ;
#5263 = EDGE_CURVE ( 'NONE', #2937, #3447, #3448, .T. ) ;
#5264 = CARTESIAN_POINT ( 'NONE',  ( -7.349999999999995204, -14.50000000000000355, -0.5000000000000000000 ) ) ;
#5265 = EDGE_LOOP ( 'NONE', ( #4694, #2448 ) ) ;
#5266 = AXIS2_PLACEMENT_3D ( 'NONE', #2733, #6505, #3865 ) ;
#5267 = CARTESIAN_POINT ( 'NONE',  ( -29.00000000000000000, 0.000000000000000000, 0.000000000000000000 ) ) ;
#5268 = DIRECTION ( 'NONE',  ( 1.000000000000000000, -1.069746143519030148E-14, 0.000000000000000000 ) ) ;
#5269 = CIRCLE ( 'NONE', #445, 1.999999999999998224 ) ;
#5270 = CARTESIAN_POINT ( 'NONE',  ( 89.50000000000001421, -18.50000000000000000, 6.000000000000000000 ) ) ;
#5271 = VERTEX_POINT ( 'NONE', #3628 ) ;
#5272 = CARTESIAN_POINT ( 'NONE',  ( 85.00000000000001421, -4.500000000000006217, 1.000000000000000000 ) ) ;
#5273 = EDGE_CURVE ( 'NONE', #586, #6610, #5205, .T. ) ;
#5274 = ORIENTED_EDGE ( 'NONE', *, *, #3343, .T. ) ;
#5275 = CARTESIAN_POINT ( 'NONE',  ( 54.81894612933521671, -15.79761910744664455, 3.500000000000000000 ) ) ;
#5276 = DIRECTION ( 'NONE',  ( -0.000000000000000000, 1.000000000000000000, -0.000000000000000000 ) ) ;
#5277 = EDGE_LOOP ( 'NONE', ( #2231, #6793, #132, #4502, #350, #3875, #1953, #5917, #1144, #148, #6476, #4802, #4658, #5946, #6467, #2752, #4321 ) ) ;
#5278 = AXIS2_PLACEMENT_3D ( 'NONE', #4611, #5724, #2970 ) ;
#5279 = CARTESIAN_POINT ( 'NONE',  ( 30.08772233983155431, -21.33047371415606719, 1.999999999999998668 ) ) ;
#5280 = DIRECTION ( 'NONE',  ( 0.000000000000000000, -1.000000000000000000, 0.000000000000000000 ) ) ;
#5281 = VECTOR ( 'NONE', #1410, 1000.000000000000000 ) ;
#5282 = ORIENTED_EDGE ( 'NONE', *, *, #372, .T. ) ;
#5283 = ORIENTED_EDGE ( 'NONE', *, *, #808, .F. ) ;
#5284 = VECTOR ( 'NONE', #537, 1000.000000000000000 ) ;
#5285 = VECTOR ( 'NONE', #3684, 1000.000000000000000 ) ;
#5286 = DIRECTION ( 'NONE',  ( 0.7071067811865491270, -0.7071067811865459074, -0.000000000000000000 ) ) ;
#5287 = DIRECTION ( 'NONE',  ( 1.000000000000000000, 0.000000000000000000, 0.000000000000000000 ) ) ;
#5288 = AXIS2_PLACEMENT_3D ( 'NONE', #2074, #5157, #6869 ) ;
#5289 = AXIS2_PLACEMENT_3D ( 'NONE', #6315, #2189, #4296 ) ;
#5290 = ORIENTED_EDGE ( 'NONE', *, *, #5052, .F. ) ;
#5291 = DIRECTION ( 'NONE',  ( 0.000000000000000000, 0.000000000000000000, 1.000000000000000000 ) ) ;
#5292 = EDGE_LOOP ( 'NONE', ( #3579, #5249, #5936, #1070 ) ) ;
#5293 = CARTESIAN_POINT ( 'NONE',  ( 31.00000000000005684, -19.50000000000001776, -0.5000000000000000000 ) ) ;
#5294 = CARTESIAN_POINT ( 'NONE',  ( 34.25000000000000711, -18.50000000000000000, -55.82353258373179727 ) ) ;
#5295 = ORIENTED_EDGE ( 'NONE', *, *, #5640, .F. ) ;
#5296 = FACE_OUTER_BOUND ( 'NONE', #3513, .T. ) ;
#5297 = ADVANCED_FACE ( 'NONE', ( #1944 ), #6740, .F. ) ;
#5298 = DIRECTION ( 'NONE',  ( 1.000000000000000000, -8.673617379884027583E-16, 0.000000000000000000 ) ) ;
#5299 = ORIENTED_EDGE ( 'NONE', *, *, #1482, .T. ) ;
#5300 = ORIENTED_EDGE ( 'NONE', *, *, #4270, .F. ) ;
#5301 = DIRECTION ( 'NONE',  ( 0.000000000000000000, 0.000000000000000000, 1.000000000000000000 ) ) ;
#5302 = CARTESIAN_POINT ( 'NONE',  ( 6.135136208847890238, -18.98413384340919663, -0.5000000000000000000 ) ) ;
#5303 = FACE_OUTER_BOUND ( 'NONE', #3148, .T. ) ;
#5304 = EDGE_CURVE ( 'NONE', #1047, #3566, #4154, .T. ) ;
#5305 = LINE ( 'NONE', #5405, #2895 ) ;
#5306 = CARTESIAN_POINT ( 'NONE',  ( -0.9290584113754267737, -15.75000000000000000, 3.500000000000000000 ) ) ;
#5307 = ORIENTED_EDGE ( 'NONE', *, *, #2403, .F. ) ;
#5308 = CARTESIAN_POINT ( 'NONE',  ( -27.50000000000000000, -3.399999999999995914, -4.000000000000000000 ) ) ;
#5309 = AXIS2_PLACEMENT_3D ( 'NONE', #6369, #5430, #3830 ) ;
#5310 = CARTESIAN_POINT ( 'NONE',  ( 6.604418446918923991, -14.76559299485081667, -0.5000000000000004441 ) ) ;
#5311 = SURFACE_STYLE_USAGE ( .BOTH. , #2160 ) ;
#5312 = ORIENTED_EDGE ( 'NONE', *, *, #2183, .F. ) ;
#5313 = CARTESIAN_POINT ( 'NONE',  ( 63.50000000000001421, -16.50000000000000355, -4.000999999999999446 ) ) ;
#5314 = AXIS2_PLACEMENT_3D ( 'NONE', #5526, #2797, #6607 ) ;
#5315 = ADVANCED_FACE ( 'NONE', ( #6274 ), #3025, .T. ) ;
#5316 = CARTESIAN_POINT ( 'NONE',  ( 85.00000000000001421, 1.000000000000001332, 1.725000000000000089 ) ) ;
#5317 = EDGE_LOOP ( 'NONE', ( #584, #2866, #2796, #5953 ) ) ;
#5318 = EDGE_CURVE ( 'NONE', #6709, #2357, #2776, .T. ) ;
#5319 = VERTEX_POINT ( 'NONE', #6704 ) ;
#5320 = CARTESIAN_POINT ( 'NONE',  ( 60.21528446506179222, -14.21731652335774676, -0.5000000000000000000 ) ) ;
#5321 = CARTESIAN_POINT ( 'NONE',  ( 89.00000000000001421, 1.000000000000001332, -13.50925608610629602 ) ) ;
#5322 = ADVANCED_FACE ( 'NONE', ( #3098 ), #2436, .F. ) ;
#5323 = ORIENTED_EDGE ( 'NONE', *, *, #1924, .T. ) ;
#5324 = EDGE_CURVE ( 'NONE', #3600, #2328, #5715, .T. ) ;
#5325 = DIRECTION ( 'NONE',  ( 0.000000000000000000, 0.000000000000000000, -1.000000000000000000 ) ) ;
#5326 = ORIENTED_EDGE ( 'NONE', *, *, #3097, .F. ) ;
#5327 = CARTESIAN_POINT ( 'NONE',  ( 59.19954864385415760, -14.62753688062398894, -0.5000000000000004441 ) ) ;
#5328 = DIRECTION ( 'NONE',  ( -0.000000000000000000, -0.000000000000000000, -1.000000000000000000 ) ) ;
#5329 = ORIENTED_EDGE ( 'NONE', *, *, #4207, .T. ) ;
#5330 = CYLINDRICAL_SURFACE ( 'NONE', #5309, 1.000000000000000888 ) ;
#5331 = FACE_OUTER_BOUND ( 'NONE', #2975, .T. ) ;
#5332 = ORIENTED_EDGE ( 'NONE', *, *, #6856, .T. ) ;
#5333 = CARTESIAN_POINT ( 'NONE',  ( -2.849999999999992095, -19.50000000000000000, 3.500000000000003109 ) ) ;
#5334 = FACE_OUTER_BOUND ( 'NONE', #983, .T. ) ;
#5335 = CIRCLE ( 'NONE', #4892, 4.000000000000003553 ) ;
#5336 = CARTESIAN_POINT ( 'NONE',  ( 75.08772233983154365, -24.37485555389435277, 3.500000000000003109 ) ) ;
#5337 = PLANE ( 'NONE',  #4560 ) ;
#5338 = DIRECTION ( 'NONE',  ( -1.000000000000000000, 0.000000000000000000, -0.000000000000000000 ) ) ;
#5339 = ORIENTED_EDGE ( 'NONE', *, *, #252, .F. ) ;
#5340 = AXIS2_PLACEMENT_3D ( 'NONE', #3812, #5934, #1245 ) ;
#5341 = LINE ( 'NONE', #5308, #470 ) ;
#5342 = DIRECTION ( 'NONE',  ( 1.000000000000000000, 0.000000000000000000, 0.000000000000000000 ) ) ;
#5343 = ADVANCED_FACE ( 'NONE', ( #6774 ), #2965, .F. ) ;
#5344 = PRODUCT_DEFINITION_SHAPE ( 'NONE', 'NONE',  #3599 ) ;
#5345 = ORIENTED_EDGE ( 'NONE', *, *, #4590, .F. ) ;
#5346 = CARTESIAN_POINT ( 'NONE',  ( 30.02200944793963089, -21.68833597454965201, 3.134482107935269823 ) ) ;
#5347 = LINE ( 'NONE', #3708, #524 ) ;
#5348 = ORIENTED_EDGE ( 'NONE', *, *, #3253, .F. ) ;
#5349 = VERTEX_POINT ( 'NONE', #6809 ) ;
#5350 = EDGE_CURVE ( 'NONE', #2370, #4195, #5687, .T. ) ;
#5351 = CARTESIAN_POINT ( 'NONE',  ( 78.24999999999992895, -21.50000000000000000, 2.750000000000000000 ) ) ;
#5352 = FACE_OUTER_BOUND ( 'NONE', #3264, .T. ) ;
#5353 = ORIENTED_EDGE ( 'NONE', *, *, #5556, .T. ) ;
#5354 = FACE_OUTER_BOUND ( 'NONE', #1271, .T. ) ;
#5355 = VERTEX_POINT ( 'NONE', #883 ) ;
#5356 = DIRECTION ( 'NONE',  ( 0.7071067811865474617, -0.7071067811865474617, 0.000000000000000000 ) ) ;
#5357 = EDGE_CURVE ( 'NONE', #6114, #6818, #4641, .T. ) ;
#5358 = CARTESIAN_POINT ( 'NONE',  ( 1.412277660168339999, -24.50000000000000000, -0.5000000000000000000 ) ) ;
#5359 = CARTESIAN_POINT ( 'NONE',  ( -7.349999999999995204, -26.50000000000000355, -0.5000000000000000000 ) ) ;
#5360 = DIRECTION ( 'NONE',  ( 0.000000000000000000, 0.000000000000000000, -1.000000000000000000 ) ) ;
#5361 = VERTEX_POINT ( 'NONE', #5238 ) ;
#5362 = CARTESIAN_POINT ( 'NONE',  ( 81.00000000000001421, -10.50000000000000711, 91.99722379239923953 ) ) ;
#5363 = EDGE_CURVE ( 'NONE', #5907, #3142, #2501, .T. ) ;
#5364 = ORIENTED_EDGE ( 'NONE', *, *, #1417, .T. ) ;
#5365 = CARTESIAN_POINT ( 'NONE',  ( 75.51661863870117486, -23.91622930954682502, 0.9899868854833069332 ) ) ;
#5366 = DIRECTION ( 'NONE',  ( -0.000000000000000000, -0.000000000000000000, -1.000000000000000000 ) ) ;
#5367 = CARTESIAN_POINT ( 'NONE',  ( -5.740332142833193707, -10.50000000000000711, 3.499999999999999556 ) ) ;
#5368 = EDGE_LOOP ( 'NONE', ( #2019, #227, #5025, #2472, #34 ) ) ;
#5369 = LINE ( 'NONE', #1634, #4174 ) ;
#5370 = CARTESIAN_POINT ( 'NONE',  ( 93.50000000000001421, -26.50000000000000000, 1.725000000000000089 ) ) ;
#5371 = CARTESIAN_POINT ( 'NONE',  ( 36.41227766016831424, -20.09042769776545967, 2.000000000000012879 ) ) ;
#5372 = ORIENTED_EDGE ( 'NONE', *, *, #3500, .T. ) ;
#5373 = LINE ( 'NONE', #84, #6185 ) ;
#5374 = CARTESIAN_POINT ( 'NONE',  ( -15.49999999999999822, -3.599999999999995648, -1.700000000000000178 ) ) ;
#5375 = ADVANCED_FACE ( 'NONE', ( #818 ), #320, .F. ) ;
#5376 = ORIENTED_EDGE ( 'NONE', *, *, #74, .F. ) ;
#5377 = ORIENTED_EDGE ( 'NONE', *, *, #460, .F. ) ;
#5378 = EDGE_CURVE ( 'NONE', #2592, #2734, #1448, .T. ) ;
#5379 = VECTOR ( 'NONE', #6093, 1000.000000000000000 ) ;
#5380 = CARTESIAN_POINT ( 'NONE',  ( 27.63182519208454835, 1.400000000000000133, 0.000000000000000000 ) ) ;
#5381 = CARTESIAN_POINT ( 'NONE',  ( 0.000000000000000000, 4.500000000000000000, 3.000000000000000000 ) ) ;
#5382 = FACE_OUTER_BOUND ( 'NONE', #4687, .T. ) ;
#5383 = CIRCLE ( 'NONE', #2367, 1.600000000000004086 ) ;
#5384 = EDGE_CURVE ( 'NONE', #5003, #206, #1975, .T. ) ;
#5385 = ORIENTED_EDGE ( 'NONE', *, *, #4366, .T. ) ;
#5386 = VECTOR ( 'NONE', #35, 1000.000000000000000 ) ;
#5387 = CARTESIAN_POINT ( 'NONE',  ( 85.00000000000001421, 1.000000000000001332, 0.000000000000000000 ) ) ;
#5388 = AXIS2_PLACEMENT_3D ( 'NONE', #6475, #5360, #1055 ) ;
#5389 = EDGE_LOOP ( 'NONE', ( #3656, #3270, #3233, #2724, #307, #5898 ) ) ;
#5390 = FACE_BOUND ( 'NONE', #4757, .T. ) ;
#5391 = CARTESIAN_POINT ( 'NONE',  ( 32.25000000000000711, -23.20115786999287266, -55.82353258373179727 ) ) ;
#5392 = ORIENTED_EDGE ( 'NONE', *, *, #1272, .T. ) ;
#5393 = CIRCLE ( 'NONE', #4727, 1.600000000000004086 ) ;
#5394 = CARTESIAN_POINT ( 'NONE',  ( -4.420904884749274899, 0.8400000000000026334, 1.000000000000000000 ) ) ;
#5395 = VECTOR ( 'NONE', #6279, 1000.000000000000114 ) ;
#5396 = ADVANCED_FACE ( 'NONE', ( #2049 ), #3586, .T. ) ;
#5397 = CARTESIAN_POINT ( 'NONE',  ( 0.000000000000000000, 0.000000000000000000, 3.500000000000000000 ) ) ;
#5398 = EDGE_CURVE ( 'NONE', #9, #2885, #4605, .T. ) ;
#5399 = ORIENTED_EDGE ( 'NONE', *, *, #2387, .T. ) ;
#5400 = VECTOR ( 'NONE', #2753, 1000.000000000000000 ) ;
#5401 = DIRECTION ( 'NONE',  ( 0.000000000000000000, 0.000000000000000000, -1.000000000000000000 ) ) ;
#5402 = ORIENTED_EDGE ( 'NONE', *, *, #79, .F. ) ;
#5403 = DIRECTION ( 'NONE',  ( -0.000000000000000000, -0.000000000000000000, -1.000000000000000000 ) ) ;
#5404 = AXIS2_PLACEMENT_3D ( 'NONE', #6131, #5124, #6759 ) ;
#5405 = CARTESIAN_POINT ( 'NONE',  ( -7.849999999999996092, -26.50000000000000355, 0.5000000000000000000 ) ) ;
#5406 = DIRECTION ( 'NONE',  ( -1.000000000000000000, 0.000000000000000000, 0.000000000000000000 ) ) ;
#5407 = ORIENTED_EDGE ( 'NONE', *, *, #2237, .T. ) ;
#5408 = FACE_OUTER_BOUND ( 'NONE', #4941, .T. ) ;
#5409 = DIRECTION ( 'NONE',  ( 1.000000000000000000, 0.000000000000000000, 0.000000000000000000 ) ) ;
#5410 = AXIS2_PLACEMENT_3D ( 'NONE', #1418, #4152, #6272 ) ;
#5411 = DIRECTION ( 'NONE',  ( 1.000000000000000000, 5.898059818321139072E-14, 0.000000000000000000 ) ) ;
#5412 = CARTESIAN_POINT ( 'NONE',  ( 30.00000278559747002, -21.74003981177564171, 2.828225787921013978 ) ) ;
#5413 = CARTESIAN_POINT ( 'NONE',  ( 68.07156952992167476, -17.76520829632589127, 3.500000000000000000 ) ) ;
#5414 = AXIS2_PLACEMENT_3D ( 'NONE', #3939, #2315, #4522 ) ;
#5415 = ORIENTED_EDGE ( 'NONE', *, *, #3940, .F. ) ;
#5416 = VERTEX_POINT ( 'NONE', #4353 ) ;
#5417 = DIRECTION ( 'NONE',  ( 0.000000000000000000, 0.000000000000000000, 1.000000000000000000 ) ) ;
#5418 = VECTOR ( 'NONE', #2100, 1000.000000000000000 ) ;
#5419 = EDGE_CURVE ( 'NONE', #602, #4569, #1098, .T. ) ;
#5420 = CARTESIAN_POINT ( 'NONE',  ( 7.368174807915457869, 1.400000000000002576, 3.500000000000000000 ) ) ;
#5421 = CARTESIAN_POINT ( 'NONE',  ( -13.50000000000000533, -14.50000000000000178, 15.49546024484603102 ) ) ;
#5422 = ORIENTED_EDGE ( 'NONE', *, *, #5499, .T. ) ;
#5423 = ORIENTED_EDGE ( 'NONE', *, *, #3862, .T. ) ;
#5424 = DIRECTION ( 'NONE',  ( 0.000000000000000000, 0.000000000000000000, -1.000000000000000000 ) ) ;
#5425 = EDGE_LOOP ( 'NONE', ( #489, #5422, #6937, #6035 ) ) ;
#5426 = DIRECTION ( 'NONE',  ( -1.000000000000000000, 0.000000000000000000, 0.000000000000000000 ) ) ;
#5427 = DIRECTION ( 'NONE',  ( 0.000000000000000000, -1.000000000000000000, 0.000000000000000000 ) ) ;
#5428 = ORIENTED_EDGE ( 'NONE', *, *, #1663, .F. ) ;
#5429 = EDGE_CURVE ( 'NONE', #2487, #3484, #6229, .T. ) ;
#5430 = DIRECTION ( 'NONE',  ( -0.000000000000000000, -0.000000000000000000, -1.000000000000000000 ) ) ;
#5431 = CYLINDRICAL_SURFACE ( 'NONE', #4169, 1.000000000000000888 ) ;
#5432 = ORIENTED_EDGE ( 'NONE', *, *, #639, .T. ) ;
#5433 = DIRECTION ( 'NONE',  ( -0.000000000000000000, -0.000000000000000000, 1.000000000000000000 ) ) ;
#5434 = EDGE_CURVE ( 'NONE', #1624, #3399, #2220, .T. ) ;
#5435 = EDGE_CURVE ( 'NONE', #3793, #5231, #3136, .T. ) ;
#5436 = VECTOR ( 'NONE', #6245, 1000.000000000000000 ) ;
#5437 = FACE_BOUND ( 'NONE', #6801, .T. ) ;
#5438 = CARTESIAN_POINT ( 'NONE',  ( 33.40000000000000568, 0.000000000000000000, 3.000000000000000000 ) ) ;
#5439 = DIRECTION ( 'NONE',  ( -1.000000000000000000, 0.000000000000000000, 0.000000000000000000 ) ) ;
#5440 = ORIENTED_EDGE ( 'NONE', *, *, #126, .F. ) ;
#5441 = CARTESIAN_POINT ( 'NONE',  ( -15.49999999999999822, -8.500000000000007105, -1.700000000000000400 ) ) ;
#5442 = LINE ( 'NONE', #2224, #4615 ) ;
#5443 = VECTOR ( 'NONE', #6311, 1000.000000000000114 ) ;
#5444 = EDGE_CURVE ( 'NONE', #4276, #16, #4255, .T. ) ;
#5445 = DIRECTION ( 'NONE',  ( 0.000000000000000000, 0.000000000000000000, -1.000000000000000000 ) ) ;
#5446 = DIRECTION ( 'NONE',  ( -0.000000000000000000, -0.000000000000000000, 1.000000000000000000 ) ) ;
#5447 = DIRECTION ( 'NONE',  ( -1.000000000000000000, 0.000000000000000000, 0.000000000000000000 ) ) ;
#5448 = VECTOR ( 'NONE', #5179, 1000.000000000000000 ) ;
#5449 = ORIENTED_EDGE ( 'NONE', *, *, #2647, .F. ) ;
#5450 = EDGE_LOOP ( 'NONE', ( #5180, #6376, #4991, #2810 ) ) ;
#5451 = EDGE_CURVE ( 'NONE', #4447, #945, #6348, .T. ) ;
#5452 = CARTESIAN_POINT ( 'NONE',  ( 30.02862886259935848, -20.22205197715694069, 3.250840022784461159 ) ) ;
#5453 = ORIENTED_EDGE ( 'NONE', *, *, #5899, .F. ) ;
#5454 = AXIS2_PLACEMENT_3D ( 'NONE', #107, #3380, #5966 ) ;
#5455 = CARTESIAN_POINT ( 'NONE',  ( 1.600000000000000089, 1.959434878635765230E-16, 3.500000000000000000 ) ) ;
#5456 = DIRECTION ( 'NONE',  ( 1.000000000000000000, -1.211399075402798040E-16, 0.000000000000000000 ) ) ;
#5457 = ORIENTED_EDGE ( 'NONE', *, *, #963, .T. ) ;
#5458 = VERTEX_POINT ( 'NONE', #2186 ) ;
#5459 = APPLICATION_PROTOCOL_DEFINITION ( 'draft international standard', 'automotive_design', 1998, #1124 ) ;
#5460 = ORIENTED_EDGE ( 'NONE', *, *, #2762, .F. ) ;
#5461 = CARTESIAN_POINT ( 'NONE',  ( -14.09999999999999787, -18.50000000000000355, 5.000000000000000000 ) ) ;
#5462 = DIRECTION ( 'NONE',  ( -0.000000000000000000, -0.000000000000000000, 1.000000000000000000 ) ) ;
#5463 = ORIENTED_EDGE ( 'NONE', *, *, #1711, .F. ) ;
#5464 = CARTESIAN_POINT ( 'NONE',  ( 67.03217012925219365, -20.03889448529038475, -0.5000000000000004441 ) ) ;
#5465 = EDGE_CURVE ( 'NONE', #6709, #5003, #194, .T. ) ;
#5466 = CARTESIAN_POINT ( 'NONE',  ( -25.50000000000000355, -21.00000000000001066, 6.000000000000000000 ) ) ;
#5467 = ORIENTED_EDGE ( 'NONE', *, *, #5482, .F. ) ;
#5468 = PLANE ( 'NONE',  #1266 ) ;
#5469 = EDGE_CURVE ( 'NONE', #1085, #2094, #4293, .T. ) ;
#5470 = ORIENTED_EDGE ( 'NONE', *, *, #656, .T. ) ;
#5471 = LINE ( 'NONE', #209, #3220 ) ;
#5472 = DIRECTION ( 'NONE',  ( 0.000000000000000000, -0.000000000000000000, -1.000000000000000000 ) ) ;
#5473 = EDGE_CURVE ( 'NONE', #3621, #1294, #5820, .T. ) ;
#5474 = PLANE ( 'NONE',  #117 ) ;
#5475 = ORIENTED_EDGE ( 'NONE', *, *, #2838, .T. ) ;
#5476 = LINE ( 'NONE', #2860, #5187 ) ;
#5477 = DIRECTION ( 'NONE',  ( -0.000000000000000000, -0.000000000000000000, -1.000000000000000000 ) ) ;
#5478 = DIRECTION ( 'NONE',  ( -0.000000000000000000, -0.000000000000000000, 1.000000000000000000 ) ) ;
#5479 = DIRECTION ( 'NONE',  ( 0.000000000000000000, 0.000000000000000000, 1.000000000000000000 ) ) ;
#5480 = CARTESIAN_POINT ( 'NONE',  ( 28.68607244643995458, -1.408658527960294560, 1.000000000000000000 ) ) ;
#5481 = B_SPLINE_CURVE_WITH_KNOTS ( 'NONE', 3,
 ( #4200, #1067, #6885, #5371 ),
 .UNSPECIFIED., .F., .F.,
 ( 4, 4 ),
 ( -1.140176450874107955E-05, 0.0008476943825989563877 ),
 .UNSPECIFIED. ) ;
#5482 = EDGE_CURVE ( 'NONE', #4080, #1713, #6128, .T. ) ;
#5483 = ORIENTED_EDGE ( 'NONE', *, *, #6762, .F. ) ;
#5484 = ORIENTED_EDGE ( 'NONE', *, *, #6766, .F. ) ;
#5485 = DIRECTION ( 'NONE',  ( -1.000000000000000000, 0.000000000000000000, 0.000000000000000000 ) ) ;
#5486 = ORIENTED_EDGE ( 'NONE', *, *, #719, .F. ) ;
#5487 = CARTESIAN_POINT ( 'NONE',  ( 35.25000000000000711, -18.50000000000000000, -55.82353258373179727 ) ) ;
#5488 = CIRCLE ( 'NONE', #1366, 1.250000000000001110 ) ;
#5489 = CARTESIAN_POINT ( 'NONE',  ( -3.849999999999992539, -18.50000000000000000, -0.5000000000000000000 ) ) ;
#5490 = ORIENTED_EDGE ( 'NONE', *, *, #5069, .T. ) ;
#5491 = VERTEX_POINT ( 'NONE', #457 ) ;
#5492 = VECTOR ( 'NONE', #1857, 1000.000000000000000 ) ;
#5493 = ORIENTED_EDGE ( 'NONE', *, *, #592, .F. ) ;
#5494 = CARTESIAN_POINT ( 'NONE',  ( 0.4971805263963770538, -23.90347601859509297, 2.594492916566427887 ) ) ;
#5495 = VECTOR ( 'NONE', #3263, 1000.000000000000000 ) ;
#5496 = LINE ( 'NONE', #3402, #5379 ) ;
#5497 = LINE ( 'NONE', #4007, #3868 ) ;
#5498 = AXIS2_PLACEMENT_3D ( 'NONE', #5906, #2199, #6359 ) ;
#5499 = EDGE_CURVE ( 'NONE', #1460, #6606, #3767, .T. ) ;
#5500 = AXIS2_PLACEMENT_3D ( 'NONE', #5885, #1090, #2703 ) ;
#5501 = FACE_OUTER_BOUND ( 'NONE', #1886, .T. ) ;
#5502 = VERTEX_POINT ( 'NONE', #6914 ) ;
#5503 = CARTESIAN_POINT ( 'NONE',  ( 78.25000000000001421, 0.4999999999999970024, 0.000000000000000000 ) ) ;
#5504 = CIRCLE ( 'NONE', #4388, 1.249999999999997558 ) ;
#5505 = ORIENTED_EDGE ( 'NONE', *, *, #3809, .T. ) ;
#5506 = ADVANCED_FACE ( 'NONE', ( #2121 ), #4225, .F. ) ;
#5507 = CARTESIAN_POINT ( 'NONE',  ( 44.85374360817894512, -23.50000000000000000, -0.5000000000000004441 ) ) ;
#5508 = VECTOR ( 'NONE', #3351, 1000.000000000000000 ) ;
#5509 = DIRECTION ( 'NONE',  ( -0.000000000000000000, -0.000000000000000000, -1.000000000000000000 ) ) ;
#5510 = VECTOR ( 'NONE', #1771, 1000.000000000000000 ) ;
#5511 = DIRECTION ( 'NONE',  ( -0.000000000000000000, -1.000000000000000000, -0.000000000000000000 ) ) ;
#5512 = VERTEX_POINT ( 'NONE', #3699 ) ;
#5513 = CYLINDRICAL_SURFACE ( 'NONE', #4738, 4.000000000000003553 ) ;
#5514 = FACE_OUTER_BOUND ( 'NONE', #6031, .T. ) ;
#5515 = VECTOR ( 'NONE', #316, 1000.000000000000000 ) ;
#5516 = EDGE_CURVE ( 'NONE', #6749, #5664, #5857, .T. ) ;
#5517 = DIRECTION ( 'NONE',  ( 0.000000000000000000, -1.000000000000000000, 0.000000000000000000 ) ) ;
#5518 = FACE_OUTER_BOUND ( 'NONE', #3198, .T. ) ;
#5519 = ORIENTED_EDGE ( 'NONE', *, *, #3465, .T. ) ;
#5520 = ORIENTED_EDGE ( 'NONE', *, *, #4383, .F. ) ;
#5521 = VECTOR ( 'NONE', #2790, 1000.000000000000000 ) ;
#5522 = LINE ( 'NONE', #3394, #6273 ) ;
#5523 = ORIENTED_EDGE ( 'NONE', *, *, #1529, .F. ) ;
#5524 = ADVANCED_FACE ( 'NONE', ( #1062 ), #5337, .F. ) ;
#5525 = EDGE_CURVE ( 'NONE', #3988, #3185, #6457, .T. ) ;
#5526 = CARTESIAN_POINT ( 'NONE',  ( -8.849999999999996092, -18.50000000000000355, 14.05062109405231396 ) ) ;
#5527 = AXIS2_PLACEMENT_3D ( 'NONE', #6026, #5119, #6548 ) ;
#5528 = CARTESIAN_POINT ( 'NONE',  ( 31.00000000000006395, -20.50000000000001421, 4.914213562373096700 ) ) ;
#5529 = EDGE_CURVE ( 'NONE', #1917, #6054, #5305, .T. ) ;
#5530 = EDGE_LOOP ( 'NONE', ( #4688, #5232, #3344, #415 ) ) ;
#5531 = ORIENTED_EDGE ( 'NONE', *, *, #2297, .T. ) ;
#5532 =( NAMED_UNIT ( * ) SI_UNIT ( $, .STERADIAN. ) SOLID_ANGLE_UNIT ( ) );
#5533 = ORIENTED_EDGE ( 'NONE', *, *, #1601, .T. ) ;
#5534 = DIRECTION ( 'NONE',  ( 0.000000000000000000, 0.000000000000000000, -1.000000000000000000 ) ) ;
#5535 = AXIS2_PLACEMENT_3D ( 'NONE', #6049, #723, #3396 ) ;
#5536 = LINE ( 'NONE', #2417, #335 ) ;
#5537 = ADVANCED_FACE ( 'NONE', ( #4785 ), #1630, .F. ) ;
#5538 = CARTESIAN_POINT ( 'NONE',  ( 67.36300533670159041, -13.32554102741661239, 3.500000000000003109 ) ) ;
#5539 = EDGE_CURVE ( 'NONE', #6102, #3643, #302, .T. ) ;
#5540 = AXIS2_PLACEMENT_3D ( 'NONE', #1142, #1069, #1639 ) ;
#5541 = LINE ( 'NONE', #3404, #1707 ) ;
#5542 = ORIENTED_EDGE ( 'NONE', *, *, #2387, .F. ) ;
#5543 = CARTESIAN_POINT ( 'NONE',  ( 11.87561080813789793, -16.77851033387344870, 3.500000000000003109 ) ) ;
#5544 = ORIENTED_EDGE ( 'NONE', *, *, #1111, .T. ) ;
#5545 = CARTESIAN_POINT ( 'NONE',  ( 31.00000000000006395, -20.50000000000001421, -0.5000000000000000000 ) ) ;
#5546 = FACE_OUTER_BOUND ( 'NONE', #3507, .T. ) ;
#5547 = FACE_OUTER_BOUND ( 'NONE', #824, .T. ) ;
#5548 = ORIENTED_EDGE ( 'NONE', *, *, #4967, .T. ) ;
#5549 = CARTESIAN_POINT ( 'NONE',  ( -5.740332142833193707, -12.50000000000000711, 3.500000000000003109 ) ) ;
#5550 = DIRECTION ( 'NONE',  ( 1.000000000000000000, 0.000000000000000000, 0.000000000000000000 ) ) ;
#5551 = LINE ( 'NONE', #2361, #6528 ) ;
#5552 = CARTESIAN_POINT ( 'NONE',  ( 3.000000000000002665, -16.50000000000001066, -4.000999999999999446 ) ) ;
#5553 = ORIENTED_EDGE ( 'NONE', *, *, #3914, .F. ) ;
#5554 = CIRCLE ( 'NONE', #398, 1.000000000000000888 ) ;
#5555 = ORIENTED_EDGE ( 'NONE', *, *, #4530, .F. ) ;
#5556 = EDGE_CURVE ( 'NONE', #6278, #1680, #6628, .T. ) ;
#5557 = DIRECTION ( 'NONE',  ( 1.000000000000000000, 0.000000000000000000, 0.000000000000000000 ) ) ;
#5558 = ORIENTED_EDGE ( 'NONE', *, *, #6766, .T. ) ;
#5559 = CYLINDRICAL_SURFACE ( 'NONE', #3872, 1.000000000000000888 ) ;
#5560 = VECTOR ( 'NONE', #4303, 999.9999999999998863 ) ;
#5561 = DIRECTION ( 'NONE',  ( -1.000000000000000000, 0.000000000000000000, 0.000000000000000000 ) ) ;
#5562 = ADVANCED_BREP_SHAPE_REPRESENTATION ( '\X2\5de64fa7677f\X0\-\X2\5e2687ba7eb9\X0\', ( #2700, #2814 ), #6172 ) ;
#5563 = ORIENTED_EDGE ( 'NONE', *, *, #630, .F. ) ;
#5564 = ORIENTED_EDGE ( 'NONE', *, *, #6707, .F. ) ;
#5565 = EDGE_CURVE ( 'NONE', #3621, #4947, #6033, .T. ) ;
#5566 = VERTEX_POINT ( 'NONE', #4491 ) ;
#5567 = PLANE ( 'NONE',  #4776 ) ;
#5568 = CARTESIAN_POINT ( 'NONE',  ( 66.59040426936127233, -13.96043282193328849, -0.5000000000000000000 ) ) ;
#5569 = LINE ( 'NONE', #1300, #4865 ) ;
#5570 = VECTOR ( 'NONE', #3241, 1000.000000000000000 ) ;
#5571 = DIRECTION ( 'NONE',  ( -0.9667633338930343712, 0.2556729478064220795, -0.000000000000000000 ) ) ;
#5572 = EDGE_LOOP ( 'NONE', ( #932, #2015, #4989, #1848 ) ) ;
#5573 = CARTESIAN_POINT ( 'NONE',  ( -15.50000000000000000, -4.499999999999993783, 1.000000000000000888 ) ) ;
#5574 = ORIENTED_EDGE ( 'NONE', *, *, #2309, .F. ) ;
#5575 = DIRECTION ( 'NONE',  ( 0.9094744755858001906, -0.4157597602677942095, 0.000000000000000000 ) ) ;
#5576 = EDGE_CURVE ( 'NONE', #2983, #5047, #2783, .T. ) ;
#5577 = FACE_BOUND ( 'NONE', #4580, .T. ) ;
#5578 = ORIENTED_EDGE ( 'NONE', *, *, #1649, .F. ) ;
#5579 = CARTESIAN_POINT ( 'NONE',  ( 0.000000000000000000, -19.50000000000000000, 3.500000000000000000 ) ) ;
#5580 = DIRECTION ( 'NONE',  ( 1.000000000000000000, 0.000000000000000000, 0.000000000000000000 ) ) ;
#5581 = CARTESIAN_POINT ( 'NONE',  ( -1.582575694955842938, -18.50000000000000000, 91.99722379239923953 ) ) ;
#5582 = EDGE_LOOP ( 'NONE', ( #3960, #5182, #5602, #3705 ) ) ;
#5583 = DIRECTION ( 'NONE',  ( 0.000000000000000000, 0.000000000000000000, -1.000000000000000000 ) ) ;
#5584 = VERTEX_POINT ( 'NONE', #3346 ) ;
#5585 = CARTESIAN_POINT ( 'NONE',  ( 75.08772233983154365, -19.50000000000000000, 3.500000000000000000 ) ) ;
#5586 = CARTESIAN_POINT ( 'NONE',  ( 34.25000000000000711, -12.93565627928923156, 3.500000000000000000 ) ) ;
#5587 = EDGE_LOOP ( 'NONE', ( #6419, #4617 ) ) ;
#5588 = LINE ( 'NONE', #789, #5203 ) ;
#5589 = ADVANCED_FACE ( 'NONE', ( #2326 ), #4462, .F. ) ;
#5590 = LINE ( 'NONE', #5489, #3435 ) ;
#5591 = ORIENTED_EDGE ( 'NONE', *, *, #2841, .F. ) ;
#5592 = ORIENTED_EDGE ( 'NONE', *, *, #2668, .T. ) ;
#5593 = FACE_OUTER_BOUND ( 'NONE', #6786, .T. ) ;
#5594 = EDGE_LOOP ( 'NONE', ( #3863, #5865, #6388, #3675, #1343, #6394, #2137, #700, #1547, #1074, #3970, #3901, #6874, #2603, #2496 ) ) ;
#5595 = PLANE ( 'NONE',  #6154 ) ;
#5596 = VECTOR ( 'NONE', #5951, 1000.000000000000000 ) ;
#5597 = DIRECTION ( 'NONE',  ( -0.000000000000000000, -1.000000000000000000, -0.000000000000000000 ) ) ;
#5598 = ADVANCED_FACE ( 'NONE', ( #5546 ), #1275, .F. ) ;
#5599 = CIRCLE ( 'NONE', #5058, 1.250000000000001110 ) ;
#5600 = PLANE ( 'NONE',  #4958 ) ;
#5601 = AXIS2_PLACEMENT_3D ( 'NONE', #6776, #1976, #3099 ) ;
#5602 = ORIENTED_EDGE ( 'NONE', *, *, #553, .F. ) ;
#5603 = DIRECTION ( 'NONE',  ( -0.000000000000000000, -0.000000000000000000, -1.000000000000000000 ) ) ;
#5604 = ORIENTED_EDGE ( 'NONE', *, *, #5678, .F. ) ;
#5605 = CIRCLE ( 'NONE', #1020, 1.250000000000000222 ) ;
#5606 = CARTESIAN_POINT ( 'NONE',  ( 68.07156952992167476, -17.76520829632589127, -55.82353258373179727 ) ) ;
#5607 = EDGE_CURVE ( 'NONE', #6066, #6683, #5127, .T. ) ;
#5608 = CIRCLE ( 'NONE', #5500, 4.500000000000003553 ) ;
#5609 = CARTESIAN_POINT ( 'NONE',  ( -11.50000000000000533, -14.50000000000000178, 3.499999999999999556 ) ) ;
#5610 = EDGE_CURVE ( 'NONE', #5834, #6931, #706, .T. ) ;
#5611 = VECTOR ( 'NONE', #6423, 1000.000000000000000 ) ;
#5612 = DIRECTION ( 'NONE',  ( 1.000000000000000000, 0.000000000000000000, 0.000000000000000000 ) ) ;
#5613 = ORIENTED_EDGE ( 'NONE', *, *, #2675, .T. ) ;
#5614 = AXIS2_PLACEMENT_3D ( 'NONE', #3367, #4376, #3261 ) ;
#5615 = DIRECTION ( 'NONE',  ( 0.000000000000000000, 1.000000000000000000, 0.000000000000000000 ) ) ;
#5616 = AXIS2_PLACEMENT_3D ( 'NONE', #2318, #6587, #6551 ) ;
#5617 = CARTESIAN_POINT ( 'NONE',  ( 11.61993786033147735, -17.74527366776648307, 3.499999999999989342 ) ) ;
#5618 = AXIS2_PLACEMENT_3D ( 'NONE', #3415, #641, #3922 ) ;
#5619 = AXIS2_PLACEMENT_3D ( 'NONE', #6826, #4143, #1408 ) ;
#5620 = CARTESIAN_POINT ( 'NONE',  ( -0.05236439395463199364, -10.50000000000000711, 3.500000000000003109 ) ) ;
#5621 = AXIS2_PLACEMENT_3D ( 'NONE', #4608, #4645, #4157 ) ;
#5622 = DIRECTION ( 'NONE',  ( -0.000000000000000000, 1.000000000000000000, 0.000000000000000000 ) ) ;
#5623 = EDGE_LOOP ( 'NONE', ( #1082, #6698, #2495, #2430 ) ) ;
#5624 = LINE ( 'NONE', #2968, #2271 ) ;
#5625 = AXIS2_PLACEMENT_3D ( 'NONE', #6411, #2567, #3130 ) ;
#5626 = FACE_BOUND ( 'NONE', #6048, .T. ) ;
#5627 = ORIENTED_EDGE ( 'NONE', *, *, #4799, .T. ) ;
#5628 = FACE_OUTER_BOUND ( 'NONE', #2553, .T. ) ;
#5629 = DIRECTION ( 'NONE',  ( -1.000000000000000000, 0.000000000000000000, 0.000000000000000000 ) ) ;
#5630 = ORIENTED_EDGE ( 'NONE', *, *, #4199, .T. ) ;
#5631 = ORIENTED_EDGE ( 'NONE', *, *, #5473, .F. ) ;
#5632 = CARTESIAN_POINT ( 'NONE',  ( 30.08772233983155431, -20.09042769776575810, 1.999999999999998668 ) ) ;
#5633 = VECTOR ( 'NONE', #4535, 1000.000000000000114 ) ;
#5634 = DIRECTION ( 'NONE',  ( -0.000000000000000000, -0.000000000000000000, 1.000000000000000000 ) ) ;
#5635 = DIRECTION ( 'NONE',  ( 0.000000000000000000, 0.000000000000000000, -1.000000000000000000 ) ) ;
#5636 = AXIS2_PLACEMENT_3D ( 'NONE', #5251, #5668, #5769 ) ;
#5637 = CYLINDRICAL_SURFACE ( 'NONE', #14, 1.000000000000000000 ) ;
#5638 = ORIENTED_EDGE ( 'NONE', *, *, #3433, .T. ) ;
#5639 = DIRECTION ( 'NONE',  ( 1.000000000000000000, 6.938893903907222067E-15, 0.000000000000000000 ) ) ;
#5640 = EDGE_CURVE ( 'NONE', #199, #5907, #6911, .T. ) ;
#5641 = VERTEX_POINT ( 'NONE', #6523 ) ;
#5642 = CARTESIAN_POINT ( 'NONE',  ( -2.849999999999992095, -17.25000000000000000, -0.5000000000000000000 ) ) ;
#5643 = VECTOR ( 'NONE', #6539, 1000.000000000000000 ) ;
#5644 = CARTESIAN_POINT ( 'NONE',  ( -0.05236439395462548496, -11.50000000000000711, 3.500000000000003109 ) ) ;
#5645 = PLANE ( 'NONE',  #575 ) ;
#5646 = ORIENTED_EDGE ( 'NONE', *, *, #2704, .F. ) ;
#5647 = ORIENTED_EDGE ( 'NONE', *, *, #2656, .T. ) ;
#5648 = LINE ( 'NONE', #5101, #2492 ) ;
#5649 = EDGE_CURVE ( 'NONE', #957, #2337, #2355, .T. ) ;
#5650 = EDGE_CURVE ( 'NONE', #1824, #5047, #2816, .T. ) ;
#5651 = CARTESIAN_POINT ( 'NONE',  ( 70.00000000000000000, 4.500000000000002665, -14.36001392756986306 ) ) ;
#5652 = ADVANCED_FACE ( 'NONE', ( #3984 ), #1172, .T. ) ;
#5653 = CARTESIAN_POINT ( 'NONE',  ( -27.50000000000000000, -1.599999999999994760, 4.000000000000000000 ) ) ;
#5654 = CARTESIAN_POINT ( 'NONE',  ( -0.9290584113754267737, -17.25000000000000000, 3.500000000000000000 ) ) ;
#5655 = ORIENTED_EDGE ( 'NONE', *, *, #648, .F. ) ;
#5656 = DIRECTION ( 'NONE',  ( 1.000000000000000000, 0.000000000000000000, 0.000000000000000000 ) ) ;
#5657 = EDGE_CURVE ( 'NONE', #4046, #1135, #1735, .T. ) ;
#5658 = CARTESIAN_POINT ( 'NONE',  ( 36.41227766016831424, -20.09042769776545967, 2.000000000000012879 ) ) ;
#5659 = ORIENTED_EDGE ( 'NONE', *, *, #5256, .F. ) ;
#5660 = CARTESIAN_POINT ( 'NONE',  ( 37.41227766016831424, -21.33047371415610627, -55.82353258373179727 ) ) ;
#5661 = CIRCLE ( 'NONE', #3771, 1.000000000000000888 ) ;
#5662 = LINE ( 'NONE', #1428, #3781 ) ;
#5663 = EDGE_LOOP ( 'NONE', ( #3556, #6401, #6497, #3657 ) ) ;
#5664 = VERTEX_POINT ( 'NONE', #1797 ) ;
#5665 = EDGE_CURVE ( 'NONE', #6819, #3019, #146, .T. ) ;
#5666 = AXIS2_PLACEMENT_3D ( 'NONE', #5507, #634, #704 ) ;
#5667 = CARTESIAN_POINT ( 'NONE',  ( -7.349999999999995204, -8.500000000000007105, -4.000999999999999446 ) ) ;
#5668 = DIRECTION ( 'NONE',  ( -0.000000000000000000, -0.000000000000000000, -1.000000000000000000 ) ) ;
#5669 = CARTESIAN_POINT ( 'NONE',  ( 81.00000000000001421, -11.29285714285714803, -0.5000000000000004441 ) ) ;
#5670 = VECTOR ( 'NONE', #4896, 1000.000000000000000 ) ;
#5671 = LINE ( 'NONE', #407, #442 ) ;
#5672 = EDGE_LOOP ( 'NONE', ( #6170, #6518, #2552, #3123 ) ) ;
#5673 = DIRECTION ( 'NONE',  ( -0.000000000000000000, -0.000000000000000000, -1.000000000000000000 ) ) ;
#5674 = ORIENTED_EDGE ( 'NONE', *, *, #2219, .F. ) ;
#5675 = DIRECTION ( 'NONE',  ( 0.000000000000000000, 0.000000000000000000, -1.000000000000000000 ) ) ;
#5676 = VECTOR ( 'NONE', #154, 1000.000000000000000 ) ;
#5677 = FACE_OUTER_BOUND ( 'NONE', #3309, .T. ) ;
#5678 = EDGE_CURVE ( 'NONE', #1076, #6824, #4993, .T. ) ;
#5679 = LINE ( 'NONE', #910, #4056 ) ;
#5680 = ORIENTED_EDGE ( 'NONE', *, *, #4699, .F. ) ;
#5681 = ORIENTED_EDGE ( 'NONE', *, *, #980, .F. ) ;
#5682 = VECTOR ( 'NONE', #5202, 1000.000000000000000 ) ;
#5683 = DIRECTION ( 'NONE',  ( 0.000000000000000000, 1.000000000000000000, 0.000000000000000000 ) ) ;
#5684 = DIRECTION ( 'NONE',  ( 0.000000000000000000, 0.000000000000000000, 1.000000000000000000 ) ) ;
#5685 = DIRECTION ( 'NONE',  ( 0.000000000000000000, 0.000000000000000000, 1.000000000000000000 ) ) ;
#5686 = EDGE_CURVE ( 'NONE', #4009, #199, #1121, .T. ) ;
#5687 = LINE ( 'NONE', #2998, #6798 ) ;
#5688 = ORIENTED_EDGE ( 'NONE', *, *, #1925, .T. ) ;
#5689 = FACE_OUTER_BOUND ( 'NONE', #4030, .T. ) ;
#5690 = CARTESIAN_POINT ( 'NONE',  ( 65.57909511525072332, 0.8399999999999984146, 3.000000000000000000 ) ) ;
#5691 = ORIENTED_EDGE ( 'NONE', *, *, #3587, .T. ) ;
#5692 = CARTESIAN_POINT ( 'NONE',  ( -15.50000000000000000, -3.599999999999995204, 0.000000000000000000 ) ) ;
#5693 = DIRECTION ( 'NONE',  ( 0.000000000000000000, -1.000000000000000000, 0.000000000000000000 ) ) ;
#5694 = VERTEX_POINT ( 'NONE', #5846 ) ;
#5695 = ORIENTED_EDGE ( 'NONE', *, *, #2639, .T. ) ;
#5696 = DIRECTION ( 'NONE',  ( -0.000000000000000000, -0.000000000000000000, -1.000000000000000000 ) ) ;
#5697 = DIRECTION ( 'NONE',  ( -0.000000000000000000, -0.000000000000000000, -1.000000000000000000 ) ) ;
#5698 = CARTESIAN_POINT ( 'NONE',  ( 3.000000000000002665, -16.50000000000001066, -4.000999999999999446 ) ) ;
#5699 = CARTESIAN_POINT ( 'NONE',  ( 29.08772233983155076, -21.33047371415606719, -0.5000000000000004441 ) ) ;
#5700 = ORIENTED_EDGE ( 'NONE', *, *, #1384, .T. ) ;
#5701 = LINE ( 'NONE', #5191, #3291 ) ;
#5702 = ORIENTED_EDGE ( 'NONE', *, *, #6562, .T. ) ;
#5703 = CYLINDRICAL_SURFACE ( 'NONE', #2712, 1.249999999999997558 ) ;
#5704 = LINE ( 'NONE', #3510, #3544 ) ;
#5705 = LINE ( 'NONE', #3546, #1023 ) ;
#5706 = EDGE_LOOP ( 'NONE', ( #4386, #1614, #1839, #4257 ) ) ;
#5707 = ORIENTED_EDGE ( 'NONE', *, *, #3358, .F. ) ;
#5708 = CARTESIAN_POINT ( 'NONE',  ( -25.50000000000000355, -1.599999999999994760, 4.999999999999987566 ) ) ;
#5709 = AXIS2_PLACEMENT_3D ( 'NONE', #730, #5018, #4551 ) ;
#5710 = LINE ( 'NONE', #5617, #80 ) ;
#5711 = EDGE_CURVE ( 'NONE', #277, #1543, #5955, .T. ) ;
#5712 = VECTOR ( 'NONE', #423, 1000.000000000000000 ) ;
#5713 = LINE ( 'NONE', #5653, #2848 ) ;
#5714 = CIRCLE ( 'NONE', #571, 1.000000000000000888 ) ;
#5715 = LINE ( 'NONE', #4707, #3554 ) ;
#5716 = VECTOR ( 'NONE', #1437, 1000.000000000000000 ) ;
#5717 = CARTESIAN_POINT ( 'NONE',  ( 81.00000000000001421, -10.50000000000000711, 3.500000000000003109 ) ) ;
#5718 = AXIS2_PLACEMENT_3D ( 'NONE', #1339, #5511, #1379 ) ;
#5719 = ORIENTED_EDGE ( 'NONE', *, *, #5001, .T. ) ;
#5720 = CARTESIAN_POINT ( 'NONE',  ( 0.5233821850937468989, -20.54553633019022740, -55.82353258373179727 ) ) ;
#5721 = LINE ( 'NONE', #796, #6668 ) ;
#5722 = VECTOR ( 'NONE', #4629, 1000.000000000000000 ) ;
#5723 = EDGE_CURVE ( 'NONE', #5047, #358, #3267, .T. ) ;
#5724 = DIRECTION ( 'NONE',  ( 0.000000000000000000, 0.000000000000000000, -1.000000000000000000 ) ) ;
#5725 = ORIENTED_EDGE ( 'NONE', *, *, #1814, .F. ) ;
#5726 = CARTESIAN_POINT ( 'NONE',  ( -2.750000000000064837, -21.50000000000000000, 2.749999999999995115 ) ) ;
#5727 = DIRECTION ( 'NONE',  ( -0.000000000000000000, -0.000000000000000000, -1.000000000000000000 ) ) ;
#5728 = ORIENTED_EDGE ( 'NONE', *, *, #1061, .F. ) ;
#5729 = VECTOR ( 'NONE', #1341, 1000.000000000000000 ) ;
#5730 = VERTEX_POINT ( 'NONE', #3304 ) ;
#5731 = EDGE_CURVE ( 'NONE', #6833, #1047, #2139, .T. ) ;
#5732 = EDGE_CURVE ( 'NONE', #2094, #1967, #4832, .T. ) ;
#5733 = DIRECTION ( 'NONE',  ( 0.9808912264268110359, -0.1945569374730866385, -0.000000000000000000 ) ) ;
#5734 = ADVANCED_FACE ( 'NONE', ( #3757 ), #5882, .F. ) ;
#5735 = CARTESIAN_POINT ( 'NONE',  ( 27.63182519208454835, 1.400000000000000133, 1.000000000000000000 ) ) ;
#5736 = VECTOR ( 'NONE', #4109, 1000.000000000000000 ) ;
#5737 = LINE ( 'NONE', #3119, #3823 ) ;
#5738 = DIRECTION ( 'NONE',  ( -1.000000000000000000, -3.469446951953611033E-15, 0.000000000000000000 ) ) ;
#5739 = VERTEX_POINT ( 'NONE', #2244 ) ;
#5740 = CARTESIAN_POINT ( 'NONE',  ( 75.08772233983154365, -19.50000000000000000, -7.431795761534271350 ) ) ;
#5741 = ADVANCED_FACE ( 'NONE', ( #4278 ), #4771, .F. ) ;
#5742 = VECTOR ( 'NONE', #5479, 1000.000000000000000 ) ;
#5743 = DIRECTION ( 'NONE',  ( 0.000000000000000000, -0.000000000000000000, 1.000000000000000000 ) ) ;
#5744 = ADVANCED_FACE ( 'NONE', ( #3869 ), #4345, .T. ) ;
#5745 = CARTESIAN_POINT ( 'NONE',  ( 3.000000000000002665, -16.50000000000001066, 3.500000000000003109 ) ) ;
#5746 = VECTOR ( 'NONE', #1989, 1000.000000000000000 ) ;
#5747 = LINE ( 'NONE', #6202, #6060 ) ;
#5748 = ORIENTED_EDGE ( 'NONE', *, *, #5773, .T. ) ;
#5749 = EDGE_LOOP ( 'NONE', ( #4935, #3993, #1253, #1674, #1722, #2131, #4812, #4775, #4414 ) ) ;
#5750 = CARTESIAN_POINT ( 'NONE',  ( 36.47137113740091507, -20.22205197715849678, 3.250840022780911553 ) ) ;
#5751 = ADVANCED_FACE ( 'NONE', ( #2110 ), #1619, .F. ) ;
#5752 = LINE ( 'NONE', #6206, #760 ) ;
#5753 = VECTOR ( 'NONE', #5178, 1000.000000000000000 ) ;
#5754 = EDGE_LOOP ( 'NONE', ( #2081, #5045 ) ) ;
#5755 = CARTESIAN_POINT ( 'NONE',  ( 42.36817480791545876, 1.399999999999998579, 0.000000000000000000 ) ) ;
#5756 = DIRECTION ( 'NONE',  ( -1.000000000000000000, 0.000000000000000000, 0.000000000000000000 ) ) ;
#5757 = DIRECTION ( 'NONE',  ( -0.000000000000000000, -0.000000000000000000, 1.000000000000000000 ) ) ;
#5758 = ORIENTED_EDGE ( 'NONE', *, *, #3997, .F. ) ;
#5759 = PLANE ( 'NONE',  #6739 ) ;
#5760 = CARTESIAN_POINT ( 'NONE',  ( -2.750000000000064837, -19.50000000000000000, 2.749999999999995115 ) ) ;
#5761 = LINE ( 'NONE', #3488, #6281 ) ;
#5762 = VERTEX_POINT ( 'NONE', #1011 ) ;
#5763 = CARTESIAN_POINT ( 'NONE',  ( 34.25000000000000711, -11.71782813964461845, -0.5000000000000004441 ) ) ;
#5764 = DIRECTION ( 'NONE',  ( -0.000000000000000000, -0.000000000000000000, -1.000000000000000000 ) ) ;
#5765 = EDGE_CURVE ( 'NONE', #934, #1708, #2697, .T. ) ;
#5766 = ORIENTED_EDGE ( 'NONE', *, *, #4208, .F. ) ;
#5767 = ORIENTED_EDGE ( 'NONE', *, *, #2485, .F. ) ;
#5768 = DIRECTION ( 'NONE',  ( 0.000000000000000000, 0.000000000000000000, -1.000000000000000000 ) ) ;
#5769 = DIRECTION ( 'NONE',  ( -1.000000000000000000, 0.000000000000000000, 0.000000000000000000 ) ) ;
#5770 = ADVANCED_FACE ( 'NONE', ( #4912 ), #3160, .F. ) ;
#5771 = DIRECTION ( 'NONE',  ( -0.000000000000000000, -0.000000000000000000, -1.000000000000000000 ) ) ;
#5772 = CARTESIAN_POINT ( 'NONE',  ( 3.000000000000002665, -16.50000000000001066, -0.5000000000000000000 ) ) ;
#5773 = EDGE_CURVE ( 'NONE', #657, #3529, #1578, .T. ) ;
#5774 = EDGE_LOOP ( 'NONE', ( #1738, #109, #2558, #4160, #6118, #4701, #5423, #4881, #99, #6513 ) ) ;
#5775 = AXIS2_PLACEMENT_3D ( 'NONE', #810, #2426, #4664 ) ;
#5776 = DIRECTION ( 'NONE',  ( -0.000000000000000000, -0.000000000000000000, -1.000000000000000000 ) ) ;
#5777 = LINE ( 'NONE', #3087, #6174 ) ;
#5778 = LINE ( 'NONE', #1715, #4329 ) ;
#5779 = EDGE_LOOP ( 'NONE', ( #1182, #2320, #2062, #1610, #1652 ) ) ;
#5780 = VECTOR ( 'NONE', #3289, 1000.000000000000000 ) ;
#5781 = CARTESIAN_POINT ( 'NONE',  ( 33.24999999999992895, -19.50000000000000000, 2.750000000000000000 ) ) ;
#5782 = ORIENTED_EDGE ( 'NONE', *, *, #1512, .F. ) ;
#5783 = ORIENTED_EDGE ( 'NONE', *, *, #3312, .T. ) ;
#5784 = CARTESIAN_POINT ( 'NONE',  ( -4.422545647627140752, -10.99552708463976458, -0.5000000000000004441 ) ) ;
#5785 = FACE_OUTER_BOUND ( 'NONE', #6846, .T. ) ;
#5786 = VECTOR ( 'NONE', #2641, 1000.000000000000000 ) ;
#5787 = ORIENTED_EDGE ( 'NONE', *, *, #4172, .F. ) ;
#5788 = LINE ( 'NONE', #2047, #5443 ) ;
#5789 = CARTESIAN_POINT ( 'NONE',  ( 90.50000000000001421, -2.399527641708707915, 0.000000000000000000 ) ) ;
#5790 = DIRECTION ( 'NONE',  ( -0.000000000000000000, -0.000000000000000000, 1.000000000000000000 ) ) ;
#5791 = VERTEX_POINT ( 'NONE', #521 ) ;
#5792 = CARTESIAN_POINT ( 'NONE',  ( 34.25000000000000711, -18.50000000000000000, -0.5000000000000004441 ) ) ;
#5793 = LINE ( 'NONE', #995, #6782 ) ;
#5794 = CARTESIAN_POINT ( 'NONE',  ( 72.68750000000001421, -10.50000000000000711, 3.500000000000003109 ) ) ;
#5795 = ORIENTED_EDGE ( 'NONE', *, *, #2352, .F. ) ;
#5796 = CARTESIAN_POINT ( 'NONE',  ( 17.92856625858350839, -11.50000000000000711, -0.5000000000000004441 ) ) ;
#5797 = FACE_OUTER_BOUND ( 'NONE', #329, .T. ) ;
#5798 = ORIENTED_EDGE ( 'NONE', *, *, #5033, .T. ) ;
#5799 = ORIENTED_EDGE ( 'NONE', *, *, #5022, .F. ) ;
#5800 = CARTESIAN_POINT ( 'NONE',  ( -7.349999999999995204, -10.50000000000000888, -0.5000000000000000000 ) ) ;
#5801 = EDGE_CURVE ( 'NONE', #2284, #3221, #6471, .T. ) ;
#5802 = DIRECTION ( 'NONE',  ( -0.000000000000000000, -0.000000000000000000, -1.000000000000000000 ) ) ;
#5803 = VERTEX_POINT ( 'NONE', #5358 ) ;
#5804 = LINE ( 'NONE', #4107, #6377 ) ;
#5805 = EDGE_LOOP ( 'NONE', ( #2507, #190 ) ) ;
#5806 = CARTESIAN_POINT ( 'NONE',  ( -22.50000000000000000, -25.00000000000001421, 5.000000000000007994 ) ) ;
#5807 = ORIENTED_EDGE ( 'NONE', *, *, #4593, .F. ) ;
#5808 = ADVANCED_FACE ( 'NONE', ( #6933 ), #554, .F. ) ;
#5809 = PLANE ( 'NONE',  #5619 ) ;
#5810 = LINE ( 'NONE', #4848, #6393 ) ;
#5811 = ORIENTED_EDGE ( 'NONE', *, *, #4938, .F. ) ;
#5812 = ORIENTED_EDGE ( 'NONE', *, *, #2096, .F. ) ;
#5813 = CARTESIAN_POINT ( 'NONE',  ( 80.00000000000001421, -12.69285714285714661, -55.82353258373179727 ) ) ;
#5814 = CARTESIAN_POINT ( 'NONE',  ( -2.750000000000064837, -21.50000000000000000, 1.499999999999994893 ) ) ;
#5815 = EDGE_CURVE ( 'NONE', #4547, #595, #2178, .T. ) ;
#5816 = ORIENTED_EDGE ( 'NONE', *, *, #6223, .F. ) ;
#5817 = VECTOR ( 'NONE', #618, 1000.000000000000000 ) ;
#5818 = EDGE_CURVE ( 'NONE', #3185, #6525, #4878, .T. ) ;
#5819 = DIRECTION ( 'NONE',  ( -0.000000000000000000, -0.000000000000000000, -1.000000000000000000 ) ) ;
#5820 = LINE ( 'NONE', #5926, #6685 ) ;
#5821 = CIRCLE ( 'NONE', #6611, 4.000000000000000000 ) ;
#5822 = CARTESIAN_POINT ( 'NONE',  ( -8.849999999999996092, -18.50000000000000355, 5.000000000000000888 ) ) ;
#5823 = ORIENTED_EDGE ( 'NONE', *, *, #1194, .F. ) ;
#5824 = DIRECTION ( 'NONE',  ( 1.000000000000000000, 0.000000000000000000, -0.000000000000000000 ) ) ;
#5825 = VECTOR ( 'NONE', #4643, 1000.000000000000000 ) ;
#5826 = CARTESIAN_POINT ( 'NONE',  ( -7.349999999999995204, -26.50000000000000355, -4.000999999999999446 ) ) ;
#5827 = EDGE_CURVE ( 'NONE', #199, #22, #1526, .T. ) ;
#5828 = CARTESIAN_POINT ( 'NONE',  ( 6.114882014779136732, -3.440377792556333691, 6.000000000000000000 ) ) ;
#5829 = ORIENTED_EDGE ( 'NONE', *, *, #5059, .T. ) ;
#5830 = AXIS2_PLACEMENT_3D ( 'NONE', #1815, #89, #6644 ) ;
#5831 = DIRECTION ( 'NONE',  ( 1.000000000000000000, 0.000000000000000000, 0.000000000000000000 ) ) ;
#5832 = ADVANCED_FACE ( 'NONE', ( #6349 ), #1028, .T. ) ;
#5833 = LINE ( 'NONE', #5316, #5670 ) ;
#5834 = VERTEX_POINT ( 'NONE', #5822 ) ;
#5835 = ORIENTED_EDGE ( 'NONE', *, *, #1200, .T. ) ;
#5836 = AXIS2_PLACEMENT_3D ( 'NONE', #3319, #1375, #5411 ) ;
#5837 = CIRCLE ( 'NONE', #2829, 1.599999999999997202 ) ;
#5838 = AXIS2_PLACEMENT_3D ( 'NONE', #2913, #836, #6129 ) ;
#5839 = FACE_OUTER_BOUND ( 'NONE', #610, .T. ) ;
#5840 = CARTESIAN_POINT ( 'NONE',  ( 63.50000000000001421, -16.50000000000000355, 3.500000000000003109 ) ) ;
#5841 = VECTOR ( 'NONE', #3139, 1000.000000000000000 ) ;
#5842 = ORIENTED_EDGE ( 'NONE', *, *, #2021, .T. ) ;
#5843 = LINE ( 'NONE', #1575, #112 ) ;
#5844 = ORIENTED_EDGE ( 'NONE', *, *, #6552, .F. ) ;
#5845 = DIRECTION ( 'NONE',  ( -0.000000000000000000, -0.000000000000000000, 1.000000000000000000 ) ) ;
#5846 = CARTESIAN_POINT ( 'NONE',  ( 11.61993786033147735, -17.74527366776648307, -0.5000000000000004441 ) ) ;
#5847 = CIRCLE ( 'NONE', #142, 1.000000000000000888 ) ;
#5848 = EDGE_LOOP ( 'NONE', ( #6609, #5440, #3933, #661 ) ) ;
#5849 = CARTESIAN_POINT ( 'NONE',  ( 27.63182519208454835, -1.599999999999999867, 0.000000000000000000 ) ) ;
#5850 = CIRCLE ( 'NONE', #1727, 1.000000000000000888 ) ;
#5851 = EDGE_CURVE ( 'NONE', #3764, #5491, #3026, .T. ) ;
#5852 = CARTESIAN_POINT ( 'NONE',  ( -3.849999999999992539, -18.25000000000000355, -0.5000000000000000000 ) ) ;
#5853 = EDGE_LOOP ( 'NONE', ( #682, #6478, #5941, #762, #3589, #3961 ) ) ;
#5854 = DIRECTION ( 'NONE',  ( -0.9667633338930343712, -0.2556729478064219685, 0.000000000000000000 ) ) ;
#5855 = CYLINDRICAL_SURFACE ( 'NONE', #1246, 1.600000000000000089 ) ;
#5856 = DIRECTION ( 'NONE',  ( 0.000000000000000000, 0.000000000000000000, -1.000000000000000000 ) ) ;
#5857 = LINE ( 'NONE', #1132, #5901 ) ;
#5858 = EDGE_CURVE ( 'NONE', #5961, #4514, #791, .T. ) ;
#5859 = CARTESIAN_POINT ( 'NONE',  ( 2.000000000000000444, -0.5999999999999998668, 6.000000000000000000 ) ) ;
#5860 = ORIENTED_EDGE ( 'NONE', *, *, #835, .T. ) ;
#5861 = CARTESIAN_POINT ( 'NONE',  ( 0.000000000000000000, 0.000000000000000000, 4.000000000000000000 ) ) ;
#5862 = CIRCLE ( 'NONE', #3307, 1.000000000000000000 ) ;
#5863 = LINE ( 'NONE', #5896, #2535 ) ;
#5864 = CARTESIAN_POINT ( 'NONE',  ( 93.50000000000001421, -1.095090516825905302, 0.000000000000000000 ) ) ;
#5865 = ORIENTED_EDGE ( 'NONE', *, *, #3081, .F. ) ;
#5866 = CARTESIAN_POINT ( 'NONE',  ( 30.08772233983156852, -21.40992436820969047, 3.500000000005267342 ) ) ;
#5867 = AXIS2_PLACEMENT_3D ( 'NONE', #1604, #6425, #539 ) ;
#5868 = CARTESIAN_POINT ( 'NONE',  ( 59.19954864385415760, -14.62753688062398894, 3.500000000000000000 ) ) ;
#5869 = EDGE_CURVE ( 'NONE', #5502, #1126, #3700, .T. ) ;
#5870 = VERTEX_POINT ( 'NONE', #3066 ) ;
#5871 = EDGE_LOOP ( 'NONE', ( #5470, #1425, #4661, #1847, #295, #6676 ) ) ;
#5872 = ORIENTED_EDGE ( 'NONE', *, *, #2969, .T. ) ;
#5873 = CARTESIAN_POINT ( 'NONE',  ( -1.582575694955842716, -19.50000000000000000, 3.500000000000000000 ) ) ;
#5874 = VERTEX_POINT ( 'NONE', #2573 ) ;
#5875 = DIRECTION ( 'NONE',  ( 0.7071067811865493491, -0.7071067811865455743, -0.000000000000000000 ) ) ;
#5876 = EDGE_CURVE ( 'NONE', #4725, #165, #2541, .T. ) ;
#5877 = EDGE_LOOP ( 'NONE', ( #4450, #1570, #1150, #5207 ) ) ;
#5878 = CARTESIAN_POINT ( 'NONE',  ( 33.40000000000000568, 0.000000000000000000, 3.500000000000000000 ) ) ;
#5879 = ORIENTED_EDGE ( 'NONE', *, *, #2518, .F. ) ;
#5880 = DIRECTION ( 'NONE',  ( -0.000000000000000000, -0.000000000000000000, 1.000000000000000000 ) ) ;
#5881 = ORIENTED_EDGE ( 'NONE', *, *, #4495, .F. ) ;
#5882 = CYLINDRICAL_SURFACE ( 'NONE', #2702, 1.000000000000000000 ) ;
#5883 = CARTESIAN_POINT ( 'NONE',  ( 75.01909820294729059, -22.59052552441420403, 3.500000000000000000 ) ) ;
#5884 = AXIS2_PLACEMENT_3D ( 'NONE', #1997, #6799, #1439 ) ;
#5885 = CARTESIAN_POINT ( 'NONE',  ( 70.00000000000000000, 0.000000000000000000, 6.000000000000000000 ) ) ;
#5886 = ORIENTED_EDGE ( 'NONE', *, *, #769, .F. ) ;
#5887 = PLANE ( 'NONE',  #1269 ) ;
#5888 = CARTESIAN_POINT ( 'NONE',  ( -1.683748498798790960, -14.75000000000000178, -0.5000000000000004441 ) ) ;
#5889 = ORIENTED_EDGE ( 'NONE', *, *, #323, .F. ) ;
#5890 = ADVANCED_FACE ( 'NONE', ( #500 ), #4194, .F. ) ;
#5891 = CARTESIAN_POINT ( 'NONE',  ( 75.29844057901914312, -24.22188635136189205, 1.385985797737737446 ) ) ;
#5892 = CARTESIAN_POINT ( 'NONE',  ( 0.000000000000000000, 0.000000000000000000, 3.500000000000000000 ) ) ;
#5893 = DIRECTION ( 'NONE',  ( 0.000000000000000000, 0.000000000000000000, -1.000000000000000000 ) ) ;
#5894 = ORIENTED_EDGE ( 'NONE', *, *, #2639, .F. ) ;
#5895 = CYLINDRICAL_SURFACE ( 'NONE', #1151, 1.000000000000000888 ) ;
#5896 = CARTESIAN_POINT ( 'NONE',  ( -29.40630915771290788, -17.09369084228710634, -1.906309157712795965 ) ) ;
#5897 = DIRECTION ( 'NONE',  ( 1.000000000000000000, 0.000000000000000000, 0.000000000000000000 ) ) ;
#5898 = ORIENTED_EDGE ( 'NONE', *, *, #3327, .F. ) ;
#5899 = EDGE_CURVE ( 'NONE', #3484, #3814, #2642, .T. ) ;
#5900 = DIRECTION ( 'NONE',  ( -0.000000000000000000, -0.000000000000000000, 1.000000000000000000 ) ) ;
#5901 = VECTOR ( 'NONE', #3279, 1000.000000000000000 ) ;
#5902 = CARTESIAN_POINT ( 'NONE',  ( 2.000000000000000888, -3.600000000000000533, 6.000000000000000000 ) ) ;
#5903 = ORIENTED_EDGE ( 'NONE', *, *, #3084, .F. ) ;
#5904 = ORIENTED_EDGE ( 'NONE', *, *, #3642, .F. ) ;
#5905 = AXIS2_PLACEMENT_3D ( 'NONE', #5164, #354, #286 ) ;
#5906 = CARTESIAN_POINT ( 'NONE',  ( -2.849999999999992095, -18.25000000000000355, 91.99722379239923953 ) ) ;
#5907 = VERTEX_POINT ( 'NONE', #2502 ) ;
#5908 = EDGE_CURVE ( 'NONE', #367, #4487, #1487, .T. ) ;
#5909 = CARTESIAN_POINT ( 'NONE',  ( -25.50000000000000355, -1.599999999999994760, 4.000000000000000000 ) ) ;
#5910 = LINE ( 'NONE', #1115, #632 ) ;
#5911 = EDGE_CURVE ( 'NONE', #263, #1320, #2084, .T. ) ;
#5912 = ORIENTED_EDGE ( 'NONE', *, *, #5135, .T. ) ;
#5913 = CARTESIAN_POINT ( 'NONE',  ( -22.50000000000000000, -24.00000000000001421, 5.000000000000007994 ) ) ;
#5914 = ORIENTED_EDGE ( 'NONE', *, *, #5419, .T. ) ;
#5915 = CARTESIAN_POINT ( 'NONE',  ( 76.00000000000001421, 2.500000000000005329, 3.499999999999999556 ) ) ;
#5916 = CARTESIAN_POINT ( 'NONE',  ( -0.05236439395462548496, -11.50000000000000711, -55.82353258373179727 ) ) ;
#5917 = ORIENTED_EDGE ( 'NONE', *, *, #5435, .T. ) ;
#5918 = EDGE_CURVE ( 'NONE', #2310, #2127, #6614, .T. ) ;
#5919 = LINE ( 'NONE', #1656, #4419 ) ;
#5920 = EDGE_CURVE ( 'NONE', #2914, #3529, #3664, .T. ) ;
#5921 = CARTESIAN_POINT ( 'NONE',  ( -0.9290584113754267737, -15.75000000000000000, -0.5000000000000000000 ) ) ;
#5922 = ORIENTED_EDGE ( 'NONE', *, *, #2297, .F. ) ;
#5923 = DIRECTION ( 'NONE',  ( 0.000000000000000000, 0.000000000000000000, -1.000000000000000000 ) ) ;
#5924 = ORIENTED_EDGE ( 'NONE', *, *, #656, .F. ) ;
#5925 = CARTESIAN_POINT ( 'NONE',  ( 59.39410558132723850, -13.64664565419717945, 91.99722379239923953 ) ) ;
#5926 = CARTESIAN_POINT ( 'NONE',  ( -26.00000000000001421, -17.50000000000000000, 4.000000000000000888 ) ) ;
#5927 = CARTESIAN_POINT ( 'NONE',  ( 37.66795060797473838, -22.29723704804913709, -55.82353258373179727 ) ) ;
#5928 = ORIENTED_EDGE ( 'NONE', *, *, #4582, .F. ) ;
#5929 = CARTESIAN_POINT ( 'NONE',  ( 0.4122776601683184050, -21.00364639817820844, 1.999999999999989120 ) ) ;
#5930 = EDGE_CURVE ( 'NONE', #5566, #1228, #5239, .T. ) ;
#5931 = DIRECTION ( 'NONE',  ( 0.000000000000000000, 0.000000000000000000, 1.000000000000000000 ) ) ;
#5932 = CARTESIAN_POINT ( 'NONE',  ( -11.50000000000000533, -14.50000000000000178, 0.5000000000000004441 ) ) ;
#5933 = DIRECTION ( 'NONE',  ( -0.000000000000000000, -0.000000000000000000, -1.000000000000000000 ) ) ;
#5934 = DIRECTION ( 'NONE',  ( -0.000000000000000000, -0.000000000000000000, 1.000000000000000000 ) ) ;
#5935 = VECTOR ( 'NONE', #5790, 1000.000000000000000 ) ;
#5936 = ORIENTED_EDGE ( 'NONE', *, *, #2526, .T. ) ;
#5937 = ORIENTED_EDGE ( 'NONE', *, *, #5378, .F. ) ;
#5938 = EDGE_CURVE ( 'NONE', #2843, #1135, #4711, .T. ) ;
#5939 = CIRCLE ( 'NONE', #1806, 1.250000000000001110 ) ;
#5940 = CARTESIAN_POINT ( 'NONE',  ( -22.50000000000000000, -6.100000000000005862, -1.699999999999999956 ) ) ;
#5941 = ORIENTED_EDGE ( 'NONE', *, *, #3463, .F. ) ;
#5942 = AXIS2_PLACEMENT_3D ( 'NONE', #4563, #5129, #2396 ) ;
#5943 = FACE_OUTER_BOUND ( 'NONE', #5871, .T. ) ;
#5944 = CARTESIAN_POINT ( 'NONE',  ( 0.000000000000000000, 0.000000000000000000, 3.500000000000000000 ) ) ;
#5945 = VECTOR ( 'NONE', #6496, 1000.000000000000000 ) ;
#5946 = ORIENTED_EDGE ( 'NONE', *, *, #2018, .T. ) ;
#5947 = AXIS2_PLACEMENT_3D ( 'NONE', #4078, #242, #1304 ) ;
#5948 = EDGE_CURVE ( 'NONE', #945, #2342, #6382, .T. ) ;
#5949 = ORIENTED_EDGE ( 'NONE', *, *, #2415, .F. ) ;
#5950 = EDGE_CURVE ( 'NONE', #1460, #6161, #357, .T. ) ;
#5951 = DIRECTION ( 'NONE',  ( -1.000000000000000000, 1.211399075402798040E-16, 0.000000000000000000 ) ) ;
#5952 = VECTOR ( 'NONE', #3792, 1000.000000000000114 ) ;
#5953 = ORIENTED_EDGE ( 'NONE', *, *, #4249, .T. ) ;
#5954 = CARTESIAN_POINT ( 'NONE',  ( 85.00000000000001421, -26.50000000000000355, -0.5000000000000000000 ) ) ;
#5955 = LINE ( 'NONE', #2208, #6270 ) ;
#5956 = VERTEX_POINT ( 'NONE', #992 ) ;
#5957 = VECTOR ( 'NONE', #2193, 1000.000000000000000 ) ;
#5958 = DIRECTION ( 'NONE',  ( 0.000000000000000000, 0.000000000000000000, 1.000000000000000000 ) ) ;
#5959 = VECTOR ( 'NONE', #6211, 1000.000000000000000 ) ;
#5960 = CARTESIAN_POINT ( 'NONE',  ( 42.36817480791544455, -1.600000000000001865, 6.000000000000000000 ) ) ;
#5961 = VERTEX_POINT ( 'NONE', #3137 ) ;
#5962 = AXIS2_PLACEMENT_3D ( 'NONE', #6834, #5262, #416 ) ;
#5963 = CARTESIAN_POINT ( 'NONE',  ( 86.31826857315519419, 4.500000000000005329, 3.000000000000000000 ) ) ;
#5964 = ORIENTED_EDGE ( 'NONE', *, *, #2065, .F. ) ;
#5965 = DIRECTION ( 'NONE',  ( 0.000000000000000000, 0.000000000000000000, -1.000000000000000000 ) ) ;
#5966 = DIRECTION ( 'NONE',  ( 1.000000000000000000, 0.000000000000000000, -0.000000000000000000 ) ) ;
#5967 = EDGE_CURVE ( 'NONE', #1608, #2855, #1015, .T. ) ;
#5968 = DIRECTION ( 'NONE',  ( 0.000000000000000000, 0.000000000000000000, 1.000000000000000000 ) ) ;
#5969 = ORIENTED_EDGE ( 'NONE', *, *, #6045, .T. ) ;
#5970 = LINE ( 'NONE', #3848, #5510 ) ;
#5971 = DIRECTION ( 'NONE',  ( 0.000000000000000000, 0.000000000000000000, 1.000000000000000000 ) ) ;
#5972 = AXIS2_PLACEMENT_3D ( 'NONE', #3288, #607, #2756 ) ;
#5973 = DIRECTION ( 'NONE',  ( 1.000000000000000000, 0.000000000000000000, 0.000000000000000000 ) ) ;
#5974 = CARTESIAN_POINT ( 'NONE',  ( -1.683748498798790960, -14.75000000000000178, 3.500000000000003109 ) ) ;
#5975 = CARTESIAN_POINT ( 'NONE',  ( 48.57143374141650582, -11.50000000000000711, -0.5000000000000004441 ) ) ;
#5976 = CIRCLE ( 'NONE', #6086, 1.000000000000000000 ) ;
#5977 = ORIENTED_EDGE ( 'NONE', *, *, #79, .T. ) ;
#5978 = ORIENTED_EDGE ( 'NONE', *, *, #678, .T. ) ;
#5979 = DIRECTION ( 'NONE',  ( 1.000000000000000000, 0.000000000000000000, 0.000000000000000000 ) ) ;
#5980 = ORIENTED_EDGE ( 'NONE', *, *, #903, .T. ) ;
#5981 = CIRCLE ( 'NONE', #1621, 1.249999999999997558 ) ;
#5982 = DIRECTION ( 'NONE',  ( 1.000000000000000000, 0.000000000000000000, 0.000000000000000000 ) ) ;
#5983 = EDGE_CURVE ( 'NONE', #961, #3728, #6880, .T. ) ;
#5984 = DIRECTION ( 'NONE',  ( 1.000000000000000000, -1.797640907747984631E-16, 0.000000000000000000 ) ) ;
#5985 = EDGE_LOOP ( 'NONE', ( #2799, #2873, #3031, #4469 ) ) ;
#5986 = EDGE_LOOP ( 'NONE', ( #476, #2705, #901, #5184 ) ) ;
#5987 = ORIENTED_EDGE ( 'NONE', *, *, #2381, .F. ) ;
#5988 = DIRECTION ( 'NONE',  ( 0.000000000000000000, -0.000000000000000000, -1.000000000000000000 ) ) ;
#5989 = DIRECTION ( 'NONE',  ( 0.000000000000000000, 0.000000000000000000, -1.000000000000000000 ) ) ;
#5990 = ORIENTED_EDGE ( 'NONE', *, *, #4815, .F. ) ;
#5991 = DIRECTION ( 'NONE',  ( 1.000000000000000000, 0.000000000000000000, 0.000000000000000000 ) ) ;
#5992 = ADVANCED_FACE ( 'NONE', ( #4294 ), #5474, .F. ) ;
#5993 = UNCERTAINTY_MEASURE_WITH_UNIT (LENGTH_MEASURE( 1.000000000000000082E-05 ), #504, 'distance_accuracy_value', 'NONE');
#5994 = CARTESIAN_POINT ( 'NONE',  ( 32.25000000000000711, -11.71782813964461845, -55.82353258373179727 ) ) ;
#5995 = ORIENTED_EDGE ( 'NONE', *, *, #3306, .T. ) ;
#5996 = FACE_OUTER_BOUND ( 'NONE', #5877, .T. ) ;
#5997 = ORIENTED_EDGE ( 'NONE', *, *, #561, .T. ) ;
#5998 = EDGE_CURVE ( 'NONE', #263, #666, #1666, .T. ) ;
#5999 = AXIS2_PLACEMENT_3D ( 'NONE', #3742, #6883, #5409 ) ;
#6000 = CARTESIAN_POINT ( 'NONE',  ( 6.616199132033664831, -1.504226675533800073, 6.000000000000000000 ) ) ;
#6001 = DIRECTION ( 'NONE',  ( -0.000000000000000000, -0.000000000000000000, -1.000000000000000000 ) ) ;
#6002 = CARTESIAN_POINT ( 'NONE',  ( 36.41227766016831424, -21.33047371415610627, 2.000000000000012879 ) ) ;
#6003 = VERTEX_POINT ( 'NONE', #5367 ) ;
#6004 = PLANE ( 'NONE',  #3613 ) ;
#6005 = DIRECTION ( 'NONE',  ( 1.000000000000000000, 0.000000000000000000, 0.000000000000000000 ) ) ;
#6006 = CIRCLE ( 'NONE', #5884, 1.249999999999997558 ) ;
#6007 = LINE ( 'NONE', #5606, #2038 ) ;
#6008 = LINE ( 'NONE', #1213, #5742 ) ;
#6009 = CARTESIAN_POINT ( 'NONE',  ( 78.24999999999992895, -26.50000000000000000, 1.500000000000002220 ) ) ;
#6010 = AXIS2_PLACEMENT_3D ( 'NONE', #6087, #6608, #1292 ) ;
#6011 = EDGE_LOOP ( 'NONE', ( #4011, #4406, #1776, #4564, #3060 ) ) ;
#6012 = ORIENTED_EDGE ( 'NONE', *, *, #6239, .F. ) ;
#6013 = B_SPLINE_CURVE_WITH_KNOTS ( 'NONE', 3,
 ( #5279, #507, #1107, #1037, #6887, #471, #4825, #5412, #3218, #2194, #5346, #4895, #3745, #2128, #5866, #3671 ),
 .UNSPECIFIED., .F., .F.,
 ( 4, 2, 2, 2, 2, 2, 2, 4 ),
 ( 0.000000000000000000, 0.0002350213895223154427, 0.0004700427790446308853, 0.0009400855580892617707, 0.001175106947611576427, 0.001410128337133891409, 0.001645149726656205957, 0.001880171116178520939 ),
 .UNSPECIFIED. ) ;
#6014 = FACE_OUTER_BOUND ( 'NONE', #6896, .T. ) ;
#6015 = ORIENTED_EDGE ( 'NONE', *, *, #5050, .F. ) ;
#6016 = AXIS2_PLACEMENT_3D ( 'NONE', #2255, #669, #6594 ) ;
#6017 = CARTESIAN_POINT ( 'NONE',  ( -5.500000000000000000, -3.599999999999995648, 0.000000000000000000 ) ) ;
#6018 = CARTESIAN_POINT ( 'NONE',  ( 35.49999999999993605, -20.50000000000000000, 3.500000000000000000 ) ) ;
#6019 = ORIENTED_EDGE ( 'NONE', *, *, #6892, .T. ) ;
#6020 = VERTEX_POINT ( 'NONE', #4963 ) ;
#6021 = ORIENTED_EDGE ( 'NONE', *, *, #1459, .F. ) ;
#6022 = CARTESIAN_POINT ( 'NONE',  ( 0.4122776601683184050, -23.50000000000000000, 1.999999999999989120 ) ) ;
#6023 = ADVANCED_FACE ( 'NONE', ( #6560 ), #670, .F. ) ;
#6024 = CARTESIAN_POINT ( 'NONE',  ( 67.44792988951998325, -19.12942000970458523, -55.82353258373179727 ) ) ;
#6025 = VERTEX_POINT ( 'NONE', #601 ) ;
#6026 = CARTESIAN_POINT ( 'NONE',  ( 80.00000000000001421, -18.50000000000000000, 2.750000000000000000 ) ) ;
#6027 = CARTESIAN_POINT ( 'NONE',  ( -0.7469987990390328791, -15.10000000000000142, 3.500000000000003109 ) ) ;
#6028 = ORIENTED_EDGE ( 'NONE', *, *, #4530, .T. ) ;
#6029 = LINE ( 'NONE', #6554, #4854 ) ;
#6030 = ADVANCED_FACE ( 'NONE', ( #2820 ), #4921, .F. ) ;
#6031 = EDGE_LOOP ( 'NONE', ( #6741, #478, #1549, #804, #1455 ) ) ;
#6032 = LINE ( 'NONE', #1171, #3114 ) ;
#6033 = LINE ( 'NONE', #3314, #2210 ) ;
#6034 = DIRECTION ( 'NONE',  ( -0.000000000000000000, 1.000000000000000000, 0.000000000000000000 ) ) ;
#6035 = ORIENTED_EDGE ( 'NONE', *, *, #3350, .T. ) ;
#6036 = FACE_OUTER_BOUND ( 'NONE', #2943, .T. ) ;
#6037 = EDGE_CURVE ( 'NONE', #492, #1878, #2751, .T. ) ;
#6038 = B_SPLINE_CURVE_WITH_KNOTS ( 'NONE', 3,
 ( #452, #5750, #5233, #2043 ),
 .UNSPECIFIED., .F., .F.,
 ( 4, 4 ),
 ( 8.673617379884034509E-19, 0.0008590961471016950310 ),
 .UNSPECIFIED. ) ;
#6039 = CARTESIAN_POINT ( 'NONE',  ( 80.00000000000001421, -12.69285714285714661, 3.500000000000003109 ) ) ;
#6040 = EDGE_CURVE ( 'NONE', #977, #5003, #1695, .T. ) ;
#6041 = CARTESIAN_POINT ( 'NONE',  ( -15.49999999999999822, -7.500000000000016875, -1.700000000000000178 ) ) ;
#6042 = CARTESIAN_POINT ( 'NONE',  ( -12.50000000000000355, -8.500000000000007105, 1.999999999999998224 ) ) ;
#6043 = ORIENTED_EDGE ( 'NONE', *, *, #1736, .F. ) ;
#6044 = ORIENTED_EDGE ( 'NONE', *, *, #1957, .T. ) ;
#6045 = EDGE_CURVE ( 'NONE', #4237, #6658, #3920, .T. ) ;
#6046 = ADVANCED_FACE ( 'NONE', ( #2257 ), #6418, .F. ) ;
#6047 = DIRECTION ( 'NONE',  ( -1.000000000000000000, 0.000000000000000000, 0.000000000000000000 ) ) ;
#6048 = EDGE_LOOP ( 'NONE', ( #5949, #1056, #4300, #5997, #28, #1000, #451, #6186, #2561 ) ) ;
#6049 = CARTESIAN_POINT ( 'NONE',  ( 68.49814047183672017, -16.63635183822741226, -0.5000000000000004441 ) ) ;
#6050 = AXIS2_PLACEMENT_3D ( 'NONE', #3012, #6823, #2028 ) ;
#6051 = DIRECTION ( 'NONE',  ( -0.000000000000000000, -0.000000000000000000, -1.000000000000000000 ) ) ;
#6052 = ORIENTED_EDGE ( 'NONE', *, *, #5610, .T. ) ;
#6053 = ORIENTED_EDGE ( 'NONE', *, *, #2096, .T. ) ;
#6054 = VERTEX_POINT ( 'NONE', #3347 ) ;
#6055 = DIRECTION ( 'NONE',  ( 0.000000000000000000, 0.000000000000000000, 1.000000000000000000 ) ) ;
#6056 = VECTOR ( 'NONE', #5427, 1000.000000000000000 ) ;
#6057 = DIRECTION ( 'NONE',  ( -0.000000000000000000, -0.000000000000000000, -1.000000000000000000 ) ) ;
#6058 = FACE_OUTER_BOUND ( 'NONE', #2589, .T. ) ;
#6059 = VECTOR ( 'NONE', #3467, 1000.000000000000000 ) ;
#6060 = VECTOR ( 'NONE', #4700, 1000.000000000000000 ) ;
#6061 = FACE_OUTER_BOUND ( 'NONE', #6197, .T. ) ;
#6062 = ORIENTED_EDGE ( 'NONE', *, *, #126, .T. ) ;
#6063 = DIRECTION ( 'NONE',  ( -0.9094744755858003016, 0.4157597602677939319, 0.000000000000000000 ) ) ;
#6064 = AXIS2_PLACEMENT_3D ( 'NONE', #2596, #5675, #874 ) ;
#6065 = CIRCLE ( 'NONE', #1373, 1.000000000000000888 ) ;
#6066 = VERTEX_POINT ( 'NONE', #1699 ) ;
#6067 = DIRECTION ( 'NONE',  ( -0.000000000000000000, -0.000000000000000000, -1.000000000000000000 ) ) ;
#6068 = EDGE_CURVE ( 'NONE', #5641, #5109, #4377, .T. ) ;
#6069 = DIRECTION ( 'NONE',  ( -1.000000000000000000, 0.000000000000000000, 0.000000000000000000 ) ) ;
#6070 = AXIS2_PLACEMENT_3D ( 'NONE', #1480, #3172, #6307 ) ;
#6071 = PLANE ( 'NONE',  #123 ) ;
#6072 = ORIENTED_EDGE ( 'NONE', *, *, #3998, .T. ) ;
#6073 = CARTESIAN_POINT ( 'NONE',  ( 1.600000000000000089, 1.959434878635765230E-16, 1.000000000000000000 ) ) ;
#6074 = PLANE ( 'NONE',  #2645 ) ;
#6075 = AXIS2_PLACEMENT_3D ( 'NONE', #176, #4990, #3912 ) ;
#6076 = CARTESIAN_POINT ( 'NONE',  ( -15.49999999999999822, -8.500000000000017764, -0.4999999999999987232 ) ) ;
#6077 = EDGE_CURVE ( 'NONE', #2334, #2927, #636, .T. ) ;
#6078 = CYLINDRICAL_SURFACE ( 'NONE', #866, 1.000000000000000000 ) ;
#6079 = ORIENTED_EDGE ( 'NONE', *, *, #2025, .F. ) ;
#6080 = ORIENTED_EDGE ( 'NONE', *, *, #792, .T. ) ;
#6081 = VECTOR ( 'NONE', #4436, 1000.000000000000000 ) ;
#6082 = LINE ( 'NONE', #2369, #1251 ) ;
#6083 = EDGE_LOOP ( 'NONE', ( #6868, #102, #6898, #164 ) ) ;
#6084 = PLANE ( 'NONE',  #4760 ) ;
#6085 = EDGE_CURVE ( 'NONE', #4002, #2127, #2715, .T. ) ;
#6086 = AXIS2_PLACEMENT_3D ( 'NONE', #4105, #4731, #3117 ) ;
#6087 = CARTESIAN_POINT ( 'NONE',  ( -4.500000000000000000, -4.499999999999995559, -89.54697091471047088 ) ) ;
#6088 = ORIENTED_EDGE ( 'NONE', *, *, #2997, .T. ) ;
#6089 = ORIENTED_EDGE ( 'NONE', *, *, #6863, .F. ) ;
#6090 = EDGE_LOOP ( 'NONE', ( #1603, #703, #6796, #4166 ) ) ;
#6091 = CARTESIAN_POINT ( 'NONE',  ( 73.67537375900982966, -20.32694737248047545, -55.82353258373179727 ) ) ;
#6092 = VECTOR ( 'NONE', #614, 1000.000000000000000 ) ;
#6093 = DIRECTION ( 'NONE',  ( 1.000000000000000000, 0.000000000000000000, 0.000000000000000000 ) ) ;
#6094 = CYLINDRICAL_SURFACE ( 'NONE', #5527, 1.000000000000000888 ) ;
#6095 = ADVANCED_FACE ( 'NONE', ( #1134 ), #1173, .F. ) ;
#6096 = CARTESIAN_POINT ( 'NONE',  ( 75.08194637531249782, -19.56974995426944730, 2.024353604752606284 ) ) ;
#6097 = ORIENTED_EDGE ( 'NONE', *, *, #3788, .T. ) ;
#6098 = DIRECTION ( 'NONE',  ( 1.000000000000000000, -0.000000000000000000, -0.000000000000000000 ) ) ;
#6099 = ORIENTED_EDGE ( 'NONE', *, *, #3508, .T. ) ;
#6100 = FACE_OUTER_BOUND ( 'NONE', #3530, .T. ) ;
#6101 = FACE_BOUND ( 'NONE', #6149, .T. ) ;
#6102 = VERTEX_POINT ( 'NONE', #4492 ) ;
#6103 = CARTESIAN_POINT ( 'NONE',  ( 31.25000000000000711, -12.93565627928923156, -0.5000000000000004441 ) ) ;
#6104 = VERTEX_POINT ( 'NONE', #4531 ) ;
#6105 = LINE ( 'NONE', #150, #4657 ) ;
#6106 = ADVANCED_FACE ( 'NONE', ( #6136 ), #3918, .F. ) ;
#6107 = CYLINDRICAL_SURFACE ( 'NONE', #705, 1.000000000000000888 ) ;
#6108 = DIRECTION ( 'NONE',  ( -0.000000000000000000, -0.000000000000000000, -1.000000000000000000 ) ) ;
#6109 = ORIENTED_EDGE ( 'NONE', *, *, #4499, .F. ) ;
#6110 = VECTOR ( 'NONE', #737, 1000.000000000000000 ) ;
#6111 = CARTESIAN_POINT ( 'NONE',  ( 0.000000000000000000, 0.000000000000000000, 3.500000000000000000 ) ) ;
#6112 = EDGE_CURVE ( 'NONE', #2626, #5664, #1238, .T. ) ;
#6113 = CARTESIAN_POINT ( 'NONE',  ( 70.00000000000000000, 0.000000000000000000, -9.227922061357867634 ) ) ;
#6114 = VERTEX_POINT ( 'NONE', #1838 ) ;
#6115 = CARTESIAN_POINT ( 'NONE',  ( -22.50000000000000000, -15.67157287525381548, 4.000000000000000000 ) ) ;
#6116 = AXIS2_PLACEMENT_3D ( 'NONE', #6018, #1323, #3362 ) ;
#6117 = CYLINDRICAL_SURFACE ( 'NONE', #2323, 1.000000000000000000 ) ;
#6118 = ORIENTED_EDGE ( 'NONE', *, *, #2105, .T. ) ;
#6119 = ORIENTED_EDGE ( 'NONE', *, *, #2526, .F. ) ;
#6120 = FACE_OUTER_BOUND ( 'NONE', #5572, .T. ) ;
#6121 = DIRECTION ( 'NONE',  ( -0.000000000000000000, -0.000000000000000000, 1.000000000000000000 ) ) ;
#6122 = AXIS2_PLACEMENT_3D ( 'NONE', #4920, #1205, #5472 ) ;
#6123 = CIRCLE ( 'NONE', #5235, 1.250000000000001110 ) ;
#6124 = FACE_OUTER_BOUND ( 'NONE', #483, .T. ) ;
#6125 = ADVANCED_FACE ( 'NONE', ( #249 ), #3985, .T. ) ;
#6126 = CARTESIAN_POINT ( 'NONE',  ( 33.24999999999992895, -21.50000000000000000, 2.750000000000000000 ) ) ;
#6127 = EDGE_CURVE ( 'NONE', #3216, #6187, #2428, .T. ) ;
#6128 = CIRCLE ( 'NONE', #1094, 3.000000000000002665 ) ;
#6129 = DIRECTION ( 'NONE',  ( -1.000000000000000000, 0.000000000000000000, 0.000000000000000000 ) ) ;
#6130 = VERTEX_POINT ( 'NONE', #2892 ) ;
#6131 = CARTESIAN_POINT ( 'NONE',  ( -3.849999999999992539, -10.50000000000000711, 91.99722379239923953 ) ) ;
#6132 = ORIENTED_EDGE ( 'NONE', *, *, #3144, .F. ) ;
#6133 = LINE ( 'NONE', #6529, #3608 ) ;
#6134 = ADVANCED_FACE ( 'NONE', ( #313 ), #4994, .T. ) ;
#6135 = CARTESIAN_POINT ( 'NONE',  ( -12.50000000000000355, -10.76794919243113036, 2.000000000000000000 ) ) ;
#6136 = FACE_OUTER_BOUND ( 'NONE', #378, .T. ) ;
#6137 = VERTEX_POINT ( 'NONE', #775 ) ;
#6138 = CARTESIAN_POINT ( 'NONE',  ( 89.00000000000001421, 1.000000000000001332, 1.725000000000000089 ) ) ;
#6139 = PLANE ( 'NONE',  #1096 ) ;
#6140 = CARTESIAN_POINT ( 'NONE',  ( 36.41227766016831424, -21.33047371415610627, -7.431795761534271350 ) ) ;
#6141 = DIRECTION ( 'NONE',  ( -0.000000000000000000, -0.000000000000000000, 1.000000000000000000 ) ) ;
#6142 = EDGE_LOOP ( 'NONE', ( #5889, #4505, #5987, #3847 ) ) ;
#6143 = DIRECTION ( 'NONE',  ( 0.000000000000000000, 0.000000000000000000, -1.000000000000000000 ) ) ;
#6144 = CARTESIAN_POINT ( 'NONE',  ( -10.49999999999999822, -3.599999999999995648, -4.000000000000000000 ) ) ;
#6145 = VERTEX_POINT ( 'NONE', #182 ) ;
#6146 = DIRECTION ( 'NONE',  ( -0.000000000000000000, -0.000000000000000000, -1.000000000000000000 ) ) ;
#6147 = DIRECTION ( 'NONE',  ( -0.000000000000000000, -0.000000000000000000, -1.000000000000000000 ) ) ;
#6148 = ADVANCED_FACE ( 'NONE', ( #6168, #6101, #5099, #5577, #3382 ), #4596, .T. ) ;
#6149 = EDGE_LOOP ( 'NONE', ( #4917, #1746 ) ) ;
#6150 = ORIENTED_EDGE ( 'NONE', *, *, #2659, .F. ) ;
#6151 = LINE ( 'NONE', #6788, #3272 ) ;
#6152 = CARTESIAN_POINT ( 'NONE',  ( -4.420904884749274011, 0.8400000000000024114, 3.500000000000000000 ) ) ;
#6153 = EDGE_CURVE ( 'NONE', #4547, #5566, #345, .T. ) ;
#6154 = AXIS2_PLACEMENT_3D ( 'NONE', #764, #4520, #2847 ) ;
#6155 = ADVANCED_FACE ( 'NONE', ( #5063 ), #740, .F. ) ;
#6156 = CARTESIAN_POINT ( 'NONE',  ( -7.349999999999995204, -26.50000000000000355, 0.5000000000000000000 ) ) ;
#6157 = CYLINDRICAL_SURFACE ( 'NONE', #5838, 3.000000000000002665 ) ;
#6158 = AXIS2_PLACEMENT_3D ( 'NONE', #5391, #1685, #6404 ) ;
#6159 = ORIENTED_EDGE ( 'NONE', *, *, #1290, .T. ) ;
#6160 = CYLINDRICAL_SURFACE ( 'NONE', #2266, 1.000000000000000000 ) ;
#6161 = VERTEX_POINT ( 'NONE', #5031 ) ;
#6162 = VECTOR ( 'NONE', #5286, 1000.000000000000000 ) ;
#6163 = CYLINDRICAL_SURFACE ( 'NONE', #5071, 3.250000000000007550 ) ;
#6164 = AXIS2_PLACEMENT_3D ( 'NONE', #1165, #2672, #2180 ) ;
#6165 = CYLINDRICAL_SURFACE ( 'NONE', #2427, 4.499999999999997335 ) ;
#6166 = EDGE_CURVE ( 'NONE', #5271, #1201, #1254, .T. ) ;
#6167 = AXIS2_PLACEMENT_3D ( 'NONE', #6181, #361, #6814 ) ;
#6168 = FACE_OUTER_BOUND ( 'NONE', #1374, .T. ) ;
#6169 = ORIENTED_EDGE ( 'NONE', *, *, #1874, .F. ) ;
#6170 = ORIENTED_EDGE ( 'NONE', *, *, #1991, .F. ) ;
#6171 = CARTESIAN_POINT ( 'NONE',  ( 63.68607244643996523, -1.408658527960293227, 6.000000000000000000 ) ) ;
#6172 =( GEOMETRIC_REPRESENTATION_CONTEXT ( 3 ) GLOBAL_UNCERTAINTY_ASSIGNED_CONTEXT ( ( #1728 ) ) GLOBAL_UNIT_ASSIGNED_CONTEXT ( ( #1327, #3935, #5532 ) ) REPRESENTATION_CONTEXT ( 'NONE', 'WORKASPACE' ) );
#6173 = DIRECTION ( 'NONE',  ( 0.000000000000000000, 0.000000000000000000, 1.000000000000000000 ) ) ;
#6174 = VECTOR ( 'NONE', #978, 1000.000000000000000 ) ;
#6175 = CARTESIAN_POINT ( 'NONE',  ( 0.000000000000000000, 4.500000000000000000, 3.500000000000000000 ) ) ;
#6176 = AXIS2_PLACEMENT_3D ( 'NONE', #5861, #3631, #2681 ) ;
#6177 = DIRECTION ( 'NONE',  ( -1.000000000000000000, 0.000000000000000000, 0.000000000000000000 ) ) ;
#6178 = ORIENTED_EDGE ( 'NONE', *, *, #4383, .T. ) ;
#6179 = LINE ( 'NONE', #1388, #5959 ) ;
#6180 = AXIS2_PLACEMENT_3D ( 'NONE', #560, #2637, #4669 ) ;
#6181 = CARTESIAN_POINT ( 'NONE',  ( 74.09113351927761926, -19.41747289689467948, 3.499999999999999556 ) ) ;
#6182 = ORIENTED_EDGE ( 'NONE', *, *, #465, .T. ) ;
#6183 = DIRECTION ( 'NONE',  ( 0.000000000000000000, 0.000000000000000000, -1.000000000000000000 ) ) ;
#6184 = LINE ( 'NONE', #6249, #5448 ) ;
#6185 = VECTOR ( 'NONE', #50, 1000.000000000000000 ) ;
#6186 = ORIENTED_EDGE ( 'NONE', *, *, #5723, .T. ) ;
#6187 = VERTEX_POINT ( 'NONE', #3512 ) ;
#6188 = LINE ( 'NONE', #4136, #897 ) ;
#6189 = AXIS2_PLACEMENT_3D ( 'NONE', #6347, #4192, #4224 ) ;
#6190 = ADVANCED_FACE ( 'NONE', ( #707 ), #283, .T. ) ;
#6191 = LINE ( 'NONE', #6220, #5746 ) ;
#6192 = DIRECTION ( 'NONE',  ( 0.000000000000000000, -0.000000000000000000, -1.000000000000000000 ) ) ;
#6193 = AXIS2_PLACEMENT_3D ( 'NONE', #5735, #1958, #3080 ) ;
#6194 = CARTESIAN_POINT ( 'NONE',  ( -13.93795006481866494, -7.500000000000016875, -0.4999999999999987232 ) ) ;
#6195 = ORIENTED_EDGE ( 'NONE', *, *, #923, .T. ) ;
#6196 = DIRECTION ( 'NONE',  ( 0.000000000000000000, 0.000000000000000000, -1.000000000000000000 ) ) ;
#6197 = EDGE_LOOP ( 'NONE', ( #4873, #300, #3855, #3420 ) ) ;
#6198 = ADVANCED_FACE ( 'NONE', ( #5547 ), #5645, .F. ) ;
#6199 = DIRECTION ( 'NONE',  ( 0.000000000000000000, 0.000000000000000000, 1.000000000000000000 ) ) ;
#6200 = VECTOR ( 'NONE', #1912, 1000.000000000000000 ) ;
#6201 = DIRECTION ( 'NONE',  ( 1.000000000000000000, -1.211399075402798040E-16, 0.000000000000000000 ) ) ;
#6202 = CARTESIAN_POINT ( 'NONE',  ( -8.849999999999996092, -20.00000000000000355, 0.5000000000000000000 ) ) ;
#6203 = ORIENTED_EDGE ( 'NONE', *, *, #2006, .T. ) ;
#6204 = ORIENTED_EDGE ( 'NONE', *, *, #2568, .F. ) ;
#6205 = CARTESIAN_POINT ( 'NONE',  ( -27.50000000000000000, -7.000000000000004441, 4.000000000000000888 ) ) ;
#6206 = CARTESIAN_POINT ( 'NONE',  ( -7.349999999999995204, -26.50000000000000355, -4.000999999999999446 ) ) ;
#6207 = ADVANCED_FACE ( 'NONE', ( #2858 ), #6071, .F. ) ;
#6208 = FACE_OUTER_BOUND ( 'NONE', #6251, .T. ) ;
#6209 = DIRECTION ( 'NONE',  ( -0.000000000000000000, -0.000000000000000000, 1.000000000000000000 ) ) ;
#6210 = VERTEX_POINT ( 'NONE', #2529 ) ;
#6211 = DIRECTION ( 'NONE',  ( -0.000000000000000000, -0.000000000000000000, -1.000000000000000000 ) ) ;
#6212 = DIRECTION ( 'NONE',  ( -0.5773502691896306160, 0.5773502691896281735, -0.5773502691896186256 ) ) ;
#6213 = EDGE_LOOP ( 'NONE', ( #5904, #5345, #5171, #4831 ) ) ;
#6214 = CARTESIAN_POINT ( 'NONE',  ( -5.500000000000000000, -3.599999999999995648, -11.89803902718557005 ) ) ;
#6215 = DIRECTION ( 'NONE',  ( 0.000000000000000000, 0.000000000000000000, -1.000000000000000000 ) ) ;
#6216 = ORIENTED_EDGE ( 'NONE', *, *, #3990, .F. ) ;
#6217 = ORIENTED_EDGE ( 'NONE', *, *, #979, .T. ) ;
#6218 = VECTOR ( 'NONE', #2527, 1000.000000000000000 ) ;
#6219 = CARTESIAN_POINT ( 'NONE',  ( 30.00000000000006040, -20.50000000000001776, 2.750000000000000000 ) ) ;
#6220 = CARTESIAN_POINT ( 'NONE',  ( -8.849999999999996092, -20.00000000000000355, 5.000000000000000000 ) ) ;
#6221 = CARTESIAN_POINT ( 'NONE',  ( 70.00000000000000000, 0.000000000000000000, 3.500000000000000000 ) ) ;
#6222 = AXIS2_PLACEMENT_3D ( 'NONE', #4546, #790, #224 ) ;
#6223 = EDGE_CURVE ( 'NONE', #602, #386, #2564, .T. ) ;
#6224 = DIRECTION ( 'NONE',  ( -1.000000000000000000, 5.204170427930416550E-15, 0.000000000000000000 ) ) ;
#6225 = ORIENTED_EDGE ( 'NONE', *, *, #1766, .F. ) ;
#6226 = LINE ( 'NONE', #734, #5716 ) ;
#6227 = VERTEX_POINT ( 'NONE', #4086 ) ;
#6228 = CARTESIAN_POINT ( 'NONE',  ( -0.9290584113754267737, -17.25000000000000000, -3.914063024657434831 ) ) ;
#6229 = CIRCLE ( 'NONE', #1877, 1.000000000000000888 ) ;
#6230 = PLANE ( 'NONE',  #85 ) ;
#6231 = EDGE_CURVE ( 'NONE', #3620, #3769, #3168, .T. ) ;
#6232 = LINE ( 'NONE', #2039, #3604 ) ;
#6233 = EDGE_LOOP ( 'NONE', ( #5860, #2649, #6832, #1420 ) ) ;
#6234 = ORIENTED_EDGE ( 'NONE', *, *, #2704, .T. ) ;
#6235 = LINE ( 'NONE', #6205, #1716 ) ;
#6236 = CARTESIAN_POINT ( 'NONE',  ( 0.000000000000000000, 0.000000000000000000, -0.5000000000000000000 ) ) ;
#6237 = CYLINDRICAL_SURFACE ( 'NONE', #3974, 1.000000000000000888 ) ;
#6238 = DIRECTION ( 'NONE',  ( -0.000000000000000000, 0.000000000000000000, 1.000000000000000000 ) ) ;
#6239 = EDGE_CURVE ( 'NONE', #3577, #1608, #5679, .T. ) ;
#6240 = EDGE_CURVE ( 'NONE', #1967, #2632, #449, .T. ) ;
#6241 = CARTESIAN_POINT ( 'NONE',  ( -7.349999999999995204, -10.50000000000000888, -4.000999999999999446 ) ) ;
#6242 = VERTEX_POINT ( 'NONE', #3058 ) ;
#6243 = FACE_OUTER_BOUND ( 'NONE', #1043, .T. ) ;
#6244 = EDGE_CURVE ( 'NONE', #6429, #206, #1919, .T. ) ;
#6245 = DIRECTION ( 'NONE',  ( -0.5773502691896298389, 0.5773502691896298389, -0.5773502691896177375 ) ) ;
#6246 = DIRECTION ( 'NONE',  ( 0.000000000000000000, -1.000000000000000000, 0.000000000000000000 ) ) ;
#6247 = ORIENTED_EDGE ( 'NONE', *, *, #4640, .F. ) ;
#6248 = CARTESIAN_POINT ( 'NONE',  ( 11.68105387066481882, -15.79761910744664100, 3.500000000000000000 ) ) ;
#6249 = CARTESIAN_POINT ( 'NONE',  ( -3.849999999999992539, -10.50000000000000711, 3.500000000000003109 ) ) ;
#6250 = EDGE_CURVE ( 'NONE', #4126, #3390, #4633, .T. ) ;
#6251 = EDGE_LOOP ( 'NONE', ( #6466, #5385, #3067, #3299 ) ) ;
#6252 = ORIENTED_EDGE ( 'NONE', *, *, #4430, .F. ) ;
#6253 = EDGE_CURVE ( 'NONE', #3496, #837, #1146, .T. ) ;
#6254 = DIRECTION ( 'NONE',  ( -0.000000000000000000, -1.000000000000000000, -0.000000000000000000 ) ) ;
#6255 = LINE ( 'NONE', #6327, #2741 ) ;
#6256 = CARTESIAN_POINT ( 'NONE',  ( -2.849999999999992095, -18.50000000000000000, -0.5000000000000000000 ) ) ;
#6257 = ORIENTED_EDGE ( 'NONE', *, *, #6669, .F. ) ;
#6258 = CARTESIAN_POINT ( 'NONE',  ( 39.42090488474928378, 0.8400000000000009681, 3.499999999999999556 ) ) ;
#6259 = ORIENTED_EDGE ( 'NONE', *, *, #1459, .T. ) ;
#6260 = DIRECTION ( 'NONE',  ( -0.000000000000000000, -0.000000000000000000, -1.000000000000000000 ) ) ;
#6261 = CARTESIAN_POINT ( 'NONE',  ( -2.750000000000064837, -26.50000000000000000, 2.749999999999995115 ) ) ;
#6262 = FACE_OUTER_BOUND ( 'NONE', #4626, .T. ) ;
#6263 = CARTESIAN_POINT ( 'NONE',  ( 0.5385889543109364519, -13.34699260004677690, -0.5000000000000004441 ) ) ;
#6264 = ORIENTED_EDGE ( 'NONE', *, *, #6447, .F. ) ;
#6265 = ORIENTED_EDGE ( 'NONE', *, *, #5213, .F. ) ;
#6266 = DIRECTION ( 'NONE',  ( -1.000000000000000000, 0.000000000000000000, 0.000000000000000000 ) ) ;
#6267 = CIRCLE ( 'NONE', #3376, 1.999999999999998224 ) ;
#6268 = CARTESIAN_POINT ( 'NONE',  ( 74.09113351927761926, -19.41747289689467948, -0.5000000000000004441 ) ) ;
#6269 = VERTEX_POINT ( 'NONE', #4146 ) ;
#6270 = VECTOR ( 'NONE', #486, 1000.000000000000000 ) ;
#6271 = EDGE_CURVE ( 'NONE', #2530, #5730, #1016, .T. ) ;
#6272 = DIRECTION ( 'NONE',  ( 0.000000000000000000, 0.000000000000000000, -1.000000000000000000 ) ) ;
#6273 = VECTOR ( 'NONE', #720, 1000.000000000000000 ) ;
#6274 = FACE_OUTER_BOUND ( 'NONE', #1519, .T. ) ;
#6275 = VECTOR ( 'NONE', #6333, 1000.000000000000000 ) ;
#6276 = DIRECTION ( 'NONE',  ( -0.000000000000000000, 0.000000000000000000, 1.000000000000000000 ) ) ;
#6277 = VECTOR ( 'NONE', #5230, 1000.000000000000000 ) ;
#6278 = VERTEX_POINT ( 'NONE', #4115 ) ;
#6279 = DIRECTION ( 'NONE',  ( 0.9808912264268110359, 0.1945569374730864720, -0.000000000000000000 ) ) ;
#6280 = DIRECTION ( 'NONE',  ( 0.000000000000000000, 0.000000000000000000, -1.000000000000000000 ) ) ;
#6281 = VECTOR ( 'NONE', #4061, 1000.000000000000000 ) ;
#6282 = FACE_OUTER_BOUND ( 'NONE', #6865, .T. ) ;
#6283 = ORIENTED_EDGE ( 'NONE', *, *, #792, .F. ) ;
#6284 = EDGE_CURVE ( 'NONE', #90, #1450, #3089, .T. ) ;
#6285 = FACE_OUTER_BOUND ( 'NONE', #2967, .T. ) ;
#6286 = CARTESIAN_POINT ( 'NONE',  ( -2.606579316234578332E-15, -14.50000000000000355, 0.5000000000000000000 ) ) ;
#6287 = EDGE_LOOP ( 'NONE', ( #5323, #4362, #2312, #538, #3112, #6397, #4057, #157, #2030, #4219, #619 ) ) ;
#6288 = CIRCLE ( 'NONE', #3175, 1.000000000000000888 ) ;
#6289 = ORIENTED_EDGE ( 'NONE', *, *, #6928, .F. ) ;
#6290 = ORIENTED_EDGE ( 'NONE', *, *, #1536, .T. ) ;
#6291 = CARTESIAN_POINT ( 'NONE',  ( -3.849999999999992539, -18.50000000000000000, -0.5000000000000000000 ) ) ;
#6292 = EDGE_CURVE ( 'NONE', #6145, #659, #3578, .T. ) ;
#6293 = FACE_OUTER_BOUND ( 'NONE', #3856, .T. ) ;
#6294 = AXIS2_PLACEMENT_3D ( 'NONE', #1692, #143, #3836 ) ;
#6295 = CARTESIAN_POINT ( 'NONE',  ( -0.7112576415576523647, -12.25223645768012837, -0.5000000000000004441 ) ) ;
#6296 = DIRECTION ( 'NONE',  ( -1.000000000000000000, 0.000000000000000000, 0.000000000000000000 ) ) ;
#6297 = ORIENTED_EDGE ( 'NONE', *, *, #6334, .T. ) ;
#6298 = FACE_OUTER_BOUND ( 'NONE', #3423, .T. ) ;
#6299 = VECTOR ( 'NONE', #6670, 1000.000000000000000 ) ;
#6300 = ORIENTED_EDGE ( 'NONE', *, *, #1888, .F. ) ;
#6301 = EDGE_CURVE ( 'NONE', #6444, #2478, #3655, .T. ) ;
#6302 = DIRECTION ( 'NONE',  ( -0.000000000000000000, -1.000000000000000000, -0.000000000000000000 ) ) ;
#6303 = DIRECTION ( 'NONE',  ( 1.000000000000000000, 0.000000000000000000, 0.000000000000000000 ) ) ;
#6304 = PLANE ( 'NONE',  #2260 ) ;
#6305 = VERTEX_POINT ( 'NONE', #3018 ) ;
#6306 = VERTEX_POINT ( 'NONE', #2601 ) ;
#6307 = DIRECTION ( 'NONE',  ( 1.000000000000000000, 0.000000000000000000, 0.000000000000000000 ) ) ;
#6308 = LINE ( 'NONE', #528, #887 ) ;
#6309 = AXIS2_PLACEMENT_3D ( 'NONE', #3193, #1612, #6464 ) ;
#6310 = EDGE_CURVE ( 'NONE', #1018, #1624, #6232, .T. ) ;
#6311 = DIRECTION ( 'NONE',  ( -0.5773502691896296168, 0.5773502691896263972, -0.5773502691896210681 ) ) ;
#6312 = CARTESIAN_POINT ( 'NONE',  ( -13.93795006481866494, -7.500000000000016875, -0.4999999999999987232 ) ) ;
#6313 = DIRECTION ( 'NONE',  ( 0.000000000000000000, 0.000000000000000000, 1.000000000000000000 ) ) ;
#6314 = ORIENTED_EDGE ( 'NONE', *, *, #2007, .T. ) ;
#6315 = CARTESIAN_POINT ( 'NONE',  ( 64.38890394934357175, -3.281097546600490134, 3.500000000000000000 ) ) ;
#6316 = EDGE_CURVE ( 'NONE', #2328, #6104, #5705, .T. ) ;
#6317 = CARTESIAN_POINT ( 'NONE',  ( 67.03217012925219365, -20.03889448529038475, 91.99722379239923953 ) ) ;
#6318 = EDGE_LOOP ( 'NONE', ( #3008, #3316, #4210, #3027, #5407, #2227, #4668, #6612, #5142 ) ) ;
#6319 = CARTESIAN_POINT ( 'NONE',  ( 30.08772233983155431, 0.000000000000000000, -0.5000000000000004441 ) ) ;
#6320 = DIRECTION ( 'NONE',  ( 0.000000000000000000, -1.000000000000000000, -2.551063935260008765E-17 ) ) ;
#6321 = EDGE_LOOP ( 'NONE', ( #400, #4355, #637, #1017, #4269, #3188, #4824 ) ) ;
#6322 = ORIENTED_EDGE ( 'NONE', *, *, #3915, .F. ) ;
#6323 = EDGE_CURVE ( 'NONE', #1458, #5109, #6340, .T. ) ;
#6324 = CARTESIAN_POINT ( 'NONE',  ( 6.604418446918923991, -14.76559299485081667, 3.500000000000000000 ) ) ;
#6325 = VERTEX_POINT ( 'NONE', #1937 ) ;
#6326 = VECTOR ( 'NONE', #2088, 1000.000000000000000 ) ;
#6327 = CARTESIAN_POINT ( 'NONE',  ( -12.50000000000000355, -8.500000000000007105, 2.000000000000000000 ) ) ;
#6328 = ORIENTED_EDGE ( 'NONE', *, *, #4901, .F. ) ;
#6329 = EDGE_CURVE ( 'NONE', #3292, #128, #5747, .T. ) ;
#6330 = DIRECTION ( 'NONE',  ( 0.000000000000000000, 0.000000000000000000, 1.000000000000000000 ) ) ;
#6331 = ORIENTED_EDGE ( 'NONE', *, *, #139, .T. ) ;
#6332 = VECTOR ( 'NONE', #6303, 1000.000000000000000 ) ;
#6333 = DIRECTION ( 'NONE',  ( -5.782411586589356653E-16, 1.000000000000000000, -0.000000000000000000 ) ) ;
#6334 = EDGE_CURVE ( 'NONE', #1780, #3711, #948, .T. ) ;
#6335 = DIRECTION ( 'NONE',  ( -0.9667633338930343712, -0.2556729478064219130, 0.000000000000000000 ) ) ;
#6336 = CARTESIAN_POINT ( 'NONE',  ( -0.05236439395462548496, -10.50000000000000711, -0.5000000000000143219 ) ) ;
#6337 = ORIENTED_EDGE ( 'NONE', *, *, #1803, .T. ) ;
#6338 = AXIS2_PLACEMENT_3D ( 'NONE', #2840, #3455, #163 ) ;
#6339 = ADVANCED_FACE ( 'NONE', ( #4184 ), #6304, .F. ) ;
#6340 = LINE ( 'NONE', #4743, #3832 ) ;
#6341 = ORIENTED_EDGE ( 'NONE', *, *, #4803, .T. ) ;
#6342 = ORIENTED_EDGE ( 'NONE', *, *, #4539, .F. ) ;
#6343 = DIRECTION ( 'NONE',  ( 1.000000000000000000, 0.000000000000000000, 0.000000000000000000 ) ) ;
#6344 = DIRECTION ( 'NONE',  ( 1.000000000000000000, 0.000000000000000000, 0.000000000000000000 ) ) ;
#6345 = EDGE_CURVE ( 'NONE', #2794, #1501, #5810, .T. ) ;
#6346 = AXIS2_PLACEMENT_3D ( 'NONE', #3804, #3209, #2678 ) ;
#6347 = CARTESIAN_POINT ( 'NONE',  ( 93.50000000000001421, -1.095090516825905302, 6.001000000000000334 ) ) ;
#6348 = LINE ( 'NONE', #4323, #3228 ) ;
#6349 = FACE_OUTER_BOUND ( 'NONE', #5368, .T. ) ;
#6350 = ORIENTED_EDGE ( 'NONE', *, *, #5610, .F. ) ;
#6351 = DIRECTION ( 'NONE',  ( -0.000000000000000000, -0.000000000000000000, -1.000000000000000000 ) ) ;
#6352 = LINE ( 'NONE', #4231, #6894 ) ;
#6353 = FILL_AREA_STYLE_COLOUR ( '', #2595 ) ;
#6354 = VERTEX_POINT ( 'NONE', #4914 ) ;
#6355 = CARTESIAN_POINT ( 'NONE',  ( 73.01182432432433700, -12.44594594594595272, -0.5000000000000004441 ) ) ;
#6356 = CARTESIAN_POINT ( 'NONE',  ( 0.4881617350007069200, -20.61654737765130818, 2.437234858002976789 ) ) ;
#6357 = ORIENTED_EDGE ( 'NONE', *, *, #4733, .T. ) ;
#6358 = ORIENTED_EDGE ( 'NONE', *, *, #2627, .F. ) ;
#6359 = DIRECTION ( 'NONE',  ( -1.000000000000000000, 0.000000000000000000, 0.000000000000000000 ) ) ;
#6360 = DIRECTION ( 'NONE',  ( -0.000000000000000000, -0.000000000000000000, -1.000000000000000000 ) ) ;
#6361 = ADVANCED_FACE ( 'NONE', ( #663 ), #3730, .T. ) ;
#6362 = ORIENTED_EDGE ( 'NONE', *, *, #5657, .T. ) ;
#6363 = EDGE_CURVE ( 'NONE', #3685, #6278, #6838, .T. ) ;
#6364 = FACE_OUTER_BOUND ( 'NONE', #3825, .T. ) ;
#6365 = ORIENTED_EDGE ( 'NONE', *, *, #51, .F. ) ;
#6366 = CARTESIAN_POINT ( 'NONE',  ( -1.683748498798790960, -14.75000000000000178, 91.99722379239923953 ) ) ;
#6367 = DIRECTION ( 'NONE',  ( 0.000000000000000000, 0.000000000000000000, -1.000000000000000000 ) ) ;
#6368 = ORIENTED_EDGE ( 'NONE', *, *, #1061, .T. ) ;
#6369 = CARTESIAN_POINT ( 'NONE',  ( 68.49814047183672017, -16.63635183822741226, 91.99722379239923953 ) ) ;
#6370 = EDGE_CURVE ( 'NONE', #2377, #2197, #1473, .T. ) ;
#6371 = ORIENTED_EDGE ( 'NONE', *, *, #5173, .F. ) ;
#6372 = LINE ( 'NONE', #67, #5170 ) ;
#6373 = ORIENTED_EDGE ( 'NONE', *, *, #4733, .F. ) ;
#6374 = FACE_OUTER_BOUND ( 'NONE', #4548, .T. ) ;
#6375 = DIRECTION ( 'NONE',  ( -0.000000000000000000, -0.000000000000000000, -1.000000000000000000 ) ) ;
#6376 = ORIENTED_EDGE ( 'NONE', *, *, #758, .T. ) ;
#6378 = EDGE_CURVE ( 'NONE', #3128, #3969, #6372, .T. ) ;
#6377 = VECTOR ( 'NONE', #2453, 1000.000000000000114 ) ;
#6379 = DIRECTION ( 'NONE',  ( -1.000000000000000000, 0.000000000000000000, 0.000000000000000000 ) ) ;
#6380 = CARTESIAN_POINT ( 'NONE',  ( -12.50000000000000355, -14.23205080756887853, 2.000000000000000000 ) ) ;
#6381 = CIRCLE ( 'NONE', #6489, 3.000000000000002665 ) ;
#6382 = LINE ( 'NONE', #6241, #447 ) ;
#6383 = ORIENTED_EDGE ( 'NONE', *, *, #6253, .T. ) ;
#6384 = CARTESIAN_POINT ( 'NONE',  ( 41.31392755356004898, -1.408658527960295892, 6.000000000000000000 ) ) ;
#6385 = VECTOR ( 'NONE', #63, 1000.000000000000000 ) ;
#6386 = CARTESIAN_POINT ( 'NONE',  ( 75.01909820294729059, -22.59052552441420403, 2.398185307580717129 ) ) ;
#6387 = FILL_AREA_STYLE ('',( #6353 ) ) ;
#6388 = ORIENTED_EDGE ( 'NONE', *, *, #5236, .T. ) ;
#6389 = ADVANCED_FACE ( 'NONE', ( #5331 ), #5431, .F. ) ;
#6390 = VECTOR ( 'NONE', #5733, 1000.000000000000000 ) ;
#6391 = CYLINDRICAL_SURFACE ( 'NONE', #4748, 3.250000000000000888 ) ;
#6392 = PLANE ( 'NONE',  #5121 ) ;
#6393 = VECTOR ( 'NONE', #4880, 1000.000000000000000 ) ;
#6394 = ORIENTED_EDGE ( 'NONE', *, *, #4025, .F. ) ;
#6395 = ORIENTED_EDGE ( 'NONE', *, *, #5920, .F. ) ;
#6396 = DIRECTION ( 'NONE',  ( 0.000000000000000000, 0.000000000000000000, -1.000000000000000000 ) ) ;
#6397 = ORIENTED_EDGE ( 'NONE', *, *, #4544, .T. ) ;
#6398 = CARTESIAN_POINT ( 'NONE',  ( -14.09999999999999787, -18.50000000000000355, 14.05062109405231396 ) ) ;
#6399 = ORIENTED_EDGE ( 'NONE', *, *, #1679, .F. ) ;
#6400 = CARTESIAN_POINT ( 'NONE',  ( -23.50000000000002132, -7.000000000000004441, 4.000000000000000888 ) ) ;
#6401 = ORIENTED_EDGE ( 'NONE', *, *, #6669, .T. ) ;
#6402 = DIRECTION ( 'NONE',  ( -0.000000000000000000, -0.000000000000000000, -1.000000000000000000 ) ) ;
#6403 = EDGE_CURVE ( 'NONE', #4725, #4305, #6727, .T. ) ;
#6404 = DIRECTION ( 'NONE',  ( -0.9667633338930341491, 0.2556729478064223016, 0.000000000000000000 ) ) ;
#6405 = AXIS2_PLACEMENT_3D ( 'NONE', #3092, #1057, #6266 ) ;
#6406 = EDGE_CURVE ( 'NONE', #2252, #3835, #525, .T. ) ;
#6407 = DIRECTION ( 'NONE',  ( -0.9667633338930343712, -0.2556729478064219685, 0.000000000000000000 ) ) ;
#6408 = CIRCLE ( 'NONE', #2956, 1.000000000000000000 ) ;
#6409 = DIRECTION ( 'NONE',  ( -0.000000000000000000, -1.000000000000000000, -2.551063935260008765E-17 ) ) ;
#6410 = ORIENTED_EDGE ( 'NONE', *, *, #158, .T. ) ;
#6411 = CARTESIAN_POINT ( 'NONE',  ( 74.60333844267950099, -23.50000000000000000, -0.5000000000000004441 ) ) ;
#6412 = ADVANCED_FACE ( 'NONE', ( #101 ), #1690, .F. ) ;
#6413 = CARTESIAN_POINT ( 'NONE',  ( 68.48732929018946436, -16.85573382074009530, -0.5000000000000004441 ) ) ;
#6414 = VERTEX_POINT ( 'NONE', #5852 ) ;
#6415 = CIRCLE ( 'NONE', #4197, 1.000000000000000888 ) ;
#6416 = CARTESIAN_POINT ( 'NONE',  ( 75.25644541605322502, -24.25881597577796711, 1.480198891063835953 ) ) ;
#6417 = DIRECTION ( 'NONE',  ( 0.000000000000000000, -1.000000000000000000, 0.000000000000000000 ) ) ;
#6418 = CYLINDRICAL_SURFACE ( 'NONE', #3152, 3.000000000000000000 ) ;
#6419 = ORIENTED_EDGE ( 'NONE', *, *, #6829, .T. ) ;
#6420 = LINE ( 'NONE', #502, #3047 ) ;
#6421 = AXIS2_PLACEMENT_3D ( 'NONE', #3895, #687, #1781 ) ;
#6422 = CARTESIAN_POINT ( 'NONE',  ( 75.01909820294729059, -22.59052552441420048, 3.101814692419273989 ) ) ;
#6423 = DIRECTION ( 'NONE',  ( -0.7313537016191743456, 0.6819983600624943687, 0.000000000000000000 ) ) ;
#6424 = ORIENTED_EDGE ( 'NONE', *, *, #3862, .F. ) ;
#6425 = DIRECTION ( 'NONE',  ( -0.000000000000000000, 0.000000000000000000, -1.000000000000000000 ) ) ;
#6426 = AXIS2_PLACEMENT_3D ( 'NONE', #2650, #11, #4794 ) ;
#6427 = CARTESIAN_POINT ( 'NONE',  ( 0.4452982224756890095, -20.74286555176730573, 3.346498499600552012 ) ) ;
#6428 = EDGE_LOOP ( 'NONE', ( #424, #6702, #912, #3899 ) ) ;
#6429 = VERTEX_POINT ( 'NONE', #5960 ) ;
#6430 = DIRECTION ( 'NONE',  ( 1.000000000000000000, -1.211399075402798040E-16, 0.000000000000000000 ) ) ;
#6431 = VERTEX_POINT ( 'NONE', #4318 ) ;
#6432 = CARTESIAN_POINT ( 'NONE',  ( 35.25000000000000711, -18.50000000000000000, 3.500000000000003109 ) ) ;
#6433 = ORIENTED_EDGE ( 'NONE', *, *, #6486, .F. ) ;
#6434 = CARTESIAN_POINT ( 'NONE',  ( 1.600000000000000089, 1.959434878635765230E-16, 0.000000000000000000 ) ) ;
#6435 = ORIENTED_EDGE ( 'NONE', *, *, #6068, .T. ) ;
#6436 = CARTESIAN_POINT ( 'NONE',  ( 0.4576338188774069504, -23.79935615910761726, 3.278051747475045463 ) ) ;
#6437 = DIRECTION ( 'NONE',  ( 0.000000000000000000, 0.000000000000000000, 1.000000000000000000 ) ) ;
#6438 = CARTESIAN_POINT ( 'NONE',  ( -21.00000000000001066, -26.50000000000000355, 2.000000000000000000 ) ) ;
#6439 = EDGE_CURVE ( 'NONE', #1412, #1346, #2213, .T. ) ;
#6440 = VECTOR ( 'NONE', #3543, 1000.000000000000000 ) ;
#6441 = CARTESIAN_POINT ( 'NONE',  ( -15.49999999999999822, -4.499999999999997335, 0.000000000000000000 ) ) ;
#6442 = EDGE_LOOP ( 'NONE', ( #4565, #4651, #2071, #6622, #5415, #1784, #3892, #5326 ) ) ;
#6443 = CARTESIAN_POINT ( 'NONE',  ( -7.368174807915457869, 1.400000000000004352, -1.699999999999999734 ) ) ;
#6444 = VERTEX_POINT ( 'NONE', #1584 ) ;
#6445 = AXIS2_PLACEMENT_3D ( 'NONE', #364, #5280, #4066 ) ;
#6446 = DIRECTION ( 'NONE',  ( 0.000000000000000000, 0.000000000000000000, -1.000000000000000000 ) ) ;
#6447 = EDGE_CURVE ( 'NONE', #631, #942, #3203, .T. ) ;
#6448 = CARTESIAN_POINT ( 'NONE',  ( -1.052364393954625443, -11.50000000000000711, -55.82353258373179727 ) ) ;
#6449 = CARTESIAN_POINT ( 'NONE',  ( 36.41227766016831424, 0.000000000000000000, -7.431795761534271350 ) ) ;
#6450 = ORIENTED_EDGE ( 'NONE', *, *, #6456, .F. ) ;
#6451 = EDGE_CURVE ( 'NONE', #367, #5458, #2151, .T. ) ;
#6452 = VECTOR ( 'NONE', #116, 1000.000000000000000 ) ;
#6453 = FACE_OUTER_BOUND ( 'NONE', #3015, .T. ) ;
#6454 = DIRECTION ( 'NONE',  ( -1.000000000000000000, 0.000000000000000000, 0.000000000000000000 ) ) ;
#6455 = DIRECTION ( 'NONE',  ( 0.000000000000000000, 0.000000000000000000, -1.000000000000000000 ) ) ;
#6456 = EDGE_CURVE ( 'NONE', #22, #2487, #4282, .T. ) ;
#6457 = CIRCLE ( 'NONE', #1544, 1.000000000000000888 ) ;
#6458 = EDGE_CURVE ( 'NONE', #1885, #1917, #1658, .T. ) ;
#6459 = CARTESIAN_POINT ( 'NONE',  ( 0.4862531855678638437, -20.62592383562746434, 3.058267972562371373 ) ) ;
#6460 = ORIENTED_EDGE ( 'NONE', *, *, #1147, .F. ) ;
#6461 = EDGE_CURVE ( 'NONE', #5870, #1135, #1197, .T. ) ;
#6462 = ORIENTED_EDGE ( 'NONE', *, *, #5324, .F. ) ;
#6463 = CARTESIAN_POINT ( 'NONE',  ( -2.750000000000064837, -21.50000000000000000, 3.999999999999995559 ) ) ;
#6464 = DIRECTION ( 'NONE',  ( -1.000000000000000000, -3.469446951953614189E-15, 0.000000000000000000 ) ) ;
#6465 = DIRECTION ( 'NONE',  ( -0.000000000000000000, -0.000000000000000000, -1.000000000000000000 ) ) ;
#6466 = ORIENTED_EDGE ( 'NONE', *, *, #2748, .T. ) ;
#6467 = ORIENTED_EDGE ( 'NONE', *, *, #5357, .T. ) ;
#6468 = DIRECTION ( 'NONE',  ( 0.000000000000000000, 0.000000000000000000, 1.000000000000000000 ) ) ;
#6469 = ORIENTED_EDGE ( 'NONE', *, *, #5858, .F. ) ;
#6470 = CARTESIAN_POINT ( 'NONE',  ( 0.4122776601683183495, -23.57956616564787566, 3.500000000000000444 ) ) ;
#6471 = LINE ( 'NONE', #2669, #3478 ) ;
#6472 = ORIENTED_EDGE ( 'NONE', *, *, #5827, .T. ) ;
#6473 = LINE ( 'NONE', #5849, #1947 ) ;
#6474 = EDGE_CURVE ( 'NONE', #3426, #4487, #5608, .T. ) ;
#6475 = CARTESIAN_POINT ( 'NONE',  ( 3.000000000000002665, -16.50000000000001066, -0.5000000000000000000 ) ) ;
#6476 = ORIENTED_EDGE ( 'NONE', *, *, #5444, .T. ) ;
#6477 = CARTESIAN_POINT ( 'NONE',  ( 4.420904884749274899, 0.8400000000000009681, 3.500000000000000000 ) ) ;
#6478 = ORIENTED_EDGE ( 'NONE', *, *, #549, .F. ) ;
#6479 = PLANE ( 'NONE',  #854 ) ;
#6480 = DIRECTION ( 'NONE',  ( 1.000000000000000000, 0.000000000000000000, 0.000000000000000000 ) ) ;
#6481 = DIRECTION ( 'NONE',  ( -1.000000000000000000, 0.000000000000000000, 0.000000000000000000 ) ) ;
#6482 = VERTEX_POINT ( 'NONE', #33 ) ;
#6483 = CARTESIAN_POINT ( 'NONE',  ( 63.50000000000001421, -16.50000000000000355, 91.99722379239923953 ) ) ;
#6484 = CARTESIAN_POINT ( 'NONE',  ( 37.41227766016831424, -21.33047371415610627, 3.500000000000003109 ) ) ;
#6485 = VECTOR ( 'NONE', #3571, 1000.000000000000000 ) ;
#6486 = EDGE_CURVE ( 'NONE', #2167, #2764, #2114, .T. ) ;
#6487 = CARTESIAN_POINT ( 'NONE',  ( 59.06219459593107501, -16.63925516693673146, -55.82353258373179727 ) ) ;
#6488 = DIRECTION ( 'NONE',  ( -1.000000000000000000, 0.000000000000000000, 0.000000000000000000 ) ) ;
#6489 = AXIS2_PLACEMENT_3D ( 'NONE', #4036, #2419, #3609 ) ;
#6490 = DIRECTION ( 'NONE',  ( -0.6588932476030266994, -0.7522364576801211511, 0.000000000000000000 ) ) ;
#6491 = VECTOR ( 'NONE', #6367, 1000.000000000000000 ) ;
#6492 = ORIENTED_EDGE ( 'NONE', *, *, #4460, .T. ) ;
#6493 = EDGE_LOOP ( 'NONE', ( #3170, #5147, #6472, #1977 ) ) ;
#6494 = AXIS2_PLACEMENT_3D ( 'NONE', #5077, #6743, #2440 ) ;
#6495 = EDGE_CURVE ( 'NONE', #4598, #3324, #3340, .T. ) ;
#6496 = DIRECTION ( 'NONE',  ( -0.000000000000000000, -1.000000000000000000, -0.000000000000000000 ) ) ;
#6497 = ORIENTED_EDGE ( 'NONE', *, *, #5938, .T. ) ;
#6498 = VECTOR ( 'NONE', #4524, 1000.000000000000114 ) ;
#6499 = PLANE ( 'NONE',  #940 ) ;
#6500 = CARTESIAN_POINT ( 'NONE',  ( -3.413301413797751760, -15.75000000000000000, 3.500000000000000000 ) ) ;
#6501 = VECTOR ( 'NONE', #1865, 1000.000000000000000 ) ;
#6502 = ORIENTED_EDGE ( 'NONE', *, *, #6244, .T. ) ;
#6503 = CIRCLE ( 'NONE', #3487, 1.599999999999997202 ) ;
#6504 = EDGE_LOOP ( 'NONE', ( #4099, #793, #2349, #5978, #5260, #1148 ) ) ;
#6505 = DIRECTION ( 'NONE',  ( 0.000000000000000000, 1.000000000000000000, 0.000000000000000000 ) ) ;
#6506 = CIRCLE ( 'NONE', #1242, 2.000000000000001776 ) ;
#6507 = ORIENTED_EDGE ( 'NONE', *, *, #3352, .F. ) ;
#6508 = CARTESIAN_POINT ( 'NONE',  ( 35.00000000000000000, 0.000000000000000000, 3.500000000000000000 ) ) ;
#6509 = EDGE_CURVE ( 'NONE', #6066, #3755, #4008, .T. ) ;
#6510 = ORIENTED_EDGE ( 'NONE', *, *, #3564, .F. ) ;
#6511 = AXIS2_PLACEMENT_3D ( 'NONE', #673, #2788, #5550 ) ;
#6512 = DIRECTION ( 'NONE',  ( 1.000000000000000000, 0.000000000000000000, -0.000000000000000000 ) ) ;
#6513 = ORIENTED_EDGE ( 'NONE', *, *, #3990, .T. ) ;
#6514 = AXIS2_PLACEMENT_3D ( 'NONE', #6228, #4774, #5743 ) ;
#6515 = LINE ( 'NONE', #5394, #2851 ) ;
#6516 = CIRCLE ( 'NONE', #4962, 1.000000000000000888 ) ;
#6517 = DIRECTION ( 'NONE',  ( -0.000000000000000000, -1.000000000000000000, -0.000000000000000000 ) ) ;
#6518 = ORIENTED_EDGE ( 'NONE', *, *, #4790, .F. ) ;
#6519 = CIRCLE ( 'NONE', #4507, 1.000000000000000888 ) ;
#6520 = CARTESIAN_POINT ( 'NONE',  ( -3.413301413797751760, -15.75000000000000000, -3.914063024657434831 ) ) ;
#6521 = ORIENTED_EDGE ( 'NONE', *, *, #6403, .F. ) ;
#6522 = DIRECTION ( 'NONE',  ( 0.000000000000000000, -1.000000000000000000, 0.000000000000000000 ) ) ;
#6523 = CARTESIAN_POINT ( 'NONE',  ( 4.468929208867482572, -2.304226675533800783, 6.000000000000000000 ) ) ;
#6524 = CARTESIAN_POINT ( 'NONE',  ( 79.50000000000001421, 0.4999999999999970024, 6.001000000000000334 ) ) ;
#6525 = VERTEX_POINT ( 'NONE', #5090 ) ;
#6526 = CARTESIAN_POINT ( 'NONE',  ( 31.25000000000000711, -12.93565627928923156, 3.500000000000003109 ) ) ;
#6527 = CARTESIAN_POINT ( 'NONE',  ( 70.00000000000000000, 0.000000000000000000, 0.000000000000000000 ) ) ;
#6528 = VECTOR ( 'NONE', #4970, 1000.000000000000000 ) ;
#6529 = CARTESIAN_POINT ( 'NONE',  ( -3.849999999999992095, -11.49702692197741527, 3.500000000000000000 ) ) ;
#6530 = FACE_OUTER_BOUND ( 'NONE', #6428, .T. ) ;
#6531 = CARTESIAN_POINT ( 'NONE',  ( -22.50000000000000000, -3.600000000000004974, -1.700000000000000178 ) ) ;
#6532 = AXIS2_PLACEMENT_3D ( 'NONE', #1620, #523, #5991 ) ;
#6533 = ADVANCED_FACE ( 'NONE', ( #5501 ), #5637, .F. ) ;
#6534 = VERTEX_POINT ( 'NONE', #3436 ) ;
#6535 = ORIENTED_EDGE ( 'NONE', *, *, #1290, .F. ) ;
#6536 = DIRECTION ( 'NONE',  ( -0.000000000000000000, -0.000000000000000000, 1.000000000000000000 ) ) ;
#6537 = ORIENTED_EDGE ( 'NONE', *, *, #1128, .F. ) ;
#6538 = VECTOR ( 'NONE', #5875, 1000.000000000000114 ) ;
#6539 = DIRECTION ( 'NONE',  ( 1.000000000000000000, -0.000000000000000000, 0.000000000000000000 ) ) ;
#6540 = DIRECTION ( 'NONE',  ( -1.000000000000000000, 0.000000000000000000, 0.000000000000000000 ) ) ;
#6541 = EDGE_CURVE ( 'NONE', #2615, #6003, #276, .T. ) ;
#6542 = ORIENTED_EDGE ( 'NONE', *, *, #4199, .F. ) ;
#6543 = EDGE_LOOP ( 'NONE', ( #4977, #5040, #2375, #2235, #2621 ) ) ;
#6544 = EDGE_LOOP ( 'NONE', ( #3348, #4108, #5630, #3392 ) ) ;
#6545 = CARTESIAN_POINT ( 'NONE',  ( 0.5000055650041019817, -23.90958469767492289, 2.906104123970221664 ) ) ;
#6546 = DIRECTION ( 'NONE',  ( 0.000000000000000000, 0.000000000000000000, 1.000000000000000000 ) ) ;
#6547 = ORIENTED_EDGE ( 'NONE', *, *, #4616, .T. ) ;
#6548 = DIRECTION ( 'NONE',  ( 1.000000000000000000, 0.000000000000000000, 0.000000000000000000 ) ) ;
#6549 = EDGE_CURVE ( 'NONE', #1232, #1391, #5541, .T. ) ;
#6550 = EDGE_CURVE ( 'NONE', #5176, #3053, #699, .T. ) ;
#6551 = DIRECTION ( 'NONE',  ( 1.000000000000000000, 0.000000000000000000, 0.000000000000000000 ) ) ;
#6552 = EDGE_CURVE ( 'NONE', #2602, #4447, #2949, .T. ) ;
#6553 = ORIENTED_EDGE ( 'NONE', *, *, #5948, .F. ) ;
#6554 = CARTESIAN_POINT ( 'NONE',  ( -22.50000000000000000, -3.599999999999995648, -4.000000000000000000 ) ) ;
#6555 = VERTEX_POINT ( 'NONE', #3977 ) ;
#6556 = CIRCLE ( 'NONE', #1861, 1.249999999999997558 ) ;
#6557 = CARTESIAN_POINT ( 'NONE',  ( 43.85374360817894512, -23.50000000000000000, 91.99722379239923953 ) ) ;
#6558 = ADVANCED_FACE ( 'NONE', ( #1860 ), #6157, .T. ) ;
#6559 = DIRECTION ( 'NONE',  ( -1.000000000000000000, 0.000000000000000000, 0.000000000000000000 ) ) ;
#6560 = FACE_OUTER_BOUND ( 'NONE', #6744, .T. ) ;
#6561 = EDGE_LOOP ( 'NONE', ( #6424, #5453, #5007, #6450 ) ) ;
#6562 = EDGE_CURVE ( 'NONE', #2351, #6750, #4899, .T. ) ;
#6563 = PLANE ( 'NONE',  #4069 ) ;
#6564 = DIRECTION ( 'NONE',  ( 0.000000000000000000, 0.000000000000000000, -1.000000000000000000 ) ) ;
#6565 = AXIS2_PLACEMENT_3D ( 'NONE', #4490, #1734, #5028 ) ;
#6566 = DIRECTION ( 'NONE',  ( 1.000000000000000000, -0.000000000000000000, -0.000000000000000000 ) ) ;
#6567 = CARTESIAN_POINT ( 'NONE',  ( 3.000000000000002665, -16.50000000000001066, -0.5000000000000000000 ) ) ;
#6568 = PLANE ( 'NONE',  #3791 ) ;
#6569 = VECTOR ( 'NONE', #327, 1000.000000000000000 ) ;
#6570 = ORIENTED_EDGE ( 'NONE', *, *, #3108, .F. ) ;
#6571 = ORIENTED_EDGE ( 'NONE', *, *, #6772, .T. ) ;
#6572 = DIRECTION ( 'NONE',  ( -0.7071067811865491270, 0.7071067811865459074, 0.000000000000000000 ) ) ;
#6573 = ORIENTED_EDGE ( 'NONE', *, *, #3044, .F. ) ;
#6574 = AXIS2_PLACEMENT_3D ( 'NONE', #851, #6842, #3553 ) ;
#6575 = PLANE ( 'NONE',  #5314 ) ;
#6576 = VECTOR ( 'NONE', #4670, 1000.000000000000000 ) ;
#6577 = CYLINDRICAL_SURFACE ( 'NONE', #1873, 1.000000000000000888 ) ;
#6578 = ADVANCED_FACE ( 'NONE', ( #2852 ), #5600, .F. ) ;
#6579 = ORIENTED_EDGE ( 'NONE', *, *, #2450, .T. ) ;
#6580 = ORIENTED_EDGE ( 'NONE', *, *, #6891, .F. ) ;
#6581 = ORIENTED_EDGE ( 'NONE', *, *, #1759, .F. ) ;
#6582 = CYLINDRICAL_SURFACE ( 'NONE', #129, 4.500000000000003553 ) ;
#6583 = DIRECTION ( 'NONE',  ( -1.000000000000000000, 1.211399075402798040E-16, 0.000000000000000000 ) ) ;
#6584 = EDGE_CURVE ( 'NONE', #481, #219, #4456, .T. ) ;
#6585 = FACE_OUTER_BOUND ( 'NONE', #3514, .T. ) ;
#6586 = EDGE_CURVE ( 'NONE', #1708, #3019, #4063, .T. ) ;
#6587 = DIRECTION ( 'NONE',  ( 0.000000000000000000, 0.000000000000000000, 1.000000000000000000 ) ) ;
#6588 = VERTEX_POINT ( 'NONE', #6027 ) ;
#6589 = CARTESIAN_POINT ( 'NONE',  ( 33.24999999999992895, -26.50000000000000000, 2.750000000000000000 ) ) ;
#6590 = ORIENTED_EDGE ( 'NONE', *, *, #2717, .T. ) ;
#6591 = EDGE_CURVE ( 'NONE', #3169, #566, #1231, .T. ) ;
#6592 = PRODUCT_RELATED_PRODUCT_CATEGORY ( 'part', '', ( #2041 ) ) ;
#6593 = DIRECTION ( 'NONE',  ( 0.000000000000000000, 0.000000000000000000, -1.000000000000000000 ) ) ;
#6594 = DIRECTION ( 'NONE',  ( -1.000000000000000000, 0.000000000000000000, 0.000000000000000000 ) ) ;
#6595 = DIRECTION ( 'NONE',  ( -0.9667633338930342601, 0.2556729478064220795, 0.000000000000000000 ) ) ;
#6596 = ORIENTED_EDGE ( 'NONE', *, *, #2262, .F. ) ;
#6597 = DIRECTION ( 'NONE',  ( 1.000000000000000000, 0.000000000000000000, 0.000000000000000000 ) ) ;
#6598 = DIRECTION ( 'NONE',  ( -0.000000000000000000, -0.000000000000000000, -1.000000000000000000 ) ) ;
#6599 = ADVANCED_FACE ( 'NONE', ( #6061 ), #732, .F. ) ;
#6600 = CARTESIAN_POINT ( 'NONE',  ( 1.750000000000002220, -16.50000000000001066, -4.000999999999999446 ) ) ;
#6601 = DIRECTION ( 'NONE',  ( 1.000000000000000000, 0.000000000000000000, -0.000000000000000000 ) ) ;
#6602 = ORIENTED_EDGE ( 'NONE', *, *, #5022, .T. ) ;
#6603 = VERTEX_POINT ( 'NONE', #2348 ) ;
#6604 = EDGE_CURVE ( 'NONE', #6654, #4598, #2070, .T. ) ;
#6605 = CARTESIAN_POINT ( 'NONE',  ( 40.61109605065644246, -3.281097546600489689, 0.9999999999999997780 ) ) ;
#6606 = VERTEX_POINT ( 'NONE', #3083 ) ;
#6607 = DIRECTION ( 'NONE',  ( 0.000000000000000000, 0.000000000000000000, -1.000000000000000000 ) ) ;
#6608 = DIRECTION ( 'NONE',  ( 1.259855038418910030E-16, 1.000000000000000000, 0.000000000000000000 ) ) ;
#6609 = ORIENTED_EDGE ( 'NONE', *, *, #5107, .F. ) ;
#6610 = VERTEX_POINT ( 'NONE', #3647 ) ;
#6611 = AXIS2_PLACEMENT_3D ( 'NONE', #2569, #2044, #6344 ) ;
#6612 = ORIENTED_EDGE ( 'NONE', *, *, #460, .T. ) ;
#6613 = CARTESIAN_POINT ( 'NONE',  ( 6.284715534938208670, -14.21731652335774676, 3.500000000000003109 ) ) ;
#6614 = CIRCLE ( 'NONE', #5601, 4.000000000000003553 ) ;
#6615 = CARTESIAN_POINT ( 'NONE',  ( 63.50000000000001421, -16.50000000000000355, 6.000000000000000000 ) ) ;
#6616 = CARTESIAN_POINT ( 'NONE',  ( -15.50000000000000000, -3.599999999999995204, -11.89803902718557005 ) ) ;
#6617 = VECTOR ( 'NONE', #2132, 1000.000000000000000 ) ;
#6618 = AXIS2_PLACEMENT_3D ( 'NONE', #6443, #1763, #3876 ) ;
#6619 = VECTOR ( 'NONE', #1554, 1000.000000000000000 ) ;
#6620 = EDGE_CURVE ( 'NONE', #474, #6325, #6792, .T. ) ;
#6621 = CARTESIAN_POINT ( 'NONE',  ( 6.488585344085265660, -18.45698040282307062, 3.500000000000000000 ) ) ;
#6622 = ORIENTED_EDGE ( 'NONE', *, *, #6250, .F. ) ;
#6623 = FACE_OUTER_BOUND ( 'NONE', #4087, .T. ) ;
#6624 = VECTOR ( 'NONE', #3054, 1000.000000000000000 ) ;
#6625 = AXIS2_PLACEMENT_3D ( 'NONE', #6812, #3558, #2933 ) ;
#6626 = ORIENTED_EDGE ( 'NONE', *, *, #6807, .F. ) ;
#6627 = CARTESIAN_POINT ( 'NONE',  ( -12.50000000000000355, -8.500000000000007105, 0.5000000000000004441 ) ) ;
#6628 = LINE ( 'NONE', #635, #4234 ) ;
#6629 = CIRCLE ( 'NONE', #5625, 1.000000000000000888 ) ;
#6630 = EDGE_CURVE ( 'NONE', #6278, #3685, #2831, .T. ) ;
#6631 = DIRECTION ( 'NONE',  ( 1.000000000000000000, 0.000000000000000000, -0.000000000000000000 ) ) ;
#6632 = ORIENTED_EDGE ( 'NONE', *, *, #1299, .F. ) ;
#6633 = CARTESIAN_POINT ( 'NONE',  ( 10.87561080813789793, -16.77851033387344870, -0.5000000000000004441 ) ) ;
#6634 = DIRECTION ( 'NONE',  ( -0.000000000000000000, -0.000000000000000000, -1.000000000000000000 ) ) ;
#6635 = AXIS2_PLACEMENT_3D ( 'NONE', #1931, #5673, #1334 ) ;
#6636 = CARTESIAN_POINT ( 'NONE',  ( -7.349999999999995204, -26.50000000000000355, -0.5000000000000000000 ) ) ;
#6637 = ORIENTED_EDGE ( 'NONE', *, *, #4094, .F. ) ;
#6638 = DIRECTION ( 'NONE',  ( 1.000000000000000000, -1.214306433183763956E-13, 0.000000000000000000 ) ) ;
#6639 = EDGE_CURVE ( 'NONE', #4437, #1232, #4587, .T. ) ;
#6640 = VERTEX_POINT ( 'NONE', #3049 ) ;
#6641 = ORIENTED_EDGE ( 'NONE', *, *, #512, .F. ) ;
#6642 = CIRCLE ( 'NONE', #3626, 3.000000000000002665 ) ;
#6643 = EDGE_CURVE ( 'NONE', #3911, #5961, #785, .T. ) ;
#6644 = DIRECTION ( 'NONE',  ( 0.000000000000000000, 0.000000000000000000, 1.000000000000000000 ) ) ;
#6645 = VERTEX_POINT ( 'NONE', #1960 ) ;
#6646 = B_SPLINE_CURVE_WITH_KNOTS ( 'NONE', 3,
 ( #192, #3325, #5452, #3422 ),
 .UNSPECIFIED., .F., .F.,
 ( 4, 4 ),
 ( -1.140176450874226709E-05, 0.0008476943825986841445 ),
 .UNSPECIFIED. ) ;
#6647 = DIRECTION ( 'NONE',  ( -1.000000000000000000, 0.000000000000000000, 0.000000000000000000 ) ) ;
#6648 = CIRCLE ( 'NONE', #6532, 3.000000000000000000 ) ;
#6649 = FACE_OUTER_BOUND ( 'NONE', #2064, .T. ) ;
#6650 = ORIENTED_EDGE ( 'NONE', *, *, #2568, .T. ) ;
#6651 = ORIENTED_EDGE ( 'NONE', *, *, #719, .T. ) ;
#6652 = CARTESIAN_POINT ( 'NONE',  ( -5.849999999999992539, -16.50000000000000000, -0.5000000000000004441 ) ) ;
#6653 = AXIS2_PLACEMENT_3D ( 'NONE', #3361, #1883, #1220 ) ;
#6654 = VERTEX_POINT ( 'NONE', #4176 ) ;
#6655 = CARTESIAN_POINT ( 'NONE',  ( 2.000000000000000444, -0.5999999999999998668, 3.500000000000000000 ) ) ;
#6656 = DIRECTION ( 'NONE',  ( -1.000000000000000000, 0.000000000000000000, 0.000000000000000000 ) ) ;
#6657 = CARTESIAN_POINT ( 'NONE',  ( -5.740332142833193707, -10.50000000000000711, 3.500000000000003109 ) ) ;
#6658 = VERTEX_POINT ( 'NONE', #4213 ) ;
#6659 = CARTESIAN_POINT ( 'NONE',  ( 36.60000000000000142, 1.959434878635763751E-16, 3.500000000000000000 ) ) ;
#6660 = ORIENTED_EDGE ( 'NONE', *, *, #6370, .F. ) ;
#6661 = EDGE_CURVE ( 'NONE', #2214, #2530, #2469, .T. ) ;
#6662 = CARTESIAN_POINT ( 'NONE',  ( 80.75000000000001421, 0.4999999999999970579, 6.001000000000000334 ) ) ;
#6663 =( BOUNDED_CURVE ( )  B_SPLINE_CURVE ( 3, ( #6386, #3246, #4297, #6422 ),
 .UNSPECIFIED., .F., .T. ) 
 B_SPLINE_CURVE_WITH_KNOTS ( ( 4, 4 ),
 ( 3.033129438985871396, 3.250055868193712172 ),
 .UNSPECIFIED. ) 
 CURVE ( )  GEOMETRIC_REPRESENTATION_ITEM ( )  RATIONAL_B_SPLINE_CURVE ( ( 1.000000000000000000, 0.9960824199082322083, 0.9960824199082322083, 1.000000000000000000 ) ) 
 REPRESENTATION_ITEM ( '' )  );
#6664 = CARTESIAN_POINT ( 'NONE',  ( 0.000000000000000000, 0.000000000000000000, 6.000000000000000000 ) ) ;
#6665 = VERTEX_POINT ( 'NONE', #306 ) ;
#6666 = CARTESIAN_POINT ( 'NONE',  ( -29.00000000000000000, -14.49999999999999822, 2.000000000000000000 ) ) ;
#6667 = CARTESIAN_POINT ( 'NONE',  ( 63.50000000000001421, -16.50000000000000355, -0.5000000000000000000 ) ) ;
#6668 = VECTOR ( 'NONE', #6121, 1000.000000000000000 ) ;
#6669 = EDGE_CURVE ( 'NONE', #3375, #2843, #4139, .T. ) ;
#6670 = DIRECTION ( 'NONE',  ( -0.000000000000000000, -0.000000000000000000, -1.000000000000000000 ) ) ;
#6671 = FACE_OUTER_BOUND ( 'NONE', #5582, .T. ) ;
#6672 = ORIENTED_EDGE ( 'NONE', *, *, #181, .F. ) ;
#6673 = AXIS2_PLACEMENT_3D ( 'NONE', #106, #6522, #667 ) ;
#6674 = CARTESIAN_POINT ( 'NONE',  ( 1.103821443123443879, -12.97799675178436907, 91.99722379239923953 ) ) ;
#6675 = DIRECTION ( 'NONE',  ( 1.000000000000000000, 0.000000000000000000, 0.000000000000000000 ) ) ;
#6676 = ORIENTED_EDGE ( 'NONE', *, *, #4799, .F. ) ;
#6677 = EDGE_CURVE ( 'NONE', #3399, #3905, #5221, .T. ) ;
#6678 = EDGE_CURVE ( 'NONE', #3059, #6603, #5804, .T. ) ;
#6679 = CARTESIAN_POINT ( 'NONE',  ( 78.25000000000001421, 0.4999999999999970024, 6.000000000000000000 ) ) ;
#6680 = AXIS2_PLACEMENT_3D ( 'NONE', #2017, #1395, #6320 ) ;
#6681 = PLANE ( 'NONE',  #297 ) ;
#6682 = VERTEX_POINT ( 'NONE', #1545 ) ;
#6683 = VERTEX_POINT ( 'NONE', #375 ) ;
#6684 = DIRECTION ( 'NONE',  ( -1.000000000000000000, 0.000000000000000000, -0.000000000000000000 ) ) ;
#6685 = VECTOR ( 'NONE', #4855, 1000.000000000000000 ) ;
#6686 = CARTESIAN_POINT ( 'NONE',  ( 75.08772233983154365, -22.62514444610564723, 3.500000000000003109 ) ) ;
#6687 = EDGE_CURVE ( 'NONE', #2127, #1018, #3819, .T. ) ;
#6688 = CARTESIAN_POINT ( 'NONE',  ( 30.08772233983155431, -20.09042769776575810, 1.999999999999998668 ) ) ;
#6689 = DIRECTION ( 'NONE',  ( 0.000000000000000000, 0.000000000000000000, 1.000000000000000000 ) ) ;
#6690 = DIRECTION ( 'NONE',  ( 0.000000000000000000, 1.000000000000000000, 0.000000000000000000 ) ) ;
#6691 = ORIENTED_EDGE ( 'NONE', *, *, #2838, .F. ) ;
#6692 = DIRECTION ( 'NONE',  ( -1.000000000000000000, 0.000000000000000000, 0.000000000000000000 ) ) ;
#6693 = ORIENTED_EDGE ( 'NONE', *, *, #1529, .T. ) ;
#6694 = ADVANCED_FACE ( 'NONE', ( #1435 ), #4625, .F. ) ;
#6695 = CARTESIAN_POINT ( 'NONE',  ( 35.00000000000000000, 0.000000000000000000, 6.000000000000000000 ) ) ;
#6696 = DIRECTION ( 'NONE',  ( 1.000000000000000000, 0.000000000000000000, 0.000000000000000000 ) ) ;
#6697 = CARTESIAN_POINT ( 'NONE',  ( 93.50200000000000955, -7.000000000000004441, 4.000000000000000888 ) ) ;
#6698 = ORIENTED_EDGE ( 'NONE', *, *, #3595, .T. ) ;
#6699 = ORIENTED_EDGE ( 'NONE', *, *, #6329, .F. ) ;
#6700 = DIRECTION ( 'NONE',  ( 1.000000000000000000, 0.000000000000000000, 0.000000000000000000 ) ) ;
#6701 = CARTESIAN_POINT ( 'NONE',  ( -1.600000000000000089, 0.000000000000000000, 0.000000000000000000 ) ) ;
#6702 = ORIENTED_EDGE ( 'NONE', *, *, #1211, .F. ) ;
#6703 = DIRECTION ( 'NONE',  ( 0.000000000000000000, 0.000000000000000000, 1.000000000000000000 ) ) ;
#6704 = CARTESIAN_POINT ( 'NONE',  ( -5.500000000000000000, -3.599999999999995648, -1.700000000000000178 ) ) ;
#6705 = ORIENTED_EDGE ( 'NONE', *, *, #3391, .F. ) ;
#6706 = DIRECTION ( 'NONE',  ( -1.000000000000000000, -3.469446951953614189E-15, 0.000000000000000000 ) ) ;
#6707 = EDGE_CURVE ( 'NONE', #4696, #5803, #6845, .T. ) ;
#6708 = FACE_BOUND ( 'NONE', #5265, .T. ) ;
#6709 = VERTEX_POINT ( 'NONE', #6258 ) ;
#6710 = LINE ( 'NONE', #5763, #6200 ) ;
#6711 = DIRECTION ( 'NONE',  ( -0.000000000000000000, -0.000000000000000000, 1.000000000000000000 ) ) ;
#6712 = VERTEX_POINT ( 'NONE', #941 ) ;
#6713 = ORIENTED_EDGE ( 'NONE', *, *, #6310, .T. ) ;
#6714 = EDGE_CURVE ( 'NONE', #6610, #5502, #332, .T. ) ;
#6715 = CARTESIAN_POINT ( 'NONE',  ( 0.4122776601683184050, -21.00364639817820844, 3.500000000000003109 ) ) ;
#6716 = VECTOR ( 'NONE', #6330, 1000.000000000000000 ) ;
#6717 = CARTESIAN_POINT ( 'NONE',  ( -22.50000000000000000, -24.00000000000001421, 6.000000000000000000 ) ) ;
#6718 = VECTOR ( 'NONE', #1892, 1000.000000000000000 ) ;
#6719 = CARTESIAN_POINT ( 'NONE',  ( 44.85374360817894512, -24.50000000000000000, 3.500000000000003109 ) ) ;
#6720 = EDGE_CURVE ( 'NONE', #1833, #481, #5671, .T. ) ;
#6721 = DIRECTION ( 'NONE',  ( 0.000000000000000000, 0.000000000000000000, -1.000000000000000000 ) ) ;
#6722 = VECTOR ( 'NONE', #3588, 1000.000000000000000 ) ;
#6723 = VERTEX_POINT ( 'NONE', #2557 ) ;
#6724 = CARTESIAN_POINT ( 'NONE',  ( 92.54599508018748111, -0.2054665368511853218, 6.000000000000000000 ) ) ;
#6725 = ORIENTED_EDGE ( 'NONE', *, *, #4561, .T. ) ;
#6726 = CARTESIAN_POINT ( 'NONE',  ( -12.50000000000000355, -8.500000000000007105, -17.93908891458577060 ) ) ;
#6727 = CIRCLE ( 'NONE', #6164, 1.000000000000000000 ) ;
#6728 = LINE ( 'NONE', #1899, #6440 ) ;
#6729 = VECTOR ( 'NONE', #6566, 1000.000000000000000 ) ;
#6730 = DIRECTION ( 'NONE',  ( 0.000000000000000000, 0.000000000000000000, 1.000000000000000000 ) ) ;
#6731 = ORIENTED_EDGE ( 'NONE', *, *, #3940, .T. ) ;
#6732 = ORIENTED_EDGE ( 'NONE', *, *, #1925, .F. ) ;
#6733 = VECTOR ( 'NONE', #1491, 1000.000000000000000 ) ;
#6734 = DIRECTION ( 'NONE',  ( -0.7071067811865475727, -0.7071067811865475727, 0.000000000000000000 ) ) ;
#6735 = VECTOR ( 'NONE', #5189, 1000.000000000000000 ) ;
#6736 = ORIENTED_EDGE ( 'NONE', *, *, #6678, .F. ) ;
#6737 = CARTESIAN_POINT ( 'NONE',  ( -0.05236439395462548496, -11.50000000000000711, -0.5000000000000004441 ) ) ;
#6738 = DIRECTION ( 'NONE',  ( 0.6588932476030268104, 0.7522364576801209290, 0.000000000000000000 ) ) ;
#6739 = AXIS2_PLACEMENT_3D ( 'NONE', #3102, #5241, #5824 ) ;
#6740 = PLANE ( 'NONE',  #529 ) ;
#6741 = ORIENTED_EDGE ( 'NONE', *, *, #4207, .F. ) ;
#6742 = DIRECTION ( 'NONE',  ( 0.000000000000000000, 0.000000000000000000, 1.000000000000000000 ) ) ;
#6743 = DIRECTION ( 'NONE',  ( -0.000000000000000000, 0.000000000000000000, -1.000000000000000000 ) ) ;
#6744 = EDGE_LOOP ( 'NONE', ( #3971, #1783, #6873, #3236 ) ) ;
#6745 = CARTESIAN_POINT ( 'NONE',  ( 6.135136208847889350, -18.98413384340919663, 91.99722379239923953 ) ) ;
#6746 = EDGE_CURVE ( 'NONE', #5739, #4045, #1689, .T. ) ;
#6747 = CARTESIAN_POINT ( 'NONE',  ( 85.00000000000001421, -4.500000000000006217, 0.000000000000000000 ) ) ;
#6748 = VECTOR ( 'NONE', #2500, 1000.000000000000000 ) ;
#6749 = VERTEX_POINT ( 'NONE', #3120 ) ;
#6750 = VERTEX_POINT ( 'NONE', #5253 ) ;
#6751 = PLANE ( 'NONE',  #4829 ) ;
#6752 = CIRCLE ( 'NONE', #3069, 1.250000000000000222 ) ;
#6753 = CARTESIAN_POINT ( 'NONE',  ( 93.50000000000001421, -26.50000000000000000, 6.000000000000000000 ) ) ;
#6754 = EDGE_CURVE ( 'NONE', #4111, #2611, #439, .T. ) ;
#6755 = CARTESIAN_POINT ( 'NONE',  ( 79.50000000000001421, 0.4999999999999970024, 0.000000000000000000 ) ) ;
#6756 = AXIS2_PLACEMENT_3D ( 'NONE', #264, #1818, #3454 ) ;
#6757 = CARTESIAN_POINT ( 'NONE',  ( 0.000000000000000000, 0.000000000000000000, 3.500000000000000000 ) ) ;
#6758 = VERTEX_POINT ( 'NONE', #6434 ) ;
#6759 = DIRECTION ( 'NONE',  ( 0.000000000000000000, 0.000000000000000000, 1.000000000000000000 ) ) ;
#6760 = ORIENTED_EDGE ( 'NONE', *, *, #769, .T. ) ;
#6761 = FACE_OUTER_BOUND ( 'NONE', #4023, .T. ) ;
#6762 = EDGE_CURVE ( 'NONE', #6210, #6482, #4909, .T. ) ;
#6763 = AXIS2_PLACEMENT_3D ( 'NONE', #962, #4648, #4202 ) ;
#6764 = EDGE_CURVE ( 'NONE', #358, #646, #2581, .T. ) ;
#6765 = CARTESIAN_POINT ( 'NONE',  ( -0.7410796501650294132, -15.08425883328870931, 3.500000000000003109 ) ) ;
#6766 = EDGE_CURVE ( 'NONE', #2422, #5161, #2241, .T. ) ;
#6767 = DIRECTION ( 'NONE',  ( -0.000000000000000000, 0.000000000000000000, 1.000000000000000000 ) ) ;
#6768 = EDGE_LOOP ( 'NONE', ( #4244, #628, #4475, #5592 ) ) ;
#6769 = ORIENTED_EDGE ( 'NONE', *, *, #2412, .F. ) ;
#6770 = DIRECTION ( 'NONE',  ( -0.000000000000000000, -0.000000000000000000, -1.000000000000000000 ) ) ;
#6771 = CARTESIAN_POINT ( 'NONE',  ( -12.50000000000000711, -26.50000000000000355, 2.000000000000000000 ) ) ;
#6772 = EDGE_CURVE ( 'NONE', #586, #2000, #1682, .T. ) ;
#6773 = CARTESIAN_POINT ( 'NONE',  ( -12.50000000000000355, -14.23205080756887853, 1.999999999999998224 ) ) ;
#6774 = FACE_OUTER_BOUND ( 'NONE', #2531, .T. ) ;
#6775 = ADVANCED_FACE ( 'NONE', ( #3824 ), #1721, .F. ) ;
#6776 = CARTESIAN_POINT ( 'NONE',  ( 63.50000000000001421, -16.50000000000000355, -0.5000000000000000000 ) ) ;
#6777 = ORIENTED_EDGE ( 'NONE', *, *, #2919, .F. ) ;
#6778 = CYLINDRICAL_SURFACE ( 'NONE', #2155, 1.000000000000000888 ) ;
#6779 = FACE_BOUND ( 'NONE', #6287, .T. ) ;
#6780 = ORIENTED_EDGE ( 'NONE', *, *, #5089, .T. ) ;
#6781 = DIRECTION ( 'NONE',  ( -0.000000000000000000, 1.000000000000000000, -0.000000000000000000 ) ) ;
#6782 = VECTOR ( 'NONE', #3140, 1000.000000000000000 ) ;
#6783 = CARTESIAN_POINT ( 'NONE',  ( 0.4224881418587155268, -20.85085030799579187, 2.042164612167566951 ) ) ;
#6784 = VECTOR ( 'NONE', #3409, 1000.000000000000000 ) ;
#6785 = ORIENTED_EDGE ( 'NONE', *, *, #2717, .F. ) ;
#6786 = EDGE_LOOP ( 'NONE', ( #1158, #1786, #4719, #5115, #1207, #1683, #3526, #5193 ) ) ;
#6787 = AXIS2_PLACEMENT_3D ( 'NONE', #2445, #1751, #3492 ) ;
#6788 = CARTESIAN_POINT ( 'NONE',  ( -10.49999999999999822, -1.599999999999995648, -4.000000000000000000 ) ) ;
#6789 = CARTESIAN_POINT ( 'NONE',  ( 66.11539504185323324, -2.271529070723416588, 6.000000000000000000 ) ) ;
#6790 = FACE_OUTER_BOUND ( 'NONE', #5292, .T. ) ;
#6791 = AXIS2_PLACEMENT_3D ( 'NONE', #3992, #4404, #3889 ) ;
#6792 = LINE ( 'NONE', #5152, #4263 ) ;
#6793 = ORIENTED_EDGE ( 'NONE', *, *, #2407, .T. ) ;
#6794 = CARTESIAN_POINT ( 'NONE',  ( 2.000000000000000888, -3.600000000000000533, 3.500000000000000000 ) ) ;
#6795 = EDGE_CURVE ( 'NONE', #5664, #6325, #4374, .T. ) ;
#6796 = ORIENTED_EDGE ( 'NONE', *, *, #5052, .T. ) ;
#6797 = LINE ( 'NONE', #3125, #1710 ) ;
#6798 = VECTOR ( 'NONE', #2005, 1000.000000000000000 ) ;
#6799 = DIRECTION ( 'NONE',  ( 0.000000000000000000, -1.000000000000000000, 0.000000000000000000 ) ) ;
#6800 = DIRECTION ( 'NONE',  ( 0.000000000000000000, 0.000000000000000000, -1.000000000000000000 ) ) ;
#6801 = EDGE_LOOP ( 'NONE', ( #3252, #4779 ) ) ;
#6802 = ORIENTED_EDGE ( 'NONE', *, *, #1281, .T. ) ;
#6803 = DIRECTION ( 'NONE',  ( -0.9459459459459460540, -0.3243243243243237317, 0.000000000000000000 ) ) ;
#6804 = ADVANCED_FACE ( 'NONE', ( #5354 ), #2770, .F. ) ;
#6805 = DIRECTION ( 'NONE',  ( 0.000000000000000000, -1.000000000000000000, 0.000000000000000000 ) ) ;
#6806 = ORIENTED_EDGE ( 'NONE', *, *, #158, .F. ) ;
#6807 = EDGE_CURVE ( 'NONE', #3426, #438, #6506, .T. ) ;
#6808 = CARTESIAN_POINT ( 'NONE',  ( -4.500000000000000000, -1.599999999999995870, 0.000000000000000000 ) ) ;
#6809 = CARTESIAN_POINT ( 'NONE',  ( 85.00000000000001421, 1.000000000000001332, 1.725000000000000089 ) ) ;
#6810 = CARTESIAN_POINT ( 'NONE',  ( 68.48732929018946436, -16.85573382074009530, 91.99722379239923953 ) ) ;
#6811 = ORIENTED_EDGE ( 'NONE', *, *, #1081, .T. ) ;
#6812 = CARTESIAN_POINT ( 'NONE',  ( 70.00000000000000000, 0.000000000000000000, 3.000000000000000000 ) ) ;
#6813 = DIRECTION ( 'NONE',  ( -1.000000000000000000, 0.000000000000000000, -0.000000000000000000 ) ) ;
#6814 = DIRECTION ( 'NONE',  ( 1.000000000000000000, 3.469446951953611033E-15, 0.000000000000000000 ) ) ;
#6815 = ORIENTED_EDGE ( 'NONE', *, *, #3535, .F. ) ;
#6816 = DIRECTION ( 'NONE',  ( 0.9459459459459459429, 0.3243243243243243423, 0.000000000000000000 ) ) ;
#6817 = DIRECTION ( 'NONE',  ( -1.000000000000000000, 0.000000000000000000, 0.000000000000000000 ) ) ;
#6818 = VERTEX_POINT ( 'NONE', #1006 ) ;
#6819 = VERTEX_POINT ( 'NONE', #5878 ) ;
#6820 = LINE ( 'NONE', #1920, #6390 ) ;
#6821 = CARTESIAN_POINT ( 'NONE',  ( 73.67537375900982966, -20.32694737248047545, -0.5000000000000004441 ) ) ;
#6822 = DIRECTION ( 'NONE',  ( 0.7071067811865401342, 0.000000000000000000, -0.7071067811865549002 ) ) ;
#6823 = DIRECTION ( 'NONE',  ( 0.000000000000000000, 0.000000000000000000, 1.000000000000000000 ) ) ;
#6824 = VERTEX_POINT ( 'NONE', #482 ) ;
#6825 = CARTESIAN_POINT ( 'NONE',  ( -11.50000000000000355, -10.50000000000000711, 0.5000000000000004441 ) ) ;
#6826 = CARTESIAN_POINT ( 'NONE',  ( 32.25000000000000711, -11.71782813964461845, -55.82353258373179727 ) ) ;
#6827 = AXIS2_PLACEMENT_3D ( 'NONE', #5888, #3131, #1558 ) ;
#6828 = CARTESIAN_POINT ( 'NONE',  ( -11.50000000000000533, -12.50000000000000711, 0.5000000000000004441 ) ) ;
#6829 = EDGE_CURVE ( 'NONE', #1680, #6758, #4391, .T. ) ;
#6830 = AXIS2_PLACEMENT_3D ( 'NONE', #4246, #6512, #3200 ) ;
#6831 = CARTESIAN_POINT ( 'NONE',  ( 54.88006213966855285, -17.74527366776648662, -0.5000000000000143219 ) ) ;
#6832 = ORIENTED_EDGE ( 'NONE', *, *, #5650, .F. ) ;
#6833 = VERTEX_POINT ( 'NONE', #5913 ) ;
#6834 = CARTESIAN_POINT ( 'NONE',  ( 7.368174807915457869, 1.400000000000002576, 1.000000000000000000 ) ) ;
#6835 = VECTOR ( 'NONE', #1461, 1000.000000000000000 ) ;
#6836 = DIRECTION ( 'NONE',  ( -0.000000000000000000, -1.000000000000000000, -0.000000000000000000 ) ) ;
#6837 = VERTEX_POINT ( 'NONE', #6930 ) ;
#6838 = CIRCLE ( 'NONE', #4951, 1.600000000000000089 ) ;
#6839 = FACE_OUTER_BOUND ( 'NONE', #1628, .T. ) ;
#6840 = AXIS2_PLACEMENT_3D ( 'NONE', #5351, #3190, #4307 ) ;
#6841 = EDGE_CURVE ( 'NONE', #3275, #3292, #517, .T. ) ;
#6842 = DIRECTION ( 'NONE',  ( -0.000000000000000000, -0.000000000000000000, -1.000000000000000000 ) ) ;
#6843 = AXIS2_PLACEMENT_3D ( 'NONE', #4485, #4627, #872 ) ;
#6844 = DIRECTION ( 'NONE',  ( 0.000000000000000000, 0.000000000000000000, -1.000000000000000000 ) ) ;
#6845 = CIRCLE ( 'NONE', #4705, 1.000000000000000000 ) ;
#6846 = EDGE_LOOP ( 'NONE', ( #885, #6159, #96, #5475 ) ) ;
#6847 = DIRECTION ( 'NONE',  ( 0.000000000000000000, 0.000000000000000000, 1.000000000000000000 ) ) ;
#6848 = FACE_OUTER_BOUND ( 'NONE', #4372, .T. ) ;
#6849 = VECTOR ( 'NONE', #1602, 1000.000000000000000 ) ;
#6850 = LINE ( 'NONE', #2089, #3162 ) ;
#6851 = EDGE_LOOP ( 'NONE', ( #5531, #3474 ) ) ;
#6852 = AXIS2_PLACEMENT_3D ( 'NONE', #6111, #1183, #2761 ) ;
#6853 = LINE ( 'NONE', #4100, #1846 ) ;
#6854 = DIRECTION ( 'NONE',  ( 1.000000000000000000, -0.000000000000000000, 0.000000000000000000 ) ) ;
#6855 = VERTEX_POINT ( 'NONE', #4874 ) ;
#6856 = EDGE_CURVE ( 'NONE', #2258, #2068, #2054, .T. ) ;
#6857 = CIRCLE ( 'NONE', #6180, 1.000000000000000888 ) ;
#6858 = ORIENTED_EDGE ( 'NONE', *, *, #3883, .T. ) ;
#6859 = ORIENTED_EDGE ( 'NONE', *, *, #2874, .F. ) ;
#6860 = DIRECTION ( 'NONE',  ( -1.000000000000000000, 0.000000000000000000, 0.000000000000000000 ) ) ;
#6861 = CARTESIAN_POINT ( 'NONE',  ( -22.50000000000000000, -7.000000000000004441, 4.000000000000000888 ) ) ;
#6862 = ORIENTED_EDGE ( 'NONE', *, *, #1590, .F. ) ;
#6863 = EDGE_CURVE ( 'NONE', #4908, #1101, #2106, .T. ) ;
#6864 = DIRECTION ( 'NONE',  ( 0.000000000000000000, 0.000000000000000000, 1.000000000000000000 ) ) ;
#6865 = EDGE_LOOP ( 'NONE', ( #1495, #6178, #1954, #5493, #2413 ) ) ;
#6866 = CARTESIAN_POINT ( 'NONE',  ( 38.88460495814677387, -2.271529070723415256, 3.499999999999999556 ) ) ;
#6867 = CIRCLE ( 'NONE', #2171, 1.250000000000000444 ) ;
#6868 = ORIENTED_EDGE ( 'NONE', *, *, #2807, .T. ) ;
#6869 = DIRECTION ( 'NONE',  ( 1.000000000000000000, 0.000000000000000000, 0.000000000000000000 ) ) ;
#6870 = DIRECTION ( 'NONE',  ( 1.000000000000000000, 1.261617073437677999E-16, -0.000000000000000000 ) ) ;
#6871 = CIRCLE ( 'NONE', #2176, 1.250000000000000222 ) ;
#6872 = CARTESIAN_POINT ( 'NONE',  ( 59.32540679113373727, -18.63840397036847207, -55.82353258373179727 ) ) ;
#6873 = ORIENTED_EDGE ( 'NONE', *, *, #3217, .F. ) ;
#6874 = ORIENTED_EDGE ( 'NONE', *, *, #5107, .T. ) ;
#6875 = LINE ( 'NONE', #2079, #1040 ) ;
#6876 = DIRECTION ( 'NONE',  ( -1.000000000000000000, 0.000000000000000000, 0.000000000000000000 ) ) ;
#6877 = AXIS2_PLACEMENT_3D ( 'NONE', #5660, #429, #859 ) ;
#6878 = CARTESIAN_POINT ( 'NONE',  ( 75.14174542453770300, -24.34824497460736836, 1.777215796071219378 ) ) ;
#6879 = DIRECTION ( 'NONE',  ( 0.000000000000000000, 0.000000000000000000, -1.000000000000000000 ) ) ;
#6880 = LINE ( 'NONE', #43, #2364 ) ;
#6881 = ORIENTED_EDGE ( 'NONE', *, *, #2360, .F. ) ;
#6882 = CARTESIAN_POINT ( 'NONE',  ( 4.420904884749275787, 0.8400000000000016342, 1.000000000000000000 ) ) ;
#6883 = DIRECTION ( 'NONE',  ( -0.000000000000000000, -0.000000000000000000, -1.000000000000000000 ) ) ;
#6884 = ADVANCED_FACE ( 'NONE', ( #6364 ), #550, .F. ) ;
#6885 = CARTESIAN_POINT ( 'NONE',  ( 36.47137113740051717, -20.22205197715653924, 2.249159977215596129 ) ) ;
#6886 = ORIENTED_EDGE ( 'NONE', *, *, #6127, .F. ) ;
#6887 = CARTESIAN_POINT ( 'NONE',  ( 30.04236618112247115, -21.62982987326367024, 2.221948252524966527 ) ) ;
#6888 = CARTESIAN_POINT ( 'NONE',  ( 0.4122776601683184050, -21.00364639817820844, 3.500000000000003109 ) ) ;
#6889 = EDGE_LOOP ( 'NONE', ( #2684, #4096, #2623, #5463 ) ) ;
#6890 = ORIENTED_EDGE ( 'NONE', *, *, #1874, .T. ) ;
#6891 = EDGE_CURVE ( 'NONE', #844, #4080, #5843, .T. ) ;
#6892 = EDGE_CURVE ( 'NONE', #450, #3059, #2694, .T. ) ;
#6893 = CARTESIAN_POINT ( 'NONE',  ( 85.00000000000001421, -4.500000000000006217, -89.54697091471047088 ) ) ;
#6894 = VECTOR ( 'NONE', #2159, 1000.000000000000000 ) ;
#6895 = FACE_OUTER_BOUND ( 'NONE', #3283, .T. ) ;
#6896 = EDGE_LOOP ( 'NONE', ( #4190, #3775, #2166, #61 ) ) ;
#6897 = CARTESIAN_POINT ( 'NONE',  ( 75.08772233983154365, -22.62514444610564723, 3.500000000000003109 ) ) ;
#6898 = ORIENTED_EDGE ( 'NONE', *, *, #2403, .T. ) ;
#6899 = CIRCLE ( 'NONE', #2201, 1.000000000000000000 ) ;
#6900 = LINE ( 'NONE', #1048, #1143 ) ;
#6901 = ADVANCED_FACE ( 'NONE', ( #4274 ), #3229, .T. ) ;
#6902 = DIRECTION ( 'NONE',  ( -0.000000000000000000, -0.000000000000000000, -1.000000000000000000 ) ) ;
#6903 = CYLINDRICAL_SURFACE ( 'NONE', #6064, 1.000000000000000888 ) ;
#6904 = CIRCLE ( 'NONE', #6116, 1.000000000000000888 ) ;
#6905 = CARTESIAN_POINT ( 'NONE',  ( 75.01909820294729059, -22.59052552441420403, 3.499999999999989342 ) ) ;
#6906 = ORIENTED_EDGE ( 'NONE', *, *, #4480, .F. ) ;
#6907 = ORIENTED_EDGE ( 'NONE', *, *, #971, .T. ) ;
#6908 = LINE ( 'NONE', #5333, #2948 ) ;
#6909 = EDGE_CURVE ( 'NONE', #433, #5416, #2280, .T. ) ;
#6910 = FACE_OUTER_BOUND ( 'NONE', #1012, .T. ) ;
#6911 = CIRCLE ( 'NONE', #3909, 1.000000000000000888 ) ;
#6912 = ORIENTED_EDGE ( 'NONE', *, *, #2792, .F. ) ;
#6913 = DIRECTION ( 'NONE',  ( -0.000000000000000000, -0.000000000000000000, -1.000000000000000000 ) ) ;
#6914 = CARTESIAN_POINT ( 'NONE',  ( 30.08772233983155431, -21.33047371415606719, -0.5000000000000004441 ) ) ;
#6915 = DIRECTION ( 'NONE',  ( -1.000000000000000000, 1.927470528863119295E-16, 0.000000000000000000 ) ) ;
#6916 = ORIENTED_EDGE ( 'NONE', *, *, #6253, .F. ) ;
#6917 = CARTESIAN_POINT ( 'NONE',  ( 4.250000000000002665, -16.50000000000001066, -4.000999999999999446 ) ) ;
#6918 = PLANE ( 'NONE',  #2981 ) ;
#6919 = DIRECTION ( 'NONE',  ( -0.000000000000000000, 1.000000000000000000, -0.000000000000000000 ) ) ;
#6920 = VERTEX_POINT ( 'NONE', #3900 ) ;
#6921 = DIRECTION ( 'NONE',  ( 0.000000000000000000, 1.000000000000000000, 0.000000000000000000 ) ) ;
#6922 = CARTESIAN_POINT ( 'NONE',  ( 35.00000000000000000, 0.000000000000000000, 3.499999999999999556 ) ) ;
#6923 = ADVANCED_FACE ( 'NONE', ( #6120 ), #167, .F. ) ;
#6924 = ORIENTED_EDGE ( 'NONE', *, *, #1230, .F. ) ;
#6925 = ORIENTED_EDGE ( 'NONE', *, *, #1156, .F. ) ;
#6926 = CARTESIAN_POINT ( 'NONE',  ( 44.59807066037252099, -22.53323666610696563, -0.5000000000000004441 ) ) ;
#6927 = DIRECTION ( 'NONE',  ( 1.000000000000000000, 0.000000000000000000, 0.000000000000000000 ) ) ;
#6928 = EDGE_CURVE ( 'NONE', #4953, #1809, #5488, .T. ) ;
#6929 = ORIENTED_EDGE ( 'NONE', *, *, #5363, .F. ) ;
#6930 = CARTESIAN_POINT ( 'NONE',  ( -14.09999999999999787, -18.50000000000000355, 2.000000000000000000 ) ) ;
#6931 = VERTEX_POINT ( 'NONE', #4517 ) ;
#6932 = DIRECTION ( 'NONE',  ( 0.000000000000000000, 0.000000000000000000, 1.000000000000000000 ) ) ;
#6933 = FACE_OUTER_BOUND ( 'NONE', #2157, .T. ) ;
#6934 = ORIENTED_EDGE ( 'NONE', *, *, #512, .T. ) ;
#6935 = CARTESIAN_POINT ( 'NONE',  ( -12.50000000000000355, -10.76794919243112858, 15.49546024484603102 ) ) ;
#6936 = DIRECTION ( 'NONE',  ( -0.000000000000000000, 0.000000000000000000, 1.000000000000000000 ) ) ;
#6937 = ORIENTED_EDGE ( 'NONE', *, *, #5116, .T. ) ;
#6938 = PLANE ( 'NONE',  #4073 ) ;
#6939 = CARTESIAN_POINT ( 'NONE',  ( 1.412277660168312465, -23.50000000000000000, 91.99722379239923953 ) ) ;
ENDSEC;
END-ISO-10303-21;
