ISO-10303-21;
HEADER;
FILE_DESCRIPTION (( 'STEP AP214' ),
    '1' );
FILE_NAME ('µ×°å-´øÂÝÎÆ.STEP',
    '2026-03-23T05:27:42',
    ( '' ),
    ( '' ),
    'SwSTEP 2.0',
    'SolidWorks 2023',
    '' );
FILE_SCHEMA (( 'AUTOMOTIVE_DESIGN' ));
ENDSEC;

DATA;
#1 = FACE_OUTER_BOUND ( 'NONE', #760, .T. ) ;
#2 = ORIENTED_EDGE ( 'NONE', *, *, #1804, .F. ) ;
#3 = CARTESIAN_POINT ( 'NONE',  ( 60.51250000000000995, -2.500000000000000000, -30.67542648054293153 ) ) ;
#4 = ORIENTED_EDGE ( 'NONE', *, *, #2197, .F. ) ;
#5 = ORIENTED_EDGE ( 'NONE', *, *, #1403, .T. ) ;
#6 = CARTESIAN_POINT ( 'NONE',  ( 90.49999999999998579, 0.000000000000000000, -5.000000000000010658 ) ) ;
#7 = ADVANCED_FACE ( 'NONE', ( #1525 ), #1302, .F. ) ;
#8 = EDGE_CURVE ( 'NONE', #2373, #2005, #45, .T. ) ;
#9 = VERTEX_POINT ( 'NONE', #1010 ) ;
#10 = CARTESIAN_POINT ( 'NONE',  ( 60.51250000000000995, -1.700000000000000178, -30.67542648054293153 ) ) ;
#11 = CARTESIAN_POINT ( 'NONE',  ( 68.01250000000001705, -12.35000000000001563, -34.65000000000016200 ) ) ;
#12 = FACE_OUTER_BOUND ( 'NONE', #2266, .T. ) ;
#13 = ADVANCED_FACE ( 'NONE', ( #1360 ), #980, .F. ) ;
#14 = AXIS2_PLACEMENT_3D ( 'NONE', #2491, #1477, #2443 ) ;
#15 = DIRECTION ( 'NONE',  ( 0.000000000000000000, 0.000000000000000000, -1.000000000000000000 ) ) ;
#16 = VERTEX_POINT ( 'NONE', #372 ) ;
#17 = DIRECTION ( 'NONE',  ( 0.000000000000000000, 0.000000000000000000, -1.000000000000000000 ) ) ;
#18 = ORIENTED_EDGE ( 'NONE', *, *, #1565, .T. ) ;
#19 = ORIENTED_EDGE ( 'NONE', *, *, #560, .T. ) ;
#20 = DIRECTION ( 'NONE',  ( 0.000000000000000000, -1.000000000000000000, 0.000000000000000000 ) ) ;
#21 = VERTEX_POINT ( 'NONE', #225 ) ;
#22 = CARTESIAN_POINT ( 'NONE',  ( -6.750000000000009770, 0.000000000000000000, -107.0000000000000142 ) ) ;
#23 = DIRECTION ( 'NONE',  ( 1.000000000000000000, 0.000000000000000000, -0.000000000000000000 ) ) ;
#24 = DIRECTION ( 'NONE',  ( 1.000000000000000000, 0.000000000000000000, 0.000000000000000000 ) ) ;
#25 = VECTOR ( 'NONE', #189, 1000.000000000000000 ) ;
#26 = CARTESIAN_POINT ( 'NONE',  ( 30.51250000000001705, -2.501000000000000778, -27.49999999999999645 ) ) ;
#27 = EDGE_LOOP ( 'NONE', ( #1937, #1771, #167, #1564 ) ) ;
#28 = EDGE_CURVE ( 'NONE', #1919, #1080, #1489, .T. ) ;
#29 = AXIS2_PLACEMENT_3D ( 'NONE', #998, #1794, #1374 ) ;
#30 = CARTESIAN_POINT ( 'NONE',  ( 39.13206114362028387, 0.3000000000000001554, -47.30000000000002558 ) ) ;
#31 = ORIENTED_EDGE ( 'NONE', *, *, #2322, .F. ) ;
#32 = AXIS2_PLACEMENT_3D ( 'NONE', #2083, #476, #1469 ) ;
#33 = FACE_OUTER_BOUND ( 'NONE', #835, .T. ) ;
#34 = CARTESIAN_POINT ( 'NONE',  ( 0.000000000000000000, 0.000000000000000000, 0.000000000000000000 ) ) ;
#35 = EDGE_LOOP ( 'NONE', ( #1977, #2308, #827, #1745 ) ) ;
#36 = DIRECTION ( 'NONE',  ( 1.000000000000000000, -0.000000000000000000, -0.000000000000000000 ) ) ;
#37 = CARTESIAN_POINT ( 'NONE',  ( 0.000000000000000000, 2.000000000000000000, -97.00000000000000000 ) ) ;
#38 = CARTESIAN_POINT ( 'NONE',  ( 91.49999999999998579, 0.5000000000000000000, -5.000000000000010658 ) ) ;
#39 = DIRECTION ( 'NONE',  ( 0.8660254037844388186, 0.000000000000000000, -0.4999999999999996114 ) ) ;
#40 = ORIENTED_EDGE ( 'NONE', *, *, #325, .T. ) ;
#41 = FACE_OUTER_BOUND ( 'NONE', #2085, .T. ) ;
#42 = EDGE_CURVE ( 'NONE', #2210, #1631, #1981, .T. ) ;
#43 = ORIENTED_EDGE ( 'NONE', *, *, #876, .F. ) ;
#44 = CARTESIAN_POINT ( 'NONE',  ( 97.77500000000001990, -2.500000000000000000, -107.0000000000000142 ) ) ;
#45 = CIRCLE ( 'NONE', #2279, 1.600000000000004086 ) ;
#46 = VECTOR ( 'NONE', #632, 1000.000000000000000 ) ;
#47 = CARTESIAN_POINT ( 'NONE',  ( 94.27499999999999147, 0.000000000000000000, -45.75000000000001421 ) ) ;
#48 = ORIENTED_EDGE ( 'NONE', *, *, #1373, .F. ) ;
#49 = CARTESIAN_POINT ( 'NONE',  ( 75.51250000000001705, -2.500000000000000000, -33.25000000000000711 ) ) ;
#50 = DIRECTION ( 'NONE',  ( 0.000000000000000000, 0.000000000000000000, -1.000000000000000000 ) ) ;
#51 = PLANE ( 'NONE',  #1774 ) ;
#52 = CYLINDRICAL_SURFACE ( 'NONE', #993, 1.600000000000000755 ) ;
#53 = EDGE_LOOP ( 'NONE', ( #2349, #866 ) ) ;
#54 = CARTESIAN_POINT ( 'NONE',  ( 30.51250000000001705, 0.3000000000000001554, -27.49999999999999645 ) ) ;
#55 = VERTEX_POINT ( 'NONE', #2162 ) ;
#56 = CARTESIAN_POINT ( 'NONE',  ( 45.51250000000000995, 1.499999999999999556, -55.00000000000001421 ) ) ;
#57 = EDGE_CURVE ( 'NONE', #1950, #2320, #1174, .T. ) ;
#58 = ORIENTED_EDGE ( 'NONE', *, *, #1149, .T. ) ;
#59 = DIRECTION ( 'NONE',  ( 0.000000000000000000, -1.000000000000000000, 0.000000000000000000 ) ) ;
#60 = CARTESIAN_POINT ( 'NONE',  ( -2.000000000000000000, 0.5000000000000000000, 0.9999999999999991118 ) ) ;
#61 = CARTESIAN_POINT ( 'NONE',  ( 69.24999999999998579, 0.000000000000000000, -100.4000000000000057 ) ) ;
#62 = DIRECTION ( 'NONE',  ( 0.000000000000000000, 0.000000000000000000, -1.000000000000000000 ) ) ;
#63 = ORIENTED_EDGE ( 'NONE', *, *, #877, .T. ) ;
#64 = FACE_OUTER_BOUND ( 'NONE', #1677, .T. ) ;
#65 = ORIENTED_EDGE ( 'NONE', *, *, #1773, .F. ) ;
#66 = CARTESIAN_POINT ( 'NONE',  ( 45.51250000000000995, 1.499999999999999556, -65.00000000000001421 ) ) ;
#67 = VECTOR ( 'NONE', #471, 1000.000000000000000 ) ;
#68 = CIRCLE ( 'NONE', #684, 1.600000000000004086 ) ;
#69 = EDGE_CURVE ( 'NONE', #1178, #507, #782, .T. ) ;
#70 = EDGE_CURVE ( 'NONE', #2476, #378, #1407, .T. ) ;
#71 = DIRECTION ( 'NONE',  ( 0.000000000000000000, -1.000000000000000000, 0.000000000000000000 ) ) ;
#72 = CARTESIAN_POINT ( 'NONE',  ( 30.51250000000001705, -2.501000000000000778, -27.49999999999999645 ) ) ;
#73 = CARTESIAN_POINT ( 'NONE',  ( 90.49999999999998579, 0.000000000000000000, -97.00000000000000000 ) ) ;
#74 = DIRECTION ( 'NONE',  ( -0.000000000000000000, 1.000000000000000000, -0.000000000000000000 ) ) ;
#75 = ORIENTED_EDGE ( 'NONE', *, *, #69, .F. ) ;
#76 = CARTESIAN_POINT ( 'NONE',  ( 94.27499999999999147, -2.500000000000000000, -45.75000000000001421 ) ) ;
#77 = VERTEX_POINT ( 'NONE', #202 ) ;
#78 = CARTESIAN_POINT ( 'NONE',  ( 69.24999999999998579, -2.500000000000000000, -103.6000000000000085 ) ) ;
#79 = AXIS2_PLACEMENT_3D ( 'NONE', #1051, #74, #2229 ) ;
#80 = ORIENTED_EDGE ( 'NONE', *, *, #277, .T. ) ;
#81 = PLANE ( 'NONE',  #2135 ) ;
#82 = DIRECTION ( 'NONE',  ( -0.000000000000000000, 1.000000000000000000, -0.000000000000000000 ) ) ;
#83 = DIRECTION ( 'NONE',  ( 0.000000000000000000, -0.000000000000000000, -1.000000000000000000 ) ) ;
#84 = EDGE_CURVE ( 'NONE', #339, #16, #1203, .T. ) ;
#85 = CARTESIAN_POINT ( 'NONE',  ( -3.250000000000034639, -2.500000000000000000, -13.00000000000001066 ) ) ;
#86 = EDGE_LOOP ( 'NONE', ( #2413, #1574, #2533, #1663 ) ) ;
#87 = EDGE_CURVE ( 'NONE', #97, #382, #581, .T. ) ;
#88 = FACE_BOUND ( 'NONE', #2136, .T. ) ;
#89 = ORIENTED_EDGE ( 'NONE', *, *, #2087, .F. ) ;
#90 = FACE_OUTER_BOUND ( 'NONE', #1716, .T. ) ;
#91 = VECTOR ( 'NONE', #765, 1000.000000000000000 ) ;
#92 = ORIENTED_EDGE ( 'NONE', *, *, #2482, .T. ) ;
#93 = FACE_OUTER_BOUND ( 'NONE', #1378, .T. ) ;
#94 = DIRECTION ( 'NONE',  ( -0.000000000000000000, 1.000000000000000000, -0.000000000000000000 ) ) ;
#95 = CARTESIAN_POINT ( 'NONE',  ( 69.24999999999998579, -2.500000000000000000, -103.6000000000000085 ) ) ;
#96 = DIRECTION ( 'NONE',  ( -1.000000000000000000, 0.000000000000000000, 0.000000000000000000 ) ) ;
#97 = VERTEX_POINT ( 'NONE', #1993 ) ;
#98 = DIRECTION ( 'NONE',  ( 1.000000000000000000, 0.000000000000000000, 0.000000000000000000 ) ) ;
#99 = ORIENTED_EDGE ( 'NONE', *, *, #2304, .F. ) ;
#100 = EDGE_CURVE ( 'NONE', #9, #1542, #1395, .T. ) ;
#101 = DIRECTION ( 'NONE',  ( -0.000000000000000000, 1.000000000000000000, -0.000000000000000000 ) ) ;
#102 = ORIENTED_EDGE ( 'NONE', *, *, #696, .T. ) ;
#103 = AXIS2_PLACEMENT_3D ( 'NONE', #1179, #443, #620 ) ;
#104 = VECTOR ( 'NONE', #1452, 1000.000000000000000 ) ;
#105 = DIRECTION ( 'NONE',  ( 0.000000000000000000, 0.000000000000000000, 1.000000000000000000 ) ) ;
#106 = VECTOR ( 'NONE', #121, 1000.000000000000000 ) ;
#107 = DIRECTION ( 'NONE',  ( 0.000000000000000000, -1.000000000000000000, 0.000000000000000000 ) ) ;
#108 = LINE ( 'NONE', #294, #1622 ) ;
#109 = ORIENTED_EDGE ( 'NONE', *, *, #682, .T. ) ;
#110 = CARTESIAN_POINT ( 'NONE',  ( 70.51250000000000284, 1.499999999999999556, -75.75000000000000000 ) ) ;
#111 = VECTOR ( 'NONE', #1457, 1000.000000000000000 ) ;
#112 = ORIENTED_EDGE ( 'NONE', *, *, #2245, .F. ) ;
#113 = CYLINDRICAL_SURFACE ( 'NONE', #1667, 1.250000000000001110 ) ;
#114 = EDGE_CURVE ( 'NONE', #1894, #1638, #792, .T. ) ;
#115 = EDGE_CURVE ( 'NONE', #1955, #55, #1793, .T. ) ;
#116 = VECTOR ( 'NONE', #914, 1000.000000000000000 ) ;
#117 = ORIENTED_EDGE ( 'NONE', *, *, #1612, .F. ) ;
#118 = AXIS2_PLACEMENT_3D ( 'NONE', #2472, #2297, #750 ) ;
#119 = EDGE_LOOP ( 'NONE', ( #1136, #1386, #508, #1504 ) ) ;
#120 = LINE ( 'NONE', #314, #823 ) ;
#121 = DIRECTION ( 'NONE',  ( -1.000000000000000000, 0.000000000000000000, -4.336808689942017736E-16 ) ) ;
#122 = PLANE ( 'NONE',  #2158 ) ;
#123 = ORIENTED_EDGE ( 'NONE', *, *, #360, .F. ) ;
#124 = ORIENTED_EDGE ( 'NONE', *, *, #1214, .F. ) ;
#125 = LINE ( 'NONE', #1343, #1198 ) ;
#126 = CARTESIAN_POINT ( 'NONE',  ( 0.000000000000000000, -1.000000000000000000, 0.000000000000000000 ) ) ;
#127 = ORIENTED_EDGE ( 'NONE', *, *, #1273, .F. ) ;
#128 = DIRECTION ( 'NONE',  ( -0.000000000000000000, -0.000000000000000000, 1.000000000000000000 ) ) ;
#129 = PRODUCT_DEFINITION_SHAPE ( 'NONE', 'NONE',  #248 ) ;
#130 = VERTEX_POINT ( 'NONE', #2379 ) ;
#131 = ADVANCED_FACE ( 'NONE', ( #2186 ), #410, .F. ) ;
#132 = ORIENTED_EDGE ( 'NONE', *, *, #941, .F. ) ;
#133 = ADVANCED_FACE ( 'NONE', ( #2201 ), #2537, .F. ) ;
#134 = DIRECTION ( 'NONE',  ( -0.000000000000000000, -1.000000000000000000, -0.000000000000000000 ) ) ;
#135 = DIRECTION ( 'NONE',  ( -0.000000000000000000, -1.000000000000000000, -0.000000000000000000 ) ) ;
#136 = DIRECTION ( 'NONE',  ( -1.000000000000000000, 0.000000000000000000, 0.000000000000000000 ) ) ;
#137 = ORIENTED_EDGE ( 'NONE', *, *, #1739, .T. ) ;
#138 = FACE_OUTER_BOUND ( 'NONE', #934, .T. ) ;
#139 = CARTESIAN_POINT ( 'NONE',  ( 23.01250000000001350, 0.3000000000000001554, -21.99999999999999645 ) ) ;
#140 = ORIENTED_EDGE ( 'NONE', *, *, #1990, .T. ) ;
#141 = CARTESIAN_POINT ( 'NONE',  ( 21.24999999999999289, 0.000000000000000000, -103.6000000000000085 ) ) ;
#142 = ORIENTED_EDGE ( 'NONE', *, *, #469, .F. ) ;
#143 = CIRCLE ( 'NONE', #647, 1.600000000000000755 ) ;
#144 = CARTESIAN_POINT ( 'NONE',  ( -6.750000000000023093, 0.000000000000000000, 9.500000000000005329 ) ) ;
#145 = CARTESIAN_POINT ( 'NONE',  ( 27.76250000000001350, -1.700000000000000178, -25.91228675972853068 ) ) ;
#146 = EDGE_CURVE ( 'NONE', #2396, #2125, #2398, .T. ) ;
#147 = ADVANCED_FACE ( 'NONE', ( #1956 ), #1371, .F. ) ;
#148 = DIRECTION ( 'NONE',  ( 0.000000000000000000, 0.000000000000000000, 1.000000000000000000 ) ) ;
#149 = EDGE_LOOP ( 'NONE', ( #2170, #1641 ) ) ;
#150 = PLANE ( 'NONE',  #1350 ) ;
#151 = EDGE_LOOP ( 'NONE', ( #1742, #589, #1464, #904, #1751, #679, #695 ) ) ;
#152 = VECTOR ( 'NONE', #667, 1000.000000000000000 ) ;
#153 = DIRECTION ( 'NONE',  ( -0.000000000000000000, 1.000000000000000000, -0.000000000000000000 ) ) ;
#154 = ORIENTED_EDGE ( 'NONE', *, *, #1661, .T. ) ;
#155 = EDGE_LOOP ( 'NONE', ( #2223, #1032, #1425, #1194, #1997, #454 ) ) ;
#156 = FACE_OUTER_BOUND ( 'NONE', #2112, .T. ) ;
#157 = PLANE ( 'NONE',  #445 ) ;
#158 = CIRCLE ( 'NONE', #2017, 1.600000000000000755 ) ;
#159 = VERTEX_POINT ( 'NONE', #2358 ) ;
#160 = VERTEX_POINT ( 'NONE', #1262 ) ;
#161 = EDGE_CURVE ( 'NONE', #971, #179, #158, .T. ) ;
#162 = ADVANCED_FACE ( 'NONE', ( #1467, #2070 ), #2407, .T. ) ;
#163 = DIRECTION ( 'NONE',  ( -0.000000000000000000, 1.000000000000000000, -0.000000000000000000 ) ) ;
#164 = LINE ( 'NONE', #321, #486 ) ;
#165 = VERTEX_POINT ( 'NONE', #255 ) ;
#166 = AXIS2_PLACEMENT_3D ( 'NONE', #2317, #2097, #1905 ) ;
#167 = ORIENTED_EDGE ( 'NONE', *, *, #2416, .F. ) ;
#168 = ADVANCED_FACE ( 'NONE', ( #2058 ), #1070, .F. ) ;
#169 = VECTOR ( 'NONE', #924, 1000.000000000000000 ) ;
#170 = FACE_OUTER_BOUND ( 'NONE', #1015, .T. ) ;
#171 = EDGE_LOOP ( 'NONE', ( #2302, #2449, #727, #206 ) ) ;
#172 = DIRECTION ( 'NONE',  ( 1.000000000000000000, -0.000000000000000000, -7.709882115452475701E-17 ) ) ;
#173 = PLANE ( 'NONE',  #655 ) ;
#174 = ORIENTED_EDGE ( 'NONE', *, *, #1930, .T. ) ;
#175 = DIRECTION ( 'NONE',  ( -0.5000000000000006661, 0.000000000000000000, -0.8660254037844383745 ) ) ;
#176 = CARTESIAN_POINT ( 'NONE',  ( 70.51250000000000284, 1.499999999999999556, -77.00000000000000000 ) ) ;
#177 = FACE_OUTER_BOUND ( 'NONE', #633, .T. ) ;
#178 = LINE ( 'NONE', #1190, #1786 ) ;
#179 = VERTEX_POINT ( 'NONE', #661 ) ;
#180 = CARTESIAN_POINT ( 'NONE',  ( 1.000000000000000888, 0.5000000000000000000, 9.500000000000005329 ) ) ;
#181 = EDGE_CURVE ( 'NONE', #1342, #224, #629, .T. ) ;
#182 = VERTEX_POINT ( 'NONE', #2238 ) ;
#183 = LINE ( 'NONE', #1800, #2191 ) ;
#184 = ORIENTED_EDGE ( 'NONE', *, *, #2055, .T. ) ;
#185 = DIRECTION ( 'NONE',  ( 0.000000000000000000, -1.000000000000000000, 0.000000000000000000 ) ) ;
#186 = DIRECTION ( 'NONE',  ( 0.000000000000000000, -1.000000000000000000, 0.000000000000000000 ) ) ;
#187 = VECTOR ( 'NONE', #932, 1000.000000000000000 ) ;
#188 = FACE_OUTER_BOUND ( 'NONE', #1796, .T. ) ;
#189 = DIRECTION ( 'NONE',  ( 0.000000000000000000, 0.000000000000000000, -1.000000000000000000 ) ) ;
#190 = ORIENTED_EDGE ( 'NONE', *, *, #1643, .T. ) ;
#191 = LINE ( 'NONE', #2192, #1269 ) ;
#192 = VECTOR ( 'NONE', #563, 1000.000000000000000 ) ;
#193 = EDGE_LOOP ( 'NONE', ( #752, #1370, #2193, #2311 ) ) ;
#194 = VECTOR ( 'NONE', #1790, 1000.000000000000000 ) ;
#195 = EDGE_CURVE ( 'NONE', #1178, #529, #2142, .T. ) ;
#196 = ADVANCED_FACE ( 'NONE', ( #1048 ), #1619, .F. ) ;
#197 = EDGE_LOOP ( 'NONE', ( #1626, #607, #2237, #2159 ) ) ;
#198 = VECTOR ( 'NONE', #2225, 999.9999999999998863 ) ;
#199 = CARTESIAN_POINT ( 'NONE',  ( 94.27499999999999147, -2.500000000000000000, -90.75000000000001421 ) ) ;
#200 = EDGE_LOOP ( 'NONE', ( #2339, #1810, #525, #1889 ) ) ;
#201 = CIRCLE ( 'NONE', #2309, 1.600000000000004086 ) ;
#202 = CARTESIAN_POINT ( 'NONE',  ( 51.89293885637973602, 0.3000000000000001554, -47.30000000000003268 ) ) ;
#203 = VECTOR ( 'NONE', #1659, 1000.000000000000000 ) ;
#204 = PLANE ( 'NONE',  #2386 ) ;
#205 = CARTESIAN_POINT ( 'NONE',  ( -6.750000000000023093, -1.000000000000000000, 9.500000000000005329 ) ) ;
#206 = ORIENTED_EDGE ( 'NONE', *, *, #2226, .F. ) ;
#207 = DIRECTION ( 'NONE',  ( 0.000000000000000000, -1.000000000000000000, 0.000000000000000000 ) ) ;
#208 = VERTEX_POINT ( 'NONE', #1445 ) ;
#209 = EDGE_CURVE ( 'NONE', #787, #2562, #1227, .T. ) ;
#210 = ORIENTED_EDGE ( 'NONE', *, *, #1008, .T. ) ;
#211 = CARTESIAN_POINT ( 'NONE',  ( 69.24999999999998579, -2.500000000000000000, -102.0000000000000142 ) ) ;
#212 = ORIENTED_EDGE ( 'NONE', *, *, #264, .T. ) ;
#213 = EDGE_CURVE ( 'NONE', #382, #466, #2419, .T. ) ;
#214 = DIRECTION ( 'NONE',  ( -0.000000000000000000, -1.000000000000000000, -0.000000000000000000 ) ) ;
#215 = DIRECTION ( 'NONE',  ( 0.000000000000000000, 0.000000000000000000, -1.000000000000000000 ) ) ;
#216 = AXIS2_PLACEMENT_3D ( 'NONE', #239, #2414, #2219 ) ;
#217 = DIRECTION ( 'NONE',  ( -1.000000000000000000, -0.000000000000000000, -0.000000000000000000 ) ) ;
#218 = ORIENTED_EDGE ( 'NONE', *, *, #1168, .F. ) ;
#219 = DIRECTION ( 'NONE',  ( -0.000000000000000000, 1.000000000000000000, -0.000000000000000000 ) ) ;
#220 = VERTEX_POINT ( 'NONE', #2020 ) ;
#221 = ORIENTED_EDGE ( 'NONE', *, *, #920, .T. ) ;
#222 = DIRECTION ( 'NONE',  ( 0.000000000000000000, 0.000000000000000000, 1.000000000000000000 ) ) ;
#223 = FACE_OUTER_BOUND ( 'NONE', #1836, .T. ) ;
#224 = VERTEX_POINT ( 'NONE', #2212 ) ;
#225 = CARTESIAN_POINT ( 'NONE',  ( 27.76250000000001350, -2.500000000000000000, -25.91228675972853068 ) ) ;
#226 = DIRECTION ( 'NONE',  ( 0.000000000000000000, -1.000000000000000000, 0.000000000000000000 ) ) ;
#227 = ADVANCED_FACE ( 'NONE', ( #847 ), #81, .F. ) ;
#228 = DIRECTION ( 'NONE',  ( 0.000000000000000000, 0.000000000000000000, -1.000000000000000000 ) ) ;
#229 = EDGE_CURVE ( 'NONE', #2351, #319, #871, .T. ) ;
#230 = AXIS2_PLACEMENT_3D ( 'NONE', #1678, #2273, #498 ) ;
#231 = LINE ( 'NONE', #1471, #1903 ) ;
#232 = ORIENTED_EDGE ( 'NONE', *, *, #545, .F. ) ;
#233 = AXIS2_PLACEMENT_3D ( 'NONE', #733, #1718, #2504 ) ;
#234 = AXIS2_PLACEMENT_3D ( 'NONE', #1248, #2243, #2038 ) ;
#235 = LINE ( 'NONE', #2387, #764 ) ;
#236 = ORIENTED_EDGE ( 'NONE', *, *, #1247, .F. ) ;
#237 = ORIENTED_EDGE ( 'NONE', *, *, #1229, .F. ) ;
#238 = CIRCLE ( 'NONE', #856, 10.00000000000000178 ) ;
#239 = CARTESIAN_POINT ( 'NONE',  ( 30.51250000000001705, -1.700000000000000178, -27.49999999999999645 ) ) ;
#240 = AXIS2_PLACEMENT_3D ( 'NONE', #492, #282, #1281 ) ;
#241 = DIRECTION ( 'NONE',  ( 0.000000000000000000, 0.000000000000000000, -1.000000000000000000 ) ) ;
#242 = ORIENTED_EDGE ( 'NONE', *, *, #1627, .T. ) ;
#243 = CARTESIAN_POINT ( 'NONE',  ( -6.750000000000024869, -2.500000000000000000, 17.00000000000000355 ) ) ;
#244 = DIRECTION ( 'NONE',  ( 0.000000000000000000, -1.000000000000000000, 0.000000000000000000 ) ) ;
#245 = DIRECTION ( 'NONE',  ( 0.000000000000000000, 0.000000000000000000, 1.000000000000000000 ) ) ;
#246 = CARTESIAN_POINT ( 'NONE',  ( 92.99999999999998579, 9.624143795447327676, 0.5000000000000056621 ) ) ;
#247 = VERTEX_POINT ( 'NONE', #49 ) ;
#248 = PRODUCT_DEFINITION ( 'æœ', '', #1717, #2432 ) ;
#249 = DIRECTION ( 'NONE',  ( 0.000000000000000000, 0.000000000000000000, -1.000000000000000000 ) ) ;
#250 = VECTOR ( 'NONE', #357, 1000.000000000000000 ) ;
#251 = VERTEX_POINT ( 'NONE', #1829 ) ;
#252 = EDGE_CURVE ( 'NONE', #2125, #2396, #2013, .T. ) ;
#253 = DIRECTION ( 'NONE',  ( -0.000000000000000000, 1.000000000000000000, -0.000000000000000000 ) ) ;
#254 = ORIENTED_EDGE ( 'NONE', *, *, #293, .F. ) ;
#255 = CARTESIAN_POINT ( 'NONE',  ( 15.51250000000001350, 1.499999999999999556, -30.75000000000000000 ) ) ;
#256 = CARTESIAN_POINT ( 'NONE',  ( 0.000000000000000000, 1.500000000000000000, -5.000000000000004441 ) ) ;
#257 = DIRECTION ( 'NONE',  ( 0.000000000000000000, 0.000000000000000000, -1.000000000000000000 ) ) ;
#258 = CARTESIAN_POINT ( 'NONE',  ( 33.26250000000001705, -1.700000000000000178, -25.91228675972852358 ) ) ;
#259 = ORIENTED_EDGE ( 'NONE', *, *, #625, .F. ) ;
#260 = FACE_OUTER_BOUND ( 'NONE', #1219, .T. ) ;
#261 = VERTEX_POINT ( 'NONE', #2431 ) ;
#262 = CARTESIAN_POINT ( 'NONE',  ( 69.24999999999998579, -2.500000000000000000, -100.4000000000000057 ) ) ;
#263 = EDGE_CURVE ( 'NONE', #1894, #1801, #1601, .T. ) ;
#264 = EDGE_CURVE ( 'NONE', #378, #939, #2456, .T. ) ;
#265 = DIRECTION ( 'NONE',  ( 0.000000000000000000, 0.000000000000000000, -1.000000000000000000 ) ) ;
#266 = DIRECTION ( 'NONE',  ( 1.000000000000000000, 0.000000000000000000, 4.336808689942017736E-15 ) ) ;
#267 = DIRECTION ( 'NONE',  ( 1.259073490628327690E-16, 0.000000000000000000, -1.000000000000000000 ) ) ;
#268 = DIRECTION ( 'NONE',  ( 0.4999999999999996114, -0.000000000000000000, 0.8660254037844388186 ) ) ;
#269 = ORIENTED_EDGE ( 'NONE', *, *, #213, .T. ) ;
#270 =( BOUNDED_CURVE ( )  B_SPLINE_CURVE ( 3, ( #30, #828, #1030, #987 ),
 .UNSPECIFIED., .F., .T. ) 
 B_SPLINE_CURVE_WITH_KNOTS ( ( 4, 4 ),
 ( 3.833547828716111994, 4.004804543659333582 ),
 .UNSPECIFIED. ) 
 CURVE ( )  GEOMETRIC_REPRESENTATION_ITEM ( )  RATIONAL_B_SPLINE_CURVE ( ( 1.000000000000000000, 0.9975574211391187163, 0.9975574211391187163, 1.000000000000000000 ) ) 
 REPRESENTATION_ITEM ( '' )  );
#271 = DIRECTION ( 'NONE',  ( 0.8660254037844397068, 0.000000000000000000, 0.4999999999999981681 ) ) ;
#272 = ORIENTED_EDGE ( 'NONE', *, *, #2303, .F. ) ;
#273 = FACE_OUTER_BOUND ( 'NONE', #1502, .T. ) ;
#274 = AXIS2_PLACEMENT_3D ( 'NONE', #494, #2454, #1465 ) ;
#275 = EDGE_CURVE ( 'NONE', #1707, #21, #487, .T. ) ;
#276 = CARTESIAN_POINT ( 'NONE',  ( -3.250000000000011546, -2.500000000000000000, -89.00000000000001421 ) ) ;
#277 = EDGE_CURVE ( 'NONE', #2490, #352, #1655, .T. ) ;
#278 = CARTESIAN_POINT ( 'NONE',  ( 30.51250000000000995, -2.500000000000000000, -30.67542648054294219 ) ) ;
#279 = CARTESIAN_POINT ( 'NONE',  ( 15.51250000000001350, 1.499999999999999556, -33.25000000000000000 ) ) ;
#280 = DIRECTION ( 'NONE',  ( -0.000000000000000000, 1.000000000000000000, -0.000000000000000000 ) ) ;
#281 = EDGE_LOOP ( 'NONE', ( #1897, #2050, #518, #2200 ) ) ;
#282 = DIRECTION ( 'NONE',  ( 0.000000000000000000, -1.000000000000000000, 0.000000000000000000 ) ) ;
#283 = VERTEX_POINT ( 'NONE', #1286 ) ;
#284 = AXIS2_PLACEMENT_3D ( 'NONE', #2501, #527, #1125 ) ;
#285 = CARTESIAN_POINT ( 'NONE',  ( 30.51250000000001705, 0.3000000000000001554, -27.49999999999999645 ) ) ;
#286 = VECTOR ( 'NONE', #214, 1000.000000000000000 ) ;
#287 = VECTOR ( 'NONE', #590, 1000.000000000000000 ) ;
#288 = EDGE_LOOP ( 'NONE', ( #1948, #1867, #758, #1207 ) ) ;
#289 = DIRECTION ( 'NONE',  ( 0.000000000000000000, 0.000000000000000000, -1.000000000000000000 ) ) ;
#290 = VECTOR ( 'NONE', #1917, 1000.000000000000000 ) ;
#291 = DIRECTION ( 'NONE',  ( 0.000000000000000000, 0.000000000000000000, -1.000000000000000000 ) ) ;
#292 = LINE ( 'NONE', #451, #1028 ) ;
#293 = EDGE_CURVE ( 'NONE', #2512, #555, #2080, .T. ) ;
#294 = CARTESIAN_POINT ( 'NONE',  ( 68.01250000000001705, 0.3000000000000001554, -22.00000000000000000 ) ) ;
#295 = EDGE_LOOP ( 'NONE', ( #2079, #635, #704, #1597, #542, #1307 ) ) ;
#296 = DIRECTION ( 'NONE',  ( 1.000000000000000000, 0.000000000000000000, -7.709882115452475701E-17 ) ) ;
#297 = EDGE_LOOP ( 'NONE', ( #2524, #1202, #1488, #1075, #676, #5 ) ) ;
#298 = CARTESIAN_POINT ( 'NONE',  ( -1.293692083779314805E-15, 1.499999999999998668, 13.00000000000000533 ) ) ;
#299 = ORIENTED_EDGE ( 'NONE', *, *, #2451, .T. ) ;
#300 = LINE ( 'NONE', #709, #2272 ) ;
#301 = FACE_OUTER_BOUND ( 'NONE', #1390, .T. ) ;
#302 = CARTESIAN_POINT ( 'NONE',  ( 89.49999999999998579, 0.5000000000000000000, 9.499999999999994671 ) ) ;
#303 = ORIENTED_EDGE ( 'NONE', *, *, #2369, .T. ) ;
#304 = EDGE_CURVE ( 'NONE', #1291, #2011, #685, .T. ) ;
#305 = ADVANCED_FACE ( 'NONE', ( #93 ), #883, .F. ) ;
#306 = DIRECTION ( 'NONE',  ( 1.000000000000000000, 0.000000000000000000, 0.000000000000000000 ) ) ;
#307 = FACE_OUTER_BOUND ( 'NONE', #830, .T. ) ;
#308 = ORIENTED_EDGE ( 'NONE', *, *, #1118, .T. ) ;
#309 = CARTESIAN_POINT ( 'NONE',  ( -3.250000000000034639, 0.000000000000000000, -11.40000000000001101 ) ) ;
#310 = VERTEX_POINT ( 'NONE', #809 ) ;
#311 = VECTOR ( 'NONE', #403, 1000.000000000000000 ) ;
#312 = ORIENTED_EDGE ( 'NONE', *, *, #2450, .T. ) ;
#313 = PRODUCT ( '\X2\5e95677f\X0\-\X2\5e2687ba7eb9\X0\', '\X2\5e95677f\X0\-\X2\5e2687ba7eb9\X0\', '', ( #1803 ) ) ;
#314 = CARTESIAN_POINT ( 'NONE',  ( 33.26250000000001705, -2.500000000000000000, -25.91228675972852358 ) ) ;
#315 = VECTOR ( 'NONE', #1497, 1000.000000000000000 ) ;
#316 = LINE ( 'NONE', #1107, #315 ) ;
#317 = LINE ( 'NONE', #2487, #2198 ) ;
#318 = ORIENTED_EDGE ( 'NONE', *, *, #146, .T. ) ;
#319 = VERTEX_POINT ( 'NONE', #1984 ) ;
#320 = DIRECTION ( 'NONE',  ( 0.000000000000000000, 0.000000000000000000, -1.000000000000000000 ) ) ;
#321 = CARTESIAN_POINT ( 'NONE',  ( 15.51250000000001350, -2.500999999999999890, -33.25000000000000000 ) ) ;
#322 = EDGE_CURVE ( 'NONE', #597, #396, #1609, .T. ) ;
#323 = VERTEX_POINT ( 'NONE', #1573 ) ;
#324 = CARTESIAN_POINT ( 'NONE',  ( 94.27499999999999147, -2.500000000000000000, -89.15000000000000568 ) ) ;
#325 = EDGE_CURVE ( 'NONE', #916, #963, #1014, .T. ) ;
#326 = AXIS2_PLACEMENT_3D ( 'NONE', #1175, #1968, #424 ) ;
#327 = VERTEX_POINT ( 'NONE', #1177 ) ;
#328 = AXIS2_PLACEMENT_3D ( 'NONE', #1766, #2554, #1375 ) ;
#329 = ORIENTED_EDGE ( 'NONE', *, *, #960, .T. ) ;
#330 = CARTESIAN_POINT ( 'NONE',  ( 57.76250000000000995, -2.500000000000000000, -29.08771324027145155 ) ) ;
#331 = CARTESIAN_POINT ( 'NONE',  ( 57.76250000000000995, -1.700000000000000178, -25.91228675972853068 ) ) ;
#332 = DIRECTION ( 'NONE',  ( 0.000000000000000000, -1.000000000000000000, 0.000000000000000000 ) ) ;
#333 = ORIENTED_EDGE ( 'NONE', *, *, #87, .F. ) ;
#334 = VERTEX_POINT ( 'NONE', #606 ) ;
#335 =( NAMED_UNIT ( * ) SI_UNIT ( $, .STERADIAN. ) SOLID_ANGLE_UNIT ( ) );
#336 = PLANE ( 'NONE',  #2477 ) ;
#337 = ORIENTED_EDGE ( 'NONE', *, *, #670, .T. ) ;
#338 = DIRECTION ( 'NONE',  ( -0.000000000000000000, -1.000000000000000000, -0.000000000000000000 ) ) ;
#339 = VERTEX_POINT ( 'NONE', #1807 ) ;
#340 = EDGE_CURVE ( 'NONE', #1493, #1291, #1398, .T. ) ;
#341 = EDGE_CURVE ( 'NONE', #1017, #564, #1206, .T. ) ;
#342 = VECTOR ( 'NONE', #1222, 1000.000000000000114 ) ;
#343 = ORIENTED_EDGE ( 'NONE', *, *, #794, .T. ) ;
#344 = CYLINDRICAL_SURFACE ( 'NONE', #1486, 1.250000000000001110 ) ;
#345 = DIRECTION ( 'NONE',  ( 0.000000000000000000, -1.000000000000000000, 0.000000000000000000 ) ) ;
#346 = DIRECTION ( 'NONE',  ( -1.000000000000000000, -0.000000000000000000, -0.000000000000000000 ) ) ;
#347 = ORIENTED_EDGE ( 'NONE', *, *, #1545, .T. ) ;
#348 = SURFACE_SIDE_STYLE ('',( #2292 ) ) ;
#349 = LINE ( 'NONE', #528, #601 ) ;
#350 = ORIENTED_EDGE ( 'NONE', *, *, #2087, .T. ) ;
#351 = DIRECTION ( 'NONE',  ( 0.000000000000000000, 0.000000000000000000, -1.000000000000000000 ) ) ;
#352 = VERTEX_POINT ( 'NONE', #593 ) ;
#353 = AXIS2_PLACEMENT_3D ( 'NONE', #2383, #414, #618 ) ;
#354 = EDGE_CURVE ( 'NONE', #55, #2244, #2189, .T. ) ;
#355 = ADVANCED_FACE ( 'NONE', ( #958 ), #1385, .F. ) ;
#356 = AXIS2_PLACEMENT_3D ( 'NONE', #2203, #413, #1781 ) ;
#357 = DIRECTION ( 'NONE',  ( 0.000000000000000000, 0.000000000000000000, 1.000000000000000000 ) ) ;
#358 = LINE ( 'NONE', #1710, #1687 ) ;
#359 = ORIENTED_EDGE ( 'NONE', *, *, #876, .T. ) ;
#360 = EDGE_CURVE ( 'NONE', #1631, #963, #772, .T. ) ;
#361 = ORIENTED_EDGE ( 'NONE', *, *, #961, .T. ) ;
#362 = CIRCLE ( 'NONE', #566, 1.600000000000004086 ) ;
#363 = FACE_BOUND ( 'NONE', #1420, .T. ) ;
#364 = VERTEX_POINT ( 'NONE', #1412 ) ;
#365 = AXIS2_PLACEMENT_3D ( 'NONE', #783, #1572, #215 ) ;
#366 = FACE_OUTER_BOUND ( 'NONE', #2167, .T. ) ;
#367 = ORIENTED_EDGE ( 'NONE', *, *, #2003, .F. ) ;
#368 = CARTESIAN_POINT ( 'NONE',  ( 1.000000000000000000, 7.099019513592796926, -5.000000000000000000 ) ) ;
#369 = PLANE ( 'NONE',  #1073 ) ;
#370 = VECTOR ( 'NONE', #1812, 1000.000000000000000 ) ;
#371 = EDGE_LOOP ( 'NONE', ( #611, #546, #1439, #1236 ) ) ;
#372 = CARTESIAN_POINT ( 'NONE',  ( 1.000000000000000000, 0.5000000000000000000, -5.000000000000000000 ) ) ;
#373 = APPLICATION_PROTOCOL_DEFINITION ( 'draft international standard', 'automotive_design', 1998, #1676 ) ;
#374 = ADVANCED_FACE ( 'NONE', ( #757 ), #2395, .F. ) ;
#375 = PLANE ( 'NONE',  #1559 ) ;
#376 = DIRECTION ( 'NONE',  ( -0.000000000000000000, 1.000000000000000000, -0.000000000000000000 ) ) ;
#377 = VECTOR ( 'NONE', #1777, 1000.000000000000000 ) ;
#378 = VERTEX_POINT ( 'NONE', #1218 ) ;
#379 = AXIS2_PLACEMENT_3D ( 'NONE', #1670, #2459, #1647 ) ;
#380 = CARTESIAN_POINT ( 'NONE',  ( 90.49999999999998579, 2.000000000000000000, 0.000000000000000000 ) ) ;
#381 = EDGE_LOOP ( 'NONE', ( #1943, #2389, #2101, #1476 ) ) ;
#382 = VERTEX_POINT ( 'NONE', #388 ) ;
#383 = LINE ( 'NONE', #790, #734 ) ;
#384 = EDGE_LOOP ( 'NONE', ( #1870, #1428 ) ) ;
#385 = CARTESIAN_POINT ( 'NONE',  ( 92.99999999999998579, 9.624143795447327676, 9.500000000000005329 ) ) ;
#386 = CARTESIAN_POINT ( 'NONE',  ( 91.49999999999998579, 0.000000000000000000, 0.5000000000000056621 ) ) ;
#387 = CARTESIAN_POINT ( 'NONE',  ( -3.250000000000034639, 0.000000000000000000, -13.00000000000001066 ) ) ;
#388 = CARTESIAN_POINT ( 'NONE',  ( 92.99999999999998579, 0.000000000000000000, 9.500000000000005329 ) ) ;
#389 = EDGE_LOOP ( 'NONE', ( #1660, #1009 ) ) ;
#390 = EDGE_CURVE ( 'NONE', #529, #1899, #1970, .T. ) ;
#391 = ADVANCED_FACE ( 'NONE', ( #2153 ), #584, .T. ) ;
#392 = DIRECTION ( 'NONE',  ( 0.8660254037844387076, 0.000000000000000000, 0.4999999999999999445 ) ) ;
#393 = EDGE_LOOP ( 'NONE', ( #2178, #132 ) ) ;
#394 = ORIENTED_EDGE ( 'NONE', *, *, #2336, .F. ) ;
#395 = FACE_OUTER_BOUND ( 'NONE', #513, .T. ) ;
#396 = VERTEX_POINT ( 'NONE', #1555 ) ;
#397 = DIRECTION ( 'NONE',  ( -0.000000000000000000, -1.000000000000000000, -0.000000000000000000 ) ) ;
#398 = DIRECTION ( 'NONE',  ( 0.000000000000000000, 0.000000000000000000, 1.000000000000000000 ) ) ;
#399 = VECTOR ( 'NONE', #128, 1000.000000000000000 ) ;
#400 = DIRECTION ( 'NONE',  ( 0.000000000000000000, -1.000000000000000000, 0.000000000000000000 ) ) ;
#401 = DIRECTION ( 'NONE',  ( 0.000000000000000000, 0.000000000000000000, -1.000000000000000000 ) ) ;
#402 = VERTEX_POINT ( 'NONE', #1959 ) ;
#403 = DIRECTION ( 'NONE',  ( -1.119176436114069085E-16, -0.000000000000000000, 1.000000000000000000 ) ) ;
#404 = AXIS2_PLACEMENT_3D ( 'NONE', #1657, #1875, #663 ) ;
#405 = ADVANCED_FACE ( 'NONE', ( #1 ), #2345, .F. ) ;
#406 = ORIENTED_EDGE ( 'NONE', *, *, #908, .T. ) ;
#407 = EDGE_CURVE ( 'NONE', #2430, #2125, #178, .T. ) ;
#408 = VERTEX_POINT ( 'NONE', #970 ) ;
#409 = ORIENTED_EDGE ( 'NONE', *, *, #925, .T. ) ;
#410 = CYLINDRICAL_SURFACE ( 'NONE', #2071, 1.600000000000004086 ) ;
#411 = CARTESIAN_POINT ( 'NONE',  ( 0.000000000000000000, 2.000000000000000000, -97.00000000000000000 ) ) ;
#412 = AXIS2_PLACEMENT_3D ( 'NONE', #258, #268, #39 ) ;
#413 = DIRECTION ( 'NONE',  ( 1.000000000000000000, 0.000000000000000000, 0.000000000000000000 ) ) ;
#414 = DIRECTION ( 'NONE',  ( 1.000000000000000000, 0.000000000000000000, 1.259073490628327690E-16 ) ) ;
#415 = ORIENTED_EDGE ( 'NONE', *, *, #2257, .T. ) ;
#416 = LINE ( 'NONE', #2424, #2342 ) ;
#417 = ORIENTED_EDGE ( 'NONE', *, *, #2508, .F. ) ;
#418 = LINE ( 'NONE', #1237, #1456 ) ;
#419 = EDGE_CURVE ( 'NONE', #179, #971, #1115, .T. ) ;
#420 = EDGE_CURVE ( 'NONE', #1737, #1342, #1654, .T. ) ;
#421 = CARTESIAN_POINT ( 'NONE',  ( 97.77500000000001990, 0.000000000000000000, -107.0000000000000142 ) ) ;
#422 = VERTEX_POINT ( 'NONE', #797 ) ;
#423 = DIRECTION ( 'NONE',  ( -0.8660254037844382635, 0.000000000000000000, 0.5000000000000005551 ) ) ;
#424 = DIRECTION ( 'NONE',  ( 0.000000000000000000, 0.000000000000000000, -1.000000000000000000 ) ) ;
#425 = LINE ( 'NONE', #2553, #2145 ) ;
#426 = AXIS2_PLACEMENT_3D ( 'NONE', #636, #253, #222 ) ;
#427 = DIRECTION ( 'NONE',  ( 0.000000000000000000, 0.000000000000000000, 1.000000000000000000 ) ) ;
#428 = EDGE_LOOP ( 'NONE', ( #1391, #1770 ) ) ;
#429 = DIRECTION ( 'NONE',  ( -0.000000000000000000, -1.000000000000000000, -0.000000000000000000 ) ) ;
#430 = ORIENTED_EDGE ( 'NONE', *, *, #1087, .F. ) ;
#431 = DIRECTION ( 'NONE',  ( 7.913772473204563728E-17, -0.7071067811865430208, -0.7071067811865521247 ) ) ;
#432 = CARTESIAN_POINT ( 'NONE',  ( 23.01250000000001350, 0.3000000000000001554, -21.99999999999999645 ) ) ;
#433 = EDGE_CURVE ( 'NONE', #220, #2334, #2565, .T. ) ;
#434 = ORIENTED_EDGE ( 'NONE', *, *, #1692, .T. ) ;
#435 = DIRECTION ( 'NONE',  ( 0.000000000000000000, 0.000000000000000000, 1.000000000000000000 ) ) ;
#436 = DIRECTION ( 'NONE',  ( 0.000000000000000000, 0.000000000000000000, 1.000000000000000000 ) ) ;
#437 = CARTESIAN_POINT ( 'NONE',  ( 60.51250000000000995, 0.3000000000000001554, -29.09999999999999787 ) ) ;
#438 = EDGE_CURVE ( 'NONE', #930, #1955, #1866, .T. ) ;
#439 = DIRECTION ( 'NONE',  ( 0.000000000000000000, -1.000000000000000000, 0.000000000000000000 ) ) ;
#440 = ORIENTED_EDGE ( 'NONE', *, *, #325, .F. ) ;
#441 = AXIS2_PLACEMENT_3D ( 'NONE', #2078, #1272, #2065 ) ;
#442 = VECTOR ( 'NONE', #296, 1000.000000000000000 ) ;
#443 = DIRECTION ( 'NONE',  ( -0.000000000000000000, 1.000000000000000000, -0.000000000000000000 ) ) ;
#444 = ORIENTED_EDGE ( 'NONE', *, *, #2494, .F. ) ;
#445 = AXIS2_PLACEMENT_3D ( 'NONE', #2486, #2522, #2325 ) ;
#446 = CARTESIAN_POINT ( 'NONE',  ( 60.51250000000000995, -1.700000000000000178, -25.90000000000000213 ) ) ;
#447 = VECTOR ( 'NONE', #436, 1000.000000000000000 ) ;
#448 = ORIENTED_EDGE ( 'NONE', *, *, #70, .T. ) ;
#449 = DIRECTION ( 'NONE',  ( 0.8660254037844388186, 0.000000000000000000, 0.4999999999999996114 ) ) ;
#450 = LINE ( 'NONE', #256, #1238 ) ;
#451 = CARTESIAN_POINT ( 'NONE',  ( 0.000000000000000000, 1.500000000000000000, -97.00000000000000000 ) ) ;
#452 = AXIS2_PLACEMENT_3D ( 'NONE', #1957, #1620, #793 ) ;
#453 = CARTESIAN_POINT ( 'NONE',  ( 21.24999999999999289, -2.500000000000000000, -102.0000000000000142 ) ) ;
#454 = ORIENTED_EDGE ( 'NONE', *, *, #277, .F. ) ;
#455 = ADVANCED_FACE ( 'NONE', ( #1026 ), #52, .F. ) ;
#456 = FACE_BOUND ( 'NONE', #151, .T. ) ;
#457 = CIRCLE ( 'NONE', #1947, 1.250000000000001110 ) ;
#458 = ORIENTED_EDGE ( 'NONE', *, *, #420, .F. ) ;
#459 = EDGE_LOOP ( 'NONE', ( #308, #1964, #2411, #1505 ) ) ;
#460 = CARTESIAN_POINT ( 'NONE',  ( 68.01250000000001705, 1.500000000000000000, -48.50000000000001421 ) ) ;
#461 = ORIENTED_EDGE ( 'NONE', *, *, #1806, .T. ) ;
#462 = CARTESIAN_POINT ( 'NONE',  ( 94.27499999999999147, 0.000000000000000000, -9.750000000000015987 ) ) ;
#463 = FACE_OUTER_BOUND ( 'NONE', #1271, .T. ) ;
#464 = DIRECTION ( 'NONE',  ( 0.000000000000000000, -1.000000000000000000, 0.000000000000000000 ) ) ;
#465 = CARTESIAN_POINT ( 'NONE',  ( -6.750000000000033751, 0.000000000000000000, 9.499999999999992895 ) ) ;
#466 = VERTEX_POINT ( 'NONE', #1424 ) ;
#467 = LINE ( 'NONE', #1088, #442 ) ;
#468 = EDGE_CURVE ( 'NONE', #529, #1178, #534, .T. ) ;
#469 = EDGE_CURVE ( 'NONE', #1858, #1485, #231, .T. ) ;
#470 = ORIENTED_EDGE ( 'NONE', *, *, #2009, .T. ) ;
#471 = DIRECTION ( 'NONE',  ( 0.000000000000000000, 0.000000000000000000, -1.000000000000000000 ) ) ;
#472 = EDGE_CURVE ( 'NONE', #2320, #1123, #1854, .T. ) ;
#473 = AXIS2_PLACEMENT_3D ( 'NONE', #1409, #398, #1982 ) ;
#474 = CARTESIAN_POINT ( 'NONE',  ( 7.347880794884120722E-16, 0.5000000000000000000, 0.9999999999999991118 ) ) ;
#475 = CARTESIAN_POINT ( 'NONE',  ( 90.49999999999998579, 1.500000000000000000, -97.00000000000000000 ) ) ;
#476 = DIRECTION ( 'NONE',  ( -0.000000000000000000, 1.000000000000000000, -0.000000000000000000 ) ) ;
#477 = CARTESIAN_POINT ( 'NONE',  ( 94.27499999999999147, -2.500000000000000000, -44.15000000000000568 ) ) ;
#478 = ORIENTED_EDGE ( 'NONE', *, *, #2069, .T. ) ;
#479 = FACE_BOUND ( 'NONE', #393, .T. ) ;
#480 = VECTOR ( 'NONE', #401, 1000.000000000000000 ) ;
#481 = VERTEX_POINT ( 'NONE', #851 ) ;
#482 = AXIS2_PLACEMENT_3D ( 'NONE', #1138, #1165, #1306 ) ;
#483 = PLANE ( 'NONE',  #441 ) ;
#484 = AXIS2_PLACEMENT_3D ( 'NONE', #1072, #1537, #710 ) ;
#485 = ADVANCED_FACE ( 'NONE', ( #490 ), #1448, .F. ) ;
#486 = VECTOR ( 'NONE', #2306, 1000.000000000000000 ) ;
#487 = LINE ( 'NONE', #1059, #2382 ) ;
#488 = CARTESIAN_POINT ( 'NONE',  ( 45.51250000000000995, -2.500000000000000000, -55.00000000000001421 ) ) ;
#489 = DIRECTION ( 'NONE',  ( -0.000000000000000000, 1.000000000000000000, -0.000000000000000000 ) ) ;
#490 = FACE_OUTER_BOUND ( 'NONE', #894, .T. ) ;
#491 = ORIENTED_EDGE ( 'NONE', *, *, #322, .F. ) ;
#492 = CARTESIAN_POINT ( 'NONE',  ( -3.250000000000011546, 0.000000000000000000, -89.00000000000001421 ) ) ;
#493 = ORIENTED_EDGE ( 'NONE', *, *, #761, .T. ) ;
#494 = CARTESIAN_POINT ( 'NONE',  ( 68.01250000000001705, -3.512815038853034366E-14, -47.00000000000000000 ) ) ;
#495 = VECTOR ( 'NONE', #1953, 1000.000000000000000 ) ;
#496 = EDGE_CURVE ( 'NONE', #1561, #2285, #867, .T. ) ;
#497 = ADVANCED_FACE ( 'NONE', ( #1278 ), #1818, .F. ) ;
#498 = DIRECTION ( 'NONE',  ( 0.000000000000000000, 0.000000000000000000, 1.000000000000000000 ) ) ;
#499 = VECTOR ( 'NONE', #1904, 1000.000000000000000 ) ;
#500 = DIRECTION ( 'NONE',  ( 1.000000000000000000, 0.000000000000000000, -0.000000000000000000 ) ) ;
#501 = DIRECTION ( 'NONE',  ( 0.000000000000000000, -1.000000000000000000, 0.000000000000000000 ) ) ;
#502 = PLANE ( 'NONE',  #697 ) ;
#503 = ORIENTED_EDGE ( 'NONE', *, *, #1926, .F. ) ;
#504 = CARTESIAN_POINT ( 'NONE',  ( 21.24999999999999289, 0.000000000000000000, -100.4000000000000057 ) ) ;
#505 = ORIENTED_EDGE ( 'NONE', *, *, #2369, .F. ) ;
#506 = DIRECTION ( 'NONE',  ( -7.913772473204462655E-17, -0.7071067811865521247, 0.7071067811865430208 ) ) ;
#507 = VERTEX_POINT ( 'NONE', #1833 ) ;
#508 = ORIENTED_EDGE ( 'NONE', *, *, #1196, .F. ) ;
#509 = FACE_OUTER_BOUND ( 'NONE', #281, .T. ) ;
#510 = CARTESIAN_POINT ( 'NONE',  ( 15.51250000000001350, -2.500999999999999890, -30.75000000000000000 ) ) ;
#511 = CARTESIAN_POINT ( 'NONE',  ( 94.27499999999999147, -2.500000000000000000, -9.750000000000015987 ) ) ;
#512 = ORIENTED_EDGE ( 'NONE', *, *, #2385, .T. ) ;
#513 = EDGE_LOOP ( 'NONE', ( #1341, #1240, #2438, #1119, #1960, #272, #1914, #2140, #946, #1152, #1246, #1394, #2183, #1756 ) ) ;
#514 = EDGE_CURVE ( 'NONE', #1919, #2028, #664, .T. ) ;
#515 = FACE_OUTER_BOUND ( 'NONE', #2252, .T. ) ;
#516 = ORIENTED_EDGE ( 'NONE', *, *, #2004, .T. ) ;
#517 = CARTESIAN_POINT ( 'NONE',  ( 68.01250000000001705, 0.3000000000000001554, -47.30000000000003268 ) ) ;
#518 = ORIENTED_EDGE ( 'NONE', *, *, #1581, .F. ) ;
#519 = VECTOR ( 'NONE', #2333, 1000.000000000000000 ) ;
#520 = ORIENTED_EDGE ( 'NONE', *, *, #2451, .F. ) ;
#521 = LINE ( 'NONE', #936, #1694 ) ;
#522 = VECTOR ( 'NONE', #1522, 1000.000000000000000 ) ;
#523 = CARTESIAN_POINT ( 'NONE',  ( 92.99999999999998579, 0.000000000000000000, 0.5000000000000056621 ) ) ;
#524 = CARTESIAN_POINT ( 'NONE',  ( 1.000000000000000888, 6.071532165918824830E-15, 11.50000000000000000 ) ) ;
#525 = ORIENTED_EDGE ( 'NONE', *, *, #1661, .F. ) ;
#526 = AXIS2_PLACEMENT_3D ( 'NONE', #1097, #1512, #2305 ) ;
#527 = DIRECTION ( 'NONE',  ( 1.000000000000000000, -0.000000000000000000, 0.000000000000000000 ) ) ;
#528 = CARTESIAN_POINT ( 'NONE',  ( 23.01250000000001350, 1.500000000000000000, -21.99999999999999645 ) ) ;
#529 = VERTEX_POINT ( 'NONE', #1459 ) ;
#530 = ADVANCED_FACE ( 'NONE', ( #2437 ), #2241, .F. ) ;
#531 = EDGE_CURVE ( 'NONE', #1346, #2190, #1245, .T. ) ;
#532 = LINE ( 'NONE', #972, #1349 ) ;
#533 = ORIENTED_EDGE ( 'NONE', *, *, #2436, .F. ) ;
#534 = CIRCLE ( 'NONE', #2110, 1.599999999999997202 ) ;
#535 = CARTESIAN_POINT ( 'NONE',  ( 27.76250000000001350, -2.500000000000000000, -29.08771324027146932 ) ) ;
#536 = DIRECTION ( 'NONE',  ( 0.000000000000000000, -1.000000000000000000, 0.000000000000000000 ) ) ;
#537 = CARTESIAN_POINT ( 'NONE',  ( 7.347880794884120722E-16, 0.000000000000000000, 0.9999999999999991118 ) ) ;
#538 = EDGE_LOOP ( 'NONE', ( #109, #2077, #1345, #2161 ) ) ;
#539 = ORIENTED_EDGE ( 'NONE', *, *, #2228, .T. ) ;
#540 = LINE ( 'NONE', #1944, #1528 ) ;
#541 = DIRECTION ( 'NONE',  ( -0.000000000000000000, 1.000000000000000000, -0.000000000000000000 ) ) ;
#542 = ORIENTED_EDGE ( 'NONE', *, *, #1544, .F. ) ;
#543 = CARTESIAN_POINT ( 'NONE',  ( 53.11184207678535074, 1.499999999999999112, -48.50000000000001421 ) ) ;
#544 = PRODUCT_RELATED_PRODUCT_CATEGORY ( 'part', '', ( #313 ) ) ;
#545 = EDGE_CURVE ( 'NONE', #352, #261, #2049, .T. ) ;
#546 = ORIENTED_EDGE ( 'NONE', *, *, #229, .T. ) ;
#547 = EDGE_CURVE ( 'NONE', #1282, #1145, #1162, .T. ) ;
#548 = VECTOR ( 'NONE', #1615, 1000.000000000000000 ) ;
#549 = DIRECTION ( 'NONE',  ( 0.000000000000000000, 0.000000000000000000, -1.000000000000000000 ) ) ;
#550 = CYLINDRICAL_SURFACE ( 'NONE', #2557, 1.249999999999997558 ) ;
#551 = LINE ( 'NONE', #2124, #953 ) ;
#552 = ORIENTED_EDGE ( 'NONE', *, *, #2163, .T. ) ;
#553 = CARTESIAN_POINT ( 'NONE',  ( 94.27499999999999147, -2.500000000000000000, -11.35000000000001918 ) ) ;
#554 = FACE_BOUND ( 'NONE', #1671, .T. ) ;
#555 = VERTEX_POINT ( 'NONE', #1623 ) ;
#556 = DIRECTION ( 'NONE',  ( -0.000000000000000000, 1.000000000000000000, -0.000000000000000000 ) ) ;
#557 = VERTEX_POINT ( 'NONE', #1232 ) ;
#558 = VECTOR ( 'NONE', #1481, 1000.000000000000000 ) ;
#559 = VECTOR ( 'NONE', #1400, 1000.000000000000000 ) ;
#560 = EDGE_CURVE ( 'NONE', #2484, #2062, #622, .T. ) ;
#561 = VECTOR ( 'NONE', #2566, 1000.000000000000000 ) ;
#562 = CYLINDRICAL_SURFACE ( 'NONE', #1826, 1.600000000000004086 ) ;
#563 = DIRECTION ( 'NONE',  ( -0.000000000000000000, 1.000000000000000000, -0.000000000000000000 ) ) ;
#564 = VERTEX_POINT ( 'NONE', #2023 ) ;
#565 = DIRECTION ( 'NONE',  ( 0.000000000000000000, 0.000000000000000000, -1.000000000000000000 ) ) ;
#566 = AXIS2_PLACEMENT_3D ( 'NONE', #923, #536, #1749 ) ;
#567 = DIRECTION ( 'NONE',  ( 0.000000000000000000, 0.000000000000000000, -1.000000000000000000 ) ) ;
#568 = FACE_BOUND ( 'NONE', #1358, .T. ) ;
#569 = CARTESIAN_POINT ( 'NONE',  ( 70.51250000000000284, -2.500999999999999890, -77.00000000000000000 ) ) ;
#570 = ORIENTED_EDGE ( 'NONE', *, *, #818, .T. ) ;
#571 = CARTESIAN_POINT ( 'NONE',  ( -6.750000000000009770, -2.500000000000000000, -107.0000000000000142 ) ) ;
#572 = VECTOR ( 'NONE', #1432, 1000.000000000000000 ) ;
#573 = EDGE_LOOP ( 'NONE', ( #966, #731, #2331, #2441, #2278, #1759 ) ) ;
#574 = ORIENTED_EDGE ( 'NONE', *, *, #407, .T. ) ;
#575 = CARTESIAN_POINT ( 'NONE',  ( 57.76250000000000995, -2.500000000000000000, -29.08771324027145155 ) ) ;
#576 = LINE ( 'NONE', #2404, #1191 ) ;
#577 = VECTOR ( 'NONE', #2081, 1000.000000000000000 ) ;
#578 = EDGE_CURVE ( 'NONE', #1080, #1828, #2410, .T. ) ;
#579 = ADVANCED_FACE ( 'NONE', ( #656 ), #1484, .F. ) ;
#580 = ORIENTED_EDGE ( 'NONE', *, *, #794, .F. ) ;
#581 = LINE ( 'NONE', #385, #1159 ) ;
#582 = CARTESIAN_POINT ( 'NONE',  ( 94.27499999999999147, 0.000000000000000000, -92.35000000000000853 ) ) ;
#583 = CARTESIAN_POINT ( 'NONE',  ( 91.49999999999998579, 9.624143795447327676, 0.5000000000000056621 ) ) ;
#584 = PLANE ( 'NONE',  #1531 ) ;
#585 = ORIENTED_EDGE ( 'NONE', *, *, #666, .F. ) ;
#586 = DIRECTION ( 'NONE',  ( 0.000000000000000000, -1.000000000000000000, 0.000000000000000000 ) ) ;
#587 = ORIENTED_EDGE ( 'NONE', *, *, #813, .T. ) ;
#588 = CARTESIAN_POINT ( 'NONE',  ( 51.89293885637973602, 0.3000000000000001554, -47.30000000000003268 ) ) ;
#589 = ORIENTED_EDGE ( 'NONE', *, *, #293, .T. ) ;
#590 = DIRECTION ( 'NONE',  ( -5.981805089575194965E-17, -0.000000000000000000, -1.000000000000000000 ) ) ;
#591 = CARTESIAN_POINT ( 'NONE',  ( 23.01250000000000639, 1.500000000000000000, -48.50000000000000711 ) ) ;
#592 = DIRECTION ( 'NONE',  ( 1.000000000000000000, 0.000000000000000000, 0.000000000000000000 ) ) ;
#593 = CARTESIAN_POINT ( 'NONE',  ( 1.000000000000000888, 0.000000000000000000, 9.500000000000005329 ) ) ;
#594 = ORIENTED_EDGE ( 'NONE', *, *, #2462, .F. ) ;
#595 = EDGE_CURVE ( 'NONE', #251, #97, #2523, .T. ) ;
#596 = DIRECTION ( 'NONE',  ( -1.000000000000000000, 0.000000000000000000, -1.119176436114069332E-16 ) ) ;
#597 = VERTEX_POINT ( 'NONE', #1095 ) ;
#598 = AXIS2_PLACEMENT_3D ( 'NONE', #2224, #2044, #265 ) ;
#599 = LINE ( 'NONE', #1393, #194 ) ;
#600 = VERTEX_POINT ( 'NONE', #1876 ) ;
#601 = VECTOR ( 'NONE', #2343, 1000.000000000000000 ) ;
#602 = DIRECTION ( 'NONE',  ( -0.000000000000000000, 1.000000000000000000, -0.000000000000000000 ) ) ;
#603 = LINE ( 'NONE', #11, #1054 ) ;
#604 = CIRCLE ( 'NONE', #1640, 1.599999999999997202 ) ;
#605 = CARTESIAN_POINT ( 'NONE',  ( 68.01250000000001705, 0.3000000000000001554, -47.30000000000003268 ) ) ;
#606 = CARTESIAN_POINT ( 'NONE',  ( 97.77500000000001990, -2.500000000000000000, -107.0000000000000142 ) ) ;
#607 = ORIENTED_EDGE ( 'NONE', *, *, #547, .T. ) ;
#608 = CARTESIAN_POINT ( 'NONE',  ( 30.51250000000001705, -1.700000000000000178, -24.32457351945705426 ) ) ;
#609 = ADVANCED_FACE ( 'NONE', ( #1085 ), #740, .F. ) ;
#610 = ADVANCED_FACE ( 'NONE', ( #1329 ), #2326, .F. ) ;
#611 = ORIENTED_EDGE ( 'NONE', *, *, #2543, .T. ) ;
#612 = FACE_BOUND ( 'NONE', #1834, .T. ) ;
#613 = EDGE_LOOP ( 'NONE', ( #434, #657, #1003, #1712 ) ) ;
#614 = VECTOR ( 'NONE', #702, 1000.000000000000000 ) ;
#615 = DIRECTION ( 'NONE',  ( 0.000000000000000000, 0.000000000000000000, 1.000000000000000000 ) ) ;
#616 = FACE_OUTER_BOUND ( 'NONE', #2363, .T. ) ;
#617 = CARTESIAN_POINT ( 'NONE',  ( 63.26250000000000284, -1.700000000000000178, -25.91228675972853424 ) ) ;
#618 = DIRECTION ( 'NONE',  ( 1.259073490628327690E-16, 0.000000000000000000, -1.000000000000000000 ) ) ;
#619 = ORIENTED_EDGE ( 'NONE', *, *, #1289, .F. ) ;
#620 = DIRECTION ( 'NONE',  ( 0.000000000000000000, 0.000000000000000000, -1.000000000000000000 ) ) ;
#621 = ORIENTED_EDGE ( 'NONE', *, *, #1466, .T. ) ;
#622 = CIRCLE ( 'NONE', #379, 1.600000000000004086 ) ;
#623 = EDGE_CURVE ( 'NONE', #2011, #791, #551, .T. ) ;
#625 = EDGE_CURVE ( 'NONE', #323, #2376, #108, .T. ) ;
#624 = LINE ( 'NONE', #1416, #2328 ) ;
#626 = ADVANCED_FACE ( 'NONE', ( #1929 ), #502, .F. ) ;
#627 = DIRECTION ( 'NONE',  ( -0.000000000000000000, 1.000000000000000000, -0.000000000000000000 ) ) ;
#628 = EDGE_LOOP ( 'NONE', ( #89, #2024, #996, #444, #394, #718 ) ) ;
#629 = LINE ( 'NONE', #1036, #2221 ) ;
#630 = DIRECTION ( 'NONE',  ( -1.000000000000000000, 0.000000000000000000, 0.000000000000000000 ) ) ;
#631 = FACE_OUTER_BOUND ( 'NONE', #954, .T. ) ;
#632 = DIRECTION ( 'NONE',  ( -0.000000000000000000, 1.000000000000000000, -0.000000000000000000 ) ) ;
#633 = EDGE_LOOP ( 'NONE', ( #974, #798, #1515, #75 ) ) ;
#634 = LINE ( 'NONE', #2217, #1308 ) ;
#635 = ORIENTED_EDGE ( 'NONE', *, *, #1990, .F. ) ;
#636 = CARTESIAN_POINT ( 'NONE',  ( 94.27499999999999147, -2.500000000000000000, -90.75000000000001421 ) ) ;
#637 = ORIENTED_EDGE ( 'NONE', *, *, #2304, .T. ) ;
#638 = ADVANCED_FACE ( 'NONE', ( #688, #1711, #2074 ), #122, .T. ) ;
#639 = DIRECTION ( 'NONE',  ( 0.000000000000000000, 0.000000000000000000, -1.000000000000000000 ) ) ;
#640 = LINE ( 'NONE', #837, #572 ) ;
#641 = DIRECTION ( 'NONE',  ( 0.000000000000000000, 0.000000000000000000, -1.000000000000000000 ) ) ;
#642 = CARTESIAN_POINT ( 'NONE',  ( -3.250000000000011546, -2.500000000000000000, -90.60000000000000853 ) ) ;
#643 = ORIENTED_EDGE ( 'NONE', *, *, #863, .T. ) ;
#644 = VECTOR ( 'NONE', #1365, 1000.000000000000000 ) ;
#645 = DIRECTION ( 'NONE',  ( 0.000000000000000000, -0.7071067811865449082, -0.7071067811865501263 ) ) ;
#646 = ORIENTED_EDGE ( 'NONE', *, *, #2543, .F. ) ;
#647 = AXIS2_PLACEMENT_3D ( 'NONE', #387, #400, #228 ) ;
#648 = LINE ( 'NONE', #2353, #91 ) ;
#649 = AXIS2_PLACEMENT_3D ( 'NONE', #1633, #244, #2446 ) ;
#650 = ORIENTED_EDGE ( 'NONE', *, *, #2168, .T. ) ;
#651 = CARTESIAN_POINT ( 'NONE',  ( 0.000000000000000000, -1.700000000000000178, 0.000000000000000000 ) ) ;
#652 = DIRECTION ( 'NONE',  ( -0.000000000000000000, 1.000000000000000000, -0.000000000000000000 ) ) ;
#653 = ADVANCED_FACE ( 'NONE', ( #2475 ), #938, .F. ) ;
#654 = DIRECTION ( 'NONE',  ( 0.000000000000000000, 0.000000000000000000, -1.000000000000000000 ) ) ;
#655 = AXIS2_PLACEMENT_3D ( 'NONE', #2199, #1617, #820 ) ;
#656 = FACE_OUTER_BOUND ( 'NONE', #193, .T. ) ;
#657 = ORIENTED_EDGE ( 'NONE', *, *, #2211, .F. ) ;
#658 = FACE_OUTER_BOUND ( 'NONE', #1789, .T. ) ;
#659 = ORIENTED_EDGE ( 'NONE', *, *, #845, .T. ) ;
#660 = LINE ( 'NONE', #2246, #67 ) ;
#661 = CARTESIAN_POINT ( 'NONE',  ( -3.250000000000034639, -2.500000000000000000, -14.60000000000001208 ) ) ;
#662 = CARTESIAN_POINT ( 'NONE',  ( 89.49999999999998579, 0.5000000000000000000, -5.000000000000010658 ) ) ;
#663 = DIRECTION ( 'NONE',  ( -1.275531967630005245E-16, 0.000000000000000000, -1.000000000000000000 ) ) ;
#664 = LINE ( 'NONE', #865, #2315 ) ;
#665 = ORIENTED_EDGE ( 'NONE', *, *, #181, .T. ) ;
#666 = EDGE_CURVE ( 'NONE', #1195, #2244, #1122, .T. ) ;
#667 = DIRECTION ( 'NONE',  ( -0.000000000000000000, -1.000000000000000000, -0.000000000000000000 ) ) ;
#668 = VECTOR ( 'NONE', #101, 1000.000000000000000 ) ;
#669 = VERTEX_POINT ( 'NONE', #1509 ) ;
#670 = EDGE_CURVE ( 'NONE', #669, #1002, #317, .T. ) ;
#671 = DIRECTION ( 'NONE',  ( -1.000000000000000000, 0.000000000000000000, -1.119176436114069332E-16 ) ) ;
#672 = DIRECTION ( 'NONE',  ( -0.000000000000000000, 1.000000000000000000, -0.000000000000000000 ) ) ;
#673 = CARTESIAN_POINT ( 'NONE',  ( 0.000000000000000000, 1.500000000000000000, -97.00000000000000000 ) ) ;
#674 = LINE ( 'NONE', #95, #1311 ) ;
#675 = DIRECTION ( 'NONE',  ( 0.000000000000000000, 0.000000000000000000, -1.000000000000000000 ) ) ;
#676 = ORIENTED_EDGE ( 'NONE', *, *, #1975, .F. ) ;
#677 = CARTESIAN_POINT ( 'NONE',  ( 21.24999999999999289, -2.500000000000000000, -103.6000000000000085 ) ) ;
#678 = VECTOR ( 'NONE', #2204, 1000.000000000000000 ) ;
#679 = ORIENTED_EDGE ( 'NONE', *, *, #1354, .F. ) ;
#680 = CIRCLE ( 'NONE', #2344, 1.600000000000000755 ) ;
#681 = DIRECTION ( 'NONE',  ( -1.000000000000000000, -0.000000000000000000, 1.541976423090494647E-16 ) ) ;
#682 = EDGE_CURVE ( 'NONE', #396, #1631, #700, .T. ) ;
#683 = EDGE_CURVE ( 'NONE', #283, #1130, #1317, .T. ) ;
#684 = AXIS2_PLACEMENT_3D ( 'NONE', #1916, #107, #898 ) ;
#685 = LINE ( 'NONE', #1872, #558 ) ;
#686 = CARTESIAN_POINT ( 'NONE',  ( 75.51250000000001705, 1.499999999999999556, -32.00000000000000711 ) ) ;
#687 = DIRECTION ( 'NONE',  ( -0.000000000000000000, 1.000000000000000000, -0.000000000000000000 ) ) ;
#688 = FACE_OUTER_BOUND ( 'NONE', #1213, .T. ) ;
#689 = VERTEX_POINT ( 'NONE', #725 ) ;
#690 = CARTESIAN_POINT ( 'NONE',  ( 20.51250000000000995, 1.499999999999999556, -77.00000000000000000 ) ) ;
#691 = ORIENTED_EDGE ( 'NONE', *, *, #1494, .F. ) ;
#692 = LINE ( 'NONE', #1847, #1211 ) ;
#693 = AXIS2_PLACEMENT_3D ( 'NONE', #737, #909, #1496 ) ;
#694 = ORIENTED_EDGE ( 'NONE', *, *, #2009, .F. ) ;
#695 = ORIENTED_EDGE ( 'NONE', *, *, #1674, .F. ) ;
#696 = EDGE_CURVE ( 'NONE', #1801, #1004, #1301, .T. ) ;
#697 = AXIS2_PLACEMENT_3D ( 'NONE', #2111, #136, #148 ) ;
#698 = CARTESIAN_POINT ( 'NONE',  ( 0.000000000000000000, 7.099019513592796926, -5.000000000000004441 ) ) ;
#699 = CARTESIAN_POINT ( 'NONE',  ( 75.51250000000001705, 1.499999999999999556, -33.25000000000000711 ) ) ;
#700 = LINE ( 'NONE', #1498, #1284 ) ;
#701 = ORIENTED_EDGE ( 'NONE', *, *, #1250, .T. ) ;
#702 = DIRECTION ( 'NONE',  ( 0.000000000000000000, 0.000000000000000000, -1.000000000000000000 ) ) ;
#703 = CARTESIAN_POINT ( 'NONE',  ( 94.27499999999999147, -2.500000000000000000, -90.75000000000001421 ) ) ;
#704 = ORIENTED_EDGE ( 'NONE', *, *, #1724, .F. ) ;
#705 = LINE ( 'NONE', #1503, #879 ) ;
#706 = EDGE_LOOP ( 'NONE', ( #154, #1819 ) ) ;
#707 = CIRCLE ( 'NONE', #2291, 1.250000000000001110 ) ;
#708 = ORIENTED_EDGE ( 'NONE', *, *, #1118, .F. ) ;
#709 = CARTESIAN_POINT ( 'NONE',  ( 30.51250000000000995, -1.700000000000000178, -30.67542648054294219 ) ) ;
#710 = DIRECTION ( 'NONE',  ( 0.000000000000000000, 0.000000000000000000, -1.000000000000000000 ) ) ;
#711 = EDGE_CURVE ( 'NONE', #1364, #918, #2300, .T. ) ;
#712 = EDGE_CURVE ( 'NONE', #1154, #1221, #2316, .T. ) ;
#713 = DIRECTION ( 'NONE',  ( 5.880418562633245976E-17, 1.000000000000000000, -0.000000000000000000 ) ) ;
#714 = ORIENTED_EDGE ( 'NONE', *, *, #1197, .T. ) ;
#715 = ORIENTED_EDGE ( 'NONE', *, *, #1058, .F. ) ;
#716 = FILL_AREA_STYLE_COLOUR ( '', #1321 ) ;
#717 = DIRECTION ( 'NONE',  ( 0.000000000000000000, -1.000000000000000000, 0.000000000000000000 ) ) ;
#718 = ORIENTED_EDGE ( 'NONE', *, *, #1117, .T. ) ;
#719 = CARTESIAN_POINT ( 'NONE',  ( -3.250000000000015987, 0.000000000000000000, -51.00000000000000711 ) ) ;
#720 = ORIENTED_EDGE ( 'NONE', *, *, #1804, .T. ) ;
#721 = CIRCLE ( 'NONE', #2552, 1.599999999999997202 ) ;
#722 = LINE ( 'NONE', #1106, #1242 ) ;
#723 = VECTOR ( 'NONE', #2123, 1000.000000000000000 ) ;
#724 = CARTESIAN_POINT ( 'NONE',  ( 94.27499999999999147, -2.500000000000000000, -89.15000000000000568 ) ) ;
#725 = CARTESIAN_POINT ( 'NONE',  ( -2.000000000000000000, 0.000000000000000000, 9.500000000000005329 ) ) ;
#726 = ORIENTED_EDGE ( 'NONE', *, *, #1598, .F. ) ;
#727 = ORIENTED_EDGE ( 'NONE', *, *, #1773, .T. ) ;
#728 = EDGE_CURVE ( 'NONE', #1932, #2190, #1952, .T. ) ;
#729 = CYLINDRICAL_SURFACE ( 'NONE', #526, 1.250000000000001110 ) ;
#730 = FACE_BOUND ( 'NONE', #428, .T. ) ;
#731 = ORIENTED_EDGE ( 'NONE', *, *, #833, .F. ) ;
#732 = EDGE_CURVE ( 'NONE', #402, #2134, #899, .T. ) ;
#733 = CARTESIAN_POINT ( 'NONE',  ( 69.24999999999998579, 0.000000000000000000, -102.0000000000000142 ) ) ;
#734 = VECTOR ( 'NONE', #995, 1000.000000000000000 ) ;
#735 = ORIENTED_EDGE ( 'NONE', *, *, #623, .T. ) ;
#736 = AXIS2_PLACEMENT_3D ( 'NONE', #2251, #1040, #839 ) ;
#737 = CARTESIAN_POINT ( 'NONE',  ( 60.51250000000000995, 0.3000000000000001554, -27.50000000000000000 ) ) ;
#738 = VECTOR ( 'NONE', #602, 1000.000000000000000 ) ;
#739 = DIRECTION ( 'NONE',  ( 4.688441826964340600E-17, 0.000000000000000000, 1.000000000000000000 ) ) ;
#740 = PLANE ( 'NONE',  #2281 ) ;
#741 = VERTEX_POINT ( 'NONE', #673 ) ;
#742 =( LENGTH_UNIT ( ) NAMED_UNIT ( * ) SI_UNIT ( .MILLI., .METRE. ) );
#743 = DIRECTION ( 'NONE',  ( 0.000000000000000000, 0.000000000000000000, 1.000000000000000000 ) ) ;
#744 = ORIENTED_EDGE ( 'NONE', *, *, #2508, .T. ) ;
#745 = CARTESIAN_POINT ( 'NONE',  ( -2.000000000000000000, 0.000000000000000000, 9.500000000000005329 ) ) ;
#746 = EDGE_CURVE ( 'NONE', #160, #1493, #2213, .T. ) ;
#747 = ORIENTED_EDGE ( 'NONE', *, *, #595, .F. ) ;
#748 = VECTOR ( 'NONE', #172, 1000.000000000000000 ) ;
#749 = ORIENTED_EDGE ( 'NONE', *, *, #1388, .F. ) ;
#750 = DIRECTION ( 'NONE',  ( -0.8660254037844387076, 0.000000000000000000, -0.4999999999999998890 ) ) ;
#751 = CARTESIAN_POINT ( 'NONE',  ( 75.51250000000001705, -2.500999999999999890, -32.00000000000000711 ) ) ;
#752 = ORIENTED_EDGE ( 'NONE', *, *, #407, .F. ) ;
#753 = DIRECTION ( 'NONE',  ( -0.000000000000000000, 1.000000000000000000, -0.000000000000000000 ) ) ;
#754 = DIRECTION ( 'NONE',  ( 1.000000000000000000, 0.000000000000000000, 0.000000000000000000 ) ) ;
#755 = FACE_OUTER_BOUND ( 'NONE', #86, .T. ) ;
#756 = ORIENTED_EDGE ( 'NONE', *, *, #1913, .F. ) ;
#757 = FACE_OUTER_BOUND ( 'NONE', #297, .T. ) ;
#758 = ORIENTED_EDGE ( 'NONE', *, *, #514, .T. ) ;
#759 = CARTESIAN_POINT ( 'NONE',  ( 27.76250000000001350, -1.700000000000000178, -29.08771324027146932 ) ) ;
#760 = EDGE_LOOP ( 'NONE', ( #1089, #2399, #2332, #887 ) ) ;
#761 = EDGE_CURVE ( 'NONE', #2506, #1858, #1446, .T. ) ;
#762 = EDGE_CURVE ( 'NONE', #2505, #130, #1108, .T. ) ;
#763 = ORIENTED_EDGE ( 'NONE', *, *, #2560, .F. ) ;
#764 = VECTOR ( 'NONE', #1625, 1000.000000000000000 ) ;
#765 = DIRECTION ( 'NONE',  ( 0.000000000000000000, 0.000000000000000000, 1.000000000000000000 ) ) ;
#766 = DIRECTION ( 'NONE',  ( -8.902994032355133732E-17, 0.7071067811865430208, 0.7071067811865521247 ) ) ;
#767 = ORIENTED_EDGE ( 'NONE', *, *, #2118, .F. ) ;
#768 = DIRECTION ( 'NONE',  ( -0.000000000000000000, 1.000000000000000000, -0.000000000000000000 ) ) ;
#769 = CIRCLE ( 'NONE', #2473, 1.250000000000001110 ) ;
#770 = DIRECTION ( 'NONE',  ( 0.8660254037844380415, 0.000000000000000000, -0.5000000000000012212 ) ) ;
#771 = DIRECTION ( 'NONE',  ( 0.000000000000000000, 0.000000000000000000, 1.000000000000000000 ) ) ;
#772 = LINE ( 'NONE', #2010, #25 ) ;
#773 = VERTEX_POINT ( 'NONE', #278 ) ;
#774 = CARTESIAN_POINT ( 'NONE',  ( 21.24999999999999289, -2.500000000000000000, -102.0000000000000142 ) ) ;
#775 = AXIS2_PLACEMENT_3D ( 'NONE', #1874, #94, #1264 ) ;
#776 = ORIENTED_EDGE ( 'NONE', *, *, #1723, .T. ) ;
#777 = AXIS2_PLACEMENT_3D ( 'NONE', #902, #1728, #2525 ) ;
#778 = AXIS2_PLACEMENT_3D ( 'NONE', #2177, #999, #15 ) ;
#779 = FACE_BOUND ( 'NONE', #1733, .T. ) ;
#780 = EDGE_LOOP ( 'NONE', ( #218, #63, #2423, #1974 ) ) ;
#781 = ADVANCED_FACE ( 'NONE', ( #1228 ), #1422, .F. ) ;
#782 = LINE ( 'NONE', #1583, #2402 ) ;
#783 = CARTESIAN_POINT ( 'NONE',  ( 70.51250000000000284, -2.500000000000000000, -77.00000000000000000 ) ) ;
#784 = DIRECTION ( 'NONE',  ( 0.000000000000000000, 0.000000000000000000, 1.000000000000000000 ) ) ;
#785 = ORIENTED_EDGE ( 'NONE', *, *, #433, .F. ) ;
#786 = DIRECTION ( 'NONE',  ( -0.000000000000000000, 1.000000000000000000, -0.000000000000000000 ) ) ;
#787 = VERTEX_POINT ( 'NONE', #60 ) ;
#788 = ORIENTED_EDGE ( 'NONE', *, *, #469, .T. ) ;
#789 = VECTOR ( 'NONE', #1639, 1000.000000000000000 ) ;
#790 = CARTESIAN_POINT ( 'NONE',  ( -3.250000000000015987, -2.500000000000000000, -49.40000000000001279 ) ) ;
#791 = VERTEX_POINT ( 'NONE', #2034 ) ;
#792 = LINE ( 'NONE', #2175, #738 ) ;
#793 = DIRECTION ( 'NONE',  ( 0.000000000000000000, 0.000000000000000000, -1.000000000000000000 ) ) ;
#794 = EDGE_CURVE ( 'NONE', #2334, #220, #1780, .T. ) ;
#795 = CARTESIAN_POINT ( 'NONE',  ( 57.76250000000000995, -1.700000000000000178, -25.91228675972853068 ) ) ;
#796 = EDGE_CURVE ( 'NONE', #1453, #408, #450, .T. ) ;
#797 = CARTESIAN_POINT ( 'NONE',  ( 20.51250000000000995, 1.499999999999999556, -75.75000000000000000 ) ) ;
#798 = ORIENTED_EDGE ( 'NONE', *, *, #390, .T. ) ;
#799 = PLANE ( 'NONE',  #935 ) ;
#800 = ORIENTED_EDGE ( 'NONE', *, *, #1930, .F. ) ;
#801 = ORIENTED_EDGE ( 'NONE', *, *, #925, .F. ) ;
#802 = VECTOR ( 'NONE', #217, 1000.000000000000000 ) ;
#803 = CARTESIAN_POINT ( 'NONE',  ( 52.74033169549171163, 1.065656234995811413, -48.06565623499582074 ) ) ;
#804 = EDGE_LOOP ( 'NONE', ( #1415, #621 ) ) ;
#805 = AXIS2_PLACEMENT_3D ( 'NONE', #139, #1112, #915 ) ;
#806 = DIRECTION ( 'NONE',  ( 1.000000000000000000, 0.000000000000000000, 0.000000000000000000 ) ) ;
#807 =( NAMED_UNIT ( * ) SI_UNIT ( $, .STERADIAN. ) SOLID_ANGLE_UNIT ( ) );
#808 = DIRECTION ( 'NONE',  ( -0.000000000000000000, -1.000000000000000000, -0.000000000000000000 ) ) ;
#809 = CARTESIAN_POINT ( 'NONE',  ( 68.01250000000001705, 1.500000000000000000, -22.00000000000000000 ) ) ;
#810 = AXIS2_PLACEMENT_3D ( 'NONE', #1862, #2260, #1644 ) ;
#811 = ORIENTED_EDGE ( 'NONE', *, *, #1466, .F. ) ;
#812 = AXIS2_PLACEMENT_3D ( 'NONE', #2264, #464, #654 ) ;
#813 = EDGE_CURVE ( 'NONE', #1955, #1195, #1243, .T. ) ;
#814 = CARTESIAN_POINT ( 'NONE',  ( 0.000000000000000000, -1.700000000000000178, 0.000000000000000000 ) ) ;
#815 = CIRCLE ( 'NONE', #1357, 1.250000000000001110 ) ;
#816 = ORIENTED_EDGE ( 'NONE', *, *, #433, .T. ) ;
#817 = VERTEX_POINT ( 'NONE', #1071 ) ;
#818 = EDGE_CURVE ( 'NONE', #1268, #1047, #1571, .T. ) ;
#819 = LINE ( 'NONE', #1825, #495 ) ;
#820 = DIRECTION ( 'NONE',  ( 0.000000000000000000, 0.000000000000000000, 1.000000000000000000 ) ) ;
#821 = ORIENTED_EDGE ( 'NONE', *, *, #2515, .T. ) ;
#822 = CARTESIAN_POINT ( 'NONE',  ( 89.49999999999998579, 0.5000000000000000000, -5.000000000000010658 ) ) ;
#823 = VECTOR ( 'NONE', #897, 1000.000000000000114 ) ;
#824 = DIRECTION ( 'NONE',  ( 3.469446951953613400E-15, 0.000000000000000000, 1.000000000000000000 ) ) ;
#825 = CARTESIAN_POINT ( 'NONE',  ( -3.250000000000015987, 0.000000000000000000, -49.40000000000001279 ) ) ;
#826 = DIRECTION ( 'NONE',  ( -0.000000000000000000, 1.000000000000000000, -0.000000000000000000 ) ) ;
#827 = ORIENTED_EDGE ( 'NONE', *, *, #863, .F. ) ;
#828 = CARTESIAN_POINT ( 'NONE',  ( 38.69196423039554134, 0.6646768111314284022, -47.66467681113145005 ) ) ;
#829 = CLOSED_SHELL ( 'NONE', ( #1772, #2194, #975, #2415, #497, #1708, #1044, #1879, #1132, #455, #1989, #147, #1417, #355, #1824, #2350, #1261, #2288, #2082, #391, #1231, #1275, #893, #1961, #2148, #1353, #2528, #1821, #374, #1495, #1325, #2121, #131, #168, #653, #2356, #1338, #579, #781, #1691, #1848, #2429, #1743, #638, #1303, #1200, #405, #305, #2466, #133, #1479, #1738, #530, #1878, #1043, #13, #610, #162, #227, #1658, #1945, #1304, #7, #1865, #2390, #1792, #1962, #196, #1896, #485, #626, #2463, #609, #1629, #1613, #973 ) ) ;
#830 = EDGE_LOOP ( 'NONE', ( #2067, #1985, #2294, #2500 ) ) ;
#831 = VECTOR ( 'NONE', #332, 1000.000000000000000 ) ;
#832 = DIRECTION ( 'NONE',  ( -0.000000000000000000, 1.000000000000000000, -0.000000000000000000 ) ) ;
#833 = EDGE_CURVE ( 'NONE', #1130, #160, #1038, .T. ) ;
#834 = DIRECTION ( 'NONE',  ( 0.000000000000000000, -1.000000000000000000, 0.000000000000000000 ) ) ;
#835 = EDGE_LOOP ( 'NONE', ( #1413, #574, #907, #533 ) ) ;
#836 = DIRECTION ( 'NONE',  ( 0.000000000000000000, -1.000000000000000000, 0.000000000000000000 ) ) ;
#837 = CARTESIAN_POINT ( 'NONE',  ( 68.01250000000001705, 0.3000000000000001554, -22.00000000000000000 ) ) ;
#838 = DIRECTION ( 'NONE',  ( -0.000000000000000000, -0.000000000000000000, -1.000000000000000000 ) ) ;
#839 = DIRECTION ( 'NONE',  ( 0.000000000000000000, 0.000000000000000000, -1.000000000000000000 ) ) ;
#840 = ORIENTED_EDGE ( 'NONE', *, *, #263, .T. ) ;
#841 = LINE ( 'NONE', #1599, #1100 ) ;
#842 = ORIENTED_EDGE ( 'NONE', *, *, #2495, .T. ) ;
#843 = DIRECTION ( 'NONE',  ( 0.8660254037844382635, 0.000000000000000000, -0.5000000000000005551 ) ) ;
#844 = EDGE_CURVE ( 'NONE', #1364, #2019, #2420, .T. ) ;
#845 = EDGE_CURVE ( 'NONE', #791, #1221, #2072, .T. ) ;
#846 = EDGE_LOOP ( 'NONE', ( #1294, #1052 ) ) ;
#847 = FACE_OUTER_BOUND ( 'NONE', #538, .T. ) ;
#848 = UNCERTAINTY_MEASURE_WITH_UNIT (LENGTH_MEASURE( 1.000000000000000082E-05 ), #742, 'distance_accuracy_value', 'NONE');
#849 = DIRECTION ( 'NONE',  ( 0.000000000000000000, 0.000000000000000000, -1.000000000000000000 ) ) ;
#850 = CARTESIAN_POINT ( 'NONE',  ( 39.13206114362028387, 0.3000000000000001554, -47.30000000000002558 ) ) ;
#851 = CARTESIAN_POINT ( 'NONE',  ( 1.000000000000000888, 1.500000000000001776, 13.00000000000000711 ) ) ;
#852 = ORIENTED_EDGE ( 'NONE', *, *, #1403, .F. ) ;
#853 = AXIS2_PLACEMENT_3D ( 'NONE', #814, #2206, #17 ) ;
#854 = LINE ( 'NONE', #878, #104 ) ;
#855 = ORIENTED_EDGE ( 'NONE', *, *, #2462, .T. ) ;
#856 = AXIS2_PLACEMENT_3D ( 'NONE', #2447, #2240, #1255 ) ;
#857 = CARTESIAN_POINT ( 'NONE',  ( 20.51250000000000995, -2.500999999999999890, -77.00000000000000000 ) ) ;
#858 = AXIS2_PLACEMENT_3D ( 'NONE', #199, #2002, #1020 ) ;
#859 = EDGE_CURVE ( 'NONE', #1291, #741, #1841, .T. ) ;
#860 = DIRECTION ( 'NONE',  ( 0.000000000000000000, 0.000000000000000000, -1.000000000000000000 ) ) ;
#861 = CARTESIAN_POINT ( 'NONE',  ( 94.27499999999999147, 0.000000000000000000, -45.75000000000001421 ) ) ;
#862 = PLANE ( 'NONE',  #404 ) ;
#863 = EDGE_CURVE ( 'NONE', #323, #310, #640, .T. ) ;
#864 = VECTOR ( 'NONE', #1405, 1000.000000000000000 ) ;
#865 = CARTESIAN_POINT ( 'NONE',  ( -3.250000000000011546, -2.500000000000000000, -87.40000000000000568 ) ) ;
#866 = ORIENTED_EDGE ( 'NONE', *, *, #2102, .F. ) ;
#867 = CIRCLE ( 'NONE', #2444, 1.600000000000004086 ) ;
#868 = DIRECTION ( 'NONE',  ( 0.000000000000000000, 0.000000000000000000, 1.000000000000000000 ) ) ;
#869 = ORIENTED_EDGE ( 'NONE', *, *, #813, .F. ) ;
#870 = FACE_OUTER_BOUND ( 'NONE', #119, .T. ) ;
#871 = LINE ( 'NONE', #2248, #1679 ) ;
#872 = DIRECTION ( 'NONE',  ( 0.000000000000000000, 0.000000000000000000, 1.000000000000000000 ) ) ;
#873 = CARTESIAN_POINT ( 'NONE',  ( -3.250000000000011546, -2.500000000000000000, -89.00000000000001421 ) ) ;
#874 = DIRECTION ( 'NONE',  ( 0.000000000000000000, 0.000000000000000000, 1.000000000000000000 ) ) ;
#875 = ORIENTED_EDGE ( 'NONE', *, *, #1029, .F. ) ;
#876 = EDGE_CURVE ( 'NONE', #989, #2512, #1656, .T. ) ;
#877 = EDGE_CURVE ( 'NONE', #208, #182, #1049, .T. ) ;
#878 = CARTESIAN_POINT ( 'NONE',  ( 0.000000000000000000, 0.5000000000000000000, -5.000000000000000888 ) ) ;
#879 = VECTOR ( 'NONE', #1057, 1000.000000000000000 ) ;
#880 = ORIENTED_EDGE ( 'NONE', *, *, #1530, .F. ) ;
#881 = CARTESIAN_POINT ( 'NONE',  ( 89.49999999999998579, 0.5000000000000004441, -5.000000000000010658 ) ) ;
#882 = EDGE_LOOP ( 'NONE', ( #299, #1257, #1161, #1323 ) ) ;
#883 = CYLINDRICAL_SURFACE ( 'NONE', #230, 1.250000000000001110 ) ;
#884 = CARTESIAN_POINT ( 'NONE',  ( 89.49999999999998579, 1.500000000000000000, 13.50000000000002132 ) ) ;
#885 = CARTESIAN_POINT ( 'NONE',  ( 0.000000000000000000, 0.5000000000000000000, 0.000000000000000000 ) ) ;
#886 = CARTESIAN_POINT ( 'NONE',  ( 0.000000000000000000, 0.3000000000000001554, 0.000000000000000000 ) ) ;
#887 = ORIENTED_EDGE ( 'NONE', *, *, #2026, .T. ) ;
#888 = DIRECTION ( 'NONE',  ( -0.000000000000000000, 1.000000000000000000, -0.000000000000000000 ) ) ;
#889 = EDGE_LOOP ( 'NONE', ( #2144, #585, #869, #1151 ) ) ;
#890 = AXIS2_PLACEMENT_3D ( 'NONE', #962, #1543, #2542 ) ;
#891 = VECTOR ( 'NONE', #2280, 1000.000000000000000 ) ;
#892 = DIRECTION ( 'NONE',  ( 0.000000000000000000, 0.000000000000000000, 1.000000000000000000 ) ) ;
#893 = ADVANCED_FACE ( 'NONE', ( #463 ), #1852, .F. ) ;
#894 = EDGE_LOOP ( 'NONE', ( #2091, #1610, #1624, #1336 ) ) ;
#895 = CIRCLE ( 'NONE', #1475, 1.600000000000004086 ) ;
#896 = ORIENTED_EDGE ( 'NONE', *, *, #1418, .F. ) ;
#897 = DIRECTION ( 'NONE',  ( -0.8660254037844388186, 0.000000000000000000, 0.4999999999999996669 ) ) ;
#898 = DIRECTION ( 'NONE',  ( 0.000000000000000000, 0.000000000000000000, -1.000000000000000000 ) ) ;
#899 = CIRCLE ( 'NONE', #2106, 1.250000000000001110 ) ;
#900 = DIRECTION ( 'NONE',  ( -0.000000000000000000, 1.000000000000000000, -0.000000000000000000 ) ) ;
#901 = VERTEX_POINT ( 'NONE', #2286 ) ;
#902 = CARTESIAN_POINT ( 'NONE',  ( 68.01250000000001705, 0.3000000000000001554, -22.00000000000000000 ) ) ;
#903 = CARTESIAN_POINT ( 'NONE',  ( 0.000000000000000000, 1.500000000000000000, 0.000000000000000000 ) ) ;
#904 = ORIENTED_EDGE ( 'NONE', *, *, #1117, .F. ) ;
#905 = LINE ( 'NONE', #1675, #668 ) ;
#906 = AXIS2_PLACEMENT_3D ( 'NONE', #2275, #1120, #500 ) ;
#907 = ORIENTED_EDGE ( 'NONE', *, *, #146, .F. ) ;
#908 = EDGE_CURVE ( 'NONE', #2367, #2484, #521, .T. ) ;
#909 = DIRECTION ( 'NONE',  ( 0.000000000000000000, 1.000000000000000000, 0.000000000000000000 ) ) ;
#910 = CARTESIAN_POINT ( 'NONE',  ( 94.27499999999999147, 0.000000000000000000, -11.35000000000001918 ) ) ;
#911 = DIRECTION ( 'NONE',  ( 0.000000000000000000, 0.000000000000000000, 1.000000000000000000 ) ) ;
#912 = ORIENTED_EDGE ( 'NONE', *, *, #1451, .F. ) ;
#913 = EDGE_LOOP ( 'NONE', ( #1589, #367, #1099, #1763 ) ) ;
#914 = DIRECTION ( 'NONE',  ( -0.000000000000000000, 1.000000000000000000, -0.000000000000000000 ) ) ;
#915 = DIRECTION ( 'NONE',  ( 2.775557561562891351E-16, 0.000000000000000000, 1.000000000000000000 ) ) ;
#916 = VERTEX_POINT ( 'NONE', #1133 ) ;
#917 = DIRECTION ( 'NONE',  ( 0.000000000000000000, 0.000000000000000000, 1.000000000000000000 ) ) ;
#918 = VERTEX_POINT ( 'NONE', #535 ) ;
#919 = ORIENTED_EDGE ( 'NONE', *, *, #531, .T. ) ;
#920 = EDGE_CURVE ( 'NONE', #1582, #1707, #120, .T. ) ;
#921 = EDGE_CURVE ( 'NONE', #251, #261, #2122, .T. ) ;
#922 = LINE ( 'NONE', #144, #1367 ) ;
#923 = CARTESIAN_POINT ( 'NONE',  ( 21.24999999999999289, 0.000000000000000000, -102.0000000000000142 ) ) ;
#924 = DIRECTION ( 'NONE',  ( 1.000000000000000000, 0.000000000000000000, 0.000000000000000000 ) ) ;
#925 = EDGE_CURVE ( 'NONE', #1453, #1999, #1521, .T. ) ;
#926 = ORIENTED_EDGE ( 'NONE', *, *, #2371, .F. ) ;
#927 = ORIENTED_EDGE ( 'NONE', *, *, #1893, .T. ) ;
#928 = CARTESIAN_POINT ( 'NONE',  ( 75.51250000000001705, -2.500999999999999890, -32.00000000000000711 ) ) ;
#929 = FACE_BOUND ( 'NONE', #2205, .T. ) ;
#930 = VERTEX_POINT ( 'NONE', #2108 ) ;
#931 = VECTOR ( 'NONE', #36, 1000.000000000000000 ) ;
#932 = DIRECTION ( 'NONE',  ( -0.000000000000000000, 1.000000000000000000, -0.000000000000000000 ) ) ;
#933 = VECTOR ( 'NONE', #1958, 1000.000000000000114 ) ;
#934 = EDGE_LOOP ( 'NONE', ( #1700, #102, #1427, #1665 ) ) ;
#935 = AXIS2_PLACEMENT_3D ( 'NONE', #1987, #2397, #1809 ) ;
#936 = CARTESIAN_POINT ( 'NONE',  ( 94.27499999999999147, -2.500000000000000000, -92.35000000000000853 ) ) ;
#937 = CARTESIAN_POINT ( 'NONE',  ( -3.250000000000034639, -2.500000000000000000, -11.40000000000001101 ) ) ;
#938 = CYLINDRICAL_SURFACE ( 'NONE', #2530, 1.600000000000000755 ) ;
#939 = VERTEX_POINT ( 'NONE', #2093 ) ;
#940 = PLANE ( 'NONE',  #777 ) ;
#941 = EDGE_CURVE ( 'NONE', #2134, #402, #457, .T. ) ;
#942 = CYLINDRICAL_SURFACE ( 'NONE', #482, 10.00000000000000178 ) ;
#943 = ORIENTED_EDGE ( 'NONE', *, *, #1507, .F. ) ;
#944 = ORIENTED_EDGE ( 'NONE', *, *, #161, .T. ) ;
#945 = DIRECTION ( 'NONE',  ( 0.000000000000000000, 1.000000000000000000, 0.000000000000000000 ) ) ;
#946 = ORIENTED_EDGE ( 'NONE', *, *, #1838, .F. ) ;
#947 = AXIS2_PLACEMENT_3D ( 'NONE', #1023, #753, #967 ) ;
#948 = ORIENTED_EDGE ( 'NONE', *, *, #341, .F. ) ;
#949 = CARTESIAN_POINT ( 'NONE',  ( 94.27499999999999147, -2.500000000000000000, -9.750000000000015987 ) ) ;
#950 = VECTOR ( 'NONE', #806, 1000.000000000000000 ) ;
#951 = DIRECTION ( 'NONE',  ( -0.8660254037844382635, 0.000000000000000000, 0.5000000000000005551 ) ) ;
#952 = ORIENTED_EDGE ( 'NONE', *, *, #2119, .T. ) ;
#953 = VECTOR ( 'NONE', #346, 1000.000000000000000 ) ;
#954 = EDGE_LOOP ( 'NONE', ( #254, #43, #2558, #1539 ) ) ;
#955 = LINE ( 'NONE', #2126, #614 ) ;
#956 = DIRECTION ( 'NONE',  ( 0.000000000000000000, -0.000000000000000000, -1.000000000000000000 ) ) ;
#957 = ORIENTED_EDGE ( 'NONE', *, *, #181, .F. ) ;
#958 = FACE_OUTER_BOUND ( 'NONE', #780, .T. ) ;
#959 = ORIENTED_EDGE ( 'NONE', *, *, #992, .T. ) ;
#960 = EDGE_CURVE ( 'NONE', #2116, #1988, #2154, .T. ) ;
#961 = EDGE_CURVE ( 'NONE', #2244, #2011, #1482, .T. ) ;
#962 = CARTESIAN_POINT ( 'NONE',  ( -3.250000000000015987, -2.500000000000000000, -51.00000000000000711 ) ) ;
#963 = VERTEX_POINT ( 'NONE', #330 ) ;
#964 = CARTESIAN_POINT ( 'NONE',  ( 68.01250000000001705, 1.500000000000000000, -48.50000000000001421 ) ) ;
#965 = CARTESIAN_POINT ( 'NONE',  ( 15.51250000000001350, -2.500000000000000000, -33.25000000000000000 ) ) ;
#966 = ORIENTED_EDGE ( 'NONE', *, *, #1547, .F. ) ;
#967 = DIRECTION ( 'NONE',  ( 0.000000000000000000, 0.000000000000000000, 1.000000000000000000 ) ) ;
#968 = LINE ( 'NONE', #1011, #1900 ) ;
#969 = CYLINDRICAL_SURFACE ( 'NONE', #1683, 1.599999999999997202 ) ;
#970 = CARTESIAN_POINT ( 'NONE',  ( 1.000000000000000000, 1.500000000000000000, -5.000000000000000000 ) ) ;
#971 = VERTEX_POINT ( 'NONE', #1696 ) ;
#972 = CARTESIAN_POINT ( 'NONE',  ( -6.750000000000023093, -1.000000000000000000, 9.500000000000005329 ) ) ;
#973 = ADVANCED_FACE ( 'NONE', ( #509 ), #1734, .F. ) ;
#974 = ORIENTED_EDGE ( 'NONE', *, *, #468, .F. ) ;
#975 = ADVANCED_FACE ( 'NONE', ( #1327 ), #344, .F. ) ;
#976 = ORIENTED_EDGE ( 'NONE', *, *, #1463, .T. ) ;
#977 = CIRCLE ( 'NONE', #2299, 1.250000000000001110 ) ;
#978 = DIRECTION ( 'NONE',  ( 0.000000000000000000, 0.000000000000000000, -1.000000000000000000 ) ) ;
#979 = ORIENTED_EDGE ( 'NONE', *, *, #1544, .T. ) ;
#980 = PLANE ( 'NONE',  #1868 ) ;
#981 = CIRCLE ( 'NONE', #32, 1.250000000000001110 ) ;
#982 = CARTESIAN_POINT ( 'NONE',  ( 7.347880794884120722E-16, 0.5000000000000000000, 0.9999999999999991118 ) ) ;
#983 = PLANE ( 'NONE',  #1563 ) ;
#984 = CARTESIAN_POINT ( 'NONE',  ( 60.51250000000000995, -2.501000000000000778, -29.09999999999999787 ) ) ;
#985 = CIRCLE ( 'NONE', #1239, 10.00000000000000178 ) ;
#986 = ORIENTED_EDGE ( 'NONE', *, *, #1463, .F. ) ;
#987 = CARTESIAN_POINT ( 'NONE',  ( 37.91315792321468336, 1.499999999999999112, -48.50000000000000711 ) ) ;
#988 = VECTOR ( 'NONE', #1830, 1000.000000000000000 ) ;
#989 = VERTEX_POINT ( 'NONE', #2521 ) ;
#990 = VECTOR ( 'NONE', #2184, 1000.000000000000000 ) ;
#991 = EDGE_LOOP ( 'NONE', ( #1382, #2301, #552, #503 ) ) ;
#992 = EDGE_CURVE ( 'NONE', #2490, #283, #1287, .T. ) ;
#993 = AXIS2_PLACEMENT_3D ( 'NONE', #85, #826, #874 ) ;
#994 = EDGE_CURVE ( 'NONE', #507, #1899, #2362, .T. ) ;
#995 = DIRECTION ( 'NONE',  ( -0.000000000000000000, 1.000000000000000000, -0.000000000000000000 ) ) ;
#996 = ORIENTED_EDGE ( 'NONE', *, *, #2245, .T. ) ;
#997 = DIRECTION ( 'NONE',  ( -0.000000000000000000, 1.000000000000000000, -0.000000000000000000 ) ) ;
#998 = CARTESIAN_POINT ( 'NONE',  ( 0.000000000000000000, 0.5000000000000000000, 0.000000000000000000 ) ) ;
#999 = DIRECTION ( 'NONE',  ( -0.000000000000000000, 1.000000000000000000, -0.000000000000000000 ) ) ;
#1000 = ORIENTED_EDGE ( 'NONE', *, *, #2385, .F. ) ;
#1001 = DIRECTION ( 'NONE',  ( -0.000000000000000000, -1.000000000000000000, -0.000000000000000000 ) ) ;
#1002 = VERTEX_POINT ( 'NONE', #1536 ) ;
#1003 = ORIENTED_EDGE ( 'NONE', *, *, #2181, .F. ) ;
#1004 = VERTEX_POINT ( 'NONE', #2324 ) ;
#1005 = CIRCLE ( 'NONE', #1920, 10.00000000000000178 ) ;
#1006 = CARTESIAN_POINT ( 'NONE',  ( 30.51250000000001705, -1.700000000000000178, -25.89999999999999503 ) ) ;
#1007 = EDGE_CURVE ( 'NONE', #689, #817, #922, .T. ) ;
#1008 = EDGE_CURVE ( 'NONE', #600, #251, #722, .T. ) ;
#1009 = ORIENTED_EDGE ( 'NONE', *, *, #1168, .T. ) ;
#1010 = CARTESIAN_POINT ( 'NONE',  ( 60.51250000000000995, -1.700000000000000178, -30.67542648054293153 ) ) ;
#1011 = CARTESIAN_POINT ( 'NONE',  ( 57.76250000000000995, -1.700000000000000178, -29.08771324027145155 ) ) ;
#1012 = CARTESIAN_POINT ( 'NONE',  ( 60.51250000000000995, -2.501000000000000778, -27.50000000000000000 ) ) ;
#1013 = EDGE_CURVE ( 'NONE', #2019, #773, #300, .T. ) ;
#1014 = LINE ( 'NONE', #2372, #678 ) ;
#1015 = EDGE_LOOP ( 'NONE', ( #1139, #470, #2284, #912 ) ) ;
#1016 = DIRECTION ( 'NONE',  ( 0.000000000000000000, -1.000000000000000000, 0.000000000000000000 ) ) ;
#1017 = VERTEX_POINT ( 'NONE', #1901 ) ;
#1018 = CARTESIAN_POINT ( 'NONE',  ( 69.24999999999998579, -2.500000000000000000, -100.4000000000000057 ) ) ;
#1019 = VECTOR ( 'NONE', #2471, 1000.000000000000000 ) ;
#1020 = DIRECTION ( 'NONE',  ( 0.000000000000000000, 0.000000000000000000, 1.000000000000000000 ) ) ;
#1021 = ORIENTED_EDGE ( 'NONE', *, *, #682, .F. ) ;
#1022 = CIRCLE ( 'NONE', #1934, 1.600000000000004086 ) ;
#1023 = CARTESIAN_POINT ( 'NONE',  ( 45.51250000000000995, -2.500999999999999890, -55.00000000000001421 ) ) ;
#1024 = DIRECTION ( 'NONE',  ( 0.000000000000000000, 0.000000000000000000, -1.000000000000000000 ) ) ;
#1025 = DIRECTION ( 'NONE',  ( 0.000000000000000000, 0.000000000000000000, -1.000000000000000000 ) ) ;
#1026 = FACE_OUTER_BOUND ( 'NONE', #2365, .T. ) ;
#1027 = ORIENTED_EDGE ( 'NONE', *, *, #818, .F. ) ;
#1028 = VECTOR ( 'NONE', #1853, 1000.000000000000000 ) ;
#1029 = EDGE_CURVE ( 'NONE', #327, #97, #1339, .T. ) ;
#1030 = CARTESIAN_POINT ( 'NONE',  ( 38.28466830450830116, 1.065656234995806084, -48.06565623499582074 ) ) ;
#1031 = VECTOR ( 'NONE', #1473, 1000.000000000000000 ) ;
#1032 = ORIENTED_EDGE ( 'NONE', *, *, #2196, .F. ) ;
#1033 = LINE ( 'NONE', #44, #370 ) ;
#1034 = CARTESIAN_POINT ( 'NONE',  ( 68.01250000000001705, 0.3000000000000001554, -47.30000000000003268 ) ) ;
#1035 = ORIENTED_EDGE ( 'NONE', *, *, #438, .F. ) ;
#1036 = CARTESIAN_POINT ( 'NONE',  ( 20.51250000000000995, -2.500999999999999890, -78.25000000000000000 ) ) ;
#1037 = VECTOR ( 'NONE', #134, 1000.000000000000000 ) ;
#1038 = LINE ( 'NONE', #884, #988 ) ;
#1039 = LINE ( 'NONE', #1681, #1976 ) ;
#1040 = DIRECTION ( 'NONE',  ( -0.000000000000000000, 1.000000000000000000, -0.000000000000000000 ) ) ;
#1041 = ORIENTED_EDGE ( 'NONE', *, *, #1513, .T. ) ;
#1042 = DIRECTION ( 'NONE',  ( 0.000000000000000000, 0.000000000000000000, -1.000000000000000000 ) ) ;
#1043 = ADVANCED_FACE ( 'NONE', ( #156 ), #1680, .F. ) ;
#1044 = ADVANCED_FACE ( 'NONE', ( #33 ), #562, .F. ) ;
#1045 = EDGE_LOOP ( 'NONE', ( #2384, #665, #1568, #99 ) ) ;
#1046 = FACE_OUTER_BOUND ( 'NONE', #2092, .T. ) ;
#1047 = VERTEX_POINT ( 'NONE', #1748 ) ;
#1048 = FACE_OUTER_BOUND ( 'NONE', #889, .T. ) ;
#1049 = LINE ( 'NONE', #1863, #1361 ) ;
#1050 = DIRECTION ( 'NONE',  ( -0.000000000000000000, 1.000000000000000000, -0.000000000000000000 ) ) ;
#1051 = CARTESIAN_POINT ( 'NONE',  ( 20.51250000000000995, -2.500999999999999890, -77.00000000000000000 ) ) ;
#1052 = ORIENTED_EDGE ( 'NONE', *, *, #2004, .F. ) ;
#1053 = PLANE ( 'NONE',  #1938 ) ;
#1054 = VECTOR ( 'NONE', #1216, 999.9999999999998863 ) ;
#1055 = ORIENTED_EDGE ( 'NONE', *, *, #1788, .T. ) ;
#1056 = EDGE_CURVE ( 'NONE', #334, #2320, #1033, .T. ) ;
#1057 = DIRECTION ( 'NONE',  ( 0.000000000000000000, -0.7071067811865449082, -0.7071067811865501263 ) ) ;
#1058 = EDGE_CURVE ( 'NONE', #1600, #2476, #1549, .T. ) ;
#1059 = CARTESIAN_POINT ( 'NONE',  ( 30.51250000000001705, -2.500000000000000000, -24.32457351945705426 ) ) ;
#1060 = DIRECTION ( 'NONE',  ( 0.000000000000000000, -1.000000000000000000, 0.000000000000000000 ) ) ;
#1061 = CARTESIAN_POINT ( 'NONE',  ( 94.27499999999999147, -2.500000000000000000, -45.75000000000001421 ) ) ;
#1062 = CARTESIAN_POINT ( 'NONE',  ( 60.51250000000000995, -1.700000000000000178, -27.50000000000000000 ) ) ;
#1063 = ORIENTED_EDGE ( 'NONE', *, *, #1642, .F. ) ;
#1064 = CIRCLE ( 'NONE', #1183, 1.600000000000000755 ) ;
#1065 = CARTESIAN_POINT ( 'NONE',  ( 57.76250000000000995, -2.500000000000000000, -25.91228675972853068 ) ) ;
#1066 = EDGE_LOOP ( 'NONE', ( #1923, #896 ) ) ;
#1067 = LINE ( 'NONE', #262, #1334 ) ;
#1068 = EDGE_CURVE ( 'NONE', #963, #1542, #2337, .T. ) ;
#1069 = EDGE_CURVE ( 'NONE', #2128, #1364, #819, .T. ) ;
#1070 = CYLINDRICAL_SURFACE ( 'NONE', #1474, 1.600000000000004086 ) ;
#1071 = CARTESIAN_POINT ( 'NONE',  ( -6.750000000000023093, 0.000000000000000000, 9.500000000000005329 ) ) ;
#1072 = CARTESIAN_POINT ( 'NONE',  ( -3.250000000000011546, -2.500000000000000000, -89.00000000000001421 ) ) ;
#1073 = AXIS2_PLACEMENT_3D ( 'NONE', #34, #2391, #1954 ) ;
#1074 = DIRECTION ( 'NONE',  ( 0.000000000000000000, -1.000000000000000000, 0.000000000000000000 ) ) ;
#1075 = ORIENTED_EDGE ( 'NONE', *, *, #2256, .T. ) ;
#1076 = CARTESIAN_POINT ( 'NONE',  ( 60.51250000000000995, -2.500000000000000000, -30.67542648054293153 ) ) ;
#1077 = ORIENTED_EDGE ( 'NONE', *, *, #2274, .T. ) ;
#1078 = DIRECTION ( 'NONE',  ( 0.000000000000000000, 1.000000000000000000, 0.000000000000000000 ) ) ;
#1079 = VECTOR ( 'NONE', #1843, 1000.000000000000000 ) ;
#1080 = VERTEX_POINT ( 'NONE', #2534 ) ;
#1081 = CARTESIAN_POINT ( 'NONE',  ( 68.01250000000001705, 1.500000000000000000, -48.50000000000001421 ) ) ;
#1082 = CARTESIAN_POINT ( 'NONE',  ( 33.26250000000001705, -1.700000000000000178, -29.08771324027146576 ) ) ;
#1083 = FACE_OUTER_BOUND ( 'NONE', #155, .T. ) ;
#1084 = EDGE_CURVE ( 'NONE', #283, #261, #1566, .T. ) ;
#1085 = FACE_OUTER_BOUND ( 'NONE', #1881, .T. ) ;
#1086 = ORIENTED_EDGE ( 'NONE', *, *, #2371, .T. ) ;
#1087 = EDGE_CURVE ( 'NONE', #408, #16, #2001, .T. ) ;
#1088 = CARTESIAN_POINT ( 'NONE',  ( 68.01250000000001705, 1.500000000000000000, -22.00000000000000000 ) ) ;
#1089 = ORIENTED_EDGE ( 'NONE', *, *, #696, .F. ) ;
#1090 = CIRCLE ( 'NONE', #1381, 1.599999999999997202 ) ;
#1091 = DIRECTION ( 'NONE',  ( 1.000000000000000000, 0.000000000000000000, 1.176083712526649195E-16 ) ) ;
#1092 = EDGE_LOOP ( 'NONE', ( #816, #343 ) ) ;
#1093 = DIRECTION ( 'NONE',  ( -1.000000000000000000, -0.000000000000000000, -0.000000000000000000 ) ) ;
#1094 = CARTESIAN_POINT ( 'NONE',  ( 45.51250000000000995, 0.2999999999999999334, -45.00000000000001421 ) ) ;
#1095 = CARTESIAN_POINT ( 'NONE',  ( 60.51250000000000284, -1.700000000000000178, -24.32457351945706137 ) ) ;
#1096 = EDGE_LOOP ( 'NONE', ( #979, #448, #212, #1430 ) ) ;
#1097 = CARTESIAN_POINT ( 'NONE',  ( 70.51250000000000284, -2.500999999999999890, -77.00000000000000000 ) ) ;
#1098 = LINE ( 'NONE', #1076, #1470 ) ;
#1099 = ORIENTED_EDGE ( 'NONE', *, *, #1214, .T. ) ;
#1100 = VECTOR ( 'NONE', #1001, 1000.000000000000000 ) ;
#1101 = EDGE_CURVE ( 'NONE', #557, #323, #1761, .T. ) ;
#1102 = LINE ( 'NONE', #881, #1886 ) ;
#1103 = VERTEX_POINT ( 'NONE', #964 ) ;
#1104 = VECTOR ( 'NONE', #951, 1000.000000000000114 ) ;
#1105 = VERTEX_POINT ( 'NONE', #2547 ) ;
#1106 = CARTESIAN_POINT ( 'NONE',  ( 89.49999999999998579, 0.5000000000000000000, -5.000000000000010658 ) ) ;
#1107 = CARTESIAN_POINT ( 'NONE',  ( -3.250000000000034639, -2.500000000000000000, -14.60000000000001208 ) ) ;
#1108 = CIRCLE ( 'NONE', #1441, 10.00000000000000178 ) ;
#1109 = DIRECTION ( 'NONE',  ( 0.000000000000000000, 1.000000000000000000, 0.000000000000000000 ) ) ;
#1110 = ORIENTED_EDGE ( 'NONE', *, *, #531, .F. ) ;
#1111 = LINE ( 'NONE', #1553, #1978 ) ;
#1112 = DIRECTION ( 'NONE',  ( -1.000000000000000000, 0.000000000000000000, 2.775557561562891351E-16 ) ) ;
#1113 = AXIS2_PLACEMENT_3D ( 'NONE', #928, #2514, #1526 ) ;
#1114 = ORIENTED_EDGE ( 'NONE', *, *, #833, .T. ) ;
#1115 = CIRCLE ( 'NONE', #328, 1.600000000000000755 ) ;
#1116 = DIRECTION ( 'NONE',  ( -0.000000000000000000, 1.000000000000000000, -0.000000000000000000 ) ) ;
#1117 = EDGE_CURVE ( 'NONE', #1436, #1279, #1005, .T. ) ;
#1118 = EDGE_CURVE ( 'NONE', #901, #1582, #648, .T. ) ;
#1119 = ORIENTED_EDGE ( 'NONE', *, *, #961, .F. ) ;
#1120 = DIRECTION ( 'NONE',  ( 0.000000000000000000, 0.000000000000000000, 1.000000000000000000 ) ) ;
#1121 = LINE ( 'NONE', #724, #192 ) ;
#1122 = LINE ( 'NONE', #1699, #831 ) ;
#1123 = VERTEX_POINT ( 'NONE', #1402 ) ;
#1124 = ORIENTED_EDGE ( 'NONE', *, *, #2545, .T. ) ;
#1125 = DIRECTION ( 'NONE',  ( 0.000000000000000000, 0.000000000000000000, -1.000000000000000000 ) ) ;
#1126 = LINE ( 'NONE', #1908, #933 ) ;
#1127 = EDGE_LOOP ( 'NONE', ( #2392, #491, #4, #174 ) ) ;
#1128 = AXIS2_PLACEMENT_3D ( 'NONE', #2283, #506, #671 ) ;
#1129 = DIRECTION ( 'NONE',  ( -1.000000000000000000, 0.000000000000000000, -1.119176436114069085E-16 ) ) ;
#1130 = VERTEX_POINT ( 'NONE', #2195 ) ;
#1131 = EDGE_CURVE ( 'NONE', #918, #773, #418, .T. ) ;
#1132 = ADVANCED_FACE ( 'NONE', ( #1046 ), #1210, .F. ) ;
#1133 = CARTESIAN_POINT ( 'NONE',  ( 57.76250000000000995, -1.700000000000000178, -29.08771324027145155 ) ) ;
#1134 = DIRECTION ( 'NONE',  ( -0.000000000000000000, 1.000000000000000000, -0.000000000000000000 ) ) ;
#1135 = DIRECTION ( 'NONE',  ( 0.000000000000000000, 0.000000000000000000, -1.000000000000000000 ) ) ;
#1136 = ORIENTED_EDGE ( 'NONE', *, *, #1181, .F. ) ;
#1137 = SURFACE_STYLE_USAGE ( .BOTH. , #348 ) ;
#1138 = CARTESIAN_POINT ( 'NONE',  ( 45.51250000000000995, -2.500999999999999890, -55.00000000000001421 ) ) ;
#1139 = ORIENTED_EDGE ( 'NONE', *, *, #229, .F. ) ;
#1140 = VECTOR ( 'NONE', #1274, 1000.000000000000000 ) ;
#1141 = CARTESIAN_POINT ( 'NONE',  ( 0.000000000000000000, 1.500000000000000000, -5.000000000000004441 ) ) ;
#1142 = CIRCLE ( 'NONE', #365, 1.250000000000001110 ) ;
#1143 = EDGE_LOOP ( 'NONE', ( #539, #19 ) ) ;
#1144 = ADVANCED_BREP_SHAPE_REPRESENTATION ( '\X2\5e95677f\X0\-\X2\5e2687ba7eb9\X0\', ( #2405, #473 ), #1295 ) ;
#1145 = VERTEX_POINT ( 'NONE', #1018 ) ;
#1146 = CARTESIAN_POINT ( 'NONE',  ( 90.49999999999998579, 0.000000000000000000, 0.000000000000000000 ) ) ;
#1147 = CARTESIAN_POINT ( 'NONE',  ( 1.000000000000000888, 0.5000000000000000000, 9.500000000000005329 ) ) ;
#1148 = VECTOR ( 'NONE', #743, 1000.000000000000000 ) ;
#1149 = EDGE_CURVE ( 'NONE', #21, #918, #624, .T. ) ;
#1150 = EDGE_CURVE ( 'NONE', #597, #2210, #2208, .T. ) ;
#1151 = ORIENTED_EDGE ( 'NONE', *, *, #115, .T. ) ;
#1152 = ORIENTED_EDGE ( 'NONE', *, *, #472, .F. ) ;
#1153 = DIRECTION ( 'NONE',  ( 0.000000000000000000, 0.000000000000000000, -1.000000000000000000 ) ) ;
#1154 = VERTEX_POINT ( 'NONE', #2014 ) ;
#1155 = ORIENTED_EDGE ( 'NONE', *, *, #1373, .T. ) ;
#1156 = CARTESIAN_POINT ( 'NONE',  ( 94.27499999999999147, -2.500000000000000000, -44.15000000000000568 ) ) ;
#1157 = ORIENTED_EDGE ( 'NONE', *, *, #209, .F. ) ;
#1158 = CARTESIAN_POINT ( 'NONE',  ( 68.01250000000001705, 0.3000000000000001554, -22.00000000000000000 ) ) ;
#1159 = VECTOR ( 'NONE', #397, 1000.000000000000000 ) ;
#1160 = FACE_OUTER_BOUND ( 'NONE', #573, .T. ) ;
#1161 = ORIENTED_EDGE ( 'NONE', *, *, #1387, .T. ) ;
#1162 = CIRCLE ( 'NONE', #2403, 1.600000000000004086 ) ;
#1163 = DIRECTION ( 'NONE',  ( -0.000000000000000000, -1.000000000000000000, -0.000000000000000000 ) ) ;
#1164 = CARTESIAN_POINT ( 'NONE',  ( 33.26250000000001705, -1.700000000000000178, -29.08771324027146576 ) ) ;
#1165 = DIRECTION ( 'NONE',  ( -0.000000000000000000, 1.000000000000000000, -0.000000000000000000 ) ) ;
#1166 = DIRECTION ( 'NONE',  ( -0.000000000000000000, 1.000000000000000000, -0.000000000000000000 ) ) ;
#1167 = EDGE_LOOP ( 'NONE', ( #2464, #1155 ) ) ;
#1168 = EDGE_CURVE ( 'NONE', #208, #2269, #1799, .T. ) ;
#1169 = LINE ( 'NONE', #1949, #519 ) ;
#1170 = ORIENTED_EDGE ( 'NONE', *, *, #2529, .T. ) ;
#1171 = ORIENTED_EDGE ( 'NONE', *, *, #70, .F. ) ;
#1172 = CARTESIAN_POINT ( 'NONE',  ( 21.24999999999999289, -2.500000000000000000, -100.4000000000000057 ) ) ;
#1173 = ORIENTED_EDGE ( 'NONE', *, *, #1462, .T. ) ;
#1174 = LINE ( 'NONE', #22, #950 ) ;
#1175 = CARTESIAN_POINT ( 'NONE',  ( 15.51250000000001350, 1.499999999999999556, -32.00000000000000000 ) ) ;
#1176 = CARTESIAN_POINT ( 'NONE',  ( 94.27499999999999147, 0.000000000000000000, -47.35000000000001563 ) ) ;
#1177 = CARTESIAN_POINT ( 'NONE',  ( 92.99999999999998579, 0.5000000000000004441, 0.5000000000000056621 ) ) ;
#1178 = VERTEX_POINT ( 'NONE', #446 ) ;
#1179 = CARTESIAN_POINT ( 'NONE',  ( 45.51250000000000995, -2.500000000000000000, -55.00000000000001421 ) ) ;
#1180 = EDGE_CURVE ( 'NONE', #1493, #1195, #2235, .T. ) ;
#1181 = EDGE_CURVE ( 'NONE', #1436, #1103, #1440, .T. ) ;
#1182 = ORIENTED_EDGE ( 'NONE', *, *, #1007, .T. ) ;
#1183 = AXIS2_PLACEMENT_3D ( 'NONE', #285, #1078, #892 ) ;
#1184 = DIRECTION ( 'NONE',  ( -0.000000000000000000, -1.000000000000000000, -0.000000000000000000 ) ) ;
#1185 = EDGE_LOOP ( 'NONE', ( #1492, #242, #926, #65 ) ) ;
#1186 = DIRECTION ( 'NONE',  ( -0.000000000000000000, -1.000000000000000000, -0.000000000000000000 ) ) ;
#1187 = AXIS2_PLACEMENT_3D ( 'NONE', #1697, #1134, #2298 ) ;
#1188 = CARTESIAN_POINT ( 'NONE',  ( 1.000000000000000888, 6.071532165918824830E-15, 11.50000000000000000 ) ) ;
#1189 = DIRECTION ( 'NONE',  ( -0.000000000000000000, 1.000000000000000000, -0.000000000000000000 ) ) ;
#1190 = CARTESIAN_POINT ( 'NONE',  ( 94.27499999999999147, -2.500000000000000000, -11.35000000000001918 ) ) ;
#1191 = VECTOR ( 'NONE', #2548, 1000.000000000000000 ) ;
#1192 = ORIENTED_EDGE ( 'NONE', *, *, #941, .T. ) ;
#1193 = DIRECTION ( 'NONE',  ( 0.000000000000000000, 0.000000000000000000, 1.000000000000000000 ) ) ;
#1194 = ORIENTED_EDGE ( 'NONE', *, *, #84, .F. ) ;
#1195 = VERTEX_POINT ( 'NONE', #1283 ) ;
#1196 = EDGE_CURVE ( 'NONE', #2376, #77, #1260, .T. ) ;
#1197 = EDGE_CURVE ( 'NONE', #1858, #1582, #692, .T. ) ;
#1198 = VECTOR ( 'NONE', #754, 1000.000000000000000 ) ;
#1199 = VECTOR ( 'NONE', #280, 1000.000000000000000 ) ;
#1200 = ADVANCED_FACE ( 'NONE', ( #90 ), #113, .F. ) ;
#1201 = LINE ( 'NONE', #1991, #2442 ) ;
#1202 = ORIENTED_EDGE ( 'NONE', *, *, #1359, .F. ) ;
#1203 = LINE ( 'NONE', #2563, #287 ) ;
#1204 = CARTESIAN_POINT ( 'NONE',  ( -3.250000000000015987, -2.500000000000000000, -49.40000000000001279 ) ) ;
#1205 = PLANE ( 'NONE',  #356 ) ;
#1206 = LINE ( 'NONE', #205, #1931 ) ;
#1207 = ORIENTED_EDGE ( 'NONE', *, *, #2131, .F. ) ;
#1208 = CARTESIAN_POINT ( 'NONE',  ( 90.49999999999998579, 1.500000000000000000, -5.000000000000010658 ) ) ;
#1209 = ORIENTED_EDGE ( 'NONE', *, *, #1354, .T. ) ;
#1210 = CYLINDRICAL_SURFACE ( 'NONE', #426, 1.600000000000004086 ) ;
#1211 = VECTOR ( 'NONE', #1882, 1000.000000000000000 ) ;
#1212 = CARTESIAN_POINT ( 'NONE',  ( -3.250000000000015987, -2.500000000000000000, -52.60000000000000853 ) ) ;
#1213 = EDGE_LOOP ( 'NONE', ( #1401, #329, #2041, #303, #2150, #1591, #2012 ) ) ;
#1214 = EDGE_CURVE ( 'NONE', #2513, #402, #905, .T. ) ;
#1215 = DIRECTION ( 'NONE',  ( 0.000000000000000000, 0.000000000000000000, -1.000000000000000000 ) ) ;
#1216 = DIRECTION ( 'NONE',  ( -0.000000000000000000, -0.7071067811865515695, 0.7071067811865435759 ) ) ;
#1217 = CARTESIAN_POINT ( 'NONE',  ( 63.26250000000000284, -1.700000000000000178, -29.08771324027147287 ) ) ;
#1218 = CARTESIAN_POINT ( 'NONE',  ( -6.750000000000023093, -2.500000000000000000, -3.469446951953614189E-14 ) ) ;
#1219 = EDGE_LOOP ( 'NONE', ( #1170, #976, #1000, #1110 ) ) ;
#1220 = DIRECTION ( 'NONE',  ( 0.000000000000000000, 1.000000000000000000, 0.000000000000000000 ) ) ;
#1221 = VERTEX_POINT ( 'NONE', #2053 ) ;
#1222 = DIRECTION ( 'NONE',  ( -0.8660254037844388186, 0.000000000000000000, -0.4999999999999996669 ) ) ;
#1223 = DIRECTION ( 'NONE',  ( 2.775557561562891844E-16, -0.000000000000000000, 1.000000000000000000 ) ) ;
#1224 = AXIS2_PLACEMENT_3D ( 'NONE', #380, #2321, #1757 ) ;
#1225 = ORIENTED_EDGE ( 'NONE', *, *, #2322, .T. ) ;
#1226 = AXIS2_PLACEMENT_3D ( 'NONE', #1998, #1016, #1042 ) ;
#1227 = LINE ( 'NONE', #474, #931 ) ;
#1228 = FACE_OUTER_BOUND ( 'NONE', #1368, .T. ) ;
#1229 = EDGE_CURVE ( 'NONE', #1145, #2005, #1067, .T. ) ;
#1230 = FACE_OUTER_BOUND ( 'NONE', #459, .T. ) ;
#1231 = ADVANCED_FACE ( 'NONE', ( #1689 ), #1652, .T. ) ;
#1232 = CARTESIAN_POINT ( 'NONE',  ( 23.01250000000001350, 0.3000000000000001554, -21.99999999999999645 ) ) ;
#1233 = ORIENTED_EDGE ( 'NONE', *, *, #1838, .T. ) ;
#1234 = CIRCLE ( 'NONE', #812, 1.600000000000004086 ) ;
#1235 = CARTESIAN_POINT ( 'NONE',  ( 89.49999999999998579, 7.099019513592796926, -5.000000000000010658 ) ) ;
#1236 = ORIENTED_EDGE ( 'NONE', *, *, #2271, .F. ) ;
#1237 = CARTESIAN_POINT ( 'NONE',  ( 27.76250000000001350, -2.500000000000000000, -29.08771324027146932 ) ) ;
#1238 = VECTOR ( 'NONE', #266, 1000.000000000000000 ) ;
#1239 = AXIS2_PLACEMENT_3D ( 'NONE', #1779, #1372, #824 ) ;
#1240 = ORIENTED_EDGE ( 'NONE', *, *, #845, .F. ) ;
#1241 = DIRECTION ( 'NONE',  ( 0.000000000000000000, 0.000000000000000000, 1.000000000000000000 ) ) ;
#1242 = VECTOR ( 'NONE', #2313, 1000.000000000000000 ) ;
#1243 = LINE ( 'NONE', #662, #111 ) ;
#1244 = DIRECTION ( 'NONE',  ( -1.000000000000000000, 0.000000000000000000, 1.541976423090494894E-16 ) ) ;
#1245 = LINE ( 'NONE', #477, #1199 ) ;
#1246 = ORIENTED_EDGE ( 'NONE', *, *, #57, .F. ) ;
#1247 = EDGE_CURVE ( 'NONE', #481, #1130, #1296, .T. ) ;
#1248 = CARTESIAN_POINT ( 'NONE',  ( 63.26250000000000284, -1.700000000000000178, -25.91228675972853424 ) ) ;
#1249 = EDGE_LOOP ( 'NONE', ( #1855, #2492, #2527, #237 ) ) ;
#1250 = EDGE_CURVE ( 'NONE', #481, #2490, #705, .T. ) ;
#1251 = APPLICATION_CONTEXT ( 'automotive_design' ) ;
#1252 = DIRECTION ( 'NONE',  ( -0.000000000000000000, 1.000000000000000000, -0.000000000000000000 ) ) ;
#1253 = CARTESIAN_POINT ( 'NONE',  ( -3.250000000000034639, -2.500000000000000000, -13.00000000000001066 ) ) ;
#1254 = DIRECTION ( 'NONE',  ( -0.000000000000000000, 1.000000000000000000, -0.000000000000000000 ) ) ;
#1255 = DIRECTION ( 'NONE',  ( 0.000000000000000000, 0.000000000000000000, -1.000000000000000000 ) ) ;
#1256 = CARTESIAN_POINT ( 'NONE',  ( 91.49999999999998579, 0.5000000000000000000, -5.000000000000010658 ) ) ;
#1257 = ORIENTED_EDGE ( 'NONE', *, *, #1580, .F. ) ;
#1258 = FACE_OUTER_BOUND ( 'NONE', #2323, .T. ) ;
#1259 = EDGE_LOOP ( 'NONE', ( #1918, #1648, #744, #1534, #337, #1330 ) ) ;
#1260 = LINE ( 'NONE', #517, #2455 ) ;
#1261 = ADVANCED_FACE ( 'NONE', ( #1871 ), #2090, .F. ) ;
#1262 = CARTESIAN_POINT ( 'NONE',  ( 89.49999999999998579, 1.500000000000000000, -5.000000000000010658 ) ) ;
#1263 = VECTOR ( 'NONE', #860, 1000.000000000000000 ) ;
#1264 = DIRECTION ( 'NONE',  ( 0.000000000000000000, 0.000000000000000000, 1.000000000000000000 ) ) ;
#1265 = LINE ( 'NONE', #2048, #2307 ) ;
#1266 = VECTOR ( 'NONE', #808, 1000.000000000000000 ) ;
#1267 = DIRECTION ( 'NONE',  ( -0.8660254037844388186, 0.000000000000000000, 0.4999999999999996669 ) ) ;
#1268 = VERTEX_POINT ( 'NONE', #309 ) ;
#1269 = VECTOR ( 'NONE', #596, 1000.000000000000000 ) ;
#1270 = PLANE ( 'NONE',  #2469 ) ;
#1271 = EDGE_LOOP ( 'NONE', ( #1815, #117, #415, #1706 ) ) ;
#1272 = DIRECTION ( 'NONE',  ( 0.4999999999999981681, 0.000000000000000000, -0.8660254037844397068 ) ) ;
#1273 = EDGE_CURVE ( 'NONE', #1195, #600, #1102, .T. ) ;
#1274 = DIRECTION ( 'NONE',  ( -0.000000000000000000, -0.000000000000000000, -1.000000000000000000 ) ) ;
#1275 = ADVANCED_FACE ( 'NONE', ( #273 ), #1705, .F. ) ;
#1276 = DIRECTION ( 'NONE',  ( 0.8660254037844382635, 0.000000000000000000, -0.5000000000000005551 ) ) ;
#1277 = PLANE ( 'NONE',  #1519 ) ;
#1278 = FACE_OUTER_BOUND ( 'NONE', #1045, .T. ) ;
#1279 = VERTEX_POINT ( 'NONE', #66 ) ;
#1280 = AXIS2_PLACEMENT_3D ( 'NONE', #1552, #2340, #565 ) ;
#1281 = DIRECTION ( 'NONE',  ( 0.000000000000000000, 0.000000000000000000, -1.000000000000000000 ) ) ;
#1282 = VERTEX_POINT ( 'NONE', #78 ) ;
#1283 = CARTESIAN_POINT ( 'NONE',  ( 90.49999999999998579, 0.5000000000000000000, -5.000000000000010658 ) ) ;
#1284 = VECTOR ( 'NONE', #2289, 1000.000000000000114 ) ;
#1285 = ORIENTED_EDGE ( 'NONE', *, *, #1149, .F. ) ;
#1286 = CARTESIAN_POINT ( 'NONE',  ( 89.49999999999998579, 8.673617379884035472E-16, 11.50000000000000533 ) ) ;
#1287 = LINE ( 'NONE', #2496, #2483 ) ;
#1288 = LINE ( 'NONE', #2073, #2100 ) ;
#1289 = EDGE_CURVE ( 'NONE', #2210, #916, #660, .T. ) ;
#1290 = DIRECTION ( 'NONE',  ( 0.000000000000000000, 0.000000000000000000, 1.000000000000000000 ) ) ;
#1291 = VERTEX_POINT ( 'NONE', #2270 ) ;
#1292 = CARTESIAN_POINT ( 'NONE',  ( -6.750000000000023093, -1.000000000000000000, 9.500000000000005329 ) ) ;
#1293 = CARTESIAN_POINT ( 'NONE',  ( 20.51250000000000995, -2.500000000000000000, -75.75000000000000000 ) ) ;
#1294 = ORIENTED_EDGE ( 'NONE', *, *, #2529, .F. ) ;
#1295 =( GEOMETRIC_REPRESENTATION_CONTEXT ( 3 ) GLOBAL_UNCERTAINTY_ASSIGNED_CONTEXT ( ( #2045 ) ) GLOBAL_UNIT_ASSIGNED_CONTEXT ( ( #1584, #1396, #807 ) ) REPRESENTATION_CONTEXT ( 'NONE', 'WORKASPACE' ) );
#1296 = LINE ( 'NONE', #298, #2000 ) ;
#1297 = EDGE_LOOP ( 'NONE', ( #715, #1041, #1560, #1171 ) ) ;
#1298 = EDGE_LOOP ( 'NONE', ( #927, #2230, #1510, #1035 ) ) ;
#1299 = DIRECTION ( 'NONE',  ( 0.000000000000000000, -1.000000000000000000, 0.000000000000000000 ) ) ;
#1300 = DIRECTION ( 'NONE',  ( 0.000000000000000000, 0.000000000000000000, 1.000000000000000000 ) ) ;
#1301 = LINE ( 'NONE', #2096, #499 ) ;
#1302 = PLANE ( 'NONE',  #166 ) ;
#1303 = ADVANCED_FACE ( 'NONE', ( #870 ), #1664, .F. ) ;
#1304 = ADVANCED_FACE ( 'NONE', ( #2255 ), #483, .F. ) ;
#1305 = PRESENTATION_STYLE_ASSIGNMENT (( #1137 ) ) ;
#1306 = DIRECTION ( 'NONE',  ( 0.000000000000000000, 0.000000000000000000, 1.000000000000000000 ) ) ;
#1307 = ORIENTED_EDGE ( 'NONE', *, *, #1056, .T. ) ;
#1308 = VECTOR ( 'NONE', #392, 1000.000000000000000 ) ;
#1309 = DIRECTION ( 'NONE',  ( -0.000000000000000000, 1.000000000000000000, -0.000000000000000000 ) ) ;
#1310 = EDGE_LOOP ( 'NONE', ( #210, #1693, #875, #2064, #1767, #587, #2290 ) ) ;
#1311 = VECTOR ( 'NONE', #1483, 1000.000000000000000 ) ;
#1312 = VECTOR ( 'NONE', #1223, 1000.000000000000000 ) ;
#1313 = ORIENTED_EDGE ( 'NONE', *, *, #390, .F. ) ;
#1314 = CARTESIAN_POINT ( 'NONE',  ( 89.49999999999998579, 0.5000000000000000000, 9.499999999999994671 ) ) ;
#1315 = CARTESIAN_POINT ( 'NONE',  ( 63.26250000000000284, -1.700000000000000178, -25.91228675972853424 ) ) ;
#1316 = VECTOR ( 'NONE', #2408, 1000.000000000000000 ) ;
#1317 = LINE ( 'NONE', #2511, #1411 ) ;
#1318 = ORIENTED_EDGE ( 'NONE', *, *, #2482, .F. ) ;
#1319 = LINE ( 'NONE', #2538, #116 ) ;
#1320 = DIRECTION ( 'NONE',  ( 0.000000000000000000, -0.000000000000000000, 1.000000000000000000 ) ) ;
#1321 = COLOUR_RGB ( '',0.7921568627450980005, 0.8196078431372548767, 0.9333333333333333481 ) ;
#1322 = EDGE_CURVE ( 'NONE', #159, #182, #1064, .T. ) ;
#1323 = ORIENTED_EDGE ( 'NONE', *, *, #1723, .F. ) ;
#1324 = FACE_OUTER_BOUND ( 'NONE', #1185, .T. ) ;
#1325 = ADVANCED_FACE ( 'NONE', ( #2518 ), #2310, .F. ) ;
#1326 = VERTEX_POINT ( 'NONE', #141 ) ;
#1327 = FACE_OUTER_BOUND ( 'NONE', #1673, .T. ) ;
#1328 = LINE ( 'NONE', #937, #522 ) ;
#1329 = FACE_OUTER_BOUND ( 'NONE', #1524, .T. ) ;
#1330 = ORIENTED_EDGE ( 'NONE', *, *, #2197, .T. ) ;
#1331 = FACE_OUTER_BOUND ( 'NONE', #35, .T. ) ;
#1332 = FACE_BOUND ( 'NONE', #846, .T. ) ;
#1333 = EDGE_LOOP ( 'NONE', ( #691, #1980, #2355, #269 ) ) ;
#1334 = VECTOR ( 'NONE', #2295, 1000.000000000000000 ) ;
#1335 = DIRECTION ( 'NONE',  ( 0.000000000000000000, -1.000000000000000000, 0.000000000000000000 ) ) ;
#1336 = ORIENTED_EDGE ( 'NONE', *, *, #2182, .T. ) ;
#1337 = EDGE_CURVE ( 'NONE', #1899, #507, #721, .T. ) ;
#1338 = ADVANCED_FACE ( 'NONE', ( #170 ), #2347, .F. ) ;
#1339 = LINE ( 'NONE', #2485, #250 ) ;
#1340 = CARTESIAN_POINT ( 'NONE',  ( 63.26250000000000284, -1.700000000000000178, -29.08771324027147287 ) ) ;
#1341 = ORIENTED_EDGE ( 'NONE', *, *, #712, .T. ) ;
#1342 = VERTEX_POINT ( 'NONE', #2556 ) ;
#1343 = CARTESIAN_POINT ( 'NONE',  ( 92.99999999999998579, 0.5000000000000004441, 0.5000000000000056621 ) ) ;
#1344 = FACE_BOUND ( 'NONE', #1167, .T. ) ;
#1345 = ORIENTED_EDGE ( 'NONE', *, *, #1150, .F. ) ;
#1346 = VERTEX_POINT ( 'NONE', #1156 ) ;
#1347 = AXIS2_PLACEMENT_3D ( 'NONE', #462, #59, #639 ) ;
#1348 = CARTESIAN_POINT ( 'NONE',  ( 94.27499999999999147, -2.500000000000000000, -9.750000000000015987 ) ) ;
#1349 = VECTOR ( 'NONE', #2129, 1000.000000000000000 ) ;
#1350 = AXIS2_PLACEMENT_3D ( 'NONE', #2330, #1946, #956 ) ;
#1351 = ORIENTED_EDGE ( 'NONE', *, *, #1180, .T. ) ;
#1352 = VECTOR ( 'NONE', #1928, 1000.000000000000000 ) ;
#1353 = ADVANCED_FACE ( 'NONE', ( #366 ), #2531, .F. ) ;
#1354 = EDGE_CURVE ( 'NONE', #310, #1103, #1169, .T. ) ;
#1355 = CARTESIAN_POINT ( 'NONE',  ( 89.49999999999998579, 8.673617379884035472E-16, 11.50000000000000533 ) ) ;
#1356 = DIRECTION ( 'NONE',  ( -0.000000000000000000, -1.000000000000000000, -0.000000000000000000 ) ) ;
#1357 = AXIS2_PLACEMENT_3D ( 'NONE', #690, #1438, #2232 ) ;
#1358 = EDGE_LOOP ( 'NONE', ( #1925, #2460, #708, #1406, #1499, #1285 ) ) ;
#1359 = EDGE_CURVE ( 'NONE', #939, #1950, #1924, .T. ) ;
#1360 = FACE_OUTER_BOUND ( 'NONE', #381, .T. ) ;
#1361 = VECTOR ( 'NONE', #2239, 1000.000000000000000 ) ;
#1362 = FACE_BOUND ( 'NONE', #804, .T. ) ;
#1363 = DIRECTION ( 'NONE',  ( -0.000000000000000000, 1.000000000000000000, -0.000000000000000000 ) ) ;
#1364 = VERTEX_POINT ( 'NONE', #759 ) ;
#1365 = DIRECTION ( 'NONE',  ( 1.000000000000000000, -0.000000000000000000, -0.000000000000000000 ) ) ;
#1366 = ORIENTED_EDGE ( 'NONE', *, *, #1069, .T. ) ;
#1367 = VECTOR ( 'NONE', #1093, 1000.000000000000000 ) ;
#1368 = EDGE_LOOP ( 'NONE', ( #986, #516, #919, #1548 ) ) ;
#1369 = CARTESIAN_POINT ( 'NONE',  ( -6.750000000000023093, -0.4999999999999982792, 1.999999999999991784 ) ) ;
#1370 = ORIENTED_EDGE ( 'NONE', *, *, #1418, .T. ) ;
#1371 = CYLINDRICAL_SURFACE ( 'NONE', #1616, 1.600000000000004086 ) ;
#1372 = DIRECTION ( 'NONE',  ( -0.000000000000000000, -1.000000000000000000, -0.000000000000000000 ) ) ;
#1373 = EDGE_CURVE ( 'NONE', #247, #2513, #1973, .T. ) ;
#1374 = DIRECTION ( 'NONE',  ( 0.000000000000000000, -0.000000000000000000, 1.000000000000000000 ) ) ;
#1375 = DIRECTION ( 'NONE',  ( 0.000000000000000000, 0.000000000000000000, -1.000000000000000000 ) ) ;
#1376 = ORIENTED_EDGE ( 'NONE', *, *, #2149, .F. ) ;
#1377 = CARTESIAN_POINT ( 'NONE',  ( 21.24999999999999289, -2.500000000000000000, -102.0000000000000142 ) ) ;
#1378 = EDGE_LOOP ( 'NONE', ( #1798, #785, #2157, #821 ) ) ;
#1379 = VERTEX_POINT ( 'NONE', #1910 ) ;
#1380 = FACE_BOUND ( 'NONE', #706, .T. ) ;
#1381 = AXIS2_PLACEMENT_3D ( 'NONE', #1594, #226, #1024 ) ;
#1382 = ORIENTED_EDGE ( 'NONE', *, *, #2119, .F. ) ;
#1383 = CARTESIAN_POINT ( 'NONE',  ( -3.250000000000011546, -2.500000000000000000, -89.00000000000001421 ) ) ;
#1384 = FACE_OUTER_BOUND ( 'NONE', #371, .T. ) ;
#1385 = CYLINDRICAL_SURFACE ( 'NONE', #2258, 1.600000000000000755 ) ;
#1386 = ORIENTED_EDGE ( 'NONE', *, *, #2336, .T. ) ;
#1387 = EDGE_CURVE ( 'NONE', #1154, #689, #1533, .T. ) ;
#1388 = EDGE_CURVE ( 'NONE', #1604, #339, #2364, .T. ) ;
#1389 = LINE ( 'NONE', #1822, #311 ) ;
#1390 = EDGE_LOOP ( 'NONE', ( #801, #2105, #92, #659, #1760, #190 ) ) ;
#1391 = ORIENTED_EDGE ( 'NONE', *, *, #161, .F. ) ;
#1392 = VECTOR ( 'NONE', #338, 1000.000000000000000 ) ;
#1393 = CARTESIAN_POINT ( 'NONE',  ( 91.49999999999998579, 0.000000000000000000, -5.000000000000010658 ) ) ;
#1394 = ORIENTED_EDGE ( 'NONE', *, *, #2068, .F. ) ;
#1395 = LINE ( 'NONE', #10, #1535 ) ;
#1396 =( NAMED_UNIT ( * ) PLANE_ANGLE_UNIT ( ) SI_UNIT ( $, .RADIAN. ) );
#1397 = CYLINDRICAL_SURFACE ( 'NONE', #1813, 1.599999999999997202 ) ;
#1398 = LINE ( 'NONE', #2361, #480 ) ;
#1399 = ORIENTED_EDGE ( 'NONE', *, *, #360, .T. ) ;
#1400 = DIRECTION ( 'NONE',  ( -0.8660254037844387076, 0.000000000000000000, -0.4999999999999999445 ) ) ;
#1401 = ORIENTED_EDGE ( 'NONE', *, *, #2494, .T. ) ;
#1402 = CARTESIAN_POINT ( 'NONE',  ( 97.77500000000000568, 0.000000000000000000, 9.500000000000005329 ) ) ;
#1403 = EDGE_CURVE ( 'NONE', #564, #817, #532, .T. ) ;
#1404 = MECHANICAL_DESIGN_GEOMETRIC_PRESENTATION_REPRESENTATION (  '', ( #2029 ), #2520 ) ;
#1405 = DIRECTION ( 'NONE',  ( -0.000000000000000000, 1.000000000000000000, -0.000000000000000000 ) ) ;
#1406 = ORIENTED_EDGE ( 'NONE', *, *, #1545, .F. ) ;
#1407 = LINE ( 'NONE', #1605, #377 ) ;
#1408 = AXIS2_PLACEMENT_3D ( 'NONE', #1383, #2151, #1215 ) ;
#1409 = CARTESIAN_POINT ( 'NONE',  ( 0.000000000000000000, 0.000000000000000000, 0.000000000000000000 ) ) ;
#1410 = DIRECTION ( 'NONE',  ( -0.000000000000000000, -1.000000000000000000, -0.000000000000000000 ) ) ;
#1411 = VECTOR ( 'NONE', #2498, 1000.000000000000000 ) ;
#1412 = CARTESIAN_POINT ( 'NONE',  ( 63.26250000000000284, -2.500000000000000000, -29.08771324027147287 ) ) ;
#1413 = ORIENTED_EDGE ( 'NONE', *, *, #2040, .T. ) ;
#1414 = FACE_BOUND ( 'NONE', #389, .T. ) ;
#1415 = ORIENTED_EDGE ( 'NONE', *, *, #762, .T. ) ;
#1416 = CARTESIAN_POINT ( 'NONE',  ( 27.76250000000001350, -2.500000000000000000, -25.91228675972853068 ) ) ;
#1417 = ADVANCED_FACE ( 'NONE', ( #1324 ), #1936, .F. ) ;
#1418 = EDGE_CURVE ( 'NONE', #2430, #1791, #2180, .T. ) ;
#1419 = CARTESIAN_POINT ( 'NONE',  ( 69.24999999999998579, 0.000000000000000000, -103.6000000000000085 ) ) ;
#1420 = EDGE_LOOP ( 'NONE', ( #840, #2120 ) ) ;
#1421 = CARTESIAN_POINT ( 'NONE',  ( 92.99999999999998579, 0.000000000000000000, 9.500000000000005329 ) ) ;
#1422 = CYLINDRICAL_SURFACE ( 'NONE', #775, 1.600000000000004086 ) ;
#1423 = DIRECTION ( 'NONE',  ( 0.000000000000000000, 0.000000000000000000, -1.000000000000000000 ) ) ;
#1424 = CARTESIAN_POINT ( 'NONE',  ( 92.99999999999998579, 0.000000000000000000, 0.5000000000000056621 ) ) ;
#1425 = ORIENTED_EDGE ( 'NONE', *, *, #1087, .T. ) ;
#1426 = LINE ( 'NONE', #608, #559 ) ;
#1427 = ORIENTED_EDGE ( 'NONE', *, *, #2560, .T. ) ;
#1428 = ORIENTED_EDGE ( 'NONE', *, *, #468, .T. ) ;
#1429 = DIRECTION ( 'NONE',  ( 0.000000000000000000, 0.000000000000000000, 1.000000000000000000 ) ) ;
#1430 = ORIENTED_EDGE ( 'NONE', *, *, #2416, .T. ) ;
#1431 = DIRECTION ( 'NONE',  ( 1.259073490628327690E-16, 0.000000000000000000, -1.000000000000000000 ) ) ;
#1432 = DIRECTION ( 'NONE',  ( -0.000000000000000000, 1.000000000000000000, -0.000000000000000000 ) ) ;
#1433 = CARTESIAN_POINT ( 'NONE',  ( 68.01250000000001705, -3.512815038853034366E-14, -47.00000000000000000 ) ) ;
#1434 = EDGE_CURVE ( 'NONE', #1485, #1707, #2104, .T. ) ;
#1435 = DIRECTION ( 'NONE',  ( -0.000000000000000000, 1.000000000000000000, 0.000000000000000000 ) ) ;
#1436 = VERTEX_POINT ( 'NONE', #543 ) ;
#1437 = CIRCLE ( 'NONE', #2428, 1.599999999999997202 ) ;
#1438 = DIRECTION ( 'NONE',  ( -0.000000000000000000, 1.000000000000000000, -0.000000000000000000 ) ) ;
#1439 = ORIENTED_EDGE ( 'NONE', *, *, #2495, .F. ) ;
#1440 = LINE ( 'NONE', #460, #2247 ) ;
#1441 = AXIS2_PLACEMENT_3D ( 'NONE', #488, #1254, #50 ) ;
#1442 = CIRCLE ( 'NONE', #326, 1.250000000000001110 ) ;
#1443 = ORIENTED_EDGE ( 'NONE', *, *, #1247, .T. ) ;
#1444 = VECTOR ( 'NONE', #2215, 1000.000000000000000 ) ;
#1445 = CARTESIAN_POINT ( 'NONE',  ( 30.51250000000001705, -1.700000000000000178, -29.09999999999999787 ) ) ;
#1446 = LINE ( 'NONE', #1082, #447 ) ;
#1447 = DIRECTION ( 'NONE',  ( -1.090341985197072093E-16, -0.7071067811865435759, -0.7071067811865515695 ) ) ;
#1448 = PLANE ( 'NONE',  #1861 ) ;
#1449 = VERTEX_POINT ( 'NONE', #324 ) ;
#1450 = EDGE_CURVE ( 'NONE', #2005, #2373, #2427, .T. ) ;
#1451 = EDGE_CURVE ( 'NONE', #319, #1909, #604, .T. ) ;
#1452 = DIRECTION ( 'NONE',  ( -1.224646799147353207E-16, -0.000000000000000000, -1.000000000000000000 ) ) ;
#1453 = VERTEX_POINT ( 'NONE', #1141 ) ;
#1454 = DIRECTION ( 'NONE',  ( 0.000000000000000000, 0.000000000000000000, 1.000000000000000000 ) ) ;
#1455 = DIRECTION ( 'NONE',  ( -0.4999999999999996114, 0.000000000000000000, 0.8660254037844388186 ) ) ;
#1456 = VECTOR ( 'NONE', #843, 1000.000000000000114 ) ;
#1457 = DIRECTION ( 'NONE',  ( -1.000000000000000000, -0.000000000000000000, -0.000000000000000000 ) ) ;
#1458 = LINE ( 'NONE', #2250, #1892 ) ;
#1459 = CARTESIAN_POINT ( 'NONE',  ( 60.51250000000000995, -1.700000000000000178, -29.09999999999999787 ) ) ;
#1460 = ORIENTED_EDGE ( 'NONE', *, *, #728, .T. ) ;
#1461 = CARTESIAN_POINT ( 'NONE',  ( -5.586397634501539550E-16, -4.749999999999997335, 6.749999999999961808 ) ) ;
#1462 = EDGE_CURVE ( 'NONE', #1342, #1737, #977, .T. ) ;
#1463 = EDGE_CURVE ( 'NONE', #1105, #1932, #235, .T. ) ;
#1464 = ORIENTED_EDGE ( 'NONE', *, *, #2055, .F. ) ;
#1465 = DIRECTION ( 'NONE',  ( -1.000000000000000000, 0.000000000000000000, 1.541976423090494894E-16 ) ) ;
#1466 = EDGE_CURVE ( 'NONE', #130, #2505, #2057, .T. ) ;
#1467 = FACE_OUTER_BOUND ( 'NONE', #1259, .T. ) ;
#1468 = CARTESIAN_POINT ( 'NONE',  ( 89.49999999999998579, 1.500000000000000000, -5.000000000000010658 ) ) ;
#1469 = DIRECTION ( 'NONE',  ( 0.000000000000000000, 0.000000000000000000, -1.000000000000000000 ) ) ;
#1470 = VECTOR ( 'NONE', #271, 1000.000000000000000 ) ;
#1471 = CARTESIAN_POINT ( 'NONE',  ( 33.26250000000001705, -1.700000000000000178, -25.91228675972852358 ) ) ;
#1472 = ORIENTED_EDGE ( 'NONE', *, *, #2026, .F. ) ;
#1473 = DIRECTION ( 'NONE',  ( -0.000000000000000000, 1.000000000000000000, -0.000000000000000000 ) ) ;
#1474 = AXIS2_PLACEMENT_3D ( 'NONE', #276, #672, #1241 ) ;
#1475 = AXIS2_PLACEMENT_3D ( 'NONE', #1061, #1634, #1646 ) ;
#1476 = ORIENTED_EDGE ( 'NONE', *, *, #711, .T. ) ;
#1477 = DIRECTION ( 'NONE',  ( -1.000000000000000000, 0.000000000000000000, 0.000000000000000000 ) ) ;
#1478 = VECTOR ( 'NONE', #1765, 1000.000000000000000 ) ;
#1479 = ADVANCED_FACE ( 'NONE', ( #41, #1414 ), #2412, .T. ) ;
#1480 = ORIENTED_EDGE ( 'NONE', *, *, #304, .F. ) ;
#1481 = DIRECTION ( 'NONE',  ( -0.000000000000000000, -1.000000000000000000, -0.000000000000000000 ) ) ;
#1482 = LINE ( 'NONE', #1146, #577 ) ;
#1483 = DIRECTION ( 'NONE',  ( -0.000000000000000000, 1.000000000000000000, -0.000000000000000000 ) ) ;
#1484 = CYLINDRICAL_SURFACE ( 'NONE', #1832, 1.600000000000004086 ) ;
#1485 = VERTEX_POINT ( 'NONE', #2374 ) ;
#1486 = AXIS2_PLACEMENT_3D ( 'NONE', #1884, #1915, #1709 ) ;
#1487 = CARTESIAN_POINT ( 'NONE',  ( 97.77500000000000568, -1.000000000000000000, -2.428612866367529932E-14 ) ) ;
#1488 = ORIENTED_EDGE ( 'NONE', *, *, #264, .F. ) ;
#1489 = CIRCLE ( 'NONE', #1408, 1.600000000000004086 ) ;
#1490 = DIRECTION ( 'NONE',  ( 0.000000000000000000, 0.000000000000000000, 1.000000000000000000 ) ) ;
#1491 = AXIS2_PLACEMENT_3D ( 'NONE', #1888, #96, #911 ) ;
#1492 = ORIENTED_EDGE ( 'NONE', *, *, #1593, .T. ) ;
#1493 = VERTEX_POINT ( 'NONE', #1208 ) ;
#1494 = EDGE_CURVE ( 'NONE', #327, #466, #1835, .T. ) ;
#1495 = ADVANCED_FACE ( 'NONE', ( #1588 ), #799, .F. ) ;
#1496 = DIRECTION ( 'NONE',  ( 0.000000000000000000, 0.000000000000000000, 1.000000000000000000 ) ) ;
#1497 = DIRECTION ( 'NONE',  ( -0.000000000000000000, 1.000000000000000000, -0.000000000000000000 ) ) ;
#1498 = CARTESIAN_POINT ( 'NONE',  ( 60.51250000000000284, -2.500000000000000000, -24.32457351945706137 ) ) ;
#1499 = ORIENTED_EDGE ( 'NONE', *, *, #1131, .F. ) ;
#1500 = DIRECTION ( 'NONE',  ( 0.000000000000000000, 0.000000000000000000, -1.000000000000000000 ) ) ;
#1501 = DIRECTION ( 'NONE',  ( 0.000000000000000000, 0.000000000000000000, -1.000000000000000000 ) ) ;
#1502 = EDGE_LOOP ( 'NONE', ( #1313, #2254, #2378, #1556 ) ) ;
#1503 = CARTESIAN_POINT ( 'NONE',  ( 1.000000000000000888, 2.000000000000001776, 13.50000000000001066 ) ) ;
#1504 = ORIENTED_EDGE ( 'NONE', *, *, #2545, .F. ) ;
#1505 = ORIENTED_EDGE ( 'NONE', *, *, #1532, .T. ) ;
#1506 = DIRECTION ( 'NONE',  ( -0.000000000000000000, -1.000000000000000000, -0.000000000000000000 ) ) ;
#1507 = EDGE_CURVE ( 'NONE', #182, #159, #2220, .T. ) ;
#1508 = FACE_OUTER_BOUND ( 'NONE', #171, .T. ) ;
#1509 = CARTESIAN_POINT ( 'NONE',  ( 63.26250000000000284, -1.700000000000000178, -29.08771324027147287 ) ) ;
#1510 = ORIENTED_EDGE ( 'NONE', *, *, #115, .F. ) ;
#1511 = ORIENTED_EDGE ( 'NONE', *, *, #84, .T. ) ;
#1512 = DIRECTION ( 'NONE',  ( -0.000000000000000000, 1.000000000000000000, -0.000000000000000000 ) ) ;
#1513 = EDGE_CURVE ( 'NONE', #1600, #1379, #191, .T. ) ;
#1514 = DIRECTION ( 'NONE',  ( 0.8660254037844387076, 0.000000000000000000, 0.4999999999999998890 ) ) ;
#1515 = ORIENTED_EDGE ( 'NONE', *, *, #1337, .T. ) ;
#1516 = AXIS2_PLACEMENT_3D ( 'NONE', #2156, #1129, #2141 ) ;
#1517 = CARTESIAN_POINT ( 'NONE',  ( 20.51250000000000995, -2.500000000000000000, -77.00000000000000000 ) ) ;
#1518 = ORIENTED_EDGE ( 'NONE', *, *, #2103, .F. ) ;
#1519 = AXIS2_PLACEMENT_3D ( 'NONE', #885, #501, #83 ) ;
#1520 = EDGE_LOOP ( 'NONE', ( #2032, #409, #1808, #430 ) ) ;
#1521 = LINE ( 'NONE', #698, #2031 ) ;
#1522 = DIRECTION ( 'NONE',  ( -0.000000000000000000, 1.000000000000000000, -0.000000000000000000 ) ) ;
#1523 = CARTESIAN_POINT ( 'NONE',  ( 27.76250000000001350, -1.700000000000000178, -29.08771324027146932 ) ) ;
#1524 = EDGE_LOOP ( 'NONE', ( #58, #1546, #2172, #1077 ) ) ;
#1525 = FACE_OUTER_BOUND ( 'NONE', #1750, .T. ) ;
#1526 = DIRECTION ( 'NONE',  ( 0.000000000000000000, 0.000000000000000000, 1.000000000000000000 ) ) ;
#1527 = CARTESIAN_POINT ( 'NONE',  ( 21.24999999999999289, -2.500000000000000000, -100.4000000000000057 ) ) ;
#1528 = VECTOR ( 'NONE', #306, 1000.000000000000000 ) ;
#1529 = ORIENTED_EDGE ( 'NONE', *, *, #1806, .F. ) ;
#1530 = EDGE_CURVE ( 'NONE', #1988, #555, #270, .T. ) ;
#1531 = AXIS2_PLACEMENT_3D ( 'NONE', #1782, #2540, #1795 ) ;
#1532 = EDGE_CURVE ( 'NONE', #2506, #901, #841, .T. ) ;
#1533 = LINE ( 'NONE', #745, #399 ) ;
#1534 = ORIENTED_EDGE ( 'NONE', *, *, #2181, .T. ) ;
#1535 = VECTOR ( 'NONE', #1163, 1000.000000000000000 ) ;
#1536 = CARTESIAN_POINT ( 'NONE',  ( 63.26250000000000284, -1.700000000000000178, -25.91228675972853424 ) ) ;
#1537 = DIRECTION ( 'NONE',  ( 0.000000000000000000, -1.000000000000000000, 0.000000000000000000 ) ) ;
#1538 = DIRECTION ( 'NONE',  ( -1.000000000000000000, 5.880418562633245976E-17, 0.000000000000000000 ) ) ;
#1539 = ORIENTED_EDGE ( 'NONE', *, *, #1530, .T. ) ;
#1540 =( NAMED_UNIT ( * ) PLANE_ANGLE_UNIT ( ) SI_UNIT ( $, .RADIAN. ) );
#1541 = FACE_BOUND ( 'NONE', #1618, .T. ) ;
#1542 = VERTEX_POINT ( 'NONE', #3 ) ;
#1543 = DIRECTION ( 'NONE',  ( -0.000000000000000000, 1.000000000000000000, -0.000000000000000000 ) ) ;
#1544 = EDGE_CURVE ( 'NONE', #334, #2476, #1389, .T. ) ;
#1545 = EDGE_CURVE ( 'NONE', #773, #901, #634, .T. ) ;
#1546 = ORIENTED_EDGE ( 'NONE', *, *, #711, .F. ) ;
#1547 = EDGE_CURVE ( 'NONE', #160, #600, #1611, .T. ) ;
#1548 = ORIENTED_EDGE ( 'NONE', *, *, #728, .F. ) ;
#1549 = LINE ( 'NONE', #2043, #1578 ) ;
#1550 = CARTESIAN_POINT ( 'NONE',  ( 94.27499999999999147, 0.000000000000000000, -90.75000000000001421 ) ) ;
#1551 = ORIENTED_EDGE ( 'NONE', *, *, #1758, .T. ) ;
#1552 = CARTESIAN_POINT ( 'NONE',  ( 94.27499999999999147, 0.000000000000000000, -9.750000000000015987 ) ) ;
#1553 = CARTESIAN_POINT ( 'NONE',  ( 94.27499999999999147, -2.500000000000000000, -8.150000000000011013 ) ) ;
#1554 = FACE_OUTER_BOUND ( 'NONE', #1096, .T. ) ;
#1555 = CARTESIAN_POINT ( 'NONE',  ( 60.51250000000000284, -2.500000000000000000, -24.32457351945706137 ) ) ;
#1556 = ORIENTED_EDGE ( 'NONE', *, *, #994, .T. ) ;
#1557 = DIRECTION ( 'NONE',  ( 0.000000000000000000, 0.000000000000000000, -1.000000000000000000 ) ) ;
#1558 = VECTOR ( 'NONE', #219, 1000.000000000000000 ) ;
#1559 = AXIS2_PLACEMENT_3D ( 'NONE', #2293, #2489, #1514 ) ;
#1560 = ORIENTED_EDGE ( 'NONE', *, *, #2256, .F. ) ;
#1561 = VERTEX_POINT ( 'NONE', #1637 ) ;
#1562 = AXIS2_PLACEMENT_3D ( 'NONE', #651, #836, #1632 ) ;
#1563 = AXIS2_PLACEMENT_3D ( 'NONE', #1217, #592, #1025 ) ;
#1564 = ORIENTED_EDGE ( 'NONE', *, *, #1359, .T. ) ;
#1565 = EDGE_CURVE ( 'NONE', #1485, #2128, #1426, .T. ) ;
#1566 = LINE ( 'NONE', #1355, #548 ) ;
#1567 = CARTESIAN_POINT ( 'NONE',  ( 23.01250000000001350, 1.500000000000000000, -21.99999999999999645 ) ) ;
#1568 = ORIENTED_EDGE ( 'NONE', *, *, #1642, .T. ) ;
#1569 = DIRECTION ( 'NONE',  ( 0.000000000000000000, 0.000000000000000000, 1.000000000000000000 ) ) ;
#1570 = LINE ( 'NONE', #37, #1986 ) ;
#1571 = CIRCLE ( 'NONE', #649, 1.600000000000000755 ) ;
#1572 = DIRECTION ( 'NONE',  ( -0.000000000000000000, 1.000000000000000000, -0.000000000000000000 ) ) ;
#1573 = CARTESIAN_POINT ( 'NONE',  ( 68.01250000000001705, 0.3000000000000001554, -22.00000000000000000 ) ) ;
#1574 = ORIENTED_EDGE ( 'NONE', *, *, #1724, .T. ) ;
#1575 = AXIS2_PLACEMENT_3D ( 'NONE', #2341, #1752, #1500 ) ;
#1576 = DIRECTION ( 'NONE',  ( 0.000000000000000000, 0.000000000000000000, 1.000000000000000000 ) ) ;
#1577 = ORIENTED_EDGE ( 'NONE', *, *, #1758, .F. ) ;
#1578 = VECTOR ( 'NONE', #431, 999.9999999999998863 ) ;
#1579 = FACE_BOUND ( 'NONE', #1778, .T. ) ;
#1580 = EDGE_CURVE ( 'NONE', #1154, #787, #416, .T. ) ;
#1581 = EDGE_CURVE ( 'NONE', #1221, #2562, #2179, .T. ) ;
#1582 = VERTEX_POINT ( 'NONE', #1797 ) ;
#1583 = CARTESIAN_POINT ( 'NONE',  ( 60.51250000000000995, -2.501000000000000778, -25.90000000000000213 ) ) ;
#1584 =( LENGTH_UNIT ( ) NAMED_UNIT ( * ) SI_UNIT ( .MILLI., .METRE. ) );
#1585 = DIRECTION ( 'NONE',  ( -0.000000000000000000, 1.000000000000000000, -0.000000000000000000 ) ) ;
#1586 = DIRECTION ( 'NONE',  ( -0.000000000000000000, 1.000000000000000000, -0.000000000000000000 ) ) ;
#1587 = ORIENTED_EDGE ( 'NONE', *, *, #2335, .F. ) ;
#1588 = FACE_OUTER_BOUND ( 'NONE', #27, .T. ) ;
#1589 = ORIENTED_EDGE ( 'NONE', *, *, #2450, .F. ) ;
#1590 = DIRECTION ( 'NONE',  ( 0.000000000000000000, 0.000000000000000000, -1.000000000000000000 ) ) ;
#1591 = ORIENTED_EDGE ( 'NONE', *, *, #625, .T. ) ;
#1592 = CARTESIAN_POINT ( 'NONE',  ( 91.49999999999998579, 0.5000000000000000000, -5.000000000000010658 ) ) ;
#1593 = EDGE_CURVE ( 'NONE', #2285, #1561, #1769, .T. ) ;
#1594 = CARTESIAN_POINT ( 'NONE',  ( -3.250000000000015987, -2.500000000000000000, -51.00000000000000711 ) ) ;
#1595 = LINE ( 'NONE', #2008, #1478 ) ;
#1596 = DIRECTION ( 'NONE',  ( -1.000000000000000000, -0.000000000000000000, -0.000000000000000000 ) ) ;
#1597 = ORIENTED_EDGE ( 'NONE', *, *, #1058, .T. ) ;
#1598 = EDGE_CURVE ( 'NONE', #2367, #1449, #2056, .T. ) ;
#1599 = CARTESIAN_POINT ( 'NONE',  ( 33.26250000000001705, -1.700000000000000178, -29.08771324027146576 ) ) ;
#1600 = VERTEX_POINT ( 'NONE', #2169 ) ;
#1601 = CIRCLE ( 'NONE', #598, 1.250000000000001110 ) ;
#1602 = FACE_BOUND ( 'NONE', #1143, .T. ) ;
#1603 = VECTOR ( 'NONE', #1356, 1000.000000000000000 ) ;
#1604 = VERTEX_POINT ( 'NONE', #1672 ) ;
#1605 = CARTESIAN_POINT ( 'NONE',  ( -6.750000000000023093, -2.500000000000000000, -3.590866403507626715E-14 ) ) ;
#1606 = CARTESIAN_POINT ( 'NONE',  ( 94.27499999999999147, -2.500000000000000000, -45.75000000000001421 ) ) ;
#1607 = VECTOR ( 'NONE', #541, 1000.000000000000000 ) ;
#1608 = LINE ( 'NONE', #605, #561 ) ;
#1609 = LINE ( 'NONE', #1755, #1811 ) ;
#1610 = ORIENTED_EDGE ( 'NONE', *, *, #2401, .T. ) ;
#1611 = LINE ( 'NONE', #1235, #2137 ) ;
#1612 = EDGE_CURVE ( 'NONE', #2269, #208, #680, .T. ) ;
#1613 = ADVANCED_FACE ( 'NONE', ( #88, #479, #64, #456, #1650, #2268 ), #1270, .F. ) ;
#1614 = ORIENTED_EDGE ( 'NONE', *, *, #2211, .T. ) ;
#1615 = DIRECTION ( 'NONE',  ( -0.000000000000000000, -0.000000000000000000, -1.000000000000000000 ) ) ;
#1616 = AXIS2_PLACEMENT_3D ( 'NONE', #1764, #768, #1569 ) ;
#1617 = DIRECTION ( 'NONE',  ( -1.000000000000000000, 0.000000000000000000, 0.000000000000000000 ) ) ;
#1618 = EDGE_LOOP ( 'NONE', ( #646, #694 ) ) ;
#1619 = PLANE ( 'NONE',  #2261 ) ;
#1620 = DIRECTION ( 'NONE',  ( 0.000000000000000000, -1.000000000000000000, 0.000000000000000000 ) ) ;
#1621 = DIRECTION ( 'NONE',  ( -0.000000000000000000, 1.000000000000000000, -0.000000000000000000 ) ) ;
#1622 = VECTOR ( 'NONE', #1135, 1000.000000000000000 ) ;
#1623 = CARTESIAN_POINT ( 'NONE',  ( 37.91315792321468336, 1.499999999999999112, -48.50000000000000711 ) ) ;
#1624 = ORIENTED_EDGE ( 'NONE', *, *, #1494, .T. ) ;
#1625 = DIRECTION ( 'NONE',  ( -0.000000000000000000, 1.000000000000000000, -0.000000000000000000 ) ) ;
#1626 = ORIENTED_EDGE ( 'NONE', *, *, #2039, .F. ) ;
#1627 = EDGE_CURVE ( 'NONE', #1561, #1326, #1686, .T. ) ;
#1628 = CARTESIAN_POINT ( 'NONE',  ( 60.51250000000000284, -1.700000000000000178, -24.32457351945706137 ) ) ;
#1629 = ADVANCED_FACE ( 'NONE', ( #658 ), #1053, .T. ) ;
#1630 = DIRECTION ( 'NONE',  ( 0.000000000000000000, 0.000000000000000000, -1.000000000000000000 ) ) ;
#1631 = VERTEX_POINT ( 'NONE', #1065 ) ;
#1632 = DIRECTION ( 'NONE',  ( 0.000000000000000000, 0.000000000000000000, -1.000000000000000000 ) ) ;
#1633 = CARTESIAN_POINT ( 'NONE',  ( -3.250000000000034639, 0.000000000000000000, -13.00000000000001066 ) ) ;
#1634 = DIRECTION ( 'NONE',  ( 0.000000000000000000, -1.000000000000000000, 0.000000000000000000 ) ) ;
#1635 = DIRECTION ( 'NONE',  ( 0.000000000000000000, 0.000000000000000000, -1.000000000000000000 ) ) ;
#1636 = ORIENTED_EDGE ( 'NONE', *, *, #994, .F. ) ;
#1637 = CARTESIAN_POINT ( 'NONE',  ( 21.24999999999999289, -2.500000000000000000, -103.6000000000000085 ) ) ;
#1638 = VERTEX_POINT ( 'NONE', #110 ) ;
#1639 = DIRECTION ( 'NONE',  ( 0.000000000000000000, -1.000000000000000000, 0.000000000000000000 ) ) ;
#1640 = AXIS2_PLACEMENT_3D ( 'NONE', #719, #1335, #351 ) ;
#1641 = ORIENTED_EDGE ( 'NONE', *, *, #8, .T. ) ;
#1642 = EDGE_CURVE ( 'NONE', #224, #422, #815, .T. ) ;
#1643 = EDGE_CURVE ( 'NONE', #2562, #1999, #854, .T. ) ;
#1644 = DIRECTION ( 'NONE',  ( 0.000000000000000000, 0.000000000000000000, -1.000000000000000000 ) ) ;
#1645 = CARTESIAN_POINT ( 'NONE',  ( 0.000000000000000000, 0.000000000000000000, 0.000000000000000000 ) ) ;
#1646 = DIRECTION ( 'NONE',  ( 0.000000000000000000, 0.000000000000000000, -1.000000000000000000 ) ) ;
#1647 = DIRECTION ( 'NONE',  ( 0.000000000000000000, 0.000000000000000000, -1.000000000000000000 ) ) ;
#1648 = ORIENTED_EDGE ( 'NONE', *, *, #1289, .T. ) ;
#1649 = VECTOR ( 'NONE', #2535, 1000.000000000000000 ) ;
#1650 = FACE_BOUND ( 'NONE', #1651, .T. ) ;
#1651 = EDGE_LOOP ( 'NONE', ( #2218, #594 ) ) ;
#1652 = PLANE ( 'NONE',  #1128 ) ;
#1653 = PRESENTATION_LAYER_ASSIGNMENT (  '', '', ( #2029 ) ) ;
#1654 = CIRCLE ( 'NONE', #778, 1.250000000000001110 ) ;
#1655 = LINE ( 'NONE', #2445, #1140 ) ;
#1656 = LINE ( 'NONE', #2047, #198 ) ;
#1657 = CARTESIAN_POINT ( 'NONE',  ( 1.000000000000000000, 92.11797822854214246, 0.000000000000000000 ) ) ;
#1658 = ADVANCED_FACE ( 'NONE', ( #2076 ), #2461, .F. ) ;
#1659 = DIRECTION ( 'NONE',  ( -0.000000000000000000, -0.000000000000000000, -1.000000000000000000 ) ) ;
#1660 = ORIENTED_EDGE ( 'NONE', *, *, #1612, .T. ) ;
#1661 = EDGE_CURVE ( 'NONE', #2028, #1828, #2015, .T. ) ;
#1662 = LINE ( 'NONE', #2452, #152 ) ;
#1663 = ORIENTED_EDGE ( 'NONE', *, *, #1975, .T. ) ;
#1664 = PLANE ( 'NONE',  #274 ) ;
#1665 = ORIENTED_EDGE ( 'NONE', *, *, #114, .F. ) ;
#1666 = DIRECTION ( 'NONE',  ( -0.000000000000000000, 1.000000000000000000, -0.000000000000000000 ) ) ;
#1667 = AXIS2_PLACEMENT_3D ( 'NONE', #857, #2480, #1490 ) ;
#1668 = DIRECTION ( 'NONE',  ( -0.000000000000000000, 1.000000000000000000, -0.000000000000000000 ) ) ;
#1669 = DIRECTION ( 'NONE',  ( 0.000000000000000000, 0.000000000000000000, 1.000000000000000000 ) ) ;
#1670 = CARTESIAN_POINT ( 'NONE',  ( 94.27499999999999147, 0.000000000000000000, -90.75000000000001421 ) ) ;
#1671 = EDGE_LOOP ( 'NONE', ( #2541, #1173 ) ) ;
#1672 = CARTESIAN_POINT ( 'NONE',  ( -2.000000000000000000, 0.5000000000000004441, 9.500000000000005329 ) ) ;
#1673 = EDGE_LOOP ( 'NONE', ( #580, #1055, #855, #1376 ) ) ;
#1674 = EDGE_CURVE ( 'NONE', #2346, #310, #467, .T. ) ;
#1675 = CARTESIAN_POINT ( 'NONE',  ( 75.51250000000001705, -2.500999999999999890, -30.75000000000001066 ) ) ;
#1676 = APPLICATION_CONTEXT ( 'automotive_design' ) ;
#1677 = EDGE_LOOP ( 'NONE', ( #1443, #1114, #1713, #1730, #2375, #478, #2130, #2453 ) ) ;
#1678 = CARTESIAN_POINT ( 'NONE',  ( 15.51250000000001350, -2.500999999999999890, -32.00000000000000000 ) ) ;
#1679 = VECTOR ( 'NONE', #1666, 1000.000000000000000 ) ;
#1680 = PLANE ( 'NONE',  #118 ) ;
#1681 = CARTESIAN_POINT ( 'NONE',  ( -6.750000000000023093, -1.000000000000000000, -2.428612866367529932E-14 ) ) ;
#1682 = VECTOR ( 'NONE', #429, 1000.000000000000000 ) ;
#1683 = AXIS2_PLACEMENT_3D ( 'NONE', #1012, #1621, #771 ) ;
#1684 = DIRECTION ( 'NONE',  ( 0.000000000000000000, -0.000000000000000000, 1.000000000000000000 ) ) ;
#1685 = ORIENTED_EDGE ( 'NONE', *, *, #2163, .F. ) ;
#1686 = LINE ( 'NONE', #677, #1031 ) ;
#1687 = VECTOR ( 'NONE', #739, 1000.000000000000000 ) ;
#1688 = ORIENTED_EDGE ( 'NONE', *, *, #340, .F. ) ;
#1689 = FACE_OUTER_BOUND ( 'NONE', #1297, .T. ) ;
#1690 = AXIS2_PLACEMENT_3D ( 'NONE', #795, #2381, #245 ) ;
#1691 = ADVANCED_FACE ( 'NONE', ( #1258 ), #1880, .T. ) ;
#1692 = EDGE_CURVE ( 'NONE', #1542, #364, #1098, .T. ) ;
#1693 = ORIENTED_EDGE ( 'NONE', *, *, #595, .T. ) ;
#1694 = VECTOR ( 'NONE', #2132, 1000.000000000000000 ) ;
#1695 = ORIENTED_EDGE ( 'NONE', *, *, #921, .T. ) ;
#1696 = CARTESIAN_POINT ( 'NONE',  ( -3.250000000000034639, -2.500000000000000000, -11.40000000000001101 ) ) ;
#1697 = CARTESIAN_POINT ( 'NONE',  ( 21.24999999999999289, -2.500000000000000000, -102.0000000000000142 ) ) ;
#1698 =( BOUNDED_CURVE ( )  B_SPLINE_CURVE ( 3, ( #1775, #803, #2561, #588 ),
 .UNSPECIFIED., .F., .T. ) 
 B_SPLINE_CURVE_WITH_KNOTS ( ( 4, 4 ),
 ( 2.278380763520251762, 2.449637478463474238 ),
 .UNSPECIFIED. ) 
 CURVE ( )  GEOMETRIC_REPRESENTATION_ITEM ( )  RATIONAL_B_SPLINE_CURVE ( ( 1.000000000000000000, 0.9975574211391187163, 0.9975574211391187163, 1.000000000000000000 ) ) 
 REPRESENTATION_ITEM ( '' )  );
#1699 = CARTESIAN_POINT ( 'NONE',  ( 90.49999999999998579, 7.099019513592796926, -5.000000000000010658 ) ) ;
#1700 = ORIENTED_EDGE ( 'NONE', *, *, #1849, .F. ) ;
#1701 = AXIS2_PLACEMENT_3D ( 'NONE', #1721, #1940, #105 ) ;
#1702 = PLANE ( 'NONE',  #1741 ) ;
#1703 = DIRECTION ( 'NONE',  ( 0.000000000000000000, -0.000000000000000000, -1.000000000000000000 ) ) ;
#1704 = EDGE_LOOP ( 'NONE', ( #1787, #2207 ) ) ;
#1705 = CYLINDRICAL_SURFACE ( 'NONE', #1731, 1.599999999999997202 ) ;
#1706 = ORIENTED_EDGE ( 'NONE', *, *, #1322, .T. ) ;
#1707 = VERTEX_POINT ( 'NONE', #1869 ) ;
#1708 = ADVANCED_FACE ( 'NONE', ( #260 ), #1857, .F. ) ;
#1709 = DIRECTION ( 'NONE',  ( 0.000000000000000000, 0.000000000000000000, 1.000000000000000000 ) ) ;
#1710 = CARTESIAN_POINT ( 'NONE',  ( 1.000000000000000000, 1.500000000000000000, -5.000000000000000000 ) ) ;
#1711 = FACE_BOUND ( 'NONE', #2503, .T. ) ;
#1712 = ORIENTED_EDGE ( 'NONE', *, *, #100, .T. ) ;
#1713 = ORIENTED_EDGE ( 'NONE', *, *, #746, .T. ) ;
#1714 = PLANE ( 'NONE',  #284 ) ;
#1715 = FACE_OUTER_BOUND ( 'NONE', #1992, .T. ) ;
#1716 = EDGE_LOOP ( 'NONE', ( #957, #458, #637, #720 ) ) ;
#1717 = PRODUCT_DEFINITION_FORMATION_WITH_SPECIFIED_SOURCE ( 'ä»', '', #313, .NOT_KNOWN. ) ;
#1718 = DIRECTION ( 'NONE',  ( 0.000000000000000000, -1.000000000000000000, 0.000000000000000000 ) ) ;
#1719 = ORIENTED_EDGE ( 'NONE', *, *, #560, .F. ) ;
#1720 = EDGE_LOOP ( 'NONE', ( #776, #1182, #852, #948, #140, #1233, #333, #747, #1695, #232, #767, #749 ) ) ;
#1721 = CARTESIAN_POINT ( 'NONE',  ( 45.51250000000000995, 0.2999999999999999334, -55.00000000000001421 ) ) ;
#1722 = CYLINDRICAL_SURFACE ( 'NONE', #1187, 1.600000000000004086 ) ;
#1723 = EDGE_CURVE ( 'NONE', #1604, #689, #1662, .T. ) ;
#1724 = EDGE_CURVE ( 'NONE', #1600, #1017, #2478, .T. ) ;
#1725 = DIRECTION ( 'NONE',  ( -0.000000000000000000, 1.000000000000000000, -0.000000000000000000 ) ) ;
#1726 = VERTEX_POINT ( 'NONE', #504 ) ;
#1727 = ORIENTED_EDGE ( 'NONE', *, *, #666, .T. ) ;
#1728 = DIRECTION ( 'NONE',  ( 7.709882115452475701E-17, 0.000000000000000000, 1.000000000000000000 ) ) ;
#1729 = FACE_BOUND ( 'NONE', #1092, .T. ) ;
#1730 = ORIENTED_EDGE ( 'NONE', *, *, #340, .T. ) ;
#1731 = AXIS2_PLACEMENT_3D ( 'NONE', #1859, #1309, #1454 ) ;
#1732 = DIRECTION ( 'NONE',  ( 0.000000000000000000, 0.000000000000000000, -1.000000000000000000 ) ) ;
#1733 = EDGE_LOOP ( 'NONE', ( #512, #1460 ) ) ;
#1734 = PLANE ( 'NONE',  #906 ) ;
#1735 = CARTESIAN_POINT ( 'NONE',  ( 1.000000000000000000, 0.5000000000000000000, -5.000000000000000000 ) ) ;
#1736 = DIRECTION ( 'NONE',  ( 0.000000000000000000, 0.000000000000000000, 1.000000000000000000 ) ) ;
#1737 = VERTEX_POINT ( 'NONE', #1293 ) ;
#1738 = ADVANCED_FACE ( 'NONE', ( #307 ), #375, .F. ) ;
#1739 = EDGE_CURVE ( 'NONE', #2512, #2346, #349, .T. ) ;
#1740 = FACE_BOUND ( 'NONE', #1704, .T. ) ;
#1741 = AXIS2_PLACEMENT_3D ( 'NONE', #1292, #320, #2329 ) ;
#1742 = ORIENTED_EDGE ( 'NONE', *, *, #1739, .F. ) ;
#1743 = ADVANCED_FACE ( 'NONE', ( #1715 ), #1922, .F. ) ;
#1744 = DIRECTION ( 'NONE',  ( 0.000000000000000000, 0.000000000000000000, -1.000000000000000000 ) ) ;
#1745 = ORIENTED_EDGE ( 'NONE', *, *, #1101, .F. ) ;
#1746 = VECTOR ( 'NONE', #2249, 1000.000000000000000 ) ;
#1747 = ORIENTED_EDGE ( 'NONE', *, *, #1388, .T. ) ;
#1748 = CARTESIAN_POINT ( 'NONE',  ( -3.250000000000034639, 0.000000000000000000, -14.60000000000001208 ) ) ;
#1749 = DIRECTION ( 'NONE',  ( 0.000000000000000000, 0.000000000000000000, -1.000000000000000000 ) ) ;
#1750 = EDGE_LOOP ( 'NONE', ( #1911, #1844, #417, #40 ) ) ;
#1751 = ORIENTED_EDGE ( 'NONE', *, *, #1181, .T. ) ;
#1752 = DIRECTION ( 'NONE',  ( -0.000000000000000000, 1.000000000000000000, -0.000000000000000000 ) ) ;
#1753 = FACE_BOUND ( 'NONE', #1066, .T. ) ;
#1754 = ORIENTED_EDGE ( 'NONE', *, *, #992, .F. ) ;
#1755 = CARTESIAN_POINT ( 'NONE',  ( 60.51250000000000284, -1.700000000000000178, -24.32457351945706137 ) ) ;
#1756 = ORIENTED_EDGE ( 'NONE', *, *, #1387, .F. ) ;
#1757 = DIRECTION ( 'NONE',  ( 0.000000000000000000, 0.000000000000000000, 1.000000000000000000 ) ) ;
#1758 = EDGE_CURVE ( 'NONE', #1449, #2367, #1022, .T. ) ;
#1759 = ORIENTED_EDGE ( 'NONE', *, *, #1008, .F. ) ;
#1760 = ORIENTED_EDGE ( 'NONE', *, *, #1581, .T. ) ;
#1761 = LINE ( 'NONE', #1158, #748 ) ;
#1762 = CARTESIAN_POINT ( 'NONE',  ( 94.27499999999999147, -2.500000000000000000, -92.35000000000000853 ) ) ;
#1763 = ORIENTED_EDGE ( 'NONE', *, *, #732, .T. ) ;
#1764 = CARTESIAN_POINT ( 'NONE',  ( 69.24999999999998579, -2.500000000000000000, -102.0000000000000142 ) ) ;
#1765 = DIRECTION ( 'NONE',  ( -1.000000000000000000, -0.000000000000000000, -0.000000000000000000 ) ) ;
#1766 = CARTESIAN_POINT ( 'NONE',  ( -3.250000000000034639, -2.500000000000000000, -13.00000000000001066 ) ) ;
#1767 = ORIENTED_EDGE ( 'NONE', *, *, #438, .T. ) ;
#1768 = CARTESIAN_POINT ( 'NONE',  ( 60.51250000000000995, 0.3000000000000001554, -27.50000000000000000 ) ) ;
#1769 = CIRCLE ( 'NONE', #2095, 1.600000000000004086 ) ;
#1770 = ORIENTED_EDGE ( 'NONE', *, *, #419, .F. ) ;
#1771 = ORIENTED_EDGE ( 'NONE', *, *, #1056, .F. ) ;
#1772 = ADVANCED_FACE ( 'NONE', ( #515 ), #942, .F. ) ;
#1773 = EDGE_CURVE ( 'NONE', #2285, #1726, #2526, .T. ) ;
#1774 = AXIS2_PLACEMENT_3D ( 'NONE', #1433, #1447, #1244 ) ;
#1775 = CARTESIAN_POINT ( 'NONE',  ( 53.11184207678535074, 1.499999999999999112, -48.50000000000001421 ) ) ;
#1776 = ORIENTED_EDGE ( 'NONE', *, *, #1643, .F. ) ;
#1777 = DIRECTION ( 'NONE',  ( -1.000000000000000000, 0.000000000000000000, -1.119176436114069332E-16 ) ) ;
#1778 = EDGE_LOOP ( 'NONE', ( #842, #2042 ) ) ;
#1779 = CARTESIAN_POINT ( 'NONE',  ( 45.51250000000000995, 0.2999999999999999334, -55.00000000000001421 ) ) ;
#1780 = CIRCLE ( 'NONE', #2231, 1.250000000000001110 ) ;
#1781 = DIRECTION ( 'NONE',  ( 0.000000000000000000, 0.000000000000000000, -1.000000000000000000 ) ) ;
#1782 = CARTESIAN_POINT ( 'NONE',  ( 1.000000000000000000, 7.099019513592796926, -5.000000000000000000 ) ) ;
#1783 = EDGE_LOOP ( 'NONE', ( #1577, #726 ) ) ;
#1784 = AXIS2_PLACEMENT_3D ( 'NONE', #411, #2202, #23 ) ;
#1785 = DIRECTION ( 'NONE',  ( 0.000000000000000000, -1.000000000000000000, 0.000000000000000000 ) ) ;
#1786 = VECTOR ( 'NONE', #1586, 1000.000000000000000 ) ;
#1787 = ORIENTED_EDGE ( 'NONE', *, *, #1593, .F. ) ;
#1788 = EDGE_CURVE ( 'NONE', #2334, #2089, #164, .T. ) ;
#1789 = EDGE_LOOP ( 'NONE', ( #236, #701, #959, #2418 ) ) ;
#1790 = DIRECTION ( 'NONE',  ( -0.000000000000000000, -0.000000000000000000, -1.000000000000000000 ) ) ;
#1791 = VERTEX_POINT ( 'NONE', #2127 ) ;
#1792 = ADVANCED_FACE ( 'NONE', ( #755 ), #336, .F. ) ;
#1793 = LINE ( 'NONE', #1592, #286 ) ;
#1794 = DIRECTION ( 'NONE',  ( 0.000000000000000000, 1.000000000000000000, 0.000000000000000000 ) ) ;
#1795 = DIRECTION ( 'NONE',  ( 1.000000000000000000, 0.000000000000000000, 4.336808689942016947E-15 ) ) ;
#1796 = EDGE_LOOP ( 'NONE', ( #1399, #440, #619, #2174 ) ) ;
#1797 = CARTESIAN_POINT ( 'NONE',  ( 33.26250000000001705, -2.500000000000000000, -25.91228675972852358 ) ) ;
#1798 = ORIENTED_EDGE ( 'NONE', *, *, #1788, .F. ) ;
#1799 = CIRCLE ( 'NONE', #216, 1.600000000000000755 ) ;
#1800 = CARTESIAN_POINT ( 'NONE',  ( 27.76250000000001350, -1.700000000000000178, -25.91228675972853068 ) ) ;
#1801 = VERTEX_POINT ( 'NONE', #2319 ) ;
#1802 = DIRECTION ( 'NONE',  ( 0.000000000000000000, 0.000000000000000000, -1.000000000000000000 ) ) ;
#1803 = PRODUCT_CONTEXT ( 'NONE', #1676, 'mechanical' ) ;
#1804 = EDGE_CURVE ( 'NONE', #422, #224, #2267, .T. ) ;
#1805 = CARTESIAN_POINT ( 'NONE',  ( -3.250000000000011546, 0.000000000000000000, -90.60000000000000853 ) ) ;
#1806 = EDGE_CURVE ( 'NONE', #364, #2406, #2539, .T. ) ;
#1807 = CARTESIAN_POINT ( 'NONE',  ( 1.000000000000000888, 0.5000000000000000000, 9.500000000000005329 ) ) ;
#1808 = ORIENTED_EDGE ( 'NONE', *, *, #2168, .F. ) ;
#1809 = DIRECTION ( 'NONE',  ( 1.000000000000000000, 0.000000000000000000, 0.000000000000000000 ) ) ;
#1810 = ORIENTED_EDGE ( 'NONE', *, *, #578, .T. ) ;
#1811 = VECTOR ( 'NONE', #1996, 1000.000000000000000 ) ;
#1812 = DIRECTION ( 'NONE',  ( -0.000000000000000000, 1.000000000000000000, -0.000000000000000000 ) ) ;
#1813 = AXIS2_PLACEMENT_3D ( 'NONE', #1995, #1189, #1983 ) ;
#1814 = CARTESIAN_POINT ( 'NONE',  ( 30.51250000000001705, -2.501000000000000778, -25.89999999999999503 ) ) ;
#1815 = ORIENTED_EDGE ( 'NONE', *, *, #877, .F. ) ;
#1816 = DIRECTION ( 'NONE',  ( 1.000000000000000000, 0.000000000000000000, -0.000000000000000000 ) ) ;
#1817 = CARTESIAN_POINT ( 'NONE',  ( 70.51250000000000284, -2.500000000000000000, -75.75000000000000000 ) ) ;
#1818 = CYLINDRICAL_SURFACE ( 'NONE', #79, 1.250000000000001110 ) ;
#1819 = ORIENTED_EDGE ( 'NONE', *, *, #2131, .T. ) ;
#1820 = EDGE_CURVE ( 'NONE', #2406, #396, #1126, .T. ) ;
#1821 = ADVANCED_FACE ( 'NONE', ( #1554, #568, #929, #1362, #1344, #1729, #363, #554, #1753, #2502, #2152, #1740, #2516, #730, #1541, #1332 ), #150, .T. ) ;
#1822 = CARTESIAN_POINT ( 'NONE',  ( 97.77500000000000568, -2.500000000000000000, 17.00000000000000355 ) ) ;
#1823 = ORIENTED_EDGE ( 'NONE', *, *, #1337, .F. ) ;
#1824 = ADVANCED_FACE ( 'NONE', ( #177 ), #969, .F. ) ;
#1825 = CARTESIAN_POINT ( 'NONE',  ( 27.76250000000001350, -1.700000000000000178, -25.91228675972853068 ) ) ;
#1826 = AXIS2_PLACEMENT_3D ( 'NONE', #949, #1252, #1429 ) ;
#1827 = CARTESIAN_POINT ( 'NONE',  ( 21.24999999999999289, 0.000000000000000000, -102.0000000000000142 ) ) ;
#1828 = VERTEX_POINT ( 'NONE', #1805 ) ;
#1829 = CARTESIAN_POINT ( 'NONE',  ( 89.49999999999998579, 0.5000000000000000000, 9.499999999999994671 ) ) ;
#1830 = DIRECTION ( 'NONE',  ( 0.000000000000000000, 0.000000000000000000, -1.000000000000000000 ) ) ;
#1831 = DIRECTION ( 'NONE',  ( 0.000000000000000000, -1.000000000000000000, 0.000000000000000000 ) ) ;
#1832 = AXIS2_PLACEMENT_3D ( 'NONE', #511, #900, #2084 ) ;
#1833 = CARTESIAN_POINT ( 'NONE',  ( 60.51250000000000995, 0.3000000000000001554, -25.90000000000000213 ) ) ;
#1834 = EDGE_LOOP ( 'NONE', ( #570, #2499 ) ) ;
#1835 = LINE ( 'NONE', #1972, #1682 ) ;
#1836 = EDGE_LOOP ( 'NONE', ( #2470, #1883, #2216, #1719 ) ) ;
#1837 = DIRECTION ( 'NONE',  ( 0.8660254037844380415, 0.000000000000000000, -0.5000000000000012212 ) ) ;
#1838 = EDGE_CURVE ( 'NONE', #1123, #382, #1595, .T. ) ;
#1839 = ORIENTED_EDGE ( 'NONE', *, *, #1434, .F. ) ;
#1840 = CARTESIAN_POINT ( 'NONE',  ( 60.51250000000000284, -1.700000000000000178, -24.32457351945706137 ) ) ;
#1841 = LINE ( 'NONE', #475, #2352 ) ;
#1842 = CARTESIAN_POINT ( 'NONE',  ( -3.250000000000011546, 0.000000000000000000, -87.40000000000000568 ) ) ;
#1843 = DIRECTION ( 'NONE',  ( 1.000000000000000000, -0.000000000000000000, 1.119176436114069085E-16 ) ) ;
#1844 = ORIENTED_EDGE ( 'NONE', *, *, #100, .F. ) ;
#1845 = DIRECTION ( 'NONE',  ( 0.000000000000000000, 0.000000000000000000, -1.000000000000000000 ) ) ;
#1846 = ORIENTED_EDGE ( 'NONE', *, *, #1068, .F. ) ;
#1847 = CARTESIAN_POINT ( 'NONE',  ( 33.26250000000001705, -1.700000000000000178, -25.91228675972852358 ) ) ;
#1848 = ADVANCED_FACE ( 'NONE', ( #12 ), #1205, .F. ) ;
#1849 = EDGE_CURVE ( 'NONE', #1801, #1894, #1142, .T. ) ;
#1850 = AXIS2_PLACEMENT_3D ( 'NONE', #774, #556, #1576 ) ;
#1851 = DIRECTION ( 'NONE',  ( -0.8660254037844387076, 0.000000000000000000, -0.4999999999999999445 ) ) ;
#1852 = CYLINDRICAL_SURFACE ( 'NONE', #2025, 1.600000000000000755 ) ;
#1853 = DIRECTION ( 'NONE',  ( 0.000000000000000000, 0.000000000000000000, 1.000000000000000000 ) ) ;
#1854 = LINE ( 'NONE', #2265, #1444 ) ;
#1855 = ORIENTED_EDGE ( 'NONE', *, *, #2335, .T. ) ;
#1856 = VECTOR ( 'NONE', #1410, 1000.000000000000000 ) ;
#1857 = CYLINDRICAL_SURFACE ( 'NONE', #1887, 1.600000000000004086 ) ;
#1858 = VERTEX_POINT ( 'NONE', #2022 ) ;
#1859 = CARTESIAN_POINT ( 'NONE',  ( 60.51250000000000995, -2.501000000000000778, -27.50000000000000000 ) ) ;
#1860 = VECTOR ( 'NONE', #766, 999.9999999999998863 ) ;
#1861 = AXIS2_PLACEMENT_3D ( 'NONE', #246, #2448, #2061 ) ;
#1862 = CARTESIAN_POINT ( 'NONE',  ( 60.51250000000000995, -1.700000000000000178, -27.50000000000000000 ) ) ;
#1863 = CARTESIAN_POINT ( 'NONE',  ( 30.51250000000001705, -2.501000000000000778, -29.09999999999999787 ) ) ;
#1864 = FACE_OUTER_BOUND ( 'NONE', #2555, .T. ) ;
#1865 = ADVANCED_FACE ( 'NONE', ( #188 ), #2165, .F. ) ;
#1866 = LINE ( 'NONE', #1256, #203 ) ;
#1867 = ORIENTED_EDGE ( 'NONE', *, *, #2102, .T. ) ;
#1868 = AXIS2_PLACEMENT_3D ( 'NONE', #2006, #175, #423 ) ;
#1869 = CARTESIAN_POINT ( 'NONE',  ( 30.51250000000001705, -2.500000000000000000, -24.32457351945705426 ) ) ;
#1870 = ORIENTED_EDGE ( 'NONE', *, *, #195, .T. ) ;
#1871 = FACE_OUTER_BOUND ( 'NONE', #1298, .T. ) ;
#1872 = CARTESIAN_POINT ( 'NONE',  ( 90.49999999999998579, 2.000000000000000000, -97.00000000000000000 ) ) ;
#1873 = VECTOR ( 'NONE', #2146, 1000.000000000000000 ) ;
#1874 = CARTESIAN_POINT ( 'NONE',  ( 94.27499999999999147, -2.500000000000000000, -45.75000000000001421 ) ) ;
#1875 = DIRECTION ( 'NONE',  ( 1.000000000000000000, 0.000000000000000000, -1.275531967630005245E-16 ) ) ;
#1876 = CARTESIAN_POINT ( 'NONE',  ( 89.49999999999998579, 0.5000000000000000000, -5.000000000000010658 ) ) ;
#1877 = ORIENTED_EDGE ( 'NONE', *, *, #1820, .F. ) ;
#1878 = ADVANCED_FACE ( 'NONE', ( #1230 ), #204, .F. ) ;
#1879 = ADVANCED_FACE ( 'NONE', ( #1384 ), #1397, .F. ) ;
#1880 = PLANE ( 'NONE',  #2139 ) ;
#1881 = EDGE_LOOP ( 'NONE', ( #1942, #2532, #1754, #80 ) ) ;
#1882 = DIRECTION ( 'NONE',  ( -0.000000000000000000, -1.000000000000000000, -0.000000000000000000 ) ) ;
#1883 = ORIENTED_EDGE ( 'NONE', *, *, #1598, .T. ) ;
#1884 = CARTESIAN_POINT ( 'NONE',  ( 15.51250000000001350, -2.500999999999999890, -32.00000000000000000 ) ) ;
#1885 = CARTESIAN_POINT ( 'NONE',  ( 94.27499999999999147, 0.000000000000000000, -44.15000000000000568 ) ) ;
#1886 = VECTOR ( 'NONE', #1895, 1000.000000000000000 ) ;
#1887 = AXIS2_PLACEMENT_3D ( 'NONE', #76, #888, #868 ) ;
#1888 = CARTESIAN_POINT ( 'NONE',  ( 27.76250000000001350, -1.700000000000000178, -25.91228675972853068 ) ) ;
#1889 = ORIENTED_EDGE ( 'NONE', *, *, #514, .F. ) ;
#1890 = CARTESIAN_POINT ( 'NONE',  ( 63.26250000000000284, -2.500000000000000000, -25.91228675972853424 ) ) ;
#1891 = DIRECTION ( 'NONE',  ( -0.000000000000000000, 1.000000000000000000, 0.000000000000000000 ) ) ;
#1892 = VECTOR ( 'NONE', #2060, 1000.000000000000000 ) ;
#1893 = EDGE_CURVE ( 'NONE', #930, #2544, #2214, .T. ) ;
#1894 = VERTEX_POINT ( 'NONE', #1817 ) ;
#1895 = DIRECTION ( 'NONE',  ( -1.000000000000000000, 0.000000000000000000, -0.000000000000000000 ) ) ;
#1896 = ADVANCED_FACE ( 'NONE', ( #2188 ), #2370, .T. ) ;
#1897 = ORIENTED_EDGE ( 'NONE', *, *, #1580, .T. ) ;
#1898 = AXIS2_PLACEMENT_3D ( 'NONE', #861, #1060, #291 ) ;
#1899 = VERTEX_POINT ( 'NONE', #437 ) ;
#1900 = VECTOR ( 'NONE', #770, 999.9999999999998863 ) ;
#1901 = CARTESIAN_POINT ( 'NONE',  ( 97.77500000000000568, -1.000000000000000000, 9.500000000000005329 ) ) ;
#1902 = LINE ( 'NONE', #2287, #723 ) ;
#1903 = VECTOR ( 'NONE', #1267, 1000.000000000000114 ) ;
#1904 = DIRECTION ( 'NONE',  ( -0.000000000000000000, 1.000000000000000000, -0.000000000000000000 ) ) ;
#1905 = DIRECTION ( 'NONE',  ( -0.8660254037844380415, 0.000000000000000000, 0.5000000000000012212 ) ) ;
#1906 = VECTOR ( 'NONE', #1837, 999.9999999999998863 ) ;
#1907 = FILL_AREA_STYLE ('',( #716 ) ) ;
#1908 = CARTESIAN_POINT ( 'NONE',  ( 63.26250000000000284, -2.500000000000000000, -25.91228675972853424 ) ) ;
#1909 = VERTEX_POINT ( 'NONE', #825 ) ;
#1910 = CARTESIAN_POINT ( 'NONE',  ( -6.750000000000023093, -0.9999999999999970024, 1.499999999999986677 ) ) ;
#1911 = ORIENTED_EDGE ( 'NONE', *, *, #1068, .T. ) ;
#1912 = EDGE_CURVE ( 'NONE', #1988, #989, #1608, .T. ) ;
#1913 = EDGE_CURVE ( 'NONE', #557, #2346, #425, .T. ) ;
#1914 = ORIENTED_EDGE ( 'NONE', *, *, #2182, .F. ) ;
#1915 = DIRECTION ( 'NONE',  ( -0.000000000000000000, 1.000000000000000000, -0.000000000000000000 ) ) ;
#1916 = CARTESIAN_POINT ( 'NONE',  ( -3.250000000000011546, 0.000000000000000000, -89.00000000000001421 ) ) ;
#1917 = DIRECTION ( 'NONE',  ( -0.000000000000000000, -1.000000000000000000, -0.000000000000000000 ) ) ;
#1918 = ORIENTED_EDGE ( 'NONE', *, *, #1150, .T. ) ;
#1919 = VERTEX_POINT ( 'NONE', #2409 ) ;
#1920 = AXIS2_PLACEMENT_3D ( 'NONE', #56, #832, #2400 ) ;
#1921 = CYLINDRICAL_SURFACE ( 'NONE', #1113, 1.249999999999997558 ) ;
#1922 = PLANE ( 'NONE',  #805 ) ;
#1923 = ORIENTED_EDGE ( 'NONE', *, *, #2040, .F. ) ;
#1924 = LINE ( 'NONE', #571, #187 ) ;
#1925 = ORIENTED_EDGE ( 'NONE', *, *, #275, .F. ) ;
#1926 = EDGE_CURVE ( 'NONE', #1047, #1268, #143, .T. ) ;
#1927 = DIRECTION ( 'NONE',  ( 1.000000000000000000, -5.880418562633245976E-17, 5.880418562633245976E-17 ) ) ;
#1928 = DIRECTION ( 'NONE',  ( -1.000000000000000000, 0.000000000000000000, 0.000000000000000000 ) ) ;
#1929 = FACE_OUTER_BOUND ( 'NONE', #1333, .T. ) ;
#1930 = EDGE_CURVE ( 'NONE', #1002, #2406, #2394, .T. ) ;
#1931 = VECTOR ( 'NONE', #1596, 1000.000000000000000 ) ;
#1932 = VERTEX_POINT ( 'NONE', #1176 ) ;
#1933 = DIRECTION ( 'NONE',  ( 0.000000000000000000, 1.000000000000000000, 0.000000000000000000 ) ) ;
#1934 = AXIS2_PLACEMENT_3D ( 'NONE', #703, #717, #1501 ) ;
#1935 = ORIENTED_EDGE ( 'NONE', *, *, #1692, .F. ) ;
#1936 = CYLINDRICAL_SURFACE ( 'NONE', #1850, 1.600000000000004086 ) ;
#1937 = ORIENTED_EDGE ( 'NONE', *, *, #57, .T. ) ;
#1938 = AXIS2_PLACEMENT_3D ( 'NONE', #1461, #2063, #645 ) ;
#1939 = ORIENTED_EDGE ( 'NONE', *, *, #2228, .F. ) ;
#1940 = DIRECTION ( 'NONE',  ( -0.000000000000000000, -1.000000000000000000, -0.000000000000000000 ) ) ;
#1941 = LINE ( 'NONE', #510, #1649 ) ;
#1942 = ORIENTED_EDGE ( 'NONE', *, *, #545, .T. ) ;
#1943 = ORIENTED_EDGE ( 'NONE', *, *, #1131, .T. ) ;
#1944 = CARTESIAN_POINT ( 'NONE',  ( -6.750000000000009770, -2.500000000000000000, -107.0000000000000142 ) ) ;
#1945 = ADVANCED_FACE ( 'NONE', ( #1969 ), #983, .F. ) ;
#1946 = DIRECTION ( 'NONE',  ( 0.000000000000000000, -1.000000000000000000, 0.000000000000000000 ) ) ;
#1947 = AXIS2_PLACEMENT_3D ( 'NONE', #686, #2507, #549 ) ;
#1948 = ORIENTED_EDGE ( 'NONE', *, *, #578, .F. ) ;
#1949 = CARTESIAN_POINT ( 'NONE',  ( 68.01250000000001705, 1.500000000000000000, -22.00000000000000000 ) ) ;
#1950 = VERTEX_POINT ( 'NONE', #2176 ) ;
#1951 = VECTOR ( 'NONE', #1186, 1000.000000000000000 ) ;
#1952 = CIRCLE ( 'NONE', #1898, 1.600000000000004086 ) ;
#1953 = DIRECTION ( 'NONE',  ( 0.000000000000000000, 0.000000000000000000, -1.000000000000000000 ) ) ;
#1954 = DIRECTION ( 'NONE',  ( 0.000000000000000000, -0.000000000000000000, -1.000000000000000000 ) ) ;
#1955 = VERTEX_POINT ( 'NONE', #38 ) ;
#1956 = FACE_OUTER_BOUND ( 'NONE', #1249, .T. ) ;
#1957 = CARTESIAN_POINT ( 'NONE',  ( -3.250000000000015987, 0.000000000000000000, -51.00000000000000711 ) ) ;
#1958 = DIRECTION ( 'NONE',  ( -0.8660254037844382635, 0.000000000000000000, 0.5000000000000005551 ) ) ;
#1959 = CARTESIAN_POINT ( 'NONE',  ( 75.51250000000001705, 1.499999999999999556, -30.75000000000001066 ) ) ;
#1960 = ORIENTED_EDGE ( 'NONE', *, *, #354, .F. ) ;
#1961 = ADVANCED_FACE ( 'NONE', ( #631 ), #51, .F. ) ;
#1962 = ADVANCED_FACE ( 'NONE', ( #1864 ), #1277, .F. ) ;
#1963 = CARTESIAN_POINT ( 'NONE',  ( 75.51250000000001705, -2.500000000000000000, -32.00000000000000711 ) ) ;
#1964 = ORIENTED_EDGE ( 'NONE', *, *, #1197, .F. ) ;
#1965 = LINE ( 'NONE', #1369, #1860 ) ;
#1966 = ORIENTED_EDGE ( 'NONE', *, *, #304, .T. ) ;
#1967 = CARTESIAN_POINT ( 'NONE',  ( 69.24999999999998579, -2.500000000000000000, -102.0000000000000142 ) ) ;
#1968 = DIRECTION ( 'NONE',  ( -0.000000000000000000, 1.000000000000000000, -0.000000000000000000 ) ) ;
#1969 = FACE_OUTER_BOUND ( 'NONE', #2536, .T. ) ;
#1970 = LINE ( 'NONE', #984, #2467 ) ;
#1971 = ORIENTED_EDGE ( 'NONE', *, *, #844, .T. ) ;
#1972 = CARTESIAN_POINT ( 'NONE',  ( 92.99999999999998579, 9.624143795447327676, 0.5000000000000056621 ) ) ;
#1973 = CIRCLE ( 'NONE', #2510, 1.250000000000001110 ) ;
#1974 = ORIENTED_EDGE ( 'NONE', *, *, #2257, .F. ) ;
#1975 = EDGE_CURVE ( 'NONE', #564, #1379, #1039, .T. ) ;
#1976 = VECTOR ( 'NONE', #838, 1000.000000000000000 ) ;
#1977 = ORIENTED_EDGE ( 'NONE', *, *, #1913, .T. ) ;
#1978 = VECTOR ( 'NONE', #163, 1000.000000000000000 ) ;
#1979 = CYLINDRICAL_SURFACE ( 'NONE', #858, 1.600000000000004086 ) ;
#1980 = ORIENTED_EDGE ( 'NONE', *, *, #1029, .T. ) ;
#1981 = LINE ( 'NONE', #2368, #1951 ) ;
#1982 = DIRECTION ( 'NONE',  ( 1.000000000000000000, 0.000000000000000000, 0.000000000000000000 ) ) ;
#1983 = DIRECTION ( 'NONE',  ( 0.000000000000000000, 0.000000000000000000, 1.000000000000000000 ) ) ;
#1984 = CARTESIAN_POINT ( 'NONE',  ( -3.250000000000015987, 0.000000000000000000, -52.60000000000000853 ) ) ;
#1985 = ORIENTED_EDGE ( 'NONE', *, *, #2274, .F. ) ;
#1986 = VECTOR ( 'NONE', #2359, 1000.000000000000000 ) ;
#1987 = CARTESIAN_POINT ( 'NONE',  ( -6.750000000000009770, -2.500000000000000000, -107.0000000000000142 ) ) ;
#1988 = VERTEX_POINT ( 'NONE', #850 ) ;
#1989 = ADVANCED_FACE ( 'NONE', ( #2227 ), #2035, .F. ) ;
#1990 = EDGE_CURVE ( 'NONE', #1017, #1123, #1288, .T. ) ;
#1991 = CARTESIAN_POINT ( 'NONE',  ( 20.51250000000000995, -2.500999999999999890, -75.75000000000000000 ) ) ;
#1992 = EDGE_LOOP ( 'NONE', ( #359, #137, #756, #505 ) ) ;
#1993 = CARTESIAN_POINT ( 'NONE',  ( 92.99999999999998579, 0.5000000000000004441, 9.500000000000005329 ) ) ;
#1994 = PLANE ( 'NONE',  #1784 ) ;
#1995 = CARTESIAN_POINT ( 'NONE',  ( -3.250000000000015987, -2.500000000000000000, -51.00000000000000711 ) ) ;
#1996 = DIRECTION ( 'NONE',  ( -0.000000000000000000, -1.000000000000000000, -0.000000000000000000 ) ) ;
#1997 = ORIENTED_EDGE ( 'NONE', *, *, #2118, .T. ) ;
#1998 = CARTESIAN_POINT ( 'NONE',  ( 94.27499999999999147, -2.500000000000000000, -90.75000000000001421 ) ) ;
#1999 = VERTEX_POINT ( 'NONE', #2474 ) ;
#2000 = VECTOR ( 'NONE', #1091, 1000.000000000000000 ) ;
#2001 = LINE ( 'NONE', #368, #1873 ) ;
#2002 = DIRECTION ( 'NONE',  ( -0.000000000000000000, 1.000000000000000000, -0.000000000000000000 ) ) ;
#2003 = EDGE_CURVE ( 'NONE', #2513, #247, #981, .T. ) ;
#2004 = EDGE_CURVE ( 'NONE', #1105, #1346, #895, .T. ) ;
#2005 = VERTEX_POINT ( 'NONE', #61 ) ;
#2006 = CARTESIAN_POINT ( 'NONE',  ( 27.76250000000001350, -1.700000000000000178, -29.08771324027146932 ) ) ;
#2007 = APPLICATION_PROTOCOL_DEFINITION ( 'draft international standard', 'automotive_design', 1998, #1251 ) ;
#2008 = CARTESIAN_POINT ( 'NONE',  ( -6.750000000000023093, 0.000000000000000000, 9.500000000000005329 ) ) ;
#2009 = EDGE_CURVE ( 'NONE', #2351, #2479, #1437, .T. ) ;
#2010 = CARTESIAN_POINT ( 'NONE',  ( 57.76250000000000995, -2.500000000000000000, -25.91228675972853068 ) ) ;
#2011 = VERTEX_POINT ( 'NONE', #73 ) ;
#2012 = ORIENTED_EDGE ( 'NONE', *, *, #1196, .T. ) ;
#2013 = CIRCLE ( 'NONE', #1347, 1.600000000000004086 ) ;
#2014 = CARTESIAN_POINT ( 'NONE',  ( -2.000000000000000000, 0.000000000000000000, 0.9999999999999991118 ) ) ;
#2015 = CIRCLE ( 'NONE', #240, 1.600000000000004086 ) ;
#2016 = DIRECTION ( 'NONE',  ( 0.000000000000000000, -1.000000000000000000, 0.000000000000000000 ) ) ;
#2017 = AXIS2_PLACEMENT_3D ( 'NONE', #1253, #71, #289 ) ;
#2018 = CIRCLE ( 'NONE', #2348, 1.600000000000004086 ) ;
#2019 = VERTEX_POINT ( 'NONE', #2421 ) ;
#2020 = CARTESIAN_POINT ( 'NONE',  ( 15.51250000000001350, -2.500000000000000000, -30.75000000000000000 ) ) ;
#2021 = DIRECTION ( 'NONE',  ( 0.000000000000000000, 0.000000000000000000, -1.000000000000000000 ) ) ;
#2022 = CARTESIAN_POINT ( 'NONE',  ( 33.26250000000001705, -1.700000000000000178, -25.91228675972852358 ) ) ;
#2023 = CARTESIAN_POINT ( 'NONE',  ( -6.750000000000023093, -1.000000000000000000, 9.500000000000005329 ) ) ;
#2024 = ORIENTED_EDGE ( 'NONE', *, *, #762, .F. ) ;
#2025 = AXIS2_PLACEMENT_3D ( 'NONE', #72, #82, #872 ) ;
#2026 = EDGE_CURVE ( 'NONE', #1638, #1004, #769, .T. ) ;
#2027 = CARTESIAN_POINT ( 'NONE',  ( 7.347880794884120722E-16, -6.324555320336758157, 0.9999999999999991118 ) ) ;
#2028 = VERTEX_POINT ( 'NONE', #1842 ) ;
#2029 = STYLED_ITEM ( 'NONE', ( #1305 ), #2405 ) ;
#2030 = CARTESIAN_POINT ( 'NONE',  ( 90.49999999999998579, 7.099019513592796926, -5.000000000000010658 ) ) ;
#2031 = VECTOR ( 'NONE', #1299, 1000.000000000000000 ) ;
#2032 = ORIENTED_EDGE ( 'NONE', *, *, #796, .F. ) ;
#2033 = DIRECTION ( 'NONE',  ( -0.000000000000000000, 1.000000000000000000, -0.000000000000000000 ) ) ;
#2034 = CARTESIAN_POINT ( 'NONE',  ( 0.000000000000000000, 0.000000000000000000, -97.00000000000000000 ) ) ;
#2035 = CYLINDRICAL_SURFACE ( 'NONE', #2222, 1.600000000000004086 ) ;
#2036 = CARTESIAN_POINT ( 'NONE',  ( 69.24999999999998579, -2.500000000000000000, -102.0000000000000142 ) ) ;
#2037 = ORIENTED_EDGE ( 'NONE', *, *, #746, .F. ) ;
#2038 = DIRECTION ( 'NONE',  ( 0.8660254037844382635, 0.000000000000000000, -0.5000000000000005551 ) ) ;
#2039 = EDGE_CURVE ( 'NONE', #1282, #2373, #674, .T. ) ;
#2040 = EDGE_CURVE ( 'NONE', #1791, #2430, #1234, .T. ) ;
#2041 = ORIENTED_EDGE ( 'NONE', *, *, #1912, .T. ) ;
#2042 = ORIENTED_EDGE ( 'NONE', *, *, #1451, .T. ) ;
#2043 = CARTESIAN_POINT ( 'NONE',  ( 97.77500000000000568, -0.4999999999999982792, 2.000000000000003553 ) ) ;
#2044 = DIRECTION ( 'NONE',  ( -0.000000000000000000, 1.000000000000000000, -0.000000000000000000 ) ) ;
#2045 = UNCERTAINTY_MEASURE_WITH_UNIT (LENGTH_MEASURE( 1.000000000000000082E-05 ), #1584, 'distance_accuracy_value', 'NONE');
#2046 = AXIS2_PLACEMENT_3D ( 'NONE', #1606, #186, #567 ) ;
#2047 = CARTESIAN_POINT ( 'NONE',  ( 23.01250000000000995, -12.35000000000001563, -34.65000000000015490 ) ) ;
#2048 = CARTESIAN_POINT ( 'NONE',  ( -6.750000000000024869, 0.000000000000000000, 17.00000000000000355 ) ) ;
#2049 = LINE ( 'NONE', #465, #1079 ) ;
#2050 = ORIENTED_EDGE ( 'NONE', *, *, #209, .T. ) ;
#2051 = DIRECTION ( 'NONE',  ( -0.000000000000000000, 0.000000000000000000, 1.000000000000000000 ) ) ;
#2052 = ORIENTED_EDGE ( 'NONE', *, *, #2226, .T. ) ;
#2053 = CARTESIAN_POINT ( 'NONE',  ( 7.347880794884120722E-16, 0.000000000000000000, 0.9999999999999991118 ) ) ;
#2054 = VECTOR ( 'NONE', #1431, 1000.000000000000000 ) ;
#2055 = EDGE_CURVE ( 'NONE', #1279, #555, #238, .T. ) ;
#2056 = CIRCLE ( 'NONE', #1226, 1.600000000000004086 ) ;
#2057 = CIRCLE ( 'NONE', #103, 10.00000000000000178 ) ;
#2058 = FACE_OUTER_BOUND ( 'NONE', #288, .T. ) ;
#2059 = CARTESIAN_POINT ( 'NONE',  ( 75.51250000000001705, 1.499999999999999556, -32.00000000000000711 ) ) ;
#2060 = DIRECTION ( 'NONE',  ( -0.000000000000000000, 1.000000000000000000, -0.000000000000000000 ) ) ;
#2061 = DIRECTION ( 'NONE',  ( 1.000000000000000000, 0.000000000000000000, -0.000000000000000000 ) ) ;
#2062 = VERTEX_POINT ( 'NONE', #2276 ) ;
#2063 = DIRECTION ( 'NONE',  ( -8.316167683706407173E-17, -0.7071067811865501263, 0.7071067811865449082 ) ) ;
#2064 = ORIENTED_EDGE ( 'NONE', *, *, #2401, .F. ) ;
#2065 = DIRECTION ( 'NONE',  ( -0.8660254037844397068, 0.000000000000000000, -0.4999999999999981681 ) ) ;
#2066 = CIRCLE ( 'NONE', #1575, 1.250000000000001110 ) ;
#2067 = ORIENTED_EDGE ( 'NONE', *, *, #275, .T. ) ;
#2068 = EDGE_CURVE ( 'NONE', #817, #1950, #1265, .T. ) ;
#2069 = EDGE_CURVE ( 'NONE', #741, #1453, #292, .T. ) ;
#2070 = FACE_BOUND ( 'NONE', #384, .T. ) ;
#2071 = AXIS2_PLACEMENT_3D ( 'NONE', #1967, #2393, #615 ) ;
#2072 = LINE ( 'NONE', #1645, #1316 ) ;
#2073 = CARTESIAN_POINT ( 'NONE',  ( 97.77500000000000568, -1.000000000000000000, 9.500000000000005329 ) ) ;
#2074 = FACE_BOUND ( 'NONE', #2493, .T. ) ;
#2075 = ORIENTED_EDGE ( 'NONE', *, *, #670, .F. ) ;
#2076 = FACE_OUTER_BOUND ( 'NONE', #1127, .T. ) ;
#2077 = ORIENTED_EDGE ( 'NONE', *, *, #42, .F. ) ;
#2078 = CARTESIAN_POINT ( 'NONE',  ( 60.51250000000000995, -1.700000000000000178, -30.67542648054293153 ) ) ;
#2079 = ORIENTED_EDGE ( 'NONE', *, *, #472, .T. ) ;
#2080 = LINE ( 'NONE', #1081, #1019 ) ;
#2081 = DIRECTION ( 'NONE',  ( 0.000000000000000000, 0.000000000000000000, -1.000000000000000000 ) ) ;
#2082 = ADVANCED_FACE ( 'NONE', ( #1083 ), #862, .F. ) ;
#2083 = CARTESIAN_POINT ( 'NONE',  ( 75.51250000000001705, -2.500000000000000000, -32.00000000000000711 ) ) ;
#2084 = DIRECTION ( 'NONE',  ( 0.000000000000000000, 0.000000000000000000, 1.000000000000000000 ) ) ;
#2085 = EDGE_LOOP ( 'NONE', ( #18, #1366, #1971, #1225, #493, #788 ) ) ;
#2086 = FACE_OUTER_BOUND ( 'NONE', #913, .T. ) ;
#2087 = EDGE_CURVE ( 'NONE', #130, #1279, #1458, .T. ) ;
#2088 = CARTESIAN_POINT ( 'NONE',  ( 89.49999999999998579, 7.099019513592796926, -5.000000000000010658 ) ) ;
#2089 = VERTEX_POINT ( 'NONE', #279 ) ;
#2090 = PLANE ( 'NONE',  #14 ) ;
#2091 = ORIENTED_EDGE ( 'NONE', *, *, #1893, .F. ) ;
#2092 = EDGE_LOOP ( 'NONE', ( #1551, #406, #1939, #1518 ) ) ;
#2093 = CARTESIAN_POINT ( 'NONE',  ( -6.750000000000009770, -2.500000000000000000, -107.0000000000000142 ) ) ;
#2094 = LINE ( 'NONE', #1147, #1603 ) ;
#2095 = AXIS2_PLACEMENT_3D ( 'NONE', #1377, #207, #249 ) ;
#2096 = CARTESIAN_POINT ( 'NONE',  ( 70.51250000000000284, -2.500999999999999890, -78.25000000000000000 ) ) ;
#2097 = DIRECTION ( 'NONE',  ( -0.5000000000000012212, 0.000000000000000000, -0.8660254037844380415 ) ) ;
#2098 = FACE_OUTER_BOUND ( 'NONE', #882, .T. ) ;
#2099 = CARTESIAN_POINT ( 'NONE',  ( 20.51250000000000995, 1.499999999999999556, -77.00000000000000000 ) ) ;
#2100 = VECTOR ( 'NONE', #489, 1000.000000000000000 ) ;
#2101 = ORIENTED_EDGE ( 'NONE', *, *, #844, .F. ) ;
#2102 = EDGE_CURVE ( 'NONE', #1080, #1919, #2263, .T. ) ;
#2103 = EDGE_CURVE ( 'NONE', #1449, #2062, #1121, .T. ) ;
#2104 = LINE ( 'NONE', #2117, #1392 ) ;
#2105 = ORIENTED_EDGE ( 'NONE', *, *, #2069, .F. ) ;
#2106 = AXIS2_PLACEMENT_3D ( 'NONE', #2059, #1668, #849 ) ;
#2107 = CIRCLE ( 'NONE', #2312, 1.600000000000004086 ) ;
#2108 = CARTESIAN_POINT ( 'NONE',  ( 91.49999999999998579, 0.5000000000000000000, 0.5000000000000056621 ) ) ;
#2109 = LINE ( 'NONE', #1340, #2143 ) ;
#2110 = AXIS2_PLACEMENT_3D ( 'NONE', #1062, #1435, #675 ) ;
#2111 = CARTESIAN_POINT ( 'NONE',  ( 92.99999999999998579, 9.624143795447327676, 9.500000000000005329 ) ) ;
#2112 = EDGE_LOOP ( 'NONE', ( #347, #2233, #31, #2488 ) ) ;
#2113 = ORIENTED_EDGE ( 'NONE', *, *, #252, .T. ) ;
#2114 = CARTESIAN_POINT ( 'NONE',  ( 94.27499999999999147, 0.000000000000000000, -8.150000000000011013 ) ) ;
#2115 = CARTESIAN_POINT ( 'NONE',  ( 63.26250000000000284, -2.500000000000000000, -29.08771324027147287 ) ) ;
#2116 = VERTEX_POINT ( 'NONE', #1094 ) ;
#2117 = CARTESIAN_POINT ( 'NONE',  ( 30.51250000000001705, -1.700000000000000178, -24.32457351945705426 ) ) ;
#2118 = EDGE_CURVE ( 'NONE', #339, #352, #2094, .T. ) ;
#2119 = EDGE_CURVE ( 'NONE', #179, #1047, #316, .T. ) ;
#2120 = ORIENTED_EDGE ( 'NONE', *, *, #1849, .T. ) ;
#2121 = ADVANCED_FACE ( 'NONE', ( #1508 ), #1722, .F. ) ;
#2122 = LINE ( 'NONE', #1314, #1037 ) ;
#2123 = DIRECTION ( 'NONE',  ( 0.8660254037844397068, 0.000000000000000000, 0.4999999999999981681 ) ) ;
#2124 = CARTESIAN_POINT ( 'NONE',  ( 0.000000000000000000, 0.000000000000000000, -97.00000000000000000 ) ) ;
#2125 = VERTEX_POINT ( 'NONE', #910 ) ;
#2126 = CARTESIAN_POINT ( 'NONE',  ( -2.000000000000000000, 0.5000000000000004441, 9.500000000000005329 ) ) ;
#2127 = CARTESIAN_POINT ( 'NONE',  ( 94.27499999999999147, -2.500000000000000000, -8.150000000000011013 ) ) ;
#2128 = VERTEX_POINT ( 'NONE', #145 ) ;
#2129 = DIRECTION ( 'NONE',  ( -0.000000000000000000, 1.000000000000000000, -0.000000000000000000 ) ) ;
#2130 = ORIENTED_EDGE ( 'NONE', *, *, #796, .T. ) ;
#2131 = EDGE_CURVE ( 'NONE', #1828, #2028, #68, .T. ) ;
#2132 = DIRECTION ( 'NONE',  ( -0.000000000000000000, 1.000000000000000000, -0.000000000000000000 ) ) ;
#2133 = LINE ( 'NONE', #1735, #106 ) ;
#2134 = VERTEX_POINT ( 'NONE', #699 ) ;
#2135 = AXIS2_PLACEMENT_3D ( 'NONE', #1840, #1455, #449 ) ;
#2136 = EDGE_LOOP ( 'NONE', ( #1472, #763 ) ) ;
#2137 = VECTOR ( 'NONE', #1785, 1000.000000000000000 ) ;
#2138 = DIRECTION ( 'NONE',  ( -0.000000000000000000, 1.000000000000000000, -0.000000000000000000 ) ) ;
#2139 = AXIS2_PLACEMENT_3D ( 'NONE', #2088, #2051, #98 ) ;
#2140 = ORIENTED_EDGE ( 'NONE', *, *, #213, .F. ) ;
#2141 = DIRECTION ( 'NONE',  ( -1.119176436114069085E-16, 0.000000000000000000, 1.000000000000000000 ) ) ;
#2142 = CIRCLE ( 'NONE', #810, 1.599999999999997202 ) ;
#2143 = VECTOR ( 'NONE', #135, 1000.000000000000000 ) ;
#2144 = ORIENTED_EDGE ( 'NONE', *, *, #354, .T. ) ;
#2145 = VECTOR ( 'NONE', #1585, 1000.000000000000000 ) ;
#2146 = DIRECTION ( 'NONE',  ( 0.000000000000000000, -1.000000000000000000, 0.000000000000000000 ) ) ;
#2147 = FACE_BOUND ( 'NONE', #2242, .T. ) ;
#2148 = ADVANCED_FACE ( 'NONE', ( #301 ), #157, .F. ) ;
#2149 = EDGE_CURVE ( 'NONE', #220, #165, #1941, .T. ) ;
#2150 = ORIENTED_EDGE ( 'NONE', *, *, #1101, .T. ) ;
#2151 = DIRECTION ( 'NONE',  ( 0.000000000000000000, -1.000000000000000000, 0.000000000000000000 ) ) ;
#2152 = FACE_BOUND ( 'NONE', #53, .T. ) ;
#2153 = FACE_OUTER_BOUND ( 'NONE', #1520, .T. ) ;
#2154 = CIRCLE ( 'NONE', #1701, 10.00000000000000178 ) ;
#2155 = EDGE_LOOP ( 'NONE', ( #1086, #2052 ) ) ;
#2156 = CARTESIAN_POINT ( 'NONE',  ( 97.77500000000000568, -2.500000000000000000, 17.00000000000000355 ) ) ;
#2157 = ORIENTED_EDGE ( 'NONE', *, *, #2149, .T. ) ;
#2158 = AXIS2_PLACEMENT_3D ( 'NONE', #886, #1109, #1684 ) ;
#2159 = ORIENTED_EDGE ( 'NONE', *, *, #8, .F. ) ;
#2160 = LINE ( 'NONE', #2377, #990 ) ;
#2161 = ORIENTED_EDGE ( 'NONE', *, *, #322, .T. ) ;
#2162 = CARTESIAN_POINT ( 'NONE',  ( 91.49999999999998579, 0.000000000000000000, -5.000000000000010658 ) ) ;
#2163 = EDGE_CURVE ( 'NONE', #971, #1268, #1328, .T. ) ;
#2164 = CARTESIAN_POINT ( 'NONE',  ( 45.51250000000000995, -2.500000000000000000, -45.00000000000001421 ) ) ;
#2165 = PLANE ( 'NONE',  #1690 ) ;
#2166 = CARTESIAN_POINT ( 'NONE',  ( 89.49999999999998579, 0.000000000000000000, -5.000000000000010658 ) ) ;
#2167 = EDGE_LOOP ( 'NONE', ( #1480, #1688, #1351, #1727, #361 ) ) ;
#2168 = EDGE_CURVE ( 'NONE', #16, #1999, #2133, .T. ) ;
#2169 = CARTESIAN_POINT ( 'NONE',  ( 97.77500000000000568, -1.000000000000000000, 1.499999999999989342 ) ) ;
#2170 = ORIENTED_EDGE ( 'NONE', *, *, #1450, .T. ) ;
#2171 = CIRCLE ( 'NONE', #2046, 1.600000000000004086 ) ;
#2172 = ORIENTED_EDGE ( 'NONE', *, *, #1069, .F. ) ;
#2173 = FACE_BOUND ( 'NONE', #2155, .T. ) ;
#2174 = ORIENTED_EDGE ( 'NONE', *, *, #42, .T. ) ;
#2175 = CARTESIAN_POINT ( 'NONE',  ( 70.51250000000000284, -2.500999999999999890, -75.75000000000000000 ) ) ;
#2176 = CARTESIAN_POINT ( 'NONE',  ( -6.750000000000009770, 0.000000000000000000, -107.0000000000000142 ) ) ;
#2177 = CARTESIAN_POINT ( 'NONE',  ( 20.51250000000000995, -2.500000000000000000, -77.00000000000000000 ) ) ;
#2178 = ORIENTED_EDGE ( 'NONE', *, *, #732, .F. ) ;
#2179 = LINE ( 'NONE', #2027, #1558 ) ;
#2180 = CIRCLE ( 'NONE', #2468, 1.600000000000004086 ) ;
#2181 = EDGE_CURVE ( 'NONE', #9, #669, #1902, .T. ) ;
#2182 = EDGE_CURVE ( 'NONE', #466, #2544, #2338, .T. ) ;
#2183 = ORIENTED_EDGE ( 'NONE', *, *, #1007, .F. ) ;
#2184 = DIRECTION ( 'NONE',  ( 0.8660254037844387076, 0.000000000000000000, 0.4999999999999999445 ) ) ;
#2185 = EDGE_LOOP ( 'NONE', ( #221, #1839, #142, #714 ) ) ;
#2186 = FACE_OUTER_BOUND ( 'NONE', #197, .T. ) ;
#2187 = DIRECTION ( 'NONE',  ( 0.000000000000000000, 0.000000000000000000, -1.000000000000000000 ) ) ;
#2188 = FACE_OUTER_BOUND ( 'NONE', #1310, .T. ) ;
#2189 = LINE ( 'NONE', #2166, #802 ) ;
#2190 = VERTEX_POINT ( 'NONE', #1885 ) ;
#2191 = VECTOR ( 'NONE', #1184, 1000.000000000000000 ) ;
#2192 = CARTESIAN_POINT ( 'NONE',  ( -6.751000000000048296, -1.000000000000000000, 1.499999999999983569 ) ) ;
#2193 = ORIENTED_EDGE ( 'NONE', *, *, #2436, .T. ) ;
#2194 = ADVANCED_FACE ( 'NONE', ( #2314 ), #550, .F. ) ;
#2196 = EDGE_CURVE ( 'NONE', #408, #481, #358, .T. ) ;
#2195 = CARTESIAN_POINT ( 'NONE',  ( 89.49999999999998579, 1.500000000000000000, 13.00000000000001066 ) ) ;
#2197 = EDGE_CURVE ( 'NONE', #1002, #597, #2497, .T. ) ;
#2198 = VECTOR ( 'NONE', #1736, 1000.000000000000000 ) ;
#2199 = CARTESIAN_POINT ( 'NONE',  ( 89.49999999999998579, 92.11797822854214246, 0.000000000000000000 ) ) ;
#2200 = ORIENTED_EDGE ( 'NONE', *, *, #712, .F. ) ;
#2201 = FACE_OUTER_BOUND ( 'NONE', #628, .T. ) ;
#2202 = DIRECTION ( 'NONE',  ( 0.000000000000000000, 0.000000000000000000, 1.000000000000000000 ) ) ;
#2203 = CARTESIAN_POINT ( 'NONE',  ( 68.01250000000001705, 0.3000000000000001554, -22.00000000000000000 ) ) ;
#2204 = DIRECTION ( 'NONE',  ( -0.000000000000000000, -1.000000000000000000, -0.000000000000000000 ) ) ;
#2205 = EDGE_LOOP ( 'NONE', ( #1021, #1877, #1529, #1935, #1846, #123 ) ) ;
#2206 = DIRECTION ( 'NONE',  ( 0.000000000000000000, -1.000000000000000000, 0.000000000000000000 ) ) ;
#2207 = ORIENTED_EDGE ( 'NONE', *, *, #496, .F. ) ;
#2208 = LINE ( 'NONE', #1628, #342 ) ;
#2209 = LINE ( 'NONE', #432, #1312 ) ;
#2210 = VERTEX_POINT ( 'NONE', #331 ) ;
#2211 = EDGE_CURVE ( 'NONE', #669, #364, #2109, .T. ) ;
#2212 = CARTESIAN_POINT ( 'NONE',  ( 20.51250000000000995, 1.499999999999999556, -78.25000000000000000 ) ) ;
#2213 = LINE ( 'NONE', #1468, #2559 ) ;
#2214 = LINE ( 'NONE', #583, #1266 ) ;
#2215 = DIRECTION ( 'NONE',  ( -1.119176436114069085E-16, -0.000000000000000000, 1.000000000000000000 ) ) ;
#2216 = ORIENTED_EDGE ( 'NONE', *, *, #2103, .T. ) ;
#2217 = CARTESIAN_POINT ( 'NONE',  ( 30.51250000000000995, -2.500000000000000000, -30.67542648054294219 ) ) ;
#2218 = ORIENTED_EDGE ( 'NONE', *, *, #2515, .F. ) ;
#2219 = DIRECTION ( 'NONE',  ( 0.000000000000000000, 0.000000000000000000, -1.000000000000000000 ) ) ;
#2220 = CIRCLE ( 'NONE', #2388, 1.600000000000000755 ) ;
#2221 = VECTOR ( 'NONE', #2033, 1000.000000000000000 ) ;
#2222 = AXIS2_PLACEMENT_3D ( 'NONE', #873, #1050, #1669 ) ;
#2223 = ORIENTED_EDGE ( 'NONE', *, *, #1250, .F. ) ;
#2224 = CARTESIAN_POINT ( 'NONE',  ( 70.51250000000000284, -2.500000000000000000, -77.00000000000000000 ) ) ;
#2225 = DIRECTION ( 'NONE',  ( -1.962615573354707803E-16, 0.7071067811865515695, -0.7071067811865435759 ) ) ;
#2226 = EDGE_CURVE ( 'NONE', #1326, #1726, #362, .T. ) ;
#2227 = FACE_OUTER_BOUND ( 'NONE', #200, .T. ) ;
#2228 = EDGE_CURVE ( 'NONE', #2062, #2484, #2018, .T. ) ;
#2229 = DIRECTION ( 'NONE',  ( 0.000000000000000000, 0.000000000000000000, 1.000000000000000000 ) ) ;
#2230 = ORIENTED_EDGE ( 'NONE', *, *, #2303, .T. ) ;
#2231 = AXIS2_PLACEMENT_3D ( 'NONE', #2434, #652, #2021 ) ;
#2232 = DIRECTION ( 'NONE',  ( 0.000000000000000000, 0.000000000000000000, -1.000000000000000000 ) ) ;
#2233 = ORIENTED_EDGE ( 'NONE', *, *, #1532, .F. ) ;
#2234 = CIRCLE ( 'NONE', #452, 1.599999999999997202 ) ;
#2235 = LINE ( 'NONE', #2030, #789 ) ;
#2236 = AXIS2_PLACEMENT_3D ( 'NONE', #569, #1363, #784 ) ;
#2237 = ORIENTED_EDGE ( 'NONE', *, *, #1229, .T. ) ;
#2238 = CARTESIAN_POINT ( 'NONE',  ( 30.51250000000001705, 0.3000000000000001554, -29.09999999999999787 ) ) ;
#2239 = DIRECTION ( 'NONE',  ( -0.000000000000000000, 1.000000000000000000, -0.000000000000000000 ) ) ;
#2240 = DIRECTION ( 'NONE',  ( -0.000000000000000000, 1.000000000000000000, -0.000000000000000000 ) ) ;
#2241 = PLANE ( 'NONE',  #412 ) ;
#2242 = EDGE_LOOP ( 'NONE', ( #318, #2113 ) ) ;
#2243 = DIRECTION ( 'NONE',  ( 0.5000000000000006661, -0.000000000000000000, 0.8660254037844383745 ) ) ;
#2244 = VERTEX_POINT ( 'NONE', #6 ) ;
#2245 = EDGE_CURVE ( 'NONE', #2505, #2116, #576, .T. ) ;
#2246 = CARTESIAN_POINT ( 'NONE',  ( 57.76250000000000995, -1.700000000000000178, -25.91228675972853068 ) ) ;
#2247 = VECTOR ( 'NONE', #2465, 1000.000000000000000 ) ;
#2248 = CARTESIAN_POINT ( 'NONE',  ( -3.250000000000015987, -2.500000000000000000, -52.60000000000000853 ) ) ;
#2249 = DIRECTION ( 'NONE',  ( 1.000000000000000000, 0.000000000000000000, -0.000000000000000000 ) ) ;
#2250 = CARTESIAN_POINT ( 'NONE',  ( 45.51250000000000995, -2.500999999999999890, -65.00000000000001421 ) ) ;
#2251 = CARTESIAN_POINT ( 'NONE',  ( 15.51250000000001350, -2.500000000000000000, -32.00000000000000000 ) ) ;
#2252 = EDGE_LOOP ( 'NONE', ( #811, #350, #184, #880, #2282, #112 ) ) ;
#2253 = DIRECTION ( 'NONE',  ( 0.000000000000000000, -1.000000000000000000, 0.000000000000000000 ) ) ;
#2254 = ORIENTED_EDGE ( 'NONE', *, *, #195, .F. ) ;
#2255 = FACE_OUTER_BOUND ( 'NONE', #613, .T. ) ;
#2256 = EDGE_CURVE ( 'NONE', #378, #1379, #1965, .T. ) ;
#2257 = EDGE_CURVE ( 'NONE', #2269, #159, #2366, .T. ) ;
#2258 = AXIS2_PLACEMENT_3D ( 'NONE', #26, #376, #427 ) ;
#2259 = AXIS2_PLACEMENT_3D ( 'NONE', #2099, #2138, #1153 ) ;
#2260 = DIRECTION ( 'NONE',  ( -0.000000000000000000, 1.000000000000000000, 0.000000000000000000 ) ) ;
#2261 = AXIS2_PLACEMENT_3D ( 'NONE', #822, #435, #1816 ) ;
#2262 = DIRECTION ( 'NONE',  ( 1.000000000000000000, 0.000000000000000000, 0.000000000000000000 ) ) ;
#2263 = CIRCLE ( 'NONE', #484, 1.600000000000004086 ) ;
#2264 = CARTESIAN_POINT ( 'NONE',  ( 94.27499999999999147, -2.500000000000000000, -9.750000000000015987 ) ) ;
#2265 = CARTESIAN_POINT ( 'NONE',  ( 97.77500000000000568, 0.000000000000000000, 17.00000000000000355 ) ) ;
#2266 = EDGE_LOOP ( 'NONE', ( #643, #1209, #1124, #259 ) ) ;
#2267 = CIRCLE ( 'NONE', #2259, 1.250000000000001110 ) ;
#2268 = FACE_BOUND ( 'NONE', #2481, .T. ) ;
#2269 = VERTEX_POINT ( 'NONE', #1006 ) ;
#2270 = CARTESIAN_POINT ( 'NONE',  ( 90.49999999999998579, 1.500000000000000000, -97.00000000000000000 ) ) ;
#2271 = EDGE_CURVE ( 'NONE', #2479, #1909, #383, .T. ) ;
#2272 = VECTOR ( 'NONE', #1506, 1000.000000000000000 ) ;
#2273 = DIRECTION ( 'NONE',  ( -0.000000000000000000, 1.000000000000000000, -0.000000000000000000 ) ) ;
#2274 = EDGE_CURVE ( 'NONE', #2128, #21, #183, .T. ) ;
#2275 = CARTESIAN_POINT ( 'NONE',  ( 7.347880794884120722E-16, -6.324555320336758157, 0.9999999999999991118 ) ) ;
#2276 = CARTESIAN_POINT ( 'NONE',  ( 94.27499999999999147, 0.000000000000000000, -89.15000000000000568 ) ) ;
#2277 = CARTESIAN_POINT ( 'NONE',  ( -3.250000000000034639, -2.500000000000000000, -13.00000000000001066 ) ) ;
#2278 = ORIENTED_EDGE ( 'NONE', *, *, #921, .F. ) ;
#2279 = AXIS2_PLACEMENT_3D ( 'NONE', #2550, #185, #1802 ) ;
#2280 = DIRECTION ( 'NONE',  ( 0.000000000000000000, 0.000000000000000000, 1.000000000000000000 ) ) ;
#2281 = AXIS2_PLACEMENT_3D ( 'NONE', #524, #713, #1538 ) ;
#2282 = ORIENTED_EDGE ( 'NONE', *, *, #960, .F. ) ;
#2283 = CARTESIAN_POINT ( 'NONE',  ( -6.751000000000048296, -0.4999999999999982792, 1.999999999999991784 ) ) ;
#2284 = ORIENTED_EDGE ( 'NONE', *, *, #2271, .T. ) ;
#2285 = VERTEX_POINT ( 'NONE', #1172 ) ;
#2286 = CARTESIAN_POINT ( 'NONE',  ( 33.26250000000001705, -2.500000000000000000, -29.08771324027146576 ) ) ;
#2287 = CARTESIAN_POINT ( 'NONE',  ( 60.51250000000000995, -1.700000000000000178, -30.67542648054293153 ) ) ;
#2288 = ADVANCED_FACE ( 'NONE', ( #1160 ), #173, .F. ) ;
#2289 = DIRECTION ( 'NONE',  ( -0.8660254037844388186, 0.000000000000000000, -0.4999999999999996669 ) ) ;
#2290 = ORIENTED_EDGE ( 'NONE', *, *, #1273, .T. ) ;
#2291 = AXIS2_PLACEMENT_3D ( 'NONE', #176, #2380, #2187 ) ;
#2292 = SURFACE_STYLE_FILL_AREA ( #1907 ) ;
#2293 = CARTESIAN_POINT ( 'NONE',  ( 30.51250000000001705, -1.700000000000000178, -24.32457351945705426 ) ) ;
#2294 = ORIENTED_EDGE ( 'NONE', *, *, #1565, .F. ) ;
#2295 = DIRECTION ( 'NONE',  ( -0.000000000000000000, 1.000000000000000000, -0.000000000000000000 ) ) ;
#2296 = ORIENTED_EDGE ( 'NONE', *, *, #859, .F. ) ;
#2297 = DIRECTION ( 'NONE',  ( 0.4999999999999998890, 0.000000000000000000, -0.8660254037844387076 ) ) ;
#2298 = DIRECTION ( 'NONE',  ( 0.000000000000000000, 0.000000000000000000, 1.000000000000000000 ) ) ;
#2299 = AXIS2_PLACEMENT_3D ( 'NONE', #1517, #153, #1744 ) ;
#2300 = LINE ( 'NONE', #1523, #290 ) ;
#2301 = ORIENTED_EDGE ( 'NONE', *, *, #419, .T. ) ;
#2302 = ORIENTED_EDGE ( 'NONE', *, *, #1627, .F. ) ;
#2303 = EDGE_CURVE ( 'NONE', #2544, #55, #599, .T. ) ;
#2304 = EDGE_CURVE ( 'NONE', #1737, #422, #1201, .T. ) ;
#2305 = DIRECTION ( 'NONE',  ( 0.000000000000000000, 0.000000000000000000, 1.000000000000000000 ) ) ;
#2306 = DIRECTION ( 'NONE',  ( -0.000000000000000000, 1.000000000000000000, -0.000000000000000000 ) ) ;
#2307 = VECTOR ( 'NONE', #267, 1000.000000000000000 ) ;
#2308 = ORIENTED_EDGE ( 'NONE', *, *, #1674, .T. ) ;
#2309 = AXIS2_PLACEMENT_3D ( 'NONE', #47, #834, #1630 ) ;
#2310 = PLANE ( 'NONE',  #1516 ) ;
#2311 = ORIENTED_EDGE ( 'NONE', *, *, #252, .F. ) ;
#2312 = AXIS2_PLACEMENT_3D ( 'NONE', #1827, #2016, #241 ) ;
#2313 = DIRECTION ( 'NONE',  ( 0.000000000000000000, 0.000000000000000000, 1.000000000000000000 ) ) ;
#2314 = FACE_OUTER_BOUND ( 'NONE', #2549, .T. ) ;
#2315 = VECTOR ( 'NONE', #2422, 1000.000000000000000 ) ;
#2316 = LINE ( 'NONE', #537, #1746 ) ;
#2317 = CARTESIAN_POINT ( 'NONE',  ( 57.76250000000000995, -1.700000000000000178, -29.08771324027145155 ) ) ;
#2318 = CARTESIAN_POINT ( 'NONE',  ( 97.77500000000000568, -2.500000000000000000, -2.428612866367529932E-14 ) ) ;
#2319 = CARTESIAN_POINT ( 'NONE',  ( 70.51250000000000284, -2.500000000000000000, -78.25000000000000000 ) ) ;
#2320 = VERTEX_POINT ( 'NONE', #421 ) ;
#2321 = DIRECTION ( 'NONE',  ( -1.000000000000000000, 0.000000000000000000, 0.000000000000000000 ) ) ;
#2322 = EDGE_CURVE ( 'NONE', #2019, #2506, #2160, .T. ) ;
#2323 = EDGE_LOOP ( 'NONE', ( #2037, #2517, #127, #2327 ) ) ;
#2324 = CARTESIAN_POINT ( 'NONE',  ( 70.51250000000000284, 1.499999999999999556, -78.25000000000000000 ) ) ;
#2325 = DIRECTION ( 'NONE',  ( 0.000000000000000000, 0.000000000000000000, -1.000000000000000000 ) ) ;
#2326 = PLANE ( 'NONE',  #1491 ) ;
#2327 = ORIENTED_EDGE ( 'NONE', *, *, #1180, .F. ) ;
#2328 = VECTOR ( 'NONE', #2426, 1000.000000000000000 ) ;
#2329 = DIRECTION ( 'NONE',  ( -1.000000000000000000, 0.000000000000000000, -0.000000000000000000 ) ) ;
#2330 = CARTESIAN_POINT ( 'NONE',  ( 0.000000000000000000, -2.500000000000000000, 0.000000000000000000 ) ) ;
#2331 = ORIENTED_EDGE ( 'NONE', *, *, #683, .F. ) ;
#2332 = ORIENTED_EDGE ( 'NONE', *, *, #114, .T. ) ;
#2333 = DIRECTION ( 'NONE',  ( 0.000000000000000000, 0.000000000000000000, -1.000000000000000000 ) ) ;
#2334 = VERTEX_POINT ( 'NONE', #965 ) ;
#2335 = EDGE_CURVE ( 'NONE', #1145, #1282, #2433, .T. ) ;
#2336 = EDGE_CURVE ( 'NONE', #1436, #77, #1698, .T. ) ;
#2337 = LINE ( 'NONE', #575, #1906 ) ;
#2338 = LINE ( 'NONE', #523, #1352 ) ;
#2339 = ORIENTED_EDGE ( 'NONE', *, *, #28, .T. ) ;
#2340 = DIRECTION ( 'NONE',  ( 0.000000000000000000, -1.000000000000000000, 0.000000000000000000 ) ) ;
#2341 = CARTESIAN_POINT ( 'NONE',  ( 15.51250000000001350, 1.499999999999999556, -32.00000000000000000 ) ) ;
#2342 = VECTOR ( 'NONE', #786, 1000.000000000000000 ) ;
#2343 = DIRECTION ( 'NONE',  ( 2.775557561562891351E-16, 0.000000000000000000, 1.000000000000000000 ) ) ;
#2344 = AXIS2_PLACEMENT_3D ( 'NONE', #2440, #1891, #1845 ) ;
#2345 = CYLINDRICAL_SURFACE ( 'NONE', #2236, 1.250000000000001110 ) ;
#2346 = VERTEX_POINT ( 'NONE', #1567 ) ;
#2347 = CYLINDRICAL_SURFACE ( 'NONE', #890, 1.599999999999997202 ) ;
#2348 = AXIS2_PLACEMENT_3D ( 'NONE', #1550, #345, #1590 ) ;
#2349 = ORIENTED_EDGE ( 'NONE', *, *, #28, .F. ) ;
#2350 = ADVANCED_FACE ( 'NONE', ( #779, #2147, #1579, #1602, #612, #1380, #2354, #2173, #395 ), #369, .F. ) ;
#2351 = VERTEX_POINT ( 'NONE', #1212 ) ;
#2352 = VECTOR ( 'NONE', #630, 1000.000000000000000 ) ;
#2353 = CARTESIAN_POINT ( 'NONE',  ( 33.26250000000001705, -2.500000000000000000, -29.08771324027146576 ) ) ;
#2354 = FACE_BOUND ( 'NONE', #149, .T. ) ;
#2355 = ORIENTED_EDGE ( 'NONE', *, *, #87, .T. ) ;
#2356 = ADVANCED_FACE ( 'NONE', ( #223 ), #1979, .F. ) ;
#2357 = AXIS2_PLACEMENT_3D ( 'NONE', #211, #20, #978 ) ;
#2358 = CARTESIAN_POINT ( 'NONE',  ( 30.51250000000001705, 0.3000000000000001554, -25.89999999999999503 ) ) ;
#2359 = DIRECTION ( 'NONE',  ( -0.000000000000000000, -1.000000000000000000, -0.000000000000000000 ) ) ;
#2360 = CARTESIAN_POINT ( 'NONE',  ( 33.26250000000001705, -1.700000000000000178, -29.08771324027146576 ) ) ;
#2361 = CARTESIAN_POINT ( 'NONE',  ( 90.49999999999998579, 1.500000000000000000, -5.000000000000010658 ) ) ;
#2362 = CIRCLE ( 'NONE', #693, 1.599999999999997202 ) ;
#2363 = EDGE_LOOP ( 'NONE', ( #1318, #2296, #1966, #735 ) ) ;
#2364 = LINE ( 'NONE', #180, #644 ) ;
#2365 = EDGE_LOOP ( 'NONE', ( #944, #952, #1027, #1685 ) ) ;
#2366 = LINE ( 'NONE', #1814, #864 ) ;
#2367 = VERTEX_POINT ( 'NONE', #1762 ) ;
#2368 = CARTESIAN_POINT ( 'NONE',  ( 57.76250000000000995, -1.700000000000000178, -25.91228675972853068 ) ) ;
#2369 = EDGE_CURVE ( 'NONE', #989, #557, #2209, .T. ) ;
#2370 = PLANE ( 'NONE',  #29 ) ;
#2371 = EDGE_CURVE ( 'NONE', #1726, #1326, #2107, .T. ) ;
#2372 = CARTESIAN_POINT ( 'NONE',  ( 57.76250000000000995, -1.700000000000000178, -29.08771324027145155 ) ) ;
#2373 = VERTEX_POINT ( 'NONE', #1419 ) ;
#2374 = CARTESIAN_POINT ( 'NONE',  ( 30.51250000000001705, -1.700000000000000178, -24.32457351945705426 ) ) ;
#2375 = ORIENTED_EDGE ( 'NONE', *, *, #859, .T. ) ;
#2376 = VERTEX_POINT ( 'NONE', #1034 ) ;
#2377 = CARTESIAN_POINT ( 'NONE',  ( 30.51250000000000995, -1.700000000000000178, -30.67542648054294219 ) ) ;
#2378 = ORIENTED_EDGE ( 'NONE', *, *, #69, .T. ) ;
#2379 = CARTESIAN_POINT ( 'NONE',  ( 45.51250000000000995, -2.500000000000000000, -65.00000000000001421 ) ) ;
#2380 = DIRECTION ( 'NONE',  ( -0.000000000000000000, 1.000000000000000000, -0.000000000000000000 ) ) ;
#2381 = DIRECTION ( 'NONE',  ( -1.000000000000000000, 0.000000000000000000, 0.000000000000000000 ) ) ;
#2382 = VECTOR ( 'NONE', #1851, 1000.000000000000000 ) ;
#2383 = CARTESIAN_POINT ( 'NONE',  ( -6.750000000000024869, -2.500000000000000000, 17.00000000000000355 ) ) ;
#2384 = ORIENTED_EDGE ( 'NONE', *, *, #1462, .F. ) ;
#2385 = EDGE_CURVE ( 'NONE', #2190, #1932, #201, .T. ) ;
#2386 = AXIS2_PLACEMENT_3D ( 'NONE', #2360, #24, #1423 ) ;
#2387 = CARTESIAN_POINT ( 'NONE',  ( 94.27499999999999147, -2.500000000000000000, -47.35000000000001563 ) ) ;
#2388 = AXIS2_PLACEMENT_3D ( 'NONE', #54, #1220, #1193 ) ;
#2389 = ORIENTED_EDGE ( 'NONE', *, *, #1013, .F. ) ;
#2390 = ADVANCED_FACE ( 'NONE', ( #2417 ), #1702, .F. ) ;
#2391 = DIRECTION ( 'NONE',  ( 0.000000000000000000, -1.000000000000000000, 0.000000000000000000 ) ) ;
#2392 = ORIENTED_EDGE ( 'NONE', *, *, #1820, .T. ) ;
#2393 = DIRECTION ( 'NONE',  ( -0.000000000000000000, 1.000000000000000000, -0.000000000000000000 ) ) ;
#2394 = LINE ( 'NONE', #617, #1856 ) ;
#2395 = PLANE ( 'NONE',  #353 ) ;
#2396 = VERTEX_POINT ( 'NONE', #2114 ) ;
#2397 = DIRECTION ( 'NONE',  ( -0.000000000000000000, 0.000000000000000000, 1.000000000000000000 ) ) ;
#2398 = CIRCLE ( 'NONE', #1280, 1.600000000000004086 ) ;
#2399 = ORIENTED_EDGE ( 'NONE', *, *, #263, .F. ) ;
#2400 = DIRECTION ( 'NONE',  ( 0.000000000000000000, 0.000000000000000000, -1.000000000000000000 ) ) ;
#2401 = EDGE_CURVE ( 'NONE', #930, #327, #125, .T. ) ;
#2402 = VECTOR ( 'NONE', #997, 1000.000000000000000 ) ;
#2403 = AXIS2_PLACEMENT_3D ( 'NONE', #2036, #1074, #62 ) ;
#2404 = CARTESIAN_POINT ( 'NONE',  ( 45.51250000000000995, -2.500999999999999890, -45.00000000000001421 ) ) ;
#2405 = MANIFOLD_SOLID_BREP ( 'ÇÐ³ý-À­Éì10', #829 ) ;
#2406 = VERTEX_POINT ( 'NONE', #1890 ) ;
#2407 = PLANE ( 'NONE',  #1562 ) ;
#2408 = DIRECTION ( 'NONE',  ( -0.000000000000000000, -0.000000000000000000, 1.000000000000000000 ) ) ;
#2409 = CARTESIAN_POINT ( 'NONE',  ( -3.250000000000011546, -2.500000000000000000, -87.40000000000000568 ) ) ;
#2410 = LINE ( 'NONE', #642, #46 ) ;
#2411 = ORIENTED_EDGE ( 'NONE', *, *, #761, .F. ) ;
#2412 = PLANE ( 'NONE',  #853 ) ;
#2413 = ORIENTED_EDGE ( 'NONE', *, *, #1513, .F. ) ;
#2414 = DIRECTION ( 'NONE',  ( -0.000000000000000000, 1.000000000000000000, 0.000000000000000000 ) ) ;
#2415 = ADVANCED_FACE ( 'NONE', ( #138 ), #729, .F. ) ;
#2416 = EDGE_CURVE ( 'NONE', #939, #334, #540, .T. ) ;
#2417 = FACE_OUTER_BOUND ( 'NONE', #1720, .T. ) ;
#2418 = ORIENTED_EDGE ( 'NONE', *, *, #683, .T. ) ;
#2419 = LINE ( 'NONE', #1421, #1263 ) ;
#2420 = LINE ( 'NONE', #2457, #2439 ) ;
#2421 = CARTESIAN_POINT ( 'NONE',  ( 30.51250000000000995, -1.700000000000000178, -30.67542648054294219 ) ) ;
#2422 = DIRECTION ( 'NONE',  ( -0.000000000000000000, 1.000000000000000000, -0.000000000000000000 ) ) ;
#2423 = ORIENTED_EDGE ( 'NONE', *, *, #1507, .T. ) ;
#2424 = CARTESIAN_POINT ( 'NONE',  ( -2.000000000000000000, -6.324555320336758157, 0.9999999999999991118 ) ) ;
#2425 = ORIENTED_EDGE ( 'NONE', *, *, #1322, .F. ) ;
#2426 = DIRECTION ( 'NONE',  ( 0.000000000000000000, 0.000000000000000000, -1.000000000000000000 ) ) ;
#2427 = CIRCLE ( 'NONE', #233, 1.600000000000004086 ) ;
#2428 = AXIS2_PLACEMENT_3D ( 'NONE', #2458, #1831, #257 ) ;
#2429 = ADVANCED_FACE ( 'NONE', ( #1331 ), #940, .F. ) ;
#2430 = VERTEX_POINT ( 'NONE', #553 ) ;
#2431 = CARTESIAN_POINT ( 'NONE',  ( 89.49999999999998579, 8.673617379884035472E-16, 9.500000000000005329 ) ) ;
#2432 = PRODUCT_DEFINITION_CONTEXT ( 'detailed design', #1251, 'design' ) ;
#2433 = CIRCLE ( 'NONE', #2357, 1.600000000000004086 ) ;
#2434 = CARTESIAN_POINT ( 'NONE',  ( 15.51250000000001350, -2.500000000000000000, -32.00000000000000000 ) ) ;
#2435 = CARTESIAN_POINT ( 'NONE',  ( 70.51250000000000284, 1.499999999999999556, -77.00000000000000000 ) ) ;
#2436 = EDGE_CURVE ( 'NONE', #1791, #2396, #1111, .T. ) ;
#2437 = FACE_OUTER_BOUND ( 'NONE', #2185, .T. ) ;
#2438 = ORIENTED_EDGE ( 'NONE', *, *, #623, .F. ) ;
#2439 = VECTOR ( 'NONE', #1276, 1000.000000000000114 ) ;
#2440 = CARTESIAN_POINT ( 'NONE',  ( 30.51250000000001705, -1.700000000000000178, -27.49999999999999645 ) ) ;
#2441 = ORIENTED_EDGE ( 'NONE', *, *, #1084, .T. ) ;
#2442 = VECTOR ( 'NONE', #627, 1000.000000000000000 ) ;
#2443 = DIRECTION ( 'NONE',  ( 0.000000000000000000, 0.000000000000000000, 1.000000000000000000 ) ) ;
#2444 = AXIS2_PLACEMENT_3D ( 'NONE', #453, #439, #1635 ) ;
#2445 = CARTESIAN_POINT ( 'NONE',  ( 1.000000000000000888, 6.071532165918824830E-15, 11.50000000000000000 ) ) ;
#2446 = DIRECTION ( 'NONE',  ( 0.000000000000000000, 0.000000000000000000, -1.000000000000000000 ) ) ;
#2447 = CARTESIAN_POINT ( 'NONE',  ( 45.51250000000000995, 1.499999999999999556, -55.00000000000001421 ) ) ;
#2448 = DIRECTION ( 'NONE',  ( 0.000000000000000000, -0.000000000000000000, 1.000000000000000000 ) ) ;
#2449 = ORIENTED_EDGE ( 'NONE', *, *, #496, .T. ) ;
#2450 = EDGE_CURVE ( 'NONE', #247, #2134, #1319, .T. ) ;
#2451 = EDGE_CURVE ( 'NONE', #1604, #787, #955, .T. ) ;
#2452 = CARTESIAN_POINT ( 'NONE',  ( -2.000000000000000000, 9.624143795447327676, 9.500000000000005329 ) ) ;
#2453 = ORIENTED_EDGE ( 'NONE', *, *, #2196, .T. ) ;
#2454 = DIRECTION ( 'NONE',  ( -1.090341985197072093E-16, -0.7071067811865435759, -0.7071067811865515695 ) ) ;
#2455 = VECTOR ( 'NONE', #681, 1000.000000000000000 ) ;
#2456 = LINE ( 'NONE', #243, #2054 ) ;
#2457 = CARTESIAN_POINT ( 'NONE',  ( 27.76250000000001350, -1.700000000000000178, -29.08771324027146932 ) ) ;
#2458 = CARTESIAN_POINT ( 'NONE',  ( -3.250000000000015987, -2.500000000000000000, -51.00000000000000711 ) ) ;
#2459 = DIRECTION ( 'NONE',  ( 0.000000000000000000, -1.000000000000000000, 0.000000000000000000 ) ) ;
#2460 = ORIENTED_EDGE ( 'NONE', *, *, #920, .F. ) ;
#2461 = PLANE ( 'NONE',  #234 ) ;
#2462 = EDGE_CURVE ( 'NONE', #2089, #165, #2066, .T. ) ;
#2463 = ADVANCED_FACE ( 'NONE', ( #2098 ), #1714, .F. ) ;
#2464 = ORIENTED_EDGE ( 'NONE', *, *, #2003, .T. ) ;
#2465 = DIRECTION ( 'NONE',  ( 1.000000000000000000, -0.000000000000000000, -1.541976423090494647E-16 ) ) ;
#2466 = ADVANCED_FACE ( 'NONE', ( #2086 ), #1921, .F. ) ;
#2467 = VECTOR ( 'NONE', #1166, 1000.000000000000000 ) ;
#2468 = AXIS2_PLACEMENT_3D ( 'NONE', #1348, #586, #1732 ) ;
#2469 = AXIS2_PLACEMENT_3D ( 'NONE', #903, #2253, #1703 ) ;
#2470 = ORIENTED_EDGE ( 'NONE', *, *, #908, .F. ) ;
#2471 = DIRECTION ( 'NONE',  ( 1.000000000000000000, -0.000000000000000000, -1.541976423090494647E-16 ) ) ;
#2472 = CARTESIAN_POINT ( 'NONE',  ( 30.51250000000000995, -1.700000000000000178, -30.67542648054294219 ) ) ;
#2473 = AXIS2_PLACEMENT_3D ( 'NONE', #2435, #687, #641 ) ;
#2474 = CARTESIAN_POINT ( 'NONE',  ( 0.000000000000000000, 0.5000000000000000000, -5.000000000000000888 ) ) ;
#2475 = FACE_OUTER_BOUND ( 'NONE', #991, .T. ) ;
#2476 = VERTEX_POINT ( 'NONE', #2318 ) ;
#2477 = AXIS2_PLACEMENT_3D ( 'NONE', #126, #1933, #1320 ) ;
#2478 = LINE ( 'NONE', #1487, #891 ) ;
#2479 = VERTEX_POINT ( 'NONE', #1204 ) ;
#2480 = DIRECTION ( 'NONE',  ( -0.000000000000000000, 1.000000000000000000, -0.000000000000000000 ) ) ;
#2481 = EDGE_LOOP ( 'NONE', ( #2, #1063 ) ) ;
#2482 = EDGE_CURVE ( 'NONE', #741, #791, #1570, .T. ) ;
#2483 = VECTOR ( 'NONE', #1927, 1000.000000000000000 ) ;
#2484 = VERTEX_POINT ( 'NONE', #582 ) ;
#2485 = CARTESIAN_POINT ( 'NONE',  ( 92.99999999999998579, 0.5000000000000004441, 9.500000000000005329 ) ) ;
#2486 = CARTESIAN_POINT ( 'NONE',  ( 0.000000000000000000, 2.000000000000000000, 0.000000000000000000 ) ) ;
#2487 = CARTESIAN_POINT ( 'NONE',  ( 63.26250000000000284, -1.700000000000000178, -29.08771324027147287 ) ) ;
#2488 = ORIENTED_EDGE ( 'NONE', *, *, #1013, .T. ) ;
#2489 = DIRECTION ( 'NONE',  ( -0.4999999999999998890, 0.000000000000000000, 0.8660254037844387076 ) ) ;
#2490 = VERTEX_POINT ( 'NONE', #1188 ) ;
#2491 = CARTESIAN_POINT ( 'NONE',  ( 91.49999999999998579, 0.5000000000000000000, -5.000000000000010658 ) ) ;
#2492 = ORIENTED_EDGE ( 'NONE', *, *, #2039, .T. ) ;
#2493 = EDGE_LOOP ( 'NONE', ( #1636, #1823 ) ) ;
#2494 = EDGE_CURVE ( 'NONE', #77, #2116, #985, .T. ) ;
#2495 = EDGE_CURVE ( 'NONE', #1909, #319, #2234, .T. ) ;
#2496 = CARTESIAN_POINT ( 'NONE',  ( 1.000000000000000888, 6.071532165918824830E-15, 11.50000000000000000 ) ) ;
#2497 = LINE ( 'NONE', #1315, #1104 ) ;
#2498 = DIRECTION ( 'NONE',  ( 0.000000000000000000, 0.7071067811865449082, 0.7071067811865501263 ) ) ;
#2499 = ORIENTED_EDGE ( 'NONE', *, *, #1926, .T. ) ;
#2500 = ORIENTED_EDGE ( 'NONE', *, *, #1434, .T. ) ;
#2501 = CARTESIAN_POINT ( 'NONE',  ( -2.000000000000000000, 9.624143795447327676, 9.500000000000005329 ) ) ;
#2502 = FACE_BOUND ( 'NONE', #1783, .T. ) ;
#2503 = EDGE_LOOP ( 'NONE', ( #2425, #943 ) ) ;
#2504 = DIRECTION ( 'NONE',  ( 0.000000000000000000, 0.000000000000000000, -1.000000000000000000 ) ) ;
#2505 = VERTEX_POINT ( 'NONE', #2164 ) ;
#2506 = VERTEX_POINT ( 'NONE', #1164 ) ;
#2507 = DIRECTION ( 'NONE',  ( -0.000000000000000000, 1.000000000000000000, -0.000000000000000000 ) ) ;
#2508 = EDGE_CURVE ( 'NONE', #916, #9, #968, .T. ) ;
#2509 = DIRECTION ( 'NONE',  ( -0.000000000000000000, 1.000000000000000000, -0.000000000000000000 ) ) ;
#2510 = AXIS2_PLACEMENT_3D ( 'NONE', #1963, #1116, #1557 ) ;
#2511 = CARTESIAN_POINT ( 'NONE',  ( 89.49999999999998579, 8.673617379884035472E-16, 11.50000000000000533 ) ) ;
#2512 = VERTEX_POINT ( 'NONE', #591 ) ;
#2513 = VERTEX_POINT ( 'NONE', #2564 ) ;
#2514 = DIRECTION ( 'NONE',  ( -0.000000000000000000, 1.000000000000000000, -0.000000000000000000 ) ) ;
#2515 = EDGE_CURVE ( 'NONE', #165, #2089, #1442, .T. ) ;
#2516 = FACE_BOUND ( 'NONE', #2519, .T. ) ;
#2517 = ORIENTED_EDGE ( 'NONE', *, *, #1547, .T. ) ;
#2518 = FACE_OUTER_BOUND ( 'NONE', #295, .T. ) ;
#2519 = EDGE_LOOP ( 'NONE', ( #1587, #2546 ) ) ;
#2520 =( GEOMETRIC_REPRESENTATION_CONTEXT ( 3 ) GLOBAL_UNCERTAINTY_ASSIGNED_CONTEXT ( ( #848 ) ) GLOBAL_UNIT_ASSIGNED_CONTEXT ( ( #742, #1540, #335 ) ) REPRESENTATION_CONTEXT ( 'NONE', 'WORKASPACE' ) );
#2521 = CARTESIAN_POINT ( 'NONE',  ( 23.01250000000000639, 0.3000000000000001554, -47.30000000000001847 ) ) ;
#2522 = DIRECTION ( 'NONE',  ( 1.000000000000000000, -0.000000000000000000, 0.000000000000000000 ) ) ;
#2523 = LINE ( 'NONE', #302, #169 ) ;
#2524 = ORIENTED_EDGE ( 'NONE', *, *, #2068, .T. ) ;
#2525 = DIRECTION ( 'NONE',  ( 1.000000000000000000, 0.000000000000000000, -7.709882115452475701E-17 ) ) ;
#2526 = LINE ( 'NONE', #1527, #1607 ) ;
#2527 = ORIENTED_EDGE ( 'NONE', *, *, #1450, .F. ) ;
#2528 = ADVANCED_FACE ( 'NONE', ( #616 ), #1994, .F. ) ;
#2529 = EDGE_CURVE ( 'NONE', #1346, #1105, #2171, .T. ) ;
#2530 = AXIS2_PLACEMENT_3D ( 'NONE', #2277, #1725, #1290 ) ;
#2531 = PLANE ( 'NONE',  #1224 ) ;
#2532 = ORIENTED_EDGE ( 'NONE', *, *, #1084, .F. ) ;
#2533 = ORIENTED_EDGE ( 'NONE', *, *, #341, .T. ) ;
#2534 = CARTESIAN_POINT ( 'NONE',  ( -3.250000000000011546, -2.500000000000000000, -90.60000000000000853 ) ) ;
#2535 = DIRECTION ( 'NONE',  ( -0.000000000000000000, 1.000000000000000000, -0.000000000000000000 ) ) ;
#2536 = EDGE_LOOP ( 'NONE', ( #461, #800, #2075, #1614 ) ) ;
#2537 = CYLINDRICAL_SURFACE ( 'NONE', #947, 10.00000000000000178 ) ;
#2538 = CARTESIAN_POINT ( 'NONE',  ( 75.51250000000001705, -2.500999999999999890, -33.25000000000000711 ) ) ;
#2539 = LINE ( 'NONE', #2115, #1148 ) ;
#2540 = DIRECTION ( 'NONE',  ( -4.336808689942016947E-15, 0.000000000000000000, 1.000000000000000000 ) ) ;
#2541 = ORIENTED_EDGE ( 'NONE', *, *, #420, .T. ) ;
#2542 = DIRECTION ( 'NONE',  ( 0.000000000000000000, 0.000000000000000000, 1.000000000000000000 ) ) ;
#2543 = EDGE_CURVE ( 'NONE', #2479, #2351, #1090, .T. ) ;
#2544 = VERTEX_POINT ( 'NONE', #386 ) ;
#2545 = EDGE_CURVE ( 'NONE', #1103, #2376, #603, .T. ) ;
#2546 = ORIENTED_EDGE ( 'NONE', *, *, #547, .F. ) ;
#2547 = CARTESIAN_POINT ( 'NONE',  ( 94.27499999999999147, -2.500000000000000000, -47.35000000000001563 ) ) ;
#2548 = DIRECTION ( 'NONE',  ( -0.000000000000000000, 1.000000000000000000, -0.000000000000000000 ) ) ;
#2549 = EDGE_LOOP ( 'NONE', ( #48, #312, #1192, #124 ) ) ;
#2550 = CARTESIAN_POINT ( 'NONE',  ( 69.24999999999998579, 0.000000000000000000, -102.0000000000000142 ) ) ;
#2551 = SHAPE_DEFINITION_REPRESENTATION ( #129, #1144 ) ;
#2552 = AXIS2_PLACEMENT_3D ( 'NONE', #1768, #945, #917 ) ;
#2553 = CARTESIAN_POINT ( 'NONE',  ( 23.01250000000001350, 0.3000000000000001554, -21.99999999999999645 ) ) ;
#2554 = DIRECTION ( 'NONE',  ( 0.000000000000000000, -1.000000000000000000, 0.000000000000000000 ) ) ;
#2555 = EDGE_LOOP ( 'NONE', ( #1776, #1157, #520, #1747, #1511, #650 ) ) ;
#2556 = CARTESIAN_POINT ( 'NONE',  ( 20.51250000000000995, -2.500000000000000000, -78.25000000000000000 ) ) ;
#2557 = AXIS2_PLACEMENT_3D ( 'NONE', #751, #2509, #1300 ) ;
#2558 = ORIENTED_EDGE ( 'NONE', *, *, #1912, .F. ) ;
#2559 = VECTOR ( 'NONE', #2262, 1000.000000000000000 ) ;
#2560 = EDGE_CURVE ( 'NONE', #1004, #1638, #707, .T. ) ;
#2561 = CARTESIAN_POINT ( 'NONE',  ( 52.33303576960449277, 0.6646768111314311778, -47.66467681113145716 ) ) ;
#2562 = VERTEX_POINT ( 'NONE', #982 ) ;
#2563 = CARTESIAN_POINT ( 'NONE',  ( 1.000000000000000000, 0.5000000000000000000, -5.000000000000000000 ) ) ;
#2564 = CARTESIAN_POINT ( 'NONE',  ( 75.51250000000001705, -2.500000000000000000, -30.75000000000001066 ) ) ;
#2565 = CIRCLE ( 'NONE', #736, 1.250000000000001110 ) ;
#2566 = DIRECTION ( 'NONE',  ( -1.000000000000000000, -0.000000000000000000, 1.541976423090494647E-16 ) ) ;
ENDSEC;
END-ISO-10303-21;
