ISO-10303-21;
HEADER;
FILE_DESCRIPTION (( 'STEP AP214' ),
    '1' );
FILE_NAME ('µ×°å.STEP',
    '2026-03-17T09:30:48',
    ( '' ),
    ( '' ),
    'SwSTEP 2.0',
    'SolidWorks 2023',
    '' );
FILE_SCHEMA (( 'AUTOMOTIVE_DESIGN' ));
ENDSEC;

DATA;
#1 = VERTEX_POINT ( 'NONE', #1464 ) ;
#2 = PLANE ( 'NONE',  #199 ) ;
#3 = EDGE_LOOP ( 'NONE', ( #2611, #295, #949, #1034 ) ) ;
#4 = LINE ( 'NONE', #1621, #648 ) ;
#5 = DIRECTION ( 'NONE',  ( 0.000000000000000000, -1.000000000000000000, 0.000000000000000000 ) ) ;
#6 = ORIENTED_EDGE ( 'NONE', *, *, #1426, .T. ) ;
#7 = ORIENTED_EDGE ( 'NONE', *, *, #2325, .F. ) ;
#8 = CARTESIAN_POINT ( 'NONE',  ( -6.750000000000023093, -0.4999999999999982792, 1.999999999999991784 ) ) ;
#9 = DIRECTION ( 'NONE',  ( 0.000000000000000000, 0.000000000000000000, 1.000000000000000000 ) ) ;
#10 = EDGE_CURVE ( 'NONE', #1495, #899, #2295, .T. ) ;
#11 = CARTESIAN_POINT ( 'NONE',  ( 1.000000000000000888, 6.071532165918824830E-15, 11.50000000000000000 ) ) ;
#12 = ADVANCED_FACE ( 'NONE', ( #44 ), #673, .F. ) ;
#13 = CIRCLE ( 'NONE', #830, 1.599999999999997202 ) ;
#14 = ORIENTED_EDGE ( 'NONE', *, *, #864, .F. ) ;
#15 = PLANE ( 'NONE',  #2528 ) ;
#16 = VECTOR ( 'NONE', #345, 1000.000000000000114 ) ;
#17 = VERTEX_POINT ( 'NONE', #1866 ) ;
#18 = CIRCLE ( 'NONE', #61, 1.600000000000004086 ) ;
#19 = ORIENTED_EDGE ( 'NONE', *, *, #2241, .F. ) ;
#20 = DIRECTION ( 'NONE',  ( -1.000000000000000000, 0.000000000000000000, -4.336808689942017736E-16 ) ) ;
#21 = DIRECTION ( 'NONE',  ( 0.000000000000000000, 0.000000000000000000, -1.000000000000000000 ) ) ;
#22 = ORIENTED_EDGE ( 'NONE', *, *, #1932, .F. ) ;
#23 = VECTOR ( 'NONE', #651, 1000.000000000000000 ) ;
#24 = ORIENTED_EDGE ( 'NONE', *, *, #2452, .F. ) ;
#25 = VECTOR ( 'NONE', #734, 1000.000000000000000 ) ;
#26 = VERTEX_POINT ( 'NONE', #258 ) ;
#27 = VECTOR ( 'NONE', #829, 1000.000000000000000 ) ;
#28 = VECTOR ( 'NONE', #5, 1000.000000000000000 ) ;
#29 = CARTESIAN_POINT ( 'NONE',  ( 90.49999999999998579, 1.500000000000000000, -5.000000000000010658 ) ) ;
#30 = CARTESIAN_POINT ( 'NONE',  ( 45.51250000000000995, 0.2999999999999999334, -55.00000000000001421 ) ) ;
#31 = ADVANCED_FACE ( 'NONE', ( #2100 ), #461, .T. ) ;
#32 = ORIENTED_EDGE ( 'NONE', *, *, #1138, .F. ) ;
#33 = DIRECTION ( 'NONE',  ( 0.000000000000000000, -0.000000000000000000, -1.000000000000000000 ) ) ;
#34 = CARTESIAN_POINT ( 'NONE',  ( 39.13206114362028387, 0.3000000000000001554, -47.30000000000002558 ) ) ;
#35 = EDGE_LOOP ( 'NONE', ( #853, #288, #1707, #945 ) ) ;
#36 = DIRECTION ( 'NONE',  ( -0.000000000000000000, -1.000000000000000000, -0.000000000000000000 ) ) ;
#37 = DIRECTION ( 'NONE',  ( 0.8660254037844388186, 0.000000000000000000, 0.4999999999999996114 ) ) ;
#38 = CARTESIAN_POINT ( 'NONE',  ( 38.28466830450830116, 1.065656234995806084, -48.06565623499582074 ) ) ;
#39 = VERTEX_POINT ( 'NONE', #688 ) ;
#40 = ORIENTED_EDGE ( 'NONE', *, *, #333, .T. ) ;
#41 = CARTESIAN_POINT ( 'NONE',  ( 94.27499999999999147, -2.500000000000000000, -92.35000000000000853 ) ) ;
#42 = ADVANCED_FACE ( 'NONE', ( #2085 ), #267, .F. ) ;
#43 = EDGE_CURVE ( 'NONE', #2197, #1495, #488, .T. ) ;
#44 = FACE_OUTER_BOUND ( 'NONE', #903, .T. ) ;
#45 = DIRECTION ( 'NONE',  ( -0.000000000000000000, 1.000000000000000000, -0.000000000000000000 ) ) ;
#46 = CARTESIAN_POINT ( 'NONE',  ( 90.49999999999998579, 2.000000000000000000, -97.00000000000000000 ) ) ;
#47 = LINE ( 'NONE', #480, #1720 ) ;
#48 = DIRECTION ( 'NONE',  ( -0.000000000000000000, 1.000000000000000000, -0.000000000000000000 ) ) ;
#49 = ORIENTED_EDGE ( 'NONE', *, *, #803, .T. ) ;
#50 = CARTESIAN_POINT ( 'NONE',  ( 1.000000000000000888, 2.000000000000001776, 13.50000000000001066 ) ) ;
#51 = VERTEX_POINT ( 'NONE', #2512 ) ;
#52 = LINE ( 'NONE', #41, #398 ) ;
#53 = CIRCLE ( 'NONE', #741, 10.00000000000000178 ) ;
#54 = EDGE_CURVE ( 'NONE', #83, #2243, #1499, .T. ) ;
#55 = VERTEX_POINT ( 'NONE', #1067 ) ;
#56 = CARTESIAN_POINT ( 'NONE',  ( 37.91315792321468336, 1.499999999999999112, -48.50000000000000711 ) ) ;
#57 = CARTESIAN_POINT ( 'NONE',  ( 57.76250000000000995, -2.500000000000000000, -29.08771324027145155 ) ) ;
#58 = FACE_BOUND ( 'NONE', #2375, .T. ) ;
#59 = ORIENTED_EDGE ( 'NONE', *, *, #2409, .T. ) ;
#60 = CARTESIAN_POINT ( 'NONE',  ( 0.000000000000000000, 1.500000000000000000, -97.00000000000000000 ) ) ;
#61 = AXIS2_PLACEMENT_3D ( 'NONE', #1145, #1751, #975 ) ;
#62 = EDGE_CURVE ( 'NONE', #2255, #1286, #1056, .T. ) ;
#63 = VECTOR ( 'NONE', #1292, 1000.000000000000000 ) ;
#64 = VECTOR ( 'NONE', #269, 1000.000000000000000 ) ;
#65 = LINE ( 'NONE', #1327, #2365 ) ;
#66 = VECTOR ( 'NONE', #1957, 1000.000000000000000 ) ;
#67 = CARTESIAN_POINT ( 'NONE',  ( 52.33303576960449277, 0.6646768111314311778, -47.66467681113145716 ) ) ;
#68 = AXIS2_PLACEMENT_3D ( 'NONE', #1199, #154, #584 ) ;
#69 = AXIS2_PLACEMENT_3D ( 'NONE', #1472, #1095, #1714 ) ;
#70 = ORIENTED_EDGE ( 'NONE', *, *, #1867, .F. ) ;
#71 = CARTESIAN_POINT ( 'NONE',  ( 27.76250000000001350, -1.700000000000000178, -25.91228675972853068 ) ) ;
#72 = ORIENTED_EDGE ( 'NONE', *, *, #2581, .T. ) ;
#73 = ORIENTED_EDGE ( 'NONE', *, *, #864, .T. ) ;
#74 = DIRECTION ( 'NONE',  ( 2.775557561562891351E-16, 0.000000000000000000, 1.000000000000000000 ) ) ;
#75 = DIRECTION ( 'NONE',  ( 0.4999999999999996114, -0.000000000000000000, 0.8660254037844388186 ) ) ;
#76 = ORIENTED_EDGE ( 'NONE', *, *, #2391, .T. ) ;
#77 = DIRECTION ( 'NONE',  ( -1.000000000000000000, 0.000000000000000000, 1.541976423090494894E-16 ) ) ;
#78 = EDGE_LOOP ( 'NONE', ( #260, #484 ) ) ;
#79 = DIRECTION ( 'NONE',  ( -1.000000000000000000, 0.000000000000000000, -4.336808689942017736E-16 ) ) ;
#80 = EDGE_CURVE ( 'NONE', #537, #1965, #1730, .T. ) ;
#81 = CARTESIAN_POINT ( 'NONE',  ( 60.51250000000000995, -1.700000000000000178, -27.50000000000000000 ) ) ;
#82 = ORIENTED_EDGE ( 'NONE', *, *, #1138, .T. ) ;
#83 = VERTEX_POINT ( 'NONE', #2387 ) ;
#84 = CARTESIAN_POINT ( 'NONE',  ( -3.250000000000015987, -2.500000000000000000, -49.40000000000001279 ) ) ;
#85 = VERTEX_POINT ( 'NONE', #1569 ) ;
#86 = ORIENTED_EDGE ( 'NONE', *, *, #2160, .T. ) ;
#87 = DIRECTION ( 'NONE',  ( -0.000000000000000000, 1.000000000000000000, -0.000000000000000000 ) ) ;
#88 = CARTESIAN_POINT ( 'NONE',  ( 60.51250000000000284, -1.700000000000000178, -24.32457351945706137 ) ) ;
#89 = ORIENTED_EDGE ( 'NONE', *, *, #582, .F. ) ;
#90 = ORIENTED_EDGE ( 'NONE', *, *, #495, .F. ) ;
#91 = CARTESIAN_POINT ( 'NONE',  ( 69.24999999999998579, 0.000000000000000000, -102.0000000000000142 ) ) ;
#92 = EDGE_LOOP ( 'NONE', ( #583, #376, #1502, #898 ) ) ;
#93 = DIRECTION ( 'NONE',  ( -0.000000000000000000, 1.000000000000000000, -0.000000000000000000 ) ) ;
#94 = ADVANCED_FACE ( 'NONE', ( #1133 ), #2356, .F. ) ;
#95 = CARTESIAN_POINT ( 'NONE',  ( 91.49999999999998579, 0.000000000000000000, -5.000000000000010658 ) ) ;
#96 = DIRECTION ( 'NONE',  ( -0.000000000000000000, 1.000000000000000000, -0.000000000000000000 ) ) ;
#97 = DIRECTION ( 'NONE',  ( 0.8660254037844380415, 0.000000000000000000, -0.5000000000000012212 ) ) ;
#98 = VECTOR ( 'NONE', #1940, 1000.000000000000114 ) ;
#99 = CARTESIAN_POINT ( 'NONE',  ( -2.000000000000000000, 0.000000000000000000, 0.5000000000000177636 ) ) ;
#100 = ORIENTED_EDGE ( 'NONE', *, *, #1393, .T. ) ;
#101 = VERTEX_POINT ( 'NONE', #2178 ) ;
#102 = AXIS2_PLACEMENT_3D ( 'NONE', #1104, #1317, #1738 ) ;
#103 = CARTESIAN_POINT ( 'NONE',  ( 0.000000000000000000, 1.500000000000000000, -5.000000000000004441 ) ) ;
#104 = ORIENTED_EDGE ( 'NONE', *, *, #1434, .F. ) ;
#105 = CARTESIAN_POINT ( 'NONE',  ( 94.27499999999999147, -2.500000000000000000, -90.75000000000001421 ) ) ;
#106 = AXIS2_PLACEMENT_3D ( 'NONE', #2607, #1425, #1819 ) ;
#107 = VECTOR ( 'NONE', #371, 1000.000000000000000 ) ;
#108 = EDGE_CURVE ( 'NONE', #1098, #17, #2374, .T. ) ;
#109 = CIRCLE ( 'NONE', #1214, 1.600000000000004086 ) ;
#110 = EDGE_CURVE ( 'NONE', #899, #1335, #661, .T. ) ;
#111 = EDGE_CURVE ( 'NONE', #527, #1973, #1308, .T. ) ;
#112 = AXIS2_PLACEMENT_3D ( 'NONE', #1258, #396, #1215 ) ;
#113 = CARTESIAN_POINT ( 'NONE',  ( 94.27499999999999147, 0.000000000000000000, -9.750000000000015987 ) ) ;
#114 = CARTESIAN_POINT ( 'NONE',  ( 68.01250000000001705, 0.3000000000000001554, -22.00000000000000000 ) ) ;
#115 = FACE_BOUND ( 'NONE', #620, .T. ) ;
#116 = VERTEX_POINT ( 'NONE', #1453 ) ;
#117 = VERTEX_POINT ( 'NONE', #1271 ) ;
#118 = CARTESIAN_POINT ( 'NONE',  ( -2.000000000000000000, 0.5000000000000004441, 0.5000000000000177636 ) ) ;
#119 = EDGE_LOOP ( 'NONE', ( #1767, #762, #2377, #1227 ) ) ;
#120 = LINE ( 'NONE', #1527, #394 ) ;
#121 = DIRECTION ( 'NONE',  ( -0.000000000000000000, 1.000000000000000000, -0.000000000000000000 ) ) ;
#122 = EDGE_LOOP ( 'NONE', ( #2468, #1648, #974, #984 ) ) ;
#123 = LINE ( 'NONE', #980, #156 ) ;
#124 = ADVANCED_FACE ( 'NONE', ( #2272 ), #1686, .F. ) ;
#125 = CARTESIAN_POINT ( 'NONE',  ( 91.49999999999998579, 9.624143795447327676, 0.5000000000000056621 ) ) ;
#126 = CARTESIAN_POINT ( 'NONE',  ( 1.000000000000000000, 1.500000000000000000, -5.000000000000000000 ) ) ;
#127 = EDGE_CURVE ( 'NONE', #2370, #1871, #2415, .T. ) ;
#128 = EDGE_LOOP ( 'NONE', ( #191, #230, #680, #76 ) ) ;
#129 = CARTESIAN_POINT ( 'NONE',  ( 94.27499999999999147, -2.500000000000000000, -9.750000000000015987 ) ) ;
#130 = DIRECTION ( 'NONE',  ( -0.000000000000000000, 1.000000000000000000, -0.000000000000000000 ) ) ;
#131 = VERTEX_POINT ( 'NONE', #2501 ) ;
#132 = DIRECTION ( 'NONE',  ( -0.000000000000000000, 1.000000000000000000, -0.000000000000000000 ) ) ;
#133 = CARTESIAN_POINT ( 'NONE',  ( 30.51250000000000995, -2.500000000000000000, -30.67542648054294219 ) ) ;
#134 = ORIENTED_EDGE ( 'NONE', *, *, #2423, .T. ) ;
#135 = DIRECTION ( 'NONE',  ( 0.000000000000000000, -1.000000000000000000, 0.000000000000000000 ) ) ;
#136 = CARTESIAN_POINT ( 'NONE',  ( 89.49999999999998579, 0.5000000000000000000, -5.000000000000010658 ) ) ;
#137 = VERTEX_POINT ( 'NONE', #1485 ) ;
#138 = FACE_OUTER_BOUND ( 'NONE', #2509, .T. ) ;
#139 = ORIENTED_EDGE ( 'NONE', *, *, #1882, .F. ) ;
#140 = FACE_BOUND ( 'NONE', #1963, .T. ) ;
#141 = CARTESIAN_POINT ( 'NONE',  ( 94.27499999999999147, 0.000000000000000000, -47.35000000000001563 ) ) ;
#142 = ORIENTED_EDGE ( 'NONE', *, *, #1329, .F. ) ;
#143 = EDGE_CURVE ( 'NONE', #17, #1958, #2303, .T. ) ;
#144 = ORIENTED_EDGE ( 'NONE', *, *, #746, .T. ) ;
#145 = ORIENTED_EDGE ( 'NONE', *, *, #476, .T. ) ;
#146 = FACE_OUTER_BOUND ( 'NONE', #2339, .T. ) ;
#147 = DIRECTION ( 'NONE',  ( -0.000000000000000000, 1.000000000000000000, -0.000000000000000000 ) ) ;
#148 = UNCERTAINTY_MEASURE_WITH_UNIT (LENGTH_MEASURE( 1.000000000000000082E-05 ), #1597, 'distance_accuracy_value', 'NONE');
#149 = ORIENTED_EDGE ( 'NONE', *, *, #1009, .T. ) ;
#150 = EDGE_CURVE ( 'NONE', #421, #2285, #1268, .T. ) ;
#151 = AXIS2_PLACEMENT_3D ( 'NONE', #1959, #132, #1109 ) ;
#152 = ORIENTED_EDGE ( 'NONE', *, *, #1068, .T. ) ;
#153 = CIRCLE ( 'NONE', #2523, 1.600000000000004086 ) ;
#154 = DIRECTION ( 'NONE',  ( -0.000000000000000000, 1.000000000000000000, -0.000000000000000000 ) ) ;
#155 = FACE_OUTER_BOUND ( 'NONE', #744, .T. ) ;
#156 = VECTOR ( 'NONE', #1136, 1000.000000000000000 ) ;
#157 = VECTOR ( 'NONE', #2575, 1000.000000000000114 ) ;
#158 = AXIS2_PLACEMENT_3D ( 'NONE', #2563, #996, #2385 ) ;
#159 = VECTOR ( 'NONE', #1741, 1000.000000000000000 ) ;
#160 = VECTOR ( 'NONE', #1682, 1000.000000000000000 ) ;
#161 = CARTESIAN_POINT ( 'NONE',  ( 68.01250000000001705, 1.500000000000000000, -22.00000000000000000 ) ) ;
#162 = FACE_OUTER_BOUND ( 'NONE', #905, .T. ) ;
#163 = ORIENTED_EDGE ( 'NONE', *, *, #2077, .T. ) ;
#164 = ORIENTED_EDGE ( 'NONE', *, *, #771, .T. ) ;
#165 = DIRECTION ( 'NONE',  ( 0.000000000000000000, -1.000000000000000000, 0.000000000000000000 ) ) ;
#166 = DIRECTION ( 'NONE',  ( -0.000000000000000000, -1.000000000000000000, -0.000000000000000000 ) ) ;
#167 = LINE ( 'NONE', #1786, #362 ) ;
#168 = ORIENTED_EDGE ( 'NONE', *, *, #1345, .F. ) ;
#169 = ADVANCED_FACE ( 'NONE', ( #810 ), #2222, .F. ) ;
#170 = EDGE_CURVE ( 'NONE', #763, #1676, #1681, .T. ) ;
#171 = DIRECTION ( 'NONE',  ( -4.336808689942017736E-16, 0.000000000000000000, 1.000000000000000000 ) ) ;
#172 = CYLINDRICAL_SURFACE ( 'NONE', #1977, 10.00000000000000178 ) ;
#173 = CARTESIAN_POINT ( 'NONE',  ( -2.000000000000000000, 9.624143795447327676, 0.5000000000000177636 ) ) ;
#174 = CARTESIAN_POINT ( 'NONE',  ( 60.51250000000000284, -2.500000000000000000, -24.32457351945706137 ) ) ;
#175 = CARTESIAN_POINT ( 'NONE',  ( 30.51250000000001705, -2.501000000000000778, -27.49999999999999645 ) ) ;
#176 = ORIENTED_EDGE ( 'NONE', *, *, #143, .F. ) ;
#177 = EDGE_LOOP ( 'NONE', ( #464, #277, #201, #1535 ) ) ;
#178 = CARTESIAN_POINT ( 'NONE',  ( 68.01250000000001705, 1.500000000000000000, -22.00000000000000000 ) ) ;
#179 = DIRECTION ( 'NONE',  ( -1.000000000000000000, 0.000000000000000000, -4.336808689942017736E-16 ) ) ;
#180 = ORIENTED_EDGE ( 'NONE', *, *, #1914, .T. ) ;
#181 = DIRECTION ( 'NONE',  ( -1.000000000000000000, -0.000000000000000000, -0.000000000000000000 ) ) ;
#182 = EDGE_CURVE ( 'NONE', #1046, #474, #1818, .T. ) ;
#183 = CARTESIAN_POINT ( 'NONE',  ( 45.51250000000000995, -2.500000000000000000, -45.00000000000001421 ) ) ;
#184 = EDGE_CURVE ( 'NONE', #2037, #1337, #433, .T. ) ;
#185 = FACE_BOUND ( 'NONE', #881, .T. ) ;
#186 = DIRECTION ( 'NONE',  ( 0.000000000000000000, -1.000000000000000000, 0.000000000000000000 ) ) ;
#187 = VERTEX_POINT ( 'NONE', #847 ) ;
#188 = ORIENTED_EDGE ( 'NONE', *, *, #605, .F. ) ;
#189 = CARTESIAN_POINT ( 'NONE',  ( 20.51250000000000995, -2.500999999999999890, -77.00000000000000000 ) ) ;
#190 = DIRECTION ( 'NONE',  ( -1.000000000000000000, 0.000000000000000000, -1.119176436114069332E-16 ) ) ;
#191 = ORIENTED_EDGE ( 'NONE', *, *, #754, .F. ) ;
#192 = DIRECTION ( 'NONE',  ( 0.000000000000000000, 0.000000000000000000, 1.000000000000000000 ) ) ;
#193 = VECTOR ( 'NONE', #1432, 1000.000000000000000 ) ;
#194 = ADVANCED_FACE ( 'NONE', ( #2084 ), #1025, .F. ) ;
#195 = VECTOR ( 'NONE', #1519, 1000.000000000000000 ) ;
#196 = CARTESIAN_POINT ( 'NONE',  ( -3.250000000000015987, 0.000000000000000000, -52.60000000000000853 ) ) ;
#197 = VECTOR ( 'NONE', #747, 1000.000000000000000 ) ;
#198 = EDGE_LOOP ( 'NONE', ( #1570, #1613, #1017, #1808, #149, #1494, #1639, #1745, #280, #2028, #1007, #1750 ) ) ;
#199 = AXIS2_PLACEMENT_3D ( 'NONE', #1497, #882, #296 ) ;
#200 = ORIENTED_EDGE ( 'NONE', *, *, #473, .F. ) ;
#201 = ORIENTED_EDGE ( 'NONE', *, *, #1137, .T. ) ;
#202 = LINE ( 'NONE', #1401, #1330 ) ;
#203 = CARTESIAN_POINT ( 'NONE',  ( 21.24999999999999289, 0.000000000000000000, -100.4000000000000057 ) ) ;
#204 = EDGE_LOOP ( 'NONE', ( #1608, #496 ) ) ;
#205 = CARTESIAN_POINT ( 'NONE',  ( 75.51250000000001705, -2.500000000000000000, -32.00000000000000711 ) ) ;
#206 = FACE_OUTER_BOUND ( 'NONE', #1028, .T. ) ;
#207 = APPLICATION_PROTOCOL_DEFINITION ( 'draft international standard', 'automotive_design', 1998, #674 ) ;
#208 = ORIENTED_EDGE ( 'NONE', *, *, #753, .F. ) ;
#209 = ORIENTED_EDGE ( 'NONE', *, *, #1083, .F. ) ;
#210 = EDGE_CURVE ( 'NONE', #1149, #355, #266, .T. ) ;
#211 = CARTESIAN_POINT ( 'NONE',  ( 57.76250000000000995, -2.500000000000000000, -29.08771324027145155 ) ) ;
#212 = ORIENTED_EDGE ( 'NONE', *, *, #2014, .T. ) ;
#213 = CARTESIAN_POINT ( 'NONE',  ( -3.250000000000015987, -2.500000000000000000, -51.00000000000000711 ) ) ;
#214 = CARTESIAN_POINT ( 'NONE',  ( -2.000000000000000000, 0.5000000000000004441, 9.500000000000005329 ) ) ;
#215 = VERTEX_POINT ( 'NONE', #1256 ) ;
#216 = EDGE_CURVE ( 'NONE', #878, #1972, #1284, .T. ) ;
#217 = DIRECTION ( 'NONE',  ( 7.709882115452475701E-17, 0.000000000000000000, 1.000000000000000000 ) ) ;
#218 = CYLINDRICAL_SURFACE ( 'NONE', #440, 1.599999999999997202 ) ;
#219 = CARTESIAN_POINT ( 'NONE',  ( 1.000000000000000888, 6.071532165918824830E-15, 11.50000000000000000 ) ) ;
#220 = EDGE_LOOP ( 'NONE', ( #332, #613, #1910, #2179 ) ) ;
#221 = DIRECTION ( 'NONE',  ( -0.000000000000000000, 1.000000000000000000, -0.000000000000000000 ) ) ;
#222 = ORIENTED_EDGE ( 'NONE', *, *, #608, .F. ) ;
#223 = CARTESIAN_POINT ( 'NONE',  ( 1.000000000000000000, 0.000000000000000000, -5.000000000000000000 ) ) ;
#224 = CARTESIAN_POINT ( 'NONE',  ( 30.51250000000001705, -1.700000000000000178, -24.32457351945705426 ) ) ;
#225 = EDGE_CURVE ( 'NONE', #1958, #515, #53, .T. ) ;
#226 = ORIENTED_EDGE ( 'NONE', *, *, #1827, .T. ) ;
#227 = CARTESIAN_POINT ( 'NONE',  ( 15.51250000000001350, -2.500999999999999890, -32.00000000000000000 ) ) ;
#228 = ADVANCED_FACE ( 'NONE', ( #2278, #2486 ), #869, .T. ) ;
#229 = VECTOR ( 'NONE', #2090, 1000.000000000000000 ) ;
#230 = ORIENTED_EDGE ( 'NONE', *, *, #2016, .T. ) ;
#231 = DIRECTION ( 'NONE',  ( 0.000000000000000000, -0.000000000000000000, 1.000000000000000000 ) ) ;
#232 = AXIS2_PLACEMENT_3D ( 'NONE', #1615, #842, #2612 ) ;
#233 = ORIENTED_EDGE ( 'NONE', *, *, #1068, .F. ) ;
#234 = CIRCLE ( 'NONE', #2026, 10.00000000000000178 ) ;
#235 = CARTESIAN_POINT ( 'NONE',  ( 15.51250000000001350, 1.499999999999999556, -29.94999999999999574 ) ) ;
#236 = AXIS2_PLACEMENT_3D ( 'NONE', #312, #1319, #1890 ) ;
#237 = EDGE_LOOP ( 'NONE', ( #1960, #633 ) ) ;
#238 = CARTESIAN_POINT ( 'NONE',  ( 89.49999999999998579, 8.673617379884035472E-16, 11.50000000000000533 ) ) ;
#239 = FACE_OUTER_BOUND ( 'NONE', #1879, .T. ) ;
#240 = DIRECTION ( 'NONE',  ( -0.000000000000000000, 1.000000000000000000, -0.000000000000000000 ) ) ;
#241 = CIRCLE ( 'NONE', #966, 1.600000000000004086 ) ;
#242 = AXIS2_PLACEMENT_3D ( 'NONE', #1324, #468, #508 ) ;
#243 = VECTOR ( 'NONE', #1253, 1000.000000000000000 ) ;
#244 =( GEOMETRIC_REPRESENTATION_CONTEXT ( 3 ) GLOBAL_UNCERTAINTY_ASSIGNED_CONTEXT ( ( #381 ) ) GLOBAL_UNIT_ASSIGNED_CONTEXT ( ( #812, #1622, #2020 ) ) REPRESENTATION_CONTEXT ( 'NONE', 'WORKASPACE' ) );
#245 = CARTESIAN_POINT ( 'NONE',  ( 97.77500000000001990, -2.500000000000000000, -107.0000000000000142 ) ) ;
#246 = CLOSED_SHELL ( 'NONE', ( #862, #1023, #1849, #169, #1057, #463, #981, #124, #383, #2208, #194, #273, #1632, #2513, #1407, #2324, #2171, #1775, #1670, #2112, #677, #941, #2275, #1092, #395, #2015, #2426, #865, #1469, #509, #670, #1851, #513, #1058, #1153, #2583, #1422, #1073, #42, #1238, #31, #1276, #1838, #1174, #1423, #2000, #1522, #12, #94, #2158, #2277, #228, #1359, #2447, #1285, #893, #770, #1518, #1836, #1108, #2549, #1637, #715, #908, #1904, #2262, #248, #1701, #1200, #577, #978, #1473, #2205, #2593, #2448, #2594, #635, #1347 ) ) ;
#247 = EDGE_CURVE ( 'NONE', #2518, #1958, #499, .T. ) ;
#248 = ADVANCED_FACE ( 'NONE', ( #257 ), #1689, .F. ) ;
#249 = CARTESIAN_POINT ( 'NONE',  ( 15.51250000000001350, 1.499999999999999556, -32.00000000000000000 ) ) ;
#250 = ORIENTED_EDGE ( 'NONE', *, *, #1103, .T. ) ;
#251 = FACE_OUTER_BOUND ( 'NONE', #998, .T. ) ;
#252 = CARTESIAN_POINT ( 'NONE',  ( 89.49999999999998579, 0.5000000000000004441, -5.000000000000010658 ) ) ;
#253 = ORIENTED_EDGE ( 'NONE', *, *, #730, .T. ) ;
#254 = DIRECTION ( 'NONE',  ( 0.000000000000000000, -1.000000000000000000, 0.000000000000000000 ) ) ;
#255 = ORIENTED_EDGE ( 'NONE', *, *, #1901, .T. ) ;
#256 = CARTESIAN_POINT ( 'NONE',  ( 68.01250000000001705, 0.3000000000000001554, -22.00000000000000000 ) ) ;
#257 = FACE_OUTER_BOUND ( 'NONE', #2116, .T. ) ;
#258 = CARTESIAN_POINT ( 'NONE',  ( 1.000000000000000000, 0.5000000000000000000, -5.000000000000000000 ) ) ;
#259 = EDGE_CURVE ( 'NONE', #1335, #1973, #2343, .T. ) ;
#260 = ORIENTED_EDGE ( 'NONE', *, *, #653, .T. ) ;
#261 = CARTESIAN_POINT ( 'NONE',  ( 20.51250000000000995, 1.499999999999999556, -79.04999999999999716 ) ) ;
#262 = EDGE_CURVE ( 'NONE', #2398, #1624, #528, .T. ) ;
#263 = DIRECTION ( 'NONE',  ( 0.000000000000000000, -1.000000000000000000, 0.000000000000000000 ) ) ;
#264 = LINE ( 'NONE', #1114, #924 ) ;
#265 = CARTESIAN_POINT ( 'NONE',  ( 57.76250000000000995, -1.700000000000000178, -25.91228675972853068 ) ) ;
#266 = LINE ( 'NONE', #2460, #193 ) ;
#267 = CYLINDRICAL_SURFACE ( 'NONE', #1344, 1.600000000000004086 ) ;
#268 = ORIENTED_EDGE ( 'NONE', *, *, #293, .F. ) ;
#269 = DIRECTION ( 'NONE',  ( -0.000000000000000000, 1.000000000000000000, -0.000000000000000000 ) ) ;
#270 = VECTOR ( 'NONE', #93, 1000.000000000000000 ) ;
#271 = EDGE_CURVE ( 'NONE', #1054, #1436, #687, .T. ) ;
#272 = ORIENTED_EDGE ( 'NONE', *, *, #594, .T. ) ;
#273 = ADVANCED_FACE ( 'NONE', ( #1148 ), #723, .F. ) ;
#274 = CIRCLE ( 'NONE', #1208, 1.600000000000000755 ) ;
#275 = DIRECTION ( 'NONE',  ( 0.000000000000000000, -0.000000000000000000, -1.000000000000000000 ) ) ;
#276 = FACE_BOUND ( 'NONE', #667, .T. ) ;
#277 = ORIENTED_EDGE ( 'NONE', *, *, #1606, .F. ) ;
#278 = ORIENTED_EDGE ( 'NONE', *, *, #1827, .F. ) ;
#279 = AXIS2_PLACEMENT_3D ( 'NONE', #2059, #2268, #37 ) ;
#280 = ORIENTED_EDGE ( 'NONE', *, *, #1488, .T. ) ;
#281 = CIRCLE ( 'NONE', #1041, 1.599999999999997202 ) ;
#282 = CARTESIAN_POINT ( 'NONE',  ( 70.51250000000000284, 1.499999999999999556, -77.00000000000000000 ) ) ;
#283 = VECTOR ( 'NONE', #1379, 1000.000000000000000 ) ;
#284 = DIRECTION ( 'NONE',  ( 0.000000000000000000, -1.000000000000000000, 0.000000000000000000 ) ) ;
#285 = DIRECTION ( 'NONE',  ( -0.000000000000000000, 1.000000000000000000, -0.000000000000000000 ) ) ;
#286 = AXIS2_PLACEMENT_3D ( 'NONE', #809, #171, #558 ) ;
#287 = VECTOR ( 'NONE', #876, 1000.000000000000000 ) ;
#288 = ORIENTED_EDGE ( 'NONE', *, *, #1362, .T. ) ;
#289 = ORIENTED_EDGE ( 'NONE', *, *, #2088, .T. ) ;
#290 = CARTESIAN_POINT ( 'NONE',  ( 92.99999999999998579, 9.624143795447327676, 9.500000000000005329 ) ) ;
#291 = DIRECTION ( 'NONE',  ( -0.000000000000000000, 1.000000000000000000, -0.000000000000000000 ) ) ;
#292 = CARTESIAN_POINT ( 'NONE',  ( 0.000000000000000000, 0.000000000000000000, 0.000000000000000000 ) ) ;
#293 = EDGE_CURVE ( 'NONE', #793, #1389, #604, .T. ) ;
#294 = EDGE_CURVE ( 'NONE', #1054, #1541, #1975, .T. ) ;
#295 = ORIENTED_EDGE ( 'NONE', *, *, #80, .F. ) ;
#296 = DIRECTION ( 'NONE',  ( 0.000000000000000000, 0.000000000000000000, 1.000000000000000000 ) ) ;
#297 = EDGE_CURVE ( 'NONE', #453, #1972, #2181, .T. ) ;
#298 = CARTESIAN_POINT ( 'NONE',  ( 27.76250000000001350, -1.700000000000000178, -25.91228675972853068 ) ) ;
#299 = CARTESIAN_POINT ( 'NONE',  ( 70.51250000000000284, 1.499999999999999556, -79.04999999999999716 ) ) ;
#300 = DIRECTION ( 'NONE',  ( 0.000000000000000000, -1.000000000000000000, 0.000000000000000000 ) ) ;
#301 = CARTESIAN_POINT ( 'NONE',  ( 20.51250000000000995, -2.500000000000000000, -79.04999999999999716 ) ) ;
#302 = ORIENTED_EDGE ( 'NONE', *, *, #2076, .F. ) ;
#303 = FACE_OUTER_BOUND ( 'NONE', #2565, .T. ) ;
#304 = PRODUCT_DEFINITION_CONTEXT ( 'detailed design', #674, 'design' ) ;
#305 = ORIENTED_EDGE ( 'NONE', *, *, #1557, .T. ) ;
#306 = EDGE_CURVE ( 'NONE', #871, #1871, #13, .T. ) ;
#307 = ORIENTED_EDGE ( 'NONE', *, *, #2482, .T. ) ;
#308 = CARTESIAN_POINT ( 'NONE',  ( 94.27499999999999147, -2.500000000000000000, -8.150000000000011013 ) ) ;
#309 = DIRECTION ( 'NONE',  ( -0.000000000000000000, -1.000000000000000000, -0.000000000000000000 ) ) ;
#310 = ORIENTED_EDGE ( 'NONE', *, *, #1434, .T. ) ;
#311 = VECTOR ( 'NONE', #2310, 1000.000000000000000 ) ;
#312 = CARTESIAN_POINT ( 'NONE',  ( 0.000000000000000000, 2.000000000000000000, 0.000000000000000000 ) ) ;
#313 = CIRCLE ( 'NONE', #873, 1.600000000000004086 ) ;
#314 = ORIENTED_EDGE ( 'NONE', *, *, #2308, .F. ) ;
#315 = VECTOR ( 'NONE', #2200, 1000.000000000000000 ) ;
#316 = CIRCLE ( 'NONE', #2608, 1.599999999999997202 ) ;
#317 = PRESENTATION_LAYER_ASSIGNMENT (  '', '', ( #654 ) ) ;
#318 = AXIS2_PLACEMENT_3D ( 'NONE', #219, #1445, #2464 ) ;
#319 = EDGE_CURVE ( 'NONE', #2370, #637, #1500, .T. ) ;
#320 = ORIENTED_EDGE ( 'NONE', *, *, #1652, .F. ) ;
#321 = AXIS2_PLACEMENT_3D ( 'NONE', #1241, #848, #632 ) ;
#322 = CARTESIAN_POINT ( 'NONE',  ( 33.26250000000001705, -1.700000000000000178, -29.08771324027146576 ) ) ;
#323 = DIRECTION ( 'NONE',  ( 0.000000000000000000, 0.000000000000000000, 1.000000000000000000 ) ) ;
#324 = ORIENTED_EDGE ( 'NONE', *, *, #462, .T. ) ;
#325 = ORIENTED_EDGE ( 'NONE', *, *, #500, .F. ) ;
#326 = ORIENTED_EDGE ( 'NONE', *, *, #1665, .F. ) ;
#327 = LINE ( 'NONE', #1160, #526 ) ;
#328 = CARTESIAN_POINT ( 'NONE',  ( 45.51250000000000995, 1.499999999999999556, -55.00000000000001421 ) ) ;
#329 = VERTEX_POINT ( 'NONE', #1321 ) ;
#330 = CARTESIAN_POINT ( 'NONE',  ( -3.250000000000015987, -2.500000000000000000, -52.60000000000000853 ) ) ;
#331 = ORIENTED_EDGE ( 'NONE', *, *, #675, .T. ) ;
#332 = ORIENTED_EDGE ( 'NONE', *, *, #1735, .T. ) ;
#333 = EDGE_CURVE ( 'NONE', #1999, #2037, #696, .T. ) ;
#334 = LINE ( 'NONE', #2401, #356 ) ;
#335 = DIRECTION ( 'NONE',  ( 0.8660254037844387076, 0.000000000000000000, 0.4999999999999998890 ) ) ;
#336 = EDGE_CURVE ( 'NONE', #1337, #137, #1713, .T. ) ;
#337 = DIRECTION ( 'NONE',  ( -0.000000000000000000, 1.000000000000000000, -0.000000000000000000 ) ) ;
#338 = EDGE_LOOP ( 'NONE', ( #1184, #2235, #176, #1156 ) ) ;
#339 = DIRECTION ( 'NONE',  ( -0.000000000000000000, 1.000000000000000000, -0.000000000000000000 ) ) ;
#340 = DIRECTION ( 'NONE',  ( 0.000000000000000000, -1.000000000000000000, 0.000000000000000000 ) ) ;
#341 = CARTESIAN_POINT ( 'NONE',  ( 89.49999999999998579, 8.673617379884035472E-16, 11.50000000000000533 ) ) ;
#342 = ORIENTED_EDGE ( 'NONE', *, *, #2548, .T. ) ;
#343 = CARTESIAN_POINT ( 'NONE',  ( -3.250000000000015987, 0.000000000000000000, -51.00000000000000711 ) ) ;
#344 = VERTEX_POINT ( 'NONE', #906 ) ;
#345 = DIRECTION ( 'NONE',  ( 0.8660254037844382635, 0.000000000000000000, -0.5000000000000005551 ) ) ;
#346 = DIRECTION ( 'NONE',  ( 1.000000000000000000, 0.000000000000000000, 0.000000000000000000 ) ) ;
#347 = DIRECTION ( 'NONE',  ( -0.000000000000000000, -1.000000000000000000, -0.000000000000000000 ) ) ;
#348 = VERTEX_POINT ( 'NONE', #1310 ) ;
#349 = EDGE_CURVE ( 'NONE', #537, #101, #2114, .T. ) ;
#350 = VERTEX_POINT ( 'NONE', #2526 ) ;
#351 = LINE ( 'NONE', #1170, #2227 ) ;
#352 = LINE ( 'NONE', #1171, #837 ) ;
#353 = ORIENTED_EDGE ( 'NONE', *, *, #184, .T. ) ;
#354 = AXIS2_PLACEMENT_3D ( 'NONE', #81, #895, #1118 ) ;
#355 = VERTEX_POINT ( 'NONE', #2332 ) ;
#356 = VECTOR ( 'NONE', #1964, 1000.000000000000000 ) ;
#357 = LINE ( 'NONE', #2582, #1261 ) ;
#358 = VECTOR ( 'NONE', #783, 1000.000000000000000 ) ;
#359 = AXIS2_PLACEMENT_3D ( 'NONE', #2135, #1925, #1309 ) ;
#360 = AXIS2_PLACEMENT_3D ( 'NONE', #114, #365, #1573 ) ;
#361 = CARTESIAN_POINT ( 'NONE',  ( 89.49999999999998579, 8.673617379884035472E-16, 11.50000000000000533 ) ) ;
#362 = VECTOR ( 'NONE', #2589, 1000.000000000000000 ) ;
#363 = AXIS2_PLACEMENT_3D ( 'NONE', #755, #1405, #192 ) ;
#364 = AXIS2_PLACEMENT_3D ( 'NONE', #1939, #915, #929 ) ;
#365 = DIRECTION ( 'NONE',  ( 1.000000000000000000, 0.000000000000000000, 0.000000000000000000 ) ) ;
#366 = CARTESIAN_POINT ( 'NONE',  ( 94.27499999999999147, -2.500000000000000000, -9.750000000000015987 ) ) ;
#367 = EDGE_LOOP ( 'NONE', ( #22, #1795, #1097, #1704 ) ) ;
#368 = ORIENTED_EDGE ( 'NONE', *, *, #2469, .F. ) ;
#369 = DIRECTION ( 'NONE',  ( 1.000000000000000000, 0.000000000000000000, 1.259073490628327690E-16 ) ) ;
#370 = DIRECTION ( 'NONE',  ( -0.5000000000000012212, 0.000000000000000000, -0.8660254037844380415 ) ) ;
#371 = DIRECTION ( 'NONE',  ( 1.000000000000000000, -0.000000000000000000, -7.709882115452475701E-17 ) ) ;
#372 = ORIENTED_EDGE ( 'NONE', *, *, #582, .T. ) ;
#373 = CARTESIAN_POINT ( 'NONE',  ( 94.27499999999999147, -2.500000000000000000, -90.75000000000001421 ) ) ;
#374 = DIRECTION ( 'NONE',  ( 0.000000000000000000, 1.000000000000000000, 0.000000000000000000 ) ) ;
#375 = FACE_OUTER_BOUND ( 'NONE', #1221, .T. ) ;
#376 = ORIENTED_EDGE ( 'NONE', *, *, #1867, .T. ) ;
#377 = ORIENTED_EDGE ( 'NONE', *, *, #1822, .F. ) ;
#378 = VERTEX_POINT ( 'NONE', #709 ) ;
#379 = DIRECTION ( 'NONE',  ( 0.000000000000000000, 1.000000000000000000, 0.000000000000000000 ) ) ;
#380 = LINE ( 'NONE', #2599, #197 ) ;
#381 = UNCERTAINTY_MEASURE_WITH_UNIT (LENGTH_MEASURE( 1.000000000000000082E-05 ), #812, 'distance_accuracy_value', 'NONE');
#382 = ORIENTED_EDGE ( 'NONE', *, *, #1716, .T. ) ;
#383 = ADVANCED_FACE ( 'NONE', ( #1927 ), #1515, .F. ) ;
#384 = CARTESIAN_POINT ( 'NONE',  ( 0.000000000000000000, 7.099019513592796926, -5.000000000000004441 ) ) ;
#385 = EDGE_CURVE ( 'NONE', #469, #2230, #1889, .T. ) ;
#386 = CARTESIAN_POINT ( 'NONE',  ( -3.250000000000034639, -2.500000000000000000, -13.00000000000001066 ) ) ;
#387 = LINE ( 'NONE', #2213, #28 ) ;
#388 = ORIENTED_EDGE ( 'NONE', *, *, #2467, .F. ) ;
#389 = ORIENTED_EDGE ( 'NONE', *, *, #294, .T. ) ;
#390 = DIRECTION ( 'NONE',  ( -0.000000000000000000, 1.000000000000000000, -0.000000000000000000 ) ) ;
#391 = DIRECTION ( 'NONE',  ( 0.000000000000000000, 0.000000000000000000, -1.000000000000000000 ) ) ;
#392 = EDGE_LOOP ( 'NONE', ( #1749, #208, #1222, #1820 ) ) ;
#393 = CARTESIAN_POINT ( 'NONE',  ( 91.49999999999998579, 0.5000000000000000000, -5.000000000000010658 ) ) ;
#394 = VECTOR ( 'NONE', #936, 1000.000000000000000 ) ;
#395 = ADVANCED_FACE ( 'NONE', ( #1900 ), #703, .F. ) ;
#396 = DIRECTION ( 'NONE',  ( 0.000000000000000000, -1.000000000000000000, 0.000000000000000000 ) ) ;
#397 = ORIENTED_EDGE ( 'NONE', *, *, #216, .T. ) ;
#398 = VECTOR ( 'NONE', #1111, 1000.000000000000000 ) ;
#399 = DIRECTION ( 'NONE',  ( 0.000000000000000000, -1.000000000000000000, 0.000000000000000000 ) ) ;
#400 = AXIS2_PLACEMENT_3D ( 'NONE', #765, #130, #541 ) ;
#401 = CARTESIAN_POINT ( 'NONE',  ( 94.27499999999999147, 0.000000000000000000, -45.75000000000001421 ) ) ;
#402 = EDGE_CURVE ( 'NONE', #1410, #1350, #1513, .T. ) ;
#403 = ORIENTED_EDGE ( 'NONE', *, *, #2044, .F. ) ;
#404 = COLOUR_RGB ( '',0.7921568627450980005, 0.8196078431372548767, 0.9333333333333333481 ) ;
#405 = ORIENTED_EDGE ( 'NONE', *, *, #2220, .F. ) ;
#406 = LINE ( 'NONE', #1223, #2358 ) ;
#407 = CYLINDRICAL_SURFACE ( 'NONE', #232, 2.049999999999992717 ) ;
#408 = CARTESIAN_POINT ( 'NONE',  ( -3.250000000000034639, -2.500000000000000000, -13.00000000000001066 ) ) ;
#409 = ORIENTED_EDGE ( 'NONE', *, *, #2354, .T. ) ;
#410 = CARTESIAN_POINT ( 'NONE',  ( 70.51250000000000284, 1.499999999999999556, -74.95000000000000284 ) ) ;
#411 = EDGE_CURVE ( 'NONE', #957, #355, #2436, .T. ) ;
#412 = FACE_BOUND ( 'NONE', #1862, .T. ) ;
#413 = VERTEX_POINT ( 'NONE', #1533 ) ;
#414 = DIRECTION ( 'NONE',  ( -0.000000000000000000, 1.000000000000000000, -0.000000000000000000 ) ) ;
#415 = EDGE_CURVE ( 'NONE', #1286, #2504, #2121, .T. ) ;
#416 = EDGE_LOOP ( 'NONE', ( #2056, #845 ) ) ;
#417 = LINE ( 'NONE', #1051, #2316 ) ;
#418 = CARTESIAN_POINT ( 'NONE',  ( -3.250000000000015987, -2.500000000000000000, -52.60000000000000853 ) ) ;
#419 = CARTESIAN_POINT ( 'NONE',  ( 60.51250000000000995, -2.501000000000000778, -27.50000000000000000 ) ) ;
#420 = DIRECTION ( 'NONE',  ( -0.000000000000000000, 1.000000000000000000, -0.000000000000000000 ) ) ;
#421 = VERTEX_POINT ( 'NONE', #1725 ) ;
#422 = CARTESIAN_POINT ( 'NONE',  ( 94.27499999999999147, -2.500000000000000000, -90.75000000000001421 ) ) ;
#423 = DIRECTION ( 'NONE',  ( 0.000000000000000000, -1.000000000000000000, 0.000000000000000000 ) ) ;
#424 = DIRECTION ( 'NONE',  ( 0.000000000000000000, 0.000000000000000000, -1.000000000000000000 ) ) ;
#425 = EDGE_LOOP ( 'NONE', ( #2095, #666, #2498, #2157 ) ) ;
#426 = CARTESIAN_POINT ( 'NONE',  ( 63.26250000000000284, -2.500000000000000000, -25.91228675972853424 ) ) ;
#427 = DIRECTION ( 'NONE',  ( 0.000000000000000000, 0.000000000000000000, 1.000000000000000000 ) ) ;
#428 = CARTESIAN_POINT ( 'NONE',  ( 94.27499999999999147, 0.000000000000000000, -45.75000000000001421 ) ) ;
#429 = ORIENTED_EDGE ( 'NONE', *, *, #411, .T. ) ;
#430 = ORIENTED_EDGE ( 'NONE', *, *, #1652, .T. ) ;
#431 = EDGE_CURVE ( 'NONE', #2103, #116, #1019, .T. ) ;
#432 = FACE_BOUND ( 'NONE', #1666, .T. ) ;
#433 = LINE ( 'NONE', #2263, #2490 ) ;
#434 = AXIS2_PLACEMENT_3D ( 'NONE', #472, #284, #2137 ) ;
#435 = ORIENTED_EDGE ( 'NONE', *, *, #1201, .F. ) ;
#436 = CARTESIAN_POINT ( 'NONE',  ( 33.26250000000001705, -1.700000000000000178, -25.91228675972852358 ) ) ;
#437 = AXIS2_PLACEMENT_3D ( 'NONE', #189, #1604, #1439 ) ;
#438 = VECTOR ( 'NONE', #1340, 1000.000000000000000 ) ;
#439 = ORIENTED_EDGE ( 'NONE', *, *, #925, .F. ) ;
#440 = AXIS2_PLACEMENT_3D ( 'NONE', #2617, #1203, #586 ) ;
#441 = CIRCLE ( 'NONE', #242, 2.050000000000003375 ) ;
#442 = ORIENTED_EDGE ( 'NONE', *, *, #608, .T. ) ;
#443 = CARTESIAN_POINT ( 'NONE',  ( 60.51250000000000995, -2.501000000000000778, -25.90000000000000213 ) ) ;
#444 = CARTESIAN_POINT ( 'NONE',  ( 30.51250000000000995, -2.500000000000000000, -30.67542648054294219 ) ) ;
#445 = VERTEX_POINT ( 'NONE', #211 ) ;
#446 = CIRCLE ( 'NONE', #1816, 2.049999999999996270 ) ;
#447 = AXIS2_PLACEMENT_3D ( 'NONE', #2173, #2560, #520 ) ;
#448 = EDGE_CURVE ( 'NONE', #954, #2541, #649, .T. ) ;
#449 = CARTESIAN_POINT ( 'NONE',  ( 30.51250000000000995, -1.700000000000000178, -30.67542648054294219 ) ) ;
#450 = DIRECTION ( 'NONE',  ( 0.000000000000000000, 0.000000000000000000, -1.000000000000000000 ) ) ;
#451 = AXIS2_PLACEMENT_3D ( 'NONE', #821, #1424, #1638 ) ;
#452 = EDGE_CURVE ( 'NONE', #2475, #1826, #1585, .T. ) ;
#453 = VERTEX_POINT ( 'NONE', #615 ) ;
#454 = CARTESIAN_POINT ( 'NONE',  ( 97.77500000000000568, -2.500000000000000000, 17.00000000000000355 ) ) ;
#455 = VERTEX_POINT ( 'NONE', #1029 ) ;
#456 = LINE ( 'NONE', #467, #1814 ) ;
#457 = DIRECTION ( 'NONE',  ( -1.000000000000000000, -0.000000000000000000, 8.673617379884035472E-16 ) ) ;
#458 = LINE ( 'NONE', #1226, #1168 ) ;
#459 = ORIENTED_EDGE ( 'NONE', *, *, #909, .T. ) ;
#460 = DIRECTION ( 'NONE',  ( -0.000000000000000000, 1.000000000000000000, -0.000000000000000000 ) ) ;
#461 = PLANE ( 'NONE',  #69 ) ;
#462 = EDGE_CURVE ( 'NONE', #344, #668, #1427, .T. ) ;
#463 = ADVANCED_FACE ( 'NONE', ( #2466 ), #1245, .F. ) ;
#464 = ORIENTED_EDGE ( 'NONE', *, *, #127, .F. ) ;
#465 = LINE ( 'NONE', #436, #1334 ) ;
#466 = LINE ( 'NONE', #698, #229 ) ;
#467 = CARTESIAN_POINT ( 'NONE',  ( 69.24999999999998579, -2.500000000000000000, -103.6000000000000085 ) ) ;
#468 = DIRECTION ( 'NONE',  ( -0.000000000000000000, 1.000000000000000000, -0.000000000000000000 ) ) ;
#469 = VERTEX_POINT ( 'NONE', #2454 ) ;
#470 = ORIENTED_EDGE ( 'NONE', *, *, #1488, .F. ) ;
#471 = CARTESIAN_POINT ( 'NONE',  ( 60.51250000000000995, -1.700000000000000178, -30.67542648054293153 ) ) ;
#472 = CARTESIAN_POINT ( 'NONE',  ( 94.27499999999999147, 0.000000000000000000, -90.75000000000001421 ) ) ;
#473 = EDGE_CURVE ( 'NONE', #2202, #538, #911, .T. ) ;
#474 = VERTEX_POINT ( 'NONE', #235 ) ;
#475 = LINE ( 'NONE', #84, #1461 ) ;
#476 = EDGE_CURVE ( 'NONE', #749, #378, #1049, .T. ) ;
#477 = AXIS2_PLACEMENT_3D ( 'NONE', #946, #2538, #2099 ) ;
#478 = AXIS2_PLACEMENT_3D ( 'NONE', #1743, #2344, #1778 ) ;
#479 = LINE ( 'NONE', #1301, #956 ) ;
#480 = CARTESIAN_POINT ( 'NONE',  ( 70.51250000000000284, -2.500999999999999890, -74.95000000000000284 ) ) ;
#481 = EDGE_CURVE ( 'NONE', #551, #2243, #153, .T. ) ;
#482 = PLANE ( 'NONE',  #655 ) ;
#483 = VECTOR ( 'NONE', #1578, 1000.000000000000000 ) ;
#484 = ORIENTED_EDGE ( 'NONE', *, *, #170, .T. ) ;
#485 = CARTESIAN_POINT ( 'NONE',  ( 30.51250000000001705, -1.700000000000000178, -29.09999999999999787 ) ) ;
#486 = AXIS2_PLACEMENT_3D ( 'NONE', #1451, #857, #1236 ) ;
#487 = DIRECTION ( 'NONE',  ( 0.000000000000000000, 0.000000000000000000, 1.000000000000000000 ) ) ;
#488 = LINE ( 'NONE', #896, #1556 ) ;
#489 = VECTOR ( 'NONE', #2376, 1000.000000000000000 ) ;
#490 = VECTOR ( 'NONE', #347, 1000.000000000000000 ) ;
#491 = PLANE ( 'NONE',  #606 ) ;
#492 = ORIENTED_EDGE ( 'NONE', *, *, #1103, .F. ) ;
#493 = EDGE_LOOP ( 'NONE', ( #1941, #89, #1663, #1702, #918, #320 ) ) ;
#494 = DIRECTION ( 'NONE',  ( -0.000000000000000000, -1.000000000000000000, -0.000000000000000000 ) ) ;
#495 = EDGE_CURVE ( 'NONE', #1495, #1580, #466, .T. ) ;
#496 = ORIENTED_EDGE ( 'NONE', *, *, #1734, .F. ) ;
#497 = CARTESIAN_POINT ( 'NONE',  ( 69.24999999999998579, -2.500000000000000000, -102.0000000000000142 ) ) ;
#498 = LINE ( 'NONE', #2337, #160 ) ;
#499 =( BOUNDED_CURVE ( )  B_SPLINE_CURVE ( 3, ( #1471, #1077, #67, #884 ),
 .UNSPECIFIED., .F., .T. ) 
 B_SPLINE_CURVE_WITH_KNOTS ( ( 4, 4 ),
 ( 2.278380763520251762, 2.449637478463474238 ),
 .UNSPECIFIED. ) 
 CURVE ( )  GEOMETRIC_REPRESENTATION_ITEM ( )  RATIONAL_B_SPLINE_CURVE ( ( 1.000000000000000000, 0.9975574211391187163, 0.9975574211391187163, 1.000000000000000000 ) ) 
 REPRESENTATION_ITEM ( '' )  );
#500 = EDGE_CURVE ( 'NONE', #1100, #2264, #2533, .T. ) ;
#501 = CARTESIAN_POINT ( 'NONE',  ( 97.77500000000000568, 0.000000000000000000, 17.00000000000000355 ) ) ;
#502 = ORIENTED_EDGE ( 'NONE', *, *, #431, .F. ) ;
#503 = CARTESIAN_POINT ( 'NONE',  ( 21.24999999999999289, -2.500000000000000000, -100.4000000000000057 ) ) ;
#504 = VERTEX_POINT ( 'NONE', #506 ) ;
#505 = VERTEX_POINT ( 'NONE', #2543 ) ;
#506 = CARTESIAN_POINT ( 'NONE',  ( 57.76250000000000995, -1.700000000000000178, -25.91228675972853068 ) ) ;
#507 = CARTESIAN_POINT ( 'NONE',  ( 75.51250000000001705, -2.500000000000000000, -34.04999999999999716 ) ) ;
#508 = DIRECTION ( 'NONE',  ( 0.000000000000000000, 0.000000000000000000, -1.000000000000000000 ) ) ;
#509 = ADVANCED_FACE ( 'NONE', ( #517 ), #727, .F. ) ;
#510 = ORIENTED_EDGE ( 'NONE', *, *, #771, .F. ) ;
#511 = ORIENTED_EDGE ( 'NONE', *, *, #293, .T. ) ;
#512 = CARTESIAN_POINT ( 'NONE',  ( 51.89293885637973602, 0.3000000000000001554, -47.30000000000003268 ) ) ;
#513 = ADVANCED_FACE ( 'NONE', ( #1811 ), #958, .F. ) ;
#514 = EDGE_CURVE ( 'NONE', #117, #455, #2164, .T. ) ;
#515 = VERTEX_POINT ( 'NONE', #790 ) ;
#516 = EDGE_LOOP ( 'NONE', ( #430, #1888, #1942, #751 ) ) ;
#517 = FACE_OUTER_BOUND ( 'NONE', #1209, .T. ) ;
#518 = FACE_BOUND ( 'NONE', #1756, .T. ) ;
#519 = VECTOR ( 'NONE', #2053, 1000.000000000000000 ) ;
#520 = DIRECTION ( 'NONE',  ( 0.000000000000000000, 0.000000000000000000, -1.000000000000000000 ) ) ;
#521 = ORIENTED_EDGE ( 'NONE', *, *, #2209, .F. ) ;
#522 = AXIS2_PLACEMENT_3D ( 'NONE', #1897, #369, #2215 ) ;
#523 = EDGE_LOOP ( 'NONE', ( #788, #644, #887, #1923 ) ) ;
#524 = LINE ( 'NONE', #1997, #2271 ) ;
#525 = DIRECTION ( 'NONE',  ( -0.000000000000000000, 1.000000000000000000, -0.000000000000000000 ) ) ;
#526 = VECTOR ( 'NONE', #2165, 1000.000000000000000 ) ;
#527 = VERTEX_POINT ( 'NONE', #1365 ) ;
#528 = LINE ( 'NONE', #2127, #1035 ) ;
#529 = EDGE_CURVE ( 'NONE', #413, #1169, #1195, .T. ) ;
#530 = AXIS2_PLACEMENT_3D ( 'NONE', #875, #263, #275 ) ;
#531 = VECTOR ( 'NONE', #2457, 1000.000000000000000 ) ;
#532 = VECTOR ( 'NONE', #2162, 1000.000000000000000 ) ;
#533 = EDGE_CURVE ( 'NONE', #1409, #1711, #274, .T. ) ;
#534 = ORIENTED_EDGE ( 'NONE', *, *, #2160, .F. ) ;
#535 = DIRECTION ( 'NONE',  ( 0.000000000000000000, 0.000000000000000000, -1.000000000000000000 ) ) ;
#536 = CARTESIAN_POINT ( 'NONE',  ( -3.250000000000034639, 0.000000000000000000, -11.40000000000001101 ) ) ;
#537 = VERTEX_POINT ( 'NONE', #1279 ) ;
#538 = VERTEX_POINT ( 'NONE', #1644 ) ;
#539 = VERTEX_POINT ( 'NONE', #1438 ) ;
#540 = CARTESIAN_POINT ( 'NONE',  ( 75.51250000000001705, 1.499999999999999556, -32.00000000000000711 ) ) ;
#541 = DIRECTION ( 'NONE',  ( 0.000000000000000000, 0.000000000000000000, -1.000000000000000000 ) ) ;
#542 = ORIENTED_EDGE ( 'NONE', *, *, #54, .T. ) ;
#543 = PRESENTATION_STYLE_ASSIGNMENT (( #1356 ) ) ;
#544 = CARTESIAN_POINT ( 'NONE',  ( 89.49999999999998579, 1.500000000000000000, 13.00000000000001066 ) ) ;
#545 = EDGE_CURVE ( 'NONE', #2621, #55, #417, .T. ) ;
#546 = EDGE_LOOP ( 'NONE', ( #1926, #1726, #2297, #2547 ) ) ;
#547 = LINE ( 'NONE', #173, #1588 ) ;
#548 = EDGE_CURVE ( 'NONE', #116, #892, #1885, .T. ) ;
#549 = FACE_OUTER_BOUND ( 'NONE', #2362, .T. ) ;
#550 = DIRECTION ( 'NONE',  ( 2.775557561562891351E-16, 0.000000000000000000, 1.000000000000000000 ) ) ;
#551 = VERTEX_POINT ( 'NONE', #2058 ) ;
#552 = ORIENTED_EDGE ( 'NONE', *, *, #1362, .F. ) ;
#553 = DIRECTION ( 'NONE',  ( 0.000000000000000000, 0.000000000000000000, -1.000000000000000000 ) ) ;
#554 = DIRECTION ( 'NONE',  ( 2.775557561562891844E-16, -0.000000000000000000, 1.000000000000000000 ) ) ;
#555 = CARTESIAN_POINT ( 'NONE',  ( 57.76250000000000995, -2.500000000000000000, -25.91228675972853068 ) ) ;
#556 = ORIENTED_EDGE ( 'NONE', *, *, #1732, .T. ) ;
#557 = ORIENTED_EDGE ( 'NONE', *, *, #1426, .F. ) ;
#558 = DIRECTION ( 'NONE',  ( 1.000000000000000000, 0.000000000000000000, 4.336808689942017736E-16 ) ) ;
#559 = LINE ( 'NONE', #990, #1297 ) ;
#560 = CARTESIAN_POINT ( 'NONE',  ( 89.49999999999998579, 0.5000000000000000000, 9.499999999999994671 ) ) ;
#561 = CARTESIAN_POINT ( 'NONE',  ( 68.01250000000001705, 1.500000000000000000, -22.00000000000000000 ) ) ;
#562 = ORIENTED_EDGE ( 'NONE', *, *, #262, .F. ) ;
#563 = CARTESIAN_POINT ( 'NONE',  ( 57.76250000000000995, -1.700000000000000178, -29.08771324027145155 ) ) ;
#564 = DIRECTION ( 'NONE',  ( -1.495451272393798803E-16, 0.000000000000000000, -1.000000000000000000 ) ) ;
#565 = AXIS2_PLACEMENT_3D ( 'NONE', #113, #2506, #681 ) ;
#566 = ORIENTED_EDGE ( 'NONE', *, *, #10, .T. ) ;
#567 = VECTOR ( 'NONE', #1769, 1000.000000000000000 ) ;
#568 = DIRECTION ( 'NONE',  ( 0.000000000000000000, 0.000000000000000000, -1.000000000000000000 ) ) ;
#569 = VECTOR ( 'NONE', #1072, 1000.000000000000000 ) ;
#570 = AXIS2_PLACEMENT_3D ( 'NONE', #282, #2302, #2510 ) ;
#571 = DIRECTION ( 'NONE',  ( 0.000000000000000000, -1.000000000000000000, 0.000000000000000000 ) ) ;
#572 = VECTOR ( 'NONE', #2500, 1000.000000000000000 ) ;
#573 = VECTOR ( 'NONE', #1273, 1000.000000000000000 ) ;
#574 = PRODUCT_DEFINITION_FORMATION_WITH_SPECIFIED_SOURCE ( 'ä»', '', #1744, .NOT_KNOWN. ) ;
#575 = LINE ( 'NONE', #1387, #315 ) ;
#576 = DIRECTION ( 'NONE',  ( -0.000000000000000000, 1.000000000000000000, -0.000000000000000000 ) ) ;
#577 = ADVANCED_FACE ( 'NONE', ( #2455 ), #1626, .F. ) ;
#578 = VERTEX_POINT ( 'NONE', #238 ) ;
#579 = ORIENTED_EDGE ( 'NONE', *, *, #415, .F. ) ;
#580 = DIRECTION ( 'NONE',  ( 0.000000000000000000, 0.000000000000000000, -1.000000000000000000 ) ) ;
#581 = DIRECTION ( 'NONE',  ( -0.000000000000000000, 1.000000000000000000, -0.000000000000000000 ) ) ;
#582 = EDGE_CURVE ( 'NONE', #55, #1251, #2256, .T. ) ;
#583 = ORIENTED_EDGE ( 'NONE', *, *, #2089, .F. ) ;
#584 = DIRECTION ( 'NONE',  ( 0.000000000000000000, 0.000000000000000000, -1.000000000000000000 ) ) ;
#585 = CARTESIAN_POINT ( 'NONE',  ( 91.49999999999998579, 0.5000000000000000000, 0.5000000000000056621 ) ) ;
#586 = DIRECTION ( 'NONE',  ( 0.000000000000000000, 0.000000000000000000, 1.000000000000000000 ) ) ;
#587 = DIRECTION ( 'NONE',  ( 0.000000000000000000, -1.000000000000000000, 0.000000000000000000 ) ) ;
#588 = ORIENTED_EDGE ( 'NONE', *, *, #2467, .T. ) ;
#589 = EDGE_LOOP ( 'NONE', ( #2383, #1147, #534, #302, #305, #439, #1875 ) ) ;
#590 = DIRECTION ( 'NONE',  ( -8.902994032355133732E-17, 0.7071067811865430208, 0.7071067811865521247 ) ) ;
#591 = EDGE_CURVE ( 'NONE', #1580, #51, #2441, .T. ) ;
#592 = DIRECTION ( 'NONE',  ( 0.000000000000000000, 0.000000000000000000, -1.000000000000000000 ) ) ;
#593 = ORIENTED_EDGE ( 'NONE', *, *, #306, .F. ) ;
#594 = EDGE_CURVE ( 'NONE', #2515, #131, #638, .T. ) ;
#595 = FACE_OUTER_BOUND ( 'NONE', #2352, .T. ) ;
#596 = EDGE_CURVE ( 'NONE', #1821, #51, #1872, .T. ) ;
#597 = FACE_BOUND ( 'NONE', #1448, .T. ) ;
#598 = ORIENTED_EDGE ( 'NONE', *, *, #1618, .T. ) ;
#599 = VERTEX_POINT ( 'NONE', #56 ) ;
#600 = DIRECTION ( 'NONE',  ( 1.000000000000000000, 0.000000000000000000, 0.000000000000000000 ) ) ;
#601 = CARTESIAN_POINT ( 'NONE',  ( 92.99999999999998579, 9.624143795447327676, 9.500000000000005329 ) ) ;
#602 = VERTEX_POINT ( 'NONE', #2231 ) ;
#603 = FACE_OUTER_BOUND ( 'NONE', #516, .T. ) ;
#604 = CIRCLE ( 'NONE', #477, 2.049999999999996270 ) ;
#605 = EDGE_CURVE ( 'NONE', #1690, #117, #406, .T. ) ;
#606 = AXIS2_PLACEMENT_3D ( 'NONE', #2115, #2359, #1110 ) ;
#607 = AXIS2_PLACEMENT_3D ( 'NONE', #1429, #816, #2442 ) ;
#608 = EDGE_CURVE ( 'NONE', #1, #348, #1314, .T. ) ;
#609 = CIRCLE ( 'NONE', #835, 1.600000000000004086 ) ;
#610 = FACE_OUTER_BOUND ( 'NONE', #1833, .T. ) ;
#611 = CIRCLE ( 'NONE', #1593, 1.600000000000000755 ) ;
#612 = ORIENTED_EDGE ( 'NONE', *, *, #210, .T. ) ;
#613 = ORIENTED_EDGE ( 'NONE', *, *, #1538, .T. ) ;
#614 = VECTOR ( 'NONE', #457, 1000.000000000000000 ) ;
#615 = CARTESIAN_POINT ( 'NONE',  ( 94.27499999999999147, 0.000000000000000000, -92.35000000000000853 ) ) ;
#616 = EDGE_LOOP ( 'NONE', ( #1242, #429 ) ) ;
#617 = CARTESIAN_POINT ( 'NONE',  ( 68.01250000000001705, 1.500000000000000000, -48.50000000000001421 ) ) ;
#618 = DIRECTION ( 'NONE',  ( -1.000000000000000000, 0.000000000000000000, -0.000000000000000000 ) ) ;
#619 = CYLINDRICAL_SURFACE ( 'NONE', #1339, 2.050000000000003375 ) ;
#620 = EDGE_LOOP ( 'NONE', ( #1564, #1040 ) ) ;
#621 = FACE_BOUND ( 'NONE', #1983, .T. ) ;
#622 = EDGE_CURVE ( 'NONE', #2541, #1988, #1112, .T. ) ;
#623 = ORIENTED_EDGE ( 'NONE', *, *, #170, .F. ) ;
#624 = ORIENTED_EDGE ( 'NONE', *, *, #225, .F. ) ;
#625 = DIRECTION ( 'NONE',  ( 1.000000000000000000, 0.000000000000000000, -0.000000000000000000 ) ) ;
#626 = PLANE ( 'NONE',  #279 ) ;
#627 = LINE ( 'NONE', #1440, #2027 ) ;
#628 = VERTEX_POINT ( 'NONE', #1477 ) ;
#629 = EDGE_LOOP ( 'NONE', ( #761, #168, #368, #1480 ) ) ;
#630 = CARTESIAN_POINT ( 'NONE',  ( 89.49999999999998579, 8.673617379884035472E-16, 9.500000000000005329 ) ) ;
#631 = DIRECTION ( 'NONE',  ( 3.469446951953613400E-15, 0.000000000000000000, 1.000000000000000000 ) ) ;
#632 = DIRECTION ( 'NONE',  ( 0.000000000000000000, 0.000000000000000000, 1.000000000000000000 ) ) ;
#633 = ORIENTED_EDGE ( 'NONE', *, *, #473, .T. ) ;
#634 = LINE ( 'NONE', #2463, #64 ) ;
#635 = ADVANCED_FACE ( 'NONE', ( #913 ), #2298, .T. ) ;
#636 = CARTESIAN_POINT ( 'NONE',  ( 91.49999999999998579, 0.5000000000000000000, -5.000000000000010658 ) ) ;
#637 = VERTEX_POINT ( 'NONE', #717 ) ;
#638 = LINE ( 'NONE', #1449, #2182 ) ;
#639 = DIRECTION ( 'NONE',  ( -1.000000000000000000, -0.000000000000000000, -0.000000000000000000 ) ) ;
#640 = DIRECTION ( 'NONE',  ( 0.000000000000000000, -1.000000000000000000, 0.000000000000000000 ) ) ;
#641 = PLANE ( 'NONE',  #1512 ) ;
#642 = CARTESIAN_POINT ( 'NONE',  ( 70.51250000000000284, -2.500999999999999890, -77.00000000000000000 ) ) ;
#643 = AXIS2_PLACEMENT_3D ( 'NONE', #1031, #2246, #625 ) ;
#644 = ORIENTED_EDGE ( 'NONE', *, *, #2452, .T. ) ;
#645 = DIRECTION ( 'NONE',  ( -0.8660254037844388186, 0.000000000000000000, 0.4999999999999996669 ) ) ;
#646 = VECTOR ( 'NONE', #2169, 1000.000000000000000 ) ;
#647 = VECTOR ( 'NONE', #1106, 1000.000000000000000 ) ;
#648 = VECTOR ( 'NONE', #2435, 1000.000000000000000 ) ;
#649 = LINE ( 'NONE', #1858, #2479 ) ;
#650 = ORIENTED_EDGE ( 'NONE', *, *, #336, .F. ) ;
#651 = DIRECTION ( 'NONE',  ( -1.000000000000000000, 0.000000000000000000, 0.000000000000000000 ) ) ;
#652 = CARTESIAN_POINT ( 'NONE',  ( 57.76250000000000995, -1.700000000000000178, -29.08771324027145155 ) ) ;
#653 = EDGE_CURVE ( 'NONE', #1676, #763, #1037, .T. ) ;
#654 = STYLED_ITEM ( 'NONE', ( #543 ), #1802 ) ;
#655 = AXIS2_PLACEMENT_3D ( 'NONE', #1899, #1074, #1706 ) ;
#656 = CARTESIAN_POINT ( 'NONE',  ( 90.49999999999998579, 1.500000000000000000, -97.00000000000000000 ) ) ;
#657 = EDGE_CURVE ( 'NONE', #2428, #1251, #479, .T. ) ;
#658 = CARTESIAN_POINT ( 'NONE',  ( 0.000000000000000000, -1.700000000000000178, 0.000000000000000000 ) ) ;
#659 = AXIS2_PLACEMENT_3D ( 'NONE', #1755, #724, #750 ) ;
#660 = DIRECTION ( 'NONE',  ( 0.000000000000000000, 0.000000000000000000, 1.000000000000000000 ) ) ;
#661 = LINE ( 'NONE', #2483, #2154 ) ;
#662 = ORIENTED_EDGE ( 'NONE', *, *, #2240, .T. ) ;
#663 = FACE_OUTER_BOUND ( 'NONE', #392, .T. ) ;
#664 = LINE ( 'NONE', #57, #1126 ) ;
#665 = CARTESIAN_POINT ( 'NONE',  ( 60.51250000000000995, -1.700000000000000178, -29.09999999999999787 ) ) ;
#666 = ORIENTED_EDGE ( 'NONE', *, *, #111, .T. ) ;
#667 = EDGE_LOOP ( 'NONE', ( #1508, #1183 ) ) ;
#668 = VERTEX_POINT ( 'NONE', #2348 ) ;
#669 = CARTESIAN_POINT ( 'NONE',  ( -3.250000000000015987, -2.500000000000000000, -51.00000000000000711 ) ) ;
#670 = ADVANCED_FACE ( 'NONE', ( #1949 ), #2400, .F. ) ;
#671 = FACE_OUTER_BOUND ( 'NONE', #338, .T. ) ;
#672 = CARTESIAN_POINT ( 'NONE',  ( -3.250000000000015987, -2.500000000000000000, -51.00000000000000711 ) ) ;
#673 = CYLINDRICAL_SURFACE ( 'NONE', #2489, 2.049999999999996270 ) ;
#674 = APPLICATION_CONTEXT ( 'automotive_design' ) ;
#675 = EDGE_CURVE ( 'NONE', #2614, #1436, #1543, .T. ) ;
#676 = EDGE_CURVE ( 'NONE', #668, #2023, #2019, .T. ) ;
#677 = ADVANCED_FACE ( 'NONE', ( #948 ), #1559, .T. ) ;
#678 = EDGE_LOOP ( 'NONE', ( #200, #1876, #2514, #1282 ) ) ;
#679 = CARTESIAN_POINT ( 'NONE',  ( 91.49999999999998579, 0.000000000000000000, 0.5000000000000056621 ) ) ;
#680 = ORIENTED_EDGE ( 'NONE', *, *, #548, .T. ) ;
#681 = DIRECTION ( 'NONE',  ( 0.000000000000000000, 0.000000000000000000, -1.000000000000000000 ) ) ;
#682 = CARTESIAN_POINT ( 'NONE',  ( 90.49999999999998579, 1.500000000000000000, -97.00000000000000000 ) ) ;
#683 = DIRECTION ( 'NONE',  ( 0.8660254037844380415, 0.000000000000000000, -0.5000000000000012212 ) ) ;
#684 = ORIENTED_EDGE ( 'NONE', *, *, #1901, .F. ) ;
#685 = DIRECTION ( 'NONE',  ( 0.000000000000000000, 0.000000000000000000, 1.000000000000000000 ) ) ;
#686 = CARTESIAN_POINT ( 'NONE',  ( 30.51250000000001705, -2.500000000000000000, -24.32457351945705426 ) ) ;
#687 = LINE ( 'NONE', #330, #270 ) ;
#688 = CARTESIAN_POINT ( 'NONE',  ( -2.000000000000000000, 0.000000000000000000, 0.5000000000000177636 ) ) ;
#689 = CARTESIAN_POINT ( 'NONE',  ( 0.000000000000000000, 0.000000000000000000, -5.000000000000000888 ) ) ;
#690 = EDGE_CURVE ( 'NONE', #1528, #1603, #120, .T. ) ;
#691 = ORIENTED_EDGE ( 'NONE', *, *, #2342, .F. ) ;
#692 = AXIS2_PLACEMENT_3D ( 'NONE', #1698, #2511, #1916 ) ;
#693 = ORIENTED_EDGE ( 'NONE', *, *, #110, .F. ) ;
#694 = DIRECTION ( 'NONE',  ( -0.000000000000000000, 1.000000000000000000, -0.000000000000000000 ) ) ;
#695 = EDGE_CURVE ( 'NONE', #1845, #348, #1294, .T. ) ;
#696 = CIRCLE ( 'NONE', #692, 1.600000000000000755 ) ;
#697 = EDGE_LOOP ( 'NONE', ( #1305, #409, #859, #1342 ) ) ;
#698 = CARTESIAN_POINT ( 'NONE',  ( 90.49999999999998579, 7.099019513592796926, -5.000000000000010658 ) ) ;
#699 = VERTEX_POINT ( 'NONE', #689 ) ;
#700 = CARTESIAN_POINT ( 'NONE',  ( 45.51250000000000995, 0.2999999999999999334, -55.00000000000001421 ) ) ;
#701 = CARTESIAN_POINT ( 'NONE',  ( 30.51250000000000995, -1.700000000000000178, -30.67542648054294219 ) ) ;
#702 = ORIENTED_EDGE ( 'NONE', *, *, #1601, .F. ) ;
#703 = PLANE ( 'NONE',  #1928 ) ;
#704 = EDGE_LOOP ( 'NONE', ( #907, #1205, #1577, #1307 ) ) ;
#705 = AXIS2_PLACEMENT_3D ( 'NONE', #938, #2131, #972 ) ;
#706 = DIRECTION ( 'NONE',  ( 0.000000000000000000, 0.000000000000000000, -1.000000000000000000 ) ) ;
#707 = AXIS2_PLACEMENT_3D ( 'NONE', #428, #1249, #1659 ) ;
#708 = ORIENTED_EDGE ( 'NONE', *, *, #349, .T. ) ;
#709 = CARTESIAN_POINT ( 'NONE',  ( 91.49999999999998579, 0.5000000000000000000, -5.000000000000010658 ) ) ;
#710 = VERTEX_POINT ( 'NONE', #1501 ) ;
#711 = CIRCLE ( 'NONE', #1985, 1.600000000000004086 ) ;
#712 = CARTESIAN_POINT ( 'NONE',  ( 75.51250000000001705, 1.499999999999999556, -32.00000000000000711 ) ) ;
#713 = ORIENTED_EDGE ( 'NONE', *, *, #1732, .F. ) ;
#714 = EDGE_CURVE ( 'NONE', #1541, #1054, #2224, .T. ) ;
#715 = ADVANCED_FACE ( 'NONE', ( #737 ), #491, .F. ) ;
#716 = EDGE_CURVE ( 'NONE', #802, #515, #1917, .T. ) ;
#717 = CARTESIAN_POINT ( 'NONE',  ( 60.51250000000000995, -1.700000000000000178, -25.90000000000000213 ) ) ;
#718 = LINE ( 'NONE', #1466, #2144 ) ;
#719 = FACE_OUTER_BOUND ( 'NONE', #1933, .T. ) ;
#720 = EDGE_LOOP ( 'NONE', ( #650, #2167 ) ) ;
#721 = ORIENTED_EDGE ( 'NONE', *, *, #1152, .T. ) ;
#722 = CARTESIAN_POINT ( 'NONE',  ( -6.750000000000009770, 0.000000000000000000, -107.0000000000000142 ) ) ;
#723 = CYLINDRICAL_SURFACE ( 'NONE', #151, 1.600000000000004086 ) ;
#724 = DIRECTION ( 'NONE',  ( -0.000000000000000000, 1.000000000000000000, -0.000000000000000000 ) ) ;
#725 = DIRECTION ( 'NONE',  ( 1.000000000000000000, 0.000000000000000000, 4.336808689942016947E-15 ) ) ;
#726 = ORIENTED_EDGE ( 'NONE', *, *, #319, .F. ) ;
#727 = PLANE ( 'NONE',  #522 ) ;
#728 = CARTESIAN_POINT ( 'NONE',  ( -2.000000000000000000, 0.000000000000000000, 9.500000000000005329 ) ) ;
#729 = CARTESIAN_POINT ( 'NONE',  ( -6.750000000000009770, -2.500000000000000000, -107.0000000000000142 ) ) ;
#730 = EDGE_CURVE ( 'NONE', #538, #474, #458, .T. ) ;
#731 = ORIENTED_EDGE ( 'NONE', *, *, #883, .T. ) ;
#732 = ORIENTED_EDGE ( 'NONE', *, *, #1880, .T. ) ;
#733 = CARTESIAN_POINT ( 'NONE',  ( 30.51250000000000995, -1.700000000000000178, -30.67542648054294219 ) ) ;
#734 = DIRECTION ( 'NONE',  ( 0.000000000000000000, 0.000000000000000000, 1.000000000000000000 ) ) ;
#735 = ORIENTED_EDGE ( 'NONE', *, *, #1004, .T. ) ;
#736 = EDGE_CURVE ( 'NONE', #2266, #2255, #1190, .T. ) ;
#737 = FACE_OUTER_BOUND ( 'NONE', #1617, .T. ) ;
#738 = LINE ( 'NONE', #136, #1630 ) ;
#739 = ORIENTED_EDGE ( 'NONE', *, *, #1683, .F. ) ;
#740 = DIRECTION ( 'NONE',  ( 0.8660254037844387076, 0.000000000000000000, 0.4999999999999999445 ) ) ;
#741 = AXIS2_PLACEMENT_3D ( 'NONE', #30, #1456, #631 ) ;
#742 = LINE ( 'NONE', #1141, #532 ) ;
#743 = AXIS2_PLACEMENT_3D ( 'NONE', #2254, #221, #424 ) ;
#744 = EDGE_LOOP ( 'NONE', ( #435, #2012, #1069, #1868 ) ) ;
#745 = CARTESIAN_POINT ( 'NONE',  ( 15.51250000000001350, -2.500000000000000000, -32.00000000000000000 ) ) ;
#746 = EDGE_CURVE ( 'NONE', #1322, #892, #334, .T. ) ;
#747 = DIRECTION ( 'NONE',  ( -0.000000000000000000, 1.000000000000000000, -0.000000000000000000 ) ) ;
#748 = VECTOR ( 'NONE', #590, 999.9999999999998863 ) ;
#749 = VERTEX_POINT ( 'NONE', #585 ) ;
#750 = DIRECTION ( 'NONE',  ( 0.000000000000000000, 0.000000000000000000, 1.000000000000000000 ) ) ;
#751 = ORIENTED_EDGE ( 'NONE', *, *, #2068, .T. ) ;
#752 = CIRCLE ( 'NONE', #106, 10.00000000000000178 ) ;
#753 = EDGE_CURVE ( 'NONE', #710, #55, #1360, .T. ) ;
#754 = EDGE_CURVE ( 'NONE', #602, #39, #547, .T. ) ;
#755 = CARTESIAN_POINT ( 'NONE',  ( 89.49999999999998579, 92.11797822854214246, 0.000000000000000000 ) ) ;
#756 = VECTOR ( 'NONE', #2265, 1000.000000000000000 ) ;
#757 = ORIENTED_EDGE ( 'NONE', *, *, #294, .F. ) ;
#758 = ORIENTED_EDGE ( 'NONE', *, *, #462, .F. ) ;
#759 = CARTESIAN_POINT ( 'NONE',  ( 70.51250000000000284, -2.500000000000000000, -79.04999999999999716 ) ) ;
#760 = DIRECTION ( 'NONE',  ( 0.5000000000000006661, -0.000000000000000000, 0.8660254037844383745 ) ) ;
#761 = ORIENTED_EDGE ( 'NONE', *, *, #1250, .F. ) ;
#762 = ORIENTED_EDGE ( 'NONE', *, *, #2338, .F. ) ;
#763 = VERTEX_POINT ( 'NONE', #1991 ) ;
#764 = CARTESIAN_POINT ( 'NONE',  ( -6.751000000000048296, -0.4999999999999982792, 1.999999999999991784 ) ) ;
#765 = CARTESIAN_POINT ( 'NONE',  ( 70.51250000000000284, 1.499999999999999556, -77.00000000000000000 ) ) ;
#766 = ORIENTED_EDGE ( 'NONE', *, *, #897, .T. ) ;
#767 = VERTEX_POINT ( 'NONE', #2005 ) ;
#768 = CARTESIAN_POINT ( 'NONE',  ( 94.27499999999999147, 0.000000000000000000, -8.150000000000011013 ) ) ;
#769 = DIRECTION ( 'NONE',  ( 0.000000000000000000, 0.000000000000000000, 1.000000000000000000 ) ) ;
#770 = ADVANCED_FACE ( 'NONE', ( #138 ), #2364, .F. ) ;
#771 = EDGE_CURVE ( 'NONE', #1389, #1594, #2199, .T. ) ;
#772 = DIRECTION ( 'NONE',  ( -0.000000000000000000, -0.000000000000000000, -1.000000000000000000 ) ) ;
#773 = EDGE_CURVE ( 'NONE', #83, #804, #1380, .T. ) ;
#774 = LINE ( 'NONE', #2390, #917 ) ;
#775 = DIRECTION ( 'NONE',  ( 0.000000000000000000, 0.000000000000000000, 1.000000000000000000 ) ) ;
#776 = ORIENTED_EDGE ( 'NONE', *, *, #1188, .T. ) ;
#777 = EDGE_LOOP ( 'NONE', ( #593, #2546 ) ) ;
#778 = DIRECTION ( 'NONE',  ( 0.8660254037844382635, 0.000000000000000000, -0.5000000000000005551 ) ) ;
#779 = LINE ( 'NONE', #1579, #283 ) ;
#780 = ORIENTED_EDGE ( 'NONE', *, *, #1806, .F. ) ;
#781 = FILL_AREA_STYLE ('',( #1163 ) ) ;
#782 = EDGE_CURVE ( 'NONE', #578, #1810, #2558, .T. ) ;
#783 = DIRECTION ( 'NONE',  ( 1.259073490628327690E-16, 0.000000000000000000, -1.000000000000000000 ) ) ;
#784 = CARTESIAN_POINT ( 'NONE',  ( 23.01250000000000995, -12.35000000000001563, -34.65000000000015490 ) ) ;
#785 = EDGE_CURVE ( 'NONE', #215, #1988, #1572, .T. ) ;
#786 = CARTESIAN_POINT ( 'NONE',  ( 53.11184207678535074, 1.499999999999999112, -48.50000000000001421 ) ) ;
#787 = EDGE_LOOP ( 'NONE', ( #1441, #942, #1121, #2459 ) ) ;
#788 = ORIENTED_EDGE ( 'NONE', *, *, #773, .T. ) ;
#789 = VECTOR ( 'NONE', #916, 1000.000000000000000 ) ;
#790 = CARTESIAN_POINT ( 'NONE',  ( 45.51250000000000995, 0.2999999999999999334, -45.00000000000001421 ) ) ;
#791 = CARTESIAN_POINT ( 'NONE',  ( 1.000000000000000000, 7.099019513592796926, -5.000000000000000000 ) ) ;
#792 = DIRECTION ( 'NONE',  ( 1.000000000000000000, 0.000000000000000000, -1.275531967630005245E-16 ) ) ;
#793 = VERTEX_POINT ( 'NONE', #1386 ) ;
#794 = AXIS2_PLACEMENT_3D ( 'NONE', #129, #1740, #2551 ) ;
#795 = AXIS2_PLACEMENT_3D ( 'NONE', #2055, #231, #1042 ) ;
#796 = AXIS2_PLACEMENT_3D ( 'NONE', #408, #240, #9 ) ;
#797 = VECTOR ( 'NONE', #2063, 1000.000000000000000 ) ;
#798 = LINE ( 'NONE', #1180, #1457 ) ;
#799 = VECTOR ( 'NONE', #1155, 1000.000000000000000 ) ;
#800 = FACE_BOUND ( 'NONE', #1948, .T. ) ;
#801 = VECTOR ( 'NONE', #2065, 1000.000000000000000 ) ;
#802 = VERTEX_POINT ( 'NONE', #183 ) ;
#803 = EDGE_CURVE ( 'NONE', #1700, #710, #559, .T. ) ;
#804 = VERTEX_POINT ( 'NONE', #1370 ) ;
#805 = CARTESIAN_POINT ( 'NONE',  ( 23.01250000000001350, 0.3000000000000001554, -21.99999999999999645 ) ) ;
#806 = DIRECTION ( 'NONE',  ( -0.000000000000000000, 1.000000000000000000, -0.000000000000000000 ) ) ;
#807 = PLANE ( 'NONE',  #1212 ) ;
#808 = ORIENTED_EDGE ( 'NONE', *, *, #111, .F. ) ;
#809 = CARTESIAN_POINT ( 'NONE',  ( 1.000000000000000000, 0.5000000000000000000, -5.000000000000000000 ) ) ;
#810 = FACE_OUTER_BOUND ( 'NONE', #1842, .T. ) ;
#811 = FACE_BOUND ( 'NONE', #493, .T. ) ;
#812 =( LENGTH_UNIT ( ) NAMED_UNIT ( * ) SI_UNIT ( .MILLI., .METRE. ) );
#813 = ORIENTED_EDGE ( 'NONE', *, *, #1735, .F. ) ;
#814 = ORIENTED_EDGE ( 'NONE', *, *, #1683, .T. ) ;
#815 = ORIENTED_EDGE ( 'NONE', *, *, #880, .T. ) ;
#816 = DIRECTION ( 'NONE',  ( -0.000000000000000000, 1.000000000000000000, -0.000000000000000000 ) ) ;
#817 = FACE_OUTER_BOUND ( 'NONE', #1784, .T. ) ;
#818 = EDGE_CURVE ( 'NONE', #527, #455, #798, .T. ) ;
#819 = EDGE_LOOP ( 'NONE', ( #562, #955, #272, #556 ) ) ;
#820 = DIRECTION ( 'NONE',  ( 0.000000000000000000, -1.000000000000000000, 0.000000000000000000 ) ) ;
#821 = CARTESIAN_POINT ( 'NONE',  ( 94.27499999999999147, -2.500000000000000000, -9.750000000000015987 ) ) ;
#822 = CARTESIAN_POINT ( 'NONE',  ( 0.000000000000000000, -2.500000000000000000, 0.000000000000000000 ) ) ;
#823 = EDGE_LOOP ( 'NONE', ( #1894, #90, #14, #1364 ) ) ;
#824 = CARTESIAN_POINT ( 'NONE',  ( -3.250000000000034639, 0.000000000000000000, -13.00000000000001066 ) ) ;
#825 = ORIENTED_EDGE ( 'NONE', *, *, #1987, .T. ) ;
#826 = DIRECTION ( 'NONE',  ( 0.000000000000000000, 0.000000000000000000, 1.000000000000000000 ) ) ;
#827 = FACE_OUTER_BOUND ( 'NONE', #1398, .T. ) ;
#828 = DIRECTION ( 'NONE',  ( -0.000000000000000000, 1.000000000000000000, -0.000000000000000000 ) ) ;
#829 = DIRECTION ( 'NONE',  ( 0.000000000000000000, 0.000000000000000000, -1.000000000000000000 ) ) ;
#830 = AXIS2_PLACEMENT_3D ( 'NONE', #1094, #1132, #1905 ) ;
#831 = EDGE_CURVE ( 'NONE', #965, #215, #123, .T. ) ;
#832 = AXIS2_PLACEMENT_3D ( 'NONE', #840, #414, #2046 ) ;
#833 = AXIS2_PLACEMENT_3D ( 'NONE', #733, #2191, #1378 ) ;
#834 = ORIENTED_EDGE ( 'NONE', *, *, #2503, .T. ) ;
#835 = AXIS2_PLACEMENT_3D ( 'NONE', #497, #300, #1113 ) ;
#836 = DIRECTION ( 'NONE',  ( 0.000000000000000000, 0.000000000000000000, -1.000000000000000000 ) ) ;
#837 = VECTOR ( 'NONE', #1986, 1000.000000000000000 ) ;
#838 = EDGE_LOOP ( 'NONE', ( #2054, #931, #324, #2453 ) ) ;
#839 = AXIS2_PLACEMENT_3D ( 'NONE', #1782, #2585, #775 ) ;
#840 = CARTESIAN_POINT ( 'NONE',  ( 94.27499999999999147, -2.500000000000000000, -45.75000000000001421 ) ) ;
#841 = ORIENTED_EDGE ( 'NONE', *, *, #2034, .T. ) ;
#842 = DIRECTION ( 'NONE',  ( -0.000000000000000000, 1.000000000000000000, -0.000000000000000000 ) ) ;
#843 = LINE ( 'NONE', #1646, #531 ) ;
#844 = ORIENTED_EDGE ( 'NONE', *, *, #785, .F. ) ;
#845 = ORIENTED_EDGE ( 'NONE', *, *, #1914, .F. ) ;
#846 = DIRECTION ( 'NONE',  ( -1.000000000000000000, 0.000000000000000000, -1.119176436114069085E-16 ) ) ;
#847 = CARTESIAN_POINT ( 'NONE',  ( 57.76250000000000995, -1.700000000000000178, -29.08771324027145155 ) ) ;
#848 = DIRECTION ( 'NONE',  ( -0.000000000000000000, 1.000000000000000000, -0.000000000000000000 ) ) ;
#849 = ORIENTED_EDGE ( 'NONE', *, *, #2195, .F. ) ;
#850 = FACE_BOUND ( 'NONE', #237, .T. ) ;
#851 = CARTESIAN_POINT ( 'NONE',  ( 63.26250000000000284, -2.500000000000000000, -29.08771324027147287 ) ) ;
#852 = EDGE_CURVE ( 'NONE', #1415, #2536, #2345, .T. ) ;
#853 = ORIENTED_EDGE ( 'NONE', *, *, #533, .T. ) ;
#854 = DIRECTION ( 'NONE',  ( 1.259073490628327690E-16, 0.000000000000000000, -1.000000000000000000 ) ) ;
#855 = VERTEX_POINT ( 'NONE', #544 ) ;
#856 = LINE ( 'NONE', #1658, #2361 ) ;
#857 = DIRECTION ( 'NONE',  ( -0.000000000000000000, 1.000000000000000000, -0.000000000000000000 ) ) ;
#858 = CARTESIAN_POINT ( 'NONE',  ( 45.51250000000000995, -2.500999999999999890, -45.00000000000001421 ) ) ;
#859 = ORIENTED_EDGE ( 'NONE', *, *, #754, .T. ) ;
#860 = DIRECTION ( 'NONE',  ( 0.000000000000000000, 0.000000000000000000, 1.000000000000000000 ) ) ;
#861 = EDGE_LOOP ( 'NONE', ( #1589, #1194, #2309, #1050 ) ) ;
#862 = ADVANCED_FACE ( 'NONE', ( #1962 ), #172, .F. ) ;
#863 = LINE ( 'NONE', #2476, #1852 ) ;
#864 = EDGE_CURVE ( 'NONE', #378, #1495, #738, .T. ) ;
#865 = ADVANCED_FACE ( 'NONE', ( #155 ), #969, .F. ) ;
#866 = DIRECTION ( 'NONE',  ( 0.000000000000000000, 0.000000000000000000, 1.000000000000000000 ) ) ;
#867 = FACE_OUTER_BOUND ( 'NONE', #425, .T. ) ;
#868 = LINE ( 'NONE', #245, #797 ) ;
#869 = PLANE ( 'NONE',  #1411 ) ;
#870 = AXIS2_PLACEMENT_3D ( 'NONE', #712, #1945, #1516 ) ;
#871 = VERTEX_POINT ( 'NONE', #2204 ) ;
#872 = CARTESIAN_POINT ( 'NONE',  ( 21.24999999999999289, -2.500000000000000000, -102.0000000000000142 ) ) ;
#873 = AXIS2_PLACEMENT_3D ( 'NONE', #1032, #2247, #2470 ) ;
#874 = AXIS2_PLACEMENT_3D ( 'NONE', #71, #1869, #1678 ) ;
#875 = CARTESIAN_POINT ( 'NONE',  ( 0.000000000000000000, 0.5000000000000000000, 0.000000000000000000 ) ) ;
#876 = DIRECTION ( 'NONE',  ( -0.000000000000000000, -1.000000000000000000, -0.000000000000000000 ) ) ;
#877 = CIRCLE ( 'NONE', #570, 2.049999999999996270 ) ;
#878 = VERTEX_POINT ( 'NONE', #1566 ) ;
#879 = DIRECTION ( 'NONE',  ( 0.000000000000000000, 0.000000000000000000, 1.000000000000000000 ) ) ;
#880 = EDGE_CURVE ( 'NONE', #2096, #2259, #2384, .T. ) ;
#881 = EDGE_LOOP ( 'NONE', ( #1883, #825 ) ) ;
#882 = DIRECTION ( 'NONE',  ( -1.000000000000000000, 0.000000000000000000, 0.000000000000000000 ) ) ;
#883 = EDGE_CURVE ( 'NONE', #1863, #26, #2396, .T. ) ;
#884 = CARTESIAN_POINT ( 'NONE',  ( 51.89293885637973602, 0.3000000000000001554, -47.30000000000003268 ) ) ;
#885 = ORIENTED_EDGE ( 'NONE', *, *, #143, .T. ) ;
#886 = DIRECTION ( 'NONE',  ( 0.000000000000000000, 0.000000000000000000, 1.000000000000000000 ) ) ;
#887 = ORIENTED_EDGE ( 'NONE', *, *, #968, .F. ) ;
#888 = CARTESIAN_POINT ( 'NONE',  ( -3.250000000000011546, -2.500000000000000000, -90.60000000000000853 ) ) ;
#889 = LINE ( 'NONE', #1680, #1382 ) ;
#890 = FACE_BOUND ( 'NONE', #616, .T. ) ;
#891 = ORIENTED_EDGE ( 'NONE', *, *, #1254, .F. ) ;
#892 = VERTEX_POINT ( 'NONE', #1351 ) ;
#893 = ADVANCED_FACE ( 'NONE', ( #1984 ), #2010, .F. ) ;
#894 = LINE ( 'NONE', #686, #438 ) ;
#895 = DIRECTION ( 'NONE',  ( -0.000000000000000000, 1.000000000000000000, 0.000000000000000000 ) ) ;
#896 = CARTESIAN_POINT ( 'NONE',  ( 90.49999999999998579, 7.099019513592796926, -5.000000000000010658 ) ) ;
#897 = EDGE_CURVE ( 'NONE', #855, #350, #327, .T. ) ;
#898 = ORIENTED_EDGE ( 'NONE', *, *, #2141, .T. ) ;
#899 = VERTEX_POINT ( 'NONE', #1185 ) ;
#900 = CARTESIAN_POINT ( 'NONE',  ( 90.49999999999998579, 0.5000000000000000000, -5.000000000000010658 ) ) ;
#901 = DIRECTION ( 'NONE',  ( -0.000000000000000000, 1.000000000000000000, -0.000000000000000000 ) ) ;
#902 = PLANE ( 'NONE',  #447 ) ;
#903 = EDGE_LOOP ( 'NONE', ( #510, #268, #82, #2313 ) ) ;
#904 = LINE ( 'NONE', #2524, #2229 ) ;
#905 = EDGE_LOOP ( 'NONE', ( #552, #310, #1204, #1018 ) ) ;
#906 = CARTESIAN_POINT ( 'NONE',  ( 75.51250000000001705, -2.500000000000000000, -29.95000000000001350 ) ) ;
#907 = ORIENTED_EDGE ( 'NONE', *, *, #714, .T. ) ;
#908 = ADVANCED_FACE ( 'NONE', ( #146 ), #1536, .F. ) ;
#909 = EDGE_CURVE ( 'NONE', #101, #2334, #524, .T. ) ;
#910 = FACE_OUTER_BOUND ( 'NONE', #819, .T. ) ;
#911 = CIRCLE ( 'NONE', #743, 2.050000000000003375 ) ;
#912 = AXIS2_PLACEMENT_3D ( 'NONE', #950, #1976, #1542 ) ;
#913 = FACE_OUTER_BOUND ( 'NONE', #92, .T. ) ;
#914 = CARTESIAN_POINT ( 'NONE',  ( 0.000000000000000000, 2.000000000000000000, -97.00000000000000000 ) ) ;
#915 = DIRECTION ( 'NONE',  ( 0.000000000000000000, -1.000000000000000000, 0.000000000000000000 ) ) ;
#916 = DIRECTION ( 'NONE',  ( 0.000000000000000000, 0.000000000000000000, 1.000000000000000000 ) ) ;
#917 = VECTOR ( 'NONE', #1154, 1000.000000000000000 ) ;
#918 = ORIENTED_EDGE ( 'NONE', *, *, #1152, .F. ) ;
#919 = VECTOR ( 'NONE', #2156, 1000.000000000000000 ) ;
#920 = AXIS2_PLACEMENT_3D ( 'NONE', #91, #1129, #2355 ) ;
#921 = LINE ( 'NONE', #1727, #63 ) ;
#922 = EDGE_LOOP ( 'NONE', ( #726, #1117, #662, #1091 ) ) ;
#923 = DIRECTION ( 'NONE',  ( -0.000000000000000000, 1.000000000000000000, -0.000000000000000000 ) ) ;
#924 = VECTOR ( 'NONE', #1493, 1000.000000000000000 ) ;
#925 = EDGE_CURVE ( 'NONE', #1355, #1098, #1785, .T. ) ;
#926 = DIRECTION ( 'NONE',  ( -0.000000000000000000, -1.000000000000000000, -0.000000000000000000 ) ) ;
#927 = FACE_OUTER_BOUND ( 'NONE', #787, .T. ) ;
#928 = EDGE_CURVE ( 'NONE', #2541, #2017, #2598, .T. ) ;
#929 = DIRECTION ( 'NONE',  ( 0.000000000000000000, 0.000000000000000000, -1.000000000000000000 ) ) ;
#930 = CARTESIAN_POINT ( 'NONE',  ( 68.01250000000001705, -3.512815038853034366E-14, -47.00000000000000000 ) ) ;
#931 = ORIENTED_EDGE ( 'NONE', *, *, #1776, .F. ) ;
#932 = ORIENTED_EDGE ( 'NONE', *, *, #1406, .F. ) ;
#933 = FACE_OUTER_BOUND ( 'NONE', #2437, .T. ) ;
#934 = LINE ( 'NONE', #1697, #25 ) ;
#935 = ORIENTED_EDGE ( 'NONE', *, *, #1806, .T. ) ;
#936 = DIRECTION ( 'NONE',  ( -0.000000000000000000, -0.000000000000000000, -1.000000000000000000 ) ) ;
#937 = CARTESIAN_POINT ( 'NONE',  ( 21.24999999999999289, -2.500000000000000000, -102.0000000000000142 ) ) ;
#938 = CARTESIAN_POINT ( 'NONE',  ( 0.000000000000000000, 1.500000000000000000, 0.000000000000000000 ) ) ;
#939 = PLANE ( 'NONE',  #971 ) ;
#940 = ORIENTED_EDGE ( 'NONE', *, *, #2076, .T. ) ;
#941 = ADVANCED_FACE ( 'NONE', ( #1590 ), #2578, .T. ) ;
#942 = ORIENTED_EDGE ( 'NONE', *, *, #1510, .F. ) ;
#943 = DIRECTION ( 'NONE',  ( -1.000000000000000000, 0.000000000000000000, -1.119176436114069332E-16 ) ) ;
#944 = FACE_OUTER_BOUND ( 'NONE', #1008, .T. ) ;
#945 = ORIENTED_EDGE ( 'NONE', *, *, #2093, .F. ) ;
#946 = CARTESIAN_POINT ( 'NONE',  ( 70.51250000000000284, -2.500000000000000000, -77.00000000000000000 ) ) ;
#947 = ORIENTED_EDGE ( 'NONE', *, *, #182, .F. ) ;
#948 = FACE_OUTER_BOUND ( 'NONE', #367, .T. ) ;
#949 = ORIENTED_EDGE ( 'NONE', *, *, #1884, .F. ) ;
#950 = CARTESIAN_POINT ( 'NONE',  ( 27.76250000000001350, -1.700000000000000178, -29.08771324027146932 ) ) ;
#951 = ORIENTED_EDGE ( 'NONE', *, *, #402, .T. ) ;
#952 = DIRECTION ( 'NONE',  ( -0.4999999999999998890, 0.000000000000000000, 0.8660254037844387076 ) ) ;
#953 = CARTESIAN_POINT ( 'NONE',  ( 94.27499999999999147, -2.500000000000000000, -44.15000000000000568 ) ) ;
#954 = VERTEX_POINT ( 'NONE', #2176 ) ;
#955 = ORIENTED_EDGE ( 'NONE', *, *, #1620, .F. ) ;
#956 = VECTOR ( 'NONE', #926, 1000.000000000000000 ) ;
#957 = VERTEX_POINT ( 'NONE', #1338 ) ;
#958 = CYLINDRICAL_SURFACE ( 'NONE', #1122, 1.600000000000004086 ) ;
#959 = CARTESIAN_POINT ( 'NONE',  ( -6.750000000000009770, -2.500000000000000000, -107.0000000000000142 ) ) ;
#960 = DIRECTION ( 'NONE',  ( -0.000000000000000000, 1.000000000000000000, -0.000000000000000000 ) ) ;
#961 = EDGE_CURVE ( 'NONE', #85, #413, #2411, .T. ) ;
#962 = EDGE_CURVE ( 'NONE', #378, #1603, #351, .T. ) ;
#963 = VECTOR ( 'NONE', #1759, 1000.000000000000000 ) ;
#964 = ORIENTED_EDGE ( 'NONE', *, *, #1326, .F. ) ;
#965 = VERTEX_POINT ( 'NONE', #1390 ) ;
#966 = AXIS2_PLACEMENT_3D ( 'NONE', #2534, #254, #1693 ) ;
#967 = FACE_OUTER_BOUND ( 'NONE', #122, .T. ) ;
#968 = EDGE_CURVE ( 'NONE', #2243, #551, #18, .T. ) ;
#969 = PLANE ( 'NONE',  #2185 ) ;
#970 = AXIS2_PLACEMENT_3D ( 'NONE', #872, #2492, #886 ) ;
#971 = AXIS2_PLACEMENT_3D ( 'NONE', #2368, #760, #1979 ) ;
#972 = DIRECTION ( 'NONE',  ( 0.000000000000000000, -0.000000000000000000, -1.000000000000000000 ) ) ;
#973 = CYLINDRICAL_SURFACE ( 'NONE', #839, 1.600000000000000755 ) ;
#974 = ORIENTED_EDGE ( 'NONE', *, *, #962, .F. ) ;
#975 = DIRECTION ( 'NONE',  ( 0.000000000000000000, 0.000000000000000000, -1.000000000000000000 ) ) ;
#976 = CARTESIAN_POINT ( 'NONE',  ( 45.51250000000000995, 1.499999999999999556, -55.00000000000001421 ) ) ;
#977 = EDGE_LOOP ( 'NONE', ( #2226, #708, #459, #1010, #1575, #2203 ) ) ;
#978 = ADVANCED_FACE ( 'NONE', ( #2588 ), #985, .T. ) ;
#979 = PLANE ( 'NONE',  #2069 ) ;
#980 = CARTESIAN_POINT ( 'NONE',  ( -6.750000000000023093, 0.000000000000000000, 9.500000000000005329 ) ) ;
#981 = ADVANCED_FACE ( 'NONE', ( #933 ), #2353, .F. ) ;
#982 = LINE ( 'NONE', #1950, #1001 ) ;
#983 = CARTESIAN_POINT ( 'NONE',  ( 20.51250000000000995, -2.500000000000000000, -74.95000000000000284 ) ) ;
#984 = ORIENTED_EDGE ( 'NONE', *, *, #476, .F. ) ;
#985 = PLANE ( 'NONE',  #999 ) ;
#986 = CARTESIAN_POINT ( 'NONE',  ( 90.49999999999998579, 1.500000000000000000, -5.000000000000010658 ) ) ;
#987 = VERTEX_POINT ( 'NONE', #2562 ) ;
#988 = DIRECTION ( 'NONE',  ( -1.000000000000000000, 0.000000000000000000, 0.000000000000000000 ) ) ;
#989 = PRODUCT_RELATED_PRODUCT_CATEGORY ( 'part', '', ( #1744 ) ) ;
#990 = CARTESIAN_POINT ( 'NONE',  ( 63.26250000000000284, -1.700000000000000178, -29.08771324027147287 ) ) ;
#991 = EDGE_CURVE ( 'NONE', #538, #2202, #1544, .T. ) ;
#992 = FACE_BOUND ( 'NONE', #720, .T. ) ;
#993 = LINE ( 'NONE', #1373, #1772 ) ;
#994 = ORIENTED_EDGE ( 'NONE', *, *, #2221, .F. ) ;
#995 = DIRECTION ( 'NONE',  ( 0.000000000000000000, -1.000000000000000000, 0.000000000000000000 ) ) ;
#996 = DIRECTION ( 'NONE',  ( 0.000000000000000000, 1.000000000000000000, 0.000000000000000000 ) ) ;
#997 = AXIS2_PLACEMENT_3D ( 'NONE', #1139, #1529, #2130 ) ;
#998 = EDGE_LOOP ( 'NONE', ( #1696, #1739, #1482, #1105 ) ) ;
#999 = AXIS2_PLACEMENT_3D ( 'NONE', #1956, #379, #1196 ) ;
#1000 = CARTESIAN_POINT ( 'NONE',  ( -3.250000000000034639, -2.500000000000000000, -14.60000000000001208 ) ) ;
#1001 = VECTOR ( 'NONE', #1762, 1000.000000000000000 ) ;
#1002 = CIRCLE ( 'NONE', #158, 1.600000000000000755 ) ;
#1003 = CIRCLE ( 'NONE', #2445, 2.049999999999996270 ) ;
#1004 = EDGE_CURVE ( 'NONE', #2023, #668, #2402, .T. ) ;
#1005 = FACE_OUTER_BOUND ( 'NONE', #1277, .T. ) ;
#1006 = AXIS2_PLACEMENT_3D ( 'NONE', #249, #1395, #2032 ) ;
#1007 = ORIENTED_EDGE ( 'NONE', *, *, #2482, .F. ) ;
#1008 = EDGE_LOOP ( 'NONE', ( #70, #1020, #731, #1142, #307, #780 ) ) ;
#1009 = EDGE_CURVE ( 'NONE', #1753, #1690, #2232, .T. ) ;
#1010 = ORIENTED_EDGE ( 'NONE', *, *, #1275, .T. ) ;
#1011 = CARTESIAN_POINT ( 'NONE',  ( 97.77500000000000568, -0.4999999999999982792, 2.000000000000003553 ) ) ;
#1012 = CARTESIAN_POINT ( 'NONE',  ( -6.750000000000023093, -1.000000000000000000, 9.500000000000005329 ) ) ;
#1013 = ORIENTED_EDGE ( 'NONE', *, *, #782, .F. ) ;
#1014 = DIRECTION ( 'NONE',  ( -0.000000000000000000, 1.000000000000000000, -0.000000000000000000 ) ) ;
#1015 = FACE_BOUND ( 'NONE', #1787, .T. ) ;
#1016 = DIRECTION ( 'NONE',  ( 1.000000000000000000, 0.000000000000000000, 0.000000000000000000 ) ) ;
#1017 = ORIENTED_EDGE ( 'NONE', *, *, #1790, .F. ) ;
#1018 = ORIENTED_EDGE ( 'NONE', *, *, #2378, .F. ) ;
#1019 = LINE ( 'NONE', #2228, #1414 ) ;
#1020 = ORIENTED_EDGE ( 'NONE', *, *, #2542, .F. ) ;
#1021 = DIRECTION ( 'NONE',  ( 0.000000000000000000, 0.000000000000000000, 1.000000000000000000 ) ) ;
#1022 = DIRECTION ( 'NONE',  ( 0.000000000000000000, 1.000000000000000000, 0.000000000000000000 ) ) ;
#1023 = ADVANCED_FACE ( 'NONE', ( #1267 ), #407, .F. ) ;
#1024 = LINE ( 'NONE', #29, #27 ) ;
#1025 = CYLINDRICAL_SURFACE ( 'NONE', #2434, 1.600000000000004086 ) ;
#1026 = DIRECTION ( 'NONE',  ( 0.000000000000000000, 0.000000000000000000, -1.000000000000000000 ) ) ;
#1027 = PRODUCT_CONTEXT ( 'NONE', #2120, 'mechanical' ) ;
#1028 = EDGE_LOOP ( 'NONE', ( #142, #2570, #2328, #814 ) ) ;
#1029 = CARTESIAN_POINT ( 'NONE',  ( 92.99999999999998579, 0.000000000000000000, 0.5000000000000056621 ) ) ;
#1030 = VERTEX_POINT ( 'NONE', #1224 ) ;
#1031 = CARTESIAN_POINT ( 'NONE',  ( 89.49999999999998579, 0.5000000000000000000, -5.000000000000010658 ) ) ;
#1032 = CARTESIAN_POINT ( 'NONE',  ( 94.27499999999999147, -2.500000000000000000, -90.75000000000001421 ) ) ;
#1033 = PLANE ( 'NONE',  #1935 ) ;
#1034 = ORIENTED_EDGE ( 'NONE', *, *, #2338, .T. ) ;
#1035 = VECTOR ( 'NONE', #1343, 1000.000000000000000 ) ;
#1036 = FACE_OUTER_BOUND ( 'NONE', #1909, .T. ) ;
#1037 = CIRCLE ( 'NONE', #565, 1.600000000000004086 ) ;
#1038 = VECTOR ( 'NONE', #2347, 1000.000000000000000 ) ;
#1039 = VECTOR ( 'NONE', #580, 1000.000000000000000 ) ;
#1040 = ORIENTED_EDGE ( 'NONE', *, *, #481, .T. ) ;
#1041 = AXIS2_PLACEMENT_3D ( 'NONE', #2043, #1855, #2450 ) ;
#1042 = DIRECTION ( 'NONE',  ( 1.000000000000000000, 0.000000000000000000, -0.000000000000000000 ) ) ;
#1043 = VECTOR ( 'NONE', #640, 1000.000000000000000 ) ;
#1044 = CARTESIAN_POINT ( 'NONE',  ( 0.000000000000000000, 0.000000000000000000, 0.000000000000000000 ) ) ;
#1045 =( BOUNDED_CURVE ( )  B_SPLINE_CURVE ( 3, ( #2481, #1207, #38, #1861 ),
 .UNSPECIFIED., .F., .T. ) 
 B_SPLINE_CURVE_WITH_KNOTS ( ( 4, 4 ),
 ( 3.833547828716111994, 4.004804543659333582 ),
 .UNSPECIFIED. ) 
 CURVE ( )  GEOMETRIC_REPRESENTATION_ITEM ( )  RATIONAL_B_SPLINE_CURVE ( ( 1.000000000000000000, 0.9975574211391187163, 0.9975574211391187163, 1.000000000000000000 ) ) 
 REPRESENTATION_ITEM ( '' )  );
#1046 = VERTEX_POINT ( 'NONE', #1843 ) ;
#1047 = MECHANICAL_DESIGN_GEOMETRIC_PRESENTATION_REPRESENTATION (  '', ( #654 ), #1178 ) ;
#1048 = VECTOR ( 'NONE', #2201, 1000.000000000000000 ) ;
#1049 = LINE ( 'NONE', #636, #1930 ) ;
#1050 = ORIENTED_EDGE ( 'NONE', *, *, #43, .F. ) ;
#1051 = CARTESIAN_POINT ( 'NONE',  ( 63.26250000000000284, -2.500000000000000000, -29.08771324027147287 ) ) ;
#1052 = DIRECTION ( 'NONE',  ( 0.000000000000000000, 0.000000000000000000, -1.000000000000000000 ) ) ;
#1053 = LINE ( 'NONE', #2471, #1043 ) ;
#1054 = VERTEX_POINT ( 'NONE', #418 ) ;
#1055 = CARTESIAN_POINT ( 'NONE',  ( 60.51250000000000995, 0.3000000000000001554, -29.09999999999999787 ) ) ;
#1056 = LINE ( 'NONE', #133, #2031 ) ;
#1057 = ADVANCED_FACE ( 'NONE', ( #2216 ), #2039, .F. ) ;
#1058 = ADVANCED_FACE ( 'NONE', ( #1248 ), #2421, .F. ) ;
#1059 = EDGE_CURVE ( 'NONE', #749, #527, #202, .T. ) ;
#1060 = VERTEX_POINT ( 'NONE', #1627 ) ;
#1061 = DIRECTION ( 'NONE',  ( -0.000000000000000000, -1.000000000000000000, -0.000000000000000000 ) ) ;
#1062 = DIRECTION ( 'NONE',  ( -1.000000000000000000, 0.000000000000000000, -0.000000000000000000 ) ) ;
#1063 = ORIENTED_EDGE ( 'NONE', *, *, #596, .F. ) ;
#1064 = LINE ( 'NONE', #2311, #569 ) ;
#1065 = CARTESIAN_POINT ( 'NONE',  ( 63.26250000000000284, -1.700000000000000178, -25.91228675972853424 ) ) ;
#1066 = FACE_OUTER_BOUND ( 'NONE', #678, .T. ) ;
#1067 = CARTESIAN_POINT ( 'NONE',  ( 63.26250000000000284, -2.500000000000000000, -25.91228675972853424 ) ) ;
#1068 = EDGE_CURVE ( 'NONE', #1954, #1783, #2024, .T. ) ;
#1069 = ORIENTED_EDGE ( 'NONE', *, *, #596, .T. ) ;
#1070 = CYLINDRICAL_SURFACE ( 'NONE', #970, 1.600000000000004086 ) ;
#1071 = EDGE_CURVE ( 'NONE', #1415, #2320, #1717, .T. ) ;
#1072 = DIRECTION ( 'NONE',  ( 1.000000000000000000, -0.000000000000000000, -0.000000000000000000 ) ) ;
#1073 = ADVANCED_FACE ( 'NONE', ( #239 ), #1206, .F. ) ;
#1074 = DIRECTION ( 'NONE',  ( -1.000000000000000000, 0.000000000000000000, 0.000000000000000000 ) ) ;
#1075 = ORIENTED_EDGE ( 'NONE', *, *, #1009, .F. ) ;
#1076 = CARTESIAN_POINT ( 'NONE',  ( 75.51250000000001705, -2.500000000000000000, -32.00000000000000711 ) ) ;
#1077 = CARTESIAN_POINT ( 'NONE',  ( 52.74033169549171163, 1.065656234995811413, -48.06565623499582074 ) ) ;
#1078 = AXIS2_PLACEMENT_3D ( 'NONE', #2502, #1418, #2554 ) ;
#1079 = AXIS2_PLACEMENT_3D ( 'NONE', #2318, #2556, #1311 ) ;
#1080 = ORIENTED_EDGE ( 'NONE', *, *, #2548, .F. ) ;
#1081 = DIRECTION ( 'NONE',  ( 1.000000000000000000, 0.000000000000000000, 0.000000000000000000 ) ) ;
#1082 = AXIS2_PLACEMENT_3D ( 'NONE', #540, #390, #1052 ) ;
#1083 = EDGE_CURVE ( 'NONE', #954, #2264, #1834, .T. ) ;
#1084 = VECTOR ( 'NONE', #1313, 1000.000000000000000 ) ;
#1085 = VECTOR ( 'NONE', #190, 1000.000000000000000 ) ;
#1086 = DIRECTION ( 'NONE',  ( -0.000000000000000000, 1.000000000000000000, -0.000000000000000000 ) ) ;
#1087 = PLANE ( 'NONE',  #1266 ) ;
#1088 = ORIENTED_EDGE ( 'NONE', *, *, #333, .F. ) ;
#1089 = AXIS2_PLACEMENT_3D ( 'NONE', #1076, #525, #706 ) ;
#1090 = CIRCLE ( 'NONE', #2574, 1.600000000000000755 ) ;
#1091 = ORIENTED_EDGE ( 'NONE', *, *, #1137, .F. ) ;
#1092 = ADVANCED_FACE ( 'NONE', ( #827 ), #2257, .F. ) ;
#1093 = LINE ( 'NONE', #103, #159 ) ;
#1094 = CARTESIAN_POINT ( 'NONE',  ( 60.51250000000000995, 0.3000000000000001554, -27.50000000000000000 ) ) ;
#1095 = DIRECTION ( 'NONE',  ( -0.000000000000000000, 0.000000000000000000, 1.000000000000000000 ) ) ;
#1096 = CARTESIAN_POINT ( 'NONE',  ( 60.51250000000000995, -2.501000000000000778, -29.09999999999999787 ) ) ;
#1097 = ORIENTED_EDGE ( 'NONE', *, *, #2034, .F. ) ;
#1098 = VERTEX_POINT ( 'NONE', #617 ) ;
#1099 = DIRECTION ( 'NONE',  ( -0.000000000000000000, 1.000000000000000000, 0.000000000000000000 ) ) ;
#1100 = VERTEX_POINT ( 'NONE', #1812 ) ;
#1101 = FACE_OUTER_BOUND ( 'NONE', #2033, .T. ) ;
#1102 = LINE ( 'NONE', #652, #2408 ) ;
#1103 = EDGE_CURVE ( 'NONE', #539, #878, #313, .T. ) ;
#1104 = CARTESIAN_POINT ( 'NONE',  ( 69.24999999999998579, 0.000000000000000000, -102.0000000000000142 ) ) ;
#1105 = ORIENTED_EDGE ( 'NONE', *, *, #80, .T. ) ;
#1106 = DIRECTION ( 'NONE',  ( -1.119176436114069085E-16, -0.000000000000000000, 1.000000000000000000 ) ) ;
#1107 = EDGE_CURVE ( 'NONE', #699, #1322, #2048, .T. ) ;
#1108 = ADVANCED_FACE ( 'NONE', ( #1645 ), #626, .F. ) ;
#1109 = DIRECTION ( 'NONE',  ( 0.000000000000000000, 0.000000000000000000, 1.000000000000000000 ) ) ;
#1110 = DIRECTION ( 'NONE',  ( -0.8660254037844397068, 0.000000000000000000, -0.4999999999999981681 ) ) ;
#1111 = DIRECTION ( 'NONE',  ( -0.000000000000000000, 1.000000000000000000, -0.000000000000000000 ) ) ;
#1112 = LINE ( 'NONE', #1920, #2138 ) ;
#1113 = DIRECTION ( 'NONE',  ( 0.000000000000000000, 0.000000000000000000, -1.000000000000000000 ) ) ;
#1114 = CARTESIAN_POINT ( 'NONE',  ( 89.49999999999998579, 1.500000000000000000, -5.000000000000010658 ) ) ;
#1115 = CARTESIAN_POINT ( 'NONE',  ( 33.26250000000001705, -2.500000000000000000, -29.08771324027146576 ) ) ;
#1116 = CARTESIAN_POINT ( 'NONE',  ( 30.51250000000001705, -1.700000000000000178, -25.89999999999999503 ) ) ;
#1117 = ORIENTED_EDGE ( 'NONE', *, *, #127, .T. ) ;
#1118 = DIRECTION ( 'NONE',  ( 0.000000000000000000, 0.000000000000000000, -1.000000000000000000 ) ) ;
#1119 = ORIENTED_EDGE ( 'NONE', *, *, #2605, .F. ) ;
#1120 = EDGE_CURVE ( 'NONE', #51, #1318, #856, .T. ) ;
#1121 = ORIENTED_EDGE ( 'NONE', *, *, #2564, .F. ) ;
#1122 = AXIS2_PLACEMENT_3D ( 'NONE', #1400, #2429, #1996 ) ;
#1123 = AXIS2_PLACEMENT_3D ( 'NONE', #1412, #995, #2456 ) ;
#1124 = CARTESIAN_POINT ( 'NONE',  ( 0.000000000000000000, 0.000000000000000000, -97.00000000000000000 ) ) ;
#1125 = CARTESIAN_POINT ( 'NONE',  ( -3.250000000000034639, 0.000000000000000000, -13.00000000000001066 ) ) ;
#1126 = VECTOR ( 'NONE', #97, 999.9999999999998863 ) ;
#1127 = EDGE_LOOP ( 'NONE', ( #1661, #1946, #2242, #1193, #49, #1841 ) ) ;
#1128 = VECTOR ( 'NONE', #2601, 1000.000000000000000 ) ;
#1129 = DIRECTION ( 'NONE',  ( 0.000000000000000000, -1.000000000000000000, 0.000000000000000000 ) ) ;
#1130 = VECTOR ( 'NONE', #1192, 1000.000000000000000 ) ;
#1131 = ORIENTED_EDGE ( 'NONE', *, *, #1734, .T. ) ;
#1132 = DIRECTION ( 'NONE',  ( 0.000000000000000000, 1.000000000000000000, 0.000000000000000000 ) ) ;
#1133 = FACE_OUTER_BOUND ( 'NONE', #2491, .T. ) ;
#1134 = DIRECTION ( 'NONE',  ( 0.000000000000000000, 0.000000000000000000, -1.000000000000000000 ) ) ;
#1135 = VECTOR ( 'NONE', #2002, 1000.000000000000000 ) ;
#1136 = DIRECTION ( 'NONE',  ( -1.000000000000000000, -0.000000000000000000, -0.000000000000000000 ) ) ;
#1137 = EDGE_CURVE ( 'NONE', #637, #871, #1450, .T. ) ;
#1138 = EDGE_CURVE ( 'NONE', #793, #1815, #47, .T. ) ;
#1139 = CARTESIAN_POINT ( 'NONE',  ( -5.586397634501539550E-16, -4.749999999999997335, 6.749999999999961808 ) ) ;
#1140 = CARTESIAN_POINT ( 'NONE',  ( 0.000000000000000000, 1.500000000000000000, -5.000000000000004441 ) ) ;
#1141 = CARTESIAN_POINT ( 'NONE',  ( 21.24999999999999289, -2.500000000000000000, -103.6000000000000085 ) ) ;
#1142 = ORIENTED_EDGE ( 'NONE', *, *, #2409, .F. ) ;
#1143 = ORIENTED_EDGE ( 'NONE', *, *, #852, .T. ) ;
#1144 = EDGE_LOOP ( 'NONE', ( #2525, #1143, #2557, #388 ) ) ;
#1145 = CARTESIAN_POINT ( 'NONE',  ( 21.24999999999999289, 0.000000000000000000, -102.0000000000000142 ) ) ;
#1146 = CARTESIAN_POINT ( 'NONE',  ( 68.01250000000001705, 0.3000000000000001554, -22.00000000000000000 ) ) ;
#1147 = ORIENTED_EDGE ( 'NONE', *, *, #1250, .T. ) ;
#1148 = FACE_OUTER_BOUND ( 'NONE', #2159, .T. ) ;
#1149 = VERTEX_POINT ( 'NONE', #1898 ) ;
#1150 = EDGE_LOOP ( 'NONE', ( #1907, #255 ) ) ;
#1151 = EDGE_CURVE ( 'NONE', #2245, #767, #1064, .T. ) ;
#1152 = EDGE_CURVE ( 'NONE', #445, #329, #664, .T. ) ;
#1153 = ADVANCED_FACE ( 'NONE', ( #1873 ), #1492, .F. ) ;
#1154 = DIRECTION ( 'NONE',  ( -0.000000000000000000, 1.000000000000000000, -0.000000000000000000 ) ) ;
#1155 = DIRECTION ( 'NONE',  ( 1.000000000000000000, 0.000000000000000000, -7.709882115452475701E-17 ) ) ;
#1156 = ORIENTED_EDGE ( 'NONE', *, *, #108, .F. ) ;
#1157 = EDGE_CURVE ( 'NONE', #2086, #578, #718, .T. ) ;
#1158 = EDGE_LOOP ( 'NONE', ( #24, #1131, #542, #1955 ) ) ;
#1159 = CARTESIAN_POINT ( 'NONE',  ( -3.250000000000034639, -2.500000000000000000, -13.00000000000001066 ) ) ;
#1160 = CARTESIAN_POINT ( 'NONE',  ( 89.49999999999998579, 1.500000000000000000, 13.50000000000002132 ) ) ;
#1161 = FACE_OUTER_BOUND ( 'NONE', #838, .T. ) ;
#1162 = ORIENTED_EDGE ( 'NONE', *, *, #2044, .T. ) ;
#1163 = FILL_AREA_STYLE_COLOUR ( '', #404 ) ;
#1164 = LINE ( 'NONE', #1562, #1458 ) ;
#1165 = AXIS2_PLACEMENT_3D ( 'NONE', #672, #1486, #2304 ) ;
#1166 = CARTESIAN_POINT ( 'NONE',  ( 68.01250000000001705, 0.3000000000000001554, -22.00000000000000000 ) ) ;
#1167 = EDGE_CURVE ( 'NONE', #2096, #802, #1633, .T. ) ;
#1168 = VECTOR ( 'NONE', #1780, 1000.000000000000000 ) ;
#1169 = VERTEX_POINT ( 'NONE', #2494 ) ;
#1170 = CARTESIAN_POINT ( 'NONE',  ( 91.49999999999998579, 0.5000000000000000000, -5.000000000000010658 ) ) ;
#1171 = CARTESIAN_POINT ( 'NONE',  ( -2.000000000000000000, 9.624143795447327676, 9.500000000000005329 ) ) ;
#1172 = AXIS2_PLACEMENT_3D ( 'NONE', #563, #370, #1970 ) ;
#1173 = VERTEX_POINT ( 'NONE', #507 ) ;
#1174 = ADVANCED_FACE ( 'NONE', ( #2299 ), #2480, .F. ) ;
#1175 = ORIENTED_EDGE ( 'NONE', *, *, #2462, .T. ) ;
#1176 = AXIS2_PLACEMENT_3D ( 'NONE', #2035, #374, #1229 ) ;
#1177 = DIRECTION ( 'NONE',  ( 0.000000000000000000, -1.000000000000000000, 0.000000000000000000 ) ) ;
#1178 =( GEOMETRIC_REPRESENTATION_CONTEXT ( 3 ) GLOBAL_UNCERTAINTY_ASSIGNED_CONTEXT ( ( #148 ) ) GLOBAL_UNIT_ASSIGNED_CONTEXT ( ( #1597, #1631, #1228 ) ) REPRESENTATION_CONTEXT ( 'NONE', 'WORKASPACE' ) );
#1179 = AXIS2_PLACEMENT_3D ( 'NONE', #1612, #1641, #1840 ) ;
#1180 = CARTESIAN_POINT ( 'NONE',  ( 92.99999999999998579, 9.624143795447327676, 0.5000000000000056621 ) ) ;
#1181 = DIRECTION ( 'NONE',  ( -0.000000000000000000, -1.000000000000000000, -0.000000000000000000 ) ) ;
#1182 = DIRECTION ( 'NONE',  ( -1.000000000000000000, -0.000000000000000000, 1.541976423090494647E-16 ) ) ;
#1183 = ORIENTED_EDGE ( 'NONE', *, *, #2305, .T. ) ;
#1184 = ORIENTED_EDGE ( 'NONE', *, *, #1557, .F. ) ;
#1185 = CARTESIAN_POINT ( 'NONE',  ( 89.49999999999998579, 0.5000000000000000000, -5.000000000000010658 ) ) ;
#1186 = LINE ( 'NONE', #341, #919 ) ;
#1187 = ORIENTED_EDGE ( 'NONE', *, *, #852, .F. ) ;
#1188 = EDGE_CURVE ( 'NONE', #1576, #957, #456, .T. ) ;
#1189 = DIRECTION ( 'NONE',  ( 0.000000000000000000, 0.000000000000000000, -1.000000000000000000 ) ) ;
#1190 = LINE ( 'NONE', #1746, #16 ) ;
#1191 = FACE_BOUND ( 'NONE', #1150, .T. ) ;
#1192 = DIRECTION ( 'NONE',  ( -0.000000000000000000, 1.000000000000000000, -0.000000000000000000 ) ) ;
#1193 = ORIENTED_EDGE ( 'NONE', *, *, #2292, .T. ) ;
#1194 = ORIENTED_EDGE ( 'NONE', *, *, #2308, .T. ) ;
#1195 = LINE ( 'NONE', #805, #2566 ) ;
#1196 = DIRECTION ( 'NONE',  ( 0.000000000000000000, -0.000000000000000000, 1.000000000000000000 ) ) ;
#1197 = DIRECTION ( 'NONE',  ( -1.275531967630005245E-16, 0.000000000000000000, -1.000000000000000000 ) ) ;
#1198 = ORIENTED_EDGE ( 'NONE', *, *, #110, .T. ) ;
#1199 = CARTESIAN_POINT ( 'NONE',  ( 20.51250000000000995, 1.499999999999999556, -77.00000000000000000 ) ) ;
#1200 = ADVANCED_FACE ( 'NONE', ( #1921 ), #1288, .F. ) ;
#1201 = EDGE_CURVE ( 'NONE', #1410, #1318, #2108, .T. ) ;
#1202 = DIRECTION ( 'NONE',  ( -1.000000000000000000, -0.000000000000000000, 1.541976423090494647E-16 ) ) ;
#1203 = DIRECTION ( 'NONE',  ( -0.000000000000000000, 1.000000000000000000, -0.000000000000000000 ) ) ;
#1204 = ORIENTED_EDGE ( 'NONE', *, *, #2093, .T. ) ;
#1205 = ORIENTED_EDGE ( 'NONE', *, *, #271, .T. ) ;
#1206 = CYLINDRICAL_SURFACE ( 'NONE', #1673, 1.599999999999997202 ) ;
#1207 = CARTESIAN_POINT ( 'NONE',  ( 38.69196423039554134, 0.6646768111314284022, -47.66467681113145005 ) ) ;
#1208 = AXIS2_PLACEMENT_3D ( 'NONE', #1159, #165, #1768 ) ;
#1209 = EDGE_LOOP ( 'NONE', ( #2577, #1906, #2586, #1474, #325, #2529 ) ) ;
#1210 = VECTOR ( 'NONE', #1086, 1000.000000000000000 ) ;
#1211 = DIRECTION ( 'NONE',  ( -1.000000000000000000, 0.000000000000000000, 0.000000000000000000 ) ) ;
#1212 = AXIS2_PLACEMENT_3D ( 'NONE', #2412, #792, #1197 ) ;
#1213 = EDGE_CURVE ( 'NONE', #1999, #137, #889, .T. ) ;
#1214 = AXIS2_PLACEMENT_3D ( 'NONE', #1558, #1177, #1189 ) ;
#1215 = DIRECTION ( 'NONE',  ( 0.000000000000000000, 0.000000000000000000, -1.000000000000000000 ) ) ;
#1216 = ORIENTED_EDGE ( 'NONE', *, *, #897, .F. ) ;
#1217 = PLANE ( 'NONE',  #795 ) ;
#1218 = EDGE_CURVE ( 'NONE', #1, #1060, #241, .T. ) ;
#1219 = VECTOR ( 'NONE', #1202, 1000.000000000000000 ) ;
#1220 = EDGE_LOOP ( 'NONE', ( #2289, #104 ) ) ;
#1221 = EDGE_LOOP ( 'NONE', ( #372, #2587, #19, #2550 ) ) ;
#1222 = ORIENTED_EDGE ( 'NONE', *, *, #803, .F. ) ;
#1223 = CARTESIAN_POINT ( 'NONE',  ( -6.750000000000023093, 0.000000000000000000, 9.500000000000005329 ) ) ;
#1224 = CARTESIAN_POINT ( 'NONE',  ( 68.01250000000001705, 0.3000000000000001554, -22.00000000000000000 ) ) ;
#1225 = CYLINDRICAL_SURFACE ( 'NONE', #796, 1.600000000000000755 ) ;
#1226 = CARTESIAN_POINT ( 'NONE',  ( 15.51250000000001350, -2.500999999999999890, -29.94999999999999574 ) ) ;
#1227 = ORIENTED_EDGE ( 'NONE', *, *, #1510, .T. ) ;
#1228 =( NAMED_UNIT ( * ) SI_UNIT ( $, .STERADIAN. ) SOLID_ANGLE_UNIT ( ) );
#1229 = DIRECTION ( 'NONE',  ( 0.000000000000000000, -0.000000000000000000, 1.000000000000000000 ) ) ;
#1230 = EDGE_LOOP ( 'NONE', ( #2331, #2249, #735, #758 ) ) ;
#1231 = EDGE_CURVE ( 'NONE', #1821, #1410, #1886, .T. ) ;
#1232 = DIRECTION ( 'NONE',  ( 1.495451272393798803E-16, 0.000000000000000000, 1.000000000000000000 ) ) ;
#1233 = ORIENTED_EDGE ( 'NONE', *, *, #1880, .F. ) ;
#1234 = DIRECTION ( 'NONE',  ( -0.8660254037844382635, 0.000000000000000000, 0.5000000000000005551 ) ) ;
#1235 = CARTESIAN_POINT ( 'NONE',  ( 30.51250000000001705, -2.501000000000000778, -27.49999999999999645 ) ) ;
#1236 = DIRECTION ( 'NONE',  ( 0.000000000000000000, 0.000000000000000000, 1.000000000000000000 ) ) ;
#1237 = DIRECTION ( 'NONE',  ( -0.000000000000000000, 1.000000000000000000, -0.000000000000000000 ) ) ;
#1238 = ADVANCED_FACE ( 'NONE', ( #1101 ), #1315, .F. ) ;
#1239 = DIRECTION ( 'NONE',  ( 0.000000000000000000, 0.000000000000000000, -1.000000000000000000 ) ) ;
#1240 = CARTESIAN_POINT ( 'NONE',  ( 94.27499999999999147, -2.500000000000000000, -89.15000000000000568 ) ) ;
#1241 = CARTESIAN_POINT ( 'NONE',  ( 70.51250000000000284, -2.500999999999999890, -77.00000000000000000 ) ) ;
#1242 = ORIENTED_EDGE ( 'NONE', *, *, #1947, .T. ) ;
#1243 = DIRECTION ( 'NONE',  ( 0.000000000000000000, 0.000000000000000000, 1.000000000000000000 ) ) ;
#1244 = DIRECTION ( 'NONE',  ( 0.000000000000000000, 0.000000000000000000, 1.000000000000000000 ) ) ;
#1245 = CYLINDRICAL_SURFACE ( 'NONE', #832, 1.600000000000004086 ) ;
#1246 = ORIENTED_EDGE ( 'NONE', *, *, #1254, .T. ) ;
#1247 = CARTESIAN_POINT ( 'NONE',  ( 90.49999999999998579, 0.000000000000000000, 0.000000000000000000 ) ) ;
#1248 = FACE_OUTER_BOUND ( 'NONE', #1295, .T. ) ;
#1249 = DIRECTION ( 'NONE',  ( 0.000000000000000000, -1.000000000000000000, 0.000000000000000000 ) ) ;
#1250 = EDGE_CURVE ( 'NONE', #505, #599, #2118, .T. ) ;
#1251 = VERTEX_POINT ( 'NONE', #1705 ) ;
#1252 = VECTOR ( 'NONE', #1712, 1000.000000000000000 ) ;
#1253 = DIRECTION ( 'NONE',  ( 0.000000000000000000, -0.7071067811865449082, -0.7071067811865501263 ) ) ;
#1254 = EDGE_CURVE ( 'NONE', #515, #2620, #234, .T. ) ;
#1255 = EDGE_CURVE ( 'NONE', #1149, #1576, #609, .T. ) ;
#1256 = CARTESIAN_POINT ( 'NONE',  ( -6.750000000000023093, 0.000000000000000000, 9.500000000000005329 ) ) ;
#1257 = VECTOR ( 'NONE', #554, 1000.000000000000000 ) ;
#1258 = CARTESIAN_POINT ( 'NONE',  ( 94.27499999999999147, 0.000000000000000000, -9.750000000000015987 ) ) ;
#1259 = CIRCLE ( 'NONE', #2145, 10.00000000000000178 ) ;
#1260 = ORIENTED_EDGE ( 'NONE', *, *, #991, .F. ) ;
#1261 = VECTOR ( 'NONE', #181, 1000.000000000000000 ) ;
#1262 = CARTESIAN_POINT ( 'NONE',  ( 20.51250000000000995, -2.500999999999999890, -77.00000000000000000 ) ) ;
#1263 = CIRCLE ( 'NONE', #2323, 1.600000000000004086 ) ;
#1264 = CARTESIAN_POINT ( 'NONE',  ( -3.250000000000015987, 0.000000000000000000, -49.40000000000001279 ) ) ;
#1265 = ORIENTED_EDGE ( 'NONE', *, *, #62, .F. ) ;
#1266 = AXIS2_PLACEMENT_3D ( 'NONE', #1887, #75, #1694 ) ;
#1267 = FACE_OUTER_BOUND ( 'NONE', #1230, .T. ) ;
#1268 = CIRCLE ( 'NONE', #451, 1.600000000000004086 ) ;
#1269 = DIRECTION ( 'NONE',  ( 0.000000000000000000, 0.000000000000000000, 1.000000000000000000 ) ) ;
#1270 = ORIENTED_EDGE ( 'NONE', *, *, #2499, .F. ) ;
#1271 = CARTESIAN_POINT ( 'NONE',  ( 92.99999999999998579, 0.000000000000000000, 9.500000000000005329 ) ) ;
#1272 = PRODUCT_DEFINITION ( 'æœ', '', #574, #304 ) ;
#1273 = DIRECTION ( 'NONE',  ( -0.000000000000000000, -1.000000000000000000, -0.000000000000000000 ) ) ;
#1274 = DIRECTION ( 'NONE',  ( 0.000000000000000000, 0.000000000000000000, 1.000000000000000000 ) ) ;
#1275 = EDGE_CURVE ( 'NONE', #2334, #987, #1331, .T. ) ;
#1276 = ADVANCED_FACE ( 'NONE', ( #1530 ), #2381, .F. ) ;
#1277 = EDGE_LOOP ( 'NONE', ( #2580, #1550, #2478, #2496 ) ) ;
#1278 = CARTESIAN_POINT ( 'NONE',  ( 20.51250000000000995, -2.500000000000000000, -77.00000000000000000 ) ) ;
#1279 = CARTESIAN_POINT ( 'NONE',  ( 27.76250000000001350, -1.700000000000000178, -25.91228675972853068 ) ) ;
#1280 = DIRECTION ( 'NONE',  ( 0.000000000000000000, 0.000000000000000000, -1.000000000000000000 ) ) ;
#1281 = DIRECTION ( 'NONE',  ( 0.000000000000000000, 0.000000000000000000, -1.000000000000000000 ) ) ;
#1282 = ORIENTED_EDGE ( 'NONE', *, *, #730, .F. ) ;
#1283 = CARTESIAN_POINT ( 'NONE',  ( 20.51250000000000995, -2.500000000000000000, -77.00000000000000000 ) ) ;
#1284 = LINE ( 'NONE', #1240, #519 ) ;
#1285 = ADVANCED_FACE ( 'NONE', ( #927 ), #2186, .F. ) ;
#1286 = VERTEX_POINT ( 'NONE', #1747 ) ;
#1287 = DIRECTION ( 'NONE',  ( -0.000000000000000000, 1.000000000000000000, -0.000000000000000000 ) ) ;
#1288 = PLANE ( 'NONE',  #530 ) ;
#1289 = LINE ( 'NONE', #1922, #287 ) ;
#1290 = ORIENTED_EDGE ( 'NONE', *, *, #880, .F. ) ;
#1291 = ORIENTED_EDGE ( 'NONE', *, *, #622, .T. ) ;
#1292 = DIRECTION ( 'NONE',  ( 0.8660254037844397068, 0.000000000000000000, 0.4999999999999981681 ) ) ;
#1293 = CARTESIAN_POINT ( 'NONE',  ( 89.49999999999998579, 0.5000000000000000000, 9.499999999999994671 ) ) ;
#1294 = CIRCLE ( 'NONE', #478, 1.600000000000004086 ) ;
#1295 = EDGE_LOOP ( 'NONE', ( #2293, #2110, #612, #2126 ) ) ;
#1296 = FACE_OUTER_BOUND ( 'NONE', #523, .T. ) ;
#1297 = VECTOR ( 'NONE', #1803, 1000.000000000000000 ) ;
#1298 = VECTOR ( 'NONE', #740, 1000.000000000000000 ) ;
#1299 = EDGE_CURVE ( 'NONE', #1251, #2134, #1361, .T. ) ;
#1300 = EDGE_CURVE ( 'NONE', #2103, #1322, #982, .T. ) ;
#1301 = CARTESIAN_POINT ( 'NONE',  ( 60.51250000000000284, -1.700000000000000178, -24.32457351945706137 ) ) ;
#1302 = DIRECTION ( 'NONE',  ( -1.000000000000000000, 0.000000000000000000, 2.775557561562891351E-16 ) ) ;
#1303 = FACE_OUTER_BOUND ( 'NONE', #697, .T. ) ;
#1304 = VECTOR ( 'NONE', #2307, 1000.000000000000000 ) ;
#1305 = ORIENTED_EDGE ( 'NONE', *, *, #2174, .F. ) ;
#1306 = VECTOR ( 'NONE', #309, 1000.000000000000000 ) ;
#1307 = ORIENTED_EDGE ( 'NONE', *, *, #1653, .F. ) ;
#1308 = LINE ( 'NONE', #1864, #2615 ) ;
#1309 = DIRECTION ( 'NONE',  ( -1.000000000000000000, 0.000000000000000000, 1.541976423090494894E-16 ) ) ;
#1310 = CARTESIAN_POINT ( 'NONE',  ( -3.250000000000011546, 0.000000000000000000, -90.60000000000000853 ) ) ;
#1311 = DIRECTION ( 'NONE',  ( 0.000000000000000000, 0.000000000000000000, -1.000000000000000000 ) ) ;
#1312 = ORIENTED_EDGE ( 'NONE', *, *, #150, .F. ) ;
#1313 = DIRECTION ( 'NONE',  ( 1.000000000000000000, -0.000000000000000000, -1.541976423090494647E-16 ) ) ;
#1314 = LINE ( 'NONE', #888, #311 ) ;
#1315 = CYLINDRICAL_SURFACE ( 'NONE', #1848, 1.600000000000004086 ) ;
#1316 = CARTESIAN_POINT ( 'NONE',  ( 60.51250000000000995, -1.700000000000000178, -30.67542648054293153 ) ) ;
#1317 = DIRECTION ( 'NONE',  ( 0.000000000000000000, -1.000000000000000000, 0.000000000000000000 ) ) ;
#1318 = VERTEX_POINT ( 'NONE', #1124 ) ;
#1319 = DIRECTION ( 'NONE',  ( 1.000000000000000000, -0.000000000000000000, 0.000000000000000000 ) ) ;
#1320 = ORIENTED_EDGE ( 'NONE', *, *, #1375, .F. ) ;
#1321 = CARTESIAN_POINT ( 'NONE',  ( 60.51250000000000995, -2.500000000000000000, -30.67542648054293153 ) ) ;
#1322 = VERTEX_POINT ( 'NONE', #1736 ) ;
#1323 = PLANE ( 'NONE',  #705 ) ;
#1324 = CARTESIAN_POINT ( 'NONE',  ( 15.51250000000001350, 1.499999999999999556, -32.00000000000000000 ) ) ;
#1325 = ORIENTED_EDGE ( 'NONE', *, *, #2068, .F. ) ;
#1326 = EDGE_CURVE ( 'NONE', #39, #965, #2544, .T. ) ;
#1327 = CARTESIAN_POINT ( 'NONE',  ( -6.750000000000009770, 0.000000000000000000, -107.0000000000000142 ) ) ;
#1328 = ORIENTED_EDGE ( 'NONE', *, *, #1059, .F. ) ;
#1329 = EDGE_CURVE ( 'NONE', #749, #1528, #1792, .T. ) ;
#1330 = VECTOR ( 'NONE', #600, 1000.000000000000000 ) ;
#1331 = LINE ( 'NONE', #1992, #1298 ) ;
#1332 = DIRECTION ( 'NONE',  ( 0.000000000000000000, 0.000000000000000000, -1.000000000000000000 ) ) ;
#1333 = EDGE_LOOP ( 'NONE', ( #1539, #2104, #1654, #1758 ) ) ;
#1334 = VECTOR ( 'NONE', #494, 1000.000000000000000 ) ;
#1335 = VERTEX_POINT ( 'NONE', #560 ) ;
#1336 = CIRCLE ( 'NONE', #2064, 1.600000000000004086 ) ;
#1337 = VERTEX_POINT ( 'NONE', #2147 ) ;
#1338 = CARTESIAN_POINT ( 'NONE',  ( 69.24999999999998579, 0.000000000000000000, -103.6000000000000085 ) ) ;
#1339 = AXIS2_PLACEMENT_3D ( 'NONE', #227, #460, #1470 ) ;
#1340 = DIRECTION ( 'NONE',  ( -0.8660254037844387076, 0.000000000000000000, -0.4999999999999999445 ) ) ;
#1341 = AXIS2_PLACEMENT_3D ( 'NONE', #401, #587, #1830 ) ;
#1342 = ORIENTED_EDGE ( 'NONE', *, *, #1326, .T. ) ;
#1343 = DIRECTION ( 'NONE',  ( -0.000000000000000000, 1.000000000000000000, -0.000000000000000000 ) ) ;
#1344 = AXIS2_PLACEMENT_3D ( 'NONE', #1487, #2279, #1274 ) ;
#1345 = EDGE_CURVE ( 'NONE', #85, #505, #2404, .T. ) ;
#1346 = ORIENTED_EDGE ( 'NONE', *, *, #319, .T. ) ;
#1347 = ADVANCED_FACE ( 'NONE', ( #2349, #518, #549, #1978, #140, #1348 ), #1323, .F. ) ;
#1348 = FACE_BOUND ( 'NONE', #1924, .T. ) ;
#1349 = LINE ( 'NONE', #1363, #1853 ) ;
#1350 = VERTEX_POINT ( 'NONE', #1140 ) ;
#1351 = CARTESIAN_POINT ( 'NONE',  ( -1.000000000000000000, 0.000000000000000000, 0.5000000000000168754 ) ) ;
#1352 = LINE ( 'NONE', #1146, #107 ) ;
#1353 = ORIENTED_EDGE ( 'NONE', *, *, #62, .T. ) ;
#1354 = CARTESIAN_POINT ( 'NONE',  ( 68.01250000000001705, -12.35000000000001563, -34.65000000000016200 ) ) ;
#1355 = VERTEX_POINT ( 'NONE', #161 ) ;
#1356 = SURFACE_STYLE_USAGE ( .BOTH. , #1581 ) ;
#1357 = DIRECTION ( 'NONE',  ( 1.000000000000000000, 0.000000000000000000, 0.000000000000000000 ) ) ;
#1358 = ORIENTED_EDGE ( 'NONE', *, *, #925, .T. ) ;
#1359 = ADVANCED_FACE ( 'NONE', ( #2559 ), #1545, .F. ) ;
#1360 = LINE ( 'NONE', #1561, #1846 ) ;
#1361 = LINE ( 'NONE', #174, #1674 ) ;
#1362 = EDGE_CURVE ( 'NONE', #1711, #1826, #774, .T. ) ;
#1363 = CARTESIAN_POINT ( 'NONE',  ( 33.26250000000001705, -1.700000000000000178, -29.08771324027146576 ) ) ;
#1364 = ORIENTED_EDGE ( 'NONE', *, *, #962, .T. ) ;
#1365 = CARTESIAN_POINT ( 'NONE',  ( 92.99999999999998579, 0.5000000000000004441, 0.5000000000000056621 ) ) ;
#1366 = DIRECTION ( 'NONE',  ( -7.913772473204462655E-17, -0.7071067811865521247, 0.7071067811865430208 ) ) ;
#1367 = CARTESIAN_POINT ( 'NONE',  ( 75.51250000000001705, -2.500999999999999890, -32.00000000000000711 ) ) ;
#1368 = ORIENTED_EDGE ( 'NONE', *, *, #1947, .F. ) ;
#1369 = SURFACE_STYLE_FILL_AREA ( #781 ) ;
#1370 = CARTESIAN_POINT ( 'NONE',  ( 21.24999999999999289, -2.500000000000000000, -103.6000000000000085 ) ) ;
#1371 = DIRECTION ( 'NONE',  ( -0.000000000000000000, -1.000000000000000000, -0.000000000000000000 ) ) ;
#1372 = VECTOR ( 'NONE', #1234, 1000.000000000000114 ) ;
#1373 = CARTESIAN_POINT ( 'NONE',  ( 68.01250000000001705, 0.3000000000000001554, -47.30000000000003268 ) ) ;
#1374 = ORIENTED_EDGE ( 'NONE', *, *, #909, .F. ) ;
#1375 = EDGE_CURVE ( 'NONE', #2428, #504, #1966, .T. ) ;
#1376 = VECTOR ( 'NONE', #806, 1000.000000000000000 ) ;
#1377 = ORIENTED_EDGE ( 'NONE', *, *, #2469, .T. ) ;
#1378 = DIRECTION ( 'NONE',  ( -0.8660254037844387076, 0.000000000000000000, -0.4999999999999998890 ) ) ;
#1379 = DIRECTION ( 'NONE',  ( -0.000000000000000000, -0.000000000000000000, 1.000000000000000000 ) ) ;
#1380 = CIRCLE ( 'NONE', #2101, 1.600000000000004086 ) ;
#1381 = ORIENTED_EDGE ( 'NONE', *, *, #1489, .T. ) ;
#1382 = VECTOR ( 'NONE', #87, 1000.000000000000000 ) ;
#1383 = AXIS2_PLACEMENT_3D ( 'NONE', #292, #1520, #2521 ) ;
#1384 = LINE ( 'NONE', #384, #489 ) ;
#1385 = AXIS2_PLACEMENT_3D ( 'NONE', #175, #1967, #323 ) ;
#1386 = CARTESIAN_POINT ( 'NONE',  ( 70.51250000000000284, -2.500000000000000000, -74.95000000000000284 ) ) ;
#1387 = CARTESIAN_POINT ( 'NONE',  ( 89.49999999999998579, 0.5000000000000000000, 9.499999999999994671 ) ) ;
#1388 = LINE ( 'NONE', #1166, #1130 ) ;
#1389 = VERTEX_POINT ( 'NONE', #759 ) ;
#1390 = CARTESIAN_POINT ( 'NONE',  ( -2.000000000000000000, 0.000000000000000000, 9.500000000000005329 ) ) ;
#1391 = CARTESIAN_POINT ( 'NONE',  ( 1.000000000000000888, 6.071532165918824830E-15, 11.50000000000000000 ) ) ;
#1392 = ORIENTED_EDGE ( 'NONE', *, *, #1151, .T. ) ;
#1393 = EDGE_CURVE ( 'NONE', #2285, #1676, #1781, .T. ) ;
#1394 = CARTESIAN_POINT ( 'NONE',  ( -6.750000000000024869, 0.000000000000000000, 17.00000000000000355 ) ) ;
#1395 = DIRECTION ( 'NONE',  ( -0.000000000000000000, 1.000000000000000000, -0.000000000000000000 ) ) ;
#1396 = FACE_OUTER_BOUND ( 'NONE', #2419, .T. ) ;
#1397 = PLANE ( 'NONE',  #1179 ) ;
#1398 = EDGE_LOOP ( 'NONE', ( #1525, #994, #353, #2329 ) ) ;
#1399 = ORIENTED_EDGE ( 'NONE', *, *, #43, .T. ) ;
#1400 = CARTESIAN_POINT ( 'NONE',  ( 21.24999999999999289, -2.500000000000000000, -102.0000000000000142 ) ) ;
#1401 = CARTESIAN_POINT ( 'NONE',  ( 92.99999999999998579, 0.5000000000000004441, 0.5000000000000056621 ) ) ;
#1402 = DIRECTION ( 'NONE',  ( -0.000000000000000000, 1.000000000000000000, 0.000000000000000000 ) ) ;
#1403 = ORIENTED_EDGE ( 'NONE', *, *, #1107, .F. ) ;
#1404 = EDGE_CURVE ( 'NONE', #987, #1286, #1164, .T. ) ;
#1405 = DIRECTION ( 'NONE',  ( -1.000000000000000000, 0.000000000000000000, 0.000000000000000000 ) ) ;
#1406 = EDGE_CURVE ( 'NONE', #1389, #793, #2571, .T. ) ;
#1407 = ADVANCED_FACE ( 'NONE', ( #2417 ), #218, .F. ) ;
#1408 = FACE_BOUND ( 'NONE', #1220, .T. ) ;
#1409 = VERTEX_POINT ( 'NONE', #1805 ) ;
#1410 = VERTEX_POINT ( 'NONE', #2239 ) ;
#1411 = AXIS2_PLACEMENT_3D ( 'NONE', #658, #1672, #450 ) ;
#1412 = CARTESIAN_POINT ( 'NONE',  ( 94.27499999999999147, -2.500000000000000000, -45.75000000000001421 ) ) ;
#1413 = PLANE ( 'NONE',  #1982 ) ;
#1414 = VECTOR ( 'NONE', #1232, 1000.000000000000000 ) ;
#1415 = VERTEX_POINT ( 'NONE', #1839 ) ;
#1416 = VECTOR ( 'NONE', #20, 1000.000000000000000 ) ;
#1417 = LINE ( 'NONE', #449, #573 ) ;
#1418 = DIRECTION ( 'NONE',  ( 0.000000000000000000, 1.000000000000000000, 0.000000000000000000 ) ) ;
#1419 = VECTOR ( 'NONE', #645, 1000.000000000000114 ) ;
#1420 = AXIS2_PLACEMENT_3D ( 'NONE', #2579, #2177, #564 ) ;
#1421 = AXIS2_PLACEMENT_3D ( 'NONE', #1865, #2473, #1671 ) ;
#1422 = ADVANCED_FACE ( 'NONE', ( #1396 ), #2006, .F. ) ;
#1423 = ADVANCED_FACE ( 'NONE', ( #610, #992, #2212 ), #1651, .T. ) ;
#1424 = DIRECTION ( 'NONE',  ( 0.000000000000000000, -1.000000000000000000, 0.000000000000000000 ) ) ;
#1425 = DIRECTION ( 'NONE',  ( -0.000000000000000000, 1.000000000000000000, -0.000000000000000000 ) ) ;
#1426 = EDGE_CURVE ( 'NONE', #1436, #2614, #281, .T. ) ;
#1427 = LINE ( 'NONE', #1655, #1891 ) ;
#1428 = ORIENTED_EDGE ( 'NONE', *, *, #657, .T. ) ;
#1429 = CARTESIAN_POINT ( 'NONE',  ( 69.24999999999998579, -2.500000000000000000, -102.0000000000000142 ) ) ;
#1430 = FACE_OUTER_BOUND ( 'NONE', #177, .T. ) ;
#1431 = DIRECTION ( 'NONE',  ( -0.000000000000000000, 1.000000000000000000, -0.000000000000000000 ) ) ;
#1432 = DIRECTION ( 'NONE',  ( -0.000000000000000000, 1.000000000000000000, -0.000000000000000000 ) ) ;
#1433 = ORIENTED_EDGE ( 'NONE', *, *, #271, .F. ) ;
#1434 = EDGE_CURVE ( 'NONE', #1711, #1409, #1980, .T. ) ;
#1435 = FACE_BOUND ( 'NONE', #1496, .T. ) ;
#1436 = VERTEX_POINT ( 'NONE', #196 ) ;
#1437 = ORIENTED_EDGE ( 'NONE', *, *, #746, .F. ) ;
#1438 = CARTESIAN_POINT ( 'NONE',  ( 94.27499999999999147, -2.500000000000000000, -92.35000000000000853 ) ) ;
#1439 = DIRECTION ( 'NONE',  ( 0.000000000000000000, 0.000000000000000000, 1.000000000000000000 ) ) ;
#1440 = CARTESIAN_POINT ( 'NONE',  ( 60.51250000000000995, -1.700000000000000178, -30.67542648054293153 ) ) ;
#1441 = ORIENTED_EDGE ( 'NONE', *, *, #415, .T. ) ;
#1442 = PLANE ( 'NONE',  #2530 ) ;
#1443 = ORIENTED_EDGE ( 'NONE', *, *, #695, .T. ) ;
#1444 = CARTESIAN_POINT ( 'NONE',  ( 60.51250000000000995, -1.700000000000000178, -27.50000000000000000 ) ) ;
#1445 = DIRECTION ( 'NONE',  ( 5.880418562633245976E-17, 1.000000000000000000, -0.000000000000000000 ) ) ;
#1446 = ORIENTED_EDGE ( 'NONE', *, *, #2124, .T. ) ;
#1447 = DIRECTION ( 'NONE',  ( -0.000000000000000000, -0.000000000000000000, -1.000000000000000000 ) ) ;
#1448 = EDGE_LOOP ( 'NONE', ( #1460, #2061 ) ) ;
#1449 = CARTESIAN_POINT ( 'NONE',  ( 20.51250000000000995, -2.500999999999999890, -74.95000000000000284 ) ) ;
#1450 = LINE ( 'NONE', #443, #1210 ) ;
#1451 = CARTESIAN_POINT ( 'NONE',  ( 45.51250000000000995, -2.500999999999999890, -55.00000000000001421 ) ) ;
#1452 = EDGE_CURVE ( 'NONE', #802, #2096, #752, .T. ) ;
#1453 = CARTESIAN_POINT ( 'NONE',  ( -1.000000000000000000, 0.5000000000000004441, 0.5000000000000168754 ) ) ;
#1454 = LINE ( 'NONE', #50, #243 ) ;
#1455 = VECTOR ( 'NONE', #2080, 1000.000000000000000 ) ;
#1456 = DIRECTION ( 'NONE',  ( -0.000000000000000000, -1.000000000000000000, -0.000000000000000000 ) ) ;
#1457 = VECTOR ( 'NONE', #2416, 1000.000000000000000 ) ;
#1458 = VECTOR ( 'NONE', #1371, 1000.000000000000000 ) ;
#1459 = AXIS2_PLACEMENT_3D ( 'NONE', #419, #48, #1269 ) ;
#1460 = ORIENTED_EDGE ( 'NONE', *, *, #1255, .F. ) ;
#1461 = VECTOR ( 'NONE', #2425, 1000.000000000000000 ) ;
#1462 = DIRECTION ( 'NONE',  ( -0.000000000000000000, -1.000000000000000000, -0.000000000000000000 ) ) ;
#1463 = VECTOR ( 'NONE', #550, 1000.000000000000000 ) ;
#1464 = CARTESIAN_POINT ( 'NONE',  ( -3.250000000000011546, -2.500000000000000000, -90.60000000000000853 ) ) ;
#1465 = ORIENTED_EDGE ( 'NONE', *, *, #1201, .T. ) ;
#1466 = CARTESIAN_POINT ( 'NONE',  ( 1.000000000000000888, 6.071532165918824830E-15, 11.50000000000000000 ) ) ;
#1467 = AXIS2_PLACEMENT_3D ( 'NONE', #669, #1483, #1692 ) ;
#1468 = LINE ( 'NONE', #2082, #1596 ) ;
#1469 = ADVANCED_FACE ( 'NONE', ( #1005, #800, #811, #1611, #185, #850, #621, #1191, #1435, #412, #1599, #2427, #597, #1408, #2223, #1015 ), #15, .T. ) ;
#1470 = DIRECTION ( 'NONE',  ( 0.000000000000000000, 0.000000000000000000, 1.000000000000000000 ) ) ;
#1471 = CARTESIAN_POINT ( 'NONE',  ( 53.11184207678535074, 1.499999999999999112, -48.50000000000001421 ) ) ;
#1472 = CARTESIAN_POINT ( 'NONE',  ( 89.49999999999998579, 7.099019513592796926, -5.000000000000010658 ) ) ;
#1473 = ADVANCED_FACE ( 'NONE', ( #206 ), #1217, .F. ) ;
#1474 = ORIENTED_EDGE ( 'NONE', *, *, #1083, .T. ) ;
#1475 = LINE ( 'NONE', #2071, #1419 ) ;
#1476 = ORIENTED_EDGE ( 'NONE', *, *, #2619, .F. ) ;
#1477 = CARTESIAN_POINT ( 'NONE',  ( 97.77500000000001990, 0.000000000000000000, -107.0000000000000142 ) ) ;
#1478 = DIRECTION ( 'NONE',  ( 1.000000000000000000, -5.880418562633245976E-17, 5.880418562633245976E-17 ) ) ;
#1479 = LINE ( 'NONE', #1316, #1306 ) ;
#1480 = ORIENTED_EDGE ( 'NONE', *, *, #2209, .T. ) ;
#1481 = VERTEX_POINT ( 'NONE', #1829 ) ;
#1482 = ORIENTED_EDGE ( 'NONE', *, *, #349, .F. ) ;
#1483 = DIRECTION ( 'NONE',  ( -0.000000000000000000, 1.000000000000000000, -0.000000000000000000 ) ) ;
#1484 = LINE ( 'NONE', #2206, #66 ) ;
#1485 = CARTESIAN_POINT ( 'NONE',  ( 30.51250000000001705, 0.3000000000000001554, -29.09999999999999787 ) ) ;
#1486 = DIRECTION ( 'NONE',  ( 0.000000000000000000, -1.000000000000000000, 0.000000000000000000 ) ) ;
#1487 = CARTESIAN_POINT ( 'NONE',  ( 94.27499999999999147, -2.500000000000000000, -9.750000000000015987 ) ) ;
#1488 = EDGE_CURVE ( 'NONE', #1335, #1810, #575, .T. ) ;
#1489 = EDGE_CURVE ( 'NONE', #2214, #1810, #4, .T. ) ;
#1490 = ORIENTED_EDGE ( 'NONE', *, *, #1523, .F. ) ;
#1491 = CARTESIAN_POINT ( 'NONE',  ( 57.76250000000000995, -2.500000000000000000, -25.91228675972853068 ) ) ;
#1492 = CYLINDRICAL_SURFACE ( 'NONE', #2234, 1.600000000000004086 ) ;
#1493 = DIRECTION ( 'NONE',  ( 1.000000000000000000, 0.000000000000000000, 0.000000000000000000 ) ) ;
#1494 = ORIENTED_EDGE ( 'NONE', *, *, #605, .T. ) ;
#1495 = VERTEX_POINT ( 'NONE', #900 ) ;
#1496 = EDGE_LOOP ( 'NONE', ( #1270, #1312 ) ) ;
#1497 = CARTESIAN_POINT ( 'NONE',  ( 57.76250000000000995, -1.700000000000000178, -25.91228675972853068 ) ) ;
#1498 = CARTESIAN_POINT ( 'NONE',  ( 30.51250000000001705, 0.3000000000000001554, -27.49999999999999645 ) ) ;
#1499 = LINE ( 'NONE', #503, #801 ) ;
#1500 = CIRCLE ( 'NONE', #354, 1.599999999999997202 ) ;
#1501 = CARTESIAN_POINT ( 'NONE',  ( 63.26250000000000284, -1.700000000000000178, -25.91228675972853424 ) ) ;
#1502 = ORIENTED_EDGE ( 'NONE', *, *, #1157, .T. ) ;
#1503 = AXIS2_PLACEMENT_3D ( 'NONE', #343, #135, #1134 ) ;
#1504 = ORIENTED_EDGE ( 'NONE', *, *, #716, .T. ) ;
#1505 = DIRECTION ( 'NONE',  ( 0.000000000000000000, 0.000000000000000000, 1.000000000000000000 ) ) ;
#1506 = EDGE_CURVE ( 'NONE', #1973, #117, #1703, .T. ) ;
#1507 = AXIS2_PLACEMENT_3D ( 'NONE', #328, #960, #1771 ) ;
#1508 = ORIENTED_EDGE ( 'NONE', *, *, #2610, .T. ) ;
#1509 = CARTESIAN_POINT ( 'NONE',  ( 94.27499999999999147, -2.500000000000000000, -45.75000000000001421 ) ) ;
#1510 = EDGE_CURVE ( 'NONE', #469, #2504, #465, .T. ) ;
#1511 = CARTESIAN_POINT ( 'NONE',  ( 27.76250000000001350, -2.500000000000000000, -25.91228675972853068 ) ) ;
#1512 = AXIS2_PLACEMENT_3D ( 'NONE', #256, #217, #1837 ) ;
#1513 = LINE ( 'NONE', #60, #789 ) ;
#1514 = CARTESIAN_POINT ( 'NONE',  ( 94.27499999999999147, 0.000000000000000000, -89.15000000000000568 ) ) ;
#1515 = CYLINDRICAL_SURFACE ( 'NONE', #1583, 1.600000000000004086 ) ;
#1516 = DIRECTION ( 'NONE',  ( 0.000000000000000000, 0.000000000000000000, -1.000000000000000000 ) ) ;
#1517 = ORIENTED_EDGE ( 'NONE', *, *, #1406, .T. ) ;
#1518 = ADVANCED_FACE ( 'NONE', ( #251 ), #2516, .F. ) ;
#1519 = DIRECTION ( 'NONE',  ( -0.000000000000000000, -1.000000000000000000, -0.000000000000000000 ) ) ;
#1520 = DIRECTION ( 'NONE',  ( 0.000000000000000000, -1.000000000000000000, 0.000000000000000000 ) ) ;
#1521 = EDGE_LOOP ( 'NONE', ( #1198, #1831, #808, #1328, #145, #73, #566 ) ) ;
#1522 = ADVANCED_FACE ( 'NONE', ( #910 ), #1691, .F. ) ;
#1523 = EDGE_CURVE ( 'NONE', #2202, #1046, #634, .T. ) ;
#1524 = LINE ( 'NONE', #2113, #2604 ) ;
#1525 = ORIENTED_EDGE ( 'NONE', *, *, #1213, .F. ) ;
#1526 = DIRECTION ( 'NONE',  ( 0.8660254037844387076, 0.000000000000000000, 0.4999999999999999445 ) ) ;
#1527 = CARTESIAN_POINT ( 'NONE',  ( 91.49999999999998579, 0.000000000000000000, -5.000000000000010658 ) ) ;
#1528 = VERTEX_POINT ( 'NONE', #679 ) ;
#1529 = DIRECTION ( 'NONE',  ( -8.316167683706407173E-17, -0.7071067811865501263, 0.7071067811865449082 ) ) ;
#1530 = FACE_OUTER_BOUND ( 'NONE', #2618, .T. ) ;
#1531 = DIRECTION ( 'NONE',  ( 0.000000000000000000, 0.000000000000000000, 1.000000000000000000 ) ) ;
#1532 = ORIENTED_EDGE ( 'NONE', *, *, #1452, .T. ) ;
#1533 = CARTESIAN_POINT ( 'NONE',  ( 23.01250000000001350, 0.3000000000000001554, -21.99999999999999645 ) ) ;
#1534 = ORIENTED_EDGE ( 'NONE', *, *, #247, .F. ) ;
#1535 = ORIENTED_EDGE ( 'NONE', *, *, #306, .T. ) ;
#1536 = PLANE ( 'NONE',  #1172 ) ;
#1537 = LINE ( 'NONE', #265, #572 ) ;
#1538 = EDGE_CURVE ( 'NONE', #539, #453, #52, .T. ) ;
#1539 = ORIENTED_EDGE ( 'NONE', *, *, #1345, .T. ) ;
#1540 = CARTESIAN_POINT ( 'NONE',  ( 94.27499999999999147, -2.500000000000000000, -47.35000000000001563 ) ) ;
#1541 = VERTEX_POINT ( 'NONE', #2079 ) ;
#1542 = DIRECTION ( 'NONE',  ( -0.8660254037844382635, 0.000000000000000000, 0.5000000000000005551 ) ) ;
#1543 = CIRCLE ( 'NONE', #1503, 1.599999999999997202 ) ;
#1544 = CIRCLE ( 'NONE', #2527, 2.050000000000003375 ) ;
#1545 = PLANE ( 'NONE',  #1592 ) ;
#1546 = DIRECTION ( 'NONE',  ( -0.000000000000000000, -1.000000000000000000, -0.000000000000000000 ) ) ;
#1547 = AXIS2_PLACEMENT_3D ( 'NONE', #1262, #694, #1505 ) ;
#1548 = ORIENTED_EDGE ( 'NONE', *, *, #2016, .F. ) ;
#1549 = CIRCLE ( 'NONE', #400, 2.049999999999996270 ) ;
#1550 = ORIENTED_EDGE ( 'NONE', *, *, #2125, .T. ) ;
#1551 = DIRECTION ( 'NONE',  ( -0.000000000000000000, 1.000000000000000000, -0.000000000000000000 ) ) ;
#1552 = CIRCLE ( 'NONE', #1089, 2.049999999999989164 ) ;
#1553 = DIRECTION ( 'NONE',  ( 1.000000000000000000, 0.000000000000000000, 1.176083712526649195E-16 ) ) ;
#1554 = VECTOR ( 'NONE', #2327, 1000.000000000000000 ) ;
#1555 = ORIENTED_EDGE ( 'NONE', *, *, #1932, .T. ) ;
#1556 = VECTOR ( 'NONE', #2333, 1000.000000000000000 ) ;
#1557 = EDGE_CURVE ( 'NONE', #2518, #1098, #1881, .T. ) ;
#1558 = CARTESIAN_POINT ( 'NONE',  ( 21.24999999999999289, -2.500000000000000000, -102.0000000000000142 ) ) ;
#1559 = PLANE ( 'NONE',  #1629 ) ;
#1560 = ORIENTED_EDGE ( 'NONE', *, *, #2291, .F. ) ;
#1561 = CARTESIAN_POINT ( 'NONE',  ( 63.26250000000000284, -1.700000000000000178, -25.91228675972853424 ) ) ;
#1562 = CARTESIAN_POINT ( 'NONE',  ( 33.26250000000001705, -1.700000000000000178, -29.08771324027146576 ) ) ;
#1563 = LINE ( 'NONE', #2148, #2488 ) ;
#1564 = ORIENTED_EDGE ( 'NONE', *, *, #968, .T. ) ;
#1565 = ORIENTED_EDGE ( 'NONE', *, *, #2542, .T. ) ;
#1566 = CARTESIAN_POINT ( 'NONE',  ( 94.27499999999999147, -2.500000000000000000, -89.15000000000000568 ) ) ;
#1567 = CARTESIAN_POINT ( 'NONE',  ( 45.51250000000000995, -2.500000000000000000, -65.00000000000001421 ) ) ;
#1568 = EDGE_LOOP ( 'NONE', ( #2008, #1325, #1320, #1428 ) ) ;
#1569 = CARTESIAN_POINT ( 'NONE',  ( 23.01250000000000639, 0.3000000000000001554, -47.30000000000001847 ) ) ;
#1570 = ORIENTED_EDGE ( 'NONE', *, *, #2174, .T. ) ;
#1571 = DIRECTION ( 'NONE',  ( 0.000000000000000000, 0.000000000000000000, -1.000000000000000000 ) ) ;
#1572 = LINE ( 'NONE', #1394, #358 ) ;
#1573 = DIRECTION ( 'NONE',  ( 0.000000000000000000, 0.000000000000000000, -1.000000000000000000 ) ) ;
#1574 = CARTESIAN_POINT ( 'NONE',  ( 23.01250000000001350, 1.500000000000000000, -21.99999999999999645 ) ) ;
#1575 = ORIENTED_EDGE ( 'NONE', *, *, #2564, .T. ) ;
#1576 = VERTEX_POINT ( 'NONE', #2322 ) ;
#1577 = ORIENTED_EDGE ( 'NONE', *, *, #675, .F. ) ;
#1578 = DIRECTION ( 'NONE',  ( -0.000000000000000000, 1.000000000000000000, -0.000000000000000000 ) ) ;
#1579 = CARTESIAN_POINT ( 'NONE',  ( 0.000000000000000000, 0.000000000000000000, 0.000000000000000000 ) ) ;
#1580 = VERTEX_POINT ( 'NONE', #2117 ) ;
#1581 = SURFACE_SIDE_STYLE ('',( #1369 ) ) ;
#1582 = DIRECTION ( 'NONE',  ( 0.000000000000000000, 0.000000000000000000, -1.000000000000000000 ) ) ;
#1583 = AXIS2_PLACEMENT_3D ( 'NONE', #105, #923, #1729 ) ;
#1584 = DIRECTION ( 'NONE',  ( -1.962615573354707803E-16, 0.7071067811865515695, -0.7071067811865435759 ) ) ;
#1585 = CIRCLE ( 'NONE', #1807, 1.600000000000000755 ) ;
#1586 = LINE ( 'NONE', #126, #1048 ) ;
#1587 = ORIENTED_EDGE ( 'NONE', *, *, #961, .T. ) ;
#1588 = VECTOR ( 'NONE', #2211, 1000.000000000000000 ) ;
#1589 = ORIENTED_EDGE ( 'NONE', *, *, #2423, .F. ) ;
#1590 = FACE_OUTER_BOUND ( 'NONE', #2600, .T. ) ;
#1591 = FACE_OUTER_BOUND ( 'NONE', #2045, .T. ) ;
#1592 = AXIS2_PLACEMENT_3D ( 'NONE', #2367, #952, #335 ) ;
#1593 = AXIS2_PLACEMENT_3D ( 'NONE', #2233, #1402, #391 ) ;
#1594 = VERTEX_POINT ( 'NONE', #299 ) ;
#1595 = AXIS2_PLACEMENT_3D ( 'NONE', #205, #1718, #568 ) ;
#1596 = VECTOR ( 'NONE', #2300, 1000.000000000000000 ) ;
#1597 =( LENGTH_UNIT ( ) NAMED_UNIT ( * ) SI_UNIT ( .MILLI., .METRE. ) );
#1598 = VECTOR ( 'NONE', #2539, 1000.000000000000000 ) ;
#1599 = FACE_BOUND ( 'NONE', #2253, .T. ) ;
#1600 = CARTESIAN_POINT ( 'NONE',  ( 94.27499999999999147, -2.500000000000000000, -45.75000000000001421 ) ) ;
#1601 = EDGE_CURVE ( 'NONE', #2504, #1602, #1475, .T. ) ;
#1602 = VERTEX_POINT ( 'NONE', #1918 ) ;
#1603 = VERTEX_POINT ( 'NONE', #95 ) ;
#1604 = DIRECTION ( 'NONE',  ( -0.000000000000000000, 1.000000000000000000, -0.000000000000000000 ) ) ;
#1605 = CARTESIAN_POINT ( 'NONE',  ( 94.27499999999999147, 0.000000000000000000, -90.75000000000001421 ) ) ;
#1606 = EDGE_CURVE ( 'NONE', #637, #2370, #1765, .T. ) ;
#1607 = EDGE_CURVE ( 'NONE', #2017, #1783, #1664, .T. ) ;
#1608 = ORIENTED_EDGE ( 'NONE', *, *, #773, .F. ) ;
#1609 = DIRECTION ( 'NONE',  ( 0.000000000000000000, -1.000000000000000000, 0.000000000000000000 ) ) ;
#1610 = EDGE_LOOP ( 'NONE', ( #59, #841, #1823, #2301, #1548, #2151, #1392 ) ) ;
#1611 = FACE_BOUND ( 'NONE', #2260, .T. ) ;
#1612 = CARTESIAN_POINT ( 'NONE',  ( -2.000000000000000000, 9.624143795447327676, 0.5000000000000177636 ) ) ;
#1613 = ORIENTED_EDGE ( 'NONE', *, *, #831, .T. ) ;
#1614 = ORIENTED_EDGE ( 'NONE', *, *, #2499, .T. ) ;
#1615 = CARTESIAN_POINT ( 'NONE',  ( 75.51250000000001705, -2.500999999999999890, -32.00000000000000711 ) ) ;
#1616 = FACE_OUTER_BOUND ( 'NONE', #35, .T. ) ;
#1617 = EDGE_LOOP ( 'NONE', ( #2517, #1791, #1902, #2306 ) ) ;
#1618 = EDGE_CURVE ( 'NONE', #187, #445, #863, .T. ) ;
#1619 = CARTESIAN_POINT ( 'NONE',  ( 1.000000000000000000, 1.500000000000000000, -5.000000000000000000 ) ) ;
#1620 = EDGE_CURVE ( 'NONE', #2515, #2398, #2487, .T. ) ;
#1621 = CARTESIAN_POINT ( 'NONE',  ( -6.750000000000033751, 0.000000000000000000, 9.499999999999992895 ) ) ;
#1622 =( NAMED_UNIT ( * ) PLANE_ANGLE_UNIT ( ) SI_UNIT ( $, .RADIAN. ) );
#1623 = ORIENTED_EDGE ( 'NONE', *, *, #653, .F. ) ;
#1624 = VERTEX_POINT ( 'NONE', #261 ) ;
#1625 = VECTOR ( 'NONE', #1754, 1000.000000000000000 ) ;
#1626 = PLANE ( 'NONE',  #643 ) ;
#1627 = CARTESIAN_POINT ( 'NONE',  ( -3.250000000000011546, -2.500000000000000000, -87.40000000000000568 ) ) ;
#1628 = CARTESIAN_POINT ( 'NONE',  ( 45.51250000000000995, 1.499999999999999556, -65.00000000000001421 ) ) ;
#1629 = AXIS2_PLACEMENT_3D ( 'NONE', #2567, #1931, #725 ) ;
#1630 = VECTOR ( 'NONE', #1757, 1000.000000000000000 ) ;
#1631 =( NAMED_UNIT ( * ) PLANE_ANGLE_UNIT ( ) SI_UNIT ( $, .RADIAN. ) );
#1632 = ADVANCED_FACE ( 'NONE', ( #1296 ), #1070, .F. ) ;
#1633 = CIRCLE ( 'NONE', #2606, 10.00000000000000178 ) ;
#1634 = CIRCLE ( 'NONE', #1507, 10.00000000000000178 ) ;
#1635 = AXIS2_PLACEMENT_3D ( 'NONE', #1444, #1099, #2284 ) ;
#1636 = CIRCLE ( 'NONE', #1341, 1.600000000000004086 ) ;
#1637 = ADVANCED_FACE ( 'NONE', ( #663 ), #2294, .F. ) ;
#1638 = DIRECTION ( 'NONE',  ( 0.000000000000000000, 0.000000000000000000, -1.000000000000000000 ) ) ;
#1639 = ORIENTED_EDGE ( 'NONE', *, *, #1506, .F. ) ;
#1640 = DIRECTION ( 'NONE',  ( -0.000000000000000000, 1.000000000000000000, -0.000000000000000000 ) ) ;
#1641 = DIRECTION ( 'NONE',  ( 8.673617379884035472E-16, -0.000000000000000000, 1.000000000000000000 ) ) ;
#1642 = EDGE_LOOP ( 'NONE', ( #2395, #1175, #2152, #2351 ) ) ;
#1643 = ORIENTED_EDGE ( 'NONE', *, *, #210, .F. ) ;
#1644 = CARTESIAN_POINT ( 'NONE',  ( 15.51250000000001350, -2.500000000000000000, -29.94999999999999574 ) ) ;
#1645 = FACE_OUTER_BOUND ( 'NONE', #1568, .T. ) ;
#1646 = CARTESIAN_POINT ( 'NONE',  ( -6.751000000000048296, -1.000000000000000000, 1.499999999999983569 ) ) ;
#1647 = EDGE_LOOP ( 'NONE', ( #289, #1969 ) ) ;
#1648 = ORIENTED_EDGE ( 'NONE', *, *, #690, .T. ) ;
#1649 = DIRECTION ( 'NONE',  ( -1.119176436114069085E-16, 0.000000000000000000, 1.000000000000000000 ) ) ;
#1650 = DIRECTION ( 'NONE',  ( 0.000000000000000000, 0.000000000000000000, 1.000000000000000000 ) ) ;
#1651 = PLANE ( 'NONE',  #1176 ) ;
#1652 = EDGE_CURVE ( 'NONE', #2134, #445, #2105, .T. ) ;
#1653 = EDGE_CURVE ( 'NONE', #1541, #2614, #475, .T. ) ;
#1654 = ORIENTED_EDGE ( 'NONE', *, *, #529, .F. ) ;
#1655 = CARTESIAN_POINT ( 'NONE',  ( 75.51250000000001705, -2.500999999999999890, -29.95000000000001350 ) ) ;
#1656 = ORIENTED_EDGE ( 'NONE', *, *, #714, .F. ) ;
#1657 = DIRECTION ( 'NONE',  ( 0.000000000000000000, 0.000000000000000000, -1.000000000000000000 ) ) ;
#1658 = CARTESIAN_POINT ( 'NONE',  ( 0.000000000000000000, 0.000000000000000000, -97.00000000000000000 ) ) ;
#1659 = DIRECTION ( 'NONE',  ( 0.000000000000000000, 0.000000000000000000, -1.000000000000000000 ) ) ;
#1660 = ORIENTED_EDGE ( 'NONE', *, *, #1218, .F. ) ;
#1661 = ORIENTED_EDGE ( 'NONE', *, *, #1375, .T. ) ;
#1662 = CARTESIAN_POINT ( 'NONE',  ( 0.000000000000000000, -1.700000000000000178, 0.000000000000000000 ) ) ;
#1663 = ORIENTED_EDGE ( 'NONE', *, *, #545, .F. ) ;
#1664 = LINE ( 'NONE', #454, #756 ) ;
#1665 = EDGE_CURVE ( 'NONE', #1603, #1580, #357, .T. ) ;
#1666 = EDGE_LOOP ( 'NONE', ( #2440, #1346 ) ) ;
#1667 = DIRECTION ( 'NONE',  ( -0.000000000000000000, -1.000000000000000000, -0.000000000000000000 ) ) ;
#1668 = CARTESIAN_POINT ( 'NONE',  ( 1.000000000000000888, 0.000000000000000000, 9.500000000000005329 ) ) ;
#1669 = EDGE_LOOP ( 'NONE', ( #1063, #377, #1399, #2288, #2410 ) ) ;
#1670 = ADVANCED_FACE ( 'NONE', ( #595 ), #2001, .F. ) ;
#1671 = DIRECTION ( 'NONE',  ( 0.000000000000000000, 0.000000000000000000, -1.000000000000000000 ) ) ;
#1672 = DIRECTION ( 'NONE',  ( 0.000000000000000000, -1.000000000000000000, 0.000000000000000000 ) ) ;
#1673 = AXIS2_PLACEMENT_3D ( 'NONE', #213, #1824, #1021 ) ;
#1674 = VECTOR ( 'NONE', #2595, 1000.000000000000114 ) ;
#1675 = VECTOR ( 'NONE', #2060, 1000.000000000000114 ) ;
#1676 = VERTEX_POINT ( 'NONE', #768 ) ;
#1677 = AXIS2_PLACEMENT_3D ( 'NONE', #1278, #1287, #1908 ) ;
#1678 = DIRECTION ( 'NONE',  ( 0.000000000000000000, 0.000000000000000000, 1.000000000000000000 ) ) ;
#1679 = CARTESIAN_POINT ( 'NONE',  ( -1.000000000000000000, 9.624143795447327676, 0.5000000000000168754 ) ) ;
#1680 = CARTESIAN_POINT ( 'NONE',  ( 30.51250000000001705, -2.501000000000000778, -29.09999999999999787 ) ) ;
#1681 = CIRCLE ( 'NONE', #112, 1.600000000000004086 ) ;
#1682 = DIRECTION ( 'NONE',  ( 0.000000000000000000, 0.000000000000000000, -1.000000000000000000 ) ) ;
#1683 = EDGE_CURVE ( 'NONE', #455, #1528, #1989, .T. ) ;
#1684 = VERTEX_POINT ( 'NONE', #2414 ) ;
#1685 = EDGE_LOOP ( 'NONE', ( #222, #2420, #1854, #1233 ) ) ;
#1686 = CYLINDRICAL_SURFACE ( 'NONE', #1467, 1.599999999999997202 ) ;
#1687 = LINE ( 'NONE', #501, #647 ) ;
#1688 = EDGE_CURVE ( 'NONE', #1684, #699, #1384, .T. ) ;
#1689 = PLANE ( 'NONE',  #1078 ) ;
#1690 = VERTEX_POINT ( 'NONE', #2198 ) ;
#1691 = CYLINDRICAL_SURFACE ( 'NONE', #1547, 2.049999999999996270 ) ;
#1692 = DIRECTION ( 'NONE',  ( 0.000000000000000000, 0.000000000000000000, 1.000000000000000000 ) ) ;
#1693 = DIRECTION ( 'NONE',  ( 0.000000000000000000, 0.000000000000000000, -1.000000000000000000 ) ) ;
#1694 = DIRECTION ( 'NONE',  ( 0.8660254037844388186, 0.000000000000000000, -0.4999999999999996114 ) ) ;
#1695 = ORIENTED_EDGE ( 'NONE', *, *, #1951, .T. ) ;
#1696 = ORIENTED_EDGE ( 'NONE', *, *, #2342, .T. ) ;
#1697 = CARTESIAN_POINT ( 'NONE',  ( 97.77500000000000568, -1.000000000000000000, -2.428612866367529932E-14 ) ) ;
#1698 = CARTESIAN_POINT ( 'NONE',  ( 30.51250000000001705, -1.700000000000000178, -27.49999999999999645 ) ) ;
#1699 = EDGE_CURVE ( 'NONE', #1753, #1100, #1801, .T. ) ;
#1700 = VERTEX_POINT ( 'NONE', #2168 ) ;
#1701 = ADVANCED_FACE ( 'NONE', ( #1777 ), #2219, .F. ) ;
#1702 = ORIENTED_EDGE ( 'NONE', *, *, #2003, .F. ) ;
#1703 = LINE ( 'NONE', #290, #2484 ) ;
#1704 = ORIENTED_EDGE ( 'NONE', *, *, #883, .F. ) ;
#1705 = CARTESIAN_POINT ( 'NONE',  ( 60.51250000000000284, -2.500000000000000000, -24.32457351945706137 ) ) ;
#1706 = DIRECTION ( 'NONE',  ( 0.000000000000000000, 0.000000000000000000, 1.000000000000000000 ) ) ;
#1707 = ORIENTED_EDGE ( 'NONE', *, *, #452, .F. ) ;
#1708 = DIRECTION ( 'NONE',  ( -1.090341985197072093E-16, -0.7071067811865435759, -0.7071067811865515695 ) ) ;
#1709 = ORIENTED_EDGE ( 'NONE', *, *, #1213, .T. ) ;
#1710 = PLANE ( 'NONE',  #236 ) ;
#1711 = VERTEX_POINT ( 'NONE', #1000 ) ;
#1712 = DIRECTION ( 'NONE',  ( 0.000000000000000000, 0.000000000000000000, -1.000000000000000000 ) ) ;
#1713 = CIRCLE ( 'NONE', #2520, 1.600000000000000755 ) ;
#1714 = DIRECTION ( 'NONE',  ( 1.000000000000000000, 0.000000000000000000, 0.000000000000000000 ) ) ;
#1715 = VECTOR ( 'NONE', #1657, 1000.000000000000000 ) ;
#1716 = EDGE_CURVE ( 'NONE', #1060, #1, #711, .T. ) ;
#1717 = CIRCLE ( 'NONE', #1123, 1.600000000000004086 ) ;
#1718 = DIRECTION ( 'NONE',  ( -0.000000000000000000, 1.000000000000000000, -0.000000000000000000 ) ) ;
#1719 = VECTOR ( 'NONE', #1181, 1000.000000000000000 ) ;
#1720 = VECTOR ( 'NONE', #2286, 1000.000000000000000 ) ;
#1721 = CARTESIAN_POINT ( 'NONE',  ( 21.24999999999999289, 0.000000000000000000, -102.0000000000000142 ) ) ;
#1722 = DIRECTION ( 'NONE',  ( 1.000000000000000000, -0.000000000000000000, -1.541976423090494647E-16 ) ) ;
#1723 = FACE_BOUND ( 'NONE', #78, .T. ) ;
#1724 = AXIS2_PLACEMENT_3D ( 'NONE', #1662, #820, #1239 ) ;
#1725 = CARTESIAN_POINT ( 'NONE',  ( 94.27499999999999147, -2.500000000000000000, -11.35000000000001918 ) ) ;
#1726 = ORIENTED_EDGE ( 'NONE', *, *, #1688, .T. ) ;
#1727 = CARTESIAN_POINT ( 'NONE',  ( 60.51250000000000995, -2.500000000000000000, -30.67542648054293153 ) ) ;
#1728 = EDGE_LOOP ( 'NONE', ( #684, #1859, #226, #2136 ) ) ;
#1729 = DIRECTION ( 'NONE',  ( 0.000000000000000000, 0.000000000000000000, 1.000000000000000000 ) ) ;
#1730 = LINE ( 'NONE', #2555, #1598 ) ;
#1731 = CARTESIAN_POINT ( 'NONE',  ( -6.750000000000009770, -2.500000000000000000, -107.0000000000000142 ) ) ;
#1732 = EDGE_CURVE ( 'NONE', #131, #1624, #2609, .T. ) ;
#1733 = DIRECTION ( 'NONE',  ( 0.000000000000000000, 0.000000000000000000, -1.000000000000000000 ) ) ;
#1734 = EDGE_CURVE ( 'NONE', #804, #83, #109, .T. ) ;
#1735 = EDGE_CURVE ( 'NONE', #878, #539, #2146, .T. ) ;
#1736 = CARTESIAN_POINT ( 'NONE',  ( -1.000000000000000000, 0.000000000000000000, -5.000000000000000888 ) ) ;
#1737 = LINE ( 'NONE', #99, #614 ) ;
#1738 = DIRECTION ( 'NONE',  ( 0.000000000000000000, 0.000000000000000000, -1.000000000000000000 ) ) ;
#1739 = ORIENTED_EDGE ( 'NONE', *, *, #2477, .F. ) ;
#1740 = DIRECTION ( 'NONE',  ( -0.000000000000000000, 1.000000000000000000, -0.000000000000000000 ) ) ;
#1741 = DIRECTION ( 'NONE',  ( 1.000000000000000000, 0.000000000000000000, 4.336808689942017736E-15 ) ) ;
#1742 = ORIENTED_EDGE ( 'NONE', *, *, #548, .F. ) ;
#1743 = CARTESIAN_POINT ( 'NONE',  ( -3.250000000000011546, 0.000000000000000000, -89.00000000000001421 ) ) ;
#1744 = PRODUCT ( '\X2\5e95677f\X0\', '\X2\5e95677f\X0\', '', ( #1027 ) ) ;
#1745 = ORIENTED_EDGE ( 'NONE', *, *, #259, .F. ) ;
#1746 = CARTESIAN_POINT ( 'NONE',  ( 27.76250000000001350, -2.500000000000000000, -29.08771324027146932 ) ) ;
#1747 = CARTESIAN_POINT ( 'NONE',  ( 33.26250000000001705, -2.500000000000000000, -29.08771324027146576 ) ) ;
#1748 = LINE ( 'NONE', #953, #2029 ) ;
#1749 = ORIENTED_EDGE ( 'NONE', *, *, #545, .T. ) ;
#1750 = ORIENTED_EDGE ( 'NONE', *, *, #1151, .F. ) ;
#1751 = DIRECTION ( 'NONE',  ( 0.000000000000000000, -1.000000000000000000, 0.000000000000000000 ) ) ;
#1752 = PLANE ( 'NONE',  #1420 ) ;
#1753 = VERTEX_POINT ( 'NONE', #1974 ) ;
#1754 = DIRECTION ( 'NONE',  ( 1.000000000000000000, 0.000000000000000000, 0.000000000000000000 ) ) ;
#1755 = CARTESIAN_POINT ( 'NONE',  ( 15.51250000000001350, -2.500999999999999890, -32.00000000000000000 ) ) ;
#1756 = EDGE_LOOP ( 'NONE', ( #1981, #1857 ) ) ;
#1757 = DIRECTION ( 'NONE',  ( -1.000000000000000000, -0.000000000000000000, -0.000000000000000000 ) ) ;
#1758 = ORIENTED_EDGE ( 'NONE', *, *, #961, .F. ) ;
#1759 = DIRECTION ( 'NONE',  ( -0.000000000000000000, 1.000000000000000000, -0.000000000000000000 ) ) ;
#1760 = AXIS2_PLACEMENT_3D ( 'NONE', #1731, #2540, #1357 ) ;
#1761 = EDGE_LOOP ( 'NONE', ( #2597, #1913 ) ) ;
#1762 = DIRECTION ( 'NONE',  ( -0.000000000000000000, -1.000000000000000000, -0.000000000000000000 ) ) ;
#1763 = CARTESIAN_POINT ( 'NONE',  ( 33.26250000000001705, -2.500000000000000000, -25.91228675972852358 ) ) ;
#1764 = ORIENTED_EDGE ( 'NONE', *, *, #1157, .F. ) ;
#1765 = CIRCLE ( 'NONE', #1635, 1.599999999999997202 ) ;
#1766 = ORIENTED_EDGE ( 'NONE', *, *, #2125, .F. ) ;
#1767 = ORIENTED_EDGE ( 'NONE', *, *, #1601, .T. ) ;
#1768 = DIRECTION ( 'NONE',  ( 0.000000000000000000, 0.000000000000000000, -1.000000000000000000 ) ) ;
#1769 = DIRECTION ( 'NONE',  ( 1.000000000000000000, 0.000000000000000000, 0.000000000000000000 ) ) ;
#1770 = VECTOR ( 'NONE', #2290, 1000.000000000000000 ) ;
#1771 = DIRECTION ( 'NONE',  ( 0.000000000000000000, 0.000000000000000000, -1.000000000000000000 ) ) ;
#1772 = VECTOR ( 'NONE', #1182, 1000.000000000000000 ) ;
#1773 = ORIENTED_EDGE ( 'NONE', *, *, #928, .F. ) ;
#1774 = ORIENTED_EDGE ( 'NONE', *, *, #1607, .F. ) ;
#1775 = ADVANCED_FACE ( 'NONE', ( #967 ), #979, .F. ) ;
#1776 = EDGE_CURVE ( 'NONE', #344, #1173, #2192, .T. ) ;
#1777 = FACE_OUTER_BOUND ( 'NONE', #546, .T. ) ;
#1778 = DIRECTION ( 'NONE',  ( 0.000000000000000000, 0.000000000000000000, -1.000000000000000000 ) ) ;
#1779 = CARTESIAN_POINT ( 'NONE',  ( 0.000000000000000000, 2.000000000000000000, -97.00000000000000000 ) ) ;
#1780 = DIRECTION ( 'NONE',  ( -0.000000000000000000, 1.000000000000000000, -0.000000000000000000 ) ) ;
#1781 = LINE ( 'NONE', #308, #2403 ) ;
#1782 = CARTESIAN_POINT ( 'NONE',  ( -3.250000000000034639, -2.500000000000000000, -13.00000000000001066 ) ) ;
#1783 = VERTEX_POINT ( 'NONE', #1788 ) ;
#1784 = EDGE_LOOP ( 'NONE', ( #1290, #2522, #1504, #624, #1534, #940 ) ) ;
#1785 = LINE ( 'NONE', #178, #1039 ) ;
#1786 = CARTESIAN_POINT ( 'NONE',  ( 75.51250000000001705, -2.500999999999999890, -34.04999999999999716 ) ) ;
#1787 = EDGE_LOOP ( 'NONE', ( #1119, #2163 ) ) ;
#1788 = CARTESIAN_POINT ( 'NONE',  ( 97.77500000000000568, -2.500000000000000000, -2.428612866367529932E-14 ) ) ;
#1789 = DIRECTION ( 'NONE',  ( 1.000000000000000000, 0.000000000000000000, -0.000000000000000000 ) ) ;
#1790 = EDGE_CURVE ( 'NONE', #1100, #215, #2013, .T. ) ;
#1791 = ORIENTED_EDGE ( 'NONE', *, *, #2004, .F. ) ;
#1792 = LINE ( 'NONE', #125, #1719 ) ;
#1793 = CYLINDRICAL_SURFACE ( 'NONE', #1385, 1.600000000000000755 ) ;
#1794 = ORIENTED_EDGE ( 'NONE', *, *, #2141, .F. ) ;
#1795 = ORIENTED_EDGE ( 'NONE', *, *, #2619, .T. ) ;
#1796 = ORIENTED_EDGE ( 'NONE', *, *, #2477, .T. ) ;
#1797 = CARTESIAN_POINT ( 'NONE',  ( 92.99999999999998579, 0.000000000000000000, 9.500000000000005329 ) ) ;
#1798 = CARTESIAN_POINT ( 'NONE',  ( 45.51250000000000995, -2.500999999999999890, -65.00000000000001421 ) ) ;
#1799 = CYLINDRICAL_SURFACE ( 'NONE', #2276, 2.049999999999992717 ) ;
#1800 = EDGE_LOOP ( 'NONE', ( #331, #6 ) ) ;
#1801 = LINE ( 'NONE', #2616, #1128 ) ;
#1802 = MANIFOLD_SOLID_BREP ( 'ÇÐ³ý-À­Éì9', #246 ) ;
#1803 = DIRECTION ( 'NONE',  ( 0.000000000000000000, 0.000000000000000000, 1.000000000000000000 ) ) ;
#1804 = ORIENTED_EDGE ( 'NONE', *, *, #736, .T. ) ;
#1805 = CARTESIAN_POINT ( 'NONE',  ( -3.250000000000034639, -2.500000000000000000, -11.40000000000001101 ) ) ;
#1806 = EDGE_CURVE ( 'NONE', #2086, #2214, #2591, .T. ) ;
#1807 = AXIS2_PLACEMENT_3D ( 'NONE', #824, #1832, #2244 ) ;
#1808 = ORIENTED_EDGE ( 'NONE', *, *, #1699, .F. ) ;
#1809 = AXIS2_PLACEMENT_3D ( 'NONE', #1235, #2622, #427 ) ;
#1810 = VERTEX_POINT ( 'NONE', #630 ) ;
#1811 = FACE_OUTER_BOUND ( 'NONE', #1158, .T. ) ;
#1812 = CARTESIAN_POINT ( 'NONE',  ( -6.750000000000023093, -1.000000000000000000, 9.500000000000005329 ) ) ;
#1813 = CARTESIAN_POINT ( 'NONE',  ( -6.750000000000023093, -2.500000000000000000, -3.590866403507626715E-14 ) ) ;
#1814 = VECTOR ( 'NONE', #2072, 1000.000000000000000 ) ;
#1815 = VERTEX_POINT ( 'NONE', #410 ) ;
#1816 = AXIS2_PLACEMENT_3D ( 'NONE', #2237, #1431, #2083 ) ;
#1817 = CARTESIAN_POINT ( 'NONE',  ( -3.250000000000011546, -2.500000000000000000, -89.00000000000001421 ) ) ;
#1818 = CIRCLE ( 'NONE', #1006, 2.050000000000003375 ) ;
#1819 = DIRECTION ( 'NONE',  ( 0.000000000000000000, 0.000000000000000000, -1.000000000000000000 ) ) ;
#1820 = ORIENTED_EDGE ( 'NONE', *, *, #2004, .T. ) ;
#1821 = VERTEX_POINT ( 'NONE', #656 ) ;
#1822 = EDGE_CURVE ( 'NONE', #2197, #1821, #1024, .T. ) ;
#1823 = ORIENTED_EDGE ( 'NONE', *, *, #2196, .T. ) ;
#1824 = DIRECTION ( 'NONE',  ( -0.000000000000000000, 1.000000000000000000, -0.000000000000000000 ) ) ;
#1825 = LINE ( 'NONE', #1065, #1675 ) ;
#1826 = VERTEX_POINT ( 'NONE', #2074 ) ;
#1827 = EDGE_CURVE ( 'NONE', #1624, #131, #446, .T. ) ;
#1828 = DIRECTION ( 'NONE',  ( 0.000000000000000000, 0.000000000000000000, -1.000000000000000000 ) ) ;
#1829 = CARTESIAN_POINT ( 'NONE',  ( 94.27499999999999147, 0.000000000000000000, -44.15000000000000568 ) ) ;
#1830 = DIRECTION ( 'NONE',  ( 0.000000000000000000, 0.000000000000000000, -1.000000000000000000 ) ) ;
#1831 = ORIENTED_EDGE ( 'NONE', *, *, #259, .T. ) ;
#1832 = DIRECTION ( 'NONE',  ( 0.000000000000000000, -1.000000000000000000, 0.000000000000000000 ) ) ;
#1833 = EDGE_LOOP ( 'NONE', ( #1919, #1246, #1377, #1587, #1446, #834, #885 ) ) ;
#1834 = LINE ( 'NONE', #8, #748 ) ;
#1835 = CARTESIAN_POINT ( 'NONE',  ( 15.51250000000001350, -2.500000000000000000, -34.05000000000000426 ) ) ;
#1836 = ADVANCED_FACE ( 'NONE', ( #2052, #432 ), #2446, .T. ) ;
#1837 = DIRECTION ( 'NONE',  ( 1.000000000000000000, 0.000000000000000000, -7.709882115452475701E-17 ) ) ;
#1838 = ADVANCED_FACE ( 'NONE', ( #2042 ), #641, .F. ) ;
#1839 = CARTESIAN_POINT ( 'NONE',  ( 94.27499999999999147, -2.500000000000000000, -47.35000000000001563 ) ) ;
#1840 = DIRECTION ( 'NONE',  ( 1.000000000000000000, 0.000000000000000000, -8.673617379884035472E-16 ) ) ;
#1841 = ORIENTED_EDGE ( 'NONE', *, *, #2241, .T. ) ;
#1842 = EDGE_LOOP ( 'NONE', ( #932, #164, #180, #32 ) ) ;
#1843 = CARTESIAN_POINT ( 'NONE',  ( 15.51250000000001350, 1.499999999999999556, -34.05000000000000426 ) ) ;
#1844 = CYLINDRICAL_SURFACE ( 'NONE', #1459, 1.599999999999997202 ) ;
#1845 = VERTEX_POINT ( 'NONE', #2274 ) ;
#1846 = VECTOR ( 'NONE', #2183, 1000.000000000000000 ) ;
#1847 = CARTESIAN_POINT ( 'NONE',  ( 97.77500000000000568, -2.500000000000000000, 17.00000000000000355 ) ) ;
#1848 = AXIS2_PLACEMENT_3D ( 'NONE', #1509, #901, #866 ) ;
#1849 = ADVANCED_FACE ( 'NONE', ( #1066 ), #619, .F. ) ;
#1850 = VECTOR ( 'NONE', #179, 1000.000000000000000 ) ;
#1851 = ADVANCED_FACE ( 'NONE', ( #1036 ), #1442, .F. ) ;
#1852 = VECTOR ( 'NONE', #1462, 1000.000000000000000 ) ;
#1853 = VECTOR ( 'NONE', #1531, 1000.000000000000000 ) ;
#1854 = ORIENTED_EDGE ( 'NONE', *, *, #2220, .T. ) ;
#1855 = DIRECTION ( 'NONE',  ( 0.000000000000000000, -1.000000000000000000, 0.000000000000000000 ) ) ;
#1856 = SHAPE_DEFINITION_REPRESENTATION ( #1961, #2149 ) ;
#1857 = ORIENTED_EDGE ( 'NONE', *, *, #1004, .F. ) ;
#1858 = CARTESIAN_POINT ( 'NONE',  ( -6.750000000000024869, -2.500000000000000000, 17.00000000000000355 ) ) ;
#1859 = ORIENTED_EDGE ( 'NONE', *, *, #262, .T. ) ;
#1860 = DIRECTION ( 'NONE',  ( 7.913772473204563728E-17, -0.7071067811865430208, -0.7071067811865521247 ) ) ;
#1861 = CARTESIAN_POINT ( 'NONE',  ( 37.91315792321468336, 1.499999999999999112, -48.50000000000000711 ) ) ;
#1862 = EDGE_LOOP ( 'NONE', ( #813, #492 ) ) ;
#1863 = VERTEX_POINT ( 'NONE', #1619 ) ;
#1864 = CARTESIAN_POINT ( 'NONE',  ( 92.99999999999998579, 0.5000000000000004441, 9.500000000000005329 ) ) ;
#1865 = CARTESIAN_POINT ( 'NONE',  ( -3.250000000000011546, 0.000000000000000000, -89.00000000000001421 ) ) ;
#1866 = CARTESIAN_POINT ( 'NONE',  ( 68.01250000000001705, 0.3000000000000001554, -47.30000000000003268 ) ) ;
#1867 = EDGE_CURVE ( 'NONE', #2346, #2086, #1454, .T. ) ;
#1868 = ORIENTED_EDGE ( 'NONE', *, *, #1120, .T. ) ;
#1869 = DIRECTION ( 'NONE',  ( -1.000000000000000000, 0.000000000000000000, 0.000000000000000000 ) ) ;
#1870 = EDGE_CURVE ( 'NONE', #2017, #628, #868, .T. ) ;
#1871 = VERTEX_POINT ( 'NONE', #1055 ) ;
#1872 = LINE ( 'NONE', #46, #1455 ) ;
#1873 = FACE_OUTER_BOUND ( 'NONE', #1685, .T. ) ;
#1874 = CARTESIAN_POINT ( 'NONE',  ( 27.76250000000001350, -2.500000000000000000, -29.08771324027146932 ) ) ;
#1875 = ORIENTED_EDGE ( 'NONE', *, *, #2462, .F. ) ;
#1876 = ORIENTED_EDGE ( 'NONE', *, *, #1523, .T. ) ;
#1877 = DIRECTION ( 'NONE',  ( -0.000000000000000000, -0.000000000000000000, -1.000000000000000000 ) ) ;
#1878 = DIRECTION ( 'NONE',  ( -0.000000000000000000, 1.000000000000000000, -0.000000000000000000 ) ) ;
#1879 = EDGE_LOOP ( 'NONE', ( #1433, #389, #2369, #557 ) ) ;
#1880 = EDGE_CURVE ( 'NONE', #348, #1845, #2573, .T. ) ;
#1881 = LINE ( 'NONE', #1896, #1084 ) ;
#1882 = EDGE_CURVE ( 'NONE', #2334, #2255, #1417, .T. ) ;
#1883 = ORIENTED_EDGE ( 'NONE', *, *, #1776, .T. ) ;
#1884 = EDGE_CURVE ( 'NONE', #2230, #537, #2433, .T. ) ;
#1885 = LINE ( 'NONE', #1679, #2603 ) ;
#1886 = LINE ( 'NONE', #682, #23 ) ;
#1887 = CARTESIAN_POINT ( 'NONE',  ( 33.26250000000001705, -1.700000000000000178, -25.91228675972852358 ) ) ;
#1888 = ORIENTED_EDGE ( 'NONE', *, *, #1618, .F. ) ;
#1889 = LINE ( 'NONE', #2133, #98 ) ;
#1890 = DIRECTION ( 'NONE',  ( 0.000000000000000000, 0.000000000000000000, -1.000000000000000000 ) ) ;
#1891 = VECTOR ( 'NONE', #45, 1000.000000000000000 ) ;
#1892 = VECTOR ( 'NONE', #1584, 999.9999999999998863 ) ;
#1893 = VECTOR ( 'NONE', #828, 1000.000000000000000 ) ;
#1894 = ORIENTED_EDGE ( 'NONE', *, *, #1665, .T. ) ;
#1895 = AXIS2_PLACEMENT_3D ( 'NONE', #373, #1609, #2399 ) ;
#1896 = CARTESIAN_POINT ( 'NONE',  ( 68.01250000000001705, 1.500000000000000000, -48.50000000000001421 ) ) ;
#1897 = CARTESIAN_POINT ( 'NONE',  ( -6.750000000000024869, -2.500000000000000000, 17.00000000000000355 ) ) ;
#1898 = CARTESIAN_POINT ( 'NONE',  ( 69.24999999999998579, -2.500000000000000000, -100.4000000000000057 ) ) ;
#1899 = CARTESIAN_POINT ( 'NONE',  ( 90.49999999999998579, 2.000000000000000000, 0.000000000000000000 ) ) ;
#1900 = FACE_OUTER_BOUND ( 'NONE', #629, .T. ) ;
#1901 = EDGE_CURVE ( 'NONE', #2398, #2515, #1003, .T. ) ;
#1902 = ORIENTED_EDGE ( 'NONE', *, *, #2292, .F. ) ;
#1903 = CARTESIAN_POINT ( 'NONE',  ( 97.77500000000000568, -1.000000000000000000, 1.499999999999989342 ) ) ;
#1904 = ADVANCED_FACE ( 'NONE', ( #603 ), #2, .F. ) ;
#1905 = DIRECTION ( 'NONE',  ( 0.000000000000000000, 0.000000000000000000, 1.000000000000000000 ) ) ;
#1906 = ORIENTED_EDGE ( 'NONE', *, *, #622, .F. ) ;
#1907 = ORIENTED_EDGE ( 'NONE', *, *, #1620, .T. ) ;
#1908 = DIRECTION ( 'NONE',  ( 0.000000000000000000, 0.000000000000000000, -1.000000000000000000 ) ) ;
#1909 = EDGE_LOOP ( 'NONE', ( #212, #1075, #403, #152, #1774, #2572 ) ) ;
#1910 = ORIENTED_EDGE ( 'NONE', *, *, #2088, .F. ) ;
#1911 = DIRECTION ( 'NONE',  ( -0.000000000000000000, 1.000000000000000000, -0.000000000000000000 ) ) ;
#1912 = FACE_OUTER_BOUND ( 'NONE', #1669, .T. ) ;
#1913 = ORIENTED_EDGE ( 'NONE', *, *, #2378, .T. ) ;
#1914 = EDGE_CURVE ( 'NONE', #1594, #1815, #877, .T. ) ;
#1915 = CARTESIAN_POINT ( 'NONE',  ( 75.51250000000001705, 1.499999999999999556, -34.04999999999999716 ) ) ;
#1916 = DIRECTION ( 'NONE',  ( 0.000000000000000000, 0.000000000000000000, -1.000000000000000000 ) ) ;
#1917 = LINE ( 'NONE', #858, #2098 ) ;
#1918 = CARTESIAN_POINT ( 'NONE',  ( 30.51250000000001705, -2.500000000000000000, -24.32457351945705426 ) ) ;
#1919 = ORIENTED_EDGE ( 'NONE', *, *, #225, .T. ) ;
#1920 = CARTESIAN_POINT ( 'NONE',  ( -6.750000000000009770, -2.500000000000000000, -107.0000000000000142 ) ) ;
#1921 = FACE_OUTER_BOUND ( 'NONE', #1610, .T. ) ;
#1922 = CARTESIAN_POINT ( 'NONE',  ( 30.51250000000001705, -1.700000000000000178, -24.32457351945705426 ) ) ;
#1923 = ORIENTED_EDGE ( 'NONE', *, *, #54, .F. ) ;
#1924 = EDGE_LOOP ( 'NONE', ( #713, #278 ) ) ;
#1925 = DIRECTION ( 'NONE',  ( -1.090341985197072093E-16, -0.7071067811865435759, -0.7071067811865515695 ) ) ;
#1926 = ORIENTED_EDGE ( 'NONE', *, *, #2196, .F. ) ;
#1927 = FACE_OUTER_BOUND ( 'NONE', #220, .T. ) ;
#1928 = AXIS2_PLACEMENT_3D ( 'NONE', #930, #1708, #77 ) ;
#1929 = ORIENTED_EDGE ( 'NONE', *, *, #2221, .T. ) ;
#1930 = VECTOR ( 'NONE', #1447, 1000.000000000000000 ) ;
#1931 = DIRECTION ( 'NONE',  ( -4.336808689942016947E-15, 0.000000000000000000, 1.000000000000000000 ) ) ;
#1932 = EDGE_CURVE ( 'NONE', #1350, #1863, #1093, .T. ) ;
#1933 = EDGE_LOOP ( 'NONE', ( #2111, #1437, #1403, #849, #2190, #2128, #326, #2432, #739, #2438, #188, #2218, #2465, #844, #2078, #964 ) ) ;
#1934 = AXIS2_PLACEMENT_3D ( 'NONE', #386, #2018, #1026 ) ;
#1935 = AXIS2_PLACEMENT_3D ( 'NONE', #601, #2073, #2269 ) ;
#1936 = VECTOR ( 'NONE', #988, 1000.000000000000000 ) ;
#1937 = CIRCLE ( 'NONE', #364, 1.600000000000004086 ) ;
#1938 = DIRECTION ( 'NONE',  ( -0.000000000000000000, 1.000000000000000000, -0.000000000000000000 ) ) ;
#1939 = CARTESIAN_POINT ( 'NONE',  ( 69.24999999999998579, -2.500000000000000000, -102.0000000000000142 ) ) ;
#1940 = DIRECTION ( 'NONE',  ( -0.8660254037844388186, 0.000000000000000000, 0.4999999999999996669 ) ) ;
#1941 = ORIENTED_EDGE ( 'NONE', *, *, #1299, .F. ) ;
#1942 = ORIENTED_EDGE ( 'NONE', *, *, #2050, .F. ) ;
#1943 = LINE ( 'NONE', #118, #2142 ) ;
#1944 = ORIENTED_EDGE ( 'NONE', *, *, #2503, .F. ) ;
#1945 = DIRECTION ( 'NONE',  ( -0.000000000000000000, 1.000000000000000000, -0.000000000000000000 ) ) ;
#1946 = ORIENTED_EDGE ( 'NONE', *, *, #2050, .T. ) ;
#1947 = EDGE_CURVE ( 'NONE', #355, #957, #2066, .T. ) ;
#1948 = EDGE_LOOP ( 'NONE', ( #2250, #702, #579, #1265, #1994, #691 ) ) ;
#1949 = FACE_OUTER_BOUND ( 'NONE', #2314, .T. ) ;
#1950 = CARTESIAN_POINT ( 'NONE',  ( -1.000000000000000000, 0.5000000000000000000, -5.000000000000000888 ) ) ;
#1951 = EDGE_CURVE ( 'NONE', #1988, #628, #65, .T. ) ;
#1952 = FACE_OUTER_BOUND ( 'NONE', #2070, .T. ) ;
#1953 = VERTEX_POINT ( 'NONE', #471 ) ;
#1954 = VERTEX_POINT ( 'NONE', #1903 ) ;
#1955 = ORIENTED_EDGE ( 'NONE', *, *, #481, .F. ) ;
#1956 = CARTESIAN_POINT ( 'NONE',  ( 0.000000000000000000, 0.5000000000000000000, 0.000000000000000000 ) ) ;
#1957 = DIRECTION ( 'NONE',  ( -0.000000000000000000, -1.000000000000000000, -0.000000000000000000 ) ) ;
#1958 = VERTEX_POINT ( 'NONE', #512 ) ;
#1959 = CARTESIAN_POINT ( 'NONE',  ( 69.24999999999998579, -2.500000000000000000, -102.0000000000000142 ) ) ;
#1960 = ORIENTED_EDGE ( 'NONE', *, *, #991, .T. ) ;
#1961 = PRODUCT_DEFINITION_SHAPE ( 'NONE', 'NONE',  #1272 ) ;
#1962 = FACE_OUTER_BOUND ( 'NONE', #2047, .T. ) ;
#1963 = EDGE_LOOP ( 'NONE', ( #7, #947 ) ) ;
#1964 = DIRECTION ( 'NONE',  ( 1.495451272393798803E-16, 0.000000000000000000, 1.000000000000000000 ) ) ;
#1965 = VERTEX_POINT ( 'NONE', #2315 ) ;
#1966 = LINE ( 'NONE', #2172, #157 ) ;
#1967 = DIRECTION ( 'NONE',  ( -0.000000000000000000, 1.000000000000000000, -0.000000000000000000 ) ) ;
#1968 = EDGE_LOOP ( 'NONE', ( #1080, #2143, #100, #623 ) ) ;
#1969 = ORIENTED_EDGE ( 'NONE', *, *, #297, .T. ) ;
#1970 = DIRECTION ( 'NONE',  ( -0.8660254037844380415, 0.000000000000000000, 0.5000000000000012212 ) ) ;
#1971 = DIRECTION ( 'NONE',  ( 0.000000000000000000, 0.000000000000000000, 1.000000000000000000 ) ) ;
#1972 = VERTEX_POINT ( 'NONE', #1514 ) ;
#1973 = VERTEX_POINT ( 'NONE', #2123 ) ;
#1974 = CARTESIAN_POINT ( 'NONE',  ( 97.77500000000000568, -1.000000000000000000, 9.500000000000005329 ) ) ;
#1975 = CIRCLE ( 'NONE', #1165, 1.599999999999997202 ) ;
#1976 = DIRECTION ( 'NONE',  ( -0.5000000000000006661, 0.000000000000000000, -0.8660254037844383745 ) ) ;
#1977 = AXIS2_PLACEMENT_3D ( 'NONE', #2139, #121, #2360 ) ;
#1978 = FACE_BOUND ( 'NONE', #589, .T. ) ;
#1979 = DIRECTION ( 'NONE',  ( 0.8660254037844382635, 0.000000000000000000, -0.5000000000000005551 ) ) ;
#1980 = CIRCLE ( 'NONE', #1934, 1.600000000000000755 ) ;
#1981 = ORIENTED_EDGE ( 'NONE', *, *, #676, .F. ) ;
#1982 = AXIS2_PLACEMENT_3D ( 'NONE', #1012, #21, #618 ) ;
#1983 = EDGE_LOOP ( 'NONE', ( #511, #1517 ) ) ;
#1984 = FACE_OUTER_BOUND ( 'NONE', #2497, .T. ) ;
#1985 = AXIS2_PLACEMENT_3D ( 'NONE', #1817, #2210, #1571 ) ;
#1986 = DIRECTION ( 'NONE',  ( -0.000000000000000000, -1.000000000000000000, -0.000000000000000000 ) ) ;
#1987 = EDGE_CURVE ( 'NONE', #1173, #344, #1552, .T. ) ;
#1988 = VERTEX_POINT ( 'NONE', #722 ) ;
#1989 = LINE ( 'NONE', #2180, #1936 ) ;
#1990 = EDGE_CURVE ( 'NONE', #1602, #1965, #894, .T. ) ;
#1991 = CARTESIAN_POINT ( 'NONE',  ( 94.27499999999999147, 0.000000000000000000, -11.35000000000001918 ) ) ;
#1992 = CARTESIAN_POINT ( 'NONE',  ( 30.51250000000000995, -1.700000000000000178, -30.67542648054294219 ) ) ;
#1993 = DIRECTION ( 'NONE',  ( 0.000000000000000000, 0.000000000000000000, -1.000000000000000000 ) ) ;
#1994 = ORIENTED_EDGE ( 'NONE', *, *, #736, .F. ) ;
#1995 = ORIENTED_EDGE ( 'NONE', *, *, #716, .F. ) ;
#1996 = DIRECTION ( 'NONE',  ( 0.000000000000000000, 0.000000000000000000, 1.000000000000000000 ) ) ;
#1997 = CARTESIAN_POINT ( 'NONE',  ( 27.76250000000001350, -1.700000000000000178, -29.08771324027146932 ) ) ;
#1998 = CARTESIAN_POINT ( 'NONE',  ( 1.000000000000000000, 0.5000000000000000000, -5.000000000000000000 ) ) ;
#1999 = VERTEX_POINT ( 'NONE', #485 ) ;
#2000 = ADVANCED_FACE ( 'NONE', ( #671 ), #2552, .F. ) ;
#2001 = PLANE ( 'NONE',  #363 ) ;
#2002 = DIRECTION ( 'NONE',  ( -0.000000000000000000, 1.000000000000000000, -0.000000000000000000 ) ) ;
#2003 = EDGE_CURVE ( 'NONE', #329, #2621, #921, .T. ) ;
#2004 = EDGE_CURVE ( 'NONE', #1700, #2621, #1524, .T. ) ;
#2005 = CARTESIAN_POINT ( 'NONE',  ( 1.000000000000000888, 0.5000000000000000000, 9.500000000000005329 ) ) ;
#2006 = CYLINDRICAL_SURFACE ( 'NONE', #2319, 1.600000000000004086 ) ;
#2007 = LINE ( 'NONE', #561, #799 ) ;
#2008 = ORIENTED_EDGE ( 'NONE', *, *, #1299, .T. ) ;
#2009 = ORIENTED_EDGE ( 'NONE', *, *, #1882, .T. ) ;
#2010 = PLANE ( 'NONE',  #833 ) ;
#2011 = LINE ( 'NONE', #1813, #1085 ) ;
#2012 = ORIENTED_EDGE ( 'NONE', *, *, #1231, .F. ) ;
#2013 = LINE ( 'NONE', #2531, #2406 ) ;
#2014 = EDGE_CURVE ( 'NONE', #628, #1690, #1687, .T. ) ;
#2015 = ADVANCED_FACE ( 'NONE', ( #303 ), #1710, .F. ) ;
#2016 = EDGE_CURVE ( 'NONE', #602, #116, #1943, .T. ) ;
#2017 = VERTEX_POINT ( 'NONE', #2330 ) ;
#2018 = DIRECTION ( 'NONE',  ( 0.000000000000000000, -1.000000000000000000, 0.000000000000000000 ) ) ;
#2019 = CIRCLE ( 'NONE', #870, 2.049999999999989164 ) ;
#2020 =( NAMED_UNIT ( * ) SI_UNIT ( $, .STERADIAN. ) SOLID_ANGLE_UNIT ( ) );
#2021 = ORIENTED_EDGE ( 'NONE', *, *, #1870, .F. ) ;
#2022 = AXIS2_PLACEMENT_3D ( 'NONE', #764, #1366, #943 ) ;
#2023 = VERTEX_POINT ( 'NONE', #1915 ) ;
#2024 = LINE ( 'NONE', #1011, #2569 ) ;
#2025 = LINE ( 'NONE', #2248, #1893 ) ;
#2026 = AXIS2_PLACEMENT_3D ( 'NONE', #700, #1667, #2326 ) ;
#2027 = VECTOR ( 'NONE', #2258, 1000.000000000000000 ) ;
#2028 = ORIENTED_EDGE ( 'NONE', *, *, #1489, .F. ) ;
#2029 = VECTOR ( 'NONE', #337, 1000.000000000000000 ) ;
#2030 = DIRECTION ( 'NONE',  ( 0.000000000000000000, 0.000000000000000000, 1.000000000000000000 ) ) ;
#2031 = VECTOR ( 'NONE', #1526, 1000.000000000000000 ) ;
#2032 = DIRECTION ( 'NONE',  ( 0.000000000000000000, 0.000000000000000000, -1.000000000000000000 ) ) ;
#2033 = EDGE_LOOP ( 'NONE', ( #1187, #2270, #588, #2553 ) ) ;
#2034 = EDGE_CURVE ( 'NONE', #26, #1684, #904, .T. ) ;
#2035 = CARTESIAN_POINT ( 'NONE',  ( 0.000000000000000000, 0.3000000000000001554, 0.000000000000000000 ) ) ;
#2036 = ORIENTED_EDGE ( 'NONE', *, *, #1688, .F. ) ;
#2037 = VERTEX_POINT ( 'NONE', #1116 ) ;
#2038 = DIRECTION ( 'NONE',  ( -1.000000000000000000, -0.000000000000000000, -0.000000000000000000 ) ) ;
#2039 = CYLINDRICAL_SURFACE ( 'NONE', #437, 2.049999999999996270 ) ;
#2040 = CARTESIAN_POINT ( 'NONE',  ( 60.51250000000000995, 0.3000000000000001554, -27.50000000000000000 ) ) ;
#2041 = ORIENTED_EDGE ( 'NONE', *, *, #782, .T. ) ;
#2042 = FACE_OUTER_BOUND ( 'NONE', #1642, .T. ) ;
#2043 = CARTESIAN_POINT ( 'NONE',  ( -3.250000000000015987, 0.000000000000000000, -51.00000000000000711 ) ) ;
#2044 = EDGE_CURVE ( 'NONE', #1954, #1753, #934, .T. ) ;
#2045 = EDGE_LOOP ( 'NONE', ( #1742, #502, #2207, #144 ) ) ;
#2046 = DIRECTION ( 'NONE',  ( 0.000000000000000000, 0.000000000000000000, 1.000000000000000000 ) ) ;
#2047 = EDGE_LOOP ( 'NONE', ( #2590, #815, #86, #521, #891, #1995 ) ) ;
#2048 = LINE ( 'NONE', #223, #1416 ) ;
#2049 = CARTESIAN_POINT ( 'NONE',  ( 94.27499999999999147, -2.500000000000000000, -8.150000000000011013 ) ) ;
#2050 = EDGE_CURVE ( 'NONE', #504, #187, #1537, .T. ) ;
#2051 = ORIENTED_EDGE ( 'NONE', *, *, #1231, .T. ) ;
#2052 = FACE_OUTER_BOUND ( 'NONE', #1127, .T. ) ;
#2053 = DIRECTION ( 'NONE',  ( -0.000000000000000000, 1.000000000000000000, -0.000000000000000000 ) ) ;
#2054 = ORIENTED_EDGE ( 'NONE', *, *, #2188, .F. ) ;
#2055 = CARTESIAN_POINT ( 'NONE',  ( 92.99999999999998579, 9.624143795447327676, 0.5000000000000056621 ) ) ;
#2056 = ORIENTED_EDGE ( 'NONE', *, *, #2107, .F. ) ;
#2057 = VECTOR ( 'NONE', #879, 1000.000000000000000 ) ;
#2058 = CARTESIAN_POINT ( 'NONE',  ( 21.24999999999999289, 0.000000000000000000, -103.6000000000000085 ) ) ;
#2059 = CARTESIAN_POINT ( 'NONE',  ( 60.51250000000000284, -1.700000000000000178, -24.32457351945706137 ) ) ;
#2060 = DIRECTION ( 'NONE',  ( -0.8660254037844382635, 0.000000000000000000, 0.5000000000000005551 ) ) ;
#2061 = ORIENTED_EDGE ( 'NONE', *, *, #2380, .F. ) ;
#2062 = AXIS2_PLACEMENT_3D ( 'NONE', #322, #346, #535 ) ;
#2063 = DIRECTION ( 'NONE',  ( -0.000000000000000000, 1.000000000000000000, -0.000000000000000000 ) ) ;
#2064 = AXIS2_PLACEMENT_3D ( 'NONE', #1605, #2613, #592 ) ;
#2065 = DIRECTION ( 'NONE',  ( -0.000000000000000000, 1.000000000000000000, -0.000000000000000000 ) ) ;
#2066 = CIRCLE ( 'NONE', #920, 1.600000000000004086 ) ;
#2067 = VECTOR ( 'NONE', #1553, 1000.000000000000000 ) ;
#2068 = EDGE_CURVE ( 'NONE', #504, #2134, #1484, .T. ) ;
#2069 = AXIS2_PLACEMENT_3D ( 'NONE', #393, #1211, #2030 ) ;
#2070 = EDGE_LOOP ( 'NONE', ( #1088, #1709, #163, #2388 ) ) ;
#2071 = CARTESIAN_POINT ( 'NONE',  ( 33.26250000000001705, -2.500000000000000000, -25.91228675972852358 ) ) ;
#2072 = DIRECTION ( 'NONE',  ( -0.000000000000000000, 1.000000000000000000, -0.000000000000000000 ) ) ;
#2073 = DIRECTION ( 'NONE',  ( -1.000000000000000000, 0.000000000000000000, 0.000000000000000000 ) ) ;
#2074 = CARTESIAN_POINT ( 'NONE',  ( -3.250000000000034639, 0.000000000000000000, -14.60000000000001208 ) ) ;
#2075 = CARTESIAN_POINT ( 'NONE',  ( -3.250000000000011546, -2.500000000000000000, -89.00000000000001421 ) ) ;
#2076 = EDGE_CURVE ( 'NONE', #2518, #2259, #1259, .T. ) ;
#2077 = EDGE_CURVE ( 'NONE', #137, #1337, #1002, .T. ) ;
#2078 = ORIENTED_EDGE ( 'NONE', *, *, #831, .F. ) ;
#2079 = CARTESIAN_POINT ( 'NONE',  ( -3.250000000000015987, -2.500000000000000000, -49.40000000000001279 ) ) ;
#2080 = DIRECTION ( 'NONE',  ( -0.000000000000000000, -1.000000000000000000, -0.000000000000000000 ) ) ;
#2081 = CARTESIAN_POINT ( 'NONE',  ( 23.01250000000001350, 0.3000000000000001554, -21.99999999999999645 ) ) ;
#2082 = CARTESIAN_POINT ( 'NONE',  ( 1.000000000000000000, 0.5000000000000000000, -5.000000000000000000 ) ) ;
#2083 = DIRECTION ( 'NONE',  ( 0.000000000000000000, 0.000000000000000000, -1.000000000000000000 ) ) ;
#2084 = FACE_OUTER_BOUND ( 'NONE', #2602, .T. ) ;
#2085 = FACE_OUTER_BOUND ( 'NONE', #1968, .T. ) ;
#2086 = VERTEX_POINT ( 'NONE', #1391 ) ;
#2087 = CARTESIAN_POINT ( 'NONE',  ( 63.26250000000000284, -1.700000000000000178, -29.08771324027147287 ) ) ;
#2088 = EDGE_CURVE ( 'NONE', #1972, #453, #1336, .T. ) ;
#2089 = EDGE_CURVE ( 'NONE', #2346, #855, #2372, .T. ) ;
#2090 = DIRECTION ( 'NONE',  ( 0.000000000000000000, -1.000000000000000000, 0.000000000000000000 ) ) ;
#2091 = ORIENTED_EDGE ( 'NONE', *, *, #1699, .T. ) ;
#2092 = DIRECTION ( 'NONE',  ( 0.000000000000000000, 0.000000000000000000, 1.000000000000000000 ) ) ;
#2093 = EDGE_CURVE ( 'NONE', #1409, #2475, #380, .T. ) ;
#2094 = FACE_OUTER_BOUND ( 'NONE', #119, .T. ) ;
#2095 = ORIENTED_EDGE ( 'NONE', *, *, #818, .F. ) ;
#2096 = VERTEX_POINT ( 'NONE', #1567 ) ;
#2097 = DIRECTION ( 'NONE',  ( 1.000000000000000000, 0.000000000000000000, -8.673617379884035472E-16 ) ) ;
#2098 = VECTOR ( 'NONE', #1237, 1000.000000000000000 ) ;
#2099 = DIRECTION ( 'NONE',  ( 0.000000000000000000, 0.000000000000000000, -1.000000000000000000 ) ) ;
#2100 = FACE_OUTER_BOUND ( 'NONE', #861, .T. ) ;
#2101 = AXIS2_PLACEMENT_3D ( 'NONE', #937, #571, #1582 ) ;
#2102 = VECTOR ( 'NONE', #1722, 1000.000000000000000 ) ;
#2103 = VERTEX_POINT ( 'NONE', #2166 ) ;
#2104 = ORIENTED_EDGE ( 'NONE', *, *, #2568, .T. ) ;
#2105 = LINE ( 'NONE', #1491, #1304 ) ;
#2106 = VECTOR ( 'NONE', #576, 1000.000000000000000 ) ;
#2107 = EDGE_CURVE ( 'NONE', #1815, #1594, #1549, .T. ) ;
#2108 = LINE ( 'NONE', #914, #195 ) ;
#2109 = FACE_BOUND ( 'NONE', #1761, .T. ) ;
#2110 = ORIENTED_EDGE ( 'NONE', *, *, #2380, .T. ) ;
#2111 = ORIENTED_EDGE ( 'NONE', *, *, #2391, .F. ) ;
#2112 = ADVANCED_FACE ( 'NONE', ( #944 ), #807, .F. ) ;
#2113 = CARTESIAN_POINT ( 'NONE',  ( 63.26250000000000284, -1.700000000000000178, -29.08771324027147287 ) ) ;
#2114 = LINE ( 'NONE', #298, #1252 ) ;
#2115 = CARTESIAN_POINT ( 'NONE',  ( 60.51250000000000995, -1.700000000000000178, -30.67542648054293153 ) ) ;
#2116 = EDGE_LOOP ( 'NONE', ( #1560, #1162, #2091, #2561 ) ) ;
#2117 = CARTESIAN_POINT ( 'NONE',  ( 90.49999999999998579, 0.000000000000000000, -5.000000000000010658 ) ) ;
#2118 = LINE ( 'NONE', #2336, #2102 ) ;
#2119 = DIRECTION ( 'NONE',  ( 0.000000000000000000, -1.000000000000000000, 0.000000000000000000 ) ) ;
#2120 = APPLICATION_CONTEXT ( 'automotive_design' ) ;
#2121 = LINE ( 'NONE', #1115, #2057 ) ;
#2122 = ORIENTED_EDGE ( 'NONE', *, *, #2325, .T. ) ;
#2123 = CARTESIAN_POINT ( 'NONE',  ( 92.99999999999998579, 0.5000000000000004441, 9.500000000000005329 ) ) ;
#2124 = EDGE_CURVE ( 'NONE', #413, #1030, #1352, .T. ) ;
#2125 = EDGE_CURVE ( 'NONE', #1783, #954, #2011, .T. ) ;
#2126 = ORIENTED_EDGE ( 'NONE', *, *, #411, .F. ) ;
#2127 = CARTESIAN_POINT ( 'NONE',  ( 20.51250000000000995, -2.500999999999999890, -79.04999999999999716 ) ) ;
#2128 = ORIENTED_EDGE ( 'NONE', *, *, #591, .F. ) ;
#2129 = ORIENTED_EDGE ( 'NONE', *, *, #297, .F. ) ;
#2130 = DIRECTION ( 'NONE',  ( 0.000000000000000000, -0.7071067811865449082, -0.7071067811865501263 ) ) ;
#2131 = DIRECTION ( 'NONE',  ( 0.000000000000000000, -1.000000000000000000, 0.000000000000000000 ) ) ;
#2132 = LINE ( 'NONE', #1511, #1554 ) ;
#2133 = CARTESIAN_POINT ( 'NONE',  ( 33.26250000000001705, -1.700000000000000178, -25.91228675972852358 ) ) ;
#2134 = VERTEX_POINT ( 'NONE', #555 ) ;
#2135 = CARTESIAN_POINT ( 'NONE',  ( 68.01250000000001705, -3.512815038853034366E-14, -47.00000000000000000 ) ) ;
#2136 = ORIENTED_EDGE ( 'NONE', *, *, #594, .F. ) ;
#2137 = DIRECTION ( 'NONE',  ( 0.000000000000000000, 0.000000000000000000, -1.000000000000000000 ) ) ;
#2138 = VECTOR ( 'NONE', #96, 1000.000000000000000 ) ;
#2139 = CARTESIAN_POINT ( 'NONE',  ( 45.51250000000000995, -2.500999999999999890, -55.00000000000001421 ) ) ;
#2140 = VECTOR ( 'NONE', #340, 1000.000000000000000 ) ;
#2141 = EDGE_CURVE ( 'NONE', #578, #855, #1186, .T. ) ;
#2142 = VECTOR ( 'NONE', #2097, 1000.000000000000000 ) ;
#2143 = ORIENTED_EDGE ( 'NONE', *, *, #150, .T. ) ;
#2144 = VECTOR ( 'NONE', #1478, 1000.000000000000000 ) ;
#2145 = AXIS2_PLACEMENT_3D ( 'NONE', #976, #581, #2397 ) ;
#2146 = CIRCLE ( 'NONE', #1895, 1.600000000000004086 ) ;
#2147 = CARTESIAN_POINT ( 'NONE',  ( 30.51250000000001705, 0.3000000000000001554, -25.89999999999999503 ) ) ;
#2148 = CARTESIAN_POINT ( 'NONE',  ( 27.76250000000001350, -1.700000000000000178, -29.08771324027146932 ) ) ;
#2149 = ADVANCED_BREP_SHAPE_REPRESENTATION ( '\X2\5e95677f\X0\', ( #1802, #2532 ), #244 ) ;
#2150 = VECTOR ( 'NONE', #1062, 1000.000000000000000 ) ;
#2151 = ORIENTED_EDGE ( 'NONE', *, *, #2354, .F. ) ;
#2152 = ORIENTED_EDGE ( 'NONE', *, *, #2581, .F. ) ;
#2153 = ORIENTED_EDGE ( 'NONE', *, *, #1275, .F. ) ;
#2154 = VECTOR ( 'NONE', #685, 1000.000000000000000 ) ;
#2155 = CARTESIAN_POINT ( 'NONE',  ( 23.01250000000001350, 0.3000000000000001554, -21.99999999999999645 ) ) ;
#2156 = DIRECTION ( 'NONE',  ( 0.000000000000000000, 0.7071067811865449082, 0.7071067811865501263 ) ) ;
#2157 = ORIENTED_EDGE ( 'NONE', *, *, #514, .T. ) ;
#2158 = ADVANCED_FACE ( 'NONE', ( #1161 ), #1799, .F. ) ;
#2159 = EDGE_LOOP ( 'NONE', ( #2458, #776, #1368, #1643 ) ) ;
#2160 = EDGE_CURVE ( 'NONE', #2259, #599, #1634, .T. ) ;
#2161 = DIRECTION ( 'NONE',  ( -0.000000000000000000, -0.000000000000000000, 1.000000000000000000 ) ) ;
#2162 = DIRECTION ( 'NONE',  ( -0.000000000000000000, 1.000000000000000000, -0.000000000000000000 ) ) ;
#2163 = ORIENTED_EDGE ( 'NONE', *, *, #1071, .F. ) ;
#2164 = LINE ( 'NONE', #1797, #2184 ) ;
#2165 = DIRECTION ( 'NONE',  ( 0.000000000000000000, 0.000000000000000000, -1.000000000000000000 ) ) ;
#2166 = CARTESIAN_POINT ( 'NONE',  ( -1.000000000000000000, 0.5000000000000000000, -5.000000000000000888 ) ) ;
#2167 = ORIENTED_EDGE ( 'NONE', *, *, #2077, .F. ) ;
#2168 = CARTESIAN_POINT ( 'NONE',  ( 63.26250000000000284, -1.700000000000000178, -29.08771324027147287 ) ) ;
#2169 = DIRECTION ( 'NONE',  ( -0.000000000000000000, 1.000000000000000000, -0.000000000000000000 ) ) ;
#2170 = ORIENTED_EDGE ( 'NONE', *, *, #402, .F. ) ;
#2171 = ADVANCED_FACE ( 'NONE', ( #1591 ), #1752, .F. ) ;
#2172 = CARTESIAN_POINT ( 'NONE',  ( 60.51250000000000284, -1.700000000000000178, -24.32457351945706137 ) ) ;
#2173 = CARTESIAN_POINT ( 'NONE',  ( -2.000000000000000000, 9.624143795447327676, 9.500000000000005329 ) ) ;
#2174 = EDGE_CURVE ( 'NONE', #2245, #965, #352, .T. ) ;
#2175 = ORIENTED_EDGE ( 'NONE', *, *, #1393, .F. ) ;
#2176 = CARTESIAN_POINT ( 'NONE',  ( -6.750000000000023093, -2.500000000000000000, -3.469446951953614189E-14 ) ) ;
#2177 = DIRECTION ( 'NONE',  ( 1.000000000000000000, 0.000000000000000000, -1.495451272393798803E-16 ) ) ;
#2178 = CARTESIAN_POINT ( 'NONE',  ( 27.76250000000001350, -1.700000000000000178, -29.08771324027146932 ) ) ;
#2179 = ORIENTED_EDGE ( 'NONE', *, *, #216, .F. ) ;
#2180 = CARTESIAN_POINT ( 'NONE',  ( 92.99999999999998579, 0.000000000000000000, 0.5000000000000056621 ) ) ;
#2181 = CIRCLE ( 'NONE', #434, 1.600000000000004086 ) ;
#2182 = VECTOR ( 'NONE', #2493, 1000.000000000000000 ) ;
#2183 = DIRECTION ( 'NONE',  ( -0.000000000000000000, -1.000000000000000000, -0.000000000000000000 ) ) ;
#2184 = VECTOR ( 'NONE', #553, 1000.000000000000000 ) ;
#2185 = AXIS2_PLACEMENT_3D ( 'NONE', #1779, #769, #1789 ) ;
#2186 = PLANE ( 'NONE',  #2062 ) ;
#2187 = LINE ( 'NONE', #2350, #490 ) ;
#2188 = EDGE_CURVE ( 'NONE', #1173, #2023, #167, .T. ) ;
#2189 = AXIS2_PLACEMENT_3D ( 'NONE', #2584, #2251, #836 ) ;
#2190 = ORIENTED_EDGE ( 'NONE', *, *, #1120, .F. ) ;
#2191 = DIRECTION ( 'NONE',  ( 0.4999999999999998890, 0.000000000000000000, -0.8660254037844387076 ) ) ;
#2192 = CIRCLE ( 'NONE', #1595, 2.049999999999989164 ) ;
#2193 = LINE ( 'NONE', #1998, #1850 ) ;
#2194 = VECTOR ( 'NONE', #1332, 1000.000000000000000 ) ;
#2195 = EDGE_CURVE ( 'NONE', #1318, #699, #779, .T. ) ;
#2196 = EDGE_CURVE ( 'NONE', #1684, #2103, #2193, .T. ) ;
#2197 = VERTEX_POINT ( 'NONE', #986 ) ;
#2198 = CARTESIAN_POINT ( 'NONE',  ( 97.77500000000000568, 0.000000000000000000, 9.500000000000005329 ) ) ;
#2199 = LINE ( 'NONE', #2592, #963 ) ;
#2200 = DIRECTION ( 'NONE',  ( -0.000000000000000000, -1.000000000000000000, -0.000000000000000000 ) ) ;
#2201 = DIRECTION ( 'NONE',  ( 4.688441826964340600E-17, 0.000000000000000000, 1.000000000000000000 ) ) ;
#2202 = VERTEX_POINT ( 'NONE', #1835 ) ;
#2203 = ORIENTED_EDGE ( 'NONE', *, *, #385, .T. ) ;
#2204 = CARTESIAN_POINT ( 'NONE',  ( 60.51250000000000995, 0.3000000000000001554, -25.90000000000000213 ) ) ;
#2205 = ADVANCED_FACE ( 'NONE', ( #867 ), #1033, .F. ) ;
#2206 = CARTESIAN_POINT ( 'NONE',  ( 57.76250000000000995, -1.700000000000000178, -25.91228675972853068 ) ) ;
#2207 = ORIENTED_EDGE ( 'NONE', *, *, #1300, .T. ) ;
#2208 = ADVANCED_FACE ( 'NONE', ( #1616 ), #1225, .F. ) ;
#2209 = EDGE_CURVE ( 'NONE', #2620, #599, #1045, .T. ) ;
#2210 = DIRECTION ( 'NONE',  ( 0.000000000000000000, -1.000000000000000000, 0.000000000000000000 ) ) ;
#2211 = DIRECTION ( 'NONE',  ( -0.000000000000000000, -1.000000000000000000, -0.000000000000000000 ) ) ;
#2212 = FACE_BOUND ( 'NONE', #777, .T. ) ;
#2213 = CARTESIAN_POINT ( 'NONE',  ( 0.000000000000000000, 7.099019513592796926, -5.000000000000004441 ) ) ;
#2214 = VERTEX_POINT ( 'NONE', #1668 ) ;
#2215 = DIRECTION ( 'NONE',  ( 1.259073490628327690E-16, 0.000000000000000000, -1.000000000000000000 ) ) ;
#2216 = FACE_OUTER_BOUND ( 'NONE', #1728, .T. ) ;
#2217 = DIRECTION ( 'NONE',  ( 0.000000000000000000, 0.000000000000000000, 1.000000000000000000 ) ) ;
#2218 = ORIENTED_EDGE ( 'NONE', *, *, #2014, .F. ) ;
#2219 = PLANE ( 'NONE',  #286 ) ;
#2220 = EDGE_CURVE ( 'NONE', #1060, #1845, #2025, .T. ) ;
#2221 = EDGE_CURVE ( 'NONE', #2037, #1999, #611, .T. ) ;
#2222 = CYLINDRICAL_SURFACE ( 'NONE', #321, 2.049999999999996270 ) ;
#2223 = FACE_BOUND ( 'NONE', #2386, .T. ) ;
#2224 = CIRCLE ( 'NONE', #1079, 1.599999999999997202 ) ;
#2225 = PLANE ( 'NONE',  #318 ) ;
#2226 = ORIENTED_EDGE ( 'NONE', *, *, #1884, .T. ) ;
#2227 = VECTOR ( 'NONE', #166, 1000.000000000000000 ) ;
#2228 = CARTESIAN_POINT ( 'NONE',  ( -1.000000000000000000, 0.5000000000000000000, -5.000000000000000888 ) ) ;
#2229 = VECTOR ( 'NONE', #79, 1000.000000000000000 ) ;
#2230 = VERTEX_POINT ( 'NONE', #224 ) ;
#2231 = CARTESIAN_POINT ( 'NONE',  ( -2.000000000000000000, 0.5000000000000004441, 0.5000000000000177636 ) ) ;
#2232 = LINE ( 'NONE', #2430, #1376 ) ;
#2233 = CARTESIAN_POINT ( 'NONE',  ( 30.51250000000001705, -1.700000000000000178, -27.49999999999999645 ) ) ;
#2234 = AXIS2_PLACEMENT_3D ( 'NONE', #2507, #291, #2092 ) ;
#2235 = ORIENTED_EDGE ( 'NONE', *, *, #247, .T. ) ;
#2236 = VECTOR ( 'NONE', #1877, 1000.000000000000000 ) ;
#2237 = CARTESIAN_POINT ( 'NONE',  ( 20.51250000000000995, 1.499999999999999556, -77.00000000000000000 ) ) ;
#2238 = CARTESIAN_POINT ( 'NONE',  ( 68.01250000000001705, 0.3000000000000001554, -47.30000000000003268 ) ) ;
#2239 = CARTESIAN_POINT ( 'NONE',  ( 0.000000000000000000, 1.500000000000000000, -97.00000000000000000 ) ) ;
#2240 = EDGE_CURVE ( 'NONE', #1871, #871, #316, .T. ) ;
#2241 = EDGE_CURVE ( 'NONE', #710, #2428, #1825, .T. ) ;
#2242 = ORIENTED_EDGE ( 'NONE', *, *, #2407, .T. ) ;
#2243 = VERTEX_POINT ( 'NONE', #203 ) ;
#2244 = DIRECTION ( 'NONE',  ( 0.000000000000000000, 0.000000000000000000, -1.000000000000000000 ) ) ;
#2245 = VERTEX_POINT ( 'NONE', #214 ) ;
#2246 = DIRECTION ( 'NONE',  ( 0.000000000000000000, 0.000000000000000000, 1.000000000000000000 ) ) ;
#2247 = DIRECTION ( 'NONE',  ( 0.000000000000000000, -1.000000000000000000, 0.000000000000000000 ) ) ;
#2248 = CARTESIAN_POINT ( 'NONE',  ( -3.250000000000011546, -2.500000000000000000, -87.40000000000000568 ) ) ;
#2249 = ORIENTED_EDGE ( 'NONE', *, *, #2188, .T. ) ;
#2250 = ORIENTED_EDGE ( 'NONE', *, *, #1990, .F. ) ;
#2251 = DIRECTION ( 'NONE',  ( -0.000000000000000000, 1.000000000000000000, -0.000000000000000000 ) ) ;
#2252 = DIRECTION ( 'NONE',  ( 0.000000000000000000, 0.000000000000000000, -1.000000000000000000 ) ) ;
#2253 = EDGE_LOOP ( 'NONE', ( #2283, #1660 ) ) ;
#2254 = CARTESIAN_POINT ( 'NONE',  ( 15.51250000000001350, -2.500000000000000000, -32.00000000000000000 ) ) ;
#2255 = VERTEX_POINT ( 'NONE', #444 ) ;
#2256 = LINE ( 'NONE', #426, #1372 ) ;
#2257 = CYLINDRICAL_SURFACE ( 'NONE', #1809, 1.600000000000000755 ) ;
#2258 = DIRECTION ( 'NONE',  ( 0.8660254037844397068, 0.000000000000000000, 0.4999999999999981681 ) ) ;
#2259 = VERTEX_POINT ( 'NONE', #1628 ) ;
#2260 = EDGE_LOOP ( 'NONE', ( #1532, #2341 ) ) ;
#2261 = ORIENTED_EDGE ( 'NONE', *, *, #1538, .F. ) ;
#2262 = ADVANCED_FACE ( 'NONE', ( #2443 ), #1413, .F. ) ;
#2263 = CARTESIAN_POINT ( 'NONE',  ( 30.51250000000001705, -2.501000000000000778, -25.89999999999999503 ) ) ;
#2264 = VERTEX_POINT ( 'NONE', #2623 ) ;
#2265 = DIRECTION ( 'NONE',  ( -1.119176436114069085E-16, -0.000000000000000000, 1.000000000000000000 ) ) ;
#2266 = VERTEX_POINT ( 'NONE', #1874 ) ;
#2267 = ORIENTED_EDGE ( 'NONE', *, *, #1822, .T. ) ;
#2268 = DIRECTION ( 'NONE',  ( -0.4999999999999996114, 0.000000000000000000, 0.8660254037844388186 ) ) ;
#2269 = DIRECTION ( 'NONE',  ( 0.000000000000000000, 0.000000000000000000, 1.000000000000000000 ) ) ;
#2270 = ORIENTED_EDGE ( 'NONE', *, *, #1071, .T. ) ;
#2271 = VECTOR ( 'NONE', #778, 1000.000000000000114 ) ;
#2272 = FACE_OUTER_BOUND ( 'NONE', #704, .T. ) ;
#2273 = AXIS2_PLACEMENT_3D ( 'NONE', #2081, #1302, #74 ) ;
#2274 = CARTESIAN_POINT ( 'NONE',  ( -3.250000000000011546, 0.000000000000000000, -87.40000000000000568 ) ) ;
#2275 = ADVANCED_FACE ( 'NONE', ( #1430 ), #1844, .F. ) ;
#2276 = AXIS2_PLACEMENT_3D ( 'NONE', #1367, #147, #1971 ) ;
#2277 = ADVANCED_FACE ( 'NONE', ( #817 ), #2431, .F. ) ;
#2278 = FACE_OUTER_BOUND ( 'NONE', #977, .T. ) ;
#2279 = DIRECTION ( 'NONE',  ( -0.000000000000000000, 1.000000000000000000, -0.000000000000000000 ) ) ;
#2280 = AXIS2_PLACEMENT_3D ( 'NONE', #2087, #1081, #2505 ) ;
#2281 = CIRCLE ( 'NONE', #2366, 1.600000000000004086 ) ;
#2282 = VECTOR ( 'NONE', #2474, 999.9999999999998863 ) ;
#2283 = ORIENTED_EDGE ( 'NONE', *, *, #1716, .F. ) ;
#2284 = DIRECTION ( 'NONE',  ( 0.000000000000000000, 0.000000000000000000, -1.000000000000000000 ) ) ;
#2285 = VERTEX_POINT ( 'NONE', #2049 ) ;
#2286 = DIRECTION ( 'NONE',  ( -0.000000000000000000, 1.000000000000000000, -0.000000000000000000 ) ) ;
#2287 = FACE_BOUND ( 'NONE', #1800, .T. ) ;
#2288 = ORIENTED_EDGE ( 'NONE', *, *, #495, .T. ) ;
#2289 = ORIENTED_EDGE ( 'NONE', *, *, #533, .F. ) ;
#2290 = DIRECTION ( 'NONE',  ( -0.8660254037844387076, 0.000000000000000000, -0.4999999999999999445 ) ) ;
#2291 = EDGE_CURVE ( 'NONE', #1954, #2264, #843, .T. ) ;
#2292 = EDGE_CURVE ( 'NONE', #1953, #1700, #627, .T. ) ;
#2293 = ORIENTED_EDGE ( 'NONE', *, *, #1188, .F. ) ;
#2294 = PLANE ( 'NONE',  #2280 ) ;
#2295 = LINE ( 'NONE', #252, #2150 ) ;
#2296 = DIRECTION ( 'NONE',  ( 0.000000000000000000, -1.000000000000000000, 0.000000000000000000 ) ) ;
#2297 = ORIENTED_EDGE ( 'NONE', *, *, #1107, .T. ) ;
#2298 = PLANE ( 'NONE',  #997 ) ;
#2299 = FACE_OUTER_BOUND ( 'NONE', #1333, .T. ) ;
#2300 = DIRECTION ( 'NONE',  ( -5.981805089575194965E-17, -0.000000000000000000, -1.000000000000000000 ) ) ;
#2301 = ORIENTED_EDGE ( 'NONE', *, *, #431, .T. ) ;
#2302 = DIRECTION ( 'NONE',  ( -0.000000000000000000, 1.000000000000000000, -0.000000000000000000 ) ) ;
#2303 = LINE ( 'NONE', #2238, #1219 ) ;
#2304 = DIRECTION ( 'NONE',  ( 0.000000000000000000, 0.000000000000000000, -1.000000000000000000 ) ) ;
#2305 = EDGE_CURVE ( 'NONE', #2536, #1481, #2444, .T. ) ;
#2306 = ORIENTED_EDGE ( 'NONE', *, *, #2357, .T. ) ;
#2307 = DIRECTION ( 'NONE',  ( 0.000000000000000000, 0.000000000000000000, -1.000000000000000000 ) ) ;
#2308 = EDGE_CURVE ( 'NONE', #350, #899, #1053, .T. ) ;
#2309 = ORIENTED_EDGE ( 'NONE', *, *, #10, .F. ) ;
#2310 = DIRECTION ( 'NONE',  ( -0.000000000000000000, 1.000000000000000000, -0.000000000000000000 ) ) ;
#2311 = CARTESIAN_POINT ( 'NONE',  ( 1.000000000000000888, 0.5000000000000000000, 9.500000000000005329 ) ) ;
#2312 = CARTESIAN_POINT ( 'NONE',  ( 1.000000000000000888, 1.500000000000001776, 13.00000000000000711 ) ) ;
#2313 = ORIENTED_EDGE ( 'NONE', *, *, #2107, .T. ) ;
#2314 = EDGE_LOOP ( 'NONE', ( #1695, #2021, #1773, #1291 ) ) ;
#2315 = CARTESIAN_POINT ( 'NONE',  ( 27.76250000000001350, -2.500000000000000000, -25.91228675972853068 ) ) ;
#2316 = VECTOR ( 'NONE', #826, 1000.000000000000000 ) ;
#2317 = DIRECTION ( 'NONE',  ( 0.000000000000000000, 1.000000000000000000, 0.000000000000000000 ) ) ;
#2318 = CARTESIAN_POINT ( 'NONE',  ( -3.250000000000015987, -2.500000000000000000, -51.00000000000000711 ) ) ;
#2319 = AXIS2_PLACEMENT_3D ( 'NONE', #422, #1640, #1243 ) ;
#2320 = VERTEX_POINT ( 'NONE', #2508 ) ;
#2321 = ORIENTED_EDGE ( 'NONE', *, *, #2357, .F. ) ;
#2322 = CARTESIAN_POINT ( 'NONE',  ( 69.24999999999998579, -2.500000000000000000, -103.6000000000000085 ) ) ;
#2323 = AXIS2_PLACEMENT_3D ( 'NONE', #1600, #423, #2252 ) ;
#2324 = ADVANCED_FACE ( 'NONE', ( #276, #1723, #2287, #2535, #2109, #58, #890, #115, #719 ), #2495, .F. ) ;
#2325 = EDGE_CURVE ( 'NONE', #474, #1046, #441, .T. ) ;
#2326 = DIRECTION ( 'NONE',  ( 0.000000000000000000, 0.000000000000000000, 1.000000000000000000 ) ) ;
#2327 = DIRECTION ( 'NONE',  ( 0.000000000000000000, 0.000000000000000000, -1.000000000000000000 ) ) ;
#2328 = ORIENTED_EDGE ( 'NONE', *, *, #818, .T. ) ;
#2329 = ORIENTED_EDGE ( 'NONE', *, *, #336, .T. ) ;
#2330 = CARTESIAN_POINT ( 'NONE',  ( 97.77500000000001990, -2.500000000000000000, -107.0000000000000142 ) ) ;
#2331 = ORIENTED_EDGE ( 'NONE', *, *, #1987, .F. ) ;
#2332 = CARTESIAN_POINT ( 'NONE',  ( 69.24999999999998579, 0.000000000000000000, -100.4000000000000057 ) ) ;
#2333 = DIRECTION ( 'NONE',  ( 0.000000000000000000, -1.000000000000000000, 0.000000000000000000 ) ) ;
#2334 = VERTEX_POINT ( 'NONE', #701 ) ;
#2335 = CARTESIAN_POINT ( 'NONE',  ( -6.750000000000023093, -1.000000000000000000, -2.428612866367529932E-14 ) ) ;
#2336 = CARTESIAN_POINT ( 'NONE',  ( 68.01250000000001705, 1.500000000000000000, -48.50000000000001421 ) ) ;
#2337 = CARTESIAN_POINT ( 'NONE',  ( -2.000000000000000000, 0.5000000000000004441, 9.500000000000005329 ) ) ;
#2338 = EDGE_CURVE ( 'NONE', #2230, #1602, #1289, .T. ) ;
#2339 = EDGE_LOOP ( 'NONE', ( #721, #2321, #2393, #598 ) ) ;
#2340 = DIRECTION ( 'NONE',  ( -0.000000000000000000, -1.000000000000000000, -0.000000000000000000 ) ) ;
#2341 = ORIENTED_EDGE ( 'NONE', *, *, #1167, .T. ) ;
#2342 = EDGE_CURVE ( 'NONE', #1965, #2266, #2132, .T. ) ;
#2343 = LINE ( 'NONE', #1293, #1625 ) ;
#2344 = DIRECTION ( 'NONE',  ( 0.000000000000000000, -1.000000000000000000, 0.000000000000000000 ) ) ;
#2345 = LINE ( 'NONE', #1540, #646 ) ;
#2346 = VERTEX_POINT ( 'NONE', #2312 ) ;
#2347 = DIRECTION ( 'NONE',  ( -0.000000000000000000, -0.000000000000000000, -1.000000000000000000 ) ) ;
#2348 = CARTESIAN_POINT ( 'NONE',  ( 75.51250000000001705, 1.499999999999999556, -29.95000000000001350 ) ) ;
#2349 = FACE_BOUND ( 'NONE', #416, .T. ) ;
#2350 = CARTESIAN_POINT ( 'NONE',  ( 1.000000000000000888, 0.5000000000000000000, 9.500000000000005329 ) ) ;
#2351 = ORIENTED_EDGE ( 'NONE', *, *, #2124, .F. ) ;
#2352 = EDGE_LOOP ( 'NONE', ( #314, #1216, #1794, #2041, #470, #693 ) ) ;
#2353 = CYLINDRICAL_SURFACE ( 'NONE', #794, 1.600000000000004086 ) ;
#2354 = EDGE_CURVE ( 'NONE', #2245, #602, #498, .T. ) ;
#2355 = DIRECTION ( 'NONE',  ( 0.000000000000000000, 0.000000000000000000, -1.000000000000000000 ) ) ;
#2356 = CYLINDRICAL_SURFACE ( 'NONE', #659, 2.050000000000003375 ) ;
#2357 = EDGE_CURVE ( 'NONE', #1953, #329, #1479, .T. ) ;
#2358 = VECTOR ( 'NONE', #2038, 1000.000000000000000 ) ;
#2359 = DIRECTION ( 'NONE',  ( 0.4999999999999981681, 0.000000000000000000, -0.8660254037844397068 ) ) ;
#2360 = DIRECTION ( 'NONE',  ( 0.000000000000000000, 0.000000000000000000, 1.000000000000000000 ) ) ;
#2361 = VECTOR ( 'NONE', #639, 1000.000000000000000 ) ;
#2362 = EDGE_LOOP ( 'NONE', ( #2394, #766, #134, #2267, #2051, #951, #1555, #1565 ) ) ;
#2363 = VECTOR ( 'NONE', #2161, 1000.000000000000000 ) ;
#2364 = PLANE ( 'NONE',  #912 ) ;
#2365 = VECTOR ( 'NONE', #2537, 1000.000000000000000 ) ;
#2366 = AXIS2_PLACEMENT_3D ( 'NONE', #366, #186, #1993 ) ;
#2367 = CARTESIAN_POINT ( 'NONE',  ( 30.51250000000001705, -1.700000000000000178, -24.32457351945705426 ) ) ;
#2368 = CARTESIAN_POINT ( 'NONE',  ( 63.26250000000000284, -1.700000000000000178, -25.91228675972853424 ) ) ;
#2369 = ORIENTED_EDGE ( 'NONE', *, *, #1653, .T. ) ;
#2370 = VERTEX_POINT ( 'NONE', #665 ) ;
#2371 = DIRECTION ( 'NONE',  ( 0.000000000000000000, 0.000000000000000000, -1.000000000000000000 ) ) ;
#2372 = LINE ( 'NONE', #2422, #2067 ) ;
#2373 = ORIENTED_EDGE ( 'NONE', *, *, #2195, .T. ) ;
#2374 = LINE ( 'NONE', #1354, #2282 ) ;
#2375 = EDGE_LOOP ( 'NONE', ( #1443, #732 ) ) ;
#2376 = DIRECTION ( 'NONE',  ( 0.000000000000000000, -1.000000000000000000, 0.000000000000000000 ) ) ;
#2377 = ORIENTED_EDGE ( 'NONE', *, *, #385, .F. ) ;
#2378 = EDGE_CURVE ( 'NONE', #1826, #2475, #1090, .T. ) ;
#2379 = ORIENTED_EDGE ( 'NONE', *, *, #695, .F. ) ;
#2380 = EDGE_CURVE ( 'NONE', #1576, #1149, #1937, .T. ) ;
#2381 = PLANE ( 'NONE',  #360 ) ;
#2382 = LINE ( 'NONE', #1574, #1463 ) ;
#2383 = ORIENTED_EDGE ( 'NONE', *, *, #2568, .F. ) ;
#2384 = LINE ( 'NONE', #1798, #483 ) ;
#2385 = DIRECTION ( 'NONE',  ( 0.000000000000000000, 0.000000000000000000, 1.000000000000000000 ) ) ;
#2386 = EDGE_LOOP ( 'NONE', ( #1656, #757 ) ) ;
#2387 = CARTESIAN_POINT ( 'NONE',  ( 21.24999999999999289, -2.500000000000000000, -100.4000000000000057 ) ) ;
#2388 = ORIENTED_EDGE ( 'NONE', *, *, #184, .F. ) ;
#2389 = DIRECTION ( 'NONE',  ( -0.000000000000000000, 1.000000000000000000, -0.000000000000000000 ) ) ;
#2390 = CARTESIAN_POINT ( 'NONE',  ( -3.250000000000034639, -2.500000000000000000, -14.60000000000001208 ) ) ;
#2391 = EDGE_CURVE ( 'NONE', #892, #39, #1737, .T. ) ;
#2392 = FACE_OUTER_BOUND ( 'NONE', #128, .T. ) ;
#2393 = ORIENTED_EDGE ( 'NONE', *, *, #2407, .F. ) ;
#2394 = ORIENTED_EDGE ( 'NONE', *, *, #2089, .T. ) ;
#2395 = ORIENTED_EDGE ( 'NONE', *, *, #529, .T. ) ;
#2396 = LINE ( 'NONE', #791, #2140 ) ;
#2397 = DIRECTION ( 'NONE',  ( 0.000000000000000000, 0.000000000000000000, -1.000000000000000000 ) ) ;
#2398 = VERTEX_POINT ( 'NONE', #301 ) ;
#2399 = DIRECTION ( 'NONE',  ( 0.000000000000000000, 0.000000000000000000, -1.000000000000000000 ) ) ;
#2400 = PLANE ( 'NONE',  #1760 ) ;
#2401 = CARTESIAN_POINT ( 'NONE',  ( -1.000000000000000000, 0.000000000000000000, -5.000000000000000888 ) ) ;
#2402 = CIRCLE ( 'NONE', #1082, 2.049999999999989164 ) ;
#2403 = VECTOR ( 'NONE', #1938, 1000.000000000000000 ) ;
#2404 = LINE ( 'NONE', #784, #1892 ) ;
#2405 = CARTESIAN_POINT ( 'NONE',  ( 94.27499999999999147, -2.500000000000000000, -11.35000000000001918 ) ) ;
#2406 = VECTOR ( 'NONE', #2389, 1000.000000000000000 ) ;
#2407 = EDGE_CURVE ( 'NONE', #187, #1953, #1102, .T. ) ;
#2408 = VECTOR ( 'NONE', #683, 999.9999999999998863 ) ;
#2409 = EDGE_CURVE ( 'NONE', #767, #26, #1468, .T. ) ;
#2410 = ORIENTED_EDGE ( 'NONE', *, *, #591, .T. ) ;
#2411 = LINE ( 'NONE', #2155, #1257 ) ;
#2412 = CARTESIAN_POINT ( 'NONE',  ( 1.000000000000000000, 92.11797822854214246, 0.000000000000000000 ) ) ;
#2413 = ORIENTED_EDGE ( 'NONE', *, *, #1404, .F. ) ;
#2414 = CARTESIAN_POINT ( 'NONE',  ( 0.000000000000000000, 0.5000000000000000000, -5.000000000000000888 ) ) ;
#2415 = LINE ( 'NONE', #1096, #1135 ) ;
#2416 = DIRECTION ( 'NONE',  ( -0.000000000000000000, -1.000000000000000000, -0.000000000000000000 ) ) ;
#2417 = FACE_OUTER_BOUND ( 'NONE', #922, .T. ) ;
#2418 = FACE_OUTER_BOUND ( 'NONE', #2472, .T. ) ;
#2419 = EDGE_LOOP ( 'NONE', ( #2261, #250, #397, #2129 ) ) ;
#2420 = ORIENTED_EDGE ( 'NONE', *, *, #1218, .T. ) ;
#2421 = CYLINDRICAL_SURFACE ( 'NONE', #607, 1.600000000000004086 ) ;
#2422 = CARTESIAN_POINT ( 'NONE',  ( -1.293692083779314805E-15, 1.499999999999998668, 13.00000000000000533 ) ) ;
#2423 = EDGE_CURVE ( 'NONE', #350, #2197, #264, .T. ) ;
#2424 = EDGE_LOOP ( 'NONE', ( #1929, #40 ) ) ;
#2425 = DIRECTION ( 'NONE',  ( -0.000000000000000000, 1.000000000000000000, -0.000000000000000000 ) ) ;
#2426 = ADVANCED_FACE ( 'NONE', ( #1912 ), #482, .F. ) ;
#2427 = FACE_BOUND ( 'NONE', #204, .T. ) ;
#2428 = VERTEX_POINT ( 'NONE', #88 ) ;
#2429 = DIRECTION ( 'NONE',  ( -0.000000000000000000, 1.000000000000000000, -0.000000000000000000 ) ) ;
#2430 = CARTESIAN_POINT ( 'NONE',  ( 97.77500000000000568, -1.000000000000000000, 9.500000000000005329 ) ) ;
#2431 = CYLINDRICAL_SURFACE ( 'NONE', #486, 10.00000000000000178 ) ;
#2432 = ORIENTED_EDGE ( 'NONE', *, *, #690, .F. ) ;
#2433 = LINE ( 'NONE', #2485, #1770 ) ;
#2434 = AXIS2_PLACEMENT_3D ( 'NONE', #2075, #1878, #1650 ) ;
#2435 = DIRECTION ( 'NONE',  ( 1.000000000000000000, -0.000000000000000000, 1.119176436114069085E-16 ) ) ;
#2436 = CIRCLE ( 'NONE', #102, 1.600000000000004086 ) ;
#2437 = EDGE_LOOP ( 'NONE', ( #1614, #342, #1623, #2175 ) ) ;
#2438 = ORIENTED_EDGE ( 'NONE', *, *, #514, .F. ) ;
#2439 = VECTOR ( 'NONE', #772, 1000.000000000000000 ) ;
#2440 = ORIENTED_EDGE ( 'NONE', *, *, #1606, .T. ) ;
#2441 = LINE ( 'NONE', #1247, #1715 ) ;
#2442 = DIRECTION ( 'NONE',  ( 0.000000000000000000, 0.000000000000000000, 1.000000000000000000 ) ) ;
#2443 = FACE_OUTER_BOUND ( 'NONE', #198, .T. ) ;
#2444 = CIRCLE ( 'NONE', #707, 1.600000000000004086 ) ;
#2445 = AXIS2_PLACEMENT_3D ( 'NONE', #1283, #1014, #1828 ) ;
#2446 = PLANE ( 'NONE',  #1724 ) ;
#2447 = ADVANCED_FACE ( 'NONE', ( #2094 ), #1087, .F. ) ;
#2448 = ADVANCED_FACE ( 'NONE', ( #1303 ), #902, .F. ) ;
#2449 = ORIENTED_EDGE ( 'NONE', *, *, #2291, .T. ) ;
#2450 = DIRECTION ( 'NONE',  ( 0.000000000000000000, 0.000000000000000000, -1.000000000000000000 ) ) ;
#2451 = APPLICATION_PROTOCOL_DEFINITION ( 'draft international standard', 'automotive_design', 1998, #2120 ) ;
#2452 = EDGE_CURVE ( 'NONE', #804, #551, #742, .T. ) ;
#2453 = ORIENTED_EDGE ( 'NONE', *, *, #676, .T. ) ;
#2454 = CARTESIAN_POINT ( 'NONE',  ( 33.26250000000001705, -1.700000000000000178, -25.91228675972852358 ) ) ;
#2455 = FACE_OUTER_BOUND ( 'NONE', #823, .T. ) ;
#2456 = DIRECTION ( 'NONE',  ( 0.000000000000000000, 0.000000000000000000, -1.000000000000000000 ) ) ;
#2457 = DIRECTION ( 'NONE',  ( -1.000000000000000000, 0.000000000000000000, -1.119176436114069332E-16 ) ) ;
#2458 = ORIENTED_EDGE ( 'NONE', *, *, #1255, .T. ) ;
#2459 = ORIENTED_EDGE ( 'NONE', *, *, #1404, .T. ) ;
#2460 = CARTESIAN_POINT ( 'NONE',  ( 69.24999999999998579, -2.500000000000000000, -100.4000000000000057 ) ) ;
#2461 = ORIENTED_EDGE ( 'NONE', *, *, #108, .T. ) ;
#2462 = EDGE_CURVE ( 'NONE', #1169, #1355, #2007, .T. ) ;
#2463 = CARTESIAN_POINT ( 'NONE',  ( 15.51250000000001350, -2.500999999999999890, -34.05000000000000426 ) ) ;
#2464 = DIRECTION ( 'NONE',  ( -1.000000000000000000, 5.880418562633245976E-17, 0.000000000000000000 ) ) ;
#2465 = ORIENTED_EDGE ( 'NONE', *, *, #1951, .F. ) ;
#2466 = FACE_OUTER_BOUND ( 'NONE', #1144, .T. ) ;
#2467 = EDGE_CURVE ( 'NONE', #2320, #1481, #1748, .T. ) ;
#2468 = ORIENTED_EDGE ( 'NONE', *, *, #1329, .T. ) ;
#2469 = EDGE_CURVE ( 'NONE', #2620, #85, #993, .T. ) ;
#2470 = DIRECTION ( 'NONE',  ( 0.000000000000000000, 0.000000000000000000, -1.000000000000000000 ) ) ;
#2471 = CARTESIAN_POINT ( 'NONE',  ( 89.49999999999998579, 7.099019513592796926, -5.000000000000010658 ) ) ;
#2472 = EDGE_LOOP ( 'NONE', ( #1381, #1013, #1764, #935 ) ) ;
#2473 = DIRECTION ( 'NONE',  ( 0.000000000000000000, -1.000000000000000000, 0.000000000000000000 ) ) ;
#2474 = DIRECTION ( 'NONE',  ( -0.000000000000000000, -0.7071067811865515695, 0.7071067811865435759 ) ) ;
#2475 = VERTEX_POINT ( 'NONE', #536 ) ;
#2476 = CARTESIAN_POINT ( 'NONE',  ( 57.76250000000000995, -1.700000000000000178, -29.08771324027145155 ) ) ;
#2477 = EDGE_CURVE ( 'NONE', #101, #2266, #1563, .T. ) ;
#2478 = ORIENTED_EDGE ( 'NONE', *, *, #448, .T. ) ;
#2479 = VECTOR ( 'NONE', #854, 1000.000000000000000 ) ;
#2480 = PLANE ( 'NONE',  #2273 ) ;
#2481 = CARTESIAN_POINT ( 'NONE',  ( 39.13206114362028387, 0.3000000000000001554, -47.30000000000002558 ) ) ;
#2482 = EDGE_CURVE ( 'NONE', #767, #2214, #2187, .T. ) ;
#2483 = CARTESIAN_POINT ( 'NONE',  ( 89.49999999999998579, 0.5000000000000000000, -5.000000000000010658 ) ) ;
#2484 = VECTOR ( 'NONE', #1061, 1000.000000000000000 ) ;
#2485 = CARTESIAN_POINT ( 'NONE',  ( 30.51250000000001705, -1.700000000000000178, -24.32457351945705426 ) ) ;
#2486 = FACE_BOUND ( 'NONE', #2424, .T. ) ;
#2487 = CIRCLE ( 'NONE', #1677, 2.049999999999996270 ) ;
#2488 = VECTOR ( 'NONE', #1546, 1000.000000000000000 ) ;
#2489 = AXIS2_PLACEMENT_3D ( 'NONE', #642, #285, #660 ) ;
#2490 = VECTOR ( 'NONE', #420, 1000.000000000000000 ) ;
#2491 = EDGE_LOOP ( 'NONE', ( #1490, #1260, #253, #2122 ) ) ;
#2492 = DIRECTION ( 'NONE',  ( -0.000000000000000000, 1.000000000000000000, -0.000000000000000000 ) ) ;
#2493 = DIRECTION ( 'NONE',  ( -0.000000000000000000, 1.000000000000000000, -0.000000000000000000 ) ) ;
#2494 = CARTESIAN_POINT ( 'NONE',  ( 23.01250000000001350, 1.500000000000000000, -21.99999999999999645 ) ) ;
#2495 = PLANE ( 'NONE',  #1383 ) ;
#2496 = ORIENTED_EDGE ( 'NONE', *, *, #928, .T. ) ;
#2497 = EDGE_LOOP ( 'NONE', ( #1353, #2413, #2153, #2009 ) ) ;
#2498 = ORIENTED_EDGE ( 'NONE', *, *, #1506, .T. ) ;
#2499 = EDGE_CURVE ( 'NONE', #2285, #421, #2281, .T. ) ;
#2500 = DIRECTION ( 'NONE',  ( 0.000000000000000000, 0.000000000000000000, -1.000000000000000000 ) ) ;
#2501 = CARTESIAN_POINT ( 'NONE',  ( 20.51250000000000995, 1.499999999999999556, -74.95000000000000284 ) ) ;
#2502 = CARTESIAN_POINT ( 'NONE',  ( 0.000000000000000000, -1.000000000000000000, 0.000000000000000000 ) ) ;
#2503 = EDGE_CURVE ( 'NONE', #1030, #17, #2545, .T. ) ;
#2504 = VERTEX_POINT ( 'NONE', #1763 ) ;
#2505 = DIRECTION ( 'NONE',  ( 0.000000000000000000, 0.000000000000000000, -1.000000000000000000 ) ) ;
#2506 = DIRECTION ( 'NONE',  ( 0.000000000000000000, -1.000000000000000000, 0.000000000000000000 ) ) ;
#2507 = CARTESIAN_POINT ( 'NONE',  ( -3.250000000000011546, -2.500000000000000000, -89.00000000000001421 ) ) ;
#2508 = CARTESIAN_POINT ( 'NONE',  ( 94.27499999999999147, -2.500000000000000000, -44.15000000000000568 ) ) ;
#2509 = EDGE_LOOP ( 'NONE', ( #1804, #139, #1374, #1796 ) ) ;
#2510 = DIRECTION ( 'NONE',  ( 0.000000000000000000, 0.000000000000000000, -1.000000000000000000 ) ) ;
#2511 = DIRECTION ( 'NONE',  ( -0.000000000000000000, 1.000000000000000000, 0.000000000000000000 ) ) ;
#2512 = CARTESIAN_POINT ( 'NONE',  ( 90.49999999999998579, 0.000000000000000000, -97.00000000000000000 ) ) ;
#2513 = ADVANCED_FACE ( 'NONE', ( #1952 ), #1793, .F. ) ;
#2514 = ORIENTED_EDGE ( 'NONE', *, *, #182, .T. ) ;
#2515 = VERTEX_POINT ( 'NONE', #983 ) ;
#2516 = PLANE ( 'NONE',  #874 ) ;
#2517 = ORIENTED_EDGE ( 'NONE', *, *, #2003, .T. ) ;
#2518 = VERTEX_POINT ( 'NONE', #786 ) ;
#2519 = CARTESIAN_POINT ( 'NONE',  ( 45.51250000000000995, -2.500000000000000000, -55.00000000000001421 ) ) ;
#2520 = AXIS2_PLACEMENT_3D ( 'NONE', #1498, #2317, #487 ) ;
#2521 = DIRECTION ( 'NONE',  ( 0.000000000000000000, -0.000000000000000000, -1.000000000000000000 ) ) ;
#2522 = ORIENTED_EDGE ( 'NONE', *, *, #1452, .F. ) ;
#2523 = AXIS2_PLACEMENT_3D ( 'NONE', #1721, #2296, #1733 ) ;
#2524 = CARTESIAN_POINT ( 'NONE',  ( 1.000000000000000000, 0.5000000000000000000, -5.000000000000000000 ) ) ;
#2525 = ORIENTED_EDGE ( 'NONE', *, *, #2605, .T. ) ;
#2526 = CARTESIAN_POINT ( 'NONE',  ( 89.49999999999998579, 1.500000000000000000, -5.000000000000010658 ) ) ;
#2527 = AXIS2_PLACEMENT_3D ( 'NONE', #745, #1551, #2371 ) ;
#2528 = AXIS2_PLACEMENT_3D ( 'NONE', #822, #399, #33 ) ;
#2529 = ORIENTED_EDGE ( 'NONE', *, *, #1790, .T. ) ;
#2530 = AXIS2_PLACEMENT_3D ( 'NONE', #1847, #846, #1649 ) ;
#2531 = CARTESIAN_POINT ( 'NONE',  ( -6.750000000000023093, -1.000000000000000000, 9.500000000000005329 ) ) ;
#2532 = AXIS2_PLACEMENT_3D ( 'NONE', #1044, #1244, #1016 ) ;
#2533 = LINE ( 'NONE', #2335, #1038 ) ;
#2534 = CARTESIAN_POINT ( 'NONE',  ( -3.250000000000011546, -2.500000000000000000, -89.00000000000001421 ) ) ;
#2535 = FACE_BOUND ( 'NONE', #1647, .T. ) ;
#2536 = VERTEX_POINT ( 'NONE', #141 ) ;
#2537 = DIRECTION ( 'NONE',  ( 1.000000000000000000, 0.000000000000000000, 0.000000000000000000 ) ) ;
#2538 = DIRECTION ( 'NONE',  ( -0.000000000000000000, 1.000000000000000000, -0.000000000000000000 ) ) ;
#2539 = DIRECTION ( 'NONE',  ( -0.000000000000000000, -1.000000000000000000, -0.000000000000000000 ) ) ;
#2540 = DIRECTION ( 'NONE',  ( -0.000000000000000000, 0.000000000000000000, 1.000000000000000000 ) ) ;
#2541 = VERTEX_POINT ( 'NONE', #729 ) ;
#2542 = EDGE_CURVE ( 'NONE', #1863, #2346, #1586, .T. ) ;
#2543 = CARTESIAN_POINT ( 'NONE',  ( 23.01250000000000639, 1.500000000000000000, -48.50000000000000711 ) ) ;
#2544 = LINE ( 'NONE', #728, #2363 ) ;
#2545 = LINE ( 'NONE', #2596, #2194 ) ;
#2546 = ORIENTED_EDGE ( 'NONE', *, *, #2240, .F. ) ;
#2547 = ORIENTED_EDGE ( 'NONE', *, *, #1300, .F. ) ;
#2548 = EDGE_CURVE ( 'NONE', #421, #763, #2576, .T. ) ;
#2549 = ADVANCED_FACE ( 'NONE', ( #375 ), #939, .F. ) ;
#2550 = ORIENTED_EDGE ( 'NONE', *, *, #753, .T. ) ;
#2551 = DIRECTION ( 'NONE',  ( 0.000000000000000000, 0.000000000000000000, 1.000000000000000000 ) ) ;
#2552 = PLANE ( 'NONE',  #359 ) ;
#2553 = ORIENTED_EDGE ( 'NONE', *, *, #2305, .F. ) ;
#2554 = DIRECTION ( 'NONE',  ( 0.000000000000000000, -0.000000000000000000, 1.000000000000000000 ) ) ;
#2555 = CARTESIAN_POINT ( 'NONE',  ( 27.76250000000001350, -1.700000000000000178, -25.91228675972853068 ) ) ;
#2556 = DIRECTION ( 'NONE',  ( 0.000000000000000000, -1.000000000000000000, 0.000000000000000000 ) ) ;
#2557 = ORIENTED_EDGE ( 'NONE', *, *, #2610, .F. ) ;
#2558 = LINE ( 'NONE', #361, #2439 ) ;
#2559 = FACE_OUTER_BOUND ( 'NONE', #3, .T. ) ;
#2560 = DIRECTION ( 'NONE',  ( 1.000000000000000000, -0.000000000000000000, 0.000000000000000000 ) ) ;
#2561 = ORIENTED_EDGE ( 'NONE', *, *, #500, .T. ) ;
#2562 = CARTESIAN_POINT ( 'NONE',  ( 33.26250000000001705, -1.700000000000000178, -29.08771324027146576 ) ) ;
#2563 = CARTESIAN_POINT ( 'NONE',  ( 30.51250000000001705, 0.3000000000000001554, -27.49999999999999645 ) ) ;
#2564 = EDGE_CURVE ( 'NONE', #987, #469, #1349, .T. ) ;
#2565 = EDGE_LOOP ( 'NONE', ( #1476, #2170, #1465, #2373, #2036 ) ) ;
#2566 = VECTOR ( 'NONE', #339, 1000.000000000000000 ) ;
#2567 = CARTESIAN_POINT ( 'NONE',  ( 1.000000000000000000, 7.099019513592796926, -5.000000000000000000 ) ) ;
#2568 = EDGE_CURVE ( 'NONE', #505, #1169, #2382, .T. ) ;
#2569 = VECTOR ( 'NONE', #1860, 999.9999999999998863 ) ;
#2570 = ORIENTED_EDGE ( 'NONE', *, *, #1059, .T. ) ;
#2571 = CIRCLE ( 'NONE', #2189, 2.049999999999996270 ) ;
#2572 = ORIENTED_EDGE ( 'NONE', *, *, #1870, .T. ) ;
#2573 = CIRCLE ( 'NONE', #1421, 1.600000000000004086 ) ;
#2574 = AXIS2_PLACEMENT_3D ( 'NONE', #1125, #2119, #1281 ) ;
#2575 = DIRECTION ( 'NONE',  ( -0.8660254037844388186, 0.000000000000000000, -0.4999999999999996669 ) ) ;
#2576 = LINE ( 'NONE', #2405, #2106 ) ;
#2577 = ORIENTED_EDGE ( 'NONE', *, *, #785, .T. ) ;
#2578 = PLANE ( 'NONE',  #2022 ) ;
#2579 = CARTESIAN_POINT ( 'NONE',  ( -1.000000000000000000, 0.5000000000000000000, -5.000000000000000888 ) ) ;
#2580 = ORIENTED_EDGE ( 'NONE', *, *, #1607, .T. ) ;
#2581 = EDGE_CURVE ( 'NONE', #1030, #1355, #1388, .T. ) ;
#2582 = CARTESIAN_POINT ( 'NONE',  ( 89.49999999999998579, 0.000000000000000000, -5.000000000000010658 ) ) ;
#2583 = ADVANCED_FACE ( 'NONE', ( #162 ), #973, .F. ) ;
#2584 = CARTESIAN_POINT ( 'NONE',  ( 70.51250000000000284, -2.500000000000000000, -77.00000000000000000 ) ) ;
#2585 = DIRECTION ( 'NONE',  ( -0.000000000000000000, 1.000000000000000000, -0.000000000000000000 ) ) ;
#2586 = ORIENTED_EDGE ( 'NONE', *, *, #448, .F. ) ;
#2587 = ORIENTED_EDGE ( 'NONE', *, *, #657, .F. ) ;
#2588 = FACE_OUTER_BOUND ( 'NONE', #1521, .T. ) ;
#2589 = DIRECTION ( 'NONE',  ( -0.000000000000000000, 1.000000000000000000, -0.000000000000000000 ) ) ;
#2590 = ORIENTED_EDGE ( 'NONE', *, *, #1167, .F. ) ;
#2591 = LINE ( 'NONE', #11, #2236 ) ;
#2592 = CARTESIAN_POINT ( 'NONE',  ( 70.51250000000000284, -2.500999999999999890, -79.04999999999999716 ) ) ;
#2593 = ADVANCED_FACE ( 'NONE', ( #2392 ), #1397, .F. ) ;
#2594 = ADVANCED_FACE ( 'NONE', ( #2418 ), #2225, .F. ) ;
#2595 = DIRECTION ( 'NONE',  ( -0.8660254037844388186, 0.000000000000000000, -0.4999999999999996669 ) ) ;
#2596 = CARTESIAN_POINT ( 'NONE',  ( 68.01250000000001705, 0.3000000000000001554, -22.00000000000000000 ) ) ;
#2597 = ORIENTED_EDGE ( 'NONE', *, *, #452, .T. ) ;
#2598 = LINE ( 'NONE', #959, #567 ) ;
#2599 = CARTESIAN_POINT ( 'NONE',  ( -3.250000000000034639, -2.500000000000000000, -11.40000000000001101 ) ) ;
#2600 = EDGE_LOOP ( 'NONE', ( #233, #2449, #209, #1766 ) ) ;
#2601 = DIRECTION ( 'NONE',  ( -1.000000000000000000, -0.000000000000000000, -0.000000000000000000 ) ) ;
#2602 = EDGE_LOOP ( 'NONE', ( #382, #442, #2379, #405 ) ) ;
#2603 = VECTOR ( 'NONE', #36, 1000.000000000000000 ) ;
#2604 = VECTOR ( 'NONE', #2340, 1000.000000000000000 ) ;
#2605 = EDGE_CURVE ( 'NONE', #2320, #1415, #1263, .T. ) ;
#2606 = AXIS2_PLACEMENT_3D ( 'NONE', #2519, #1911, #1280 ) ;
#2607 = CARTESIAN_POINT ( 'NONE',  ( 45.51250000000000995, -2.500000000000000000, -55.00000000000001421 ) ) ;
#2608 = AXIS2_PLACEMENT_3D ( 'NONE', #2040, #1022, #2217 ) ;
#2609 = CIRCLE ( 'NONE', #68, 2.049999999999996270 ) ;
#2610 = EDGE_CURVE ( 'NONE', #1481, #2536, #1636, .T. ) ;
#2611 = ORIENTED_EDGE ( 'NONE', *, *, #1990, .T. ) ;
#2612 = DIRECTION ( 'NONE',  ( 0.000000000000000000, 0.000000000000000000, 1.000000000000000000 ) ) ;
#2613 = DIRECTION ( 'NONE',  ( 0.000000000000000000, -1.000000000000000000, 0.000000000000000000 ) ) ;
#2614 = VERTEX_POINT ( 'NONE', #1264 ) ;
#2615 = VECTOR ( 'NONE', #860, 1000.000000000000000 ) ;
#2616 = CARTESIAN_POINT ( 'NONE',  ( -6.750000000000023093, -1.000000000000000000, 9.500000000000005329 ) ) ;
#2617 = CARTESIAN_POINT ( 'NONE',  ( 60.51250000000000995, -2.501000000000000778, -27.50000000000000000 ) ) ;
#2618 = EDGE_LOOP ( 'NONE', ( #72, #1358, #2461, #1944 ) ) ;
#2619 = EDGE_CURVE ( 'NONE', #1350, #1684, #387, .T. ) ;
#2620 = VERTEX_POINT ( 'NONE', #34 ) ;
#2621 = VERTEX_POINT ( 'NONE', #851 ) ;
#2622 = DIRECTION ( 'NONE',  ( -0.000000000000000000, 1.000000000000000000, -0.000000000000000000 ) ) ;
#2623 = CARTESIAN_POINT ( 'NONE',  ( -6.750000000000023093, -0.9999999999999970024, 1.499999999999986677 ) ) ;
ENDSEC;
END-ISO-10303-21;
