#VRML V2.0 utf8
# 3D model generated by easyeda2kicad.py (https://github.com/uPesy/easyeda2kicad.py)

Shape{
    appearance Appearance {
        material  Material 	{
            diffuseColor 0.25098039215686274 0.25098039215686274 0.25098039215686274
            specularColor 0.12549019607843137 0.12549019607843137 0.12549019607843137
            ambientIntensity 0.251
            transparency 0.0
            shininess 0.5
        }
    }
    geometry IndexedFaceSet {
        ccw TRUE
        solid FALSE
        coord DEF co Coordinate {
            point [
                -0.3721 -0.9552 0.4407, -0.3734 -0.9552 0.4406, -0.3642 -0.9552 0.4406, -0.7287 -0.9646 0.374, -0.6812 -0.9646 0.374, -0.6812 -0.9573 0.426, -0.3146 -0.9523 0.4616, -0.3146 -0.9528 0.4574, -0.3092 -0.9552 0.4406, -0.3278 -0.9528 0.4574, -0.3278 -0.9546 0.445, -0.3209 -0.9528 0.4574, -0.3209 -0.9546 0.445, -0.3127 -0.9546 0.445, -0.3127 -0.9552 0.4409, -0.3209 -0.9552 0.4406, -0.3278 -0.9506 0.4733, -0.3278 -0.9523 0.4616, -0.3209 -0.9506 0.4733, -0.3209 -0.9523 0.4616, -0.3135 -0.9506 0.4733, -0.3092 -0.9485 0.488, -0.3209 -0.9552 0.4409, -0.3326 -0.9552 0.4409, -0.3351 -0.9552 0.4406, -0.3326 -0.95 0.4776, -0.2956 -0.9456 0.5091, -0.3092 -0.9456 0.5091, -0.2918 -0.947 0.4991, -0.2865 -0.947 0.4991, -0.3006 -0.9418 0.5358, 0.7127 -0.9485 0.488, 0.7059 -0.9418 0.5361, -0.3092 -0.9418 0.5361, -0.3057 -0.9418 0.5358, -0.3092 -0.9431 0.5269, -0.2955 -0.9552 0.4409, -0.3057 -0.9552 0.4409, -0.3057 -0.95 0.4776, -0.2593 -0.95 0.4776, -0.2542 -0.95 0.4776, -0.2766 -0.9535 0.4528, -0.2785 -0.954 0.449, -0.2734 -0.9552 0.4409, -0.2811 -0.9544 0.446, -0.2814 -0.9545 0.4457, -0.2794 -0.9509 0.471, -0.2772 -0.9514 0.4677, -0.2811 -0.9507 0.4727, -0.2759 -0.9519 0.4641, -0.2755 -0.9525 0.4597, -0.2756 -0.9529 0.457, -0.2951 -0.95 0.4776, -0.2889 -0.9501 0.4768, -0.2845 -0.9504 0.4751, 0.7194 -0.9552 0.4406, -0.2401 -0.9552 0.4409, -0.2454 -0.9552 0.4409, -0.3092 -0.9573 0.426, 0.7214 -0.9573 0.426, 0.7287 -0.9646 0.374, -0.3092 -0.9646 0.374, -0.3209 -0.9646 0.374, -0.7214 -0.9573 0.426, -0.6812 -0.9552 0.4406, -0.7194 -0.9552 0.4406, -0.6812 -0.9485 0.488, -0.7127 -0.9485 0.488, -0.6812 -0.9418 0.5361, -0.7059 -0.9418 0.5361, -0.567 -0.9413 0.5394, -0.5548 -0.9407 0.5441, -0.6441 -0.9328 0.6004, -0.7032 -0.939 0.5559, -0.6812 -0.9367 0.5724, -0.4504 -0.9328 0.6004, -0.5418 -0.9404 0.5457, -0.5309 -0.9406 0.5445, -0.3812 -0.9418 0.5361, -0.3914 -0.9418 0.5361, -0.39 -0.9418 0.536, -0.3864 -0.942 0.5349, -0.3864 -0.9426 0.53, -0.3812 -0.9485 0.488, -0.3941 -0.9465 0.5028, -0.3899 -0.9464 0.5036, -0.4092 -0.9445 0.5167, -0.3864 -0.9461 0.5052, -0.4092 -0.9445 0.517, -0.403 -0.9469 0.4994, -0.4065 -0.9467 0.5011, -0.4125 -0.9485 0.488, -0.4094 -0.9464 0.5035, -0.4058 -0.943 0.5274, -0.4075 -0.9434 0.5248, -0.4087 -0.9438 0.5215, -0.3864 -0.9468 0.5006, -0.3871 -0.9468 0.5003, -0.4098 -0.9463 0.5039, -0.412 -0.9459 0.507, -0.4125 -0.9457 0.5084, -0.3871 -0.9426 0.5303, -0.3909 -0.9424 0.5317, -0.4048 -0.946 0.5059, -0.4024 -0.9463 0.5042, -0.3952 -0.9423 0.5321, -0.3968 -0.9424 0.5321, -0.4 -0.9424 0.5314, -0.4055 -0.9459 0.5066, -0.4086 -0.9451 0.5122, -0.4074 -0.9456 0.5092, -0.3998 -0.9464 0.5031, -0.396 -0.9465 0.5027, -0.391 -0.947 0.499, -0.3967 -0.9471 0.4985, -0.399 -0.9471 0.4986, -0.4029 -0.9426 0.53, -0.4053 -0.9429 0.5281, -0.3948 -0.9417 0.5364, -0.3812 -0.9328 0.6004, -0.3952 -0.9417 0.5364, -0.4125 -0.9328 0.6004, -0.3983 -0.9418 0.5361, -0.4125 -0.9418 0.5361, -0.4038 -0.942 0.5346, -0.3998 -0.9418 0.536, -0.4113 -0.9429 0.5278, -0.4088 -0.9425 0.531, -0.4075 -0.9423 0.5322, -0.4148 -0.9418 0.5361, -0.4132 -0.9435 0.5238, -0.4125 -0.9433 0.5252, -0.4135 -0.9453 0.5109, -0.4148 -0.9485 0.488, -0.4142 -0.9445 0.5168, -0.4141 -0.9442 0.5191, -0.3599 -0.9418 0.5358, -0.3556 -0.9418 0.5361, -0.3642 -0.9418 0.5361, -0.3742 -0.9447 0.5156, -0.3742 -0.9464 0.5033, -0.3642 -0.9447 0.5156, -0.3642 -0.9464 0.5033, -0.361 -0.9447 0.5156, -0.3591 -0.9464 0.5033, -0.361 -0.9441 0.5198, -0.3599 -0.9424 0.5316, -0.3642 -0.9441 0.5198, -0.3642 -0.9424 0.5316, -0.3742 -0.9441 0.5198, -0.3742 -0.9424 0.5316, -0.3556 -0.9485 0.488, -0.3591 -0.947 0.4991, -0.3642 -0.9485 0.488, -0.3642 -0.947 0.4991, -0.379 -0.947 0.4991, -0.379 -0.9418 0.5358, -0.3642 -0.9418 0.5358, -0.3419 -0.947 0.4991, -0.3521 -0.947 0.4991, -0.3415 -0.9418 0.5358, -0.3351 -0.9418 0.5361, -0.3521 -0.9418 0.5358, -0.323 -0.9453 0.511, -0.3249 -0.9458 0.5073, -0.3209 -0.9485 0.488, -0.3275 -0.9425 0.5309, -0.3258 -0.9427 0.5293, -0.3209 -0.9418 0.5361, -0.322 -0.9447 0.5153, -0.3353 -0.9419 0.5351, -0.3351 -0.9419 0.535, -0.3309 -0.9422 0.5333, -0.3314 -0.9467 0.5015, -0.3351 -0.9485 0.488, -0.3351 -0.9469 0.5001, -0.3357 -0.9469 0.4998, -0.3275 -0.9463 0.5042, -0.3278 -0.9463 0.5039, -0.3236 -0.9432 0.526, -0.3224 -0.9437 0.5223, -0.3219 -0.9443 0.5179, -0.3198 -0.947 0.4991, -0.3146 -0.947 0.4991, -0.311 -0.9456 0.5091, -0.3982 -0.9551 0.4412, -0.4 -0.9552 0.4406, -0.3942 -0.9552 0.4409, -0.4092 -0.9534 0.4532, -0.4083 -0.9524 0.4608, -0.4101 -0.9537 0.4517, -0.4107 -0.9539 0.45, -0.398 -0.952 0.4638, -0.3996 -0.9519 0.4639, -0.4021 -0.953 0.4564, -0.3966 -0.955 0.4423, -0.4078 -0.9533 0.4544, -0.4059 -0.9531 0.4554, -0.4051 -0.9521 0.4628, -0.4022 -0.952 0.4637, -0.407 -0.9551 0.4412, -0.4086 -0.955 0.4423, -0.4125 -0.9552 0.4406, -0.4091 -0.9549 0.4428, -0.4101 -0.9547 0.4442, -0.4034 -0.9515 0.4672, -0.407 -0.9516 0.466, -0.4083 -0.9517 0.4652, -0.3942 -0.9546 0.4449, -0.3944 -0.9546 0.4449, -0.3951 -0.9548 0.4438, -0.4106 -0.9545 0.4458, -0.4109 -0.9542 0.4479, -0.382 -0.9531 0.4559, -0.3826 -0.9529 0.4568, -0.3896 -0.9528 0.4577, -0.3831 -0.9527 0.4582, -0.3901 -0.9523 0.4616, -0.3833 -0.9525 0.46, -0.3942 -0.9528 0.4575, -0.3944 -0.9525 0.4596, -0.3949 -0.9523 0.4612, -0.3954 -0.9522 0.4621, -0.3812 -0.9532 0.4551, -0.3833 -0.9544 0.4465, -0.3812 -0.9532 0.455, -0.3815 -0.9545 0.4454, -0.3812 -0.9545 0.4453, -0.3992 -0.9514 0.4677, -0.3992 -0.9514 0.4677, -0.3959 -0.9515 0.4673, -0.3941 -0.9515 0.4667, -0.3926 -0.9517 0.4657, -0.3817 -0.9519 0.4644, -0.3961 -0.9521 0.4629, -0.397 -0.952 0.4634, -0.3831 -0.9523 0.4616, -0.3825 -0.952 0.4631, -0.3908 -0.952 0.4636, -0.3918 -0.9518 0.465, -0.4001 -0.9552 0.4405, -0.3812 -0.9573 0.426, -0.4125 -0.9573 0.426, -0.4025 -0.9553 0.4402, -0.4052 -0.9552 0.4406, -0.4053 -0.9552 0.4406, -0.3833 -0.955 0.4418, -0.3896 -0.9552 0.4409, -0.3812 -0.9551 0.441, -0.3812 -0.9552 0.4406, -0.38 -0.9552 0.4406, -0.3792 -0.9552 0.4406, -0.3761 -0.9553 0.4402, -0.3642 -0.9573 0.426, -0.3667 -0.9516 0.4665, -0.3667 -0.9522 0.462, -0.3803 -0.9517 0.4656, -0.3792 -0.9516 0.4663, -0.3812 -0.9518 0.4648, -0.3656 -0.9544 0.4461, -0.3662 -0.9546 0.4447, -0.3671 -0.9548 0.4435, -0.3767 -0.9515 0.4672, -0.373 -0.9514 0.4677, -0.3702 -0.9514 0.4675, -0.367 -0.9536 0.4523, -0.3661 -0.9537 0.4511, -0.3656 -0.9539 0.4497, -0.3654 -0.9542 0.448, -0.3684 -0.955 0.4423, -0.3696 -0.9551 0.4416, -0.3734 -0.9519 0.4639, -0.3748 -0.9519 0.4638, -0.3785 -0.9524 0.4604, -0.376 -0.952 0.4635, -0.3771 -0.9521 0.463, -0.3785 -0.9525 0.4598, -0.3783 -0.9526 0.4591, -0.3779 -0.9527 0.4585, -0.3775 -0.9528 0.458, -0.3758 -0.9529 0.457, -0.3704 -0.952 0.4636, -0.373 -0.9531 0.4557, -0.3678 -0.9521 0.4626, -0.3712 -0.9532 0.455, -0.3681 -0.9534 0.4533, -0.3778 -0.9522 0.4624, -0.3782 -0.9522 0.4618, -0.3784 -0.9523 0.4611, -0.3786 -0.9547 0.4443, -0.3762 -0.9536 0.4524, -0.379 -0.9534 0.4536, -0.3757 -0.9547 0.444, -0.3755 -0.9547 0.444, -0.3732 -0.9537 0.4511, -0.3731 -0.9547 0.4443, -0.3702 -0.9542 0.4475, -0.3702 -0.9542 0.4481, -0.3719 -0.9546 0.4447, -0.3715 -0.9546 0.4449, -0.3709 -0.9545 0.4454, -0.3705 -0.9544 0.446, -0.3703 -0.9544 0.4467, -0.3704 -0.9541 0.4488, -0.3708 -0.954 0.4494, -0.3714 -0.9539 0.45, -0.3424 -0.9515 0.4671, -0.3376 -0.9515 0.4671, -0.3209 -0.95 0.4776, -0.3135 -0.95 0.4776, -0.3509 -0.9543 0.4474, -0.3503 -0.9546 0.4452, -0.3502 -0.9546 0.4452, -0.3556 -0.9524 0.4607, -0.3496 -0.9543 0.4473, -0.35 -0.9544 0.4461, -0.3556 -0.9541 0.4484, -0.363 -0.9515 0.4671, -0.3578 -0.9515 0.4671, -0.3528 -0.9552 0.4406, -0.3526 -0.9552 0.4409, -0.3556 -0.9561 0.4345, -0.3556 -0.9561 0.4345, -0.3556 -0.9552 0.4406, -0.3547 -0.9558 0.4362, -0.3621 -0.9563 0.433, -0.3621 -0.9569 0.4289, -0.3611 -0.9563 0.4327, -0.3594 -0.9564 0.4325, -0.3583 -0.9563 0.4326, -0.3556 -0.9568 0.4293, -0.3572 -0.9569 0.4287, -0.3556 -0.9573 0.426, -0.3591 -0.9569 0.4285, -0.3601 -0.9569 0.4285, -0.3573 -0.9563 0.433, -0.3564 -0.9562 0.4335, -0.3496 -0.9557 0.4369, -0.3517 -0.9563 0.4328, -0.3351 -0.9573 0.426, -0.3482 -0.9552 0.4406, -0.3534 -0.9566 0.4308, -0.3537 -0.9566 0.4305, -0.3554 -0.9568 0.4294, -0.5177 -0.9413 0.5399, -0.512 -0.9418 0.5361, -0.4504 -0.9418 0.5361, -0.5059 -0.9424 0.5321, -0.4972 -0.9438 0.5221, -0.4677 -0.9485 0.488, -0.4504 -0.9485 0.488, -0.47 -0.9477 0.4938, -0.4754 -0.9467 0.5012, -0.4826 -0.9459 0.5072, -0.4917 -0.9453 0.5115, -0.4904 -0.9453 0.511, -0.5724 -0.9418 0.5361, -0.5734 -0.9419 0.5355, -0.6277 -0.9463 0.5039, -0.6214 -0.9452 0.512, -0.6015 -0.9436 0.5232, -0.5911 -0.9434 0.5245, -0.5796 -0.9426 0.5302, -0.588 -0.9434 0.5243, -0.585 -0.9435 0.524, -0.6196 -0.9449 0.5136, -0.6112 -0.9441 0.5195, -0.6145 -0.9543 0.4468, -0.6227 -0.9534 0.4538, -0.605 -0.955 0.4422, -0.6287 -0.9522 0.4623, -0.6325 -0.9508 0.472, -0.6338 -0.9494 0.4822, -0.6337 -0.949 0.4847, -0.6331 -0.9485 0.488, -0.6319 -0.9476 0.4945, -0.6016 -0.9551 0.4413, -0.6013 -0.9552 0.4406, -0.599 -0.9559 0.4356, -0.595 -0.9566 0.4309, -0.5899 -0.9571 0.427, -0.4504 -0.9646 0.374, -0.4504 -0.9573 0.426, -0.5657 -0.9573 0.426, -0.5838 -0.9575 0.4245, -0.5875 -0.9573 0.426, -0.5702 -0.9575 0.4243, -0.5766 -0.9576 0.4235, -0.5776 -0.9576 0.4235, -0.4504 -0.9552 0.4406, -0.5519 -0.9552 0.4406, -0.5519 -0.9552 0.4404, -0.555 -0.9561 0.4346, -0.559 -0.9567 0.4302, -0.5643 -0.9572 0.4265, -0.5182 -0.9531 0.4559, -0.5164 -0.953 0.4567, -0.5133 -0.9509 0.4715, -0.4754 -0.9535 0.4525, -0.4825 -0.9544 0.4465, -0.5568 -0.9515 0.4671, -0.5215 -0.9489 0.4854, -0.5614 -0.9509 0.4713, -0.567 -0.9505 0.4742, -0.5198 -0.9532 0.4548, -0.4701 -0.9525 0.4597, -0.4821 -0.9497 0.4795, -0.4834 -0.949 0.4845, -0.4854 -0.9485 0.488, -0.6165 -0.9485 0.488, -0.4668 -0.9489 0.4858, -0.4656 -0.9501 0.4773, -0.4668 -0.9514 0.468, -0.5144 -0.9529 0.4569, -0.5141 -0.9529 0.4569, -0.5133 -0.9529 0.4567, -0.6149 -0.9508 0.4723, -0.6118 -0.9515 0.4671, -0.5984 -0.9519 0.4643, -0.6071 -0.9522 0.4623, -0.6013 -0.9527 0.4587, -0.5887 -0.9507 0.473, -0.5941 -0.9512 0.4693, -0.6172 -0.9493 0.4828, -0.6168 -0.9499 0.4787, -0.5829 -0.9503 0.4752, -0.5766 -0.9502 0.476, -0.5734 -0.9503 0.4758, -0.5225 -0.9541 0.4488, -0.5225 -0.9539 0.4499, -0.5502 -0.9536 0.4522, -0.5219 -0.9536 0.4518, -0.5209 -0.9534 0.4536, -0.4873 -0.952 0.4632, -0.4844 -0.9515 0.4673, -0.4826 -0.9508 0.4719, -0.482 -0.9501 0.477, -0.5164 -0.9552 0.441, -0.5181 -0.9551 0.4417, -0.5198 -0.9549 0.4429, -0.5204 -0.9548 0.4435, -0.5216 -0.9546 0.4451, -0.5223 -0.9543 0.4469, -0.5504 -0.9543 0.4468, -0.5502 -0.9539 0.4496, -0.4906 -0.9549 0.4426, -0.4993 -0.9552 0.4407, -0.5149 -0.9552 0.4407, -0.5128 -0.953 0.4567, -0.5009 -0.953 0.4567, -0.4962 -0.9528 0.4576, -0.4915 -0.9525 0.4597, -0.4876 -0.9521 0.4629, -0.5103 -0.945 0.5131, -0.5163 -0.944 0.5201, -0.5768 -0.9462 0.5049, -0.5169 -0.944 0.5207, -0.5243 -0.9432 0.5258, -0.5728 -0.945 0.5132, -0.5787 -0.946 0.5059, -0.5846 -0.9457 0.5081, -0.4982 -0.9473 0.4969, -0.5025 -0.9472 0.4974, -0.5046 -0.9472 0.4974, -0.5062 -0.9462 0.5047, -0.4859 -0.9484 0.489, -0.4894 -0.9479 0.4927, -0.4936 -0.9475 0.4953, -0.6001 -0.9459 0.5072, -0.606 -0.9463 0.5041, -0.5936 -0.9456 0.5087, -0.6104 -0.9468 0.5001, -0.6141 -0.9476 0.4949, -0.5669 -0.944 0.5202, -0.5326 -0.9428 0.5289, -0.5598 -0.9433 0.5253, -0.5415 -0.9426 0.53, -0.5512 -0.9428 0.5288, -0.5908 -0.9456 0.5089, -0.6164 -0.9484 0.4891, -0.3209 -0.9573 0.426, 0.6969 -0.9328 0.6004, -0.3092 -0.9328 0.6004, -0.3209 -0.9328 0.6004, -0.3351 -0.9328 0.6004, -0.3556 -0.9328 0.6004, -0.3642 -0.9328 0.6004, -0.4125 -0.9646 0.374, -0.3812 -0.9646 0.374, -0.3642 -0.9646 0.374, -0.3556 -0.9646 0.374, -0.3351 -0.9646 0.374, -0.4148 -0.9552 0.4406, -0.4148 -0.9573 0.426, -0.4148 -0.9646 0.374, -0.4305 -0.9528 0.4574, -0.4305 -0.9546 0.445, -0.4172 -0.9528 0.4574, -0.4153 -0.9546 0.445, -0.4172 -0.9523 0.4616, -0.4162 -0.95 0.4776, -0.4162 -0.9506 0.4733, -0.4353 -0.95 0.4776, -0.4353 -0.9552 0.4409, -0.4305 -0.9506 0.4733, -0.4305 -0.9523 0.4616, -0.4153 -0.9552 0.4409, -0.4305 -0.9418 0.5358, -0.4305 -0.9464 0.5033, -0.4157 -0.9464 0.5033, -0.4157 -0.947 0.4991, -0.4353 -0.947 0.4991, -0.4353 -0.9418 0.5358, -0.4148 -0.9328 0.6004, 0.6892 -0.9251 0.6551, -0.3092 -0.9251 0.6551, -0.3209 -0.9251 0.6551, -0.3351 -0.9251 0.6551, -0.3556 -0.9251 0.6551, -0.3642 -0.9251 0.6551, -0.3812 -0.9251 0.6551, -0.4125 -0.9251 0.6551, -0.4148 -0.9251 0.6551, -0.4504 -0.9251 0.6551, -0.5715 -0.9251 0.6551, -0.2681 -0.9552 0.4409, -0.2491 -0.9538 0.4509, -0.2646 -0.9538 0.4509, -0.2892 -0.9551 0.4416, -0.285 -0.9548 0.4432, 0.4744 0.6102 0.0591, 0.6892 0.8861 0.0591, 0.4744 -0.6102 0.0591, 0.6892 -0.8861 0.0591, -0.4744 -0.6102 0.0591, -0.6892 -0.8861 0.0591, -0.4744 0.6102 0.0591, -0.6892 0.8861 0.0591, 0.7622 0.1693 0.3346, 0.7677 0.1693 0.374, 0.7677 -0.1693 0.374, 0.7677 -0.8307 0.374, 0.7677 -0.9256 0.374, 0.7622 -0.8307 0.3346, 0.7282 -0.8861 0.0929, 0.7622 -0.6693 0.3346, 0.7282 0.8861 0.0929, 0.7622 -0.1693 0.3346, 0.7622 -0.3307 0.3346, 0.7677 -0.3307 0.374, 0.7677 -0.6693 0.374, 0.7622 0.6693 0.3346, 0.7622 0.8307 0.3346, 0.7677 0.9256 0.374, 0.7677 0.8307 0.374, 0.7677 0.6693 0.374, 0.7677 0.3307 0.374, 0.7622 0.3307 0.3346, 0.7622 -0.8307 0.4134, 0.7282 -0.8861 0.6551, 0.7622 -0.6693 0.4134, 0.7282 0.8861 0.6551, 0.7622 -0.1693 0.4134, 0.7622 0.1693 0.4134, 0.7622 0.3307 0.4134, 0.7622 -0.3307 0.4134, 0.7622 0.8307 0.4134, 0.7622 0.6693 0.4134, -0.7677 -0.9256 0.374, -0.7677 -0.8307 0.374, -0.7622 -0.8307 0.3346, -0.7622 0.1693 0.3346, -0.7622 0.3307 0.3346, -0.7282 0.8861 0.0929, -0.7282 -0.8861 0.0929, -0.7622 -0.6693 0.3346, -0.7622 -0.1693 0.3346, -0.7677 -0.1693 0.374, -0.7677 0.1693 0.374, -0.7622 -0.3307 0.3346, -0.7677 -0.3307 0.374, -0.7677 -0.6693 0.374, -0.7677 0.8307 0.374, -0.7677 0.9256 0.374, -0.7622 0.8307 0.3346, -0.7622 0.6693 0.3346, -0.7677 0.6693 0.374, -0.7677 0.3307 0.374, -0.7622 0.1693 0.4134, -0.7422 0.9 0.5559, -0.7622 0.8307 0.4134, -0.7622 0.6693 0.4134, -0.7622 0.3307 0.4134, -0.7622 -0.1693 0.4134, -0.7622 -0.3307 0.4134, -0.7622 -0.6693 0.4134, -0.7622 -0.8307 0.4134, -0.7422 -0.9 0.5559, 0.6892 -0.9251 0.0929, -0.6892 -0.9251 0.0929, 0.6892 0.9251 0.0929, -0.6892 0.9251 0.0929, 0.7287 0.9646 0.374, -0.7287 0.9646 0.374, 0.6892 0.9251 0.6551, -0.5715 0.9251 0.6551, -0.7032 0.939 0.5559, -0.3959 0.7791 0.689, -0.3743 0.788 0.689, -0.5715 0.8861 0.689, -0.3743 0.6151 0.689, -0.3959 0.624 0.689, -0.5715 -0.8861 0.689, -0.4144 0.6383 0.689, -0.2878 0.7648 0.689, -0.2736 0.7463 0.689, 0.6892 0.8861 0.689, -0.2647 0.7247 0.689, -0.4376 0.7247 0.689, -0.4286 0.7463 0.689, -0.4144 0.7648 0.689, -0.2616 0.7015 0.689, -0.2647 0.6784 0.689, 0.6892 -0.8861 0.689, -0.2736 0.6568 0.689, -0.2878 0.6383 0.689, -0.3064 0.624 0.689, -0.3279 0.6151 0.689, -0.3511 0.612 0.689, -0.4286 0.6568 0.689, -0.4376 0.6784 0.689, -0.4406 0.7015 0.689, -0.3511 0.791 0.689, -0.3279 0.788 0.689, -0.3064 0.7791 0.689
            ]
        }
        coordIndex [
            0,1,2,-1,3,4,5,-1,6,7,8,-1,9,10,11,-1,11,10,12,-1,11,12,7,-1,7,12,13,-1,7,13,8,-1,8,13,14,-1,8,14,15,-1,16,17,18,-1,18,17,19,-1,18,19,20,-1,20,19,6,-1,20,6,21,-1,14,22,15,-1,15,22,23,-1,15,23,24,-1,24,23,25,-1,26,27,28,-1,28,27,21,-1,28,21,29,-1,30,29,31,-1,31,32,30,-1,30,32,33,-1,30,33,34,-1,34,33,35,-1,36,37,8,-1,6,8,21,-1,21,8,37,-1,21,37,38,-1,21,39,40,-1,41,42,43,-1,43,42,44,-1,43,44,45,-1,46,47,39,-1,46,39,48,-1,47,49,39,-1,39,49,50,-1,39,50,43,-1,43,50,51,-1,43,51,41,-1,38,52,21,-1,21,52,53,-1,21,53,39,-1,39,53,54,-1,39,54,48,-1,29,21,31,-1,31,21,40,-1,31,40,55,-1,55,40,56,-1,55,56,57,-1,58,59,55,-1,60,59,61,-1,61,59,58,-1,61,58,62,-1,3,5,63,-1,63,5,64,-1,63,64,65,-1,65,64,66,-1,65,66,67,-1,67,66,68,-1,67,68,69,-1,70,71,72,-1,73,69,74,-1,74,69,68,-1,74,68,72,-1,72,71,75,-1,75,71,76,-1,75,76,77,-1,78,79,80,-1,80,81,78,-1,78,81,82,-1,78,82,83,-1,84,85,86,-1,86,85,87,-1,86,87,88,-1,89,90,91,-1,91,90,92,-1,93,94,87,-1,87,94,95,-1,87,95,88,-1,87,96,83,-1,83,96,97,-1,92,98,91,-1,91,98,99,-1,91,99,100,-1,83,82,87,-1,87,82,101,-1,87,101,102,-1,86,103,104,-1,102,105,87,-1,87,105,106,-1,87,106,107,-1,103,86,108,-1,108,86,109,-1,108,109,110,-1,104,111,86,-1,86,111,112,-1,86,112,84,-1,97,113,83,-1,83,113,114,-1,83,114,91,-1,91,114,115,-1,91,115,89,-1,107,116,87,-1,87,116,117,-1,87,117,93,-1,118,119,120,-1,120,119,121,-1,120,121,122,-1,123,124,125,-1,126,127,123,-1,123,127,128,-1,123,128,124,-1,129,130,123,-1,123,130,131,-1,123,131,126,-1,100,132,133,-1,133,132,134,-1,133,134,129,-1,129,134,135,-1,129,135,130,-1,136,137,138,-1,139,140,141,-1,141,140,142,-1,141,142,143,-1,143,142,144,-1,143,144,145,-1,145,144,146,-1,145,146,147,-1,147,146,148,-1,147,148,149,-1,149,148,150,-1,136,146,137,-1,137,146,144,-1,137,144,151,-1,151,144,152,-1,151,152,153,-1,153,152,154,-1,153,154,83,-1,83,154,155,-1,83,155,78,-1,78,155,156,-1,78,156,138,-1,138,156,157,-1,138,157,136,-1,158,159,151,-1,160,161,137,-1,151,159,137,-1,137,159,162,-1,137,162,160,-1,163,164,165,-1,166,167,168,-1,163,165,169,-1,160,170,161,-1,161,170,171,-1,161,171,168,-1,168,171,172,-1,168,172,166,-1,165,173,174,-1,174,173,175,-1,174,175,176,-1,164,177,165,-1,165,177,178,-1,165,178,173,-1,167,179,168,-1,168,179,180,-1,168,180,181,-1,182,165,183,-1,183,165,21,-1,183,21,184,-1,184,21,27,-1,35,33,182,-1,182,33,168,-1,182,168,165,-1,165,168,181,-1,165,181,169,-1,185,186,187,-1,188,189,190,-1,190,189,191,-1,192,193,194,-1,185,187,195,-1,188,196,189,-1,189,196,197,-1,189,197,198,-1,198,197,194,-1,198,194,199,-1,199,194,193,-1,200,201,202,-1,202,201,203,-1,202,203,204,-1,205,91,206,-1,206,91,207,-1,208,209,187,-1,187,209,210,-1,187,210,195,-1,204,211,202,-1,202,211,212,-1,202,212,91,-1,91,212,191,-1,91,191,207,-1,207,191,189,-1,213,214,215,-1,215,214,216,-1,215,216,217,-1,217,216,218,-1,219,220,194,-1,194,220,221,-1,194,221,222,-1,223,224,225,-1,225,224,226,-1,225,226,227,-1,205,228,91,-1,91,228,229,-1,91,229,230,-1,231,232,233,-1,222,234,194,-1,194,234,235,-1,194,235,192,-1,218,236,217,-1,217,236,237,-1,217,237,238,-1,238,237,233,-1,238,233,239,-1,239,233,232,-1,186,240,241,-1,241,240,242,-1,240,243,242,-1,242,243,244,-1,242,244,202,-1,202,244,245,-1,202,245,200,-1,223,213,224,-1,224,213,215,-1,224,215,246,-1,246,215,247,-1,246,247,248,-1,248,247,249,-1,248,249,250,-1,250,249,251,-1,252,251,241,-1,241,251,249,-1,241,249,186,-1,186,249,247,-1,186,247,187,-1,252,241,1,-1,1,241,253,-1,1,253,2,-1,254,255,2,-1,256,257,83,-1,230,231,91,-1,91,231,233,-1,91,233,83,-1,83,233,258,-1,83,258,256,-1,259,260,2,-1,2,260,261,-1,257,262,83,-1,83,262,263,-1,83,263,153,-1,153,263,264,-1,153,264,254,-1,265,266,255,-1,255,266,267,-1,255,267,2,-1,2,267,268,-1,2,268,259,-1,261,269,2,-1,2,269,270,-1,2,270,0,-1,271,272,273,-1,273,272,274,-1,273,274,275,-1,273,276,271,-1,271,276,277,-1,271,277,278,-1,278,279,271,-1,271,279,280,-1,271,280,281,-1,281,280,282,-1,281,282,283,-1,283,282,284,-1,283,284,255,-1,255,284,285,-1,255,285,265,-1,286,287,275,-1,275,287,288,-1,275,288,273,-1,289,290,227,-1,227,290,291,-1,227,291,225,-1,289,292,290,-1,290,292,293,-1,290,293,294,-1,294,293,295,-1,294,296,297,-1,295,298,294,-1,294,298,299,-1,294,299,300,-1,300,301,294,-1,294,301,302,-1,294,302,296,-1,297,303,294,-1,294,303,304,-1,294,304,305,-1,306,307,174,-1,307,24,174,-1,174,24,25,-1,174,25,165,-1,165,25,308,-1,165,308,21,-1,21,308,309,-1,21,309,20,-1,310,311,312,-1,176,158,174,-1,174,158,151,-1,174,151,306,-1,306,151,313,-1,306,313,314,-1,314,313,310,-1,314,310,315,-1,315,310,312,-1,316,317,2,-1,254,2,153,-1,153,2,317,-1,153,317,151,-1,151,317,318,-1,151,318,313,-1,319,320,316,-1,321,322,323,-1,323,322,324,-1,323,324,319,-1,319,316,323,-1,323,316,2,-1,323,2,325,-1,325,2,253,-1,325,253,326,-1,325,327,323,-1,323,327,328,-1,323,328,329,-1,330,331,332,-1,332,331,333,-1,332,333,253,-1,253,333,334,-1,253,334,326,-1,329,335,323,-1,323,335,336,-1,323,336,321,-1,337,338,339,-1,337,339,340,-1,338,341,339,-1,339,341,342,-1,339,342,332,-1,332,342,343,-1,332,343,330,-1,344,345,346,-1,346,345,347,-1,346,347,348,-1,349,350,351,-1,351,350,346,-1,351,346,352,-1,352,346,353,-1,348,354,346,-1,346,354,355,-1,346,355,353,-1,70,72,356,-1,356,72,68,-1,356,68,357,-1,68,358,359,-1,68,360,357,-1,357,360,361,-1,357,361,362,-1,362,361,363,-1,362,363,364,-1,359,365,68,-1,68,365,366,-1,68,366,360,-1,367,368,64,-1,367,64,369,-1,368,370,64,-1,64,370,371,-1,64,371,66,-1,66,371,372,-1,372,373,66,-1,66,373,374,-1,66,374,68,-1,68,374,375,-1,68,375,358,-1,376,369,377,-1,377,369,64,-1,377,64,378,-1,378,64,5,-1,378,5,379,-1,379,5,380,-1,381,382,383,-1,4,384,5,-1,5,384,385,-1,5,385,380,-1,383,386,381,-1,381,386,387,-1,381,387,4,-1,4,387,388,-1,4,388,384,-1,389,390,382,-1,382,390,391,-1,382,391,392,-1,392,393,382,-1,382,393,394,-1,382,394,383,-1,395,396,397,-1,398,399,389,-1,400,401,402,-1,402,401,403,-1,395,397,404,-1,398,389,405,-1,406,407,401,-1,401,407,408,-1,401,408,409,-1,349,410,350,-1,350,410,411,-1,350,411,389,-1,389,411,412,-1,389,412,405,-1,396,413,397,-1,397,413,414,-1,397,414,415,-1,416,417,418,-1,418,417,419,-1,418,419,420,-1,421,409,422,-1,422,409,423,-1,422,423,418,-1,418,423,424,-1,418,424,416,-1,421,425,409,-1,409,425,426,-1,409,426,401,-1,401,426,427,-1,401,427,403,-1,428,429,430,-1,430,429,431,-1,430,431,397,-1,397,431,432,-1,397,432,404,-1,433,434,397,-1,397,434,435,-1,397,435,401,-1,401,435,436,-1,401,436,406,-1,437,438,390,-1,390,438,439,-1,390,439,440,-1,440,441,390,-1,390,441,442,-1,390,442,443,-1,443,442,428,-1,443,428,444,-1,444,428,430,-1,399,445,389,-1,389,445,446,-1,389,446,390,-1,390,446,447,-1,390,447,437,-1,415,448,397,-1,397,448,449,-1,397,449,450,-1,450,451,397,-1,397,451,452,-1,397,452,433,-1,453,454,455,-1,454,456,455,-1,455,456,457,-1,455,457,458,-1,408,455,409,-1,409,455,459,-1,409,459,460,-1,461,462,408,-1,408,462,463,-1,408,463,455,-1,455,463,464,-1,455,464,453,-1,465,466,408,-1,408,466,467,-1,408,467,461,-1,468,469,470,-1,470,469,471,-1,470,471,472,-1,458,457,473,-1,473,457,474,-1,473,474,475,-1,475,474,476,-1,475,476,477,-1,460,478,409,-1,409,478,470,-1,409,470,479,-1,479,470,472,-1,307,340,24,-1,24,340,339,-1,24,339,15,-1,15,339,480,-1,15,480,8,-1,32,481,33,-1,33,481,482,-1,33,482,168,-1,168,482,483,-1,168,483,161,-1,161,483,484,-1,161,484,137,-1,137,484,485,-1,137,485,138,-1,138,485,486,-1,138,486,78,-1,78,486,119,-1,78,119,79,-1,79,119,118,-1,242,487,241,-1,241,487,488,-1,241,488,253,-1,253,488,489,-1,253,489,332,-1,332,489,490,-1,332,490,339,-1,339,490,491,-1,339,491,480,-1,100,133,91,-1,91,133,492,-1,91,492,202,-1,202,492,493,-1,202,493,242,-1,242,493,494,-1,242,494,487,-1,495,496,497,-1,497,496,498,-1,497,498,499,-1,133,500,501,-1,500,133,502,-1,502,133,350,-1,502,350,503,-1,503,350,389,-1,503,389,492,-1,492,389,382,-1,492,382,493,-1,493,382,381,-1,493,381,494,-1,504,505,501,-1,501,505,499,-1,501,499,133,-1,133,499,498,-1,133,498,492,-1,492,498,506,-1,492,506,503,-1,507,129,346,-1,507,508,129,-1,129,508,509,-1,129,509,133,-1,133,509,510,-1,133,510,350,-1,350,510,511,-1,350,511,346,-1,346,511,512,-1,346,512,507,-1,125,122,123,-1,123,122,121,-1,123,121,129,-1,129,121,513,-1,129,513,346,-1,346,513,75,-1,346,75,344,-1,344,75,77,-1,481,514,482,-1,482,514,515,-1,482,515,483,-1,483,515,516,-1,483,516,484,-1,484,516,517,-1,484,517,485,-1,485,517,518,-1,485,518,486,-1,486,518,519,-1,486,519,119,-1,119,519,520,-1,119,520,121,-1,121,520,521,-1,121,521,513,-1,513,521,522,-1,513,522,75,-1,75,522,523,-1,75,523,72,-1,72,523,524,-1,43,57,525,-1,525,57,526,-1,525,526,527,-1,491,62,480,-1,480,62,58,-1,480,58,8,-1,8,58,55,-1,8,55,36,-1,36,55,57,-1,36,57,528,-1,528,57,43,-1,528,43,529,-1,529,43,45,-1,530,531,532,-1,532,531,533,-1,532,533,534,-1,534,533,535,-1,534,535,536,-1,536,535,537,-1,536,537,530,-1,530,537,531,-1,538,539,540,-1,541,542,543,-1,543,542,544,-1,543,544,545,-1,546,547,548,-1,549,550,548,-1,548,550,545,-1,548,545,546,-1,546,545,544,-1,551,546,552,-1,552,546,553,-1,552,553,554,-1,555,556,551,-1,551,556,557,-1,551,557,546,-1,546,557,538,-1,546,538,547,-1,547,538,540,-1,542,541,558,-1,542,558,559,-1,559,558,560,-1,559,560,561,-1,562,540,539,-1,563,564,561,-1,539,563,562,-1,562,563,561,-1,562,561,565,-1,565,561,560,-1,565,560,549,-1,549,560,550,-1,554,553,566,-1,566,553,561,-1,566,561,567,-1,567,561,564,-1,567,564,555,-1,555,564,556,-1,568,569,570,-1,571,572,573,-1,568,570,574,-1,574,570,575,-1,574,575,573,-1,576,577,578,-1,578,571,576,-1,576,571,573,-1,576,573,579,-1,579,573,575,-1,579,575,580,-1,580,575,581,-1,582,583,584,-1,584,583,573,-1,584,573,585,-1,585,573,572,-1,585,572,586,-1,586,572,587,-1,588,578,577,-1,583,582,589,-1,589,582,590,-1,589,590,591,-1,586,587,591,-1,591,587,592,-1,591,592,589,-1,589,592,588,-1,589,588,593,-1,593,588,577,-1,580,581,594,-1,594,581,595,-1,569,568,596,-1,596,568,597,-1,596,597,595,-1,595,597,589,-1,595,589,594,-1,594,589,593,-1,598,60,599,-1,599,60,61,-1,599,61,62,-1,62,491,599,-1,599,491,490,-1,599,490,489,-1,489,488,599,-1,599,488,487,-1,599,487,494,-1,494,381,599,-1,599,381,4,-1,599,4,3,-1,600,601,602,-1,602,601,603,-1,604,602,605,-1,605,602,603,-1,605,603,606,-1,607,608,609,-1,610,611,612,-1,612,611,613,-1,614,615,616,-1,616,615,617,-1,618,619,609,-1,609,619,620,-1,609,620,607,-1,617,621,616,-1,616,621,622,-1,616,622,623,-1,623,622,624,-1,623,624,625,-1,625,626,623,-1,623,626,627,-1,623,627,612,-1,612,627,628,-1,612,628,610,-1,613,629,612,-1,612,629,630,-1,612,630,609,-1,609,630,631,-1,609,631,618,-1,608,632,609,-1,609,632,633,-1,609,633,616,-1,616,633,634,-1,616,634,614,-1,
        ]
    }
}
Shape{
    appearance Appearance {
        material  Material 	{
            diffuseColor 0.0 0.0 0.0
            specularColor 0.0 0.0 0.0
            ambientIntensity 0.0
            transparency 0.0
            shininess 0.5
        }
    }
    geometry IndexedFaceSet {
        ccw TRUE
        solid FALSE
        coord DEF co Coordinate {
            point [
                -0.3511 0.612 0.6886, -0.3511 0.612 0.689, -0.3279 0.6151 0.6886, -0.3279 0.6151 0.689, -0.3064 0.624 0.6886, -0.3064 0.624 0.689, -0.2878 0.6383 0.6886, -0.2878 0.6383 0.689, -0.2736 0.6568 0.6886, -0.2736 0.6568 0.689, -0.2647 0.6784 0.6886, -0.2647 0.6784 0.689, -0.2616 0.7015 0.6886, -0.2616 0.7015 0.689, -0.2647 0.7247 0.6886, -0.2647 0.7247 0.689, -0.2736 0.7463 0.6886, -0.2736 0.7463 0.689, -0.2878 0.7648 0.6886, -0.2878 0.7648 0.689, -0.3064 0.7791 0.6886, -0.3064 0.7791 0.689, -0.3279 0.788 0.6886, -0.3279 0.788 0.689, -0.3511 0.791 0.6886, -0.3511 0.791 0.689, -0.3743 0.788 0.6886, -0.3743 0.788 0.689, -0.3959 0.7791 0.6886, -0.3959 0.7791 0.689, -0.4144 0.7648 0.6886, -0.4144 0.7648 0.689, -0.4286 0.7463 0.6886, -0.4286 0.7463 0.689, -0.4376 0.7247 0.6886, -0.4376 0.7247 0.689, -0.4406 0.7015 0.6886, -0.4406 0.7015 0.689, -0.4376 0.6784 0.6886, -0.4376 0.6784 0.689, -0.4286 0.6568 0.6886, -0.4286 0.6568 0.689, -0.4144 0.6383 0.6886, -0.4144 0.6383 0.689, -0.3959 0.624 0.6886, -0.3959 0.624 0.689, -0.3743 0.6151 0.6886, -0.3743 0.6151 0.689, -0.3511 0.7015 0.6886
            ]
        }
        coordIndex [
            0,1,2,-1,2,1,3,-1,2,3,4,-1,4,3,5,-1,4,5,6,-1,6,5,7,-1,6,7,8,-1,8,7,9,-1,8,9,10,-1,10,9,11,-1,10,11,12,-1,12,11,13,-1,12,13,14,-1,14,13,15,-1,14,15,16,-1,16,15,17,-1,16,17,18,-1,18,17,19,-1,18,19,20,-1,20,19,21,-1,20,21,22,-1,22,21,23,-1,22,23,24,-1,24,23,25,-1,24,25,26,-1,26,25,27,-1,26,27,28,-1,28,27,29,-1,28,29,30,-1,30,29,31,-1,30,31,32,-1,32,31,33,-1,32,33,34,-1,34,33,35,-1,34,35,36,-1,36,35,37,-1,36,37,38,-1,38,37,39,-1,38,39,40,-1,40,39,41,-1,40,41,42,-1,42,41,43,-1,42,43,44,-1,44,43,45,-1,44,45,46,-1,46,45,47,-1,46,47,0,-1,0,47,1,-1,44,46,48,-1,48,46,0,-1,48,0,2,-1,38,40,48,-1,48,40,42,-1,48,42,44,-1,32,34,48,-1,48,34,36,-1,48,36,38,-1,26,28,48,-1,48,28,30,-1,48,30,32,-1,20,22,48,-1,48,22,24,-1,48,24,26,-1,14,16,48,-1,48,16,18,-1,48,18,20,-1,8,10,48,-1,48,10,12,-1,48,12,14,-1,2,4,48,-1,48,4,6,-1,48,6,8,-1,
        ]
    }
}
Shape{
    appearance Appearance {
        material  Material 	{
            diffuseColor 1.0 1.0 1.0
            specularColor 0.5019607843137255 0.5019607843137255 0.5019607843137255
            ambientIntensity 1.0
            transparency 0.0
            shininess 0.5
        }
    }
    geometry IndexedFaceSet {
        ccw TRUE
        solid FALSE
        coord DEF co Coordinate {
            point [
                -0.7622 -0.1693 0.4134, -0.8618 -0.1693 0.4134, -0.7622 -0.3307 0.4134, -0.8618 -0.3307 0.4134, -1.1811 -0.3307 0.0787, -0.9957 -0.3307 0.0787, -1.1811 -0.1693 0.0787, -0.9957 -0.1693 0.0787, -1.1811 -0.3307 0.0, -1.1811 -0.1693 0.0, -0.9957 -0.3307 0.0, -0.9957 -0.1693 0.0, -0.9716 -0.1693 0.003, -0.9716 -0.3307 0.003, -0.949 -0.1693 0.0118, -0.949 -0.3307 0.0118, -0.9292 -0.1693 0.0259, -0.9292 -0.3307 0.0259, -0.9135 -0.1693 0.0443, -0.9135 -0.3307 0.0443, -0.9027 -0.1693 0.0661, -0.9027 -0.3307 0.0661, -0.8977 -0.1693 0.0898, -0.8977 -0.3307 0.0898, -0.8775 -0.3307 0.3203, -0.8775 -0.1693 0.3203, -0.8767 -0.3307 0.3241, -0.8767 -0.1693 0.3241, -0.875 -0.3307 0.3276, -0.875 -0.1693 0.3276, -0.8724 -0.3307 0.3305, -0.8724 -0.1693 0.3305, -0.8693 -0.3307 0.3328, -0.8693 -0.1693 0.3328, -0.8657 -0.3307 0.3342, -0.8657 -0.1693 0.3342, -0.8618 -0.3307 0.3346, -0.8618 -0.1693 0.3346, -0.7622 -0.3307 0.3346, -0.7622 -0.1693 0.3346, -0.8849 -0.1693 0.4105, -0.8849 -0.3307 0.4105, -0.9066 -0.1693 0.4021, -0.9066 -0.3307 0.4021, -0.9256 -0.1693 0.3886, -0.9256 -0.3307 0.3886, -0.9407 -0.1693 0.3708, -0.9407 -0.3307 0.3708, -0.9511 -0.1693 0.3499, -0.9511 -0.3307 0.3499, -0.9559 -0.1693 0.3271, -0.9559 -0.3307 0.3271, -0.9761 -0.3307 0.0967, -0.9761 -0.1693 0.0967, -0.9771 -0.3307 0.092, -0.9771 -0.1693 0.092, -0.9793 -0.3307 0.0876, -0.9793 -0.1693 0.0876, -0.9824 -0.3307 0.0839, -0.9824 -0.1693 0.0839, -0.9864 -0.3307 0.0811, -0.9864 -0.1693 0.0811, -0.9909 -0.3307 0.0793, -0.9909 -0.1693 0.0793, -0.7677 -0.3307 0.374, -0.7677 -0.1693 0.374, -1.1811 -0.8307 0.0787, -0.9957 -0.8307 0.0787, -1.1811 -0.6693 0.0787, -0.9957 -0.6693 0.0787, -1.1811 -0.8307 0.0, -1.1811 -0.6693 0.0, -0.9957 -0.8307 0.0, -0.9957 -0.6693 0.0, -0.9716 -0.6693 0.003, -0.9716 -0.8307 0.003, -0.949 -0.6693 0.0118, -0.949 -0.8307 0.0118, -0.9292 -0.6693 0.0259, -0.9292 -0.8307 0.0259, -0.9135 -0.6693 0.0443, -0.9135 -0.8307 0.0443, -0.9027 -0.6693 0.0661, -0.9027 -0.8307 0.0661, -0.8977 -0.6693 0.0898, -0.8977 -0.8307 0.0898, -0.8775 -0.8307 0.3203, -0.8775 -0.6693 0.3203, -0.8767 -0.8307 0.3241, -0.8767 -0.6693 0.3241, -0.875 -0.8307 0.3276, -0.875 -0.6693 0.3276, -0.8724 -0.8307 0.3305, -0.8724 -0.6693 0.3305, -0.8693 -0.8307 0.3328, -0.8693 -0.6693 0.3328, -0.8657 -0.8307 0.3342, -0.8657 -0.6693 0.3342, -0.8618 -0.8307 0.3346, -0.8618 -0.6693 0.3346, -0.7622 -0.8307 0.3346, -0.7622 -0.6693 0.3346, -0.7622 -0.6693 0.4134, -0.8618 -0.6693 0.4134, -0.7622 -0.8307 0.4134, -0.8618 -0.8307 0.4134, -0.8849 -0.6693 0.4105, -0.8849 -0.8307 0.4105, -0.9066 -0.6693 0.4021, -0.9066 -0.8307 0.4021, -0.9256 -0.6693 0.3886, -0.9256 -0.8307 0.3886, -0.9407 -0.6693 0.3708, -0.9407 -0.8307 0.3708, -0.9511 -0.6693 0.3499, -0.9511 -0.8307 0.3499, -0.9559 -0.6693 0.3271, -0.9559 -0.8307 0.3271, -0.9761 -0.8307 0.0967, -0.9761 -0.6693 0.0967, -0.7677 -0.8307 0.374, -0.9909 -0.8307 0.0793, -0.9864 -0.8307 0.0811, -0.9824 -0.8307 0.0839, -0.9793 -0.8307 0.0876, -0.9771 -0.8307 0.092, -0.9771 -0.6693 0.092, -0.9793 -0.6693 0.0876, -0.9824 -0.6693 0.0839, -0.9864 -0.6693 0.0811, -0.9909 -0.6693 0.0793, -0.7677 -0.6693 0.374, -1.1811 0.1693 0.0787, -0.9957 0.1693 0.0787, -1.1811 0.3307 0.0787, -0.9957 0.3307 0.0787, -1.1811 0.1693 0.0, -1.1811 0.3307 0.0, -0.9957 0.1693 0.0, -0.9957 0.3307 0.0, -0.9716 0.3307 0.003, -0.9716 0.1693 0.003, -0.949 0.3307 0.0118, -0.949 0.1693 0.0118, -0.9292 0.3307 0.0259, -0.9292 0.1693 0.0259, -0.9135 0.3307 0.0443, -0.9135 0.1693 0.0443, -0.9027 0.3307 0.0661, -0.9027 0.1693 0.0661, -0.8977 0.3307 0.0898, -0.8977 0.1693 0.0898, -0.8775 0.1693 0.3203, -0.8775 0.3307 0.3203, -0.8767 0.1693 0.3241, -0.8767 0.3307 0.3241, -0.875 0.1693 0.3276, -0.875 0.3307 0.3276, -0.8724 0.1693 0.3305, -0.8724 0.3307 0.3305, -0.8693 0.1693 0.3328, -0.8693 0.3307 0.3328, -0.8657 0.1693 0.3342, -0.8657 0.3307 0.3342, -0.8618 0.1693 0.3346, -0.8618 0.3307 0.3346, -0.7622 0.1693 0.3346, -0.7622 0.3307 0.3346, -0.7622 0.3307 0.4134, -0.8618 0.3307 0.4134, -0.7622 0.1693 0.4134, -0.8618 0.1693 0.4134, -0.8849 0.3307 0.4105, -0.8849 0.1693 0.4105, -0.9066 0.3307 0.4021, -0.9066 0.1693 0.4021, -0.9256 0.3307 0.3886, -0.9256 0.1693 0.3886, -0.9407 0.3307 0.3708, -0.9407 0.1693 0.3708, -0.9511 0.3307 0.3499, -0.9511 0.1693 0.3499, -0.9559 0.3307 0.3271, -0.9559 0.1693 0.3271, -0.9761 0.1693 0.0967, -0.9761 0.3307 0.0967, -0.7677 0.1693 0.374, -0.9909 0.1693 0.0793, -0.9864 0.1693 0.0811, -0.9824 0.1693 0.0839, -0.9793 0.1693 0.0876, -0.9771 0.1693 0.092, -0.9771 0.3307 0.092, -0.9793 0.3307 0.0876, -0.9824 0.3307 0.0839, -0.9864 0.3307 0.0811, -0.9909 0.3307 0.0793, -0.7677 0.3307 0.374, -1.1811 0.6693 0.0787, -0.9957 0.6693 0.0787, -1.1811 0.8307 0.0787, -0.9957 0.8307 0.0787, -1.1811 0.6693 0.0, -1.1811 0.8307 0.0, -0.9957 0.6693 0.0, -0.9957 0.8307 0.0, -0.9716 0.8307 0.003, -0.9716 0.6693 0.003, -0.949 0.8307 0.0118, -0.949 0.6693 0.0118, -0.9292 0.8307 0.0259, -0.9292 0.6693 0.0259, -0.9135 0.8307 0.0443, -0.9135 0.6693 0.0443, -0.9027 0.8307 0.0661, -0.9027 0.6693 0.0661, -0.8977 0.8307 0.0898, -0.8977 0.6693 0.0898, -0.8775 0.6693 0.3203, -0.8775 0.8307 0.3203, -0.8767 0.6693 0.3241, -0.8767 0.8307 0.3241, -0.875 0.6693 0.3276, -0.875 0.8307 0.3276, -0.8724 0.6693 0.3305, -0.8724 0.8307 0.3305, -0.8693 0.6693 0.3328, -0.8693 0.8307 0.3328, -0.8657 0.6693 0.3342, -0.8657 0.8307 0.3342, -0.8618 0.6693 0.3346, -0.8618 0.8307 0.3346, -0.7622 0.6693 0.3346, -0.7622 0.8307 0.3346, -0.7622 0.8307 0.4134, -0.8618 0.8307 0.4134, -0.7622 0.6693 0.4134, -0.8618 0.6693 0.4134, -0.8849 0.8307 0.4105, -0.8849 0.6693 0.4105, -0.9066 0.8307 0.4021, -0.9066 0.6693 0.4021, -0.9256 0.8307 0.3886, -0.9256 0.6693 0.3886, -0.9407 0.8307 0.3708, -0.9407 0.6693 0.3708, -0.9511 0.8307 0.3499, -0.9511 0.6693 0.3499, -0.9559 0.8307 0.3271, -0.9559 0.6693 0.3271, -0.9761 0.6693 0.0967, -0.9761 0.8307 0.0967, -0.7677 0.6693 0.374, -0.9909 0.6693 0.0793, -0.9864 0.6693 0.0811, -0.9824 0.6693 0.0839, -0.9793 0.6693 0.0876, -0.9771 0.6693 0.092, -0.9771 0.8307 0.092, -0.9793 0.8307 0.0876, -0.9824 0.8307 0.0839, -0.9864 0.8307 0.0811, -0.9909 0.8307 0.0793, -0.7677 0.8307 0.374, 0.9957 -0.3307 0.0787, 1.1811 -0.3307 0.0787, 0.9957 -0.1693 0.0787, 1.1811 -0.1693 0.0787, 1.1811 -0.3307 0.0, 1.1811 -0.1693 0.0, 0.9957 -0.3307 0.0, 0.9957 -0.1693 0.0, 0.8977 -0.3307 0.0898, 0.8977 -0.1693 0.0898, 0.9027 -0.1693 0.0661, 0.9027 -0.3307 0.0661, 0.9135 -0.1693 0.0443, 0.9135 -0.3307 0.0443, 0.9292 -0.1693 0.0259, 0.9292 -0.3307 0.0259, 0.949 -0.1693 0.0118, 0.949 -0.3307 0.0118, 0.9716 -0.1693 0.003, 0.9716 -0.3307 0.003, 0.8775 -0.3307 0.3203, 0.8775 -0.1693 0.3203, 0.8618 -0.3307 0.3346, 0.8618 -0.1693 0.3346, 0.8657 -0.3307 0.3342, 0.8657 -0.1693 0.3342, 0.8693 -0.3307 0.3328, 0.8693 -0.1693 0.3328, 0.8724 -0.3307 0.3305, 0.8724 -0.1693 0.3305, 0.875 -0.3307 0.3276, 0.875 -0.1693 0.3276, 0.8767 -0.3307 0.3241, 0.8767 -0.1693 0.3241, 0.7622 -0.3307 0.3346, 0.7622 -0.1693 0.3346, 0.8618 -0.1693 0.4134, 0.7622 -0.1693 0.4134, 0.8618 -0.3307 0.4134, 0.7622 -0.3307 0.4134, 0.9559 -0.3307 0.3271, 0.9559 -0.1693 0.3271, 0.9511 -0.1693 0.3499, 0.9511 -0.3307 0.3499, 0.9407 -0.1693 0.3708, 0.9407 -0.3307 0.3708, 0.9256 -0.1693 0.3886, 0.9256 -0.3307 0.3886, 0.9066 -0.1693 0.4021, 0.9066 -0.3307 0.4021, 0.8849 -0.1693 0.4105, 0.8849 -0.3307 0.4105, 0.9761 -0.3307 0.0967, 0.9761 -0.1693 0.0967, 0.7677 -0.3307 0.374, 0.9771 -0.3307 0.092, 0.9793 -0.3307 0.0876, 0.9824 -0.3307 0.0839, 0.9864 -0.3307 0.0811, 0.9909 -0.3307 0.0793, 0.9909 -0.1693 0.0793, 0.9864 -0.1693 0.0811, 0.9824 -0.1693 0.0839, 0.9793 -0.1693 0.0876, 0.9771 -0.1693 0.092, 0.7677 -0.1693 0.374, 0.9957 -0.8307 0.0787, 1.1811 -0.8307 0.0787, 0.9957 -0.6693 0.0787, 1.1811 -0.6693 0.0787, 1.1811 -0.8307 0.0, 1.1811 -0.6693 0.0, 0.9957 -0.8307 0.0, 0.9957 -0.6693 0.0, 0.8977 -0.8307 0.0898, 0.8977 -0.6693 0.0898, 0.9027 -0.6693 0.0661, 0.9027 -0.8307 0.0661, 0.9135 -0.6693 0.0443, 0.9135 -0.8307 0.0443, 0.9292 -0.6693 0.0259, 0.9292 -0.8307 0.0259, 0.949 -0.6693 0.0118, 0.949 -0.8307 0.0118, 0.9716 -0.6693 0.003, 0.9716 -0.8307 0.003, 0.8775 -0.8307 0.3203, 0.8775 -0.6693 0.3203, 0.8618 -0.8307 0.3346, 0.8618 -0.6693 0.3346, 0.8657 -0.8307 0.3342, 0.8657 -0.6693 0.3342, 0.8693 -0.8307 0.3328, 0.8693 -0.6693 0.3328, 0.8724 -0.8307 0.3305, 0.8724 -0.6693 0.3305, 0.875 -0.8307 0.3276, 0.875 -0.6693 0.3276, 0.8767 -0.8307 0.3241, 0.8767 -0.6693 0.3241, 0.7622 -0.8307 0.3346, 0.7622 -0.6693 0.3346, 0.8618 -0.6693 0.4134, 0.7622 -0.6693 0.4134, 0.8618 -0.8307 0.4134, 0.7622 -0.8307 0.4134, 0.9559 -0.8307 0.3271, 0.9559 -0.6693 0.3271, 0.9511 -0.6693 0.3499, 0.9511 -0.8307 0.3499, 0.9407 -0.6693 0.3708, 0.9407 -0.8307 0.3708, 0.9256 -0.6693 0.3886, 0.9256 -0.8307 0.3886, 0.9066 -0.6693 0.4021, 0.9066 -0.8307 0.4021, 0.8849 -0.6693 0.4105, 0.8849 -0.8307 0.4105, 0.9761 -0.8307 0.0967, 0.9761 -0.6693 0.0967, 0.7677 -0.8307 0.374, 0.9771 -0.8307 0.092, 0.9793 -0.8307 0.0876, 0.9824 -0.8307 0.0839, 0.9864 -0.8307 0.0811, 0.9909 -0.8307 0.0793, 0.9909 -0.6693 0.0793, 0.9864 -0.6693 0.0811, 0.9824 -0.6693 0.0839, 0.9793 -0.6693 0.0876, 0.9771 -0.6693 0.092, 0.7677 -0.6693 0.374, 0.9957 0.1693 0.0787, 1.1811 0.1693 0.0787, 0.9957 0.3307 0.0787, 1.1811 0.3307 0.0787, 1.1811 0.1693 0.0, 1.1811 0.3307 0.0, 0.9957 0.1693 0.0, 0.9957 0.3307 0.0, 0.8977 0.1693 0.0898, 0.8977 0.3307 0.0898, 0.9027 0.3307 0.0661, 0.9027 0.1693 0.0661, 0.9135 0.3307 0.0443, 0.9135 0.1693 0.0443, 0.9292 0.3307 0.0259, 0.9292 0.1693 0.0259, 0.949 0.3307 0.0118, 0.949 0.1693 0.0118, 0.9716 0.3307 0.003, 0.9716 0.1693 0.003, 0.8775 0.1693 0.3203, 0.8775 0.3307 0.3203, 0.8618 0.1693 0.3346, 0.8618 0.3307 0.3346, 0.8657 0.1693 0.3342, 0.8657 0.3307 0.3342, 0.8693 0.1693 0.3328, 0.8693 0.3307 0.3328, 0.8724 0.1693 0.3305, 0.8724 0.3307 0.3305, 0.875 0.1693 0.3276, 0.875 0.3307 0.3276, 0.8767 0.1693 0.3241, 0.8767 0.3307 0.3241, 0.7622 0.1693 0.3346, 0.7622 0.3307 0.3346, 0.8618 0.3307 0.4134, 0.7622 0.3307 0.4134, 0.8618 0.1693 0.4134, 0.7622 0.1693 0.4134, 0.9559 0.1693 0.3271, 0.9559 0.3307 0.3271, 0.9511 0.3307 0.3499, 0.9511 0.1693 0.3499, 0.9407 0.3307 0.3708, 0.9407 0.1693 0.3708, 0.9256 0.3307 0.3886, 0.9256 0.1693 0.3886, 0.9066 0.3307 0.4021, 0.9066 0.1693 0.4021, 0.8849 0.3307 0.4105, 0.8849 0.1693 0.4105, 0.9761 0.1693 0.0967, 0.9761 0.3307 0.0967, 0.7677 0.1693 0.374, 0.9771 0.1693 0.092, 0.9793 0.1693 0.0876, 0.9824 0.1693 0.0839, 0.9864 0.1693 0.0811, 0.9909 0.1693 0.0793, 0.9909 0.3307 0.0793, 0.9864 0.3307 0.0811, 0.9824 0.3307 0.0839, 0.9793 0.3307 0.0876, 0.9771 0.3307 0.092, 0.7677 0.3307 0.374, 0.9957 0.6693 0.0787, 1.1811 0.6693 0.0787, 0.9957 0.8307 0.0787, 1.1811 0.8307 0.0787, 1.1811 0.6693 0.0, 1.1811 0.8307 0.0, 0.9957 0.6693 0.0, 0.9957 0.8307 0.0, 0.8977 0.6693 0.0898, 0.8977 0.8307 0.0898, 0.9027 0.8307 0.0661, 0.9027 0.6693 0.0661, 0.9135 0.8307 0.0443, 0.9135 0.6693 0.0443, 0.9292 0.8307 0.0259, 0.9292 0.6693 0.0259, 0.949 0.8307 0.0118, 0.949 0.6693 0.0118, 0.9716 0.8307 0.003, 0.9716 0.6693 0.003, 0.8775 0.6693 0.3203, 0.8775 0.8307 0.3203, 0.8618 0.6693 0.3346, 0.8618 0.8307 0.3346, 0.8657 0.6693 0.3342, 0.8657 0.8307 0.3342, 0.8693 0.6693 0.3328, 0.8693 0.8307 0.3328, 0.8724 0.6693 0.3305, 0.8724 0.8307 0.3305, 0.875 0.6693 0.3276, 0.875 0.8307 0.3276, 0.8767 0.6693 0.3241, 0.8767 0.8307 0.3241, 0.7622 0.6693 0.3346, 0.7622 0.8307 0.3346, 0.8618 0.8307 0.4134, 0.7622 0.8307 0.4134, 0.8618 0.6693 0.4134, 0.7622 0.6693 0.4134, 0.9559 0.6693 0.3271, 0.9559 0.8307 0.3271, 0.9511 0.8307 0.3499, 0.9511 0.6693 0.3499, 0.9407 0.8307 0.3708, 0.9407 0.6693 0.3708, 0.9256 0.8307 0.3886, 0.9256 0.6693 0.3886, 0.9066 0.8307 0.4021, 0.9066 0.6693 0.4021, 0.8849 0.8307 0.4105, 0.8849 0.6693 0.4105, 0.9761 0.6693 0.0967, 0.9761 0.8307 0.0967, 0.7677 0.6693 0.374, 0.9771 0.6693 0.092, 0.9793 0.6693 0.0876, 0.9824 0.6693 0.0839, 0.9864 0.6693 0.0811, 0.9909 0.6693 0.0793, 0.9909 0.8307 0.0793, 0.9864 0.8307 0.0811, 0.9824 0.8307 0.0839, 0.9793 0.8307 0.0876, 0.9771 0.8307 0.092, 0.7677 0.8307 0.374, -0.4744 -0.6102 0.0197, 0.4744 -0.6102 0.0197, -0.4744 -0.6102 0.0591, 0.4744 -0.6102 0.0591, -0.4744 0.6102 0.0197, -0.4744 0.6102 0.0591, 0.4744 0.6102 0.0197, 0.4744 0.6102 0.0591
            ]
        }
        coordIndex [
            0,1,2,-1,2,1,3,-1,4,5,6,-1,6,5,7,-1,8,4,9,-1,9,4,6,-1,10,8,11,-1,11,8,9,-1,10,11,12,-1,10,12,13,-1,13,12,14,-1,13,14,15,-1,15,14,16,-1,15,16,17,-1,17,16,18,-1,17,18,19,-1,19,18,20,-1,19,20,21,-1,21,20,22,-1,21,22,23,-1,24,23,25,-1,25,23,22,-1,24,25,26,-1,26,25,27,-1,26,27,28,-1,28,27,29,-1,28,29,30,-1,30,29,31,-1,30,31,32,-1,32,31,33,-1,32,33,34,-1,34,33,35,-1,34,35,36,-1,36,35,37,-1,38,36,39,-1,39,36,37,-1,3,1,40,-1,3,40,41,-1,41,40,42,-1,41,42,43,-1,43,42,44,-1,43,44,45,-1,45,44,46,-1,45,46,47,-1,47,46,48,-1,47,48,49,-1,49,48,50,-1,49,50,51,-1,52,51,53,-1,53,51,50,-1,52,53,54,-1,54,53,55,-1,54,55,56,-1,56,55,57,-1,56,57,58,-1,58,57,59,-1,58,59,60,-1,60,59,61,-1,60,61,62,-1,62,61,63,-1,62,63,5,-1,5,63,7,-1,2,3,64,-1,64,3,41,-1,41,43,64,-1,64,43,45,-1,64,45,47,-1,47,30,32,-1,38,64,36,-1,36,64,47,-1,36,47,34,-1,34,47,32,-1,4,8,5,-1,5,8,10,-1,5,10,62,-1,62,10,13,-1,62,13,60,-1,60,13,15,-1,60,15,58,-1,58,15,17,-1,58,17,56,-1,56,17,19,-1,56,19,54,-1,54,19,21,-1,54,21,52,-1,52,21,23,-1,52,23,51,-1,51,23,24,-1,51,24,49,-1,49,24,26,-1,49,26,47,-1,47,26,28,-1,47,28,30,-1,39,46,65,-1,65,46,44,-1,65,44,42,-1,42,40,65,-1,65,40,1,-1,65,1,0,-1,39,37,46,-1,46,37,35,-1,46,35,33,-1,9,6,11,-1,11,6,7,-1,11,7,12,-1,12,7,63,-1,12,63,14,-1,14,63,61,-1,14,61,16,-1,16,61,59,-1,16,59,18,-1,18,59,57,-1,18,57,20,-1,20,57,55,-1,20,55,22,-1,22,55,53,-1,22,53,25,-1,25,53,50,-1,25,50,27,-1,27,50,48,-1,27,48,29,-1,29,48,46,-1,29,46,31,-1,31,46,33,-1,66,67,68,-1,68,67,69,-1,70,66,71,-1,71,66,68,-1,72,70,73,-1,73,70,71,-1,72,73,74,-1,72,74,75,-1,75,74,76,-1,75,76,77,-1,77,76,78,-1,77,78,79,-1,79,78,80,-1,79,80,81,-1,81,80,82,-1,81,82,83,-1,83,82,84,-1,83,84,85,-1,86,85,87,-1,87,85,84,-1,86,87,88,-1,88,87,89,-1,88,89,90,-1,90,89,91,-1,90,91,92,-1,92,91,93,-1,92,93,94,-1,94,93,95,-1,94,95,96,-1,96,95,97,-1,96,97,98,-1,98,97,99,-1,100,98,101,-1,101,98,99,-1,102,103,104,-1,104,103,105,-1,105,103,106,-1,105,106,107,-1,107,106,108,-1,107,108,109,-1,109,108,110,-1,109,110,111,-1,111,110,112,-1,111,112,113,-1,113,112,114,-1,113,114,115,-1,115,114,116,-1,115,116,117,-1,118,117,119,-1,119,117,116,-1,104,105,120,-1,120,105,107,-1,107,109,120,-1,120,109,111,-1,120,111,113,-1,113,92,94,-1,100,120,98,-1,98,120,113,-1,98,113,96,-1,96,113,94,-1,66,70,67,-1,67,70,72,-1,67,72,121,-1,121,72,75,-1,121,75,122,-1,122,75,77,-1,122,77,123,-1,123,77,79,-1,123,79,124,-1,124,79,81,-1,124,81,125,-1,125,81,83,-1,125,83,118,-1,118,83,85,-1,118,85,117,-1,117,85,86,-1,117,86,115,-1,115,86,88,-1,115,88,113,-1,113,88,90,-1,113,90,92,-1,118,119,125,-1,125,119,126,-1,125,126,124,-1,124,126,127,-1,124,127,123,-1,123,127,128,-1,123,128,122,-1,122,128,129,-1,122,129,121,-1,121,129,130,-1,121,130,67,-1,67,130,69,-1,108,106,131,-1,131,106,103,-1,131,103,102,-1,101,112,131,-1,131,112,110,-1,131,110,108,-1,101,99,112,-1,112,99,97,-1,112,97,95,-1,95,93,112,-1,112,93,91,-1,112,91,114,-1,114,91,89,-1,114,89,116,-1,116,89,87,-1,116,87,119,-1,119,87,84,-1,119,84,126,-1,126,84,82,-1,126,82,127,-1,127,82,80,-1,127,80,128,-1,128,80,78,-1,128,78,129,-1,129,78,76,-1,129,76,130,-1,130,76,74,-1,130,74,69,-1,69,74,73,-1,69,73,68,-1,68,73,71,-1,132,133,134,-1,134,133,135,-1,136,132,137,-1,137,132,134,-1,138,136,139,-1,139,136,137,-1,138,139,140,-1,138,140,141,-1,141,140,142,-1,141,142,143,-1,143,142,144,-1,143,144,145,-1,145,144,146,-1,145,146,147,-1,147,146,148,-1,147,148,149,-1,149,148,150,-1,149,150,151,-1,152,151,153,-1,153,151,150,-1,152,153,154,-1,154,153,155,-1,154,155,156,-1,156,155,157,-1,156,157,158,-1,158,157,159,-1,158,159,160,-1,160,159,161,-1,160,161,162,-1,162,161,163,-1,162,163,164,-1,164,163,165,-1,166,164,167,-1,167,164,165,-1,168,169,170,-1,170,169,171,-1,171,169,172,-1,171,172,173,-1,173,172,174,-1,173,174,175,-1,175,174,176,-1,175,176,177,-1,177,176,178,-1,177,178,179,-1,179,178,180,-1,179,180,181,-1,181,180,182,-1,181,182,183,-1,184,183,185,-1,185,183,182,-1,170,171,186,-1,186,171,173,-1,173,175,186,-1,186,175,177,-1,186,177,179,-1,179,158,160,-1,166,186,164,-1,164,186,179,-1,164,179,162,-1,162,179,160,-1,132,136,133,-1,133,136,138,-1,133,138,187,-1,187,138,141,-1,187,141,188,-1,188,141,143,-1,188,143,189,-1,189,143,145,-1,189,145,190,-1,190,145,147,-1,190,147,191,-1,191,147,149,-1,191,149,184,-1,184,149,151,-1,184,151,183,-1,183,151,152,-1,183,152,181,-1,181,152,154,-1,181,154,179,-1,179,154,156,-1,179,156,158,-1,184,185,191,-1,191,185,192,-1,191,192,190,-1,190,192,193,-1,190,193,189,-1,189,193,194,-1,189,194,188,-1,188,194,195,-1,188,195,187,-1,187,195,196,-1,187,196,133,-1,133,196,135,-1,167,178,197,-1,197,178,176,-1,197,176,174,-1,174,172,197,-1,197,172,169,-1,197,169,168,-1,167,165,178,-1,178,165,163,-1,178,163,161,-1,137,134,139,-1,139,134,135,-1,139,135,140,-1,140,135,196,-1,140,196,142,-1,142,196,195,-1,142,195,144,-1,144,195,194,-1,144,194,146,-1,146,194,193,-1,146,193,148,-1,148,193,192,-1,148,192,150,-1,150,192,185,-1,150,185,153,-1,153,185,182,-1,153,182,155,-1,155,182,180,-1,155,180,157,-1,157,180,178,-1,157,178,159,-1,159,178,161,-1,198,199,200,-1,200,199,201,-1,202,198,203,-1,203,198,200,-1,204,202,205,-1,205,202,203,-1,204,205,206,-1,204,206,207,-1,207,206,208,-1,207,208,209,-1,209,208,210,-1,209,210,211,-1,211,210,212,-1,211,212,213,-1,213,212,214,-1,213,214,215,-1,215,214,216,-1,215,216,217,-1,218,217,219,-1,219,217,216,-1,218,219,220,-1,220,219,221,-1,220,221,222,-1,222,221,223,-1,222,223,224,-1,224,223,225,-1,224,225,226,-1,226,225,227,-1,226,227,228,-1,228,227,229,-1,228,229,230,-1,230,229,231,-1,232,230,233,-1,233,230,231,-1,234,235,236,-1,236,235,237,-1,237,235,238,-1,237,238,239,-1,239,238,240,-1,239,240,241,-1,241,240,242,-1,241,242,243,-1,243,242,244,-1,243,244,245,-1,245,244,246,-1,245,246,247,-1,247,246,248,-1,247,248,249,-1,250,249,251,-1,251,249,248,-1,236,237,252,-1,252,237,239,-1,239,241,252,-1,252,241,243,-1,252,243,245,-1,245,224,226,-1,232,252,230,-1,230,252,245,-1,230,245,228,-1,228,245,226,-1,198,202,199,-1,199,202,204,-1,199,204,253,-1,253,204,207,-1,253,207,254,-1,254,207,209,-1,254,209,255,-1,255,209,211,-1,255,211,256,-1,256,211,213,-1,256,213,257,-1,257,213,215,-1,257,215,250,-1,250,215,217,-1,250,217,249,-1,249,217,218,-1,249,218,247,-1,247,218,220,-1,247,220,245,-1,245,220,222,-1,245,222,224,-1,250,251,257,-1,257,251,258,-1,257,258,256,-1,256,258,259,-1,256,259,255,-1,255,259,260,-1,255,260,254,-1,254,260,261,-1,254,261,253,-1,253,261,262,-1,253,262,199,-1,199,262,201,-1,240,238,263,-1,263,238,235,-1,263,235,234,-1,233,244,263,-1,263,244,242,-1,263,242,240,-1,233,231,244,-1,244,231,229,-1,244,229,227,-1,227,225,244,-1,244,225,223,-1,244,223,246,-1,246,223,221,-1,246,221,248,-1,248,221,219,-1,248,219,251,-1,251,219,216,-1,251,216,258,-1,258,216,214,-1,258,214,259,-1,259,214,212,-1,259,212,260,-1,260,212,210,-1,260,210,261,-1,261,210,208,-1,261,208,262,-1,262,208,206,-1,262,206,201,-1,201,206,205,-1,201,205,200,-1,200,205,203,-1,264,265,266,-1,266,265,267,-1,265,268,267,-1,267,268,269,-1,268,270,269,-1,269,270,271,-1,272,273,274,-1,272,274,275,-1,275,274,276,-1,275,276,277,-1,277,276,278,-1,277,278,279,-1,279,278,280,-1,279,280,281,-1,281,280,282,-1,281,282,283,-1,283,282,271,-1,283,271,270,-1,272,284,273,-1,273,284,285,-1,286,287,288,-1,288,287,289,-1,288,289,290,-1,290,289,291,-1,290,291,292,-1,292,291,293,-1,292,293,294,-1,294,293,295,-1,294,295,296,-1,296,295,297,-1,296,297,284,-1,284,297,285,-1,286,298,287,-1,287,298,299,-1,300,301,302,-1,302,301,303,-1,304,305,306,-1,304,306,307,-1,307,306,308,-1,307,308,309,-1,309,308,310,-1,309,310,311,-1,311,310,312,-1,311,312,313,-1,313,312,314,-1,313,314,315,-1,315,314,300,-1,315,300,302,-1,304,316,305,-1,305,316,317,-1,313,315,318,-1,318,315,302,-1,318,302,303,-1,298,309,318,-1,318,309,311,-1,318,311,313,-1,298,286,309,-1,309,286,288,-1,309,288,290,-1,290,292,309,-1,309,292,294,-1,309,294,307,-1,307,294,296,-1,307,296,304,-1,304,296,284,-1,304,284,316,-1,316,284,272,-1,316,272,319,-1,319,272,275,-1,319,275,320,-1,320,275,277,-1,320,277,321,-1,321,277,279,-1,321,279,322,-1,322,279,281,-1,322,281,323,-1,323,281,283,-1,323,283,264,-1,264,283,270,-1,264,270,265,-1,265,270,268,-1,264,266,323,-1,323,266,324,-1,323,324,322,-1,322,324,325,-1,322,325,321,-1,321,325,326,-1,321,326,320,-1,320,326,327,-1,320,327,319,-1,319,327,328,-1,319,328,316,-1,316,328,317,-1,310,308,329,-1,329,301,300,-1,300,314,329,-1,329,314,312,-1,329,312,310,-1,308,293,291,-1,267,269,266,-1,266,269,271,-1,266,271,324,-1,324,271,282,-1,324,282,325,-1,325,282,280,-1,325,280,326,-1,326,280,278,-1,326,278,327,-1,327,278,276,-1,327,276,328,-1,328,276,274,-1,328,274,317,-1,317,274,273,-1,317,273,305,-1,305,273,285,-1,305,285,306,-1,306,285,297,-1,306,297,308,-1,308,297,295,-1,308,295,293,-1,299,329,287,-1,287,329,308,-1,287,308,289,-1,289,308,291,-1,330,331,332,-1,332,331,333,-1,331,334,333,-1,333,334,335,-1,334,336,335,-1,335,336,337,-1,338,339,340,-1,338,340,341,-1,341,340,342,-1,341,342,343,-1,343,342,344,-1,343,344,345,-1,345,344,346,-1,345,346,347,-1,347,346,348,-1,347,348,349,-1,349,348,337,-1,349,337,336,-1,338,350,339,-1,339,350,351,-1,352,353,354,-1,354,353,355,-1,354,355,356,-1,356,355,357,-1,356,357,358,-1,358,357,359,-1,358,359,360,-1,360,359,361,-1,360,361,362,-1,362,361,363,-1,362,363,350,-1,350,363,351,-1,352,364,353,-1,353,364,365,-1,366,367,368,-1,368,367,369,-1,370,371,372,-1,370,372,373,-1,373,372,374,-1,373,374,375,-1,375,374,376,-1,375,376,377,-1,377,376,378,-1,377,378,379,-1,379,378,380,-1,379,380,381,-1,381,380,366,-1,381,366,368,-1,370,382,371,-1,371,382,383,-1,379,381,384,-1,384,381,368,-1,384,368,369,-1,364,375,384,-1,384,375,377,-1,384,377,379,-1,364,352,375,-1,375,352,354,-1,375,354,356,-1,356,358,375,-1,375,358,360,-1,375,360,373,-1,373,360,362,-1,373,362,370,-1,370,362,350,-1,370,350,382,-1,382,350,338,-1,382,338,385,-1,385,338,341,-1,385,341,386,-1,386,341,343,-1,386,343,387,-1,387,343,345,-1,387,345,388,-1,388,345,347,-1,388,347,389,-1,389,347,349,-1,389,349,330,-1,330,349,336,-1,330,336,331,-1,331,336,334,-1,330,332,389,-1,389,332,390,-1,389,390,388,-1,388,390,391,-1,388,391,387,-1,387,391,392,-1,387,392,386,-1,386,392,393,-1,386,393,385,-1,385,393,394,-1,385,394,382,-1,382,394,383,-1,376,374,395,-1,395,367,366,-1,366,380,395,-1,395,380,378,-1,395,378,376,-1,374,359,357,-1,365,395,353,-1,353,395,374,-1,353,374,355,-1,355,374,357,-1,333,335,332,-1,332,335,337,-1,332,337,390,-1,390,337,348,-1,390,348,391,-1,391,348,346,-1,391,346,392,-1,392,346,344,-1,392,344,393,-1,393,344,342,-1,393,342,394,-1,394,342,340,-1,394,340,383,-1,383,340,339,-1,383,339,371,-1,371,339,351,-1,371,351,372,-1,372,351,363,-1,372,363,374,-1,374,363,361,-1,374,361,359,-1,396,397,398,-1,398,397,399,-1,397,400,399,-1,399,400,401,-1,400,402,401,-1,401,402,403,-1,404,405,406,-1,404,406,407,-1,407,406,408,-1,407,408,409,-1,409,408,410,-1,409,410,411,-1,411,410,412,-1,411,412,413,-1,413,412,414,-1,413,414,415,-1,415,414,403,-1,415,403,402,-1,404,416,405,-1,405,416,417,-1,418,419,420,-1,420,419,421,-1,420,421,422,-1,422,421,423,-1,422,423,424,-1,424,423,425,-1,424,425,426,-1,426,425,427,-1,426,427,428,-1,428,427,429,-1,428,429,416,-1,416,429,417,-1,418,430,419,-1,419,430,431,-1,432,433,434,-1,434,433,435,-1,436,437,438,-1,436,438,439,-1,439,438,440,-1,439,440,441,-1,441,440,442,-1,441,442,443,-1,443,442,444,-1,443,444,445,-1,445,444,446,-1,445,446,447,-1,447,446,432,-1,447,432,434,-1,436,448,437,-1,437,448,449,-1,445,447,450,-1,450,447,434,-1,450,434,435,-1,430,441,450,-1,450,441,443,-1,450,443,445,-1,430,418,441,-1,441,418,420,-1,441,420,422,-1,422,424,441,-1,441,424,426,-1,441,426,439,-1,439,426,428,-1,439,428,436,-1,436,428,416,-1,436,416,448,-1,448,416,404,-1,448,404,451,-1,451,404,407,-1,451,407,452,-1,452,407,409,-1,452,409,453,-1,453,409,411,-1,453,411,454,-1,454,411,413,-1,454,413,455,-1,455,413,415,-1,455,415,396,-1,396,415,402,-1,396,402,397,-1,397,402,400,-1,396,398,455,-1,455,398,456,-1,455,456,454,-1,454,456,457,-1,454,457,453,-1,453,457,458,-1,453,458,452,-1,452,458,459,-1,452,459,451,-1,451,459,460,-1,451,460,448,-1,448,460,449,-1,442,440,461,-1,461,433,432,-1,432,446,461,-1,461,446,444,-1,461,444,442,-1,440,425,423,-1,399,401,398,-1,398,401,403,-1,398,403,456,-1,456,403,414,-1,456,414,457,-1,457,414,412,-1,457,412,458,-1,458,412,410,-1,458,410,459,-1,459,410,408,-1,459,408,460,-1,460,408,406,-1,460,406,449,-1,449,406,405,-1,449,405,437,-1,437,405,417,-1,437,417,438,-1,438,417,429,-1,438,429,440,-1,440,429,427,-1,440,427,425,-1,431,461,419,-1,419,461,440,-1,419,440,421,-1,421,440,423,-1,462,463,464,-1,464,463,465,-1,463,466,465,-1,465,466,467,-1,466,468,467,-1,467,468,469,-1,470,471,472,-1,470,472,473,-1,473,472,474,-1,473,474,475,-1,475,474,476,-1,475,476,477,-1,477,476,478,-1,477,478,479,-1,479,478,480,-1,479,480,481,-1,481,480,469,-1,481,469,468,-1,470,482,471,-1,471,482,483,-1,484,485,486,-1,486,485,487,-1,486,487,488,-1,488,487,489,-1,488,489,490,-1,490,489,491,-1,490,491,492,-1,492,491,493,-1,492,493,494,-1,494,493,495,-1,494,495,482,-1,482,495,483,-1,484,496,485,-1,485,496,497,-1,498,499,500,-1,500,499,501,-1,502,503,504,-1,502,504,505,-1,505,504,506,-1,505,506,507,-1,507,506,508,-1,507,508,509,-1,509,508,510,-1,509,510,511,-1,511,510,512,-1,511,512,513,-1,513,512,498,-1,513,498,500,-1,502,514,503,-1,503,514,515,-1,496,507,516,-1,516,507,509,-1,516,509,511,-1,511,513,516,-1,516,513,500,-1,516,500,501,-1,496,484,507,-1,507,484,486,-1,507,486,488,-1,488,490,507,-1,507,490,492,-1,507,492,505,-1,505,492,494,-1,505,494,502,-1,502,494,482,-1,502,482,514,-1,514,482,470,-1,514,470,517,-1,517,470,473,-1,517,473,518,-1,518,473,475,-1,518,475,519,-1,519,475,477,-1,519,477,520,-1,520,477,479,-1,520,479,521,-1,521,479,481,-1,521,481,462,-1,462,481,468,-1,462,468,463,-1,463,468,466,-1,462,464,521,-1,521,464,522,-1,521,522,520,-1,520,522,523,-1,520,523,519,-1,519,523,524,-1,519,524,518,-1,518,524,525,-1,518,525,517,-1,517,525,526,-1,517,526,514,-1,514,526,515,-1,508,506,527,-1,527,499,498,-1,506,491,489,-1,497,527,485,-1,485,527,506,-1,485,506,487,-1,487,506,489,-1,498,512,527,-1,527,512,510,-1,527,510,508,-1,465,467,464,-1,464,467,469,-1,464,469,522,-1,522,469,480,-1,522,480,523,-1,523,480,478,-1,523,478,524,-1,524,478,476,-1,524,476,525,-1,525,476,474,-1,525,474,526,-1,526,474,472,-1,526,472,515,-1,515,472,471,-1,515,471,503,-1,503,471,483,-1,503,483,504,-1,504,483,495,-1,504,495,506,-1,506,495,493,-1,506,493,491,-1,528,529,530,-1,530,529,531,-1,532,528,533,-1,533,528,530,-1,534,532,535,-1,535,532,533,-1,529,534,531,-1,531,534,535,-1,532,534,528,-1,528,534,529,-1,
        ]
    }
}
Shape{
    appearance Appearance {
        material  Material 	{
            diffuseColor 0.25098039215686274 0.25098039215686274 0.25098039215686274
            specularColor 0.12549019607843137 0.12549019607843137 0.12549019607843137
            ambientIntensity 0.251
            transparency 0.0
            shininess 0.5
        }
    }
    geometry IndexedFaceSet {
        ccw TRUE
        solid FALSE
        coord DEF co Coordinate {
            point [
                -0.5952 0.8861 0.681, -0.7269 0.9 0.5818, -0.5952 -0.8861 0.681, -0.7269 -0.9 0.5818, -0.6892 0.9251 0.0929, 0.6892 0.9251 0.0929, -0.6892 0.9228 0.0842, 0.6892 0.9228 0.0842, -0.6892 0.9226 0.0839, 0.6892 0.9226 0.0839, -0.6892 0.9183 0.0758, 0.6892 0.9183 0.0758, -0.6892 0.9182 0.0757, 0.6892 0.9182 0.0757, -0.6892 0.912 0.0688, 0.6892 0.912 0.0688, -0.6892 0.9119 0.0687, 0.6892 0.9119 0.0687, -0.6892 0.9043 0.0635, 0.6892 0.9043 0.0635, -0.6892 0.9042 0.0635, 0.6892 0.9042 0.0635, -0.6892 0.8954 0.0602, 0.6892 0.8954 0.0602, -0.6892 0.8954 0.0602, 0.6892 0.8954 0.0602, 0.6892 0.8861 0.0591, -0.6892 0.8861 0.0591, 0.7282 0.8861 0.0929, 0.7282 -0.8861 0.0929, 0.7259 0.8861 0.0842, 0.7259 -0.8861 0.0842, 0.7258 0.8861 0.0839, 0.7258 -0.8861 0.0839, 0.7215 0.8861 0.0758, 0.7215 -0.8861 0.0758, 0.7213 0.8861 0.0757, 0.7213 -0.8861 0.0757, 0.7152 0.8861 0.0688, 0.7152 -0.8861 0.0688, 0.715 0.8861 0.0687, 0.715 -0.8861 0.0687, 0.7074 0.8861 0.0635, 0.7074 -0.8861 0.0635, 0.7073 0.8861 0.0635, 0.7073 -0.8861 0.0635, 0.6986 0.8861 0.0602, 0.6986 -0.8861 0.0602, 0.6985 0.8861 0.0602, 0.6985 -0.8861 0.0602, 0.6892 -0.8861 0.0591, 0.6892 -0.9251 0.0929, -0.6892 -0.9251 0.0929, 0.6892 -0.9228 0.0842, -0.6892 -0.9228 0.0842, 0.6892 -0.9226 0.0839, -0.6892 -0.9226 0.0839, 0.6892 -0.9183 0.0758, -0.6892 -0.9183 0.0758, 0.6892 -0.9182 0.0757, -0.6892 -0.9182 0.0757, 0.6892 -0.912 0.0688, -0.6892 -0.912 0.0688, 0.6892 -0.9119 0.0687, -0.6892 -0.9119 0.0687, 0.6892 -0.9043 0.0635, -0.6892 -0.9043 0.0635, 0.6892 -0.9042 0.0635, -0.6892 -0.9042 0.0635, 0.6892 -0.8954 0.0602, -0.6892 -0.8954 0.0602, 0.6892 -0.8954 0.0602, -0.6892 -0.8954 0.0602, -0.6892 -0.8861 0.0591, -0.7282 -0.8861 0.0929, -0.7282 0.8861 0.0929, -0.7259 -0.8861 0.0842, -0.7259 0.8861 0.0842, -0.7258 -0.8861 0.0839, -0.7258 0.8861 0.0839, -0.7215 -0.8861 0.0758, -0.7215 0.8861 0.0758, -0.7213 -0.8861 0.0757, -0.7213 0.8861 0.0757, -0.7152 -0.8861 0.0688, -0.7152 0.8861 0.0688, -0.715 -0.8861 0.0687, -0.715 0.8861 0.0687, -0.7074 -0.8861 0.0635, -0.7074 0.8861 0.0635, -0.7073 -0.8861 0.0635, -0.7073 0.8861 0.0635, -0.6986 -0.8861 0.0602, -0.6986 0.8861 0.0602, -0.6985 -0.8861 0.0602, -0.6985 0.8861 0.0602, -0.6913 0.8952 0.0602, -0.6965 0.8919 0.0602, -0.6951 0.8934 0.0602, -0.7069 0.8901 0.0635, -0.7145 0.8919 0.0688, -0.7207 0.8933 0.0758, -0.725 0.8942 0.0842, -0.7223 0.902 0.0842, -0.7085 0.9196 0.091, -0.7059 0.9207 0.0912, -0.7051 0.9191 0.0842, -0.6992 0.9236 0.0918, -0.6978 0.9238 0.0919, -0.6974 0.9219 0.0842, -0.7179 0.909 0.0842, -0.7192 0.91 0.0909, -0.7165 0.9134 0.0908, -0.7239 0.9028 0.0912, -0.7227 0.9054 0.091, -0.7267 0.896 0.0918, -0.7269 0.8947 0.0919, -0.6964 0.9175 0.0758, -0.7183 0.9001 0.0758, -0.695 0.9114 0.0688, -0.7126 0.8973 0.0688, -0.7144 0.9062 0.0758, -0.7121 0.9148 0.0842, -0.7131 0.916 0.0909, -0.6933 0.9038 0.0635, -0.7093 0.9113 0.0758, -0.7095 0.9023 0.0688, -0.7056 0.894 0.0635, -0.6984 0.8882 0.0602, -0.7006 0.9003 0.0635, -0.7032 0.9151 0.0758, -0.7005 0.9095 0.0688, -0.6971 0.9025 0.0635, -0.6933 0.8945 0.0602, -0.7054 0.9064 0.0688, -0.7034 0.8974 0.0635, -0.6977 0.8901 0.0602, 0.6983 0.8885 0.0602, 0.6939 0.9036 0.0635, 0.6959 0.9112 0.0688, 0.6976 0.9172 0.0758, 0.6987 0.9215 0.0842, 0.7076 0.9179 0.0842, 0.7267 0.896 0.0918, 0.7227 0.9054 0.091, 0.7267 0.8961 0.0917, 0.7247 0.8956 0.0842, 0.6992 0.9236 0.0918, 0.6993 0.9235 0.0917, 0.7085 0.9196 0.091, 0.7086 0.9196 0.091, 0.7165 0.9134 0.0908, 0.7204 0.8944 0.0758, 0.7054 0.914 0.0758, 0.7152 0.912 0.0842, 0.7143 0.8928 0.0688, 0.7022 0.9086 0.0688, 0.712 0.9089 0.0758, 0.7068 0.8908 0.0635, 0.7076 0.9044 0.0688, 0.6983 0.9018 0.0635, 0.6916 0.8951 0.0602, 0.7227 0.9054 0.091, 0.721 0.9044 0.0842, 0.7172 0.9022 0.0758, 0.7117 0.8991 0.0688, 0.705 0.8952 0.0635, 0.6973 0.8908 0.0602, 0.7021 0.8989 0.0635, 0.6939 0.8942 0.0602, 0.6958 0.8927 0.0602, 0.6916 -0.8951 0.0602, 0.7068 -0.8908 0.0635, 0.7143 -0.8928 0.0688, 0.7204 -0.8944 0.0758, 0.7247 -0.8956 0.0842, 0.721 -0.9044 0.0842, 0.6992 -0.9236 0.0918, 0.7085 -0.9196 0.091, 0.6993 -0.9235 0.0917, 0.6987 -0.9215 0.0842, 0.7267 -0.896 0.0918, 0.7267 -0.8961 0.0917, 0.7227 -0.9054 0.091, 0.7227 -0.9054 0.091, 0.7165 -0.9134 0.0908, 0.6976 -0.9172 0.0758, 0.7172 -0.9022 0.0758, 0.7152 -0.912 0.0842, 0.6959 -0.9112 0.0688, 0.7117 -0.8991 0.0688, 0.712 -0.9089 0.0758, 0.6939 -0.9036 0.0635, 0.7076 -0.9044 0.0688, 0.705 -0.8952 0.0635, 0.6983 -0.8885 0.0602, 0.7086 -0.9196 0.091, 0.7076 -0.9179 0.0842, 0.7054 -0.914 0.0758, 0.7022 -0.9086 0.0688, 0.6983 -0.9018 0.0635, 0.6939 -0.8942 0.0602, 0.7021 -0.8989 0.0635, 0.6973 -0.8908 0.0602, 0.6958 -0.8927 0.0602, -0.6983 -0.8885 0.0602, -0.6939 -0.9036 0.0635, -0.6959 -0.9112 0.0688, -0.6976 -0.9172 0.0758, -0.6987 -0.9215 0.0842, -0.7076 -0.9179 0.0842, -0.7267 -0.896 0.0918, -0.7227 -0.9054 0.091, -0.7267 -0.8961 0.0917, -0.7247 -0.8956 0.0842, -0.6992 -0.9236 0.0918, -0.6993 -0.9235 0.0917, -0.7085 -0.9196 0.091, -0.7086 -0.9196 0.091, -0.7165 -0.9134 0.0908, -0.7204 -0.8944 0.0758, -0.7054 -0.914 0.0758, -0.7152 -0.912 0.0842, -0.7143 -0.8928 0.0688, -0.7022 -0.9086 0.0688, -0.712 -0.9089 0.0758, -0.7068 -0.8908 0.0635, -0.7076 -0.9044 0.0688, -0.6983 -0.9018 0.0635, -0.6916 -0.8951 0.0602, -0.7227 -0.9054 0.091, -0.721 -0.9044 0.0842, -0.7172 -0.9022 0.0758, -0.7117 -0.8991 0.0688, -0.705 -0.8952 0.0635, -0.6973 -0.8908 0.0602, -0.7021 -0.8989 0.0635, -0.6939 -0.8942 0.0602, -0.6958 -0.8927 0.0602, -0.7287 0.9646 0.374, -0.7389 0.9632 0.374, -0.7437 0.9616 0.374, -0.7483 0.9594 0.374, -0.7525 0.9565 0.374, -0.7563 0.9532 0.374, -0.7597 0.9494 0.374, -0.7625 0.9451 0.374, -0.7648 0.9406 0.374, -0.7664 0.9357 0.374, -0.7677 0.9256 0.374, 0.7677 0.9256 0.374, 0.7664 0.9357 0.374, 0.7648 0.9406 0.374, 0.7625 0.9451 0.374, 0.7597 0.9494 0.374, 0.7563 0.9532 0.374, 0.7525 0.9565 0.374, 0.7483 0.9594 0.374, 0.7437 0.9616 0.374, 0.7389 0.9632 0.374, 0.7287 0.9646 0.374, 0.7287 -0.9646 0.374, 0.7389 -0.9632 0.374, 0.7437 -0.9616 0.374, 0.7483 -0.9594 0.374, 0.7525 -0.9565 0.374, 0.7563 -0.9532 0.374, 0.7597 -0.9494 0.374, 0.7625 -0.9451 0.374, 0.7648 -0.9406 0.374, 0.7664 -0.9357 0.374, 0.7677 -0.9256 0.374, -0.7677 -0.9256 0.374, -0.7664 -0.9357 0.374, -0.7648 -0.9406 0.374, -0.7625 -0.9451 0.374, -0.7597 -0.9494 0.374, -0.7563 -0.9532 0.374, -0.7525 -0.9565 0.374, -0.7483 -0.9594 0.374, -0.7437 -0.9616 0.374, -0.7389 -0.9632 0.374, -0.7287 -0.9646 0.374, -0.7422 0.9 0.5559, -0.7409 0.9087 0.5569, -0.7407 0.91 0.5571, -0.7378 0.9168 0.5576, -0.7367 0.9193 0.5578, -0.733 0.924 0.558, -0.7305 0.9273 0.5581, -0.7269 0.9301 0.5579, -0.7225 0.9335 0.5578, -0.7196 0.9347 0.5576, -0.7032 0.939 0.5559, -0.7115 0.9378 0.5569, -0.7131 0.9375 0.5571, 0.6892 0.9251 0.6551, 0.6992 0.9236 0.6563, 0.6993 0.9235 0.6563, 0.7085 0.9196 0.657, 0.7086 0.9196 0.657, 0.7165 0.9134 0.6573, 0.7227 0.9054 0.657, 0.7227 0.9054 0.657, 0.7267 0.8961 0.6563, 0.7267 0.896 0.6563, 0.7282 0.8861 0.6551, 0.7282 -0.8861 0.6551, 0.7259 -0.8861 0.6639, 0.7259 0.8861 0.6639, 0.7258 -0.8861 0.6641, 0.7258 0.8861 0.6641, 0.7215 -0.8861 0.6722, 0.7215 0.8861 0.6722, 0.7213 -0.8861 0.6724, 0.7213 0.8861 0.6724, 0.7152 -0.8861 0.6792, 0.7152 0.8861 0.6792, 0.715 -0.8861 0.6793, 0.715 0.8861 0.6793, 0.7074 -0.8861 0.6845, 0.7074 0.8861 0.6845, 0.7073 -0.8861 0.6846, 0.7073 0.8861 0.6846, 0.6986 -0.8861 0.6878, 0.6986 0.8861 0.6878, 0.6985 -0.8861 0.6879, 0.6985 0.8861 0.6879, 0.6892 0.8861 0.689, 0.6892 -0.8861 0.689, 0.7267 -0.896 0.6563, 0.7059 -0.9418 0.5361, 0.7127 -0.9485 0.488, 0.6992 -0.9236 0.6563, 0.6892 -0.9251 0.6551, 0.6969 -0.9328 0.6004, 0.6993 -0.9235 0.6563, 0.7085 -0.9196 0.657, 0.7086 -0.9196 0.657, 0.7165 -0.9134 0.6573, 0.7227 -0.9054 0.657, 0.7227 -0.9054 0.657, 0.7267 -0.8961 0.6563, 0.7194 -0.9552 0.4406, 0.7214 -0.9573 0.426, -0.7059 -0.9418 0.5361, -0.7032 -0.939 0.5559, -0.7115 -0.9378 0.5569, -0.7127 -0.9485 0.488, -0.7214 -0.9573 0.426, -0.7194 -0.9552 0.4406, -0.7131 -0.9375 0.5571, -0.7196 -0.9347 0.5576, -0.7225 -0.9335 0.5578, -0.7269 -0.9301 0.5579, -0.7305 -0.9273 0.5581, -0.733 -0.924 0.558, -0.7367 -0.9193 0.5578, -0.7378 -0.9168 0.5576, -0.7422 -0.9 0.5559, -0.7409 -0.9087 0.5569, -0.7407 -0.91 0.5571, -0.7404 0.9 0.5633, -0.7404 -0.9 0.5633, -0.7393 0.9 0.5657, -0.7393 -0.9 0.5657, -0.7371 0.9 0.5704, -0.7371 -0.9 0.5704, -0.7341 0.9 0.5745, -0.7341 -0.9 0.5745, -0.7324 0.9 0.5767, -0.7324 -0.9 0.5767, -0.7206 0.9231 0.5767, -0.7211 0.9228 0.5766, -0.7208 0.9226 0.5769, -0.7149 0.9317 0.5704, -0.7177 0.9307 0.5704, -0.7168 0.9292 0.5726, -0.709 0.9367 0.5633, -0.7112 0.9363 0.5633, -0.7108 0.9353 0.5655, -0.7089 0.9368 0.5632, -0.7143 0.9324 0.5697, -0.7191 0.9336 0.5633, -0.7191 0.9262 0.5752, -0.7242 0.9266 0.5704, -0.7229 0.9184 0.5791, -0.726 0.9184 0.5767, -0.7234 0.9165 0.5796, -0.7295 0.9128 0.5767, -0.7252 0.9107 0.5811, -0.7255 0.9095 0.5814, -0.7317 0.9066 0.5767, -0.7261 0.9053 0.5816, -0.7394 0.9083 0.5633, -0.7366 0.9162 0.5633, -0.7322 0.9233 0.5633, -0.7262 0.9292 0.5633, -0.7362 0.9076 0.5704, -0.7296 0.9213 0.5704, -0.7337 0.9148 0.5704, 0.6892 0.9182 0.6724, 0.6892 0.912 0.6792, 0.6959 0.9112 0.6792, 0.6939 0.9036 0.6845, 0.6916 0.8951 0.6878, 0.6939 0.8942 0.6878, 0.6973 0.8908 0.6878, 0.6958 0.8927 0.6878, 0.6983 0.8885 0.6878, 0.6892 0.8954 0.6879, 0.6987 0.9215 0.6639, 0.7076 0.9179 0.6639, 0.7152 0.912 0.6639, 0.721 0.9044 0.6639, 0.7247 0.8956 0.6639, 0.6892 0.9119 0.6793, 0.6892 0.9043 0.6845, 0.6892 0.9042 0.6846, 0.6892 0.8954 0.6878, 0.6983 0.9018 0.6845, 0.7021 0.8989 0.6845, 0.705 0.8952 0.6845, 0.7068 0.8908 0.6845, 0.7022 0.9086 0.6792, 0.7076 0.9044 0.6792, 0.7117 0.8991 0.6792, 0.7143 0.8928 0.6792, 0.6892 0.9226 0.6641, 0.6892 0.9183 0.6722, 0.6976 0.9172 0.6722, 0.7054 0.914 0.6722, 0.712 0.9089 0.6722, 0.7172 0.9022 0.6722, 0.7204 0.8944 0.6722, 0.6892 0.9228 0.6639, 0.7143 -0.8928 0.6792, 0.7068 -0.8908 0.6845, 0.6983 -0.8885 0.6878, 0.6973 -0.8908 0.6878, 0.6939 -0.8942 0.6878, 0.6958 -0.8927 0.6878, 0.6916 -0.8951 0.6878, 0.7247 -0.8956 0.6639, 0.721 -0.9044 0.6639, 0.7152 -0.912 0.6639, 0.7076 -0.9179 0.6639, 0.6987 -0.9215 0.6639, 0.6892 -0.9228 0.6639, 0.6892 -0.8954 0.6879, 0.705 -0.8952 0.6845, 0.7021 -0.8989 0.6845, 0.6983 -0.9018 0.6845, 0.6939 -0.9036 0.6845, 0.6892 -0.8954 0.6878, 0.6892 -0.9042 0.6846, 0.6892 -0.9043 0.6845, 0.6892 -0.9119 0.6793, 0.7117 -0.8991 0.6792, 0.7076 -0.9044 0.6792, 0.7022 -0.9086 0.6792, 0.6959 -0.9112 0.6792, 0.7204 -0.8944 0.6722, 0.7172 -0.9022 0.6722, 0.712 -0.9089 0.6722, 0.7054 -0.914 0.6722, 0.6976 -0.9172 0.6722, 0.6892 -0.912 0.6792, 0.6892 -0.9182 0.6724, 0.6892 -0.9183 0.6722, 0.6892 -0.9226 0.6641, -0.7191 -0.9262 0.5752, -0.7206 -0.9231 0.5767, -0.7211 -0.9228 0.5766, -0.726 -0.9184 0.5767, -0.7252 -0.9107 0.5811, -0.7295 -0.9128 0.5767, -0.7255 -0.9095 0.5814, -0.7317 -0.9066 0.5767, -0.7261 -0.9053 0.5816, -0.7208 -0.9226 0.5769, -0.7229 -0.9184 0.5791, -0.7234 -0.9165 0.5796, -0.7143 -0.9324 0.5697, -0.7149 -0.9317 0.5704, -0.7177 -0.9307 0.5704, -0.7168 -0.9292 0.5726, -0.7242 -0.9266 0.5704, -0.7089 -0.9368 0.5632, -0.709 -0.9367 0.5633, -0.7112 -0.9363 0.5633, -0.7108 -0.9353 0.5655, -0.7191 -0.9336 0.5633, -0.7262 -0.9292 0.5633, -0.7322 -0.9233 0.5633, -0.7366 -0.9162 0.5633, -0.7394 -0.9083 0.5633, -0.7296 -0.9213 0.5704, -0.7337 -0.9148 0.5704, -0.7362 -0.9076 0.5704, -0.5715 0.9251 0.6551, -0.5827 0.9185 0.669, -0.5794 0.9211 0.665, -0.5784 0.9219 0.6639, -0.5772 0.9229 0.6624, -0.5874 0.9122 0.6744, -0.5855 0.9148 0.6722, -0.5853 0.915 0.672, -0.5892 0.9085 0.6762, -0.5912 0.9044 0.6783, -0.5918 0.9024 0.6788, -0.5945 0.8914 0.6808, -0.5939 0.8955 0.6806, -0.5935 0.8967 0.6803, -0.5922 0.901 0.6792, -0.5715 0.9228 0.6639, -0.5715 0.9226 0.6641, -0.5715 0.9183 0.6722, -0.5715 0.9182 0.6724, -0.5715 0.912 0.6792, -0.5715 0.9119 0.6793, -0.5715 0.9043 0.6845, -0.5715 0.9042 0.6846, -0.5715 0.8954 0.6878, -0.5715 0.8954 0.6879, -0.5715 0.8861 0.689, -0.3092 -0.9251 0.6551, -0.5715 -0.9251 0.6551, -0.4504 -0.9251 0.6551, -0.5715 -0.9228 0.6639, -0.4148 -0.9251 0.6551, -0.4125 -0.9251 0.6551, -0.3812 -0.9251 0.6551, -0.3642 -0.9251 0.6551, -0.3556 -0.9251 0.6551, -0.3351 -0.9251 0.6551, -0.3209 -0.9251 0.6551, -0.5715 -0.9226 0.6641, -0.5715 -0.9183 0.6722, -0.5715 -0.9182 0.6724, -0.5715 -0.912 0.6792, -0.5715 -0.9119 0.6793, -0.5715 -0.9043 0.6845, -0.5715 -0.9042 0.6846, -0.5715 -0.8954 0.6878, -0.5715 -0.8954 0.6879, -0.5715 -0.8861 0.689, -0.6441 -0.9328 0.6004, -0.5772 -0.9229 0.6624, -0.6812 -0.9367 0.5724, -0.5784 -0.9219 0.6639, -0.5806 -0.9202 0.6664, -0.5827 -0.9185 0.669, -0.5855 -0.9148 0.6722, -0.5869 -0.9129 0.6738, -0.5874 -0.9122 0.6744, -0.5907 -0.9054 0.6778, -0.5912 -0.9044 0.6783, -0.5939 -0.8955 0.6806, -0.593 -0.8986 0.6798, -0.5922 -0.901 0.6792, -0.5943 -0.8922 0.6808, -0.5755 0.9038 0.6845, -0.5794 0.9025 0.6845, -0.5756 0.8945 0.6878, -0.5736 0.8952 0.6878, -0.5879 0.894 0.6845, -0.5799 0.8901 0.6878, -0.5788 0.8919 0.6878, -0.5877 0.9064 0.6792, -0.5892 0.8901 0.6845, -0.5915 0.9022 0.6791, -0.5857 0.8974 0.6845, -0.5828 0.9095 0.6792, -0.5787 0.9175 0.6722, -0.5897 0.8861 0.6845, -0.5879 0.8861 0.6852, -0.5806 0.8882 0.6878, -0.5809 0.8861 0.6878, -0.5799 0.8861 0.688, -0.5828 0.9003 0.6845, -0.5773 0.8934 0.6878, -0.5773 0.9114 0.6792, -0.5739 -0.8951 0.6878, -0.5781 -0.8927 0.6878, -0.5762 -0.8942 0.6878, -0.5796 -0.8908 0.6878, -0.5805 -0.8885 0.6878, -0.5845 -0.9086 0.6792, -0.5782 -0.9112 0.6792, -0.5799 -0.9172 0.6722, -0.5899 -0.9044 0.6792, -0.5872 -0.8952 0.6845, -0.5844 -0.8989 0.6845, -0.5891 -0.8908 0.6845, -0.5897 -0.8861 0.6845, -0.5762 -0.9036 0.6845, -0.5799 -0.8861 0.688, -0.5809 -0.8861 0.6878, -0.5879 -0.8861 0.6852, -0.5806 -0.9018 0.6845
            ]
        }
        coordIndex [
            0,1,2,-1,2,1,3,-1,4,5,6,-1,6,5,7,-1,6,7,8,-1,8,7,9,-1,8,9,10,-1,10,9,11,-1,10,11,12,-1,12,11,13,-1,12,13,14,-1,14,13,15,-1,14,15,16,-1,16,15,17,-1,16,17,18,-1,18,17,19,-1,18,19,20,-1,20,19,21,-1,20,21,22,-1,22,21,23,-1,22,23,24,-1,23,25,24,-1,24,25,26,-1,24,26,27,-1,28,29,30,-1,30,29,31,-1,30,31,32,-1,32,31,33,-1,32,33,34,-1,34,33,35,-1,34,35,36,-1,36,35,37,-1,36,37,38,-1,38,37,39,-1,38,39,40,-1,40,39,41,-1,40,41,42,-1,42,41,43,-1,42,43,44,-1,44,43,45,-1,44,45,46,-1,46,45,47,-1,46,47,48,-1,47,49,48,-1,48,49,50,-1,48,50,26,-1,51,52,53,-1,53,52,54,-1,53,54,55,-1,55,54,56,-1,55,56,57,-1,57,56,58,-1,57,58,59,-1,59,58,60,-1,59,60,61,-1,61,60,62,-1,61,62,63,-1,63,62,64,-1,63,64,65,-1,65,64,66,-1,65,66,67,-1,67,66,68,-1,67,68,69,-1,69,68,70,-1,69,70,71,-1,70,72,71,-1,71,72,73,-1,71,73,50,-1,74,75,76,-1,76,75,77,-1,76,77,78,-1,78,77,79,-1,78,79,80,-1,80,79,81,-1,80,81,82,-1,82,81,83,-1,82,83,84,-1,84,83,85,-1,84,85,86,-1,86,85,87,-1,86,87,88,-1,88,87,89,-1,88,89,90,-1,90,89,91,-1,90,91,92,-1,92,91,93,-1,92,93,94,-1,93,95,94,-1,94,95,27,-1,94,27,73,-1,24,27,96,-1,97,98,27,-1,91,89,99,-1,87,85,100,-1,101,102,103,-1,104,105,106,-1,107,108,109,-1,109,108,4,-1,110,111,112,-1,103,113,114,-1,113,103,115,-1,115,103,102,-1,115,102,116,-1,75,116,77,-1,77,116,102,-1,77,102,79,-1,79,102,101,-1,79,101,81,-1,81,101,83,-1,4,6,109,-1,109,6,8,-1,109,8,117,-1,85,83,100,-1,100,83,101,-1,100,101,118,-1,118,101,103,-1,118,103,110,-1,110,103,114,-1,110,114,111,-1,8,10,117,-1,117,10,12,-1,117,12,119,-1,89,87,99,-1,99,87,100,-1,99,100,120,-1,120,100,118,-1,120,118,121,-1,121,118,110,-1,121,110,122,-1,122,110,112,-1,122,112,123,-1,12,14,119,-1,119,14,16,-1,119,16,124,-1,122,125,121,-1,121,125,126,-1,121,126,120,-1,120,126,127,-1,120,127,99,-1,99,127,128,-1,99,128,91,-1,98,97,129,-1,105,107,106,-1,106,107,109,-1,106,109,130,-1,130,109,117,-1,130,117,131,-1,131,117,119,-1,131,119,132,-1,132,119,124,-1,132,124,133,-1,133,124,96,-1,133,96,27,-1,27,95,128,-1,128,95,93,-1,128,93,91,-1,125,134,126,-1,126,134,135,-1,126,135,127,-1,127,135,136,-1,127,136,128,-1,128,136,27,-1,134,129,135,-1,135,129,97,-1,135,97,136,-1,136,97,27,-1,16,18,124,-1,124,18,20,-1,124,20,96,-1,96,20,22,-1,96,22,24,-1,123,104,122,-1,122,104,106,-1,122,106,125,-1,125,106,130,-1,125,130,134,-1,134,130,131,-1,134,131,129,-1,129,131,132,-1,129,132,98,-1,98,132,133,-1,98,133,27,-1,48,26,137,-1,21,19,138,-1,17,15,139,-1,140,141,142,-1,143,28,30,-1,144,145,146,-1,146,145,143,-1,147,148,141,-1,141,148,149,-1,141,149,142,-1,142,149,150,-1,142,150,151,-1,5,147,7,-1,7,147,141,-1,7,141,9,-1,9,141,140,-1,9,140,11,-1,11,140,13,-1,143,30,146,-1,146,30,32,-1,146,32,152,-1,15,13,139,-1,139,13,140,-1,139,140,153,-1,153,140,142,-1,153,142,154,-1,154,142,151,-1,32,34,152,-1,152,34,36,-1,152,36,155,-1,19,17,138,-1,138,17,139,-1,138,139,156,-1,156,139,153,-1,156,153,157,-1,157,153,154,-1,36,38,155,-1,155,38,40,-1,155,40,158,-1,157,159,156,-1,156,159,160,-1,156,160,138,-1,138,160,161,-1,138,161,21,-1,162,144,163,-1,163,144,146,-1,163,146,164,-1,164,146,152,-1,164,152,165,-1,165,152,155,-1,165,155,166,-1,166,155,158,-1,166,158,167,-1,167,158,137,-1,167,137,26,-1,26,25,161,-1,161,25,23,-1,161,23,21,-1,159,168,160,-1,160,168,169,-1,160,169,161,-1,161,169,26,-1,168,170,169,-1,169,170,26,-1,40,42,158,-1,158,42,44,-1,158,44,137,-1,137,44,46,-1,137,46,48,-1,151,162,154,-1,154,162,163,-1,154,163,157,-1,157,163,164,-1,157,164,159,-1,159,164,165,-1,159,165,168,-1,168,165,166,-1,168,166,170,-1,170,166,167,-1,170,167,26,-1,71,50,171,-1,45,43,172,-1,41,39,173,-1,174,175,176,-1,177,51,53,-1,178,179,180,-1,180,179,177,-1,181,182,175,-1,175,182,183,-1,175,183,176,-1,176,183,184,-1,176,184,185,-1,29,181,31,-1,31,181,175,-1,31,175,33,-1,33,175,174,-1,33,174,35,-1,35,174,37,-1,177,53,180,-1,180,53,55,-1,180,55,186,-1,39,37,173,-1,173,37,174,-1,173,174,187,-1,187,174,176,-1,187,176,188,-1,188,176,185,-1,55,57,186,-1,186,57,59,-1,186,59,189,-1,43,41,172,-1,172,41,173,-1,172,173,190,-1,190,173,187,-1,190,187,191,-1,191,187,188,-1,59,61,189,-1,189,61,63,-1,189,63,192,-1,191,193,190,-1,190,193,194,-1,190,194,172,-1,172,194,195,-1,172,195,45,-1,196,178,197,-1,197,178,180,-1,197,180,198,-1,198,180,186,-1,198,186,199,-1,199,186,189,-1,199,189,200,-1,200,189,192,-1,200,192,201,-1,201,192,171,-1,201,171,50,-1,50,49,195,-1,195,49,47,-1,195,47,45,-1,193,202,194,-1,194,202,203,-1,194,203,195,-1,195,203,50,-1,202,204,203,-1,203,204,50,-1,63,65,192,-1,192,65,67,-1,192,67,171,-1,171,67,69,-1,171,69,71,-1,185,196,188,-1,188,196,197,-1,188,197,191,-1,191,197,198,-1,191,198,193,-1,193,198,199,-1,193,199,202,-1,202,199,200,-1,202,200,204,-1,204,200,201,-1,204,201,50,-1,94,73,205,-1,68,66,206,-1,64,62,207,-1,208,209,210,-1,211,74,76,-1,212,213,214,-1,214,213,211,-1,215,216,209,-1,209,216,217,-1,209,217,210,-1,210,217,218,-1,210,218,219,-1,52,215,54,-1,54,215,209,-1,54,209,56,-1,56,209,208,-1,56,208,58,-1,58,208,60,-1,211,76,214,-1,214,76,78,-1,214,78,220,-1,62,60,207,-1,207,60,208,-1,207,208,221,-1,221,208,210,-1,221,210,222,-1,222,210,219,-1,78,80,220,-1,220,80,82,-1,220,82,223,-1,66,64,206,-1,206,64,207,-1,206,207,224,-1,224,207,221,-1,224,221,225,-1,225,221,222,-1,82,84,223,-1,223,84,86,-1,223,86,226,-1,225,227,224,-1,224,227,228,-1,224,228,206,-1,206,228,229,-1,206,229,68,-1,230,212,231,-1,231,212,214,-1,231,214,232,-1,232,214,220,-1,232,220,233,-1,233,220,223,-1,233,223,234,-1,234,223,226,-1,234,226,235,-1,235,226,205,-1,235,205,73,-1,73,72,229,-1,229,72,70,-1,229,70,68,-1,227,236,228,-1,228,236,237,-1,228,237,229,-1,229,237,73,-1,236,238,237,-1,237,238,73,-1,86,88,226,-1,226,88,90,-1,226,90,205,-1,205,90,92,-1,205,92,94,-1,219,230,222,-1,222,230,231,-1,222,231,225,-1,225,231,232,-1,225,232,227,-1,227,232,233,-1,227,233,236,-1,236,233,234,-1,236,234,238,-1,238,234,235,-1,238,235,73,-1,239,4,108,-1,239,108,240,-1,240,108,107,-1,240,107,241,-1,241,107,105,-1,241,105,242,-1,242,105,104,-1,242,104,243,-1,243,104,123,-1,243,123,244,-1,244,123,112,-1,244,112,245,-1,245,112,111,-1,245,111,246,-1,246,111,114,-1,246,114,247,-1,247,114,113,-1,247,113,248,-1,248,113,115,-1,248,115,249,-1,249,115,116,-1,249,116,75,-1,28,143,250,-1,250,143,251,-1,251,143,252,-1,252,143,145,-1,252,145,253,-1,253,145,144,-1,253,144,254,-1,254,144,162,-1,254,162,255,-1,255,162,151,-1,255,151,256,-1,256,151,150,-1,256,150,257,-1,257,150,149,-1,257,149,258,-1,258,149,148,-1,258,148,259,-1,148,147,259,-1,259,147,5,-1,259,5,260,-1,51,177,261,-1,261,177,262,-1,262,177,263,-1,263,177,179,-1,263,179,264,-1,264,179,178,-1,264,178,265,-1,265,178,196,-1,265,196,266,-1,266,196,185,-1,266,185,267,-1,267,185,184,-1,267,184,268,-1,268,184,183,-1,268,183,269,-1,269,183,182,-1,269,182,270,-1,182,181,270,-1,270,181,29,-1,270,29,271,-1,74,211,272,-1,272,211,273,-1,273,211,274,-1,274,211,213,-1,274,213,275,-1,275,213,212,-1,275,212,276,-1,276,212,230,-1,276,230,277,-1,277,230,219,-1,277,219,278,-1,278,219,218,-1,278,218,279,-1,279,218,217,-1,279,217,280,-1,280,217,216,-1,280,216,281,-1,216,215,281,-1,281,215,52,-1,281,52,282,-1,249,283,284,-1,249,284,248,-1,248,284,285,-1,248,285,247,-1,247,285,286,-1,247,286,246,-1,246,286,287,-1,246,287,245,-1,245,287,288,-1,245,288,244,-1,244,288,289,-1,244,289,243,-1,243,289,290,-1,243,290,242,-1,242,290,291,-1,242,291,241,-1,241,291,292,-1,241,292,240,-1,293,239,294,-1,294,239,240,-1,294,240,295,-1,295,240,292,-1,296,297,260,-1,260,297,259,-1,259,297,258,-1,258,297,298,-1,258,298,257,-1,257,298,299,-1,257,299,256,-1,256,299,300,-1,256,300,255,-1,255,300,301,-1,255,301,254,-1,254,301,302,-1,254,302,253,-1,253,302,303,-1,253,303,252,-1,252,303,304,-1,252,304,251,-1,304,305,251,-1,251,305,306,-1,251,306,250,-1,307,306,308,-1,308,306,309,-1,308,309,310,-1,310,309,311,-1,310,311,312,-1,312,311,313,-1,312,313,314,-1,314,313,315,-1,314,315,316,-1,316,315,317,-1,316,317,318,-1,318,317,319,-1,318,319,320,-1,320,319,321,-1,320,321,322,-1,322,321,323,-1,322,323,324,-1,324,323,325,-1,324,325,326,-1,325,327,326,-1,326,327,328,-1,326,328,329,-1,271,307,330,-1,331,332,262,-1,333,334,335,-1,335,331,333,-1,333,331,262,-1,333,262,336,-1,336,262,263,-1,336,263,337,-1,337,263,264,-1,337,264,338,-1,338,264,265,-1,338,265,339,-1,339,265,266,-1,339,266,340,-1,340,266,267,-1,340,267,341,-1,341,267,268,-1,341,268,342,-1,342,268,269,-1,342,269,330,-1,330,269,270,-1,330,270,271,-1,332,343,262,-1,262,343,344,-1,262,344,261,-1,345,346,347,-1,345,347,348,-1,282,349,281,-1,281,349,350,-1,281,350,348,-1,348,347,281,-1,281,347,351,-1,281,351,280,-1,280,351,352,-1,280,352,279,-1,279,352,353,-1,279,353,278,-1,278,353,354,-1,278,354,277,-1,277,354,355,-1,277,355,276,-1,276,355,356,-1,276,356,275,-1,275,356,357,-1,275,357,274,-1,274,357,358,-1,274,358,273,-1,359,272,360,-1,360,272,273,-1,360,273,361,-1,361,273,358,-1,283,359,362,-1,362,359,363,-1,362,363,364,-1,364,363,365,-1,364,365,366,-1,366,365,367,-1,366,367,368,-1,368,367,369,-1,368,369,370,-1,370,369,371,-1,370,371,1,-1,1,371,3,-1,372,373,374,-1,375,376,377,-1,378,379,380,-1,381,293,294,-1,380,379,382,-1,382,379,383,-1,382,383,375,-1,377,376,384,-1,384,376,385,-1,384,385,372,-1,374,373,386,-1,386,373,387,-1,386,387,388,-1,388,387,389,-1,388,389,390,-1,390,389,391,-1,391,389,392,-1,391,392,393,-1,393,392,370,-1,393,370,1,-1,284,394,285,-1,285,394,395,-1,289,288,396,-1,396,288,287,-1,396,287,395,-1,395,287,286,-1,395,286,285,-1,289,396,290,-1,290,396,397,-1,290,397,291,-1,291,397,383,-1,291,383,292,-1,292,383,295,-1,295,383,379,-1,295,379,294,-1,294,379,378,-1,294,378,381,-1,398,366,368,-1,372,385,373,-1,373,385,399,-1,373,399,387,-1,387,399,400,-1,387,400,389,-1,389,400,398,-1,389,398,392,-1,392,398,368,-1,392,368,370,-1,284,283,394,-1,394,283,362,-1,394,362,364,-1,375,383,376,-1,376,383,397,-1,376,397,385,-1,385,397,396,-1,385,396,399,-1,399,396,395,-1,399,395,400,-1,400,395,394,-1,400,394,398,-1,398,394,364,-1,398,364,366,-1,401,402,403,-1,404,405,406,-1,328,407,408,-1,409,407,328,-1,406,405,328,-1,410,328,405,-1,411,298,297,-1,298,411,299,-1,299,411,412,-1,299,412,300,-1,300,412,413,-1,300,413,301,-1,301,413,414,-1,301,414,302,-1,302,414,303,-1,303,414,415,-1,303,415,304,-1,304,415,305,-1,305,415,309,-1,305,309,306,-1,327,409,328,-1,416,417,404,-1,404,417,418,-1,404,418,405,-1,405,418,419,-1,405,419,410,-1,420,408,421,-1,421,408,407,-1,421,407,422,-1,422,407,409,-1,422,409,423,-1,327,325,409,-1,409,325,323,-1,409,323,423,-1,423,323,321,-1,423,321,319,-1,403,420,424,-1,424,420,421,-1,424,421,425,-1,425,421,422,-1,425,422,426,-1,426,422,423,-1,426,423,427,-1,427,423,319,-1,428,429,430,-1,430,429,401,-1,401,403,430,-1,430,403,424,-1,430,424,431,-1,431,424,425,-1,431,425,432,-1,432,425,426,-1,432,426,433,-1,433,426,427,-1,433,427,434,-1,402,416,403,-1,403,416,404,-1,403,404,420,-1,420,404,406,-1,420,406,408,-1,408,406,328,-1,428,411,435,-1,435,411,297,-1,435,297,296,-1,319,317,427,-1,427,317,315,-1,427,315,434,-1,434,315,313,-1,434,313,311,-1,428,430,411,-1,411,430,431,-1,411,431,412,-1,412,431,432,-1,412,432,413,-1,413,432,433,-1,413,433,414,-1,414,433,434,-1,414,434,415,-1,415,434,311,-1,415,311,309,-1,314,316,436,-1,437,438,439,-1,329,440,441,-1,442,440,329,-1,439,438,329,-1,326,329,438,-1,443,342,330,-1,342,443,341,-1,341,443,444,-1,341,444,340,-1,340,444,445,-1,340,445,339,-1,339,445,446,-1,339,446,338,-1,338,446,337,-1,337,446,447,-1,337,447,336,-1,336,447,333,-1,333,447,448,-1,333,448,334,-1,449,442,329,-1,318,320,437,-1,437,320,322,-1,437,322,438,-1,438,322,324,-1,438,324,326,-1,450,441,451,-1,451,441,440,-1,451,440,452,-1,452,440,442,-1,452,442,453,-1,449,454,442,-1,442,454,455,-1,442,455,453,-1,453,455,456,-1,453,456,457,-1,436,450,458,-1,458,450,451,-1,458,451,459,-1,459,451,452,-1,459,452,460,-1,460,452,453,-1,460,453,461,-1,461,453,457,-1,310,312,462,-1,462,312,314,-1,314,436,462,-1,462,436,458,-1,462,458,463,-1,463,458,459,-1,463,459,464,-1,464,459,460,-1,464,460,465,-1,465,460,461,-1,465,461,466,-1,316,318,436,-1,436,318,437,-1,436,437,450,-1,450,437,439,-1,450,439,441,-1,441,439,329,-1,310,443,308,-1,308,443,330,-1,308,330,307,-1,457,467,461,-1,461,467,468,-1,461,468,466,-1,466,468,469,-1,466,469,470,-1,310,462,443,-1,443,462,463,-1,443,463,444,-1,444,463,464,-1,444,464,445,-1,445,464,465,-1,445,465,446,-1,446,465,466,-1,446,466,447,-1,447,466,470,-1,447,470,448,-1,471,472,473,-1,474,475,476,-1,476,475,477,-1,476,477,478,-1,478,477,479,-1,478,479,3,-1,472,480,473,-1,473,480,481,-1,473,481,474,-1,474,481,482,-1,474,482,475,-1,483,484,485,-1,485,484,486,-1,485,486,487,-1,487,486,471,-1,488,489,490,-1,490,489,491,-1,490,491,492,-1,492,491,483,-1,346,488,347,-1,347,488,490,-1,347,490,351,-1,351,490,492,-1,351,492,352,-1,352,492,353,-1,353,492,493,-1,353,493,354,-1,354,493,355,-1,355,493,494,-1,355,494,356,-1,356,494,357,-1,357,494,495,-1,357,495,358,-1,358,495,361,-1,361,495,496,-1,361,496,360,-1,360,496,363,-1,360,363,359,-1,471,473,487,-1,487,473,474,-1,487,474,497,-1,497,474,476,-1,497,476,498,-1,498,476,478,-1,498,478,499,-1,3,371,478,-1,478,371,369,-1,478,369,499,-1,499,369,367,-1,499,367,365,-1,483,485,492,-1,492,485,487,-1,492,487,493,-1,493,487,497,-1,493,497,494,-1,494,497,498,-1,494,498,495,-1,495,498,499,-1,495,499,496,-1,496,499,365,-1,496,365,363,-1,500,293,381,-1,501,502,378,-1,378,502,503,-1,378,503,381,-1,381,503,504,-1,381,504,500,-1,505,506,377,-1,378,380,501,-1,501,380,382,-1,501,382,375,-1,377,506,375,-1,375,506,507,-1,375,507,501,-1,377,384,505,-1,505,384,372,-1,505,372,508,-1,508,372,374,-1,508,374,509,-1,509,374,386,-1,509,386,510,-1,510,386,388,-1,1,0,393,-1,393,0,511,-1,393,511,391,-1,391,511,512,-1,391,512,390,-1,390,512,513,-1,390,513,388,-1,388,513,514,-1,388,514,510,-1,296,500,435,-1,435,500,515,-1,435,515,428,-1,428,515,516,-1,428,516,429,-1,429,516,517,-1,429,517,401,-1,401,517,518,-1,401,518,402,-1,402,518,519,-1,402,519,416,-1,416,519,520,-1,416,520,417,-1,417,520,521,-1,417,521,418,-1,418,521,522,-1,418,522,419,-1,419,522,523,-1,419,523,410,-1,523,524,410,-1,410,524,525,-1,410,525,328,-1,526,334,448,-1,527,528,529,-1,529,528,530,-1,530,531,529,-1,529,531,532,-1,529,532,533,-1,533,534,529,-1,529,534,535,-1,529,535,536,-1,536,526,529,-1,529,526,448,-1,529,448,537,-1,537,448,470,-1,537,470,538,-1,538,470,469,-1,538,469,539,-1,539,469,468,-1,539,468,540,-1,540,468,467,-1,540,467,541,-1,541,467,457,-1,541,457,542,-1,542,457,456,-1,542,456,543,-1,543,456,455,-1,543,455,544,-1,544,455,454,-1,544,454,545,-1,454,449,545,-1,545,449,329,-1,545,329,546,-1,547,527,548,-1,488,346,549,-1,549,547,488,-1,488,547,548,-1,488,548,489,-1,489,548,550,-1,489,550,491,-1,491,550,551,-1,491,551,483,-1,483,551,552,-1,483,552,484,-1,484,552,553,-1,484,553,486,-1,486,553,554,-1,486,554,471,-1,471,554,555,-1,471,555,472,-1,472,555,556,-1,472,556,480,-1,480,556,481,-1,481,556,557,-1,481,557,482,-1,558,475,559,-1,559,475,482,-1,559,482,560,-1,560,482,557,-1,2,3,561,-1,561,3,479,-1,561,479,558,-1,558,479,477,-1,558,477,475,-1,522,521,562,-1,563,564,565,-1,566,567,568,-1,568,567,525,-1,505,508,569,-1,514,513,566,-1,512,511,570,-1,570,511,0,-1,509,510,571,-1,571,510,514,-1,571,514,572,-1,573,507,506,-1,574,502,501,-1,523,565,524,-1,524,565,525,-1,564,525,565,-1,0,575,570,-1,570,575,576,-1,570,576,577,-1,577,576,578,-1,577,578,579,-1,513,512,566,-1,566,512,570,-1,566,570,567,-1,567,570,577,-1,567,577,525,-1,579,525,577,-1,523,522,565,-1,565,522,562,-1,565,562,563,-1,563,562,573,-1,508,509,569,-1,569,509,571,-1,569,571,580,-1,580,571,572,-1,580,572,581,-1,506,505,573,-1,573,505,569,-1,573,569,563,-1,563,569,580,-1,563,580,564,-1,564,580,581,-1,564,581,525,-1,501,507,574,-1,574,507,573,-1,574,573,582,-1,582,573,562,-1,582,562,520,-1,520,562,521,-1,500,504,515,-1,515,504,503,-1,515,503,516,-1,516,503,502,-1,516,502,517,-1,517,502,574,-1,517,574,518,-1,518,574,582,-1,518,582,519,-1,519,582,520,-1,514,566,572,-1,572,566,568,-1,572,568,581,-1,581,568,525,-1,543,544,583,-1,546,584,585,-1,586,584,546,-1,587,586,546,-1,588,554,589,-1,589,554,553,-1,589,553,590,-1,590,553,552,-1,590,552,551,-1,560,557,591,-1,591,557,556,-1,591,556,588,-1,588,556,555,-1,588,555,554,-1,559,560,592,-1,592,560,593,-1,559,592,558,-1,558,592,594,-1,558,594,561,-1,561,594,595,-1,561,595,2,-1,596,542,543,-1,546,597,587,-1,587,597,598,-1,587,598,599,-1,543,583,596,-1,596,583,585,-1,596,585,600,-1,600,585,584,-1,600,584,593,-1,593,584,586,-1,593,586,592,-1,592,586,587,-1,592,587,594,-1,594,587,599,-1,594,599,595,-1,589,540,541,-1,560,591,593,-1,593,591,588,-1,593,588,600,-1,600,588,589,-1,600,589,596,-1,596,589,541,-1,596,541,542,-1,583,546,585,-1,544,545,583,-1,583,545,546,-1,540,589,539,-1,539,589,590,-1,539,590,538,-1,538,590,551,-1,538,551,537,-1,537,551,550,-1,537,550,529,-1,529,550,548,-1,529,548,527,-1,546,525,579,-1,0,2,575,-1,575,2,595,-1,575,595,576,-1,576,595,599,-1,576,599,578,-1,578,599,598,-1,578,598,579,-1,579,598,597,-1,579,597,546,-1,
        ]
    }
}
Shape{
    appearance Appearance {
        material  Material 	{
            diffuseColor 1.0 1.0 1.0
            specularColor 0.5019607843137255 0.5019607843137255 0.5019607843137255
            ambientIntensity 1.0
            transparency 0.0
            shininess 0.5
        }
    }
    geometry IndexedFaceSet {
        ccw TRUE
        solid FALSE
        coord DEF co Coordinate {
            point [
                -0.4157 -0.9503 0.5038, -0.4157 -0.9509 0.4996, -0.4157 -0.9464 0.5033, -0.4157 -0.947 0.4991, -0.4305 -0.9503 0.5038, -0.4305 -0.9464 0.5033, -0.4305 -0.9457 0.5364, -0.4305 -0.9418 0.5358, -0.4353 -0.9457 0.5364, -0.4353 -0.9418 0.5358, -0.4353 -0.9509 0.4996, -0.4353 -0.947 0.4991, -0.3967 -0.951 0.499, -0.3967 -0.9471 0.4985, -0.391 -0.947 0.499, -0.391 -0.9509 0.4996, -0.3871 -0.9468 0.5003, -0.3871 -0.9507 0.5009, -0.3864 -0.9468 0.5006, -0.3864 -0.9507 0.5012, -0.3864 -0.95 0.5057, -0.3864 -0.9461 0.5052, -0.3899 -0.9464 0.5036, -0.3899 -0.9503 0.5041, -0.3941 -0.9465 0.5028, -0.3941 -0.9504 0.5033, -0.396 -0.9465 0.5027, -0.396 -0.9504 0.5032, -0.3998 -0.9464 0.5031, -0.3998 -0.9503 0.5037, -0.4024 -0.9463 0.5042, -0.4024 -0.9502 0.5047, -0.4048 -0.946 0.5059, -0.4048 -0.9499 0.5064, -0.4055 -0.9459 0.5066, -0.4055 -0.9498 0.5071, -0.4074 -0.9456 0.5092, -0.4074 -0.9495 0.5097, -0.4086 -0.9451 0.5122, -0.4086 -0.949 0.5127, -0.4092 -0.9445 0.5167, -0.4092 -0.9484 0.5172, -0.4092 -0.9445 0.517, -0.4092 -0.9484 0.5176, -0.4087 -0.9438 0.5215, -0.4087 -0.9477 0.522, -0.4075 -0.9434 0.5248, -0.4075 -0.9473 0.5253, -0.4058 -0.943 0.5274, -0.4058 -0.9469 0.528, -0.4053 -0.9429 0.5281, -0.4053 -0.9468 0.5286, -0.4029 -0.9426 0.53, -0.4029 -0.9465 0.5306, -0.4 -0.9424 0.5314, -0.4 -0.9463 0.532, -0.3968 -0.9424 0.5321, -0.3968 -0.9463 0.5326, -0.3952 -0.9423 0.5321, -0.3952 -0.9462 0.5327, -0.3909 -0.9424 0.5317, -0.3909 -0.9463 0.5322, -0.3871 -0.9426 0.5303, -0.3871 -0.9465 0.5309, -0.3864 -0.9426 0.53, -0.3864 -0.9465 0.5305, -0.3864 -0.9459 0.5355, -0.3864 -0.942 0.5349, -0.3952 -0.9417 0.5364, -0.3952 -0.9456 0.537, -0.3948 -0.9456 0.537, -0.39 -0.9418 0.536, -0.39 -0.9457 0.5365, -0.3914 -0.9418 0.5361, -0.3948 -0.9417 0.5364, -0.3983 -0.9418 0.5361, -0.3998 -0.9457 0.5365, -0.3998 -0.9418 0.536, -0.4038 -0.942 0.5346, -0.4038 -0.9459 0.5352, -0.4075 -0.9423 0.5322, -0.4075 -0.9462 0.5328, -0.4088 -0.9425 0.531, -0.4088 -0.9464 0.5316, -0.4113 -0.9429 0.5278, -0.4113 -0.9468 0.5284, -0.4125 -0.9433 0.5252, -0.4132 -0.9474 0.5244, -0.4132 -0.9435 0.5238, -0.4141 -0.9442 0.5191, -0.4141 -0.9481 0.5197, -0.4142 -0.9445 0.5168, -0.4142 -0.9484 0.5173, -0.4135 -0.9453 0.5109, -0.4135 -0.9492 0.5114, -0.4125 -0.9457 0.5084, -0.412 -0.9498 0.5076, -0.412 -0.9459 0.507, -0.4098 -0.9463 0.5039, -0.4098 -0.9502 0.5044, -0.4094 -0.9464 0.5035, -0.4094 -0.9503 0.504, -0.4065 -0.9467 0.5011, -0.4065 -0.9506 0.5016, -0.403 -0.9469 0.4994, -0.403 -0.9508 0.5, -0.399 -0.9471 0.4986, -0.399 -0.951 0.4991, -0.3591 -0.9503 0.5038, -0.3591 -0.9509 0.4996, -0.3591 -0.9464 0.5033, -0.3591 -0.947 0.4991, -0.3742 -0.9464 0.5033, -0.3742 -0.9503 0.5038, -0.3642 -0.9464 0.5033, -0.3742 -0.9486 0.5162, -0.3742 -0.9447 0.5156, -0.361 -0.9486 0.5162, -0.3642 -0.9447 0.5156, -0.361 -0.9447 0.5156, -0.361 -0.948 0.5204, -0.361 -0.9441 0.5198, -0.3742 -0.9441 0.5198, -0.3742 -0.948 0.5204, -0.3642 -0.9441 0.5198, -0.3742 -0.9463 0.5321, -0.3742 -0.9424 0.5316, -0.3599 -0.9463 0.5321, -0.3642 -0.9424 0.5316, -0.3599 -0.9424 0.5316, -0.3599 -0.9457 0.5364, -0.3599 -0.9418 0.5358, -0.379 -0.9418 0.5358, -0.379 -0.9457 0.5364, -0.3642 -0.9418 0.5358, -0.379 -0.9509 0.4996, -0.379 -0.947 0.4991, -0.3642 -0.947 0.4991, -0.327 -0.9486 0.5162, -0.322 -0.9486 0.5158, -0.3269 -0.9483 0.5183, -0.3219 -0.9482 0.5185, -0.3274 -0.9477 0.5226, -0.3224 -0.9476 0.5229, -0.3284 -0.9473 0.5254, -0.3236 -0.9471 0.5265, -0.3298 -0.947 0.5275, -0.3258 -0.9466 0.5298, -0.331 -0.9468 0.5287, -0.3275 -0.9464 0.5315, -0.3338 -0.9465 0.5305, -0.3309 -0.9461 0.5339, -0.3371 -0.9464 0.5316, -0.3353 -0.9458 0.5356, -0.3417 -0.9463 0.5321, -0.3415 -0.9457 0.5364, -0.3473 -0.9463 0.5321, -0.3521 -0.9457 0.5364, -0.3473 -0.9503 0.5038, -0.3521 -0.9509 0.4996, -0.3419 -0.9503 0.5038, -0.3419 -0.9509 0.4996, -0.3374 -0.9502 0.5043, -0.3357 -0.9508 0.5004, -0.3342 -0.9501 0.5054, -0.3314 -0.9506 0.502, -0.3317 -0.9499 0.507, -0.3278 -0.9502 0.5045, -0.3309 -0.9498 0.5077, -0.3275 -0.9502 0.5048, -0.329 -0.9494 0.5101, -0.3249 -0.9497 0.5078, -0.3277 -0.949 0.5128, -0.323 -0.9492 0.5116, -0.3419 -0.947 0.4991, -0.3521 -0.947 0.4991, -0.3357 -0.9469 0.4998, -0.3351 -0.9469 0.5001, -0.3314 -0.9467 0.5015, -0.3278 -0.9463 0.5039, -0.3275 -0.9463 0.5042, -0.3249 -0.9458 0.5073, -0.323 -0.9453 0.511, -0.322 -0.9447 0.5153, -0.3219 -0.9443 0.5179, -0.3224 -0.9437 0.5223, -0.3236 -0.9432 0.526, -0.3258 -0.9427 0.5293, -0.3275 -0.9425 0.5309, -0.3415 -0.9418 0.5358, -0.3309 -0.9422 0.5333, -0.3351 -0.9419 0.535, -0.3353 -0.9419 0.5351, -0.3521 -0.9418 0.5358, -0.3417 -0.9424 0.5316, -0.3473 -0.9424 0.5316, -0.3473 -0.9464 0.5033, -0.3419 -0.9464 0.5033, -0.3309 -0.9459 0.5071, -0.3317 -0.946 0.5064, -0.3342 -0.9462 0.5048, -0.3374 -0.9463 0.5037, -0.3269 -0.9444 0.5178, -0.327 -0.9447 0.5157, -0.3277 -0.9451 0.5123, -0.329 -0.9455 0.5095, -0.331 -0.9429 0.5281, -0.3298 -0.9431 0.5269, -0.3284 -0.9434 0.5248, -0.3274 -0.9438 0.522, -0.3371 -0.9425 0.5311, -0.3338 -0.9426 0.53
            ]
        }
        coordIndex [
            0,1,2,-1,2,1,3,-1,4,0,5,-1,5,0,2,-1,6,4,7,-1,7,4,5,-1,8,6,9,-1,9,6,7,-1,10,8,11,-1,11,8,9,-1,1,10,3,-1,3,10,11,-1,6,8,4,-1,4,8,10,-1,4,10,0,-1,0,10,1,-1,12,13,14,-1,12,14,15,-1,15,14,16,-1,15,16,17,-1,17,16,18,-1,17,18,19,-1,20,19,21,-1,21,19,18,-1,20,21,22,-1,20,22,23,-1,23,22,24,-1,23,24,25,-1,25,24,26,-1,25,26,27,-1,27,26,28,-1,27,28,29,-1,29,28,30,-1,29,30,31,-1,31,30,32,-1,31,32,33,-1,33,32,34,-1,33,34,35,-1,35,34,36,-1,35,36,37,-1,37,36,38,-1,37,38,39,-1,39,38,40,-1,39,40,41,-1,41,40,42,-1,41,42,43,-1,43,42,44,-1,43,44,45,-1,45,44,46,-1,45,46,47,-1,47,46,48,-1,47,48,49,-1,49,48,50,-1,49,50,51,-1,51,50,52,-1,51,52,53,-1,53,52,54,-1,53,54,55,-1,55,54,56,-1,55,56,57,-1,57,56,58,-1,57,58,59,-1,59,58,60,-1,59,60,61,-1,61,60,62,-1,61,62,63,-1,63,62,64,-1,63,64,65,-1,66,65,67,-1,67,65,64,-1,68,69,70,-1,66,67,71,-1,66,71,72,-1,72,71,73,-1,72,73,70,-1,70,73,74,-1,70,74,68,-1,68,75,69,-1,69,75,76,-1,75,77,76,-1,76,77,78,-1,76,78,79,-1,79,78,80,-1,79,80,81,-1,81,80,82,-1,81,82,83,-1,83,82,84,-1,83,84,85,-1,85,84,86,-1,85,86,87,-1,86,88,87,-1,87,88,89,-1,87,89,90,-1,90,89,91,-1,90,91,92,-1,92,91,93,-1,92,93,94,-1,94,93,95,-1,94,95,96,-1,95,97,96,-1,96,97,98,-1,96,98,99,-1,99,98,100,-1,99,100,101,-1,101,100,102,-1,101,102,103,-1,103,102,104,-1,103,104,105,-1,105,104,106,-1,105,106,107,-1,107,106,13,-1,107,13,12,-1,63,65,66,-1,53,55,76,-1,45,47,85,-1,76,55,69,-1,63,66,61,-1,19,20,17,-1,17,20,23,-1,17,23,15,-1,15,23,25,-1,15,25,12,-1,12,25,27,-1,12,27,107,-1,107,27,29,-1,107,29,105,-1,105,29,31,-1,105,31,103,-1,103,31,33,-1,103,33,101,-1,101,33,35,-1,101,35,99,-1,99,35,37,-1,99,37,96,-1,96,37,94,-1,94,37,39,-1,94,39,92,-1,85,47,83,-1,55,57,69,-1,69,57,59,-1,69,59,70,-1,70,59,61,-1,70,61,72,-1,72,61,66,-1,76,79,53,-1,53,79,81,-1,53,81,51,-1,51,81,83,-1,51,83,49,-1,49,83,47,-1,39,41,92,-1,92,41,43,-1,92,43,90,-1,90,43,45,-1,90,45,87,-1,87,45,85,-1,108,109,110,-1,110,109,111,-1,112,113,114,-1,114,113,108,-1,114,108,110,-1,115,113,116,-1,116,113,112,-1,115,116,117,-1,117,116,118,-1,117,118,119,-1,120,117,121,-1,121,117,119,-1,122,123,124,-1,124,123,120,-1,124,120,121,-1,125,123,126,-1,126,123,122,-1,125,126,127,-1,127,126,128,-1,127,128,129,-1,130,127,131,-1,131,127,129,-1,132,133,134,-1,134,133,130,-1,134,130,131,-1,135,133,136,-1,136,133,132,-1,135,136,109,-1,109,136,137,-1,109,137,111,-1,117,120,115,-1,115,120,123,-1,109,108,135,-1,135,108,113,-1,127,130,125,-1,125,130,133,-1,125,133,123,-1,123,133,135,-1,123,135,115,-1,115,135,113,-1,138,139,140,-1,140,139,141,-1,140,141,142,-1,142,141,143,-1,142,143,144,-1,144,143,145,-1,144,145,146,-1,146,145,147,-1,146,147,148,-1,148,147,149,-1,148,149,150,-1,150,149,151,-1,150,151,152,-1,152,151,153,-1,152,153,154,-1,154,153,155,-1,154,155,156,-1,156,155,157,-1,156,157,158,-1,158,157,159,-1,158,159,160,-1,160,159,161,-1,160,161,162,-1,162,161,163,-1,162,163,164,-1,164,163,165,-1,164,165,166,-1,166,165,167,-1,166,167,168,-1,168,167,169,-1,168,169,170,-1,170,169,171,-1,170,171,172,-1,172,171,173,-1,172,173,138,-1,138,173,139,-1,161,159,174,-1,174,159,175,-1,161,174,176,-1,161,176,163,-1,163,176,177,-1,163,177,165,-1,177,178,165,-1,165,178,179,-1,165,179,167,-1,167,179,180,-1,167,180,169,-1,169,180,181,-1,169,181,171,-1,171,181,182,-1,171,182,173,-1,173,182,183,-1,173,183,139,-1,139,183,184,-1,139,184,141,-1,141,184,185,-1,141,185,143,-1,143,185,186,-1,143,186,145,-1,145,186,187,-1,145,187,147,-1,147,187,188,-1,147,188,149,-1,189,155,153,-1,149,188,190,-1,149,190,151,-1,151,190,191,-1,151,191,153,-1,153,191,192,-1,153,192,189,-1,157,155,193,-1,193,155,189,-1,159,157,175,-1,175,157,193,-1,154,156,194,-1,194,156,195,-1,156,158,195,-1,195,158,196,-1,158,160,196,-1,196,160,197,-1,168,198,199,-1,168,199,166,-1,166,199,200,-1,166,200,164,-1,164,200,201,-1,164,201,162,-1,162,201,197,-1,162,197,160,-1,140,202,203,-1,140,203,138,-1,138,203,204,-1,138,204,172,-1,172,204,205,-1,172,205,170,-1,170,205,198,-1,170,198,168,-1,148,206,207,-1,148,207,146,-1,146,207,208,-1,146,208,144,-1,144,208,209,-1,144,209,142,-1,142,209,202,-1,142,202,140,-1,154,194,210,-1,154,210,152,-1,152,210,211,-1,152,211,150,-1,150,211,206,-1,150,206,148,-1,
        ]
    }
}
Shape{
    appearance Appearance {
        material  Material 	{
            diffuseColor 0.25098039215686274 0.25098039215686274 0.25098039215686274
            specularColor 0.12549019607843137 0.12549019607843137 0.12549019607843137
            ambientIntensity 0.251
            transparency 0.0
            shininess 0.5
        }
    }
    geometry IndexedFaceSet {
        ccw TRUE
        solid FALSE
        coord DEF co Coordinate {
            point [
                -0.3473 -0.9424 0.5316, -0.3473 -0.9464 0.5033, -0.3417 -0.9424 0.5316, -0.3419 -0.9464 0.5033, -0.3374 -0.9463 0.5037, -0.3342 -0.9462 0.5048, -0.3317 -0.946 0.5064, -0.3309 -0.9459 0.5071, -0.329 -0.9455 0.5095, -0.3277 -0.9451 0.5123, -0.327 -0.9447 0.5157, -0.3269 -0.9444 0.5178, -0.3274 -0.9438 0.522, -0.3284 -0.9434 0.5248, -0.3298 -0.9431 0.5269, -0.331 -0.9429 0.5281, -0.3371 -0.9425 0.5311, -0.3338 -0.9426 0.53
            ]
        }
        coordIndex [
            0,1,2,-1,2,1,3,-1,2,3,4,-1,4,5,2,-1,2,5,6,-1,2,6,7,-1,7,8,2,-1,2,8,9,-1,2,9,10,-1,10,11,2,-1,2,11,12,-1,2,12,13,-1,13,14,2,-1,2,14,15,-1,2,15,16,-1,16,15,17,-1,
        ]
    }
}
Shape{
    appearance Appearance {
        material  Material 	{
            diffuseColor 1.0 1.0 1.0
            specularColor 0.5019607843137255 0.5019607843137255 0.5019607843137255
            ambientIntensity 1.0
            transparency 0.0
            shininess 0.5
        }
    }
    geometry IndexedFaceSet {
        ccw TRUE
        solid FALSE
        coord DEF co Coordinate {
            point [
                -0.3095 -0.9489 0.5138, -0.311 -0.9495 0.5097, -0.297 -0.9489 0.5138, -0.2956 -0.9495 0.5097, -0.3039 -0.9467 0.5291, -0.3057 -0.9457 0.5364, -0.3198 -0.9509 0.4996, -0.3146 -0.9509 0.4996, -0.3036 -0.9466 0.5302, -0.3033 -0.9464 0.5317, -0.3006 -0.9457 0.5364, -0.3032 -0.9464 0.5317, -0.3029 -0.9466 0.5301, -0.3026 -0.9467 0.5291, -0.2865 -0.9509 0.4996, -0.2918 -0.9509 0.4996, -0.3006 -0.9418 0.5358, -0.2865 -0.947 0.4991, -0.3057 -0.9418 0.5358, -0.3198 -0.947 0.4991, -0.3092 -0.9431 0.5269, -0.3146 -0.947 0.4991, -0.311 -0.9456 0.5091, -0.2956 -0.9456 0.5091, -0.3092 -0.9456 0.5091, -0.2918 -0.947 0.4991, -0.3095 -0.945 0.5133, -0.297 -0.945 0.5133, -0.3026 -0.9429 0.5285, -0.3032 -0.9425 0.5311, -0.3029 -0.9427 0.5296, -0.3033 -0.9425 0.5311, -0.3039 -0.9429 0.5285, -0.3036 -0.9427 0.5296
            ]
        }
        coordIndex [
            0,1,2,-1,2,1,3,-1,4,5,0,-1,0,5,6,-1,0,6,1,-1,1,6,7,-1,4,8,5,-1,5,8,9,-1,5,9,10,-1,10,9,11,-1,10,11,12,-1,12,13,10,-1,10,13,2,-1,10,2,14,-1,14,2,3,-1,14,3,15,-1,10,14,16,-1,16,14,17,-1,5,10,18,-1,18,10,16,-1,19,6,20,-1,20,6,5,-1,20,5,18,-1,7,6,21,-1,21,6,19,-1,1,7,22,-1,22,7,21,-1,23,3,24,-1,24,3,1,-1,24,1,22,-1,15,3,25,-1,25,3,23,-1,14,15,17,-1,17,15,25,-1,0,2,26,-1,26,2,27,-1,2,13,27,-1,27,13,28,-1,11,29,30,-1,11,30,12,-1,12,30,28,-1,12,28,13,-1,11,9,29,-1,29,9,31,-1,4,32,33,-1,4,33,8,-1,8,33,31,-1,8,31,9,-1,4,0,32,-1,32,0,26,-1,
        ]
    }
}
Shape{
    appearance Appearance {
        material  Material 	{
            diffuseColor 0.25098039215686274 0.25098039215686274 0.25098039215686274
            specularColor 0.12549019607843137 0.12549019607843137 0.12549019607843137
            ambientIntensity 0.251
            transparency 0.0
            shininess 0.5
        }
    }
    geometry IndexedFaceSet {
        ccw TRUE
        solid FALSE
        coord DEF co Coordinate {
            point [
                -0.3032 -0.9425 0.5311, -0.3033 -0.9425 0.5311, -0.3029 -0.9427 0.5296, -0.3036 -0.9427 0.5296, -0.3026 -0.9429 0.5285, -0.3039 -0.9429 0.5285, -0.297 -0.945 0.5133, -0.3095 -0.945 0.5133
            ]
        }
        coordIndex [
            0,1,2,-1,2,1,3,-1,2,3,4,-1,4,3,5,-1,4,5,6,-1,6,5,7,-1,
        ]
    }
}
Shape{
    appearance Appearance {
        material  Material 	{
            diffuseColor 1.0 1.0 1.0
            specularColor 0.5019607843137255 0.5019607843137255 0.5019607843137255
            ambientIntensity 1.0
            transparency 0.0
            shininess 0.5
        }
    }
    geometry IndexedFaceSet {
        ccw TRUE
        solid FALSE
        coord DEF co Coordinate {
            point [
                -0.4153 -0.9585 0.4456, -0.4153 -0.9591 0.4414, -0.4153 -0.9546 0.445, -0.4153 -0.9552 0.4409, -0.4305 -0.9585 0.4456, -0.4305 -0.9546 0.445, -0.4305 -0.9567 0.4579, -0.4305 -0.9528 0.4574, -0.4172 -0.9567 0.4579, -0.4172 -0.9528 0.4574, -0.4172 -0.9562 0.4621, -0.4172 -0.9523 0.4616, -0.4305 -0.9562 0.4621, -0.4305 -0.9523 0.4616, -0.4305 -0.9545 0.4739, -0.4305 -0.9506 0.4733, -0.4162 -0.9545 0.4739, -0.4162 -0.9506 0.4733, -0.4162 -0.9539 0.4781, -0.4162 -0.95 0.4776, -0.4353 -0.9539 0.4781, -0.4353 -0.95 0.4776, -0.4353 -0.9591 0.4414, -0.4353 -0.9552 0.4409, -0.3944 -0.9585 0.4455, -0.3942 -0.9585 0.4455, -0.3945 -0.9579 0.4497, -0.3942 -0.9576 0.4517, -0.3896 -0.9567 0.4583, -0.3942 -0.9576 0.4521, -0.3942 -0.9572 0.4546, -0.3942 -0.9591 0.4414, -0.3896 -0.9591 0.4414, -0.4059 -0.957 0.456, -0.4043 -0.9575 0.4526, -0.4031 -0.9574 0.4531, -0.3952 -0.9581 0.4481, -0.3962 -0.9583 0.4467, -0.3951 -0.9587 0.4444, -0.3968 -0.9584 0.4461, -0.3966 -0.9589 0.4428, -0.3981 -0.9585 0.4453, -0.3982 -0.959 0.4417, -0.3995 -0.9586 0.4448, -0.4001 -0.9591 0.4411, -0.4013 -0.9586 0.4446, -0.4025 -0.9592 0.4408, -0.4028 -0.9586 0.4447, -0.4053 -0.9591 0.4411, -0.4039 -0.9585 0.4451, -0.407 -0.959 0.4418, -0.4048 -0.9585 0.4457, -0.4086 -0.9589 0.4429, -0.4052 -0.9584 0.4461, -0.4083 -0.9556 0.4658, -0.4083 -0.9563 0.4613, -0.407 -0.9555 0.4665, -0.4051 -0.956 0.4633, -0.4034 -0.9554 0.4678, -0.4022 -0.9559 0.4642, -0.3992 -0.9553 0.4682, -0.3996 -0.9558 0.4645, -0.3992 -0.9553 0.4682, -0.398 -0.9559 0.4643, -0.3959 -0.9554 0.4679, -0.397 -0.9559 0.464, -0.3941 -0.9554 0.4672, -0.3961 -0.956 0.4634, -0.4021 -0.9569 0.457, -0.4004 -0.9573 0.4537, -0.3942 -0.9567 0.4581, -0.3944 -0.9564 0.4601, -0.3901 -0.9562 0.4622, -0.3949 -0.9562 0.4617, -0.3908 -0.9559 0.4641, -0.3954 -0.9561 0.4627, -0.3918 -0.9557 0.4655, -0.3926 -0.9556 0.4663, -0.4049 -0.9576 0.4521, -0.4078 -0.9572 0.455, -0.4055 -0.9577 0.4514, -0.4092 -0.9573 0.4537, -0.4059 -0.9578 0.4506, -0.4101 -0.9575 0.4522, -0.4061 -0.9579 0.4495, -0.4107 -0.9578 0.4505, -0.4062 -0.958 0.4488, -0.4109 -0.9581 0.4484, -0.406 -0.9582 0.4477, -0.4106 -0.9584 0.4463, -0.4057 -0.9583 0.4469, -0.4101 -0.9586 0.4448, -0.4091 -0.9588 0.4434, -0.3992 -0.9514 0.4677, -0.4034 -0.9515 0.4672, -0.407 -0.9516 0.466, -0.4083 -0.9517 0.4652, -0.4083 -0.9524 0.4608, -0.4051 -0.9521 0.4628, -0.4022 -0.952 0.4637, -0.3996 -0.9519 0.4639, -0.398 -0.952 0.4638, -0.397 -0.952 0.4634, -0.3961 -0.9521 0.4629, -0.3954 -0.9522 0.4621, -0.3949 -0.9523 0.4612, -0.3944 -0.9525 0.4596, -0.3942 -0.9528 0.4575, -0.4021 -0.953 0.4564, -0.4059 -0.9531 0.4554, -0.4078 -0.9533 0.4544, -0.4092 -0.9534 0.4532, -0.4101 -0.9537 0.4517, -0.4107 -0.9539 0.45, -0.4109 -0.9542 0.4479, -0.4106 -0.9545 0.4458, -0.4101 -0.9547 0.4442, -0.4091 -0.9549 0.4428, -0.4086 -0.955 0.4423, -0.4025 -0.9553 0.4402, -0.4052 -0.9552 0.4406, -0.4053 -0.9552 0.4406, -0.407 -0.9551 0.4412, -0.4001 -0.9552 0.4405, -0.4 -0.9552 0.4406, -0.3982 -0.9551 0.4412, -0.3966 -0.955 0.4423, -0.3951 -0.9548 0.4438, -0.3944 -0.9546 0.4449, -0.3942 -0.9546 0.4449, -0.3942 -0.9552 0.4409, -0.3896 -0.9552 0.4409, -0.3896 -0.9528 0.4577, -0.3901 -0.9523 0.4616, -0.3908 -0.952 0.4636, -0.3918 -0.9518 0.465, -0.3926 -0.9517 0.4657, -0.3941 -0.9515 0.4667, -0.3959 -0.9515 0.4673, -0.3992 -0.9514 0.4677, -0.4049 -0.9537 0.4516, -0.4043 -0.9536 0.4521, -0.4031 -0.9535 0.4526, -0.4004 -0.9534 0.4532, -0.4062 -0.9541 0.4483, -0.4061 -0.954 0.449, -0.4059 -0.9539 0.45, -0.4055 -0.9538 0.4509, -0.4048 -0.9546 0.4452, -0.4052 -0.9545 0.4456, -0.4057 -0.9544 0.4464, -0.406 -0.9543 0.4472, -0.4013 -0.9547 0.444, -0.4028 -0.9547 0.4442, -0.4039 -0.9547 0.4446, -0.3962 -0.9544 0.4462, -0.3968 -0.9545 0.4456, -0.3981 -0.9546 0.4447, -0.3995 -0.9547 0.4442, -0.3942 -0.9537 0.4515, -0.3942 -0.9537 0.4512, -0.3945 -0.954 0.4491, -0.3952 -0.9542 0.4475, -0.3942 -0.9533 0.454
            ]
        }
        coordIndex [
            0,1,2,-1,2,1,3,-1,4,0,5,-1,5,0,2,-1,6,4,7,-1,7,4,5,-1,8,6,9,-1,9,6,7,-1,10,8,11,-1,11,8,9,-1,12,10,13,-1,13,10,11,-1,14,12,15,-1,15,12,13,-1,16,14,17,-1,17,14,15,-1,18,16,19,-1,19,16,17,-1,20,18,21,-1,21,18,19,-1,22,20,23,-1,23,20,21,-1,1,22,3,-1,3,22,23,-1,16,18,14,-1,14,18,20,-1,14,20,12,-1,1,0,22,-1,22,0,4,-1,22,4,6,-1,8,10,6,-1,6,10,12,-1,6,12,22,-1,22,12,20,-1,24,25,26,-1,27,28,29,-1,29,28,30,-1,31,32,25,-1,25,32,28,-1,25,28,26,-1,26,28,27,-1,33,34,35,-1,26,36,24,-1,24,36,37,-1,24,37,38,-1,38,37,39,-1,38,39,40,-1,40,39,41,-1,40,41,42,-1,42,41,43,-1,42,43,44,-1,44,43,45,-1,44,45,46,-1,46,45,47,-1,46,47,48,-1,48,47,49,-1,48,49,50,-1,50,49,51,-1,50,51,52,-1,52,51,53,-1,54,55,56,-1,56,55,57,-1,56,57,58,-1,58,57,59,-1,58,59,60,-1,60,59,61,-1,60,61,62,-1,62,61,63,-1,62,63,64,-1,64,63,65,-1,64,65,66,-1,66,65,67,-1,33,35,68,-1,68,35,69,-1,68,69,70,-1,69,30,70,-1,70,30,28,-1,70,28,71,-1,71,28,72,-1,71,72,73,-1,73,72,74,-1,73,74,75,-1,75,74,76,-1,75,76,67,-1,67,76,77,-1,67,77,66,-1,34,33,78,-1,78,33,79,-1,78,79,80,-1,80,79,81,-1,80,81,82,-1,82,81,83,-1,82,83,84,-1,84,83,85,-1,84,85,86,-1,86,85,87,-1,86,87,88,-1,88,87,89,-1,88,89,90,-1,90,89,91,-1,90,91,53,-1,53,91,92,-1,53,92,52,-1,60,93,94,-1,60,94,58,-1,58,94,95,-1,58,95,56,-1,56,95,96,-1,56,96,54,-1,55,54,97,-1,97,54,96,-1,55,97,98,-1,55,98,57,-1,57,98,99,-1,57,99,59,-1,59,99,100,-1,59,100,61,-1,61,100,101,-1,61,101,63,-1,63,101,102,-1,63,102,65,-1,65,102,103,-1,65,103,67,-1,67,103,104,-1,67,104,75,-1,75,104,105,-1,75,105,73,-1,73,105,106,-1,73,106,71,-1,71,106,107,-1,71,107,70,-1,68,70,108,-1,108,70,107,-1,68,108,109,-1,68,109,33,-1,33,109,110,-1,33,110,79,-1,79,110,111,-1,79,111,81,-1,81,111,112,-1,81,112,83,-1,83,112,113,-1,83,113,85,-1,85,113,114,-1,85,114,87,-1,87,114,115,-1,87,115,89,-1,89,115,116,-1,89,116,91,-1,91,116,117,-1,91,117,92,-1,92,117,118,-1,92,118,52,-1,119,46,120,-1,120,46,48,-1,120,48,121,-1,121,48,50,-1,121,50,122,-1,122,50,52,-1,122,52,118,-1,46,119,123,-1,46,123,44,-1,44,123,124,-1,44,124,42,-1,124,125,42,-1,42,125,126,-1,42,126,40,-1,40,126,127,-1,40,127,38,-1,38,127,128,-1,38,128,24,-1,25,24,129,-1,129,24,128,-1,31,25,130,-1,130,25,129,-1,32,31,131,-1,131,31,130,-1,28,32,132,-1,132,32,131,-1,28,132,133,-1,28,133,72,-1,72,133,134,-1,72,134,74,-1,74,134,135,-1,74,135,76,-1,76,135,136,-1,76,136,77,-1,77,136,137,-1,77,137,66,-1,66,137,138,-1,66,138,64,-1,64,138,139,-1,64,139,62,-1,62,139,93,-1,62,93,60,-1,78,140,141,-1,78,141,34,-1,34,141,142,-1,34,142,35,-1,35,142,143,-1,35,143,69,-1,86,144,145,-1,86,145,84,-1,84,145,146,-1,84,146,82,-1,82,146,147,-1,82,147,80,-1,80,147,140,-1,80,140,78,-1,51,148,149,-1,51,149,53,-1,53,149,150,-1,53,150,90,-1,90,150,151,-1,90,151,88,-1,88,151,144,-1,88,144,86,-1,45,152,153,-1,45,153,47,-1,47,153,154,-1,47,154,49,-1,49,154,148,-1,49,148,51,-1,37,155,156,-1,37,156,39,-1,39,156,157,-1,39,157,41,-1,41,157,158,-1,41,158,43,-1,43,158,152,-1,43,152,45,-1,29,159,160,-1,29,160,27,-1,27,160,161,-1,27,161,26,-1,26,161,162,-1,26,162,36,-1,36,162,155,-1,36,155,37,-1,29,30,159,-1,159,30,163,-1,30,69,163,-1,163,69,143,-1,
        ]
    }
}
Shape{
    appearance Appearance {
        material  Material 	{
            diffuseColor 0.25098039215686274 0.25098039215686274 0.25098039215686274
            specularColor 0.12549019607843137 0.12549019607843137 0.12549019607843137
            ambientIntensity 0.251
            transparency 0.0
            shininess 0.5
        }
    }
    geometry IndexedFaceSet {
        ccw TRUE
        solid FALSE
        coord DEF co Coordinate {
            point [
                -0.3942 -0.9533 0.454, -0.4004 -0.9534 0.4532, -0.3942 -0.9537 0.4515, -0.4031 -0.9535 0.4526, -0.4043 -0.9536 0.4521, -0.4049 -0.9537 0.4516, -0.3942 -0.9537 0.4512, -0.3945 -0.954 0.4491, -0.4055 -0.9538 0.4509, -0.3952 -0.9542 0.4475, -0.4052 -0.9545 0.4456, -0.4048 -0.9546 0.4452, -0.3968 -0.9545 0.4456, -0.4057 -0.9544 0.4464, -0.3981 -0.9546 0.4447, -0.3995 -0.9547 0.4442, -0.4013 -0.9547 0.444, -0.4059 -0.9539 0.45, -0.4061 -0.954 0.449, -0.3962 -0.9544 0.4462, -0.4062 -0.9541 0.4483, -0.406 -0.9543 0.4472, -0.4039 -0.9547 0.4446, -0.4028 -0.9547 0.4442
            ]
        }
        coordIndex [
            0,1,2,-1,2,1,3,-1,3,4,2,-1,2,4,5,-1,2,5,6,-1,6,5,7,-1,7,5,8,-1,7,8,9,-1,10,11,12,-1,10,12,13,-1,14,12,15,-1,15,12,16,-1,8,17,9,-1,9,17,18,-1,9,18,19,-1,19,18,20,-1,19,20,12,-1,12,20,21,-1,12,21,13,-1,11,22,12,-1,12,22,23,-1,12,23,16,-1,
        ]
    }
}
Shape{
    appearance Appearance {
        material  Material 	{
            diffuseColor 1.0 1.0 1.0
            specularColor 0.5019607843137255 0.5019607843137255 0.5019607843137255
            ambientIntensity 1.0
            transparency 0.0
            shininess 0.5
        }
    }
    geometry IndexedFaceSet {
        ccw TRUE
        solid FALSE
        coord DEF co Coordinate {
            point [
                -0.3833 -0.9544 0.4465, -0.3833 -0.9583 0.4471, -0.3815 -0.9584 0.446, -0.3757 -0.9586 0.4445, -0.3757 -0.9547 0.444, -0.3786 -0.9547 0.4443, -0.3786 -0.9586 0.4449, -0.3812 -0.9545 0.4453, -0.3815 -0.9545 0.4454, -0.3833 -0.9589 0.4423, -0.3833 -0.955 0.4418, -0.3812 -0.9551 0.441, -0.38 -0.9591 0.4412, -0.3761 -0.9553 0.4402, -0.3761 -0.9592 0.4408, -0.3792 -0.9552 0.4406, -0.38 -0.9552 0.4406, -0.3734 -0.9552 0.4406, -0.3721 -0.9591 0.4412, -0.3721 -0.9552 0.4407, -0.3696 -0.9551 0.4416, -0.3696 -0.959 0.4422, -0.3684 -0.955 0.4423, -0.3684 -0.9589 0.4429, -0.3671 -0.9548 0.4435, -0.3671 -0.9587 0.444, -0.3662 -0.9546 0.4447, -0.3662 -0.9585 0.4452, -0.3656 -0.9544 0.4461, -0.3656 -0.9583 0.4467, -0.3654 -0.9542 0.448, -0.3654 -0.9581 0.4485, -0.3656 -0.9539 0.4497, -0.3656 -0.9578 0.4503, -0.3661 -0.9537 0.4511, -0.3661 -0.9576 0.4516, -0.367 -0.9536 0.4523, -0.367 -0.9575 0.4529, -0.3681 -0.9534 0.4533, -0.3681 -0.9573 0.4539, -0.3712 -0.9532 0.455, -0.3712 -0.9571 0.4556, -0.373 -0.9531 0.4557, -0.373 -0.957 0.4563, -0.3758 -0.9529 0.457, -0.3758 -0.9568 0.4575, -0.3775 -0.9528 0.458, -0.3775 -0.9567 0.4585, -0.3779 -0.9527 0.4585, -0.3779 -0.9566 0.459, -0.3783 -0.9526 0.4591, -0.3783 -0.9565 0.4596, -0.3785 -0.9525 0.4598, -0.3785 -0.9564 0.4604, -0.3785 -0.9524 0.4604, -0.3785 -0.9563 0.461, -0.3784 -0.9523 0.4611, -0.3784 -0.9562 0.4617, -0.3782 -0.9522 0.4618, -0.3782 -0.9561 0.4623, -0.3778 -0.9522 0.4624, -0.3778 -0.9561 0.4629, -0.3771 -0.9521 0.463, -0.3771 -0.956 0.4635, -0.376 -0.952 0.4635, -0.376 -0.9559 0.4641, -0.3748 -0.9519 0.4638, -0.3748 -0.9558 0.4644, -0.3734 -0.9519 0.4639, -0.3734 -0.9558 0.4645, -0.3704 -0.952 0.4636, -0.3704 -0.9559 0.4641, -0.3678 -0.9521 0.4626, -0.3678 -0.956 0.4632, -0.3667 -0.9522 0.462, -0.3667 -0.9561 0.4626, -0.3667 -0.9555 0.4671, -0.3667 -0.9516 0.4665, -0.3702 -0.9514 0.4675, -0.3702 -0.9553 0.468, -0.373 -0.9514 0.4677, -0.373 -0.9553 0.4682, -0.3767 -0.9515 0.4672, -0.3767 -0.9554 0.4678, -0.3792 -0.9516 0.4663, -0.3792 -0.9555 0.4668, -0.3803 -0.9517 0.4656, -0.3803 -0.9556 0.4661, -0.3812 -0.9518 0.4648, -0.3817 -0.9558 0.4649, -0.3817 -0.9519 0.4644, -0.3825 -0.952 0.4631, -0.3825 -0.9559 0.4637, -0.3831 -0.9523 0.4616, -0.3831 -0.9561 0.4622, -0.3833 -0.9525 0.46, -0.3833 -0.9564 0.4606, -0.3831 -0.9527 0.4582, -0.3831 -0.9566 0.4588, -0.3826 -0.9529 0.4568, -0.3826 -0.9568 0.4574, -0.382 -0.9531 0.4559, -0.382 -0.957 0.4564, -0.3762 -0.9536 0.4524, -0.3762 -0.9575 0.4529, -0.379 -0.9573 0.4542, -0.3812 -0.9532 0.4551, -0.3812 -0.9571 0.4556, -0.3812 -0.9532 0.455, -0.379 -0.9534 0.4536, -0.3732 -0.9537 0.4511, -0.3732 -0.9576 0.4517, -0.3714 -0.9539 0.45, -0.3714 -0.9578 0.4506, -0.3708 -0.954 0.4494, -0.3708 -0.9579 0.45, -0.3704 -0.9541 0.4488, -0.3704 -0.958 0.4494, -0.3702 -0.9542 0.4481, -0.3702 -0.9581 0.4487, -0.3702 -0.9542 0.4475, -0.3702 -0.9581 0.4481, -0.3703 -0.9544 0.4467, -0.3703 -0.9583 0.4472, -0.3705 -0.9544 0.446, -0.3705 -0.9583 0.4466, -0.3709 -0.9545 0.4454, -0.3709 -0.9584 0.446, -0.3715 -0.9546 0.4449, -0.3715 -0.9585 0.4455, -0.3719 -0.9546 0.4447, -0.3719 -0.9585 0.4452, -0.3731 -0.9547 0.4443, -0.3731 -0.9586 0.4448, -0.3755 -0.9547 0.444, -0.3755 -0.9586 0.4445, -0.3424 -0.9554 0.4676, -0.3376 -0.9554 0.4676, -0.3424 -0.9515 0.4671, -0.3376 -0.9515 0.4671, -0.3496 -0.9582 0.4479, -0.3496 -0.9543 0.4473, -0.35 -0.9544 0.4461, -0.35 -0.9583 0.4467, -0.3502 -0.9546 0.4452, -0.3502 -0.9585 0.4458, -0.3503 -0.9585 0.4458, -0.3503 -0.9546 0.4452, -0.3509 -0.9582 0.4479, -0.3509 -0.9543 0.4474, -0.3578 -0.9554 0.4676, -0.3556 -0.9524 0.4607, -0.3578 -0.9515 0.4671, -0.363 -0.9554 0.4676, -0.363 -0.9515 0.4671, -0.3526 -0.9591 0.4415, -0.3556 -0.9541 0.4484, -0.3526 -0.9552 0.4409, -0.3547 -0.9558 0.4362, -0.3547 -0.9597 0.4367, -0.3528 -0.9552 0.4406, -0.3556 -0.9561 0.4345, -0.3556 -0.96 0.435, -0.3556 -0.9561 0.4345, -0.3564 -0.9601 0.4341, -0.3564 -0.9562 0.4335, -0.3573 -0.9563 0.433, -0.3573 -0.9602 0.4335, -0.3583 -0.9563 0.4326, -0.3583 -0.9602 0.4331, -0.3594 -0.9564 0.4325, -0.3594 -0.9603 0.433, -0.3611 -0.9563 0.4327, -0.3611 -0.9602 0.4332, -0.3621 -0.9563 0.433, -0.3621 -0.9602 0.4335, -0.3621 -0.9608 0.4294, -0.3621 -0.9569 0.4289, -0.3601 -0.9569 0.4285, -0.3601 -0.9608 0.4291, -0.3591 -0.9569 0.4285, -0.3591 -0.9608 0.4291, -0.3572 -0.9569 0.4287, -0.3572 -0.9608 0.4293, -0.3556 -0.9568 0.4293, -0.3554 -0.9607 0.43, -0.3554 -0.9568 0.4294, -0.3537 -0.9566 0.4305, -0.3537 -0.9605 0.4311, -0.3534 -0.9566 0.4308, -0.3534 -0.9605 0.4314, -0.3517 -0.9563 0.4328, -0.3517 -0.9602 0.4334, -0.3496 -0.9557 0.4369, -0.3496 -0.9596 0.4374, -0.3482 -0.9552 0.4406, -0.3127 -0.9585 0.4456, -0.3127 -0.9591 0.4414, -0.3127 -0.9546 0.445, -0.3127 -0.9552 0.4409, -0.3278 -0.9585 0.4456, -0.3209 -0.9546 0.445, -0.3278 -0.9546 0.445, -0.3278 -0.9567 0.4579, -0.3278 -0.9528 0.4574, -0.3146 -0.9567 0.4579, -0.3209 -0.9528 0.4574, -0.3146 -0.9528 0.4574, -0.3146 -0.9562 0.4621, -0.3146 -0.9523 0.4616, -0.3278 -0.9523 0.4616, -0.3278 -0.9562 0.4621, -0.3209 -0.9523 0.4616, -0.3278 -0.9545 0.4739, -0.3278 -0.9506 0.4733, -0.3135 -0.9506 0.4733, -0.3135 -0.9545 0.4739, -0.3209 -0.9506 0.4733, -0.3135 -0.9539 0.4781, -0.3135 -0.95 0.4776, -0.3326 -0.95 0.4776, -0.3326 -0.9539 0.4781, -0.3209 -0.95 0.4776, -0.3326 -0.9591 0.4414, -0.3326 -0.9552 0.4409, -0.3209 -0.9552 0.4409, -0.2806 -0.9567 0.458, -0.2756 -0.9568 0.4576, -0.2805 -0.9564 0.4601, -0.2755 -0.9564 0.4602, -0.281 -0.9558 0.4644, -0.2759 -0.9558 0.4647, -0.282 -0.9555 0.4671, -0.2772 -0.9553 0.4683, -0.2834 -0.9552 0.4692, -0.2794 -0.9548 0.4716, -0.2846 -0.955 0.4704, -0.2811 -0.9546 0.4733, -0.2874 -0.9547 0.4723, -0.2845 -0.9543 0.4756, -0.2907 -0.9546 0.4734, -0.2889 -0.954 0.4774, -0.2953 -0.9545 0.4739, -0.2951 -0.9539 0.4781, -0.3009 -0.9545 0.4739, -0.3057 -0.9539 0.4781, -0.3009 -0.9585 0.4456, -0.3057 -0.9591 0.4414, -0.2955 -0.9585 0.4456, -0.2955 -0.9591 0.4414, -0.291 -0.9584 0.4461, -0.2892 -0.959 0.4421, -0.2877 -0.9583 0.4471, -0.285 -0.9587 0.4438, -0.2853 -0.958 0.4487, -0.2814 -0.9584 0.4462, -0.2845 -0.9579 0.4494, -0.2811 -0.9583 0.4466, -0.2825 -0.9576 0.4518, -0.2785 -0.9579 0.4496, -0.2813 -0.9572 0.4546, -0.2766 -0.9574 0.4533, -0.2955 -0.9552 0.4409, -0.3057 -0.9552 0.4409, -0.2892 -0.9551 0.4416, -0.285 -0.9548 0.4432, -0.2814 -0.9545 0.4457, -0.2811 -0.9544 0.446, -0.2785 -0.954 0.449, -0.2766 -0.9535 0.4528, -0.2756 -0.9529 0.457, -0.2755 -0.9525 0.4597, -0.2759 -0.9519 0.4641, -0.2772 -0.9514 0.4677, -0.2794 -0.9509 0.471, -0.2811 -0.9507 0.4727, -0.2845 -0.9504 0.4751, -0.2889 -0.9501 0.4768, -0.2951 -0.95 0.4776, -0.3057 -0.95 0.4776, -0.2953 -0.9506 0.4733, -0.3009 -0.9506 0.4733, -0.3009 -0.9546 0.445, -0.2955 -0.9546 0.445, -0.2845 -0.954 0.4489, -0.2853 -0.9541 0.4482, -0.2877 -0.9544 0.4466, -0.291 -0.9545 0.4455, -0.2805 -0.9525 0.4596, -0.2806 -0.9528 0.4575, -0.2813 -0.9533 0.454, -0.2825 -0.9537 0.4513, -0.2846 -0.9511 0.4699, -0.2834 -0.9513 0.4687, -0.282 -0.9516 0.4666, -0.281 -0.9519 0.4638, -0.2907 -0.9507 0.4729, -0.2874 -0.9508 0.4717
            ]
        }
        coordIndex [
            0,1,2,-1,3,4,5,-1,3,5,6,-1,6,5,7,-1,6,7,2,-1,2,7,8,-1,2,8,0,-1,9,1,10,-1,10,1,0,-1,10,11,9,-1,9,11,12,-1,13,14,15,-1,15,14,12,-1,15,12,16,-1,16,12,11,-1,13,17,14,-1,14,17,18,-1,17,19,18,-1,18,19,20,-1,18,20,21,-1,21,20,22,-1,21,22,23,-1,23,22,24,-1,23,24,25,-1,25,24,26,-1,25,26,27,-1,27,26,28,-1,27,28,29,-1,29,28,30,-1,29,30,31,-1,31,30,32,-1,31,32,33,-1,33,32,34,-1,33,34,35,-1,35,34,36,-1,35,36,37,-1,37,36,38,-1,37,38,39,-1,39,38,40,-1,39,40,41,-1,41,40,42,-1,41,42,43,-1,43,42,44,-1,43,44,45,-1,45,44,46,-1,45,46,47,-1,47,46,48,-1,47,48,49,-1,49,48,50,-1,49,50,51,-1,51,50,52,-1,51,52,53,-1,53,52,54,-1,53,54,55,-1,55,54,56,-1,55,56,57,-1,57,56,58,-1,57,58,59,-1,59,58,60,-1,59,60,61,-1,61,60,62,-1,61,62,63,-1,63,62,64,-1,63,64,65,-1,65,64,66,-1,65,66,67,-1,67,66,68,-1,67,68,69,-1,69,68,70,-1,69,70,71,-1,71,70,72,-1,71,72,73,-1,73,72,74,-1,73,74,75,-1,76,75,77,-1,77,75,74,-1,76,77,78,-1,76,78,79,-1,79,78,80,-1,79,80,81,-1,81,80,82,-1,81,82,83,-1,83,82,84,-1,83,84,85,-1,85,84,86,-1,85,86,87,-1,86,88,87,-1,87,88,89,-1,88,90,89,-1,89,90,91,-1,89,91,92,-1,92,91,93,-1,92,93,94,-1,94,93,95,-1,94,95,96,-1,96,95,97,-1,96,97,98,-1,98,97,99,-1,98,99,100,-1,100,99,101,-1,100,101,102,-1,103,104,105,-1,102,101,106,-1,102,106,107,-1,107,106,108,-1,107,108,105,-1,105,108,109,-1,105,109,103,-1,104,103,110,-1,104,110,111,-1,111,110,112,-1,111,112,113,-1,113,112,114,-1,113,114,115,-1,115,114,116,-1,115,116,117,-1,117,116,118,-1,117,118,119,-1,119,118,120,-1,119,120,121,-1,121,120,122,-1,121,122,123,-1,123,122,124,-1,123,124,125,-1,125,124,126,-1,125,126,127,-1,127,126,128,-1,127,128,129,-1,129,128,130,-1,129,130,131,-1,131,130,132,-1,131,132,133,-1,133,132,134,-1,133,134,135,-1,135,134,4,-1,135,4,3,-1,61,63,85,-1,85,63,83,-1,111,43,104,-1,104,43,45,-1,21,23,127,-1,127,23,25,-1,127,25,125,-1,125,25,27,-1,125,27,123,-1,123,27,29,-1,123,29,121,-1,121,29,31,-1,121,31,119,-1,119,31,33,-1,119,33,117,-1,117,33,35,-1,117,35,115,-1,115,35,37,-1,115,37,113,-1,113,37,39,-1,113,39,111,-1,111,39,41,-1,111,41,43,-1,14,3,12,-1,12,3,6,-1,12,6,9,-1,9,6,2,-1,9,2,1,-1,63,65,83,-1,83,65,67,-1,83,67,81,-1,81,67,69,-1,81,69,79,-1,79,69,71,-1,79,71,76,-1,76,71,73,-1,76,73,75,-1,127,129,21,-1,21,129,131,-1,21,131,18,-1,18,131,133,-1,18,133,14,-1,14,133,135,-1,14,135,3,-1,85,87,61,-1,61,87,89,-1,61,89,59,-1,59,89,92,-1,59,92,57,-1,57,92,94,-1,57,94,55,-1,55,94,96,-1,55,96,53,-1,53,96,98,-1,53,98,51,-1,51,98,100,-1,51,100,49,-1,49,100,102,-1,49,102,47,-1,47,102,107,-1,47,107,45,-1,45,107,105,-1,45,105,104,-1,136,137,138,-1,138,137,139,-1,140,136,141,-1,141,136,138,-1,140,141,142,-1,140,142,143,-1,143,142,144,-1,143,144,145,-1,146,145,147,-1,147,145,144,-1,148,146,149,-1,149,146,147,-1,148,149,150,-1,150,149,151,-1,150,151,152,-1,153,150,154,-1,154,150,152,-1,153,154,155,-1,155,154,156,-1,155,156,157,-1,158,159,160,-1,160,159,155,-1,160,155,157,-1,159,158,161,-1,159,161,162,-1,162,161,163,-1,162,163,164,-1,163,165,164,-1,164,165,166,-1,164,166,167,-1,167,166,168,-1,167,168,169,-1,169,168,170,-1,169,170,171,-1,171,170,172,-1,171,172,173,-1,173,172,174,-1,173,174,175,-1,176,175,177,-1,177,175,174,-1,176,177,178,-1,176,178,179,-1,179,178,180,-1,179,180,181,-1,181,180,182,-1,181,182,183,-1,183,182,184,-1,183,184,185,-1,184,186,185,-1,185,186,187,-1,185,187,188,-1,188,187,189,-1,188,189,190,-1,190,189,191,-1,190,191,192,-1,192,191,193,-1,192,193,194,-1,139,137,195,-1,195,137,194,-1,195,194,193,-1,143,145,194,-1,137,136,194,-1,194,136,140,-1,194,140,143,-1,150,153,148,-1,148,153,155,-1,148,155,146,-1,192,162,190,-1,190,162,164,-1,175,176,173,-1,173,176,179,-1,173,179,171,-1,171,179,181,-1,171,181,169,-1,169,181,183,-1,169,183,167,-1,167,183,185,-1,167,185,164,-1,164,185,188,-1,164,188,190,-1,145,146,194,-1,194,146,155,-1,194,155,192,-1,192,155,159,-1,192,159,162,-1,196,197,198,-1,198,197,199,-1,196,198,200,-1,200,198,201,-1,200,201,202,-1,203,200,204,-1,204,200,202,-1,203,204,205,-1,205,204,206,-1,205,206,207,-1,208,205,209,-1,209,205,207,-1,210,211,212,-1,212,211,208,-1,212,208,209,-1,213,211,214,-1,214,211,210,-1,215,216,217,-1,217,216,213,-1,217,213,214,-1,218,216,219,-1,219,216,215,-1,220,221,222,-1,222,221,218,-1,222,218,219,-1,223,221,224,-1,224,221,220,-1,223,224,197,-1,197,224,225,-1,197,225,199,-1,223,197,196,-1,196,200,223,-1,223,200,203,-1,223,203,221,-1,216,218,213,-1,213,218,221,-1,213,221,211,-1,211,221,203,-1,211,203,208,-1,208,203,205,-1,226,227,228,-1,228,227,229,-1,228,229,230,-1,230,229,231,-1,230,231,232,-1,232,231,233,-1,232,233,234,-1,234,233,235,-1,234,235,236,-1,236,235,237,-1,236,237,238,-1,238,237,239,-1,238,239,240,-1,240,239,241,-1,240,241,242,-1,242,241,243,-1,242,243,244,-1,244,243,245,-1,244,245,246,-1,246,245,247,-1,246,247,248,-1,248,247,249,-1,248,249,250,-1,250,249,251,-1,250,251,252,-1,252,251,253,-1,252,253,254,-1,254,253,255,-1,254,255,256,-1,256,255,257,-1,256,257,258,-1,258,257,259,-1,258,259,260,-1,260,259,261,-1,260,261,226,-1,226,261,227,-1,249,247,262,-1,262,247,263,-1,249,262,264,-1,249,264,251,-1,251,264,265,-1,251,265,253,-1,253,265,266,-1,253,266,255,-1,255,266,267,-1,255,267,257,-1,257,267,268,-1,257,268,259,-1,259,268,269,-1,259,269,261,-1,261,269,270,-1,261,270,227,-1,227,270,271,-1,227,271,229,-1,229,271,272,-1,229,272,231,-1,231,272,273,-1,231,273,233,-1,233,273,274,-1,233,274,235,-1,235,274,275,-1,235,275,237,-1,237,275,276,-1,237,276,239,-1,239,276,277,-1,239,277,241,-1,241,277,278,-1,241,278,243,-1,245,243,279,-1,279,243,278,-1,247,245,263,-1,263,245,279,-1,242,244,280,-1,280,244,281,-1,244,246,281,-1,281,246,282,-1,246,248,282,-1,282,248,283,-1,256,284,285,-1,256,285,254,-1,254,285,286,-1,254,286,252,-1,252,286,287,-1,252,287,250,-1,250,287,283,-1,250,283,248,-1,228,288,289,-1,228,289,226,-1,226,289,290,-1,226,290,260,-1,260,290,291,-1,260,291,258,-1,258,291,284,-1,258,284,256,-1,236,292,293,-1,236,293,234,-1,234,293,294,-1,234,294,232,-1,232,294,295,-1,232,295,230,-1,230,295,288,-1,230,288,228,-1,242,280,296,-1,242,296,240,-1,240,296,297,-1,240,297,238,-1,238,297,292,-1,238,292,236,-1,
        ]
    }
}
Shape{
    appearance Appearance {
        material  Material 	{
            diffuseColor 0.25098039215686274 0.25098039215686274 0.25098039215686274
            specularColor 0.12549019607843137 0.12549019607843137 0.12549019607843137
            ambientIntensity 0.251
            transparency 0.0
            shininess 0.5
        }
    }
    geometry IndexedFaceSet {
        ccw TRUE
        solid FALSE
        coord DEF co Coordinate {
            point [
                -0.3009 -0.9506 0.4733, -0.3009 -0.9546 0.445, -0.2953 -0.9506 0.4733, -0.2955 -0.9546 0.445, -0.291 -0.9545 0.4455, -0.2877 -0.9544 0.4466, -0.2853 -0.9541 0.4482, -0.2845 -0.954 0.4489, -0.2825 -0.9537 0.4513, -0.2813 -0.9533 0.454, -0.2806 -0.9528 0.4575, -0.2805 -0.9525 0.4596, -0.281 -0.9519 0.4638, -0.282 -0.9516 0.4666, -0.2834 -0.9513 0.4687, -0.2846 -0.9511 0.4699, -0.2907 -0.9507 0.4729, -0.2874 -0.9508 0.4717
            ]
        }
        coordIndex [
            0,1,2,-1,2,1,3,-1,2,3,4,-1,4,5,2,-1,2,5,6,-1,2,6,7,-1,7,8,2,-1,2,8,9,-1,2,9,10,-1,10,11,2,-1,2,11,12,-1,2,12,13,-1,13,14,2,-1,2,14,15,-1,2,15,16,-1,16,15,17,-1,
        ]
    }
}
Shape{
    appearance Appearance {
        material  Material 	{
            diffuseColor 1.0 1.0 1.0
            specularColor 0.5019607843137255 0.5019607843137255 0.5019607843137255
            ambientIntensity 1.0
            transparency 0.0
            shininess 0.5
        }
    }
    geometry IndexedFaceSet {
        ccw TRUE
        solid FALSE
        coord DEF co Coordinate {
            point [
                -0.2631 -0.9571 0.4556, -0.2646 -0.9577 0.4514, -0.2506 -0.9571 0.4556, -0.2491 -0.9577 0.4514, -0.2575 -0.9549 0.4709, -0.2593 -0.9539 0.4781, -0.2734 -0.9591 0.4414, -0.2681 -0.9591 0.4414, -0.2572 -0.9548 0.4719, -0.2569 -0.9546 0.4734, -0.2542 -0.9539 0.4781, -0.2568 -0.9546 0.4734, -0.2565 -0.9548 0.4719, -0.2562 -0.9549 0.4709, -0.2401 -0.9591 0.4414, -0.2454 -0.9591 0.4414, -0.2542 -0.95 0.4776, -0.2401 -0.9552 0.4409, -0.2593 -0.95 0.4776, -0.2734 -0.9552 0.4409, -0.2681 -0.9552 0.4409, -0.2646 -0.9538 0.4509, -0.2491 -0.9538 0.4509, -0.2454 -0.9552 0.4409, -0.2631 -0.9532 0.455, -0.2506 -0.9532 0.455, -0.2562 -0.951 0.4703, -0.2568 -0.9507 0.4729, -0.2565 -0.9509 0.4713, -0.2569 -0.9507 0.4729, -0.2575 -0.951 0.4703, -0.2572 -0.9509 0.4714
            ]
        }
        coordIndex [
            0,1,2,-1,2,1,3,-1,4,5,0,-1,0,5,6,-1,0,6,1,-1,1,6,7,-1,4,8,5,-1,5,8,9,-1,5,9,10,-1,10,9,11,-1,10,11,12,-1,12,13,10,-1,10,13,2,-1,10,2,14,-1,14,2,3,-1,14,3,15,-1,10,14,16,-1,16,14,17,-1,5,10,18,-1,18,10,16,-1,6,5,19,-1,19,5,18,-1,7,6,20,-1,20,6,19,-1,1,7,21,-1,21,7,20,-1,3,1,22,-1,22,1,21,-1,15,3,23,-1,23,3,22,-1,14,15,17,-1,17,15,23,-1,0,2,24,-1,24,2,25,-1,2,13,25,-1,25,13,26,-1,11,27,28,-1,11,28,12,-1,12,28,26,-1,12,26,13,-1,11,9,27,-1,27,9,29,-1,4,30,31,-1,4,31,8,-1,8,31,29,-1,8,29,9,-1,4,0,30,-1,30,0,24,-1,
        ]
    }
}
Shape{
    appearance Appearance {
        material  Material 	{
            diffuseColor 0.25098039215686274 0.25098039215686274 0.25098039215686274
            specularColor 0.12549019607843137 0.12549019607843137 0.12549019607843137
            ambientIntensity 0.251
            transparency 0.0
            shininess 0.5
        }
    }
    geometry IndexedFaceSet {
        ccw TRUE
        solid FALSE
        coord DEF co Coordinate {
            point [
                -0.2568 -0.9507 0.4729, -0.2569 -0.9507 0.4729, -0.2565 -0.9509 0.4713, -0.2572 -0.9509 0.4714, -0.2562 -0.951 0.4703, -0.2575 -0.951 0.4703, -0.2506 -0.9532 0.455, -0.2631 -0.9532 0.455
            ]
        }
        coordIndex [
            0,1,2,-1,2,1,3,-1,2,3,4,-1,4,3,5,-1,4,5,6,-1,6,5,7,-1,
        ]
    }
}
Shape{
    appearance Appearance {
        material  Material 	{
            diffuseColor 1.0 1.0 1.0
            specularColor 0.5019607843137255 0.5019607843137255 0.5019607843137255
            ambientIntensity 1.0
            transparency 0.0
            shininess 0.5
        }
    }
    geometry IndexedFaceSet {
        ccw TRUE
        solid FALSE
        coord DEF co Coordinate {
            point [
                -0.606 -0.9502 0.5046, -0.6001 -0.9498 0.5077, -0.6015 -0.9475 0.5238, -0.555 -0.96 0.4351, -0.5519 -0.9591 0.4409, -0.5504 -0.9582 0.4474, -0.585 -0.9474 0.5245, -0.5768 -0.9501 0.5055, -0.5728 -0.9489 0.5138, -0.5866 -0.9583 0.4467, -0.5871 -0.958 0.4491, -0.6013 -0.9566 0.4593, -0.6016 -0.959 0.4418, -0.605 -0.9589 0.4428, -0.6071 -0.9561 0.4628, -0.5911 -0.9473 0.5251, -0.5133 -0.9548 0.4721, -0.5215 -0.9528 0.4859, -0.5502 -0.9575 0.4528, -0.5568 -0.9554 0.4676, -0.5502 -0.9578 0.4502, -0.5643 -0.9611 0.4271, -0.559 -0.9606 0.4307, -0.5856 -0.9586 0.4445, -0.595 -0.9605 0.4314, -0.599 -0.9598 0.4362, -0.5796 -0.9465 0.5308, -0.5669 -0.9479 0.5207, -0.5734 -0.9458 0.536, -0.5598 -0.9472 0.5258, -0.567 -0.9452 0.54, -0.5936 -0.9495 0.5093, -0.5908 -0.9495 0.5094, -0.588 -0.9473 0.5249, -0.5846 -0.9496 0.5086, -0.5787 -0.9499 0.5065, -0.5685 -0.9587 0.444, -0.5699 -0.9589 0.4424, -0.5719 -0.9591 0.441, -0.5702 -0.9614 0.4248, -0.5742 -0.9593 0.4401, -0.5766 -0.9615 0.4241, -0.5768 -0.9593 0.4397, -0.5776 -0.9615 0.4241, -0.5773 -0.9593 0.4397, -0.5838 -0.9614 0.425, -0.5796 -0.9593 0.4401, -0.5899 -0.961 0.4276, -0.582 -0.9591 0.4411, -0.584 -0.9589 0.4427, -0.5672 -0.9574 0.4535, -0.5666 -0.9577 0.4511, -0.5666 -0.958 0.4487, -0.5673 -0.9584 0.4462, -0.4754 -0.9574 0.453, -0.4876 -0.956 0.4634, -0.4825 -0.9583 0.447, -0.4915 -0.9564 0.4603, -0.4906 -0.9588 0.4431, -0.4962 -0.9567 0.4581, -0.4993 -0.9591 0.4413, -0.5009 -0.9569 0.4572, -0.5149 -0.9591 0.4413, -0.5128 -0.9569 0.4572, -0.5164 -0.9591 0.4415, -0.587 -0.9576 0.4517, -0.5862 -0.9573 0.4541, -0.5984 -0.9558 0.4649, -0.5848 -0.957 0.4563, -0.5941 -0.9551 0.4698, -0.5838 -0.9568 0.4574, -0.5887 -0.9546 0.4735, -0.5817 -0.9566 0.4588, -0.5829 -0.9542 0.4757, -0.5794 -0.9565 0.4597, -0.5766 -0.9541 0.4765, -0.5768 -0.9564 0.4601, -0.5734 -0.9542 0.4763, -0.5746 -0.9565 0.4598, -0.567 -0.9544 0.4748, -0.5722 -0.9566 0.459, -0.5614 -0.9548 0.4718, -0.5701 -0.9568 0.4576, -0.5684 -0.9571 0.4557, -0.5046 -0.9511 0.4979, -0.5025 -0.9511 0.4979, -0.4917 -0.9491 0.512, -0.4982 -0.9512 0.4975, -0.4904 -0.9492 0.5116, -0.4936 -0.9514 0.4959, -0.4826 -0.9497 0.5077, -0.4894 -0.9518 0.4932, -0.4754 -0.9506 0.5018, -0.4859 -0.9523 0.4895, -0.47 -0.9516 0.4943, -0.4834 -0.9529 0.4851, -0.4668 -0.9528 0.4864, -0.4821 -0.9536 0.4801, -0.4656 -0.954 0.4778, -0.482 -0.954 0.4776, -0.4668 -0.9553 0.4685, -0.4826 -0.9547 0.4725, -0.4701 -0.9564 0.4603, -0.4844 -0.9554 0.4678, -0.4873 -0.9559 0.4637, -0.5059 -0.9463 0.5326, -0.5163 -0.9479 0.5207, -0.4972 -0.9477 0.5226, -0.5103 -0.9489 0.5136, -0.5062 -0.9501 0.5052, -0.6164 -0.9523 0.4896, -0.6337 -0.9529 0.4853, -0.6172 -0.9532 0.4833, -0.6338 -0.9533 0.4828, -0.6168 -0.9538 0.4792, -0.6325 -0.9547 0.4725, -0.6149 -0.9547 0.4728, -0.6287 -0.9561 0.4628, -0.6118 -0.9554 0.4676, -0.6227 -0.9573 0.4543, -0.6145 -0.9582 0.4474, -0.5548 -0.9446 0.5446, -0.5512 -0.9467 0.5293, -0.5418 -0.9443 0.5462, -0.5415 -0.9465 0.5305, -0.5309 -0.9445 0.5451, -0.5326 -0.9467 0.5294, -0.5177 -0.9452 0.5405, -0.5243 -0.9471 0.5263, -0.5169 -0.9479 0.5212, -0.6112 -0.948 0.52, -0.6196 -0.9488 0.5142, -0.6104 -0.9507 0.5007, -0.6214 -0.9491 0.5125, -0.6141 -0.9515 0.4955, -0.6277 -0.9502 0.5045, -0.6319 -0.9515 0.4951, -0.5141 -0.9568 0.4574, -0.5204 -0.9587 0.444, -0.5198 -0.9588 0.4434, -0.5133 -0.9568 0.4573, -0.5181 -0.959 0.4422, -0.5225 -0.958 0.4494, -0.5223 -0.9582 0.4474, -0.5216 -0.9585 0.4457, -0.5164 -0.9569 0.4572, -0.5182 -0.957 0.4565, -0.5225 -0.9578 0.4504, -0.5198 -0.9571 0.4554, -0.5209 -0.9573 0.4542, -0.5219 -0.9575 0.4524, -0.5144 -0.9568 0.4575, -0.4656 -0.9501 0.4773, -0.4668 -0.9489 0.4858, -0.4677 -0.9485 0.488, -0.47 -0.9477 0.4938, -0.4754 -0.9467 0.5012, -0.4826 -0.9459 0.5072, -0.4904 -0.9453 0.511, -0.4917 -0.9453 0.5115, -0.4972 -0.9438 0.5221, -0.5059 -0.9424 0.5321, -0.512 -0.9418 0.5361, -0.5177 -0.9413 0.5399, -0.5309 -0.9406 0.5445, -0.5418 -0.9404 0.5457, -0.5734 -0.9419 0.5355, -0.5724 -0.9418 0.5361, -0.567 -0.9413 0.5394, -0.5548 -0.9407 0.5441, -0.5796 -0.9426 0.5302, -0.585 -0.9435 0.524, -0.588 -0.9434 0.5243, -0.5911 -0.9434 0.5245, -0.6015 -0.9436 0.5232, -0.6112 -0.9441 0.5195, -0.6196 -0.9449 0.5136, -0.6214 -0.9452 0.512, -0.6319 -0.9476 0.4945, -0.6277 -0.9463 0.5039, -0.6331 -0.9485 0.488, -0.6337 -0.949 0.4847, -0.6338 -0.9494 0.4822, -0.6325 -0.9508 0.472, -0.6287 -0.9522 0.4623, -0.6227 -0.9534 0.4538, -0.6145 -0.9543 0.4468, -0.605 -0.955 0.4422, -0.6016 -0.9551 0.4413, -0.6013 -0.9552 0.4406, -0.599 -0.9559 0.4356, -0.595 -0.9566 0.4309, -0.5899 -0.9571 0.427, -0.5875 -0.9573 0.426, -0.5838 -0.9575 0.4245, -0.5776 -0.9576 0.4235, -0.5766 -0.9576 0.4235, -0.5502 -0.9539 0.4496, -0.5702 -0.9575 0.4243, -0.5657 -0.9573 0.426, -0.5643 -0.9572 0.4265, -0.559 -0.9567 0.4302, -0.555 -0.9561 0.4346, -0.5519 -0.9552 0.4404, -0.5519 -0.9552 0.4406, -0.5504 -0.9543 0.4468, -0.5502 -0.9536 0.4522, -0.5133 -0.9509 0.4715, -0.5215 -0.9489 0.4854, -0.5568 -0.9515 0.4671, -0.5614 -0.9509 0.4713, -0.567 -0.9505 0.4742, -0.5734 -0.9503 0.4758, -0.5766 -0.9502 0.476, -0.5829 -0.9503 0.4752, -0.5887 -0.9507 0.473, -0.5941 -0.9512 0.4693, -0.5984 -0.9519 0.4643, -0.6013 -0.9527 0.4587, -0.6071 -0.9522 0.4623, -0.6118 -0.9515 0.4671, -0.6149 -0.9508 0.4723, -0.6168 -0.9499 0.4787, -0.6172 -0.9493 0.4828, -0.6165 -0.9485 0.488, -0.6164 -0.9484 0.4891, -0.6141 -0.9476 0.4949, -0.6104 -0.9468 0.5001, -0.606 -0.9463 0.5041, -0.6001 -0.9459 0.5072, -0.5936 -0.9456 0.5087, -0.5908 -0.9456 0.5089, -0.5846 -0.9457 0.5081, -0.5787 -0.946 0.5059, -0.5768 -0.9462 0.5049, -0.5728 -0.945 0.5132, -0.5669 -0.944 0.5202, -0.5598 -0.9433 0.5253, -0.5512 -0.9428 0.5288, -0.5415 -0.9426 0.53, -0.5326 -0.9428 0.5289, -0.5243 -0.9432 0.5258, -0.5169 -0.944 0.5207, -0.5163 -0.944 0.5201, -0.5103 -0.945 0.5131, -0.5062 -0.9462 0.5047, -0.5046 -0.9472 0.4974, -0.5025 -0.9472 0.4974, -0.4982 -0.9473 0.4969, -0.4936 -0.9475 0.4953, -0.4894 -0.9479 0.4927, -0.4859 -0.9484 0.489, -0.4854 -0.9485 0.488, -0.4834 -0.949 0.4845, -0.4821 -0.9497 0.4795, -0.482 -0.9501 0.477, -0.4826 -0.9508 0.4719, -0.4844 -0.9515 0.4673, -0.4873 -0.952 0.4632, -0.4876 -0.9521 0.4629, -0.4915 -0.9525 0.4597, -0.4962 -0.9528 0.4576, -0.5009 -0.953 0.4567, -0.5128 -0.953 0.4567, -0.5133 -0.9529 0.4567, -0.5141 -0.9529 0.4569, -0.5144 -0.9529 0.4569, -0.5164 -0.953 0.4567, -0.5182 -0.9531 0.4559, -0.5198 -0.9532 0.4548, -0.5209 -0.9534 0.4536, -0.5219 -0.9536 0.4518, -0.5225 -0.9539 0.4499, -0.5225 -0.9541 0.4488, -0.5223 -0.9543 0.4469, -0.5216 -0.9546 0.4451, -0.5204 -0.9548 0.4435, -0.5198 -0.9549 0.4429, -0.5181 -0.9551 0.4417, -0.5164 -0.9552 0.441, -0.5149 -0.9552 0.4407, -0.4993 -0.9552 0.4407, -0.4906 -0.9549 0.4426, -0.4825 -0.9544 0.4465, -0.4754 -0.9535 0.4525, -0.4701 -0.9525 0.4597, -0.4668 -0.9514 0.468, -0.5768 -0.9525 0.4595, -0.5746 -0.9526 0.4593, -0.5722 -0.9527 0.4584, -0.5701 -0.9529 0.457, -0.5684 -0.9532 0.4551, -0.5672 -0.9535 0.453, -0.5666 -0.9538 0.4506, -0.5666 -0.9541 0.4482, -0.5673 -0.9545 0.4457, -0.5685 -0.9548 0.4434, -0.5699 -0.955 0.4418, -0.5719 -0.9552 0.4404, -0.5742 -0.9554 0.4395, -0.5768 -0.9554 0.4392, -0.5773 -0.9554 0.4392, -0.5796 -0.9554 0.4396, -0.582 -0.9552 0.4406, -0.584 -0.955 0.4421, -0.5856 -0.9547 0.444, -0.5866 -0.9544 0.4461, -0.5871 -0.9541 0.4486, -0.587 -0.9537 0.4511, -0.5862 -0.9534 0.4536, -0.5848 -0.9531 0.4558, -0.5838 -0.9529 0.4568, -0.5817 -0.9527 0.4583, -0.5794 -0.9526 0.4592
            ]
        }
        coordIndex [
            0,1,2,-1,3,4,5,-1,6,7,8,-1,9,10,11,-1,12,11,13,-1,13,11,14,-1,2,1,15,-1,16,17,18,-1,18,17,19,-1,18,19,20,-1,20,19,21,-1,20,21,5,-1,5,21,22,-1,5,22,3,-1,23,9,24,-1,24,9,11,-1,24,11,25,-1,25,11,12,-1,6,8,26,-1,26,8,27,-1,26,27,28,-1,28,27,29,-1,28,29,30,-1,1,31,15,-1,15,31,32,-1,15,32,33,-1,33,32,34,-1,33,34,6,-1,6,34,35,-1,6,35,7,-1,36,37,21,-1,21,37,38,-1,21,38,39,-1,39,38,40,-1,39,40,41,-1,41,40,42,-1,41,42,43,-1,43,42,44,-1,43,44,45,-1,45,44,46,-1,45,46,47,-1,47,46,48,-1,47,48,24,-1,24,48,49,-1,24,49,23,-1,50,51,19,-1,19,51,52,-1,19,52,21,-1,21,52,53,-1,21,53,36,-1,54,55,56,-1,56,55,57,-1,56,57,58,-1,58,57,59,-1,58,59,60,-1,60,59,61,-1,60,61,62,-1,62,61,63,-1,62,63,64,-1,10,65,11,-1,11,65,66,-1,11,66,67,-1,67,66,68,-1,67,68,69,-1,69,68,70,-1,69,70,71,-1,71,70,72,-1,71,72,73,-1,73,72,74,-1,73,74,75,-1,75,74,76,-1,75,76,77,-1,77,76,78,-1,77,78,79,-1,79,78,80,-1,79,80,81,-1,81,80,82,-1,81,82,19,-1,19,82,83,-1,19,83,50,-1,84,85,86,-1,86,85,87,-1,86,87,88,-1,88,87,89,-1,88,89,90,-1,90,89,91,-1,90,91,92,-1,92,91,93,-1,92,93,94,-1,94,93,95,-1,94,95,96,-1,96,95,97,-1,96,97,98,-1,98,97,99,-1,98,99,100,-1,100,99,101,-1,100,101,102,-1,102,101,103,-1,102,103,54,-1,54,103,104,-1,54,104,55,-1,105,106,107,-1,107,106,108,-1,107,108,86,-1,86,108,109,-1,86,109,84,-1,110,111,112,-1,112,111,113,-1,112,113,114,-1,114,113,115,-1,114,115,116,-1,116,115,117,-1,116,117,118,-1,118,117,119,-1,118,119,14,-1,14,119,120,-1,14,120,13,-1,30,29,121,-1,121,29,122,-1,121,122,123,-1,123,122,124,-1,123,124,125,-1,125,124,126,-1,125,126,127,-1,127,126,128,-1,127,128,105,-1,105,128,129,-1,105,129,106,-1,2,130,0,-1,0,130,131,-1,0,131,132,-1,132,131,133,-1,132,133,134,-1,134,133,135,-1,134,135,110,-1,110,135,136,-1,110,136,111,-1,137,138,139,-1,63,140,64,-1,64,140,137,-1,64,137,141,-1,141,137,139,-1,142,143,137,-1,137,143,144,-1,137,144,138,-1,145,146,147,-1,146,148,147,-1,147,148,149,-1,147,149,150,-1,142,137,147,-1,147,137,151,-1,147,151,145,-1,98,152,153,-1,98,153,96,-1,96,153,154,-1,96,154,94,-1,154,155,94,-1,94,155,156,-1,94,156,92,-1,92,156,157,-1,92,157,90,-1,90,157,158,-1,90,158,88,-1,88,158,159,-1,88,159,86,-1,86,159,160,-1,86,160,107,-1,107,160,161,-1,107,161,105,-1,105,161,127,-1,127,161,162,-1,162,163,127,-1,127,163,164,-1,127,164,125,-1,125,164,165,-1,125,165,123,-1,166,28,167,-1,167,28,30,-1,167,30,168,-1,168,30,121,-1,168,121,169,-1,169,121,123,-1,169,123,165,-1,28,166,170,-1,28,170,26,-1,26,170,171,-1,26,171,6,-1,6,171,172,-1,6,172,33,-1,33,172,173,-1,33,173,15,-1,15,173,174,-1,15,174,2,-1,2,174,175,-1,2,175,130,-1,130,175,176,-1,130,176,131,-1,131,176,177,-1,131,177,133,-1,178,135,179,-1,179,135,133,-1,179,133,177,-1,180,111,178,-1,178,111,136,-1,178,136,135,-1,180,181,111,-1,111,181,182,-1,111,182,113,-1,113,182,183,-1,113,183,115,-1,115,183,184,-1,115,184,117,-1,117,184,185,-1,117,185,119,-1,119,185,186,-1,119,186,120,-1,120,186,187,-1,120,187,13,-1,13,187,188,-1,13,188,12,-1,12,188,189,-1,12,189,25,-1,189,190,25,-1,25,190,191,-1,25,191,24,-1,24,191,192,-1,24,192,47,-1,47,192,193,-1,47,193,45,-1,193,194,45,-1,45,194,195,-1,45,195,43,-1,43,195,196,-1,43,196,41,-1,197,20,5,-1,41,196,198,-1,41,198,39,-1,39,198,199,-1,39,199,21,-1,199,200,21,-1,21,200,201,-1,21,201,22,-1,22,201,202,-1,22,202,3,-1,3,202,203,-1,3,203,4,-1,4,203,204,-1,4,204,5,-1,5,204,205,-1,5,205,197,-1,18,20,206,-1,206,20,197,-1,16,18,207,-1,207,18,206,-1,17,16,208,-1,208,16,207,-1,19,17,209,-1,209,17,208,-1,19,209,210,-1,19,210,81,-1,81,210,211,-1,81,211,79,-1,79,211,212,-1,79,212,77,-1,77,212,213,-1,77,213,75,-1,75,213,214,-1,75,214,73,-1,73,214,215,-1,73,215,71,-1,71,215,216,-1,71,216,69,-1,69,216,217,-1,69,217,67,-1,67,217,218,-1,67,218,11,-1,11,218,219,-1,11,219,14,-1,14,219,220,-1,14,220,118,-1,118,220,221,-1,118,221,116,-1,116,221,222,-1,116,222,114,-1,114,222,223,-1,114,223,112,-1,223,224,112,-1,112,224,110,-1,224,225,110,-1,110,225,226,-1,110,226,134,-1,134,226,227,-1,134,227,132,-1,132,227,228,-1,132,228,0,-1,0,228,229,-1,0,229,1,-1,1,229,230,-1,1,230,31,-1,31,230,231,-1,31,231,32,-1,32,231,232,-1,32,232,34,-1,34,232,233,-1,34,233,35,-1,35,233,234,-1,35,234,7,-1,7,234,235,-1,7,235,8,-1,8,235,236,-1,8,236,27,-1,27,236,237,-1,27,237,29,-1,29,237,238,-1,29,238,122,-1,122,238,239,-1,122,239,124,-1,124,239,240,-1,124,240,126,-1,126,240,241,-1,126,241,128,-1,128,241,242,-1,128,242,129,-1,129,242,243,-1,129,243,106,-1,106,243,244,-1,106,244,108,-1,108,244,245,-1,108,245,109,-1,109,245,246,-1,109,246,84,-1,85,84,247,-1,247,84,246,-1,85,247,248,-1,85,248,87,-1,87,248,249,-1,87,249,89,-1,89,249,250,-1,89,250,91,-1,91,250,251,-1,91,251,93,-1,93,251,252,-1,93,252,95,-1,252,253,95,-1,95,253,254,-1,95,254,97,-1,97,254,255,-1,97,255,99,-1,99,255,256,-1,99,256,101,-1,101,256,257,-1,101,257,103,-1,103,257,258,-1,103,258,104,-1,104,258,259,-1,104,259,55,-1,55,259,260,-1,55,260,57,-1,57,260,261,-1,57,261,59,-1,59,261,262,-1,59,262,61,-1,63,61,263,-1,263,61,262,-1,63,263,264,-1,63,264,140,-1,140,264,265,-1,140,265,137,-1,137,265,266,-1,137,266,151,-1,151,266,267,-1,151,267,145,-1,145,267,268,-1,145,268,146,-1,146,268,269,-1,146,269,148,-1,148,269,270,-1,148,270,149,-1,149,270,271,-1,149,271,150,-1,150,271,272,-1,150,272,147,-1,147,272,273,-1,147,273,142,-1,142,273,274,-1,142,274,143,-1,143,274,275,-1,143,275,144,-1,144,275,276,-1,144,276,138,-1,138,276,277,-1,138,277,139,-1,139,277,278,-1,139,278,141,-1,141,278,279,-1,141,279,64,-1,64,279,280,-1,64,280,62,-1,60,62,281,-1,281,62,280,-1,60,281,282,-1,60,282,58,-1,58,282,283,-1,58,283,56,-1,56,283,284,-1,56,284,54,-1,54,284,285,-1,54,285,102,-1,102,285,286,-1,102,286,100,-1,100,286,152,-1,100,152,98,-1,76,287,288,-1,76,288,78,-1,78,288,289,-1,78,289,80,-1,80,289,290,-1,80,290,82,-1,82,290,291,-1,82,291,83,-1,83,291,292,-1,83,292,50,-1,50,292,293,-1,50,293,51,-1,51,293,294,-1,51,294,52,-1,52,294,295,-1,52,295,53,-1,53,295,296,-1,53,296,36,-1,36,296,297,-1,36,297,37,-1,37,297,298,-1,37,298,38,-1,38,298,299,-1,38,299,40,-1,40,299,300,-1,40,300,42,-1,42,300,301,-1,42,301,44,-1,44,301,302,-1,44,302,46,-1,46,302,303,-1,46,303,48,-1,48,303,304,-1,48,304,49,-1,49,304,305,-1,49,305,23,-1,23,305,306,-1,23,306,9,-1,9,306,307,-1,9,307,10,-1,10,307,308,-1,10,308,65,-1,65,308,309,-1,65,309,66,-1,66,309,310,-1,66,310,68,-1,68,310,311,-1,68,311,70,-1,70,311,312,-1,70,312,72,-1,72,312,313,-1,72,313,74,-1,74,313,287,-1,74,287,76,-1,
        ]
    }
}
Shape{
    appearance Appearance {
        material  Material 	{
            diffuseColor 0.25098039215686274 0.25098039215686274 0.25098039215686274
            specularColor 0.12549019607843137 0.12549019607843137 0.12549019607843137
            ambientIntensity 0.251
            transparency 0.0
            shininess 0.5
        }
    }
    geometry IndexedFaceSet {
        ccw TRUE
        solid FALSE
        coord DEF co Coordinate {
            point [
                -0.5773 -0.9554 0.4392, -0.5838 -0.9529 0.4568, -0.5848 -0.9531 0.4558, -0.5742 -0.9554 0.4395, -0.5719 -0.9552 0.4404, -0.5746 -0.9526 0.4593, -0.5768 -0.9525 0.4595, -0.5794 -0.9526 0.4592, -0.5817 -0.9527 0.4583, -0.5866 -0.9544 0.4461, -0.5856 -0.9547 0.444, -0.584 -0.955 0.4421, -0.5768 -0.9554 0.4392, -0.5862 -0.9534 0.4536, -0.587 -0.9537 0.4511, -0.5871 -0.9541 0.4486, -0.582 -0.9552 0.4406, -0.5796 -0.9554 0.4396, -0.5699 -0.955 0.4418, -0.5685 -0.9548 0.4434, -0.5673 -0.9545 0.4457, -0.5666 -0.9541 0.4482, -0.5666 -0.9538 0.4506, -0.5672 -0.9535 0.453, -0.5684 -0.9532 0.4551, -0.5701 -0.9529 0.457, -0.5722 -0.9527 0.4584
            ]
        }
        coordIndex [
            0,1,2,-1,3,4,5,-1,6,7,0,-1,0,7,8,-1,0,8,1,-1,9,10,2,-1,2,10,11,-1,6,0,5,-1,5,0,12,-1,5,12,3,-1,13,14,2,-1,2,14,15,-1,2,15,9,-1,11,16,2,-1,2,16,17,-1,2,17,0,-1,4,18,5,-1,5,18,19,-1,5,19,20,-1,20,21,5,-1,5,21,22,-1,5,22,23,-1,23,24,5,-1,5,24,25,-1,5,25,26,-1,
        ]
    }
}