ISO-10303-21;
HEADER;
FILE_DESCRIPTION (( 'STEP AP203' ),
    '1' );
FILE_NAME ('»¬¿éÁ¬½Ó.STEP',
    '2026-03-07T09:27:25',
    ( '' ),
    ( '' ),
    'SwSTEP 2.0',
    'SolidWorks 2023',
    '' );
FILE_SCHEMA (( 'CONFIG_CONTROL_DESIGN' ));
ENDSEC;

DATA;
#1 = ORIENTED_EDGE ( 'NONE', *, *, #1127, .T. ) ;
#2 = PLANE ( 'NONE',  #937 ) ;
#3 = ADVANCED_FACE ( 'NONE', ( #337 ), #1381, .T. ) ;
#4 = CARTESIAN_POINT ( 'NONE',  ( 5.750000000000000000, -2.500000000000003553, 3.000000000000000000 ) ) ;
#5 = CIRCLE ( 'NONE', #970, 2.250000000000000000 ) ;
#6 = DIRECTION ( 'NONE',  ( -0.000000000000000000, -0.000000000000000000, 1.000000000000000000 ) ) ;
#7 = LINE ( 'NONE', #1423, #394 ) ;
#8 = ORIENTED_EDGE ( 'NONE', *, *, #199, .T. ) ;
#9 = CARTESIAN_POINT ( 'NONE',  ( -2.250000000000000000, -0.6501362824981317123, 9.510330192425977103 ) ) ;
#10 = ORIENTED_EDGE ( 'NONE', *, *, #841, .F. ) ;
#11 = PLANE ( 'NONE',  #1272 ) ;
#12 = CARTESIAN_POINT ( 'NONE',  ( 2.250000000000000000, 0.000000000000000000, 2.000000000000000000 ) ) ;
#13 = LINE ( 'NONE', #541, #1021 ) ;
#14 = ORIENTED_EDGE ( 'NONE', *, *, #1248, .T. ) ;
#15 = CARTESIAN_POINT ( 'NONE',  ( -10.49999999999999467, -4.500000000000003553, 5.999999999999998224 ) ) ;
#16 = EDGE_LOOP ( 'NONE', ( #343, #917, #322, #1408 ) ) ;
#17 = CARTESIAN_POINT ( 'NONE',  ( 8.000000000000000000, 0.000000000000000000, 10.00000000000000178 ) ) ;
#18 = ADVANCED_FACE ( 'NONE', ( #722, #849 ), #1260, .T. ) ;
#19 = VECTOR ( 'NONE', #1422, 1000.000000000000000 ) ;
#20 = CARTESIAN_POINT ( 'NONE',  ( -1.499999999999998002, 3.849999999999998312, 3.875000000000000444 ) ) ;
#21 = ORIENTED_EDGE ( 'NONE', *, *, #139, .T. ) ;
#22 = CARTESIAN_POINT ( 'NONE',  ( -1.499999999999996891, -1.677050983124846573, 9.782160554356577720 ) ) ;
#23 = ORIENTED_EDGE ( 'NONE', *, *, #26, .T. ) ;
#24 = APPLICATION_CONTEXT ( 'configuration controlled 3d designs of mechanical parts and assemblies' ) ;
#25 = ADVANCED_FACE ( 'NONE', ( #71 ), #1136, .F. ) ;
#26 = EDGE_CURVE ( 'NONE', #740, #1670, #5, .T. ) ;
#27 = VECTOR ( 'NONE', #1331, 1000.000000000000000 ) ;
#28 = VECTOR ( 'NONE', #1623, 1000.000000000000000 ) ;
#29 = EDGE_CURVE ( 'NONE', #1326, #168, #1644, .T. ) ;
#30 = DIRECTION ( 'NONE',  ( 0.000000000000000000, -0.5000000000000014433, 0.8660254037844379305 ) ) ;
#31 = AXIS2_PLACEMENT_3D ( 'NONE', #697, #951, #1113 ) ;
#32 = CARTESIAN_POINT ( 'NONE',  ( -5.499999999999998224, -6.500000000000004441, 10.00000000000000178 ) ) ;
#33 = CARTESIAN_POINT ( 'NONE',  ( -7.748847543319374765E-16, 12.00000000000000000, 10.00000000000000178 ) ) ;
#34 = EDGE_CURVE ( 'NONE', #935, #702, #505, .T. ) ;
#35 = ORIENTED_EDGE ( 'NONE', *, *, #1475, .F. ) ;
#36 = DIRECTION ( 'NONE',  ( 1.000000000000000000, 0.000000000000000000, 0.000000000000000000 ) ) ;
#37 = VECTOR ( 'NONE', #1654, 1000.000000000000000 ) ;
#38 = LINE ( 'NONE', #1099, #635 ) ;
#39 = DIRECTION ( 'NONE',  ( -0.000000000000000000, 1.000000000000000000, -0.000000000000000000 ) ) ;
#40 = PLANE ( 'NONE',  #639 ) ;
#41 = ORIENTED_EDGE ( 'NONE', *, *, #1042, .F. ) ;
#42 = DATE_AND_TIME ( #695, #1488 ) ;
#43 = DIRECTION ( 'NONE',  ( 0.000000000000000000, 0.000000000000000000, -1.000000000000000000 ) ) ;
#44 = LINE ( 'NONE', #979, #997 ) ;
#45 = CARTESIAN_POINT ( 'NONE',  ( -4.249999999999994671, 0.7499999999999942268, 3.000000000000001776 ) ) ;
#46 = ORIENTED_EDGE ( 'NONE', *, *, #1002, .F. ) ;
#47 = PERSON_AND_ORGANIZATION_ROLE ( 'creator' ) ;
#48 = VECTOR ( 'NONE', #319, 1000.000000000000000 ) ;
#49 = EDGE_CURVE ( 'NONE', #1546, #407, #1061, .T. ) ;
#50 = LINE ( 'NONE', #978, #627 ) ;
#51 = AXIS2_PLACEMENT_3D ( 'NONE', #437, #1228, #67 ) ;
#52 = DIRECTION ( 'NONE',  ( 0.000000000000000000, 0.000000000000000000, 1.000000000000000000 ) ) ;
#53 = ORIENTED_EDGE ( 'NONE', *, *, #256, .F. ) ;
#54 = CARTESIAN_POINT ( 'NONE',  ( -9.677050983124846795, 1.499999999999995337, 2.000000000000000000 ) ) ;
#55 = CARTESIAN_POINT ( 'NONE',  ( 8.000000000000000000, 0.000000000000000000, 2.000000000000000000 ) ) ;
#56 = APPROVAL_DATE_TIME ( #842, #1524 ) ;
#57 = LINE ( 'NONE', #328, #1092 ) ;
#58 = LINE ( 'NONE', #696, #27 ) ;
#59 = CC_DESIGN_DATE_AND_TIME_ASSIGNMENT ( #1382, #318, ( #1258 ) ) ;
#60 = CARTESIAN_POINT ( 'NONE',  ( 4.999999999999999112, 6.000000000000000888, 3.000000000000000000 ) ) ;
#61 = ORIENTED_EDGE ( 'NONE', *, *, #1559, .F. ) ;
#62 = DIRECTION ( 'NONE',  ( 3.025680481354897402E-16, -1.000000000000000000, 0.000000000000000000 ) ) ;
#63 = ORIENTED_EDGE ( 'NONE', *, *, #1637, .T. ) ;
#64 = EDGE_CURVE ( 'NONE', #442, #615, #1289, .T. ) ;
#65 = DATE_TIME_ROLE ( 'creation_date' ) ;
#66 = CARTESIAN_POINT ( 'NONE',  ( -2.250000000000000888, 12.00000000000000000, 5.999999999999999112 ) ) ;
#67 = DIRECTION ( 'NONE',  ( 3.025680481354897402E-16, -1.000000000000000000, 0.000000000000000000 ) ) ;
#68 = DIRECTION ( 'NONE',  ( 0.000000000000000000, -0.000000000000000000, -1.000000000000000000 ) ) ;
#69 = VERTEX_POINT ( 'NONE', #1066 ) ;
#70 = CARTESIAN_POINT ( 'NONE',  ( 2.250000000000000000, 0.000000000000000000, 3.000000000000000000 ) ) ;
#71 = FACE_OUTER_BOUND ( 'NONE', #97, .T. ) ;
#72 = AXIS2_PLACEMENT_3D ( 'NONE', #1529, #1642, #62 ) ;
#73 = MANIFOLD_SOLID_BREP ( 'µ¹½Ç4', #445 ) ;
#74 = DIRECTION ( 'NONE',  ( -1.000000000000000000, -7.542275982507857147E-17, -0.000000000000000000 ) ) ;
#75 = EDGE_CURVE ( 'NONE', #386, #613, #1316, .T. ) ;
#76 = VECTOR ( 'NONE', #1251, 1000.000000000000000 ) ;
#77 = PLANE ( 'NONE',  #378 ) ;
#78 = VECTOR ( 'NONE', #800, 999.9999999999998863 ) ;
#79 = EDGE_CURVE ( 'NONE', #1348, #246, #918, .T. ) ;
#80 = DIRECTION ( 'NONE',  ( -1.000000000000000000, -1.020425574104004246E-16, -8.046164540387850878E-33 ) ) ;
#81 = ORIENTED_EDGE ( 'NONE', *, *, #1206, .T. ) ;
#82 = CARTESIAN_POINT ( 'NONE',  ( 1.100000000000000089, 1.347111479062088503E-16, 3.000000000000000000 ) ) ;
#83 = ORIENTED_EDGE ( 'NONE', *, *, #385, .F. ) ;
#84 = ORIENTED_EDGE ( 'NONE', *, *, #1204, .T. ) ;
#85 = DESIGN_CONTEXT ( 'detailed design', #24, 'design' ) ;
#86 = DIRECTION ( 'NONE',  ( 1.530638361156006492E-16, -0.5999999999999999778, 0.8000000000000000444 ) ) ;
#87 = VECTOR ( 'NONE', #1685, 1000.000000000000000 ) ;
#88 = CARTESIAN_POINT ( 'NONE',  ( -1.499999999999998668, 14.49999999999999467, 3.499999999999994227 ) ) ;
#89 = CARTESIAN_POINT ( 'NONE',  ( 5.999999999999995559, -2.500000000000003997, 10.00000000000000178 ) ) ;
#90 = VERTEX_POINT ( 'NONE', #1452 ) ;
#91 = CARTESIAN_POINT ( 'NONE',  ( -2.250000000000000888, 12.00000000000000000, 5.999999999999999112 ) ) ;
#92 = ORIENTED_EDGE ( 'NONE', *, *, #1282, .F. ) ;
#93 = ORIENTED_EDGE ( 'NONE', *, *, #1054, .T. ) ;
#94 = FACE_OUTER_BOUND ( 'NONE', #1201, .T. ) ;
#95 = ORIENTED_EDGE ( 'NONE', *, *, #1083, .F. ) ;
#96 = DIRECTION ( 'NONE',  ( -2.602085213965210149E-16, 0.000000000000000000, 1.000000000000000000 ) ) ;
#97 = EDGE_LOOP ( 'NONE', ( #1506, #1174, #516, #641, #1415, #105 ) ) ;
#98 = DIRECTION ( 'NONE',  ( -0.000000000000000000, -1.000000000000000000, -0.000000000000000000 ) ) ;
#99 = CARTESIAN_POINT ( 'NONE',  ( -6.499999999999977796, -6.500000000000003553, 10.00000000000000178 ) ) ;
#100 = EDGE_LOOP ( 'NONE', ( #780, #1677, #1586, #142, #334, #478, #1157 ) ) ;
#101 = UNCERTAINTY_MEASURE_WITH_UNIT (LENGTH_MEASURE( 1.000000000000000082E-05 ), #1607, 'distance_accuracy_value', 'NONE');
#102 = LINE ( 'NONE', #233, #166 ) ;
#103 = EDGE_CURVE ( 'NONE', #613, #1306, #266, .T. ) ;
#104 = EDGE_CURVE ( 'NONE', #1389, #392, #145, .T. ) ;
#105 = ORIENTED_EDGE ( 'NONE', *, *, #256, .T. ) ;
#106 = AXIS2_PLACEMENT_3D ( 'NONE', #796, #1548, #666 ) ;
#107 = CYLINDRICAL_SURFACE ( 'NONE', #1437, 2.250000000000000000 ) ;
#108 = ORIENTED_EDGE ( 'NONE', *, *, #1105, .T. ) ;
#109 = CARTESIAN_POINT ( 'NONE',  ( -7.748847543319374765E-16, 12.00000000000000000, 2.000000000000000000 ) ) ;
#110 = CARTESIAN_POINT ( 'NONE',  ( -1.499999999999998668, 14.49999999999999467, 3.499999999999994227 ) ) ;
#111 = AXIS2_PLACEMENT_3D ( 'NONE', #852, #969, #444 ) ;
#112 = EDGE_LOOP ( 'NONE', ( #239, #884 ) ) ;
#113 = LINE ( 'NONE', #1039, #1464 ) ;
#114 = AXIS2_PLACEMENT_3D ( 'NONE', #1236, #972, #308 ) ;
#115 = ORIENTED_EDGE ( 'NONE', *, *, #183, .F. ) ;
#116 = DIRECTION ( 'NONE',  ( -0.000000000000000000, -0.000000000000000000, -1.000000000000000000 ) ) ;
#117 = ORIENTED_EDGE ( 'NONE', *, *, #1023, .F. ) ;
#118 = DIRECTION ( 'NONE',  ( 0.000000000000000000, -0.000000000000000000, -1.000000000000000000 ) ) ;
#119 = DIRECTION ( 'NONE',  ( 0.000000000000000000, 1.000000000000000000, 0.000000000000000000 ) ) ;
#120 = VECTOR ( 'NONE', #664, 1000.000000000000000 ) ;
#121 = ORIENTED_EDGE ( 'NONE', *, *, #501, .F. ) ;
#122 = ORIENTED_EDGE ( 'NONE', *, *, #339, .T. ) ;
#123 = EDGE_CURVE ( 'NONE', #1012, #353, #1048, .T. ) ;
#124 = DIRECTION ( 'NONE',  ( -0.000000000000000000, -0.000000000000000000, -1.000000000000000000 ) ) ;
#125 = LINE ( 'NONE', #661, #909 ) ;
#126 = ORIENTED_EDGE ( 'NONE', *, *, #1556, .T. ) ;
#127 = PLANE ( 'NONE',  #1128 ) ;
#128 = DIRECTION ( 'NONE',  ( 0.000000000000000000, 0.000000000000000000, 1.000000000000000000 ) ) ;
#129 = ORIENTED_EDGE ( 'NONE', *, *, #1637, .F. ) ;
#130 = ADVANCED_FACE ( 'NONE', ( #784 ), #1184, .T. ) ;
#131 = ORIENTED_EDGE ( 'NONE', *, *, #79, .F. ) ;
#132 = CARTESIAN_POINT ( 'NONE',  ( -5.499999999999998224, -4.500000000000004441, 15.38516480713450285 ) ) ;
#133 = FACE_OUTER_BOUND ( 'NONE', #203, .T. ) ;
#134 = CARTESIAN_POINT ( 'NONE',  ( -5.750000000000000000, 0.000000000000000000, -4.363961030678929376 ) ) ;
#135 = CARTESIAN_POINT ( 'NONE',  ( 5.999999999999996447, -2.500000000000003553, 2.000000000000000000 ) ) ;
#136 = CIRCLE ( 'NONE', #1080, 1.000000000000000000 ) ;
#137 = VERTEX_POINT ( 'NONE', #135 ) ;
#138 = AXIS2_PLACEMENT_3D ( 'NONE', #1035, #1575, #1158 ) ;
#139 = EDGE_CURVE ( 'NONE', #353, #1152, #7, .T. ) ;
#140 = PRODUCT ( '\X2\6ed157578fde63a5\X0\', '\X2\6ed157578fde63a5\X0\', '', ( #1480 ) ) ;
#141 = FACE_OUTER_BOUND ( 'NONE', #1180, .T. ) ;
#142 = ORIENTED_EDGE ( 'NONE', *, *, #1692, .F. ) ;
#143 = LINE ( 'NONE', #242, #1628 ) ;
#144 = DIRECTION ( 'NONE',  ( -0.000000000000000000, -0.000000000000000000, -1.000000000000000000 ) ) ;
#145 = CIRCLE ( 'NONE', #174, 1.100000000000000089 ) ;
#146 = DIRECTION ( 'NONE',  ( -1.000000000000000000, -2.551063935260010984E-16, 0.000000000000000000 ) ) ;
#147 = DIRECTION ( 'NONE',  ( 1.000000000000000000, 0.000000000000000000, 0.000000000000000000 ) ) ;
#148 = ORIENTED_EDGE ( 'NONE', *, *, #1186, .T. ) ;
#149 = CARTESIAN_POINT ( 'NONE',  ( 0.000000000000000000, -6.500000000000004441, 0.000000000000000000 ) ) ;
#150 = ORIENTED_EDGE ( 'NONE', *, *, #636, .T. ) ;
#151 = CARTESIAN_POINT ( 'NONE',  ( -7.748847543319374765E-16, 9.750000000000000000, 3.000000000000000000 ) ) ;
#152 = EDGE_CURVE ( 'NONE', #195, #770, #534, .T. ) ;
#153 = ORIENTED_EDGE ( 'NONE', *, *, #1655, .F. ) ;
#154 = EDGE_CURVE ( 'NONE', #1294, #975, #622, .T. ) ;
#155 = DIRECTION ( 'NONE',  ( 0.000000000000000000, 0.000000000000000000, -1.000000000000000000 ) ) ;
#156 = ORIENTED_EDGE ( 'NONE', *, *, #634, .F. ) ;
#157 = EDGE_CURVE ( 'NONE', #1059, #386, #891, .T. ) ;
#158 = CARTESIAN_POINT ( 'NONE',  ( -10.49999999999999645, -4.500000000000004441, 5.999999999999997335 ) ) ;
#159 = EDGE_CURVE ( 'NONE', #1567, #1172, #1140, .T. ) ;
#160 = EDGE_CURVE ( 'NONE', #982, #770, #1168, .T. ) ;
#161 = AXIS2_PLACEMENT_3D ( 'NONE', #856, #68, #468 ) ;
#162 = CARTESIAN_POINT ( 'NONE',  ( 11.00000000000000000, -6.500000000000004441, 1.732050807568875195 ) ) ;
#163 = EDGE_CURVE ( 'NONE', #776, #1565, #904, .T. ) ;
#164 = LINE ( 'NONE', #60, #1165 ) ;
#165 =( BOUNDED_CURVE ( )  B_SPLINE_CURVE ( 3, ( #1064, #1033, #1591, #403 ),
 .UNSPECIFIED., .F., .T. ) 
 B_SPLINE_CURVE_WITH_KNOTS ( ( 4, 4 ),
 ( 1.910633236249015043, 2.300523983021860452 ),
 .UNSPECIFIED. ) 
 CURVE ( )  GEOMETRIC_REPRESENTATION_ITEM ( )  RATIONAL_B_SPLINE_CURVE ( ( 1.000000000000000000, 0.9873721685969637507, 0.9873721685969637507, 1.000000000000000000 ) ) 
 REPRESENTATION_ITEM ( '' )  );
#166 = VECTOR ( 'NONE', #1031, 1000.000000000000000 ) ;
#167 = CARTESIAN_POINT ( 'NONE',  ( -5.499999999999998224, -6.500000000000004441, 10.00000000000000178 ) ) ;
#168 = VERTEX_POINT ( 'NONE', #645 ) ;
#169 = AXIS2_PLACEMENT_3D ( 'NONE', #366, #783, #1315 ) ;
#170 = FACE_OUTER_BOUND ( 'NONE', #506, .T. ) ;
#171 = AXIS2_PLACEMENT_3D ( 'NONE', #1313, #1056, #419 ) ;
#172 = DIRECTION ( 'NONE',  ( -0.000000000000000000, -0.000000000000000000, -1.000000000000000000 ) ) ;
#173 = DIRECTION ( 'NONE',  ( 0.000000000000000000, 0.000000000000000000, -1.000000000000000000 ) ) ;
#174 = AXIS2_PLACEMENT_3D ( 'NONE', #791, #128, #1323 ) ;
#175 = CARTESIAN_POINT ( 'NONE',  ( 2.999999999999999112, 9.750000000000000000, 3.000000000000000000 ) ) ;
#176 = VERTEX_POINT ( 'NONE', #1176 ) ;
#177 = PERSON_AND_ORGANIZATION_ROLE ( 'design_owner' ) ;
#178 = VECTOR ( 'NONE', #214, 1000.000000000000000 ) ;
#179 = CARTESIAN_POINT ( 'NONE',  ( 2.250000000000000000, 0.000000000000000000, -5.079901129253149961 ) ) ;
#180 = CARTESIAN_POINT ( 'NONE',  ( 5.999999999999997335, 6.000000000000000888, 3.000000000000000000 ) ) ;
#181 = CARTESIAN_POINT ( 'NONE',  ( -2.999999999999997335, 0.7499999999999967804, 3.000000000000000888 ) ) ;
#182 = ORIENTED_EDGE ( 'NONE', *, *, #689, .T. ) ;
#183 = EDGE_CURVE ( 'NONE', #1626, #1558, #915, .T. ) ;
#184 = DIRECTION ( 'NONE',  ( 1.000000000000000000, 0.000000000000000000, 0.000000000000000000 ) ) ;
#185 = DIRECTION ( 'NONE',  ( 1.000000000000000000, 7.542275982507855914E-17, 0.000000000000000000 ) ) ;
#186 = ORIENTED_EDGE ( 'NONE', *, *, #841, .T. ) ;
#187 = DIRECTION ( 'NONE',  ( 0.000000000000000000, 0.000000000000000000, 1.000000000000000000 ) ) ;
#188 = PERSON_AND_ORGANIZATION ( #659, #1401 ) ;
#189 = VECTOR ( 'NONE', #312, 1000.000000000000000 ) ;
#190 = CARTESIAN_POINT ( 'NONE',  ( 1.500000000000002442, 3.581118318204302486, 7.849999999999999645 ) ) ;
#191 = CARTESIAN_POINT ( 'NONE',  ( -5.500000000000000888, 14.49999999999999467, 0.000000000000000000 ) ) ;
#192 = VECTOR ( 'NONE', #611, 1000.000000000000000 ) ;
#193 = CC_DESIGN_DATE_AND_TIME_ASSIGNMENT ( #42, #65, ( #1474 ) ) ;
#194 = CARTESIAN_POINT ( 'NONE',  ( -1.499999999999998446, 13.67705098312484502, 2.000000000000000000 ) ) ;
#195 = VERTEX_POINT ( 'NONE', #830 ) ;
#196 = CARTESIAN_POINT ( 'NONE',  ( 2.999999999999999112, 9.750000000000000000, 2.000000000000000000 ) ) ;
#197 = VERTEX_POINT ( 'NONE', #191 ) ;
#198 = AXIS2_PLACEMENT_3D ( 'NONE', #321, #39, #813 ) ;
#199 = EDGE_CURVE ( 'NONE', #176, #975, #1367, .T. ) ;
#200 = DIRECTION ( 'NONE',  ( -0.000000000000000000, 0.000000000000000000, 1.000000000000000000 ) ) ;
#201 = CARTESIAN_POINT ( 'NONE',  ( 3.999999999999999112, 6.000000000000000888, 2.000000000000000000 ) ) ;
#202 = DIRECTION ( 'NONE',  ( 0.000000000000000000, 0.000000000000000000, 1.000000000000000000 ) ) ;
#203 = EDGE_LOOP ( 'NONE', ( #1379, #122, #528, #1701 ) ) ;
#204 = DIRECTION ( 'NONE',  ( 1.000000000000000000, 0.000000000000000000, 0.000000000000000000 ) ) ;
#205 = ORIENTED_EDGE ( 'NONE', *, *, #34, .F. ) ;
#206 = EDGE_CURVE ( 'NONE', #1706, #1469, #1112, .T. ) ;
#207 = ADVANCED_FACE ( 'NONE', ( #1119 ), #700, .T. ) ;
#208 = DIRECTION ( 'NONE',  ( -2.536587609762667477E-17, 0.2558925603162827689, 0.9667052278615119176 ) ) ;
#209 = CARTESIAN_POINT ( 'NONE',  ( 1.099999999999999201, 12.00000000000000000, 3.000000000000000000 ) ) ;
#210 = PLANE ( 'NONE',  #680 ) ;
#211 = ORIENTED_EDGE ( 'NONE', *, *, #1250, .T. ) ;
#212 = DIRECTION ( 'NONE',  ( 2.551063935260010984E-16, -1.000000000000000000, 0.000000000000000000 ) ) ;
#213 = CARTESIAN_POINT ( 'NONE',  ( 0.000000000000000000, 0.000000000000000000, 2.000000000000000000 ) ) ;
#214 = DIRECTION ( 'NONE',  ( 2.602085213965210149E-16, 0.000000000000000000, -1.000000000000000000 ) ) ;
#215 = AXIS2_PLACEMENT_3D ( 'NONE', #1708, #530, #1589 ) ;
#216 = CARTESIAN_POINT ( 'NONE',  ( 5.750000000000000000, 14.49999999999999467, 2.000000000000000000 ) ) ;
#217 = CIRCLE ( 'NONE', #876, 2.250000000000000000 ) ;
#218 = DIRECTION ( 'NONE',  ( 1.000000000000000000, 0.000000000000000000, 0.000000000000000000 ) ) ;
#219 = ORIENTED_EDGE ( 'NONE', *, *, #206, .F. ) ;
#220 = DIRECTION ( 'NONE',  ( -0.000000000000000000, -0.000000000000000000, -1.000000000000000000 ) ) ;
#221 = VERTEX_POINT ( 'NONE', #1374 ) ;
#222 = VERTEX_POINT ( 'NONE', #1647 ) ;
#223 = CARTESIAN_POINT ( 'NONE',  ( 2.999999999999999112, 8.750000000000000000, 3.000000000000000000 ) ) ;
#224 = VECTOR ( 'NONE', #119, 1000.000000000000000 ) ;
#225 = CARTESIAN_POINT ( 'NONE',  ( 5.750000000000000000, 0.000000000000000000, -5.079901129253149961 ) ) ;
#226 = VERTEX_POINT ( 'NONE', #1104 ) ;
#227 = DIRECTION ( 'NONE',  ( 0.000000000000000000, 0.000000000000000000, -1.000000000000000000 ) ) ;
#228 = ORIENTED_EDGE ( 'NONE', *, *, #1246, .T. ) ;
#229 = DIRECTION ( 'NONE',  ( -1.000000000000000000, -2.551063935260010984E-16, 0.000000000000000000 ) ) ;
#230 = DIRECTION ( 'NONE',  ( -9.864507371299256040E-17, 0.9667052278615118066, -0.2558925603162827134 ) ) ;
#231 = ORIENTED_EDGE ( 'NONE', *, *, #895, .T. ) ;
#232 = ADVANCED_FACE ( 'NONE', ( #1496 ), #709, .F. ) ;
#233 = CARTESIAN_POINT ( 'NONE',  ( -5.500000000000000888, 14.49999999999999467, 5.500000000000000000 ) ) ;
#234 = ORIENTED_EDGE ( 'NONE', *, *, #1662, .T. ) ;
#235 = CARTESIAN_POINT ( 'NONE',  ( 0.000000000000000000, 0.000000000000000000, 2.000000000000000000 ) ) ;
#236 = VERTEX_POINT ( 'NONE', #306 ) ;
#237 = CARTESIAN_POINT ( 'NONE',  ( -8.000000000000000000, 0.000000000000000000, 2.000000000000000000 ) ) ;
#238 = DIRECTION ( 'NONE',  ( 0.000000000000000000, 0.000000000000000000, -1.000000000000000000 ) ) ;
#239 = ORIENTED_EDGE ( 'NONE', *, *, #538, .T. ) ;
#240 = AXIS2_PLACEMENT_3D ( 'NONE', #1256, #738, #582 ) ;
#241 = CIRCLE ( 'NONE', #1653, 1.100000000000000089 ) ;
#242 = CARTESIAN_POINT ( 'NONE',  ( 3.999999999999999112, 9.750000000000000000, 3.000000000000000000 ) ) ;
#243 = ORIENTED_EDGE ( 'NONE', *, *, #895, .F. ) ;
#244 = CARTESIAN_POINT ( 'NONE',  ( 3.999999999999999112, 9.750000000000000000, 2.000000000000000000 ) ) ;
#245 = EDGE_CURVE ( 'NONE', #1348, #782, #58, .T. ) ;
#246 = VERTEX_POINT ( 'NONE', #1503 ) ;
#247 = CARTESIAN_POINT ( 'NONE',  ( 1.500000000000002220, 3.581118318204302486, 5.700000000000000178 ) ) ;
#248 = CARTESIAN_POINT ( 'NONE',  ( -1.499999999999998668, 14.49999999999999467, 5.500000000000000000 ) ) ;
#249 = VECTOR ( 'NONE', #1582, 1000.000000000000000 ) ;
#250 = EDGE_LOOP ( 'NONE', ( #1049, #1195, #699, #129 ) ) ;
#251 = EDGE_LOOP ( 'NONE', ( #63, #228, #1691, #1166 ) ) ;
#252 = DIRECTION ( 'NONE',  ( 0.000000000000000000, -0.9667052278615118066, 0.2558925603162827134 ) ) ;
#253 = AXIS2_PLACEMENT_3D ( 'NONE', #1229, #52, #300 ) ;
#254 = ORIENTED_EDGE ( 'NONE', *, *, #1435, .F. ) ;
#255 = FACE_OUTER_BOUND ( 'NONE', #1718, .T. ) ;
#256 = EDGE_CURVE ( 'NONE', #1185, #168, #50, .T. ) ;
#257 = ORIENTED_EDGE ( 'NONE', *, *, #511, .T. ) ;
#258 = PLANE ( 'NONE',  #169 ) ;
#259 = DIRECTION ( 'NONE',  ( 1.000000000000000000, 7.542275982507855914E-17, 6.274666573683015517E-18 ) ) ;
#260 = ORIENTED_EDGE ( 'NONE', *, *, #688, .F. ) ;
#261 = ORIENTED_EDGE ( 'NONE', *, *, #1693, .F. ) ;
#262 = FACE_OUTER_BOUND ( 'NONE', #866, .T. ) ;
#263 = EDGE_CURVE ( 'NONE', #522, #776, #1656, .T. ) ;
#264 = LINE ( 'NONE', #1714, #1214 ) ;
#265 = CARTESIAN_POINT ( 'NONE',  ( -1.100000000000000089, 0.000000000000000000, 0.000000000000000000 ) ) ;
#266 = LINE ( 'NONE', #248, #883 ) ;
#267 = VERTEX_POINT ( 'NONE', #987 ) ;
#268 = CC_DESIGN_APPROVAL ( #853, ( #1258 ) ) ;
#269 = DIRECTION ( 'NONE',  ( -1.000000000000000000, 0.000000000000000000, 0.000000000000000000 ) ) ;
#270 = EDGE_LOOP ( 'NONE', ( #1211, #481, #535, #542 ) ) ;
#271 = CC_DESIGN_PERSON_AND_ORGANIZATION_ASSIGNMENT ( #429, #961, ( #1474 ) ) ;
#272 = CARTESIAN_POINT ( 'NONE',  ( -1.499999999999996891, -1.705568459573834418E-16, -6.034623405290886243E-32 ) ) ;
#273 = FACE_OUTER_BOUND ( 'NONE', #1551, .T. ) ;
#274 = DIRECTION ( 'NONE',  ( -2.634919418464992576E-16, 1.000000000000000000, 0.000000000000000000 ) ) ;
#275 = DIRECTION ( 'NONE',  ( 1.000000000000000000, 0.000000000000000000, 0.000000000000000000 ) ) ;
#276 = CIRCLE ( 'NONE', #215, 2.250000000000000444 ) ;
#277 = ORIENTED_EDGE ( 'NONE', *, *, #640, .T. ) ;
#278 = CARTESIAN_POINT ( 'NONE',  ( 5.999999999999997335, 1.030776406404411150, 2.000000000000000000 ) ) ;
#279 = VECTOR ( 'NONE', #320, 1000.000000000000000 ) ;
#280 = ORIENTED_EDGE ( 'NONE', *, *, #1384, .F. ) ;
#281 = APPROVAL_ROLE ( '' ) ;
#282 = DIRECTION ( 'NONE',  ( 1.000000000000000000, 0.000000000000000000, 0.000000000000000000 ) ) ;
#283 = EDGE_LOOP ( 'NONE', ( #1404, #1537, #633, #1019, #1707, #752, #1193, #1443 ) ) ;
#284 = DIRECTION ( 'NONE',  ( -0.000000000000000000, 1.000000000000000000, -0.000000000000000000 ) ) ;
#285 = ORIENTED_EDGE ( 'NONE', *, *, #1541, .F. ) ;
#286 = EDGE_CURVE ( 'NONE', #613, #967, #313, .T. ) ;
#287 = EDGE_CURVE ( 'NONE', #740, #69, #1630, .T. ) ;
#288 = DIRECTION ( 'NONE',  ( 0.000000000000000000, 0.000000000000000000, 1.000000000000000000 ) ) ;
#289 = EDGE_CURVE ( 'NONE', #975, #1706, #1298, .T. ) ;
#290 = CARTESIAN_POINT ( 'NONE',  ( -5.499999999999998224, -4.500000000000004441, 3.000000000000000888 ) ) ;
#291 = CARTESIAN_POINT ( 'NONE',  ( -6.899999999999999467, 0.000000000000000000, 0.000000000000000000 ) ) ;
#292 = DIRECTION ( 'NONE',  ( 0.000000000000000000, 0.000000000000000000, -1.000000000000000000 ) ) ;
#293 = ORIENTED_EDGE ( 'NONE', *, *, #1300, .F. ) ;
#294 = PRODUCT_DEFINITION_FORMATION_WITH_SPECIFIED_SOURCE ( 'ä»', '', #140, .NOT_KNOWN. ) ;
#295 =( NAMED_UNIT ( * ) SI_UNIT ( $, .STERADIAN. ) SOLID_ANGLE_UNIT ( ) );
#296 = AXIS2_PLACEMENT_3D ( 'NONE', #1149, #719, #1420 ) ;
#297 = CIRCLE ( 'NONE', #1346, 1.000000000000000000 ) ;
#298 = CARTESIAN_POINT ( 'NONE',  ( 5.750000000000000000, 0.000000000000000000, 3.000000000000000000 ) ) ;
#299 = EDGE_CURVE ( 'NONE', #678, #361, #706, .T. ) ;
#300 = DIRECTION ( 'NONE',  ( 1.000000000000000000, 0.000000000000000000, 0.000000000000000000 ) ) ;
#301 =( GEOMETRIC_REPRESENTATION_CONTEXT ( 3 ) GLOBAL_UNCERTAINTY_ASSIGNED_CONTEXT ( ( #101 ) ) GLOBAL_UNIT_ASSIGNED_CONTEXT ( ( #1607, #936, #295 ) ) REPRESENTATION_CONTEXT ( 'NONE', 'WORKASPACE' ) );
#302 = FACE_OUTER_BOUND ( 'NONE', #795, .T. ) ;
#303 = EDGE_LOOP ( 'NONE', ( #1279, #910 ) ) ;
#304 = CIRCLE ( 'NONE', #1267, 1.100000000000000311 ) ;
#305 = AXIS2_PLACEMENT_3D ( 'NONE', #1694, #144, #1560 ) ;
#306 = CARTESIAN_POINT ( 'NONE',  ( -1.499999999999998224, 10.32294901687515498, 6.605689966121281564 ) ) ;
#307 = EDGE_CURVE ( 'NONE', #733, #176, #589, .T. ) ;
#308 = DIRECTION ( 'NONE',  ( 1.000000000000000000, 0.000000000000000000, 0.000000000000000000 ) ) ;
#309 = AXIS2_PLACEMENT_3D ( 'NONE', #751, #1563, #375 ) ;
#310 = LINE ( 'NONE', #713, #1428 ) ;
#311 = ORIENTED_EDGE ( 'NONE', *, *, #1227, .F. ) ;
#312 = DIRECTION ( 'NONE',  ( -0.000000000000000000, -1.000000000000000000, -0.000000000000000000 ) ) ;
#313 = LINE ( 'NONE', #329, #330 ) ;
#314 = CARTESIAN_POINT ( 'NONE',  ( -7.500000000000000888, 14.49999999999999467, 3.000000000000000000 ) ) ;
#315 = VERTEX_POINT ( 'NONE', #1233 ) ;
#316 = DIRECTION ( 'NONE',  ( 1.000000000000000000, -1.776356839400250859E-15, 0.000000000000000000 ) ) ;
#317 = ORIENTED_EDGE ( 'NONE', *, *, #157, .F. ) ;
#318 = DATE_TIME_ROLE ( 'classification_date' ) ;
#319 = DIRECTION ( 'NONE',  ( -0.000000000000000000, -1.000000000000000000, -0.000000000000000000 ) ) ;
#320 = DIRECTION ( 'NONE',  ( -0.000000000000000000, -0.000000000000000000, 1.000000000000000000 ) ) ;
#321 = CARTESIAN_POINT ( 'NONE',  ( 1.500000000000002220, -2.500000000000003997, 5.700000000000000178 ) ) ;
#322 = ORIENTED_EDGE ( 'NONE', *, *, #810, .T. ) ;
#323 = DIRECTION ( 'NONE',  ( 1.734723475976804629E-16, 1.000000000000000000, -0.000000000000000000 ) ) ;
#324 = DIRECTION ( 'NONE',  ( 1.000000000000000000, 0.000000000000000000, -0.000000000000000000 ) ) ;
#325 = EDGE_CURVE ( 'NONE', #1134, #1463, #1686, .T. ) ;
#326 = PRODUCT_DEFINITION_SHAPE ( 'NONE', 'NONE',  #1474 ) ;
#327 = VECTOR ( 'NONE', #1598, 1000.000000000000000 ) ;
#328 = CARTESIAN_POINT ( 'NONE',  ( -7.500000000000000888, 14.49999999999999467, 0.000000000000000000 ) ) ;
#329 = CARTESIAN_POINT ( 'NONE',  ( -1.499999999999996891, -2.500000000000002220, 10.00000000000000178 ) ) ;
#330 = VECTOR ( 'NONE', #1252, 1000.000000000000000 ) ;
#331 = EDGE_CURVE ( 'NONE', #1326, #1670, #671, .T. ) ;
#332 = EDGE_CURVE ( 'NONE', #137, #1455, #13, .T. ) ;
#333 = FACE_BOUND ( 'NONE', #1371, .T. ) ;
#334 = ORIENTED_EDGE ( 'NONE', *, *, #1592, .T. ) ;
#335 = CARTESIAN_POINT ( 'NONE',  ( -5.499999999999995559, -6.500000000000004441, 3.000000000000000888 ) ) ;
#336 = EDGE_CURVE ( 'NONE', #350, #226, #1602, .T. ) ;
#337 = FACE_OUTER_BOUND ( 'NONE', #1038, .T. ) ;
#338 = VECTOR ( 'NONE', #1380, 1000.000000000000000 ) ;
#339 = EDGE_CURVE ( 'NONE', #973, #1389, #571, .T. ) ;
#340 = LINE ( 'NONE', #190, #381 ) ;
#341 = FACE_OUTER_BOUND ( 'NONE', #1297, .T. ) ;
#342 = CARTESIAN_POINT ( 'NONE',  ( -1.100000000000000089, 0.000000000000000000, 2.000000000000000000 ) ) ;
#343 = ORIENTED_EDGE ( 'NONE', *, *, #1398, .T. ) ;
#344 = DIRECTION ( 'NONE',  ( 1.000000000000000000, 0.000000000000000000, 0.000000000000000000 ) ) ;
#345 = ORIENTED_EDGE ( 'NONE', *, *, #956, .F. ) ;
#346 = CARTESIAN_POINT ( 'NONE',  ( 8.000000000000000000, 12.00000000000000178, 2.000000000000000000 ) ) ;
#347 = CYLINDRICAL_SURFACE ( 'NONE', #850, 2.250000000000000444 ) ;
#348 = CC_DESIGN_APPROVAL ( #1524, ( #294 ) ) ;
#349 = LINE ( 'NONE', #89, #962 ) ;
#350 = VERTEX_POINT ( 'NONE', #1014 ) ;
#351 = CARTESIAN_POINT ( 'NONE',  ( 2.249999999999999556, -2.500000000000003553, 2.000000000000000000 ) ) ;
#352 = VERTEX_POINT ( 'NONE', #1400 ) ;
#353 = VERTEX_POINT ( 'NONE', #88 ) ;
#354 = CYLINDRICAL_SURFACE ( 'NONE', #821, 1.000000000000000000 ) ;
#355 = DIRECTION ( 'NONE',  ( -0.000000000000000000, -0.000000000000000000, 1.000000000000000000 ) ) ;
#356 = EDGE_CURVE ( 'NONE', #1152, #1565, #1523, .T. ) ;
#357 = FACE_OUTER_BOUND ( 'NONE', #251, .T. ) ;
#358 = EDGE_LOOP ( 'NONE', ( #1667, #363, #1603, #607, #148, #906, #1334, #382 ) ) ;
#359 = FACE_OUTER_BOUND ( 'NONE', #1595, .T. ) ;
#360 = ORIENTED_EDGE ( 'NONE', *, *, #1655, .T. ) ;
#361 = VERTEX_POINT ( 'NONE', #1410 ) ;
#362 = LINE ( 'NONE', #1438, #797 ) ;
#363 = ORIENTED_EDGE ( 'NONE', *, *, #1025, .F. ) ;
#364 = DIRECTION ( 'NONE',  ( 1.000000000000000000, 0.000000000000000000, 0.000000000000000000 ) ) ;
#365 = ORIENTED_EDGE ( 'NONE', *, *, #1662, .F. ) ;
#366 = CARTESIAN_POINT ( 'NONE',  ( -2.999999999999997335, 1.499999999999997113, 2.000000000000000000 ) ) ;
#367 = DIRECTION ( 'NONE',  ( 0.000000000000000000, 0.000000000000000000, -1.000000000000000000 ) ) ;
#368 = ORIENTED_EDGE ( 'NONE', *, *, #123, .F. ) ;
#369 = CARTESIAN_POINT ( 'NONE',  ( -1.499999999999997335, 4.036107182150715289, 3.000000000000000000 ) ) ;
#370 = EDGE_CURVE ( 'NONE', #471, #834, #1540, .T. ) ;
#371 = ORIENTED_EDGE ( 'NONE', *, *, #1205, .T. ) ;
#372 = CARTESIAN_POINT ( 'NONE',  ( -1.499999999999996891, -2.500000000000003553, 10.00000000000000178 ) ) ;
#373 = EDGE_LOOP ( 'NONE', ( #1203, #529, #1395, #1643, #651, #293, #257, #234, #880, #507, #1169, #1009, #758, #1431, #186 ) ) ;
#374 = FACE_OUTER_BOUND ( 'NONE', #1231, .T. ) ;
#375 = DIRECTION ( 'NONE',  ( 1.000000000000000000, 7.542275982507855914E-17, 6.274666573683013976E-18 ) ) ;
#376 = ORIENTED_EDGE ( 'NONE', *, *, #1002, .T. ) ;
#377 = EDGE_LOOP ( 'NONE', ( #804, #913, #95, #1153 ) ) ;
#378 = AXIS2_PLACEMENT_3D ( 'NONE', #476, #80, #1156 ) ;
#379 = VECTOR ( 'NONE', #1650, 1000.000000000000000 ) ;
#380 = PLANE ( 'NONE',  #1350 ) ;
#381 = VECTOR ( 'NONE', #1138, 1000.000000000000000 ) ;
#382 = ORIENTED_EDGE ( 'NONE', *, *, #1511, .T. ) ;
#383 = VECTOR ( 'NONE', #923, 1000.000000000000000 ) ;
#384 = DIRECTION ( 'NONE',  ( 0.000000000000000000, 0.000000000000000000, 1.000000000000000000 ) ) ;
#385 = EDGE_CURVE ( 'NONE', #828, #1406, #1393, .T. ) ;
#386 = VERTEX_POINT ( 'NONE', #868 ) ;
#387 = DIRECTION ( 'NONE',  ( 0.000000000000000000, -0.000000000000000000, -1.000000000000000000 ) ) ;
#388 = DIRECTION ( 'NONE',  ( 0.000000000000000000, -1.000000000000000000, 0.000000000000000000 ) ) ;
#389 = AXIS2_PLACEMENT_3D ( 'NONE', #1164, #384, #911 ) ;
#390 = ORIENTED_EDGE ( 'NONE', *, *, #688, .T. ) ;
#391 = ADVANCED_FACE ( 'NONE', ( #483 ), #347, .F. ) ;
#392 = VERTEX_POINT ( 'NONE', #1007 ) ;
#393 = CARTESIAN_POINT ( 'NONE',  ( -1.499999999999998668, 5.999999999999997335, 3.875000000000000444 ) ) ;
#394 = VECTOR ( 'NONE', #932, 1000.000000000000000 ) ;
#395 = DIRECTION ( 'NONE',  ( 0.000000000000000000, 0.000000000000000000, 1.000000000000000000 ) ) ;
#396 = CARTESIAN_POINT ( 'NONE',  ( -1.925278971162880826, 10.70333009244370537, 6.505000857882547116 ) ) ;
#397 = CARTESIAN_POINT ( 'NONE',  ( -1.499999999999997335, 1.677050983124844796, 8.894310033878717547 ) ) ;
#398 = CIRCLE ( 'NONE', #1665, 2.149999999999999467 ) ;
#399 =( BOUNDED_CURVE ( )  B_SPLINE_CURVE ( 3, ( #54, #858, #441, #721 ),
 .UNSPECIFIED., .F., .F. ) 
 B_SPLINE_CURVE_WITH_KNOTS ( ( 4, 4 ),
 ( 3.982661324157725335, 4.372552070930570522 ),
 .UNSPECIFIED. ) 
 CURVE ( )  GEOMETRIC_REPRESENTATION_ITEM ( )  RATIONAL_B_SPLINE_CURVE ( ( 1.000000000000000000, 0.9873721685969637507, 0.9873721685969637507, 1.000000000000000000 ) ) 
 REPRESENTATION_ITEM ( '' )  );
#400 = ORIENTED_EDGE ( 'NONE', *, *, #1511, .F. ) ;
#401 = ORIENTED_EDGE ( 'NONE', *, *, #75, .F. ) ;
#402 = DIRECTION ( 'NONE',  ( 1.000000000000000000, 0.000000000000000000, 0.000000000000000000 ) ) ;
#403 = CARTESIAN_POINT ( 'NONE',  ( -6.322949016875153205, 1.499999999999996447, 2.000000000000000000 ) ) ;
#404 = LINE ( 'NONE', #1322, #824 ) ;
#405 = DIRECTION ( 'NONE',  ( 0.000000000000000000, -0.000000000000000000, -1.000000000000000000 ) ) ;
#406 = ORIENTED_EDGE ( 'NONE', *, *, #1127, .F. ) ;
#407 = VERTEX_POINT ( 'NONE', #996 ) ;
#408 = FACE_OUTER_BOUND ( 'NONE', #1587, .T. ) ;
#409 = DIRECTION ( 'NONE',  ( 1.000000000000000000, 0.000000000000000000, -0.000000000000000000 ) ) ;
#410 = EDGE_CURVE ( 'NONE', #1558, #678, #1377, .T. ) ;
#411 = CARTESIAN_POINT ( 'NONE',  ( -1.499999999999998224, 10.32294901687515498, 6.605689966121281564 ) ) ;
#412 = CARTESIAN_POINT ( 'NONE',  ( -10.49999999999999467, -4.500000000000004441, 15.38516480713450285 ) ) ;
#413 = ADVANCED_FACE ( 'NONE', ( #341 ), #878, .F. ) ;
#414 = ORIENTED_EDGE ( 'NONE', *, *, #894, .T. ) ;
#415 = DIRECTION ( 'NONE',  ( -2.478176394252582620E-16, 1.000000000000000000, 0.000000000000000000 ) ) ;
#416 = ADVANCED_FACE ( 'NONE', ( #1673 ), #77, .F. ) ;
#417 = VECTOR ( 'NONE', #1284, 1000.000000000000000 ) ;
#418 = ORIENTED_EDGE ( 'NONE', *, *, #332, .F. ) ;
#419 = DIRECTION ( 'NONE',  ( 2.478176394252582620E-16, -1.000000000000000000, 0.000000000000000000 ) ) ;
#420 = FACE_OUTER_BOUND ( 'NONE', #100, .T. ) ;
#421 = CARTESIAN_POINT ( 'NONE',  ( 1.500000000000002220, -2.500000000000003997, 5.700000000000000178 ) ) ;
#422 = EDGE_LOOP ( 'NONE', ( #1416, #1, #672, #1549, #729, #991, #1303 ) ) ;
#423 = APPROVAL_STATUS ( 'not_yet_approved' ) ;
#424 = ADVANCED_FACE ( 'NONE', ( #1648 ), #1008, .F. ) ;
#425 = CARTESIAN_POINT ( 'NONE',  ( 0.000000000000000000, 0.000000000000000000, 3.000000000000000000 ) ) ;
#426 = CARTESIAN_POINT ( 'NONE',  ( -7.748847543319374765E-16, 12.00000000000000000, 2.000000000000000000 ) ) ;
#427 = DIRECTION ( 'NONE',  ( -1.000000000000000000, 0.000000000000000000, 0.000000000000000000 ) ) ;
#428 = ORIENTED_EDGE ( 'NONE', *, *, #1557, .F. ) ;
#429 = PERSON_AND_ORGANIZATION ( #659, #1401 ) ;
#430 = EDGE_CURVE ( 'NONE', #1060, #176, #819, .T. ) ;
#431 = DIRECTION ( 'NONE',  ( 0.000000000000000000, 0.000000000000000000, -1.000000000000000000 ) ) ;
#432 = LINE ( 'NONE', #181, #498 ) ;
#433 = ORIENTED_EDGE ( 'NONE', *, *, #732, .T. ) ;
#434 = VECTOR ( 'NONE', #1601, 1000.000000000000000 ) ;
#435 = CARTESIAN_POINT ( 'NONE',  ( -1.499999999999998002, 10.32294901687515498, 2.999999999999999112 ) ) ;
#436 = EDGE_CURVE ( 'NONE', #874, #873, #518, .T. ) ;
#437 = CARTESIAN_POINT ( 'NONE',  ( -1.499999999999998668, 5.999999999999997335, 3.875000000000000444 ) ) ;
#438 = APPROVAL ( #423, 'æœª' ) ;
#439 = CYLINDRICAL_SURFACE ( 'NONE', #1302, 2.149999999999999467 ) ;
#440 = VECTOR ( 'NONE', #1716, 1000.000000000000000 ) ;
#441 = CARTESIAN_POINT ( 'NONE',  ( -10.02322514221492078, 1.027455128290857944, 2.630059828945515044 ) ) ;
#442 = VERTEX_POINT ( 'NONE', #1534 ) ;
#443 = PERSON_AND_ORGANIZATION ( #659, #1401 ) ;
#444 = DIRECTION ( 'NONE',  ( 0.000000000000000000, 0.000000000000000000, -1.000000000000000000 ) ) ;
#445 = CLOSED_SHELL ( 'NONE', ( #391, #453, #817, #1484, #25, #578, #707, #1354, #413, #998, #459, #1638, #3, #765, #1610, #1311, #460, #1525, #563, #424, #1617, #416, #464, #581, #18, #1460, #1690, #912, #1077, #892, #1336, #1079, #1063, #1568, #787, #451, #1710, #207, #1281, #1487, #232, #130, #1671, #646, #485, #626, #1170, #1383, #638 ) ) ;
#446 = DIRECTION ( 'NONE',  ( 0.000000000000000000, 0.000000000000000000, 1.000000000000000000 ) ) ;
#447 = ORIENTED_EDGE ( 'NONE', *, *, #854, .T. ) ;
#448 = CARTESIAN_POINT ( 'NONE',  ( 5.999999999999995559, -6.500000000000004441, 10.00000000000000178 ) ) ;
#449 = DIRECTION ( 'NONE',  ( 1.000000000000000000, 0.000000000000000000, -0.000000000000000000 ) ) ;
#450 = APPROVAL_DATE_TIME ( #1372, #853 ) ;
#451 = ADVANCED_FACE ( 'NONE', ( #1674 ), #1550, .F. ) ;
#452 = LINE ( 'NONE', #598, #37 ) ;
#453 = ADVANCED_FACE ( 'NONE', ( #357 ), #458, .F. ) ;
#454 = DIRECTION ( 'NONE',  ( 1.000000000000000000, 0.000000000000000000, 0.000000000000000000 ) ) ;
#455 = EDGE_CURVE ( 'NONE', #137, #585, #349, .T. ) ;
#456 = AXIS2_PLACEMENT_3D ( 'NONE', #494, #748, #870 ) ;
#457 = CIRCLE ( 'NONE', #903, 1.100000000000000311 ) ;
#458 = CYLINDRICAL_SURFACE ( 'NONE', #1044, 2.250000000000000444 ) ;
#459 = ADVANCED_FACE ( 'NONE', ( #1394 ), #210, .F. ) ;
#460 = ADVANCED_FACE ( 'NONE', ( #1658, #1402, #592, #333 ), #1132, .F. ) ;
#461 = ORIENTED_EDGE ( 'NONE', *, *, #1088, .F. ) ;
#462 = CARTESIAN_POINT ( 'NONE',  ( 0.000000000000000000, 0.000000000000000000, 2.000000000000000000 ) ) ;
#463 = ORIENTED_EDGE ( 'NONE', *, *, #992, .F. ) ;
#464 = ADVANCED_FACE ( 'NONE', ( #1266 ), #612, .F. ) ;
#465 = CARTESIAN_POINT ( 'NONE',  ( -5.878679656440352730, 0.7499999999999937828, 3.000000000000001776 ) ) ;
#466 = CARTESIAN_POINT ( 'NONE',  ( 2.999999999999999112, 8.750000000000000000, 2.000000000000000000 ) ) ;
#467 = VECTOR ( 'NONE', #502, 1000.000000000000000 ) ;
#468 = DIRECTION ( 'NONE',  ( 1.000000000000000000, 7.709882115452476194E-16, 0.000000000000000000 ) ) ;
#469 = EDGE_LOOP ( 'NONE', ( #846, #989, #1675, #980, #1069, #8, #1270, #925, #1544, #1597 ) ) ;
#470 = DIRECTION ( 'NONE',  ( 0.000000000000000000, 0.000000000000000000, 1.000000000000000000 ) ) ;
#471 = VERTEX_POINT ( 'NONE', #1286 ) ;
#472 = AXIS2_PLACEMENT_3D ( 'NONE', #32, #554, #1094 ) ;
#473 = DIRECTION ( 'NONE',  ( -1.000000000000000000, -2.551063935260010984E-16, -0.000000000000000000 ) ) ;
#474 = APPLICATION_CONTEXT ( 'configuration controlled 3d designs of mechanical parts and assemblies' ) ;
#475 = AXIS2_PLACEMENT_3D ( 'NONE', #543, #1614, #1202 ) ;
#476 = CARTESIAN_POINT ( 'NONE',  ( -1.499999999999996891, -1.705568459573834418E-16, -6.034623405290886243E-32 ) ) ;
#477 = DIRECTION ( 'NONE',  ( -1.000000000000000000, 0.000000000000000000, 0.000000000000000000 ) ) ;
#478 = ORIENTED_EDGE ( 'NONE', *, *, #286, .T. ) ;
#479 = PLANE ( 'NONE',  #1629 ) ;
#480 = ORIENTED_EDGE ( 'NONE', *, *, #667, .F. ) ;
#481 = ORIENTED_EDGE ( 'NONE', *, *, #1282, .T. ) ;
#482 = CARTESIAN_POINT ( 'NONE',  ( -1.499999999999998002, 10.32294901687515498, 10.00000000000000178 ) ) ;
#483 = FACE_OUTER_BOUND ( 'NONE', #663, .T. ) ;
#484 = CC_DESIGN_SECURITY_CLASSIFICATION ( #1258, ( #294 ) ) ;
#485 = ADVANCED_FACE ( 'NONE', ( #1015 ), #1543, .F. ) ;
#486 = DIRECTION ( 'NONE',  ( -0.000000000000000000, -0.000000000000000000, 1.000000000000000000 ) ) ;
#487 = ORIENTED_EDGE ( 'NONE', *, *, #1206, .F. ) ;
#488 = DIRECTION ( 'NONE',  ( -0.000000000000000000, -0.000000000000000000, 1.000000000000000000 ) ) ;
#489 = ORIENTED_EDGE ( 'NONE', *, *, #1098, .F. ) ;
#490 = ORIENTED_EDGE ( 'NONE', *, *, #299, .F. ) ;
#491 = DIRECTION ( 'NONE',  ( 1.020425574104004246E-16, -1.000000000000000000, 0.000000000000000000 ) ) ;
#492 = AXIS2_PLACEMENT_3D ( 'NONE', #1212, #564, #805 ) ;
#493 = EDGE_LOOP ( 'NONE', ( #605, #882, #1561, #927 ) ) ;
#494 = CARTESIAN_POINT ( 'NONE',  ( 0.000000000000000000, 0.000000000000000000, 0.000000000000000000 ) ) ;
#495 = VERTEX_POINT ( 'NONE', #342 ) ;
#496 = DIRECTION ( 'NONE',  ( -0.000000000000000000, -0.000000000000000000, 1.000000000000000000 ) ) ;
#497 = ORIENTED_EDGE ( 'NONE', *, *, #49, .F. ) ;
#498 = VECTOR ( 'NONE', #698, 1000.000000000000000 ) ;
#499 = DIRECTION ( 'NONE',  ( 0.000000000000000000, -0.000000000000000000, -1.000000000000000000 ) ) ;
#500 = ORIENTED_EDGE ( 'NONE', *, *, #755, .F. ) ;
#501 = EDGE_CURVE ( 'NONE', #1670, #221, #726, .T. ) ;
#502 = DIRECTION ( 'NONE',  ( -0.000000000000000000, -0.000000000000000000, -1.000000000000000000 ) ) ;
#503 = EDGE_LOOP ( 'NONE', ( #1424, #1538, #1144, #1434 ) ) ;
#504 = DIRECTION ( 'NONE',  ( 1.000000000000000000, 0.000000000000000000, 0.000000000000000000 ) ) ;
#505 = LINE ( 'NONE', #654, #1196 ) ;
#506 = EDGE_LOOP ( 'NONE', ( #583, #81, #1579, #1314, #1122, #254, #1089, #1713, #1703, #933, #489 ) ) ;
#507 = ORIENTED_EDGE ( 'NONE', *, *, #1407, .T. ) ;
#508 = DIRECTION ( 'NONE',  ( -1.000000000000000000, 0.000000000000000000, 0.000000000000000000 ) ) ;
#509 = EDGE_CURVE ( 'NONE', #1307, #471, #1427, .T. ) ;
#510 = VERTEX_POINT ( 'NONE', #1516 ) ;
#511 = EDGE_CURVE ( 'NONE', #733, #1683, #900, .T. ) ;
#512 = DIRECTION ( 'NONE',  ( 0.000000000000000000, 0.000000000000000000, 1.000000000000000000 ) ) ;
#513 = ORIENTED_EDGE ( 'NONE', *, *, #385, .T. ) ;
#514 = CARTESIAN_POINT ( 'NONE',  ( 0.000000000000000000, 0.000000000000000000, 0.000000000000000000 ) ) ;
#515 = CARTESIAN_POINT ( 'NONE',  ( -1.499999999999996891, -2.500000000000002665, 0.000000000000000000 ) ) ;
#516 = ORIENTED_EDGE ( 'NONE', *, *, #26, .F. ) ;
#517 = ORIENTED_EDGE ( 'NONE', *, *, #104, .T. ) ;
#518 = CIRCLE ( 'NONE', #1711, 2.250000000000000444 ) ;
#519 = VECTOR ( 'NONE', #966, 1000.000000000000000 ) ;
#520 = LINE ( 'NONE', #132, #1542 ) ;
#521 = CC_DESIGN_APPROVAL ( #438, ( #1474 ) ) ;
#522 = VERTEX_POINT ( 'NONE', #999 ) ;
#523 = VECTOR ( 'NONE', #488, 1000.000000000000000 ) ;
#524 = LINE ( 'NONE', #244, #249 ) ;
#525 = LINE ( 'NONE', #533, #1719 ) ;
#526 = DIRECTION ( 'NONE',  ( 1.000000000000000000, 0.000000000000000000, 0.000000000000000000 ) ) ;
#527 = CIRCLE ( 'NONE', #389, 1.100000000000000089 ) ;
#528 = ORIENTED_EDGE ( 'NONE', *, *, #640, .F. ) ;
#529 = ORIENTED_EDGE ( 'NONE', *, *, #245, .F. ) ;
#530 = DIRECTION ( 'NONE',  ( -0.000000000000000000, -0.000000000000000000, -1.000000000000000000 ) ) ;
#531 = VECTOR ( 'NONE', #1036, 1000.000000000000000 ) ;
#532 = CARTESIAN_POINT ( 'NONE',  ( -1.100000000000000089, 0.000000000000000000, 3.000000000000000000 ) ) ;
#533 = CARTESIAN_POINT ( 'NONE',  ( -5.499999999999996447, -2.500000000000002220, 10.00000000000000178 ) ) ;
#534 = LINE ( 'NONE', #99, #1411 ) ;
#535 = ORIENTED_EDGE ( 'NONE', *, *, #599, .T. ) ;
#536 = CARTESIAN_POINT ( 'NONE',  ( -10.49999999999999467, -4.500000000000004441, 10.00000000000000178 ) ) ;
#537 = ORIENTED_EDGE ( 'NONE', *, *, #336, .F. ) ;
#538 = EDGE_CURVE ( 'NONE', #1239, #944, #1353, .T. ) ;
#539 = FACE_OUTER_BOUND ( 'NONE', #1085, .T. ) ;
#540 = CARTESIAN_POINT ( 'NONE',  ( 5.999999999999998224, 14.50099999999999412, 0.000000000000000000 ) ) ;
#541 = CARTESIAN_POINT ( 'NONE',  ( 5.750000000000000000, -2.500000000000003553, 2.000000000000000000 ) ) ;
#542 = ORIENTED_EDGE ( 'NONE', *, *, #1137, .F. ) ;
#543 = CARTESIAN_POINT ( 'NONE',  ( 3.999999999999999112, 6.000000000000000888, 10.00100000000000122 ) ) ;
#544 = ORIENTED_EDGE ( 'NONE', *, *, #356, .T. ) ;
#545 = DIRECTION ( 'NONE',  ( 0.000000000000000000, 0.000000000000000000, -1.000000000000000000 ) ) ;
#546 = CARTESIAN_POINT ( 'NONE',  ( -9.099999999999999645, 1.347111479062088257E-16, 2.000000000000000000 ) ) ;
#547 = VERTEX_POINT ( 'NONE', #1321 ) ;
#548 = DIRECTION ( 'NONE',  ( 0.000000000000000000, 0.000000000000000000, -1.000000000000000000 ) ) ;
#549 = VECTOR ( 'NONE', #1343, 1000.000000000000000 ) ;
#550 = ORIENTED_EDGE ( 'NONE', *, *, #766, .F. ) ;
#551 = EDGE_CURVE ( 'NONE', #982, #267, #264, .T. ) ;
#552 = CIRCLE ( 'NONE', #198, 2.149999999999999467 ) ;
#553 = CYLINDRICAL_SURFACE ( 'NONE', #994, 1.100000000000000089 ) ;
#554 = DIRECTION ( 'NONE',  ( 0.000000000000000000, 0.000000000000000000, -1.000000000000000000 ) ) ;
#555 = VECTOR ( 'NONE', #1596, 1000.000000000000000 ) ;
#556 = FACE_OUTER_BOUND ( 'NONE', #377, .T. ) ;
#557 = ORIENTED_EDGE ( 'NONE', *, *, #854, .F. ) ;
#558 = CALENDAR_DATE ( 2026, 7, 3 ) ;
#559 = CARTESIAN_POINT ( 'NONE',  ( -1.499999999999996669, -1.677050983124845018, 10.00000000000000178 ) ) ;
#560 = CARTESIAN_POINT ( 'NONE',  ( 5.999999999999998224, 6.000000000000000888, 2.000000000000000000 ) ) ;
#561 = DIRECTION ( 'NONE',  ( 0.000000000000000000, -1.000000000000000000, 0.000000000000000000 ) ) ;
#562 = EDGE_LOOP ( 'NONE', ( #497, #46 ) ) ;
#563 = ADVANCED_FACE ( 'NONE', ( #1071 ), #1441, .F. ) ;
#564 = DIRECTION ( 'NONE',  ( -1.000000000000000000, 0.000000000000000000, -2.602085213965210149E-16 ) ) ;
#565 = DIRECTION ( 'NONE',  ( -0.000000000000000000, -0.000000000000000000, -1.000000000000000000 ) ) ;
#566 = CARTESIAN_POINT ( 'NONE',  ( -10.49999999999999645, 1.499999999999995337, 2.000000000000000000 ) ) ;
#567 = AXIS2_PLACEMENT_3D ( 'NONE', #1580, #885, #1197 ) ;
#568 = CARTESIAN_POINT ( 'NONE',  ( -9.099999999999999645, 1.347111479062088257E-16, 0.000000000000000000 ) ) ;
#569 = ORIENTED_EDGE ( 'NONE', *, *, #1344, .T. ) ;
#570 = COORDINATED_UNIVERSAL_TIME_OFFSET ( 8, 0, .AHEAD. ) ;
#571 = LINE ( 'NONE', #209, #1082 ) ;
#572 = LINE ( 'NONE', #1224, #1470 ) ;
#573 = ORIENTED_EDGE ( 'NONE', *, *, #509, .F. ) ;
#574 = DIRECTION ( 'NONE',  ( 1.000000000000000000, 0.000000000000000000, 0.000000000000000000 ) ) ;
#575 = DIRECTION ( 'NONE',  ( 0.000000000000000000, 0.000000000000000000, 1.000000000000000000 ) ) ;
#576 = CARTESIAN_POINT ( 'NONE',  ( -10.49999999999999467, -5.500000000000002665, 0.000000000000000000 ) ) ;
#577 = CARTESIAN_POINT ( 'NONE',  ( -1.499999999999996891, -1.530638361156003534E-16, 3.000000000000000000 ) ) ;
#578 = ADVANCED_FACE ( 'NONE', ( #133 ), #789, .F. ) ;
#579 = EDGE_CURVE ( 'NONE', #1324, #392, #125, .T. ) ;
#580 = EDGE_CURVE ( 'NONE', #1706, #90, #524, .T. ) ;
#581 = ADVANCED_FACE ( 'NONE', ( #273 ), #107, .F. ) ;
#582 = DIRECTION ( 'NONE',  ( 1.734723475976804629E-16, 1.000000000000000000, 0.000000000000000000 ) ) ;
#583 = ORIENTED_EDGE ( 'NONE', *, *, #1204, .F. ) ;
#584 = CARTESIAN_POINT ( 'NONE',  ( -5.499999999999998224, 2.999999999999996003, -5.996517509627137417E-17 ) ) ;
#585 = VERTEX_POINT ( 'NONE', #1429 ) ;
#586 = PERSON_AND_ORGANIZATION ( #659, #1401 ) ;
#587 = LOCAL_TIME ( 17, 27, 25.00000000000000000, #570 ) ;
#588 = LINE ( 'NONE', #1283, #779 ) ;
#589 = LINE ( 'NONE', #836, #1514 ) ;
#590 = AXIS2_PLACEMENT_3D ( 'NONE', #728, #202, #218 ) ;
#591 = AXIS2_PLACEMENT_3D ( 'NONE', #1245, #1499, #316 ) ;
#592 = FACE_BOUND ( 'NONE', #112, .T. ) ;
#593 = EDGE_LOOP ( 'NONE', ( #1651, #1605, #433, #500 ) ) ;
#594 = LINE ( 'NONE', #45, #519 ) ;
#595 = VERTEX_POINT ( 'NONE', #652 ) ;
#596 = CIRCLE ( 'NONE', #567, 2.250000000000000444 ) ;
#597 = VECTOR ( 'NONE', #1192, 1000.000000000000000 ) ;
#598 = CARTESIAN_POINT ( 'NONE',  ( 5.999999999999995559, 1.030776406404407819, 10.00000000000000178 ) ) ;
#599 = EDGE_CURVE ( 'NONE', #495, #1239, #771, .T. ) ;
#600 = CARTESIAN_POINT ( 'NONE',  ( -1.499999999999998668, 5.999999999999997335, 3.875000000000000444 ) ) ;
#601 = AXIS2_PLACEMENT_3D ( 'NONE', #1527, #512, #282 ) ;
#602 = CARTESIAN_POINT ( 'NONE',  ( -7.748847543319374765E-16, 12.00000000000000000, 3.000000000000000000 ) ) ;
#603 = VERTEX_POINT ( 'NONE', #4 ) ;
#604 = DIRECTION ( 'NONE',  ( 0.000000000000000000, 0.000000000000000000, -1.000000000000000000 ) ) ;
#605 = ORIENTED_EDGE ( 'NONE', *, *, #339, .F. ) ;
#606 = AXIS2_PLACEMENT_3D ( 'NONE', #1029, #761, #632 ) ;
#607 = ORIENTED_EDGE ( 'NONE', *, *, #1335, .T. ) ;
#608 = EDGE_CURVE ( 'NONE', #1463, #647, #165, .T. ) ;
#609 = DIRECTION ( 'NONE',  ( 1.020425574104004246E-16, -1.000000000000000000, 0.000000000000000000 ) ) ;
#610 = CIRCLE ( 'NONE', #1448, 1.100000000000000089 ) ;
#611 = DIRECTION ( 'NONE',  ( 1.000000000000000000, 3.304235192336777977E-16, -0.000000000000000000 ) ) ;
#612 = PLANE ( 'NONE',  #296 ) ;
#613 = VERTEX_POINT ( 'NONE', #372 ) ;
#614 = DIRECTION ( 'NONE',  ( 1.000000000000000000, 0.000000000000000000, 0.000000000000000000 ) ) ;
#615 = VERTEX_POINT ( 'NONE', #1466 ) ;
#616 = ORIENTED_EDGE ( 'NONE', *, *, #154, .T. ) ;
#617 = CARTESIAN_POINT ( 'NONE',  ( 1.500000000000002220, -2.500000000000003997, 3.550000000000000711 ) ) ;
#618 = ORIENTED_EDGE ( 'NONE', *, *, #139, .F. ) ;
#619 = CARTESIAN_POINT ( 'NONE',  ( -8.000000000000000000, 0.000000000000000000, -4.363961030678929376 ) ) ;
#620 = ORIENTED_EDGE ( 'NONE', *, *, #289, .F. ) ;
#621 = CARTESIAN_POINT ( 'NONE',  ( 0.000000000000000000, -2.500000000000003553, 0.000000000000000000 ) ) ;
#622 = LINE ( 'NONE', #1159, #831 ) ;
#623 = EDGE_LOOP ( 'NONE', ( #712, #1615, #785, #649 ) ) ;
#624 = DIRECTION ( 'NONE',  ( 3.025680481354897402E-16, -1.000000000000000000, 0.000000000000000000 ) ) ;
#625 = AXIS2_PLACEMENT_3D ( 'NONE', #1392, #208, #252 ) ;
#626 = ADVANCED_FACE ( 'NONE', ( #1600, #899 ), #1301, .T. ) ;
#627 = VECTOR ( 'NONE', #1387, 1000.000000000000000 ) ;
#628 = ORIENTED_EDGE ( 'NONE', *, *, #29, .T. ) ;
#629 = DIRECTION ( 'NONE',  ( 2.478176394252582620E-16, -1.000000000000000000, 0.000000000000000000 ) ) ;
#630 = ORIENTED_EDGE ( 'NONE', *, *, #1300, .T. ) ;
#631 = CARTESIAN_POINT ( 'NONE',  ( -8.000000000000000000, 0.000000000000000000, 0.000000000000000000 ) ) ;
#632 = DIRECTION ( 'NONE',  ( 4.034240641806529869E-16, -1.000000000000000000, 0.000000000000000000 ) ) ;
#633 = ORIENTED_EDGE ( 'NONE', *, *, #332, .T. ) ;
#634 = EDGE_CURVE ( 'NONE', #386, #221, #798, .T. ) ;
#635 = VECTOR ( 'NONE', #1338, 1000.000000000000000 ) ;
#636 = EDGE_CURVE ( 'NONE', #137, #1307, #1198, .T. ) ;
#637 = LINE ( 'NONE', #764, #1717 ) ;
#638 = ADVANCED_FACE ( 'NONE', ( #539 ), #11, .T. ) ;
#639 = AXIS2_PLACEMENT_3D ( 'NONE', #149, #561, #1101 ) ;
#640 = EDGE_CURVE ( 'NONE', #392, #1389, #527, .T. ) ;
#641 = ORIENTED_EDGE ( 'NONE', *, *, #287, .T. ) ;
#642 = CARTESIAN_POINT ( 'NONE',  ( -1.499999999999996891, -2.500000000000003553, 2.000000000000000000 ) ) ;
#643 = ORIENTED_EDGE ( 'NONE', *, *, #159, .T. ) ;
#644 = FACE_BOUND ( 'NONE', #1699, .T. ) ;
#645 = CARTESIAN_POINT ( 'NONE',  ( -1.499999999999997335, 1.677050983124844796, 8.894310033878717547 ) ) ;
#646 = ADVANCED_FACE ( 'NONE', ( #255 ), #781, .T. ) ;
#647 = VERTEX_POINT ( 'NONE', #690 ) ;
#648 =( BOUNDED_CURVE ( )  B_SPLINE_CURVE ( 3, ( #793, #677, #9, #934 ),
 .UNSPECIFIED., .F., .F. ) 
 B_SPLINE_CURVE_WITH_KNOTS ( ( 4, 4 ),
 ( 3.871320309816757010, 4.712388980384689674 ),
 .UNSPECIFIED. ) 
 CURVE ( )  GEOMETRIC_REPRESENTATION_ITEM ( )  RATIONAL_B_SPLINE_CURVE ( ( 1.000000000000000000, 0.9419139527835175274, 0.9419139527835175274, 1.000000000000000000 ) ) 
 REPRESENTATION_ITEM ( '' )  );
#649 = ORIENTED_EDGE ( 'NONE', *, *, #287, .F. ) ;
#650 = DIRECTION ( 'NONE',  ( -1.000000000000000000, -2.551063935260010984E-16, 0.000000000000000000 ) ) ;
#651 = ORIENTED_EDGE ( 'NONE', *, *, #1509, .T. ) ;
#652 = CARTESIAN_POINT ( 'NONE',  ( 2.249999999999999556, -2.500000000000003553, 3.000000000000000000 ) ) ;
#653 = DIRECTION ( 'NONE',  ( 1.000000000000000000, 0.000000000000000000, 0.000000000000000000 ) ) ;
#654 = CARTESIAN_POINT ( 'NONE',  ( -9.099999999999999645, 1.347111479062088503E-16, -0.001000000000000132727 ) ) ;
#655 = ORIENTED_EDGE ( 'NONE', *, *, #1023, .T. ) ;
#656 = ORIENTED_EDGE ( 'NONE', *, *, #1435, .T. ) ;
#657 = CARTESIAN_POINT ( 'NONE',  ( -5.499999999999998224, 3.849999999999997424, 3.875000000000000444 ) ) ;
#658 = CIRCLE ( 'NONE', #1020, 2.250000000000000000 ) ;
#659 = PERSON ( 'æœª', 'æœª', 'æœª', ('æœª'), ('æœª'), ('æœª') ) ;
#660 = VECTOR ( 'NONE', #1175, 999.9999999999998863 ) ;
#661 = CARTESIAN_POINT ( 'NONE',  ( -1.100000000000000977, 12.00000000000000000, 3.000000000000000000 ) ) ;
#662 = DIRECTION ( 'NONE',  ( 1.000000000000000000, 0.000000000000000000, 0.000000000000000000 ) ) ;
#663 = EDGE_LOOP ( 'NONE', ( #1226, #1257, #360, #886 ) ) ;
#664 = DIRECTION ( 'NONE',  ( 0.000000000000000000, 1.000000000000000000, 0.000000000000000000 ) ) ;
#665 = ORIENTED_EDGE ( 'NONE', *, *, #199, .F. ) ;
#666 = DIRECTION ( 'NONE',  ( 1.000000000000000000, 0.000000000000000000, 0.000000000000000000 ) ) ;
#667 = EDGE_CURVE ( 'NONE', #873, #1332, #812, .T. ) ;
#668 = AXIS2_PLACEMENT_3D ( 'NONE', #1661, #1397, #731 ) ;
#669 = DIRECTION ( 'NONE',  ( 0.000000000000000000, 0.000000000000000000, -1.000000000000000000 ) ) ;
#670 = DIRECTION ( 'NONE',  ( 3.025680481354897402E-16, -1.000000000000000000, 0.000000000000000000 ) ) ;
#671 = LINE ( 'NONE', #1200, #1161 ) ;
#672 = ORIENTED_EDGE ( 'NONE', *, *, #1205, .F. ) ;
#673 = DIRECTION ( 'NONE',  ( -0.000000000000000000, 1.000000000000000000, -0.000000000000000000 ) ) ;
#674 = VERTEX_POINT ( 'NONE', #1352 ) ;
#675 = CARTESIAN_POINT ( 'NONE',  ( 2.250000000000000000, 0.000000000000000000, 2.000000000000000000 ) ) ;
#676 = VERTEX_POINT ( 'NONE', #290 ) ;
#677 = CARTESIAN_POINT ( 'NONE',  ( -1.984582974101606112, -1.243626794792760615, 9.667430622151030661 ) ) ;
#678 = VERTEX_POINT ( 'NONE', #20 ) ;
#679 = CARTESIAN_POINT ( 'NONE',  ( -1.499999999999998002, 3.849999999999998312, 3.875000000000000444 ) ) ;
#680 = AXIS2_PLACEMENT_3D ( 'NONE', #1412, #227, #477 ) ;
#681 = VECTOR ( 'NONE', #1230, 1000.000000000000000 ) ;
#682 = LINE ( 'NONE', #1213, #769 ) ;
#683 = PLANE ( 'NONE',  #472 ) ;
#684 = CARTESIAN_POINT ( 'NONE',  ( -10.25000000000000000, 2.755455298081545764E-16, 3.000000000000000888 ) ) ;
#685 = VECTOR ( 'NONE', #1702, 1000.000000000000000 ) ;
#686 = ORIENTED_EDGE ( 'NONE', *, *, #299, .T. ) ;
#687 = LINE ( 'NONE', #1342, #189 ) ;
#688 = EDGE_CURVE ( 'NONE', #1306, #221, #1093, .T. ) ;
#689 = EDGE_CURVE ( 'NONE', #1486, #442, #682, .T. ) ;
#690 = CARTESIAN_POINT ( 'NONE',  ( -6.322949016875153205, 1.499999999999996447, 2.000000000000000000 ) ) ;
#691 = CARTESIAN_POINT ( 'NONE',  ( -6.499999999999977796, -6.500000000000004441, 10.00000000000000178 ) ) ;
#692 = AXIS2_PLACEMENT_3D ( 'NONE', #33, #548, #427 ) ;
#693 = DIRECTION ( 'NONE',  ( 1.000000000000000000, 0.000000000000000000, 0.000000000000000000 ) ) ;
#694 = ORIENTED_EDGE ( 'NONE', *, *, #1505, .F. ) ;
#695 = CALENDAR_DATE ( 2026, 7, 3 ) ;
#696 = CARTESIAN_POINT ( 'NONE',  ( 3.999999999999999112, 6.000000000000000888, 3.000000000000000000 ) ) ;
#697 = CARTESIAN_POINT ( 'NONE',  ( 5.750000000000000000, 0.000000000000000000, -5.079901129253149961 ) ) ;
#698 = DIRECTION ( 'NONE',  ( -1.000000000000000000, -2.478176394252582620E-16, 0.000000000000000000 ) ) ;
#699 = ORIENTED_EDGE ( 'NONE', *, *, #436, .F. ) ;
#700 = PLANE ( 'NONE',  #111 ) ;
#701 = CARTESIAN_POINT ( 'NONE',  ( 1.500000000000002442, -2.500000000000003997, 7.849999999999999645 ) ) ;
#702 = VERTEX_POINT ( 'NONE', #546 ) ;
#703 = CARTESIAN_POINT ( 'NONE',  ( -10.49999999999999645, 1.499999999999994893, -4.814824860968089633E-32 ) ) ;
#704 = ORIENTED_EDGE ( 'NONE', *, *, #1084, .T. ) ;
#705 = APPROVAL_ROLE ( '' ) ;
#706 = CIRCLE ( 'NONE', #51, 2.149999999999999023 ) ;
#707 = ADVANCED_FACE ( 'NONE', ( #1618 ), #553, .F. ) ;
#708 = CARTESIAN_POINT ( 'NONE',  ( -1.499999999999998668, 5.999999999999997335, 3.875000000000000444 ) ) ;
#709 = CYLINDRICAL_SURFACE ( 'NONE', #1465, 1.000000000000000000 ) ;
#710 = CIRCLE ( 'NONE', #114, 2.250000000000000444 ) ;
#711 = DIRECTION ( 'NONE',  ( 7.215498431451160161E-17, -0.7071067811865462405, 0.7071067811865489050 ) ) ;
#712 = ORIENTED_EDGE ( 'NONE', *, *, #1181, .T. ) ;
#713 = CARTESIAN_POINT ( 'NONE',  ( -1.499999999999998668, 14.49999999999999467, 5.500000000000000000 ) ) ;
#714 = ORIENTED_EDGE ( 'NONE', *, *, #814, .F. ) ;
#715 = PERSON_AND_ORGANIZATION ( #659, #1401 ) ;
#716 = CARTESIAN_POINT ( 'NONE',  ( 5.999999999999995559, 6.000000000000000000, 10.00000000000000178 ) ) ;
#717 = DIRECTION ( 'NONE',  ( 0.000000000000000000, -0.000000000000000000, 1.000000000000000000 ) ) ;
#718 = CC_DESIGN_PERSON_AND_ORGANIZATION_ASSIGNMENT ( #1249, #976, ( #294 ) ) ;
#719 = DIRECTION ( 'NONE',  ( -1.000000000000000000, -1.020425574104004246E-16, -8.046164540387850878E-33 ) ) ;
#720 = EDGE_LOOP ( 'NONE', ( #1150, #1680, #686, #14, #365, #1440, #117, #53 ) ) ;
#721 = CARTESIAN_POINT ( 'NONE',  ( -10.12132034355964549, 0.7499999999999928946, 3.000000000000001776 ) ) ;
#722 = FACE_BOUND ( 'NONE', #1271, .T. ) ;
#723 = EDGE_CURVE ( 'NONE', #442, #267, #1481, .T. ) ;
#724 = DIRECTION ( 'NONE',  ( 0.000000000000000000, 0.000000000000000000, -1.000000000000000000 ) ) ;
#725 = CARTESIAN_POINT ( 'NONE',  ( -8.000000000000000000, 0.000000000000000000, -0.001000000000000132727 ) ) ;
#726 = CIRCLE ( 'NONE', #1262, 2.250000000000000000 ) ;
#727 = CIRCLE ( 'NONE', #1712, 2.149999999999999467 ) ;
#728 = CARTESIAN_POINT ( 'NONE',  ( -7.748847543319374765E-16, 12.00000000000000000, 2.000000000000000000 ) ) ;
#729 = ORIENTED_EDGE ( 'NONE', *, *, #511, .F. ) ;
#730 = CARTESIAN_POINT ( 'NONE',  ( 1.500000000000002220, -6.500000000000004441, 5.700000000000000178 ) ) ;
#731 = DIRECTION ( 'NONE',  ( -1.000000000000000000, 0.000000000000000000, 0.000000000000000000 ) ) ;
#732 = EDGE_CURVE ( 'NONE', #834, #603, #1223, .T. ) ;
#733 = VERTEX_POINT ( 'NONE', #151 ) ;
#734 = AXIS2_PLACEMENT_3D ( 'NONE', #393, #650, #624 ) ;
#735 = AXIS2_PLACEMENT_3D ( 'NONE', #514, #1028, #1552 ) ;
#736 = CARTESIAN_POINT ( 'NONE',  ( 3.999999999999999112, 8.750000000000000000, 3.000000000000000000 ) ) ;
#737 = CARTESIAN_POINT ( 'NONE',  ( -8.000000000000000000, 0.000000000000000000, -4.363961030678929376 ) ) ;
#738 = DIRECTION ( 'NONE',  ( 1.000000000000000000, -1.734723475976804629E-16, 0.000000000000000000 ) ) ;
#739 = EDGE_CURVE ( 'NONE', #595, #603, #38, .T. ) ;
#740 = VERTEX_POINT ( 'NONE', #675 ) ;
#741 = CARTESIAN_POINT ( 'NONE',  ( -1.499999999999998446, 13.67705098312484502, 10.00000000000000178 ) ) ;
#742 = ORIENTED_EDGE ( 'NONE', *, *, #823, .T. ) ;
#743 = VECTOR ( 'NONE', #275, 1000.000000000000000 ) ;
#744 = ORIENTED_EDGE ( 'NONE', *, *, #767, .F. ) ;
#745 = DIRECTION ( 'NONE',  ( 1.000000000000000000, 0.000000000000000000, 0.000000000000000000 ) ) ;
#746 = DIRECTION ( 'NONE',  ( -0.000000000000000000, -0.000000000000000000, -1.000000000000000000 ) ) ;
#747 = ORIENTED_EDGE ( 'NONE', *, *, #551, .F. ) ;
#748 = DIRECTION ( 'NONE',  ( -0.000000000000000000, 0.000000000000000000, 1.000000000000000000 ) ) ;
#749 = EDGE_LOOP ( 'NONE', ( #1446, #1461, #1649, #1145 ) ) ;
#750 = LINE ( 'NONE', #1696, #660 ) ;
#751 = CARTESIAN_POINT ( 'NONE',  ( -1.499999999999998446, 11.78000000000000291, 6.219999999999997975 ) ) ;
#752 = ORIENTED_EDGE ( 'NONE', *, *, #1619, .F. ) ;
#753 = CARTESIAN_POINT ( 'NONE',  ( -2.250000000000000000, 0.000000000000000000, 2.000000000000000000 ) ) ;
#754 = ORIENTED_EDGE ( 'NONE', *, *, #1250, .F. ) ;
#755 = EDGE_CURVE ( 'NONE', #1455, #603, #1207, .T. ) ;
#756 = CARTESIAN_POINT ( 'NONE',  ( 8.000000000000000000, 0.000000000000000000, 2.000000000000000000 ) ) ;
#757 = EDGE_CURVE ( 'NONE', #1324, #973, #855, .T. ) ;
#758 = ORIENTED_EDGE ( 'NONE', *, *, #739, .T. ) ;
#759 = CARTESIAN_POINT ( 'NONE',  ( -2.250000000000001332, 11.92651994224016221, 6.073480057759835127 ) ) ;
#760 = VECTOR ( 'NONE', #1001, 1000.000000000000000 ) ;
#761 = DIRECTION ( 'NONE',  ( -1.000000000000000000, -2.551063935260010984E-16, 0.000000000000000000 ) ) ;
#762 = ORIENTED_EDGE ( 'NONE', *, *, #894, .F. ) ;
#763 = EDGE_CURVE ( 'NONE', #1517, #1060, #1477, .T. ) ;
#764 = CARTESIAN_POINT ( 'NONE',  ( -8.249999999999978684, -6.500000000000004441, 8.250000000000008882 ) ) ;
#765 = ADVANCED_FACE ( 'NONE', ( #845 ), #1100, .F. ) ;
#766 = EDGE_CURVE ( 'NONE', #1493, #786, #552, .T. ) ;
#767 = EDGE_CURVE ( 'NONE', #353, #792, #1363, .T. ) ;
#768 = VECTOR ( 'NONE', #1274, 1000.000000000000000 ) ;
#769 = VECTOR ( 'NONE', #30, 999.9999999999998863 ) ;
#770 = VERTEX_POINT ( 'NONE', #691 ) ;
#771 = LINE ( 'NONE', #532, #467 ) ;
#772 = EDGE_LOOP ( 'NONE', ( #905, #1669 ) ) ;
#773 = LINE ( 'NONE', #741, #523 ) ;
#774 = CARTESIAN_POINT ( 'NONE',  ( -5.499999999999998224, -6.500000000000004441, 10.00000000000000178 ) ) ;
#775 = ORIENTED_EDGE ( 'NONE', *, *, #794, .T. ) ;
#776 = VERTEX_POINT ( 'NONE', #560 ) ;
#777 = AXIS2_PLACEMENT_3D ( 'NONE', #426, #446, #832 ) ;
#778 = DIRECTION ( 'NONE',  ( -1.000000000000000000, -0.000000000000000000, -0.000000000000000000 ) ) ;
#779 = VECTOR ( 'NONE', #1672, 1000.000000000000000 ) ;
#780 = ORIENTED_EDGE ( 'NONE', *, *, #1362, .F. ) ;
#781 = PLANE ( 'NONE',  #171 ) ;
#782 = VERTEX_POINT ( 'NONE', #180 ) ;
#783 = DIRECTION ( 'NONE',  ( -1.982541115402066096E-16, 0.8000000000000000444, 0.5999999999999999778 ) ) ;
#784 = FACE_OUTER_BOUND ( 'NONE', #1067, .T. ) ;
#785 = ORIENTED_EDGE ( 'NONE', *, *, #954, .T. ) ;
#786 = VERTEX_POINT ( 'NONE', #701 ) ;
#787 = ADVANCED_FACE ( 'NONE', ( #825 ), #1215, .F. ) ;
#788 = FACE_OUTER_BOUND ( 'NONE', #720, .T. ) ;
#789 = CYLINDRICAL_SURFACE ( 'NONE', #305, 1.100000000000000089 ) ;
#790 = LINE ( 'NONE', #134, #1053 ) ;
#791 = CARTESIAN_POINT ( 'NONE',  ( -7.748847543319374765E-16, 12.00000000000000000, 0.000000000000000000 ) ) ;
#792 = VERTEX_POINT ( 'NONE', #965 ) ;
#793 = CARTESIAN_POINT ( 'NONE',  ( -1.499999999999996891, -1.677050983124846573, 9.782160554356577720 ) ) ;
#794 = EDGE_CURVE ( 'NONE', #547, #222, #1639, .T. ) ;
#795 = EDGE_LOOP ( 'NONE', ( #537, #901, #1413, #126, #1003 ) ) ;
#796 = CARTESIAN_POINT ( 'NONE',  ( -8.000000000000000000, 0.000000000000000000, -0.001000000000000132727 ) ) ;
#797 = VECTOR ( 'NONE', #1291, 1000.000000000000000 ) ;
#798 = LINE ( 'NONE', #642, #685 ) ;
#799 = VECTOR ( 'NONE', #454, 1000.000000000000000 ) ;
#800 = DIRECTION ( 'NONE',  ( -1.803874607862789855E-16, 0.7071067811865462405, -0.7071067811865489050 ) ) ;
#801 = CARTESIAN_POINT ( 'NONE',  ( -8.000000000000000000, 0.000000000000000000, 3.000000000000000888 ) ) ;
#802 = ORIENTED_EDGE ( 'NONE', *, *, #608, .F. ) ;
#803 = CARTESIAN_POINT ( 'NONE',  ( -1.100000000000000977, 12.00000000000000000, 2.000000000000000000 ) ) ;
#804 = ORIENTED_EDGE ( 'NONE', *, *, #1376, .T. ) ;
#805 = DIRECTION ( 'NONE',  ( -2.602085213965210149E-16, 0.000000000000000000, 1.000000000000000000 ) ) ;
#806 = CARTESIAN_POINT ( 'NONE',  ( 0.000000000000000000, 0.000000000000000000, 2.000000000000000000 ) ) ;
#807 = EDGE_LOOP ( 'NONE', ( #108, #704 ) ) ;
#808 = CARTESIAN_POINT ( 'NONE',  ( -2.250000000000000000, 0.000000000000000000, 9.338235294117648522 ) ) ;
#809 = ORIENTED_EDGE ( 'NONE', *, *, #971, .F. ) ;
#810 = EDGE_CURVE ( 'NONE', #522, #1348, #164, .T. ) ;
#811 = APPLICATION_PROTOCOL_DEFINITION ( 'international standard', 'config_control_design', 1994, #24 ) ;
#812 = LINE ( 'NONE', #822, #549 ) ;
#813 = DIRECTION ( 'NONE',  ( 0.000000000000000000, 0.000000000000000000, -1.000000000000000000 ) ) ;
#814 = EDGE_CURVE ( 'NONE', #361, #1172, #44, .T. ) ;
#815 = PLANE ( 'NONE',  #1616 ) ;
#816 = ORIENTED_EDGE ( 'NONE', *, *, #1186, .F. ) ;
#817 = ADVANCED_FACE ( 'NONE', ( #1497 ), #439, .F. ) ;
#818 = CYLINDRICAL_SURFACE ( 'NONE', #1606, 2.250000000000000444 ) ;
#819 = CIRCLE ( 'NONE', #590, 2.250000000000000000 ) ;
#820 = VECTOR ( 'NONE', #323, 1000.000000000000000 ) ;
#821 = AXIS2_PLACEMENT_3D ( 'NONE', #1118, #1531, #1241 ) ;
#822 = CARTESIAN_POINT ( 'NONE',  ( -10.25000000000000000, 2.755455298081545271E-16, -4.363961030678929376 ) ) ;
#823 = EDGE_CURVE ( 'NONE', #1102, #1486, #572, .T. ) ;
#824 = VECTOR ( 'NONE', #1072, 1000.000000000000000 ) ;
#825 = FACE_OUTER_BOUND ( 'NONE', #593, .T. ) ;
#826 = PLANE ( 'NONE',  #475 ) ;
#827 = AXIS2_PLACEMENT_3D ( 'NONE', #930, #1450, #1329 ) ;
#828 = VERTEX_POINT ( 'NONE', #291 ) ;
#829 = COORDINATED_UNIVERSAL_TIME_OFFSET ( 8, 0, .AHEAD. ) ;
#830 = CARTESIAN_POINT ( 'NONE',  ( -6.499999999999978684, -4.500000000000004441, 10.00000000000000178 ) ) ;
#831 = VECTOR ( 'NONE', #367, 1000.000000000000000 ) ;
#832 = DIRECTION ( 'NONE',  ( 1.000000000000000000, 0.000000000000000000, 0.000000000000000000 ) ) ;
#833 = DIRECTION ( 'NONE',  ( -9.864507371299256040E-17, 0.9667052278615118066, -0.2558925603162827134 ) ) ;
#834 = VERTEX_POINT ( 'NONE', #1491 ) ;
#835 = LINE ( 'NONE', #158, #327 ) ;
#836 = CARTESIAN_POINT ( 'NONE',  ( 2.279261428285921316E-14, 9.750000000000000000, 10.00100000000000122 ) ) ;
#837 = CARTESIAN_POINT ( 'NONE',  ( -1.499999999999998224, 11.78000000000000291, 6.219999999999997975 ) ) ;
#838 = ORIENTED_EDGE ( 'NONE', *, *, #103, .T. ) ;
#839 = FACE_OUTER_BOUND ( 'NONE', #1024, .T. ) ;
#840 = EDGE_LOOP ( 'NONE', ( #1043, #1500, #1572, #1519, #1498, #428 ) ) ;
#841 = EDGE_CURVE ( 'NONE', #834, #1547, #710, .T. ) ;
#842 = DATE_AND_TIME ( #1232, #1599 ) ;
#843 = DIRECTION ( 'NONE',  ( 1.000000000000000000, 0.000000000000000000, -0.000000000000000000 ) ) ;
#844 = CARTESIAN_POINT ( 'NONE',  ( 3.999999999999999112, 8.750000000000000000, 10.00100000000000122 ) ) ;
#845 = FACE_OUTER_BOUND ( 'NONE', #1050, .T. ) ;
#846 = ORIENTED_EDGE ( 'NONE', *, *, #163, .T. ) ;
#847 = APPROVAL_PERSON_ORGANIZATION ( #1103, #438, #281 ) ;
#848 = CARTESIAN_POINT ( 'NONE',  ( -5.500000000000000888, 14.49999999999999467, 3.499999999999994227 ) ) ;
#849 = FACE_OUTER_BOUND ( 'NONE', #859, .T. ) ;
#850 = AXIS2_PLACEMENT_3D ( 'NONE', #737, #355, #1532 ) ;
#851 = CARTESIAN_POINT ( 'NONE',  ( -5.499999999999998224, 1.499999999999996669, 2.000000000000000000 ) ) ;
#852 = CARTESIAN_POINT ( 'NONE',  ( 3.999999999999999112, 9.750000000000000000, 10.00100000000000122 ) ) ;
#853 = APPROVAL ( #1645, 'æœª' ) ;
#854 = EDGE_CURVE ( 'NONE', #1339, #1332, #1221, .T. ) ;
#855 = CIRCLE ( 'NONE', #777, 1.100000000000000089 ) ;
#856 = CARTESIAN_POINT ( 'NONE',  ( -7.748847543319374765E-16, 12.00000000000000000, 3.000000000000000000 ) ) ;
#857 = ORIENTED_EDGE ( 'NONE', *, *, #1557, .T. ) ;
#858 = CARTESIAN_POINT ( 'NONE',  ( -9.873241385814299775, 1.280652461526659014, 2.292463384631114653 ) ) ;
#859 = EDGE_LOOP ( 'NONE', ( #23, #960, #156, #317, #889 ) ) ;
#860 = VECTOR ( 'NONE', #609, 1000.000000000000000 ) ;
#861 = FACE_OUTER_BOUND ( 'NONE', #469, .T. ) ;
#862 = DIRECTION ( 'NONE',  ( -0.000000000000000000, -0.000000000000000000, 1.000000000000000000 ) ) ;
#863 = DIRECTION ( 'NONE',  ( -0.000000000000000000, -0.000000000000000000, -1.000000000000000000 ) ) ;
#864 = VERTEX_POINT ( 'NONE', #194 ) ;
#865 = PLANE ( 'NONE',  #1210 ) ;
#866 = EDGE_LOOP ( 'NONE', ( #205, #1247, #513, #1369 ) ) ;
#867 = DIRECTION ( 'NONE',  ( 0.000000000000000000, -1.000000000000000000, 0.000000000000000000 ) ) ;
#868 = CARTESIAN_POINT ( 'NONE',  ( -1.499999999999996891, -2.500000000000003553, 2.000000000000000000 ) ) ;
#869 = EDGE_CURVE ( 'NONE', #352, #674, #1243, .T. ) ;
#870 = DIRECTION ( 'NONE',  ( 1.000000000000000000, 0.000000000000000000, 0.000000000000000000 ) ) ;
#871 = ORIENTED_EDGE ( 'NONE', *, *, #336, .T. ) ;
#872 = CARTESIAN_POINT ( 'NONE',  ( -5.750000000000000000, 0.000000000000000000, 3.000000000000000888 ) ) ;
#873 = VERTEX_POINT ( 'NONE', #1355 ) ;
#874 = VERTEX_POINT ( 'NONE', #1613 ) ;
#875 = AXIS2_PLACEMENT_3D ( 'NONE', #1299, #1426, #508 ) ;
#876 = AXIS2_PLACEMENT_3D ( 'NONE', #109, #1278, #1046 ) ;
#877 = FACE_OUTER_BOUND ( 'NONE', #840, .T. ) ;
#878 = CYLINDRICAL_SURFACE ( 'NONE', #985, 1.100000000000000311 ) ;
#879 = DIRECTION ( 'NONE',  ( -1.000000000000000000, 0.000000000000000000, 0.000000000000000000 ) ) ;
#880 = ORIENTED_EDGE ( 'NONE', *, *, #183, .T. ) ;
#881 = CARTESIAN_POINT ( 'NONE',  ( -8.000000000000000000, 0.000000000000000000, 2.000000000000000000 ) ) ;
#882 = ORIENTED_EDGE ( 'NONE', *, *, #948, .T. ) ;
#883 = VECTOR ( 'NONE', #230, 1000.000000000000114 ) ;
#884 = ORIENTED_EDGE ( 'NONE', *, *, #1137, .T. ) ;
#885 = DIRECTION ( 'NONE',  ( 0.000000000000000000, 0.000000000000000000, 1.000000000000000000 ) ) ;
#886 = ORIENTED_EDGE ( 'NONE', *, *, #1246, .F. ) ;
#887 = AXIS2_PLACEMENT_3D ( 'NONE', #213, #1508, #324 ) ;
#888 = DIRECTION ( 'NONE',  ( 1.000000000000000000, 0.000000000000000000, 0.000000000000000000 ) ) ;
#889 = ORIENTED_EDGE ( 'NONE', *, *, #1181, .F. ) ;
#890 = CARTESIAN_POINT ( 'NONE',  ( -5.500000000000000000, 8.149999999999995026, 3.875000000000000888 ) ) ;
#891 = LINE ( 'NONE', #1705, #87 ) ;
#892 = ADVANCED_FACE ( 'NONE', ( #420 ), #683, .F. ) ;
#893 = ORIENTED_EDGE ( 'NONE', *, *, #922, .F. ) ;
#894 = EDGE_CURVE ( 'NONE', #1037, #1339, #399, .T. ) ;
#895 = EDGE_CURVE ( 'NONE', #1339, #352, #432, .T. ) ;
#896 = EDGE_CURVE ( 'NONE', #1160, #944, #1109, .T. ) ;
#897 = CARTESIAN_POINT ( 'NONE',  ( 5.999999999999997335, 14.49999999999999467, 2.000000000000000000 ) ) ;
#898 = EDGE_LOOP ( 'NONE', ( #1277, #400, #1479, #84, #742, #809 ) ) ;
#899 = FACE_OUTER_BOUND ( 'NONE', #250, .T. ) ;
#900 = CIRCLE ( 'NONE', #161, 2.250000000000000000 ) ;
#901 = ORIENTED_EDGE ( 'NONE', *, *, #1693, .T. ) ;
#902 = CARTESIAN_POINT ( 'NONE',  ( -2.250000000000000888, 12.00000000000000000, 2.000000000000000000 ) ) ;
#903 = AXIS2_PLACEMENT_3D ( 'NONE', #631, #387, #1704 ) ;
#904 = LINE ( 'NONE', #1305, #224 ) ;
#905 = ORIENTED_EDGE ( 'NONE', *, *, #159, .F. ) ;
#906 = ORIENTED_EDGE ( 'NONE', *, *, #1227, .T. ) ;
#907 = AXIS2_PLACEMENT_3D ( 'NONE', #346, #1373, #843 ) ;
#908 = DIRECTION ( 'NONE',  ( 1.020425574104004246E-16, -1.000000000000000000, 0.000000000000000000 ) ) ;
#909 = VECTOR ( 'NONE', #116, 1000.000000000000000 ) ;
#910 = ORIENTED_EDGE ( 'NONE', *, *, #948, .F. ) ;
#911 = DIRECTION ( 'NONE',  ( 1.000000000000000000, 0.000000000000000000, 0.000000000000000000 ) ) ;
#912 = ADVANCED_FACE ( 'NONE', ( #839 ), #1123, .F. ) ;
#913 = ORIENTED_EDGE ( 'NONE', *, *, #763, .T. ) ;
#914 = CARTESIAN_POINT ( 'NONE',  ( -1.499999999999998668, 14.49999999999999467, 2.000000000000000000 ) ) ;
#915 = LINE ( 'NONE', #577, #1495 ) ;
#916 = ORIENTED_EDGE ( 'NONE', *, *, #1253, .T. ) ;
#917 = ORIENTED_EDGE ( 'NONE', *, *, #263, .F. ) ;
#918 = CIRCLE ( 'NONE', #1359, 1.000000000000000000 ) ;
#919 = PLANE ( 'NONE',  #875 ) ;
#920 = AXIS2_PLACEMENT_3D ( 'NONE', #952, #292, #269 ) ;
#921 = CARTESIAN_POINT ( 'NONE',  ( 5.999999999999997335, 14.50099999999999412, 2.000000000000000000 ) ) ;
#922 = EDGE_CURVE ( 'NONE', #226, #352, #1269, .T. ) ;
#923 = DIRECTION ( 'NONE',  ( -2.602085213965210149E-16, -1.962564481372861908E-32, 1.000000000000000000 ) ) ;
#924 = CARTESIAN_POINT ( 'NONE',  ( 4.999999999999999112, 7.000000000000000888, 3.000000000000000000 ) ) ;
#925 = ORIENTED_EDGE ( 'NONE', *, *, #580, .T. ) ;
#926 = DIRECTION ( 'NONE',  ( -1.000000000000000000, -0.000000000000000000, -0.000000000000000000 ) ) ;
#927 = ORIENTED_EDGE ( 'NONE', *, *, #104, .F. ) ;
#928 = CARTESIAN_POINT ( 'NONE',  ( 0.000000000000000000, 0.000000000000000000, 3.000000000000000000 ) ) ;
#929 = LOCAL_TIME ( 17, 27, 25.00000000000000000, #993 ) ;
#930 = CARTESIAN_POINT ( 'NONE',  ( 0.000000000000000000, 0.000000000000000000, 3.000000000000000000 ) ) ;
#931 = DIRECTION ( 'NONE',  ( -2.466126842824813948E-16, 0.9667052278615118066, -0.2558925603162827134 ) ) ;
#932 = DIRECTION ( 'NONE',  ( -0.000000000000000000, -0.000000000000000000, -1.000000000000000000 ) ) ;
#933 = ORIENTED_EDGE ( 'NONE', *, *, #551, .T. ) ;
#934 = CARTESIAN_POINT ( 'NONE',  ( -2.250000000000000000, 0.000000000000000000, 9.338235294117648522 ) ) ;
#935 = VERTEX_POINT ( 'NONE', #568 ) ;
#936 =( NAMED_UNIT ( * ) PLANE_ANGLE_UNIT ( ) SI_UNIT ( $, .RADIAN. ) );
#937 = AXIS2_PLACEMENT_3D ( 'NONE', #272, #1456, #908 ) ;
#938 = DIRECTION ( 'NONE',  ( -0.7071067811865463515, -1.752335333352425438E-16, 0.7071067811865487940 ) ) ;
#939 = VECTOR ( 'NONE', #565, 1000.000000000000000 ) ;
#940 = LINE ( 'NONE', #1467, #383 ) ;
#941 = DIRECTION ( 'NONE',  ( 0.000000000000000000, 0.000000000000000000, 1.000000000000000000 ) ) ;
#942 = ORIENTED_EDGE ( 'NONE', *, *, #1098, .T. ) ;
#943 = CARTESIAN_POINT ( 'NONE',  ( 5.750000000000000000, 0.000000000000000000, 2.000000000000000000 ) ) ;
#944 = VERTEX_POINT ( 'NONE', #974 ) ;
#945 = DIRECTION ( 'NONE',  ( -1.000000000000000000, 0.000000000000000000, 0.000000000000000000 ) ) ;
#946 = VECTOR ( 'NONE', #711, 999.9999999999998863 ) ;
#947 = EDGE_CURVE ( 'NONE', #873, #1037, #1263, .T. ) ;
#948 = EDGE_CURVE ( 'NONE', #973, #1324, #1047, .T. ) ;
#949 = DIRECTION ( 'NONE',  ( -0.000000000000000000, -0.000000000000000000, 1.000000000000000000 ) ) ;
#950 = EDGE_CURVE ( 'NONE', #495, #1160, #241, .T. ) ;
#951 = DIRECTION ( 'NONE',  ( -1.000000000000000000, 0.000000000000000000, -0.000000000000000000 ) ) ;
#952 = CARTESIAN_POINT ( 'NONE',  ( -7.748847543319374765E-16, 12.00000000000000000, 10.00000000000000178 ) ) ;
#953 = ORIENTED_EDGE ( 'NONE', *, *, #947, .T. ) ;
#954 = EDGE_CURVE ( 'NONE', #595, #69, #1259, .T. ) ;
#955 = APPLICATION_PROTOCOL_DEFINITION ( 'international standard', 'config_control_design', 1994, #474 ) ;
#956 = EDGE_CURVE ( 'NONE', #315, #1463, #594, .T. ) ;
#957 = DIRECTION ( 'NONE',  ( -1.000000000000000000, 0.000000000000000000, 0.000000000000000000 ) ) ;
#958 = DIRECTION ( 'NONE',  ( -1.000000000000000000, -7.542275982507857147E-17, -6.274666573683013206E-18 ) ) ;
#959 = CARTESIAN_POINT ( 'NONE',  ( -2.250000000000001332, 12.65013628249812960, 5.349863717501866844 ) ) ;
#960 = ORIENTED_EDGE ( 'NONE', *, *, #501, .T. ) ;
#961 = PERSON_AND_ORGANIZATION_ROLE ( 'creator' ) ;
#962 = VECTOR ( 'NONE', #96, 1000.000000000000000 ) ;
#963 = VECTOR ( 'NONE', #1494, 1000.000000000000000 ) ;
#964 = VECTOR ( 'NONE', #274, 1000.000000000000000 ) ;
#965 = CARTESIAN_POINT ( 'NONE',  ( -1.499999999999998446, 13.67705098312484502, 4.322949016875147876 ) ) ;
#966 = DIRECTION ( 'NONE',  ( -1.000000000000000000, -2.478176394252583113E-16, -0.000000000000000000 ) ) ;
#967 = VERTEX_POINT ( 'NONE', #1238 ) ;
#968 = LINE ( 'NONE', #679, #963 ) ;
#969 = DIRECTION ( 'NONE',  ( 1.000000000000000000, 0.000000000000000000, 0.000000000000000000 ) ) ;
#970 = AXIS2_PLACEMENT_3D ( 'NONE', #1296, #1576, #526 ) ;
#971 = EDGE_CURVE ( 'NONE', #674, #1486, #1632, .T. ) ;
#972 = DIRECTION ( 'NONE',  ( 0.000000000000000000, -0.000000000000000000, -1.000000000000000000 ) ) ;
#973 = VERTEX_POINT ( 'NONE', #1660 ) ;
#974 = CARTESIAN_POINT ( 'NONE',  ( 1.100000000000000089, 1.347111479062088503E-16, 0.000000000000000000 ) ) ;
#975 = VERTEX_POINT ( 'NONE', #196 ) ;
#976 = PERSON_AND_ORGANIZATION_ROLE ( 'design_supplier' ) ;
#977 = PLANE ( 'NONE',  #625 ) ;
#978 = CARTESIAN_POINT ( 'NONE',  ( -1.499999999999997113, 1.677050983124844574, 10.00000000000000178 ) ) ;
#979 = CARTESIAN_POINT ( 'NONE',  ( -1.499999999999999334, 8.149999999999996803, 3.875000000000000888 ) ) ;
#980 = ORIENTED_EDGE ( 'NONE', *, *, #1083, .T. ) ;
#981 = DIRECTION ( 'NONE',  ( -1.000000000000000000, -2.551063935260010984E-16, 0.000000000000000000 ) ) ;
#982 = VERTEX_POINT ( 'NONE', #448 ) ;
#983 = SHAPE_DEFINITION_REPRESENTATION ( #326, #1254 ) ;
#984 = LINE ( 'NONE', #716, #178 ) ;
#985 = AXIS2_PLACEMENT_3D ( 'NONE', #725, #862, #1264 ) ;
#986 = AXIS2_PLACEMENT_3D ( 'NONE', #1143, #1370, #204 ) ;
#987 = CARTESIAN_POINT ( 'NONE',  ( 5.999999999999995559, -6.500000000000004441, 1.732050807568875195 ) ) ;
#988 = DIRECTION ( 'NONE',  ( 1.000000000000000000, 0.000000000000000000, 0.000000000000000000 ) ) ;
#989 = ORIENTED_EDGE ( 'NONE', *, *, #356, .F. ) ;
#990 = CARTESIAN_POINT ( 'NONE',  ( -9.677050983124846795, 1.499999999999995337, 2.000000000000000000 ) ) ;
#991 = ORIENTED_EDGE ( 'NONE', *, *, #307, .T. ) ;
#992 = EDGE_CURVE ( 'NONE', #90, #522, #297, .T. ) ;
#993 = COORDINATED_UNIVERSAL_TIME_OFFSET ( 8, 0, .AHEAD. ) ;
#994 = AXIS2_PLACEMENT_3D ( 'NONE', #425, #172, #957 ) ;
#995 = LINE ( 'NONE', #1663, #860 ) ;
#996 = CARTESIAN_POINT ( 'NONE',  ( 1.500000000000002442, -6.500000000000004441, 7.849999999999999645 ) ) ;
#997 = VECTOR ( 'NONE', #1504, 1000.000000000000000 ) ;
#998 = ADVANCED_FACE ( 'NONE', ( #1115, #1135 ), #865, .T. ) ;
#999 = CARTESIAN_POINT ( 'NONE',  ( 4.999999999999999112, 6.000000000000000888, 2.000000000000000000 ) ) ;
#1000 = ORIENTED_EDGE ( 'NONE', *, *, #634, .T. ) ;
#1001 = DIRECTION ( 'NONE',  ( 2.478176394252582620E-16, -1.000000000000000000, 6.878321229954416693E-33 ) ) ;
#1002 = EDGE_CURVE ( 'NONE', #407, #1546, #727, .T. ) ;
#1003 = ORIENTED_EDGE ( 'NONE', *, *, #1255, .T. ) ;
#1004 =( BOUNDED_CURVE ( )  B_SPLINE_CURVE ( 3, ( #1095, #1620, #959, #1485 ),
 .UNSPECIFIED., .F., .F. ) 
 B_SPLINE_CURVE_WITH_KNOTS ( ( 4, 4 ),
 ( 0.7297276562269647826, 1.570796326794896558 ),
 .UNSPECIFIED. ) 
 CURVE ( )  GEOMETRIC_REPRESENTATION_ITEM ( )  RATIONAL_B_SPLINE_CURVE ( ( 1.000000000000000000, 0.9419139527835176384, 0.9419139527835176384, 1.000000000000000000 ) ) 
 REPRESENTATION_ITEM ( '' )  );
#1005 = VECTOR ( 'NONE', #86, 999.9999999999998863 ) ;
#1006 = CYLINDRICAL_SURFACE ( 'NONE', #1681, 2.149999999999999023 ) ;
#1007 = CARTESIAN_POINT ( 'NONE',  ( -1.100000000000000977, 12.00000000000000000, 0.000000000000000000 ) ) ;
#1008 = CYLINDRICAL_SURFACE ( 'NONE', #1570, 1.100000000000000089 ) ;
#1009 = ORIENTED_EDGE ( 'NONE', *, *, #954, .F. ) ;
#1010 = DIRECTION ( 'NONE',  ( 2.551063935260010984E-16, -1.000000000000000000, 0.000000000000000000 ) ) ;
#1011 = ORIENTED_EDGE ( 'NONE', *, *, #1308, .F. ) ;
#1012 = VERTEX_POINT ( 'NONE', #848 ) ;
#1013 = FACE_BOUND ( 'NONE', #303, .T. ) ;
#1014 = CARTESIAN_POINT ( 'NONE',  ( -10.49999999999999467, -4.500000000000004441, 6.000000000000001776 ) ) ;
#1015 = FACE_OUTER_BOUND ( 'NONE', #1530, .T. ) ;
#1016 = ORIENTED_EDGE ( 'NONE', *, *, #956, .T. ) ;
#1017 = DIRECTION ( 'NONE',  ( -0.000000000000000000, -0.000000000000000000, -1.000000000000000000 ) ) ;
#1018 = ORIENTED_EDGE ( 'NONE', *, *, #1255, .F. ) ;
#1019 = ORIENTED_EDGE ( 'NONE', *, *, #755, .T. ) ;
#1020 = AXIS2_PLACEMENT_3D ( 'NONE', #1417, #499, #1179 ) ;
#1021 = VECTOR ( 'NONE', #1073, 1000.000000000000000 ) ;
#1022 = DIRECTION ( 'NONE',  ( -0.000000000000000000, 0.000000000000000000, 1.000000000000000000 ) ) ;
#1023 = EDGE_CURVE ( 'NONE', #168, #236, #310, .T. ) ;
#1024 = EDGE_LOOP ( 'NONE', ( #714, #490, #1217, #643 ) ) ;
#1025 = EDGE_CURVE ( 'NONE', #676, #315, #1364, .T. ) ;
#1026 = DIRECTION ( 'NONE',  ( 0.000000000000000000, 0.000000000000000000, 1.000000000000000000 ) ) ;
#1027 = ORIENTED_EDGE ( 'NONE', *, *, #1566, .T. ) ;
#1028 = DIRECTION ( 'NONE',  ( 0.000000000000000000, 0.000000000000000000, 1.000000000000000000 ) ) ;
#1029 = CARTESIAN_POINT ( 'NONE',  ( -5.499999999999999112, 5.999999999999996447, 3.875000000000000444 ) ) ;
#1030 = ORIENTED_EDGE ( 'NONE', *, *, #152, .F. ) ;
#1031 = DIRECTION ( 'NONE',  ( 0.000000000000000000, 0.000000000000000000, -1.000000000000000000 ) ) ;
#1032 = ORIENTED_EDGE ( 'NONE', *, *, #307, .F. ) ;
#1033 = CARTESIAN_POINT ( 'NONE',  ( -5.976774857785080997, 1.027455128290857500, 2.630059828945517708 ) ) ;
#1034 = VERTEX_POINT ( 'NONE', #584 ) ;
#1035 = CARTESIAN_POINT ( 'NONE',  ( -5.499999999999999112, 5.999999999999996447, 3.875000000000000444 ) ) ;
#1036 = DIRECTION ( 'NONE',  ( -1.000000000000000000, -0.000000000000000000, -0.000000000000000000 ) ) ;
#1037 = VERTEX_POINT ( 'NONE', #990 ) ;
#1038 = EDGE_LOOP ( 'NONE', ( #150, #1317, #1011, #418 ) ) ;
#1039 = CARTESIAN_POINT ( 'NONE',  ( -5.499999999999998224, -2.500000000000003553, 10.00000000000000178 ) ) ;
#1040 = CC_DESIGN_PERSON_AND_ORGANIZATION_ASSIGNMENT ( #715, #1510, ( #1258 ) ) ;
#1041 = APPROVAL_PERSON_ORGANIZATION ( #443, #1524, #705 ) ;
#1042 = EDGE_CURVE ( 'NONE', #246, #90, #1518, .T. ) ;
#1043 = ORIENTED_EDGE ( 'NONE', *, *, #1248, .F. ) ;
#1044 = AXIS2_PLACEMENT_3D ( 'NONE', #1276, #486, #364 ) ;
#1045 = ORIENTED_EDGE ( 'NONE', *, *, #1430, .T. ) ;
#1046 = DIRECTION ( 'NONE',  ( 1.000000000000000000, 0.000000000000000000, 0.000000000000000000 ) ) ;
#1047 = CIRCLE ( 'NONE', #986, 1.100000000000000089 ) ;
#1048 = LINE ( 'NONE', #110, #1275 ) ;
#1049 = ORIENTED_EDGE ( 'NONE', *, *, #1559, .T. ) ;
#1050 = EDGE_LOOP ( 'NONE', ( #544, #487, #1421, #285, #1055, #21 ) ) ;
#1051 = VECTOR ( 'NONE', #491, 1000.000000000000000 ) ;
#1052 = FACE_OUTER_BOUND ( 'NONE', #373, .T. ) ;
#1053 = VECTOR ( 'NONE', #6, 1000.000000000000000 ) ;
#1054 = EDGE_CURVE ( 'NONE', #828, #935, #457, .T. ) ;
#1055 = ORIENTED_EDGE ( 'NONE', *, *, #123, .T. ) ;
#1056 = DIRECTION ( 'NONE',  ( -1.000000000000000000, -2.478176394252582620E-16, 0.000000000000000000 ) ) ;
#1057 = CARTESIAN_POINT ( 'NONE',  ( -2.183429389296555723, 11.21216241018841764, 6.370309950244241293 ) ) ;
#1058 = CARTESIAN_POINT ( 'NONE',  ( -2.250000000000000000, 0.6501362824981296029, 9.166140395809319941 ) ) ;
#1059 = VERTEX_POINT ( 'NONE', #351 ) ;
#1060 = VERTEX_POINT ( 'NONE', #902 ) ;
#1061 = CIRCLE ( 'NONE', #1583, 2.149999999999999467 ) ;
#1062 = DIRECTION ( 'NONE',  ( -0.7071067811865487940, 0.000000000000000000, -0.7071067811865463515 ) ) ;
#1063 = ADVANCED_FACE ( 'NONE', ( #374 ), #1405, .F. ) ;
#1064 = CARTESIAN_POINT ( 'NONE',  ( -5.878679656440352730, 0.7499999999999937828, 3.000000000000001776 ) ) ;
#1065 = LINE ( 'NONE', #540, #597 ) ;
#1066 = CARTESIAN_POINT ( 'NONE',  ( 2.250000000000000000, 0.000000000000000000, 3.000000000000000000 ) ) ;
#1067 = EDGE_LOOP ( 'NONE', ( #744, #368, #311, #1178, #406, #1285 ) ) ;
#1068 = CARTESIAN_POINT ( 'NONE',  ( -10.49999999999999467, -4.500000000000004441, 3.000000000000000888 ) ) ;
#1069 = ORIENTED_EDGE ( 'NONE', *, *, #430, .T. ) ;
#1070 = CARTESIAN_POINT ( 'NONE',  ( 0.000000000000000000, 0.000000000000000000, 0.000000000000000000 ) ) ;
#1071 = FACE_OUTER_BOUND ( 'NONE', #270, .T. ) ;
#1072 = DIRECTION ( 'NONE',  ( 0.000000000000000000, 1.000000000000000000, 0.000000000000000000 ) ) ;
#1073 = DIRECTION ( 'NONE',  ( -1.000000000000000000, 0.000000000000000000, 0.000000000000000000 ) ) ;
#1074 = ORIENTED_EDGE ( 'NONE', *, *, #370, .F. ) ;
#1075 = LINE ( 'NONE', #1068, #1361 ) ;
#1076 = EDGE_LOOP ( 'NONE', ( #1045, #1611, #243, #762, #61, #802, #345, #280 ) ) ;
#1077 = ADVANCED_FACE ( 'NONE', ( #359 ), #127, .T. ) ;
#1078 = DIRECTION ( 'NONE',  ( -0.000000000000000000, 1.000000000000000000, 0.000000000000000000 ) ) ;
#1079 = ADVANCED_FACE ( 'NONE', ( #644, #1288 ), #479, .F. ) ;
#1080 = AXIS2_PLACEMENT_3D ( 'NONE', #223, #200, #745 ) ;
#1081 = DIRECTION ( 'NONE',  ( 0.000000000000000000, -1.000000000000000000, 0.000000000000000000 ) ) ;
#1082 = VECTOR ( 'NONE', #746, 1000.000000000000000 ) ;
#1083 = EDGE_CURVE ( 'NONE', #864, #1060, #217, .T. ) ;
#1084 = EDGE_CURVE ( 'NONE', #702, #1406, #304, .T. ) ;
#1085 = EDGE_LOOP ( 'NONE', ( #1318, #1030, #261, #754 ) ) ;
#1086 = DIRECTION ( 'NONE',  ( 0.000000000000000000, 0.5999999999999999778, -0.8000000000000000444 ) ) ;
#1087 = FACE_OUTER_BOUND ( 'NONE', #16, .T. ) ;
#1088 = EDGE_CURVE ( 'NONE', #864, #792, #773, .T. ) ;
#1089 = ORIENTED_EDGE ( 'NONE', *, *, #636, .F. ) ;
#1090 = PLANE ( 'NONE',  #492 ) ;
#1091 = VECTOR ( 'NONE', #1086, 1000.000000000000114 ) ;
#1092 = VECTOR ( 'NONE', #74, 1000.000000000000000 ) ;
#1093 = LINE ( 'NONE', #559, #1515 ) ;
#1094 = DIRECTION ( 'NONE',  ( -1.000000000000000000, 0.000000000000000000, -0.000000000000000000 ) ) ;
#1095 = CARTESIAN_POINT ( 'NONE',  ( -1.499999999999998446, 13.67705098312484502, 4.322949016875147876 ) ) ;
#1096 = ORIENTED_EDGE ( 'NONE', *, *, #49, .T. ) ;
#1097 = DATE_AND_TIME ( #558, #1265 ) ;
#1098 = EDGE_CURVE ( 'NONE', #1102, #267, #750, .T. ) ;
#1099 = CARTESIAN_POINT ( 'NONE',  ( -7.499999999999996447, -2.500000000000003553, 3.000000000000000000 ) ) ;
#1100 = PLANE ( 'NONE',  #1612 ) ;
#1101 = DIRECTION ( 'NONE',  ( 0.000000000000000000, -0.000000000000000000, -1.000000000000000000 ) ) ;
#1102 = VERTEX_POINT ( 'NONE', #1444 ) ;
#1103 = PERSON_AND_ORGANIZATION ( #659, #1401 ) ;
#1104 = CARTESIAN_POINT ( 'NONE',  ( -10.49999999999999467, -4.500000000000004441, 3.000000000000000888 ) ) ;
#1105 = EDGE_CURVE ( 'NONE', #1406, #702, #1351, .T. ) ;
#1106 =( BOUNDED_CURVE ( )  B_SPLINE_CURVE ( 3, ( #91, #759, #1545, #1562 ),
 .UNSPECIFIED., .F., .F. ) 
 B_SPLINE_CURVE_WITH_KNOTS ( ( 4, 4 ),
 ( 1.570796326794896558, 1.668730579341251241 ),
 .UNSPECIFIED. ) 
 CURVE ( )  GEOMETRIC_REPRESENTATION_ITEM ( )  RATIONAL_B_SPLINE_CURVE ( ( 1.000000000000000000, 0.9992008998728160174, 0.9992008998728160174, 1.000000000000000000 ) ) 
 REPRESENTATION_ITEM ( '' )  );
#1107 = CIRCLE ( 'NONE', #1578, 1.100000000000000311 ) ;
#1108 = DIRECTION ( 'NONE',  ( -1.000000000000000000, 0.000000000000000000, -0.000000000000000000 ) ) ;
#1109 = LINE ( 'NONE', #82, #338 ) ;
#1110 = ORIENTED_EDGE ( 'NONE', *, *, #154, .F. ) ;
#1111 = CALENDAR_DATE ( 2026, 7, 3 ) ;
#1112 = LINE ( 'NONE', #844, #1640 ) ;
#1113 = DIRECTION ( 'NONE',  ( -0.000000000000000000, 0.000000000000000000, 1.000000000000000000 ) ) ;
#1114 = ORIENTED_EDGE ( 'NONE', *, *, #1505, .T. ) ;
#1115 = FACE_OUTER_BOUND ( 'NONE', #358, .T. ) ;
#1116 = ORIENTED_EDGE ( 'NONE', *, *, #64, .T. ) ;
#1117 = CALENDAR_DATE ( 2026, 7, 3 ) ;
#1118 = CARTESIAN_POINT ( 'NONE',  ( 2.999999999999999112, 8.750000000000000000, 10.00100000000000122 ) ) ;
#1119 = FACE_OUTER_BOUND ( 'NONE', #503, .T. ) ;
#1120 = EDGE_CURVE ( 'NONE', #1172, #1567, #1489, .T. ) ;
#1121 = DIRECTION ( 'NONE',  ( 0.000000000000000000, 0.000000000000000000, 1.000000000000000000 ) ) ;
#1122 = ORIENTED_EDGE ( 'NONE', *, *, #1220, .F. ) ;
#1123 = CYLINDRICAL_SURFACE ( 'NONE', #72, 2.149999999999999023 ) ;
#1124 = ORIENTED_EDGE ( 'NONE', *, *, #160, .T. ) ;
#1125 = CARTESIAN_POINT ( 'NONE',  ( 5.750000000000000000, -2.500000000000003553, 2.000000000000000000 ) ) ;
#1126 = AXIS2_PLACEMENT_3D ( 'NONE', #600, #1148, #1664 ) ;
#1127 = EDGE_CURVE ( 'NONE', #1517, #547, #1106, .T. ) ;
#1128 = AXIS2_PLACEMENT_3D ( 'NONE', #1536, #229, #1010 ) ;
#1129 = CARTESIAN_POINT ( 'NONE',  ( 2.279261428285921316E-14, 9.750000000000000000, 2.000000000000000000 ) ) ;
#1130 = EDGE_CURVE ( 'NONE', #935, #828, #1107, .T. ) ;
#1131 = CIRCLE ( 'NONE', #734, 2.149999999999999023 ) ;
#1132 = PLANE ( 'NONE',  #456 ) ;
#1133 = CIRCLE ( 'NONE', #735, 1.100000000000000089 ) ;
#1134 = VERTEX_POINT ( 'NONE', #872 ) ;
#1135 = FACE_BOUND ( 'NONE', #772, .T. ) ;
#1136 = CYLINDRICAL_SURFACE ( 'NONE', #668, 2.250000000000000000 ) ;
#1137 = EDGE_CURVE ( 'NONE', #944, #1239, #1133, .T. ) ;
#1138 = DIRECTION ( 'NONE',  ( -0.000000000000000000, -1.000000000000000000, -0.000000000000000000 ) ) ;
#1139 = CARTESIAN_POINT ( 'NONE',  ( -6.899999999999999467, 0.000000000000000000, -0.001000000000000132727 ) ) ;
#1140 = CIRCLE ( 'NONE', #606, 2.149999999999999023 ) ;
#1141 = CARTESIAN_POINT ( 'NONE',  ( -8.000000000000000000, 0.000000000000000000, 2.000000000000000000 ) ) ;
#1142 = VERTEX_POINT ( 'NONE', #1151 ) ;
#1143 = CARTESIAN_POINT ( 'NONE',  ( -7.748847543319374765E-16, 12.00000000000000000, 2.000000000000000000 ) ) ;
#1144 = ORIENTED_EDGE ( 'NONE', *, *, #1564, .T. ) ;
#1145 = ORIENTED_EDGE ( 'NONE', *, *, #599, .F. ) ;
#1146 = VECTOR ( 'NONE', #693, 1000.000000000000000 ) ;
#1147 = CARTESIAN_POINT ( 'NONE',  ( -10.49999999999999467, -4.500000000000004441, 15.38516480713450285 ) ) ;
#1148 = DIRECTION ( 'NONE',  ( -1.000000000000000000, -2.551063935260010984E-16, 0.000000000000000000 ) ) ;
#1149 = CARTESIAN_POINT ( 'NONE',  ( -1.499999999999996891, -1.705568459573834418E-16, -6.034623405290886243E-32 ) ) ;
#1150 = ORIENTED_EDGE ( 'NONE', *, *, #1407, .F. ) ;
#1151 = CARTESIAN_POINT ( 'NONE',  ( 5.999999999999997335, 14.49999999999999645, 0.000000000000000000 ) ) ;
#1152 = VERTEX_POINT ( 'NONE', #914 ) ;
#1153 = ORIENTED_EDGE ( 'NONE', *, *, #1088, .T. ) ;
#1154 = LINE ( 'NONE', #1679, #76 ) ;
#1155 = EDGE_LOOP ( 'NONE', ( #630, #616, #665, #1032 ) ) ;
#1156 = DIRECTION ( 'NONE',  ( 1.020425574104004246E-16, -1.000000000000000000, 0.000000000000000000 ) ) ;
#1157 = ORIENTED_EDGE ( 'NONE', *, *, #1335, .F. ) ;
#1158 = DIRECTION ( 'NONE',  ( 4.034240641806529869E-16, -1.000000000000000000, 0.000000000000000000 ) ) ;
#1159 = CARTESIAN_POINT ( 'NONE',  ( 2.999999999999999112, 9.750000000000000000, 10.00100000000000122 ) ) ;
#1160 = VERTEX_POINT ( 'NONE', #1676 ) ;
#1161 = VECTOR ( 'NONE', #43, 1000.000000000000000 ) ;
#1162 = DIRECTION ( 'NONE',  ( 0.000000000000000000, -1.000000000000000000, 0.000000000000000000 ) ) ;
#1163 = EDGE_LOOP ( 'NONE', ( #1528, #1209 ) ) ;
#1164 = CARTESIAN_POINT ( 'NONE',  ( -7.748847543319374765E-16, 12.00000000000000000, 0.000000000000000000 ) ) ;
#1165 = VECTOR ( 'NONE', #1482, 1000.000000000000000 ) ;
#1166 = ORIENTED_EDGE ( 'NONE', *, *, #608, .T. ) ;
#1167 = DIRECTION ( 'NONE',  ( 0.000000000000000000, 0.000000000000000000, -1.000000000000000000 ) ) ;
#1168 = LINE ( 'NONE', #774, #531 ) ;
#1169 = ORIENTED_EDGE ( 'NONE', *, *, #1533, .T. ) ;
#1170 = ADVANCED_FACE ( 'NONE', ( #1295 ), #258, .T. ) ;
#1171 = CYLINDRICAL_SURFACE ( 'NONE', #106, 1.100000000000000311 ) ;
#1172 = VERTEX_POINT ( 'NONE', #890 ) ;
#1173 = DIRECTION ( 'NONE',  ( 2.602085213965210149E-16, 0.000000000000000000, -1.000000000000000000 ) ) ;
#1174 = ORIENTED_EDGE ( 'NONE', *, *, #331, .T. ) ;
#1175 = DIRECTION ( 'NONE',  ( -2.253471898105736575E-16, -0.5000000000000014433, 0.8660254037844379305 ) ) ;
#1176 = CARTESIAN_POINT ( 'NONE',  ( 2.279261428285921316E-14, 9.750000000000000000, 2.000000000000000000 ) ) ;
#1177 = ORIENTED_EDGE ( 'NONE', *, *, #766, .T. ) ;
#1178 = ORIENTED_EDGE ( 'NONE', *, *, #794, .F. ) ;
#1179 = DIRECTION ( 'NONE',  ( 1.000000000000000000, 0.000000000000000000, 0.000000000000000000 ) ) ;
#1180 = EDGE_LOOP ( 'NONE', ( #1124, #1027, #1244, #1574, #747 ) ) ;
#1181 = EDGE_CURVE ( 'NONE', #740, #1059, #1668, .T. ) ;
#1182 = CARTESIAN_POINT ( 'NONE',  ( -10.49999999999999645, -2.638528984468925119E-15, 5.999999999999998224 ) ) ;
#1183 = CARTESIAN_POINT ( 'NONE',  ( -1.499999999999998446, 13.67705098312484502, 2.000000000000000000 ) ) ;
#1184 = PLANE ( 'NONE',  #309 ) ;
#1185 = VERTEX_POINT ( 'NONE', #1715 ) ;
#1186 = EDGE_CURVE ( 'NONE', #967, #222, #525, .T. ) ;
#1187 = ORIENTED_EDGE ( 'NONE', *, *, #286, .F. ) ;
#1188 = AXIS2_PLACEMENT_3D ( 'NONE', #1349, #1078, #1366 ) ;
#1189 = FACE_OUTER_BOUND ( 'NONE', #1453, .T. ) ;
#1190 = AXIS2_PLACEMENT_3D ( 'NONE', #237, #1017, #504 ) ;
#1191 = DIRECTION ( 'NONE',  ( -1.000000000000000000, 0.000000000000000000, 0.000000000000000000 ) ) ;
#1192 = DIRECTION ( 'NONE',  ( -0.000000000000000000, -1.000000000000000000, -0.000000000000000000 ) ) ;
#1193 = ORIENTED_EDGE ( 'NONE', *, *, #157, .T. ) ;
#1194 = CYLINDRICAL_SURFACE ( 'NONE', #920, 2.250000000000000000 ) ;
#1195 = ORIENTED_EDGE ( 'NONE', *, *, #947, .F. ) ;
#1196 = VECTOR ( 'NONE', #496, 1000.000000000000000 ) ;
#1197 = DIRECTION ( 'NONE',  ( 1.000000000000000000, 0.000000000000000000, 0.000000000000000000 ) ) ;
#1198 = LINE ( 'NONE', #921, #1657 ) ;
#1199 = LINE ( 'NONE', #15, #1526 ) ;
#1200 = CARTESIAN_POINT ( 'NONE',  ( -2.250000000000000000, 0.000000000000000000, 10.00000000000000178 ) ) ;
#1201 = EDGE_LOOP ( 'NONE', ( #1695, #219, #620, #1110 ) ) ;
#1202 = DIRECTION ( 'NONE',  ( 0.000000000000000000, -0.000000000000000000, 1.000000000000000000 ) ) ;
#1203 = ORIENTED_EDGE ( 'NONE', *, *, #1220, .T. ) ;
#1204 = EDGE_CURVE ( 'NONE', #1142, #1102, #1065, .T. ) ;
#1205 = EDGE_CURVE ( 'NONE', #236, #547, #1590, .T. ) ;
#1206 = EDGE_CURVE ( 'NONE', #1142, #1565, #940, .T. ) ;
#1207 = LINE ( 'NONE', #1609, #1522 ) ;
#1208 = EDGE_CURVE ( 'NONE', #864, #1152, #1593, .T. ) ;
#1209 = ORIENTED_EDGE ( 'NONE', *, *, #1130, .F. ) ;
#1210 = AXIS2_PLACEMENT_3D ( 'NONE', #1492, #981, #212 ) ;
#1211 = ORIENTED_EDGE ( 'NONE', *, *, #896, .F. ) ;
#1212 = CARTESIAN_POINT ( 'NONE',  ( 5.999999999999995559, 14.50099999999999412, 10.00000000000000178 ) ) ;
#1213 = CARTESIAN_POINT ( 'NONE',  ( -10.49999999999999467, -5.500000000000002665, 0.000000000000000000 ) ) ;
#1214 = VECTOR ( 'NONE', #1173, 1000.000000000000000 ) ;
#1215 = PLANE ( 'NONE',  #31 ) ;
#1216 = DIRECTION ( 'NONE',  ( 1.000000000000000000, 0.000000000000000000, 0.000000000000000000 ) ) ;
#1217 = ORIENTED_EDGE ( 'NONE', *, *, #1698, .T. ) ;
#1218 = CC_DESIGN_PERSON_AND_ORGANIZATION_ASSIGNMENT ( #586, #47, ( #294 ) ) ;
#1219 = COORDINATED_UNIVERSAL_TIME_OFFSET ( 8, 0, .AHEAD. ) ;
#1220 = EDGE_CURVE ( 'NONE', #1547, #782, #404, .T. ) ;
#1221 = CIRCLE ( 'NONE', #253, 2.250000000000000444 ) ;
#1222 = VECTOR ( 'NONE', #724, 1000.000000000000000 ) ;
#1223 = LINE ( 'NONE', #298, #1442 ) ;
#1224 = CARTESIAN_POINT ( 'NONE',  ( -5.499999999999998224, -5.500000000000001776, 0.000000000000000000 ) ) ;
#1225 = FACE_OUTER_BOUND ( 'NONE', #422, .T. ) ;
#1226 = ORIENTED_EDGE ( 'NONE', *, *, #436, .T. ) ;
#1227 = EDGE_CURVE ( 'NONE', #222, #1012, #1584, .T. ) ;
#1228 = DIRECTION ( 'NONE',  ( -1.000000000000000000, -2.551063935260010984E-16, 0.000000000000000000 ) ) ;
#1229 = CARTESIAN_POINT ( 'NONE',  ( -8.000000000000000000, 0.000000000000000000, 3.000000000000000888 ) ) ;
#1230 = DIRECTION ( 'NONE',  ( -2.168404344971008868E-16, 1.000000000000000000, 0.000000000000000000 ) ) ;
#1231 = EDGE_LOOP ( 'NONE', ( #35, #569, #1114, #1096 ) ) ;
#1232 = CALENDAR_DATE ( 2026, 7, 3 ) ;
#1233 = CARTESIAN_POINT ( 'NONE',  ( -5.499999999999998224, 0.7499999999999938938, 3.000000000000001776 ) ) ;
#1234 = PRODUCT_RELATED_PRODUCT_CATEGORY ( 'detail', '', ( #140 ) ) ;
#1235 = AXIS2_PLACEMENT_3D ( 'NONE', #466, #1360, #184 ) ;
#1236 = CARTESIAN_POINT ( 'NONE',  ( 8.000000000000000000, 0.000000000000000000, 3.000000000000000000 ) ) ;
#1237 = ORIENTED_EDGE ( 'NONE', *, *, #950, .F. ) ;
#1238 = CARTESIAN_POINT ( 'NONE',  ( -5.499999999999998224, -2.500000000000002665, 10.00000000000000178 ) ) ;
#1239 = VERTEX_POINT ( 'NONE', #265 ) ;
#1240 = APPROVAL_ROLE ( '' ) ;
#1241 = DIRECTION ( 'NONE',  ( -1.000000000000000000, 0.000000000000000000, 0.000000000000000000 ) ) ;
#1242 = CARTESIAN_POINT ( 'NONE',  ( 4.999999999999999112, 7.000000000000000888, 10.00100000000000122 ) ) ;
#1243 = LINE ( 'NONE', #566, #1091 ) ;
#1244 = ORIENTED_EDGE ( 'NONE', *, *, #64, .F. ) ;
#1245 = CARTESIAN_POINT ( 'NONE',  ( -8.000000000000000000, 0.000000000000000000, 2.000000000000000000 ) ) ;
#1246 = EDGE_CURVE ( 'NONE', #874, #1134, #790, .T. ) ;
#1247 = ORIENTED_EDGE ( 'NONE', *, *, #1130, .T. ) ;
#1248 = EDGE_CURVE ( 'NONE', #361, #1626, #1403, .T. ) ;
#1249 = PERSON_AND_ORGANIZATION ( #659, #1401 ) ;
#1250 = EDGE_CURVE ( 'NONE', #615, #350, #1199, .T. ) ;
#1251 = DIRECTION ( 'NONE',  ( 2.551063935260010984E-16, -1.000000000000000000, 0.000000000000000000 ) ) ;
#1252 = DIRECTION ( 'NONE',  ( -1.000000000000000000, -9.912705577010325549E-17, 0.000000000000000000 ) ) ;
#1253 = EDGE_CURVE ( 'NONE', #1306, #1326, #648, .T. ) ;
#1254 = ADVANCED_BREP_SHAPE_REPRESENTATION ( '\X2\6ed157578fde63a5\X0\', ( #73, #1375 ), #301 ) ;
#1255 = EDGE_CURVE ( 'NONE', #676, #226, #1075, .T. ) ;
#1256 = CARTESIAN_POINT ( 'NONE',  ( 2.250000000000000000, 0.000000000000000000, -5.079901129253149961 ) ) ;
#1257 = ORIENTED_EDGE ( 'NONE', *, *, #667, .T. ) ;
#1258 = SECURITY_CLASSIFICATION ( '', '', #1501 ) ;
#1259 = LINE ( 'NONE', #70, #820 ) ;
#1260 = PLANE ( 'NONE',  #887 ) ;
#1261 = FACE_OUTER_BOUND ( 'NONE', #1436, .T. ) ;
#1262 = AXIS2_PLACEMENT_3D ( 'NONE', #235, #1026, #888 ) ;
#1263 = CIRCLE ( 'NONE', #591, 2.250000000000000444 ) ;
#1264 = DIRECTION ( 'NONE',  ( 1.000000000000000000, 0.000000000000000000, 0.000000000000000000 ) ) ;
#1265 = LOCAL_TIME ( 17, 27, 25.00000000000000000, #1219 ) ;
#1266 = FACE_OUTER_BOUND ( 'NONE', #1290, .T. ) ;
#1267 = AXIS2_PLACEMENT_3D ( 'NONE', #881, #220, #653 ) ;
#1268 = EDGE_LOOP ( 'NONE', ( #1641, #1016, #1633, #153, #557, #231, #893, #1018 ) ) ;
#1269 = LINE ( 'NONE', #1390, #379 ) ;
#1270 = ORIENTED_EDGE ( 'NONE', *, *, #289, .T. ) ;
#1271 = EDGE_LOOP ( 'NONE', ( #1237, #92 ) ) ;
#1272 = AXIS2_PLACEMENT_3D ( 'NONE', #1182, #938, #629 ) ;
#1273 = DIRECTION ( 'NONE',  ( 0.000000000000000000, -0.000000000000000000, -1.000000000000000000 ) ) ;
#1274 = DIRECTION ( 'NONE',  ( -0.000000000000000000, -0.000000000000000000, 1.000000000000000000 ) ) ;
#1275 = VECTOR ( 'NONE', #259, 1000.000000000000000 ) ;
#1276 = CARTESIAN_POINT ( 'NONE',  ( -8.000000000000000000, 0.000000000000000000, -4.363961030678929376 ) ) ;
#1277 = ORIENTED_EDGE ( 'NONE', *, *, #1430, .F. ) ;
#1278 = DIRECTION ( 'NONE',  ( 0.000000000000000000, 0.000000000000000000, 1.000000000000000000 ) ) ;
#1279 = ORIENTED_EDGE ( 'NONE', *, *, #757, .F. ) ;
#1280 = ORIENTED_EDGE ( 'NONE', *, *, #689, .F. ) ;
#1281 = ADVANCED_FACE ( 'NONE', ( #1087 ), #826, .T. ) ;
#1282 = EDGE_CURVE ( 'NONE', #1160, #495, #610, .T. ) ;
#1283 = CARTESIAN_POINT ( 'NONE',  ( -2.999999999999997335, 2.999999999999996447, -5.996517509627137417E-17 ) ) ;
#1284 = DIRECTION ( 'NONE',  ( -0.000000000000000000, -0.000000000000000000, 1.000000000000000000 ) ) ;
#1285 = ORIENTED_EDGE ( 'NONE', *, *, #1376, .F. ) ;
#1286 = CARTESIAN_POINT ( 'NONE',  ( 5.750000000000000000, 0.000000000000000000, 2.000000000000000000 ) ) ;
#1287 = ORIENTED_EDGE ( 'NONE', *, *, #823, .F. ) ;
#1288 = FACE_OUTER_BOUND ( 'NONE', #283, .T. ) ;
#1289 = LINE ( 'NONE', #1445, #440 ) ;
#1290 = EDGE_LOOP ( 'NONE', ( #618, #1687, #461, #1341 ) ) ;
#1291 = DIRECTION ( 'NONE',  ( -1.000000000000000000, -2.551063935260010984E-16, 0.000000000000000000 ) ) ;
#1292 = EDGE_LOOP ( 'NONE', ( #131, #1472, #463, #41 ) ) ;
#1293 = DIRECTION ( 'NONE',  ( 1.000000000000000000, 0.000000000000000000, 0.000000000000000000 ) ) ;
#1294 = VERTEX_POINT ( 'NONE', #175 ) ;
#1295 = FACE_OUTER_BOUND ( 'NONE', #1076, .T. ) ;
#1296 = CARTESIAN_POINT ( 'NONE',  ( 0.000000000000000000, 0.000000000000000000, 2.000000000000000000 ) ) ;
#1297 = EDGE_LOOP ( 'NONE', ( #93, #1312, #1621, #83 ) ) ;
#1298 = CIRCLE ( 'NONE', #1235, 1.000000000000000000 ) ;
#1299 = CARTESIAN_POINT ( 'NONE',  ( 0.000000000000000000, -6.500000000000004441, 1.732050807568875195 ) ) ;
#1300 = EDGE_CURVE ( 'NONE', #733, #1294, #1347, .T. ) ;
#1301 = PLANE ( 'NONE',  #1490 ) ;
#1302 = AXIS2_PLACEMENT_3D ( 'NONE', #1378, #1631, #431 ) ;
#1303 = ORIENTED_EDGE ( 'NONE', *, *, #430, .F. ) ;
#1304 = CARTESIAN_POINT ( 'NONE',  ( -8.000000000000000000, 0.000000000000000000, 0.000000000000000000 ) ) ;
#1305 = CARTESIAN_POINT ( 'NONE',  ( 5.999999999999997335, 14.50099999999999412, 2.000000000000000000 ) ) ;
#1306 = VERTEX_POINT ( 'NONE', #22 ) ;
#1307 = VERTEX_POINT ( 'NONE', #278 ) ;
#1308 = EDGE_CURVE ( 'NONE', #1455, #471, #1604, .T. ) ;
#1309 = AXIS2_PLACEMENT_3D ( 'NONE', #1330, #146, #670 ) ;
#1310 = CARTESIAN_POINT ( 'NONE',  ( 2.249999999999999556, -2.500000000000003553, -5.079901129253149961 ) ) ;
#1311 = ADVANCED_FACE ( 'NONE', ( #1225 ), #1471, .F. ) ;
#1312 = ORIENTED_EDGE ( 'NONE', *, *, #34, .T. ) ;
#1313 = CARTESIAN_POINT ( 'NONE',  ( -10.49999999999999645, -2.638528984468925119E-15, 0.000000000000000000 ) ) ;
#1314 = ORIENTED_EDGE ( 'NONE', *, *, #1398, .F. ) ;
#1315 = DIRECTION ( 'NONE',  ( 0.000000000000000000, -0.5999999999999999778, 0.8000000000000000444 ) ) ;
#1316 = LINE ( 'NONE', #515, #1635 ) ;
#1317 = ORIENTED_EDGE ( 'NONE', *, *, #509, .T. ) ;
#1318 = ORIENTED_EDGE ( 'NONE', *, *, #1566, .F. ) ;
#1319 = CARTESIAN_POINT ( 'NONE',  ( 1.500000000000002220, -6.500000000000004441, 3.550000000000000711 ) ) ;
#1320 = APPROVAL_PERSON_ORGANIZATION ( #188, #853, #1240 ) ;
#1321 = CARTESIAN_POINT ( 'NONE',  ( -2.239218613713275907, 11.78000000000000291, 6.219999999999997975 ) ) ;
#1322 = CARTESIAN_POINT ( 'NONE',  ( 5.999999999999997335, 14.50099999999999412, 3.000000000000000000 ) ) ;
#1323 = DIRECTION ( 'NONE',  ( 1.000000000000000000, 0.000000000000000000, 0.000000000000000000 ) ) ;
#1324 = VERTEX_POINT ( 'NONE', #803 ) ;
#1325 = CARTESIAN_POINT ( 'NONE',  ( 2.279261428285921316E-14, 9.750000000000000000, 3.000000000000000000 ) ) ;
#1326 = VERTEX_POINT ( 'NONE', #808 ) ;
#1327 = VECTOR ( 'NONE', #1688, 1000.000000000000000 ) ;
#1328 = CARTESIAN_POINT ( 'NONE',  ( -1.499999999999999112, 7.963892817849279382, 3.000000000000000000 ) ) ;
#1329 = DIRECTION ( 'NONE',  ( -1.000000000000000000, 0.000000000000000000, 0.000000000000000000 ) ) ;
#1330 = CARTESIAN_POINT ( 'NONE',  ( -1.499999999999998668, 5.999999999999997335, 3.875000000000000444 ) ) ;
#1331 = DIRECTION ( 'NONE',  ( 1.000000000000000000, 0.000000000000000000, 0.000000000000000000 ) ) ;
#1332 = VERTEX_POINT ( 'NONE', #684 ) ;
#1333 = LINE ( 'NONE', #167, #1588 ) ;
#1334 = ORIENTED_EDGE ( 'NONE', *, *, #1541, .T. ) ;
#1335 = EDGE_CURVE ( 'NONE', #510, #967, #1333, .T. ) ;
#1336 = ADVANCED_FACE ( 'NONE', ( #141, #1340 ), #40, .T. ) ;
#1337 = PLANE ( 'NONE',  #1188 ) ;
#1338 = DIRECTION ( 'NONE',  ( 1.000000000000000000, 0.000000000000000000, 0.000000000000000000 ) ) ;
#1339 = VERTEX_POINT ( 'NONE', #1625 ) ;
#1340 = FACE_BOUND ( 'NONE', #562, .T. ) ;
#1341 = ORIENTED_EDGE ( 'NONE', *, *, #1208, .T. ) ;
#1342 = CARTESIAN_POINT ( 'NONE',  ( 5.999999999999995559, 14.50099999999999412, 10.00000000000000178 ) ) ;
#1343 = DIRECTION ( 'NONE',  ( -0.000000000000000000, -0.000000000000000000, 1.000000000000000000 ) ) ;
#1344 = EDGE_CURVE ( 'NONE', #786, #1493, #398, .T. ) ;
#1345 = DIRECTION ( 'NONE',  ( 7.542275982507855914E-17, -1.000000000000000000, 0.000000000000000000 ) ) ;
#1346 = AXIS2_PLACEMENT_3D ( 'NONE', #1396, #187, #344 ) ;
#1347 = LINE ( 'NONE', #1325, #1146 ) ;
#1348 = VERTEX_POINT ( 'NONE', #1454 ) ;
#1349 = CARTESIAN_POINT ( 'NONE',  ( 2.279261428285921316E-14, 9.750000000000000000, 10.00100000000000122 ) ) ;
#1350 = AXIS2_PLACEMENT_3D ( 'NONE', #928, #1022, #402 ) ;
#1351 = CIRCLE ( 'NONE', #1190, 1.100000000000000311 ) ;
#1352 = CARTESIAN_POINT ( 'NONE',  ( -10.49999999999999645, 2.999999999999994671, -5.996517509627137417E-17 ) ) ;
#1353 = CIRCLE ( 'NONE', #601, 1.100000000000000089 ) ;
#1354 = ADVANCED_FACE ( 'NONE', ( #556 ), #1194, .F. ) ;
#1355 = CARTESIAN_POINT ( 'NONE',  ( -10.25000000000000000, 2.755455298081545764E-16, 2.000000000000000000 ) ) ;
#1356 = DIRECTION ( 'NONE',  ( 0.000000000000000000, 0.000000000000000000, 1.000000000000000000 ) ) ;
#1357 = EDGE_LOOP ( 'NONE', ( #1177, #1678, #376, #694 ) ) ;
#1358 = CARTESIAN_POINT ( 'NONE',  ( 3.999999999999999112, 8.750000000000000000, 2.000000000000000000 ) ) ;
#1359 = AXIS2_PLACEMENT_3D ( 'NONE', #924, #405, #662 ) ;
#1360 = DIRECTION ( 'NONE',  ( -0.000000000000000000, -0.000000000000000000, -1.000000000000000000 ) ) ;
#1361 = VECTOR ( 'NONE', #926, 1000.000000000000000 ) ;
#1362 = EDGE_CURVE ( 'NONE', #195, #510, #1478, .T. ) ;
#1363 = LINE ( 'NONE', #837, #946 ) ;
#1364 = LINE ( 'NONE', #335, #681 ) ;
#1365 = ORIENTED_EDGE ( 'NONE', *, *, #971, .T. ) ;
#1366 = DIRECTION ( 'NONE',  ( 0.000000000000000000, -0.000000000000000000, 1.000000000000000000 ) ) ;
#1367 = LINE ( 'NONE', #1129, #743 ) ;
#1368 = CARTESIAN_POINT ( 'NONE',  ( -2.250000000000000888, 12.00000000000000000, 10.00000000000000178 ) ) ;
#1369 = ORIENTED_EDGE ( 'NONE', *, *, #1084, .F. ) ;
#1370 = DIRECTION ( 'NONE',  ( 0.000000000000000000, 0.000000000000000000, 1.000000000000000000 ) ) ;
#1371 = EDGE_LOOP ( 'NONE', ( #277, #517 ) ) ;
#1372 = DATE_AND_TIME ( #1111, #929 ) ;
#1373 = DIRECTION ( 'NONE',  ( 0.000000000000000000, 0.000000000000000000, 1.000000000000000000 ) ) ;
#1374 = CARTESIAN_POINT ( 'NONE',  ( -1.499999999999996669, -1.677050983124845240, 2.000000000000000000 ) ) ;
#1375 = AXIS2_PLACEMENT_3D ( 'NONE', #1070, #288, #36 ) ;
#1376 = EDGE_CURVE ( 'NONE', #792, #1517, #1004, .T. ) ;
#1377 = CIRCLE ( 'NONE', #1126, 2.149999999999999023 ) ;
#1378 = CARTESIAN_POINT ( 'NONE',  ( 1.500000000000002220, 3.581118318204302486, 5.700000000000000178 ) ) ;
#1379 = ORIENTED_EDGE ( 'NONE', *, *, #757, .T. ) ;
#1380 = DIRECTION ( 'NONE',  ( -0.000000000000000000, -0.000000000000000000, -1.000000000000000000 ) ) ;
#1381 = PLANE ( 'NONE',  #1418 ) ;
#1382 = DATE_AND_TIME ( #1117, #587 ) ;
#1383 = ADVANCED_FACE ( 'NONE', ( #302 ), #815, .F. ) ;
#1384 = EDGE_CURVE ( 'NONE', #1034, #315, #1502, .T. ) ;
#1385 = CARTESIAN_POINT ( 'NONE',  ( 1.500000000000002220, 3.581118318204302486, 3.550000000000000711 ) ) ;
#1386 = VECTOR ( 'NONE', #173, 1000.000000000000000 ) ;
#1387 = DIRECTION ( 'NONE',  ( -0.000000000000000000, -0.000000000000000000, 1.000000000000000000 ) ) ;
#1388 = DIRECTION ( 'NONE',  ( 1.000000000000000000, 0.000000000000000000, 0.000000000000000000 ) ) ;
#1389 = VERTEX_POINT ( 'NONE', #1521 ) ;
#1390 = CARTESIAN_POINT ( 'NONE',  ( -10.49999999999999467, -6.500000000000005329, 3.000000000000000888 ) ) ;
#1391 = ORIENTED_EDGE ( 'NONE', *, *, #103, .F. ) ;
#1392 = CARTESIAN_POINT ( 'NONE',  ( -1.499999999999998668, 14.49999999999999467, 5.500000000000000000 ) ) ;
#1393 = LINE ( 'NONE', #1139, #417 ) ;
#1394 = FACE_OUTER_BOUND ( 'NONE', #1268, .T. ) ;
#1395 = ORIENTED_EDGE ( 'NONE', *, *, #79, .T. ) ;
#1396 = CARTESIAN_POINT ( 'NONE',  ( 4.999999999999999112, 7.000000000000000888, 2.000000000000000000 ) ) ;
#1397 = DIRECTION ( 'NONE',  ( 0.000000000000000000, 0.000000000000000000, -1.000000000000000000 ) ) ;
#1398 = EDGE_CURVE ( 'NONE', #782, #776, #984, .T. ) ;
#1399 = DIRECTION ( 'NONE',  ( 3.025680481354897402E-16, -1.000000000000000000, 0.000000000000000000 ) ) ;
#1400 = CARTESIAN_POINT ( 'NONE',  ( -10.49999999999999645, 0.7499999999999952260, 3.000000000000000444 ) ) ;
#1401 = ORGANIZATION ( 'æœª', 'æœª', '' ) ;
#1402 = FACE_BOUND ( 'NONE', #1163, .T. ) ;
#1403 = CIRCLE ( 'NONE', #1309, 2.149999999999999023 ) ;
#1404 = ORIENTED_EDGE ( 'NONE', *, *, #1592, .F. ) ;
#1405 = CYLINDRICAL_SURFACE ( 'NONE', #1571, 2.149999999999999467 ) ;
#1406 = VERTEX_POINT ( 'NONE', #1512 ) ;
#1407 = EDGE_CURVE ( 'NONE', #1558, #1185, #995, .T. ) ;
#1408 = ORIENTED_EDGE ( 'NONE', *, *, #245, .T. ) ;
#1409 = LINE ( 'NONE', #482, #1222 ) ;
#1410 = CARTESIAN_POINT ( 'NONE',  ( -1.499999999999999334, 8.149999999999996803, 3.875000000000000888 ) ) ;
#1411 = VECTOR ( 'NONE', #1594, 1000.000000000000000 ) ;
#1412 = CARTESIAN_POINT ( 'NONE',  ( -10.49999999999999467, -6.500000000000005329, 3.000000000000000888 ) ) ;
#1413 = ORIENTED_EDGE ( 'NONE', *, *, #1362, .T. ) ;
#1414 = DIRECTION ( 'NONE',  ( 0.000000000000000000, -0.000000000000000000, -1.000000000000000000 ) ) ;
#1415 = ORIENTED_EDGE ( 'NONE', *, *, #1533, .F. ) ;
#1416 = ORIENTED_EDGE ( 'NONE', *, *, #763, .F. ) ;
#1417 = CARTESIAN_POINT ( 'NONE',  ( 0.000000000000000000, 0.000000000000000000, 3.000000000000000000 ) ) ;
#1418 = AXIS2_PLACEMENT_3D ( 'NONE', #55, #575, #449 ) ;
#1419 = ORIENTED_EDGE ( 'NONE', *, *, #922, .T. ) ;
#1420 = DIRECTION ( 'NONE',  ( 1.020425574104004246E-16, -1.000000000000000000, 0.000000000000000000 ) ) ;
#1421 = ORIENTED_EDGE ( 'NONE', *, *, #1425, .T. ) ;
#1422 = DIRECTION ( 'NONE',  ( 0.000000000000000000, 0.000000000000000000, -1.000000000000000000 ) ) ;
#1423 = CARTESIAN_POINT ( 'NONE',  ( -1.499999999999998668, 14.49999999999999467, 0.000000000000000000 ) ) ;
#1424 = ORIENTED_EDGE ( 'NONE', *, *, #580, .F. ) ;
#1425 = EDGE_CURVE ( 'NONE', #1142, #197, #57, .T. ) ;
#1426 = DIRECTION ( 'NONE',  ( -0.000000000000000000, -0.8660254037844379305, -0.5000000000000014433 ) ) ;
#1427 = CIRCLE ( 'NONE', #1652, 2.250000000000000444 ) ;
#1428 = VECTOR ( 'NONE', #833, 1000.000000000000114 ) ;
#1429 = CARTESIAN_POINT ( 'NONE',  ( 5.999999999999994671, -2.500000000000003553, 10.00000000000000178 ) ) ;
#1430 = EDGE_CURVE ( 'NONE', #1034, #674, #588, .T. ) ;
#1431 = ORIENTED_EDGE ( 'NONE', *, *, #732, .F. ) ;
#1432 = DIRECTION ( 'NONE',  ( 0.000000000000000000, -1.000000000000000000, 0.000000000000000000 ) ) ;
#1433 = DIRECTION ( 'NONE',  ( 0.000000000000000000, -7.885106708985485336E-17, 1.000000000000000000 ) ) ;
#1434 = ORIENTED_EDGE ( 'NONE', *, *, #1042, .T. ) ;
#1435 = EDGE_CURVE ( 'NONE', #1307, #1547, #452, .T. ) ;
#1436 = EDGE_LOOP ( 'NONE', ( #371, #775, #816, #1187, #838, #916, #628, #655 ) ) ;
#1437 = AXIS2_PLACEMENT_3D ( 'NONE', #1457, #669, #1191 ) ;
#1438 = CARTESIAN_POINT ( 'NONE',  ( -10.49999999999999645, 1.499999999999995115, 2.000000000000000000 ) ) ;
#1439 = EDGE_CURVE ( 'NONE', #236, #1683, #1409, .T. ) ;
#1440 = ORIENTED_EDGE ( 'NONE', *, *, #1439, .F. ) ;
#1441 = CYLINDRICAL_SURFACE ( 'NONE', #827, 1.100000000000000089 ) ;
#1442 = VECTOR ( 'NONE', #1081, 1000.000000000000000 ) ;
#1443 = ORIENTED_EDGE ( 'NONE', *, *, #75, .T. ) ;
#1444 = CARTESIAN_POINT ( 'NONE',  ( 5.999999999999998224, -5.500000000000001776, 0.000000000000000000 ) ) ;
#1445 = CARTESIAN_POINT ( 'NONE',  ( -10.49999999999999467, -6.500000000000005329, 1.732050807568875195 ) ) ;
#1446 = ORIENTED_EDGE ( 'NONE', *, *, #950, .T. ) ;
#1447 = ORIENTED_EDGE ( 'NONE', *, *, #723, .F. ) ;
#1448 = AXIS2_PLACEMENT_3D ( 'NONE', #1462, #1356, #1216 ) ;
#1449 = LINE ( 'NONE', #1310, #1327 ) ;
#1450 = DIRECTION ( 'NONE',  ( -0.000000000000000000, -0.000000000000000000, -1.000000000000000000 ) ) ;
#1451 = CARTESIAN_POINT ( 'NONE',  ( -5.500000000000000000, 9.000000000000019540, 8.999999999999989342 ) ) ;
#1452 = CARTESIAN_POINT ( 'NONE',  ( 3.999999999999999112, 7.000000000000000888, 2.000000000000000000 ) ) ;
#1453 = EDGE_LOOP ( 'NONE', ( #942, #1447, #1280, #1287 ) ) ;
#1454 = CARTESIAN_POINT ( 'NONE',  ( 4.999999999999999112, 6.000000000000000888, 3.000000000000000000 ) ) ;
#1455 = VERTEX_POINT ( 'NONE', #1125 ) ;
#1456 = DIRECTION ( 'NONE',  ( -1.000000000000000000, -1.020425574104004246E-16, -8.046164540387850878E-33 ) ) ;
#1457 = CARTESIAN_POINT ( 'NONE',  ( 0.000000000000000000, 0.000000000000000000, 10.00000000000000178 ) ) ;
#1458 = CARTESIAN_POINT ( 'NONE',  ( -2.239218613713275907, 11.78000000000000291, 6.219999999999997975 ) ) ;
#1459 = DIRECTION ( 'NONE',  ( 0.000000000000000000, 0.000000000000000000, -1.000000000000000000 ) ) ;
#1460 = ADVANCED_FACE ( 'NONE', ( #861, #1013 ), #1539, .T. ) ;
#1461 = ORIENTED_EDGE ( 'NONE', *, *, #896, .T. ) ;
#1462 = CARTESIAN_POINT ( 'NONE',  ( 0.000000000000000000, 0.000000000000000000, 2.000000000000000000 ) ) ;
#1463 = VERTEX_POINT ( 'NONE', #465 ) ;
#1464 = VECTOR ( 'NONE', #778, 1000.000000000000000 ) ;
#1465 = AXIS2_PLACEMENT_3D ( 'NONE', #1242, #717, #1468 ) ;
#1466 = CARTESIAN_POINT ( 'NONE',  ( -10.49999999999999467, -6.500000000000005329, 5.999999999999996447 ) ) ;
#1467 = CARTESIAN_POINT ( 'NONE',  ( 5.999999999999995559, 14.49999999999999645, 10.00000000000000178 ) ) ;
#1468 = DIRECTION ( 'NONE',  ( 1.000000000000000000, 0.000000000000000000, 0.000000000000000000 ) ) ;
#1469 = VERTEX_POINT ( 'NONE', #736 ) ;
#1470 = VECTOR ( 'NONE', #1108, 1000.000000000000000 ) ;
#1471 = CYLINDRICAL_SURFACE ( 'NONE', #692, 2.250000000000000000 ) ;
#1472 = ORIENTED_EDGE ( 'NONE', *, *, #810, .F. ) ;
#1473 = PERSON_AND_ORGANIZATION ( #659, #1401 ) ;
#1474 = PRODUCT_DEFINITION ( 'æœ', '', #294, #85 ) ;
#1475 = EDGE_CURVE ( 'NONE', #786, #407, #340, .T. ) ;
#1476 = DIRECTION ( 'NONE',  ( 0.000000000000000000, 0.000000000000000000, -1.000000000000000000 ) ) ;
#1477 = LINE ( 'NONE', #1368, #1386 ) ;
#1478 = LINE ( 'NONE', #536, #555 ) ;
#1479 = ORIENTED_EDGE ( 'NONE', *, *, #1425, .F. ) ;
#1480 = MECHANICAL_CONTEXT ( 'NONE', #474, 'mechanical' ) ;
#1481 = LINE ( 'NONE', #162, #28 ) ;
#1482 = DIRECTION ( 'NONE',  ( -0.000000000000000000, -0.000000000000000000, 1.000000000000000000 ) ) ;
#1483 = AXIS2_PLACEMENT_3D ( 'NONE', #619, #1682, #1388 ) ;
#1484 = ADVANCED_FACE ( 'NONE', ( #877 ), #1006, .F. ) ;
#1485 = CARTESIAN_POINT ( 'NONE',  ( -2.250000000000000888, 12.00000000000000000, 5.999999999999999112 ) ) ;
#1486 = VERTEX_POINT ( 'NONE', #576 ) ;
#1487 = ADVANCED_FACE ( 'NONE', ( #94 ), #354, .T. ) ;
#1488 = LOCAL_TIME ( 17, 27, 25.00000000000000000, #829 ) ;
#1489 = CIRCLE ( 'NONE', #138, 2.149999999999999023 ) ;
#1490 = AXIS2_PLACEMENT_3D ( 'NONE', #806, #395, #409 ) ;
#1491 = CARTESIAN_POINT ( 'NONE',  ( 5.750000000000000000, 0.000000000000000000, 3.000000000000000000 ) ) ;
#1492 = CARTESIAN_POINT ( 'NONE',  ( -5.499999999999997335, -1.403085164393005425E-15, 0.000000000000000000 ) ) ;
#1493 = VERTEX_POINT ( 'NONE', #617 ) ;
#1494 = DIRECTION ( 'NONE',  ( -1.000000000000000000, -2.551063935260010984E-16, -0.000000000000000000 ) ) ;
#1495 = VECTOR ( 'NONE', #1513, 1000.000000000000000 ) ;
#1496 = FACE_OUTER_BOUND ( 'NONE', #1292, .T. ) ;
#1497 = FACE_OUTER_BOUND ( 'NONE', #1357, .T. ) ;
#1498 = ORIENTED_EDGE ( 'NONE', *, *, #410, .F. ) ;
#1499 = DIRECTION ( 'NONE',  ( -0.000000000000000000, -0.000000000000000000, -1.000000000000000000 ) ) ;
#1500 = ORIENTED_EDGE ( 'NONE', *, *, #814, .T. ) ;
#1501 = SECURITY_CLASSIFICATION_LEVEL ( 'unclassified' ) ;
#1502 = LINE ( 'NONE', #851, #1005 ) ;
#1503 = CARTESIAN_POINT ( 'NONE',  ( 3.999999999999999112, 7.000000000000000888, 3.000000000000000000 ) ) ;
#1504 = DIRECTION ( 'NONE',  ( -1.000000000000000000, -2.551063935260010984E-16, -0.000000000000000000 ) ) ;
#1505 = EDGE_CURVE ( 'NONE', #1493, #1546, #1646, .T. ) ;
#1506 = ORIENTED_EDGE ( 'NONE', *, *, #29, .F. ) ;
#1507 = DIRECTION ( 'NONE',  ( 0.000000000000000000, -1.000000000000000000, 0.000000000000000000 ) ) ;
#1508 = DIRECTION ( 'NONE',  ( 0.000000000000000000, 0.000000000000000000, 1.000000000000000000 ) ) ;
#1509 = EDGE_CURVE ( 'NONE', #1469, #1294, #136, .T. ) ;
#1510 = PERSON_AND_ORGANIZATION_ROLE ( 'classification_officer' ) ;
#1511 = EDGE_CURVE ( 'NONE', #197, #1034, #1154, .T. ) ;
#1512 = CARTESIAN_POINT ( 'NONE',  ( -6.899999999999999467, 0.000000000000000000, 2.000000000000000000 ) ) ;
#1513 = DIRECTION ( 'NONE',  ( 1.020425574104004246E-16, -1.000000000000000000, 0.000000000000000000 ) ) ;
#1514 = VECTOR ( 'NONE', #1459, 1000.000000000000000 ) ;
#1515 = VECTOR ( 'NONE', #1476, 1000.000000000000000 ) ;
#1516 = CARTESIAN_POINT ( 'NONE',  ( -5.499999999999998224, -4.500000000000004441, 10.00000000000000355 ) ) ;
#1517 = VERTEX_POINT ( 'NONE', #66 ) ;
#1518 = LINE ( 'NONE', #1684, #19 ) ;
#1519 = ORIENTED_EDGE ( 'NONE', *, *, #1698, .F. ) ;
#1520 = APPROVAL_STATUS ( 'not_yet_approved' ) ;
#1521 = CARTESIAN_POINT ( 'NONE',  ( 1.099999999999999201, 12.00000000000000000, 0.000000000000000000 ) ) ;
#1522 = VECTOR ( 'NONE', #949, 1000.000000000000000 ) ;
#1523 = LINE ( 'NONE', #216, #192 ) ;
#1524 = APPROVAL ( #1520, 'æœª' ) ;
#1525 = ADVANCED_FACE ( 'NONE', ( #1261 ), #977, .T. ) ;
#1526 = VECTOR ( 'NONE', #415, 1000.000000000000000 ) ;
#1527 = CARTESIAN_POINT ( 'NONE',  ( 0.000000000000000000, 0.000000000000000000, 0.000000000000000000 ) ) ;
#1528 = ORIENTED_EDGE ( 'NONE', *, *, #1054, .F. ) ;
#1529 = CARTESIAN_POINT ( 'NONE',  ( -1.499999999999998668, 5.999999999999997335, 3.875000000000000444 ) ) ;
#1530 = EDGE_LOOP ( 'NONE', ( #480, #953, #414, #447 ) ) ;
#1531 = DIRECTION ( 'NONE',  ( 0.000000000000000000, 0.000000000000000000, -1.000000000000000000 ) ) ;
#1532 = DIRECTION ( 'NONE',  ( 1.000000000000000000, 0.000000000000000000, 0.000000000000000000 ) ) ;
#1533 = EDGE_CURVE ( 'NONE', #1185, #69, #658, .T. ) ;
#1534 = CARTESIAN_POINT ( 'NONE',  ( -10.49999999999999467, -6.500000000000005329, 1.732050807568875195 ) ) ;
#1535 = EDGE_LOOP ( 'NONE', ( #260, #1391, #401, #1000 ) ) ;
#1536 = CARTESIAN_POINT ( 'NONE',  ( -1.499999999999998668, 5.999999999999997335, 3.875000000000000444 ) ) ;
#1537 = ORIENTED_EDGE ( 'NONE', *, *, #455, .F. ) ;
#1538 = ORIENTED_EDGE ( 'NONE', *, *, #206, .T. ) ;
#1539 = PLANE ( 'NONE',  #907 ) ;
#1540 = LINE ( 'NONE', #225, #768 ) ;
#1541 = EDGE_CURVE ( 'NONE', #1012, #197, #102, .T. ) ;
#1542 = VECTOR ( 'NONE', #124, 1000.000000000000000 ) ;
#1543 = CYLINDRICAL_SURFACE ( 'NONE', #1483, 2.250000000000000444 ) ;
#1544 = ORIENTED_EDGE ( 'NONE', *, *, #992, .T. ) ;
#1545 = CARTESIAN_POINT ( 'NONE',  ( -2.246403330472015902, 11.85312796136557978, 6.146872038634419333 ) ) ;
#1546 = VERTEX_POINT ( 'NONE', #1319 ) ;
#1547 = VERTEX_POINT ( 'NONE', #1555 ) ;
#1548 = DIRECTION ( 'NONE',  ( -0.000000000000000000, -0.000000000000000000, 1.000000000000000000 ) ) ;
#1549 = ORIENTED_EDGE ( 'NONE', *, *, #1439, .T. ) ;
#1550 = PLANE ( 'NONE',  #240 ) ;
#1551 = EDGE_LOOP ( 'NONE', ( #1577, #1581, #390, #121 ) ) ;
#1552 = DIRECTION ( 'NONE',  ( 1.000000000000000000, 0.000000000000000000, 0.000000000000000000 ) ) ;
#1553 = CARTESIAN_POINT ( 'NONE',  ( 1.500000000000002220, -6.500000000000004441, 5.700000000000000178 ) ) ;
#1554 = ORIENTED_EDGE ( 'NONE', *, *, #869, .T. ) ;
#1555 = CARTESIAN_POINT ( 'NONE',  ( 5.999999999999995559, 1.030776406404407819, 3.000000000000000000 ) ) ;
#1556 = EDGE_CURVE ( 'NONE', #510, #676, #520, .T. ) ;
#1557 = EDGE_CURVE ( 'NONE', #1626, #1558, #1131, .T. ) ;
#1558 = VERTEX_POINT ( 'NONE', #369 ) ;
#1559 = EDGE_CURVE ( 'NONE', #647, #1037, #362, .T. ) ;
#1560 = DIRECTION ( 'NONE',  ( -1.000000000000000000, 0.000000000000000000, 0.000000000000000000 ) ) ;
#1561 = ORIENTED_EDGE ( 'NONE', *, *, #579, .T. ) ;
#1562 = CARTESIAN_POINT ( 'NONE',  ( -2.239218613713275907, 11.78000000000000291, 6.219999999999997975 ) ) ;
#1563 = DIRECTION ( 'NONE',  ( -5.776880421205326690E-17, 0.7071067811865489050, 0.7071067811865462405 ) ) ;
#1564 = EDGE_CURVE ( 'NONE', #1469, #246, #143, .T. ) ;
#1565 = VERTEX_POINT ( 'NONE', #897 ) ;
#1566 = EDGE_CURVE ( 'NONE', #770, #615, #637, .T. ) ;
#1567 = VERTEX_POINT ( 'NONE', #657 ) ;
#1568 = ADVANCED_FACE ( 'NONE', ( #1189 ), #919, .T. ) ;
#1569 = CARTESIAN_POINT ( 'NONE',  ( -1.499999999999996891, -1.530638361156003534E-16, 3.000000000000000000 ) ) ;
#1570 = AXIS2_PLACEMENT_3D ( 'NONE', #602, #863, #879 ) ;
#1571 = AXIS2_PLACEMENT_3D ( 'NONE', #247, #98, #1167 ) ;
#1572 = ORIENTED_EDGE ( 'NONE', *, *, #1120, .T. ) ;
#1573 = DIRECTION ( 'NONE',  ( 0.000000000000000000, 1.000000000000000000, 0.000000000000000000 ) ) ;
#1574 = ORIENTED_EDGE ( 'NONE', *, *, #723, .T. ) ;
#1575 = DIRECTION ( 'NONE',  ( -1.000000000000000000, -2.551063935260010984E-16, 0.000000000000000000 ) ) ;
#1576 = DIRECTION ( 'NONE',  ( 0.000000000000000000, 0.000000000000000000, 1.000000000000000000 ) ) ;
#1577 = ORIENTED_EDGE ( 'NONE', *, *, #331, .F. ) ;
#1578 = AXIS2_PLACEMENT_3D ( 'NONE', #1304, #118, #614 ) ;
#1579 = ORIENTED_EDGE ( 'NONE', *, *, #163, .F. ) ;
#1580 = CARTESIAN_POINT ( 'NONE',  ( -8.000000000000000000, 0.000000000000000000, 3.000000000000000888 ) ) ;
#1581 = ORIENTED_EDGE ( 'NONE', *, *, #1253, .F. ) ;
#1582 = DIRECTION ( 'NONE',  ( 0.000000000000000000, -1.000000000000000000, 0.000000000000000000 ) ) ;
#1583 = AXIS2_PLACEMENT_3D ( 'NONE', #1553, #388, #238 ) ;
#1584 = LINE ( 'NONE', #1451, #78 ) ;
#1585 = CARTESIAN_POINT ( 'NONE',  ( -1.984582974101607000, 1.243626794792757950, 9.009039966084271711 ) ) ;
#1586 = ORIENTED_EDGE ( 'NONE', *, *, #160, .F. ) ;
#1587 = EDGE_LOOP ( 'NONE', ( #656, #10, #1074, #573 ) ) ;
#1588 = VECTOR ( 'NONE', #284, 1000.000000000000000 ) ;
#1589 = DIRECTION ( 'NONE',  ( 1.000000000000000000, -1.776356839400250859E-15, 0.000000000000000000 ) ) ;
#1590 =( BOUNDED_CURVE ( )  B_SPLINE_CURVE ( 3, ( #411, #396, #1057, #1458 ),
 .UNSPECIFIED., .F., .F. ) 
 B_SPLINE_CURVE_WITH_KNOTS ( ( 4, 4 ),
 ( 3.871320309816757899, 4.614454727838335657 ),
 .UNSPECIFIED. ) 
 CURVE ( )  GEOMETRIC_REPRESENTATION_ITEM ( )  RATIONAL_B_SPLINE_CURVE ( ( 1.000000000000000000, 0.9545063159397999542, 0.9545063159397999542, 1.000000000000000000 ) ) 
 REPRESENTATION_ITEM ( '' )  );
#1591 = CARTESIAN_POINT ( 'NONE',  ( -6.126758614185701113, 1.280652461526658348, 2.292463384631116874 ) ) ;
#1592 = EDGE_CURVE ( 'NONE', #585, #613, #113, .T. ) ;
#1593 = LINE ( 'NONE', #1183, #964 ) ;
#1594 = DIRECTION ( 'NONE',  ( 2.478176394252582620E-16, -1.000000000000000000, 0.000000000000000000 ) ) ;
#1595 = EDGE_LOOP ( 'NONE', ( #857, #115 ) ) ;
#1596 = DIRECTION ( 'NONE',  ( 1.000000000000000000, 0.000000000000000000, 0.000000000000000000 ) ) ;
#1597 = ORIENTED_EDGE ( 'NONE', *, *, #263, .T. ) ;
#1598 = DIRECTION ( 'NONE',  ( 0.7071067811865487940, 0.000000000000000000, 0.7071067811865463515 ) ) ;
#1599 = LOCAL_TIME ( 17, 27, 25.00000000000000000, #1634 ) ;
#1600 = FACE_BOUND ( 'NONE', #807, .T. ) ;
#1601 = DIRECTION ( 'NONE',  ( -1.734723475976804629E-16, -1.000000000000000000, 0.000000000000000000 ) ) ;
#1602 = LINE ( 'NONE', #412, #939 ) ;
#1603 = ORIENTED_EDGE ( 'NONE', *, *, #1556, .F. ) ;
#1604 = LINE ( 'NONE', #943, #120 ) ;
#1605 = ORIENTED_EDGE ( 'NONE', *, *, #370, .T. ) ;
#1606 = AXIS2_PLACEMENT_3D ( 'NONE', #17, #545, #945 ) ;
#1607 =( LENGTH_UNIT ( ) NAMED_UNIT ( * ) SI_UNIT ( .MILLI., .METRE. ) );
#1608 = AXIS2_PLACEMENT_3D ( 'NONE', #801, #941, #147 ) ;
#1609 = CARTESIAN_POINT ( 'NONE',  ( 5.750000000000000000, -2.500000000000003553, -5.079901129253149961 ) ) ;
#1610 = ADVANCED_FACE ( 'NONE', ( #1052 ), #380, .T. ) ;
#1611 = ORIENTED_EDGE ( 'NONE', *, *, #869, .F. ) ;
#1612 = AXIS2_PLACEMENT_3D ( 'NONE', #314, #1345, #185 ) ;
#1613 = CARTESIAN_POINT ( 'NONE',  ( -5.750000000000000000, 0.000000000000000000, 2.000000000000000000 ) ) ;
#1614 = DIRECTION ( 'NONE',  ( -0.000000000000000000, 1.000000000000000000, 0.000000000000000000 ) ) ;
#1615 = ORIENTED_EDGE ( 'NONE', *, *, #1619, .T. ) ;
#1616 = AXIS2_PLACEMENT_3D ( 'NONE', #1147, #867, #1273 ) ;
#1617 = ADVANCED_FACE ( 'NONE', ( #788 ), #2, .F. ) ;
#1618 = FACE_OUTER_BOUND ( 'NONE', #749, .T. ) ;
#1619 = EDGE_CURVE ( 'NONE', #1059, #595, #1449, .T. ) ;
#1620 = CARTESIAN_POINT ( 'NONE',  ( -1.984582974101608333, 13.24362679479275684, 4.756373205207236055 ) ) ;
#1621 = ORIENTED_EDGE ( 'NONE', *, *, #1105, .F. ) ;
#1622 = APPROVAL_DATE_TIME ( #1097, #438 ) ;
#1623 = DIRECTION ( 'NONE',  ( 1.000000000000000000, 0.000000000000000000, 0.000000000000000000 ) ) ;
#1624 = CARTESIAN_POINT ( 'NONE',  ( -5.500000000000000888, 11.78000000000000291, 6.219999999999997975 ) ) ;
#1625 = CARTESIAN_POINT ( 'NONE',  ( -10.12132034355964549, 0.7499999999999928946, 3.000000000000001776 ) ) ;
#1626 = VERTEX_POINT ( 'NONE', #1328 ) ;
#1627 = FACE_OUTER_BOUND ( 'NONE', #1155, .T. ) ;
#1628 = VECTOR ( 'NONE', #1162, 1000.000000000000000 ) ;
#1629 = AXIS2_PLACEMENT_3D ( 'NONE', #621, #1432, #1414 ) ;
#1630 = LINE ( 'NONE', #179, #279 ) ;
#1631 = DIRECTION ( 'NONE',  ( -0.000000000000000000, -1.000000000000000000, -0.000000000000000000 ) ) ;
#1632 = LINE ( 'NONE', #703, #760 ) ;
#1633 = ORIENTED_EDGE ( 'NONE', *, *, #325, .F. ) ;
#1634 = COORDINATED_UNIVERSAL_TIME_OFFSET ( 8, 0, .AHEAD. ) ;
#1635 = VECTOR ( 'NONE', #1433, 1000.000000000000000 ) ;
#1636 = DIRECTION ( 'NONE',  ( -0.000000000000000000, -0.000000000000000000, 1.000000000000000000 ) ) ;
#1637 = EDGE_CURVE ( 'NONE', #647, #874, #276, .T. ) ;
#1638 = ADVANCED_FACE ( 'NONE', ( #262 ), #1171, .F. ) ;
#1639 = LINE ( 'NONE', #1624, #1689 ) ;
#1640 = VECTOR ( 'NONE', #1636, 1000.000000000000000 ) ;
#1641 = ORIENTED_EDGE ( 'NONE', *, *, #1025, .T. ) ;
#1642 = DIRECTION ( 'NONE',  ( -1.000000000000000000, -2.551063935260010984E-16, -0.000000000000000000 ) ) ;
#1643 = ORIENTED_EDGE ( 'NONE', *, *, #1564, .F. ) ;
#1644 =( BOUNDED_CURVE ( )  B_SPLINE_CURVE ( 3, ( #1697, #1058, #1585, #397 ),
 .UNSPECIFIED., .F., .T. ) 
 B_SPLINE_CURVE_WITH_KNOTS ( ( 4, 4 ),
 ( 4.712388980384689674, 5.553457650952621449 ),
 .UNSPECIFIED. ) 
 CURVE ( )  GEOMETRIC_REPRESENTATION_ITEM ( )  RATIONAL_B_SPLINE_CURVE ( ( 1.000000000000000000, 0.9419139527835176384, 0.9419139527835176384, 1.000000000000000000 ) ) 
 REPRESENTATION_ITEM ( '' )  );
#1645 = APPROVAL_STATUS ( 'not_yet_approved' ) ;
#1646 = LINE ( 'NONE', #1385, #48 ) ;
#1647 = CARTESIAN_POINT ( 'NONE',  ( -5.500000000000000000, 11.78000000000000469, 6.219999999999997975 ) ) ;
#1648 = FACE_OUTER_BOUND ( 'NONE', #493, .T. ) ;
#1649 = ORIENTED_EDGE ( 'NONE', *, *, #538, .F. ) ;
#1650 = DIRECTION ( 'NONE',  ( -2.168404344971008868E-16, 1.000000000000000000, 0.000000000000000000 ) ) ;
#1651 = ORIENTED_EDGE ( 'NONE', *, *, #1308, .T. ) ;
#1652 = AXIS2_PLACEMENT_3D ( 'NONE', #756, #1121, #988 ) ;
#1653 = AXIS2_PLACEMENT_3D ( 'NONE', #462, #470, #574 ) ;
#1654 = DIRECTION ( 'NONE',  ( -0.000000000000000000, -0.000000000000000000, 1.000000000000000000 ) ) ;
#1655 = EDGE_CURVE ( 'NONE', #1332, #1134, #596, .T. ) ;
#1656 = LINE ( 'NONE', #201, #799 ) ;
#1657 = VECTOR ( 'NONE', #1573, 1000.000000000000000 ) ;
#1658 = FACE_OUTER_BOUND ( 'NONE', #898, .T. ) ;
#1659 = ORIENTED_EDGE ( 'NONE', *, *, #1344, .F. ) ;
#1660 = CARTESIAN_POINT ( 'NONE',  ( 1.099999999999999201, 12.00000000000000000, 2.000000000000000000 ) ) ;
#1661 = CARTESIAN_POINT ( 'NONE',  ( 0.000000000000000000, 0.000000000000000000, 10.00000000000000178 ) ) ;
#1662 = EDGE_CURVE ( 'NONE', #1683, #1626, #1700, .T. ) ;
#1663 = CARTESIAN_POINT ( 'NONE',  ( -1.499999999999996891, -1.530638361156003534E-16, 3.000000000000000000 ) ) ;
#1664 = DIRECTION ( 'NONE',  ( 3.025680481354897402E-16, -1.000000000000000000, 0.000000000000000000 ) ) ;
#1665 = AXIS2_PLACEMENT_3D ( 'NONE', #421, #673, #155 ) ;
#1666 = DIRECTION ( 'NONE',  ( -0.000000000000000000, -0.000000000000000000, -1.000000000000000000 ) ) ;
#1667 = ORIENTED_EDGE ( 'NONE', *, *, #1384, .T. ) ;
#1668 = LINE ( 'NONE', #12, #434 ) ;
#1669 = ORIENTED_EDGE ( 'NONE', *, *, #1120, .F. ) ;
#1670 = VERTEX_POINT ( 'NONE', #753 ) ;
#1671 = ADVANCED_FACE ( 'NONE', ( #170 ), #1090, .F. ) ;
#1672 = DIRECTION ( 'NONE',  ( -1.000000000000000000, -2.478176394252582620E-16, 0.000000000000000000 ) ) ;
#1673 = FACE_OUTER_BOUND ( 'NONE', #1535, .T. ) ;
#1674 = FACE_OUTER_BOUND ( 'NONE', #623, .T. ) ;
#1675 = ORIENTED_EDGE ( 'NONE', *, *, #1208, .F. ) ;
#1676 = CARTESIAN_POINT ( 'NONE',  ( 1.100000000000000089, 1.347111479062088503E-16, 2.000000000000000000 ) ) ;
#1677 = ORIENTED_EDGE ( 'NONE', *, *, #152, .T. ) ;
#1678 = ORIENTED_EDGE ( 'NONE', *, *, #1475, .T. ) ;
#1679 = CARTESIAN_POINT ( 'NONE',  ( -5.500000000000000888, 14.49999999999999467, 0.000000000000000000 ) ) ;
#1680 = ORIENTED_EDGE ( 'NONE', *, *, #410, .T. ) ;
#1681 = AXIS2_PLACEMENT_3D ( 'NONE', #708, #473, #1399 ) ;
#1682 = DIRECTION ( 'NONE',  ( -0.000000000000000000, -0.000000000000000000, 1.000000000000000000 ) ) ;
#1683 = VERTEX_POINT ( 'NONE', #435 ) ;
#1684 = CARTESIAN_POINT ( 'NONE',  ( 3.999999999999999112, 7.000000000000000888, 2.000000000000000000 ) ) ;
#1685 = DIRECTION ( 'NONE',  ( -1.000000000000000000, 0.000000000000000000, 0.000000000000000000 ) ) ;
#1686 = CIRCLE ( 'NONE', #1608, 2.250000000000000444 ) ;
#1687 = ORIENTED_EDGE ( 'NONE', *, *, #767, .T. ) ;
#1688 = DIRECTION ( 'NONE',  ( -0.000000000000000000, -0.000000000000000000, 1.000000000000000000 ) ) ;
#1689 = VECTOR ( 'NONE', #958, 1000.000000000000000 ) ;
#1690 = ADVANCED_FACE ( 'NONE', ( #408 ), #818, .F. ) ;
#1691 = ORIENTED_EDGE ( 'NONE', *, *, #325, .T. ) ;
#1692 = EDGE_CURVE ( 'NONE', #585, #982, #687, .T. ) ;
#1693 = EDGE_CURVE ( 'NONE', #350, #195, #835, .T. ) ;
#1694 = CARTESIAN_POINT ( 'NONE',  ( -7.748847543319374765E-16, 12.00000000000000000, 3.000000000000000000 ) ) ;
#1695 = ORIENTED_EDGE ( 'NONE', *, *, #1509, .F. ) ;
#1696 = CARTESIAN_POINT ( 'NONE',  ( 5.999999999999998224, -4.829877018922174692, -1.160687050546307164 ) ) ;
#1697 = CARTESIAN_POINT ( 'NONE',  ( -2.250000000000000000, 0.000000000000000000, 9.338235294117648522 ) ) ;
#1698 = EDGE_CURVE ( 'NONE', #678, #1567, #968, .T. ) ;
#1699 = EDGE_LOOP ( 'NONE', ( #550, #1659 ) ) ;
#1700 = LINE ( 'NONE', #1569, #1051 ) ;
#1701 = ORIENTED_EDGE ( 'NONE', *, *, #579, .F. ) ;
#1702 = DIRECTION ( 'NONE',  ( 2.634919418464966938E-16, 1.000000000000000000, -0.000000000000000000 ) ) ;
#1703 = ORIENTED_EDGE ( 'NONE', *, *, #1692, .T. ) ;
#1704 = DIRECTION ( 'NONE',  ( 1.000000000000000000, 0.000000000000000000, 0.000000000000000000 ) ) ;
#1705 = CARTESIAN_POINT ( 'NONE',  ( 2.249999999999999556, -2.500000000000003553, 2.000000000000000000 ) ) ;
#1706 = VERTEX_POINT ( 'NONE', #1358 ) ;
#1707 = ORIENTED_EDGE ( 'NONE', *, *, #739, .F. ) ;
#1708 = CARTESIAN_POINT ( 'NONE',  ( -8.000000000000000000, 0.000000000000000000, 2.000000000000000000 ) ) ;
#1709 = CC_DESIGN_PERSON_AND_ORGANIZATION_ASSIGNMENT ( #1473, #177, ( #140 ) ) ;
#1710 = ADVANCED_FACE ( 'NONE', ( #1627 ), #1337, .T. ) ;
#1711 = AXIS2_PLACEMENT_3D ( 'NONE', #1141, #1666, #1293 ) ;
#1712 = AXIS2_PLACEMENT_3D ( 'NONE', #730, #1507, #604 ) ;
#1713 = ORIENTED_EDGE ( 'NONE', *, *, #455, .T. ) ;
#1714 = CARTESIAN_POINT ( 'NONE',  ( 5.999999999999995559, -6.500000000000004441, 10.00000000000000178 ) ) ;
#1715 = CARTESIAN_POINT ( 'NONE',  ( -1.499999999999997113, 1.677050983124844574, 3.000000000000000000 ) ) ;
#1716 = DIRECTION ( 'NONE',  ( 0.000000000000000000, 0.000000000000000000, 1.000000000000000000 ) ) ;
#1717 = VECTOR ( 'NONE', #1062, 1000.000000000000000 ) ;
#1718 = EDGE_LOOP ( 'NONE', ( #1116, #211, #871, #1419, #1554, #1365, #182 ) ) ;
#1719 = VECTOR ( 'NONE', #931, 1000.000000000000114 ) ;
ENDSEC;
END-ISO-10303-21;
